part,t,D_obs,D_pred,I_pred,u_pred,r_I,r_D,R,is_anomaly
train,0.00020837673218920827,0.0,0.0017017250647768378,0.04996197670698166,0.07353264093399048,-0.17927220463752747,-0.09904051572084427,0.2048110067844391,False
train,0.0006251301965676248,0.0,0.0017148660263046622,0.04993297904729843,0.07384394109249115,-0.17509660124778748,-0.07892546057701111,0.1920626163482666,False
train,0.0010418837191537023,0.0,0.001736304024234414,0.04990633949637413,0.07415416091680527,-0.1660153865814209,-0.05997062474489212,0.1765151172876358,False
train,0.0014586371835321188,0.0,0.0017636839766055346,0.04988692328333855,0.07446122169494629,-0.1394570916891098,-0.05253472924232483,0.1490240842103958,False
train,0.0018753906479105353,0.0,0.0017894516931846738,0.04988331347703934,0.07476332038640976,-0.0919840857386589,-0.06849422305822372,0.11468448489904404,False
train,0.002292144112288952,0.0,0.0018045336473733187,0.04990110546350479,0.0750584527850151,-0.041512854397296906,-0.1002914160490036,0.10854347795248032,False
train,0.0027088976930826902,0.0,0.0018072229577228427,0.04993662238121033,0.0753447636961937,-0.00963062047958374,-0.12456971406936646,0.12494143843650818,False
train,0.0031256512738764286,0.0,0.0018035658868029714,0.04998095706105232,0.0756206065416336,0.0011715218424797058,-0.13100169599056244,0.13100692629814148,False
train,0.0035424046218395233,0.0,0.0018002958968281746,0.050027213990688324,0.07588417083024979,0.0004468262195587158,-0.12385839968919754,0.12385920435190201,False
train,0.003959157969802618,0.0,0.0018026115139946342,0.050072599202394485,0.07613396644592285,-0.0016752853989601135,-0.10329385101795197,0.10330744087696075,False
train,0.004375911783427,0.0,0.0018187743844464421,0.050118617713451385,0.07636862248182297,0.004325591027736664,-0.05359116196632385,0.053765445947647095,False
train,0.004792665131390095,0.0,0.001865751575678587,0.05016940087080002,0.07658673077821732,0.018980219960212708,0.04540017992258072,0.04920797795057297,False
train,0.0052094184793531895,0.0,0.0019566775299608707,0.05022474750876427,0.07678721845149994,0.021445415914058685,0.13377341628074646,0.13548147678375244,False
train,0.0056261722929775715,0.0,0.002053342293947935,0.050274644047021866,0.07696908712387085,-0.009973779320716858,0.058616943657398224,0.059459418058395386,False
train,0.006042925175279379,0.0,0.002096619689837098,0.05030535161495209,0.07713151723146439,-0.06546500325202942,-0.08244290947914124,0.10527345538139343,False
train,0.006459679454565048,0.0,0.002101179677993059,0.050313759595155716,0.07727392017841339,-0.11399781703948975,-0.11550962179899216,0.1622897833585739,False
train,0.006876432336866856,0.0,0.002116166753694415,0.050305191427469254,0.07739575207233429,-0.14772620797157288,-0.037417881190776825,0.15239137411117554,False
train,0.00729318568482995,0.0,0.0021843945141881704,0.05028432980179787,0.07749684900045395,-0.1749165803194046,0.14394216239452362,0.22652848064899445,False
train,0.007709939498454332,0.0,0.0023584794253110886,0.05025181174278259,0.0775771215558052,-0.2050638496875763,0.48686683177948,0.5282901525497437,False
train,0.008126692846417427,0.0,0.0027279199566692114,0.05020609498023987,0.0776367112994194,-0.23645685613155365,1.101683259010315,1.1267732381820679,False
train,0.008543446660041809,0.0,0.0034202043898403645,0.05014937371015549,0.07767590135335922,-0.25622862577438354,2.027050018310547,2.043179988861084,False
train,0.008960200473666191,0.0,0.004524512682110071,0.05008787661790848,0.07769519835710526,-0.25931304693222046,3.014913320541382,3.0260446071624756,False
train,0.009376953355967999,0.0,0.005977627355605364,0.05002739652991295,0.07769531011581421,-0.2532375752925873,3.656283378601074,3.6650426387786865,False
train,0.00979370716959238,0.0,0.007607073523104191,0.049970801919698715,0.07767713069915771,-0.2388152927160263,3.9036991596221924,3.910997152328491,False
train,0.010210460051894188,0.0,0.009305445477366447,0.04992411285638809,0.07764160633087158,-0.20375630259513855,4.042053699493408,4.047185897827148,False
train,0.01062721386551857,0.0,0.011065986938774586,0.04989730566740036,0.0775899887084961,-0.1436420977115631,4.2116851806640625,4.214134216308594,False
train,0.011043967679142952,0.0068330238573253155,0.012892126105725765,0.049899522215127945,0.07752349972724915,-0.06674986332654953,4.347242832183838,4.347754955291748,False
train,0.011460721492767334,0.020112454891204834,0.014737741090357304,0.04993367940187454,0.0774436667561531,0.004195496439933777,4.268491744995117,4.26849365234375,False
train,0.011877474375069141,0.020204907283186913,0.016444802284240723,0.04998892545700073,0.07735197246074677,0.026916027069091797,3.6362059116363525,3.636305570602417,False
train,0.012294228188693523,0.02032257243990898,0.017753100022673607,0.05003826320171356,0.07725009322166443,-0.023618318140506744,2.4216389656066895,2.4217541217803955,False
train,0.012710982002317905,0.020209109410643578,0.018541274592280388,0.05005542188882828,0.07713977992534637,-0.11943961679935455,1.2790800333023071,1.2846444845199585,False
train,0.013127733953297138,0.020225917920470238,0.01897035911679268,0.05003092810511589,0.07702270150184631,-0.21774451434612274,0.7246866822242737,0.7566924691200256,False
train,0.01354448776692152,0.020246930420398712,0.019267382100224495,0.04996839165687561,0.07690072804689407,-0.3017134368419647,0.5798701643943787,0.6536669135093689,False
train,0.013961241580545902,0.020221715793013573,0.019517362117767334,0.049873147159814835,0.07677581161260605,-0.37471890449523926,0.444034218788147,0.5810168981552124,False
train,0.01437799446284771,0.020120859146118164,0.01967737264931202,0.049750734120607376,0.07664965093135834,-0.42773324251174927,0.16067466139793396,0.45691582560539246,False
train,0.014794748276472092,0.02006622962653637,0.019731471315026283,0.04961635544896126,0.07652425020933151,-0.4250759184360504,0.0077769458293914795,0.42514705657958984,False
train,0.015211502090096474,0.0200746338814497,0.01980649307370186,0.049499060958623886,0.07640137523412704,-0.34649887681007385,0.26595109701156616,0.43679681420326233,False
train,0.015628255903720856,0.020263738930225372,0.020022375509142876,0.04942436143755913,0.07628282904624939,-0.2318711280822754,0.5642246603965759,0.6100112199783325,False
train,0.016045009717345238,0.020167086273431778,0.020243600010871887,0.04939110204577446,0.07617036253213882,-0.15840929746627808,0.22653883695602417,0.2764296531677246,False
train,0.01646176353096962,0.020246930420398712,0.020221542567014694,0.04937610775232315,0.07606565952301025,-0.13576418161392212,-0.4413740634918213,0.46178239583969116,False
train,0.016878517344594002,0.020192299038171768,0.020022351294755936,0.04937194660305977,0.07597032189369202,-0.09682392328977585,-0.5383108854293823,0.5469492673873901,False
train,0.017295269295573235,0.020129265263676643,0.019905531778931618,0.0493902750313282,0.07588589191436768,-0.0319647341966629,-0.1260427087545395,0.1300327181816101,False
train,0.017712023109197617,0.020104050636291504,0.019979996606707573,0.04943589121103287,0.07581374049186707,0.02988191694021225,0.30224859714508057,0.3037221431732178,False
train,0.018128776922822,0.020045217126607895,0.020164854824543,0.049503449350595474,0.07575522363185883,0.0720013678073883,0.3566319942474365,0.3638276755809784,False
train,0.01854552887380123,0.020263738930225372,0.020278260111808777,0.0495842844247818,0.0757114514708519,0.0957195907831192,0.0021438375115394592,0.09574359655380249,False
train,0.018962282687425613,0.02008303813636303,0.020232610404491425,0.04967387393116951,0.07568354159593582,0.11599062383174896,-0.3207065761089325,0.34103745222091675,False
train,0.019379036501049995,0.020129265263676643,0.020120933651924133,0.04977159947156906,0.07567238062620163,0.1322328895330429,-0.3122697174549103,0.33911341428756714,False
train,0.019795790314674377,0.019994789734482765,0.020050492137670517,0.049871690571308136,0.0756787359714508,0.12397345900535583,-0.18377426266670227,0.22168084979057312,False
train,0.02021254412829876,0.020120859146118164,0.020009279251098633,0.04996238276362419,0.07570323348045349,0.09062379598617554,-0.18336719274520874,0.2045390009880066,False
train,0.02062929794192314,0.020137669518589973,0.0199635811150074,0.05004044994711876,0.0757463350892067,0.07134035974740982,-0.15050789713859558,0.16655951738357544,False
train,0.021046051755547523,0.02012506127357483,0.019981930032372475,0.05011941120028496,0.07580836117267609,0.09369409084320068,0.1123197004199028,0.14626789093017578,False
train,0.021462805569171906,0.020154478028416634,0.020096177235245705,0.05020885169506073,0.07588943094015121,0.10857491195201874,0.21331599354743958,0.23935793340206146,False
train,0.02187955752015114,0.020225917920470238,0.020164959132671356,0.05029457435011864,0.07598954439163208,0.07800372689962387,-0.062462009489536285,0.09993039816617966,False
train,0.02229631133377552,0.020120859146118164,0.020119085907936096,0.050365231931209564,0.07610845565795898,0.043953657150268555,-0.2687914967536926,0.27236151695251465,False
train,0.022713065147399902,0.020162882283329964,0.02002788707613945,0.05042566731572151,0.07624587416648865,0.028385519981384277,-0.31126299500465393,0.31255462765693665,False
train,0.023129818961024284,0.020087240263819695,0.019915683194994926,0.05048225447535515,0.07640119642019272,0.023460492491722107,-0.39285096526145935,0.393550843000412,False
train,0.023546570912003517,0.02010825276374817,0.01975914090871811,0.0505378358066082,0.07657375931739807,0.022706136107444763,-0.5015971660614014,0.5021108388900757,False
train,0.0239633247256279,0.02009984850883484,0.01958094723522663,0.050593577325344086,0.07676266878843307,0.02323378622531891,-0.4758709967136383,0.47643783688545227,False
train,0.02438007853925228,0.020087240263819695,0.019446909427642822,0.05064864829182625,0.07696690410375595,0.016931995749473572,-0.3142279088497162,0.3146837651729584,False
train,0.024796832352876663,0.020204907283186913,0.019367318600416183,0.050697069615125656,0.07718519866466522,-0.012552261352539062,-0.2717868983745575,0.2720766067504883,False
train,0.025213586166501045,0.020036812871694565,0.01922617293894291,0.05072580650448799,0.07741627842187881,-0.07880735397338867,-0.6443804502487183,0.649181604385376,False
train,0.025630339980125427,0.02013346739113331,0.018833082169294357,0.05072056129574776,0.07765854150056839,-0.17127126455307007,-1.4527891874313354,1.4628500938415527,False
train,0.02604709193110466,0.020200705155730247,0.018063612282276154,0.05067850649356842,0.07791034877300262,-0.24784328043460846,-2.392089366912842,2.4048945903778076,False
train,0.026463845744729042,0.020276347175240517,0.016926171258091927,0.05061442404985428,0.07816990464925766,-0.27602338790893555,-3.2022407054901123,3.2141149044036865,False
train,0.026880599558353424,0.020167086273431778,0.015492877922952175,0.050547271966934204,0.07843528687953949,-0.26669102907180786,-3.8022186756134033,3.8115601539611816,False
train,0.027297353371977806,0.015607533976435661,0.013880403712391853,0.0504879429936409,0.07870441675186157,-0.24255874752998352,-4.043564319610596,4.050832748413086,False
train,0.027714107185602188,0.0,0.012246644124388695,0.0504385344684124,0.07897517830133438,-0.2229020744562149,-3.957347869873047,3.963620662689209,False
train,0.02813086099922657,0.0,0.010645161382853985,0.05039290338754654,0.07924532890319824,-0.22693410515785217,-3.9780490398406982,3.9845166206359863,False
train,0.028547614812850952,0.0,0.008969604969024658,0.050341494381427765,0.07951254397630692,-0.2452453374862671,-4.281886577606201,4.288904190063477,False
train,0.028964368626475334,0.0,0.007201698608696461,0.05028727650642395,0.07977449148893356,-0.23428037762641907,-4.309890270233154,4.316253185272217,False
train,0.029381122440099716,0.0,0.005563755519688129,0.05024713650345802,0.0800287127494812,-0.18153639137744904,-3.673156976699829,3.677640199661255,False
train,0.02979787439107895,0.0,0.004276121500879526,0.050231605768203735,0.0802728608250618,-0.12317490577697754,-2.7249271869659424,2.7277097702026367,False
train,0.03021462820470333,0.0,0.0033711991272866726,0.05023721978068352,0.08050443977117538,-0.08092803508043289,-1.8861650228500366,1.8879003524780273,False
train,0.030631382018327713,0.0,0.0027687682304531336,0.05025826022028923,0.08072122186422348,-0.048172689974308014,-1.278531789779663,1.2794389724731445,False
train,0.031048135831952095,0.0,0.0023767512757331133,0.05029156059026718,0.08092069625854492,-0.023660331964492798,-0.8694725036621094,0.8697943687438965,False
train,0.03146488592028618,0.0,0.002124358667060733,0.05033146217465401,0.0811007171869278,-0.018797308206558228,-0.6011281609535217,0.6014220118522644,False
train,0.03188164159655571,0.0,0.0019632906187325716,0.050368357449769974,0.08125912398099899,-0.038000017404556274,-0.42569994926452637,0.4273926019668579,False
train,0.03229839354753494,0.0,0.0018620763439685106,0.05039398744702339,0.08139389008283615,-0.0705377385020256,-0.31040751934051514,0.31832122802734375,False
train,0.032715149223804474,0.0,0.0018002367578446865,0.050406161695718765,0.08150308579206467,-0.100227490067482,-0.23454660177230835,0.2550640404224396,False
train,0.03313190117478371,0.0,0.001764278975315392,0.050408683717250824,0.08158504217863083,-0.11587312817573547,-0.18461912870407104,0.21796973049640656,False
train,0.03354865312576294,0.0,0.0017454588087275624,0.05040828511118889,0.08163823932409286,-0.1146179586648941,-0.15108631551265717,0.18964269757270813,False
train,0.03396540880203247,0.0,0.001738451886922121,0.050411488860845566,0.08166130632162094,-0.09933465719223022,-0.12701840698719025,0.16124841570854187,False
train,0.034382160753011703,0.0,0.0017403587698936462,0.05042317882180214,0.08165319263935089,-0.07486136257648468,-0.10776792466640472,0.13121795654296875,False
train,0.034798916429281235,0.0,0.0017497908556833863,0.0504460372030735,0.08161304146051407,-0.046724915504455566,-0.09063416719436646,0.10196945071220398,False
train,0.03521566838026047,0.0,0.0017662293976172805,0.05048034340143204,0.0815403163433075,-0.020773395895957947,-0.07401395589113235,0.07687392085790634,False
train,0.03563242405653,0.0,0.0017897628713399172,0.05052400380373001,0.08143456280231476,-0.002199500799179077,-0.05635703355073929,0.056399937719106674,False
train,0.03604917600750923,0.0,0.0018212107243016362,0.050573062151670456,0.08129582554101944,0.004099398851394653,-0.03589892387390137,0.03613222762942314,False
train,0.03646593168377876,0.0,0.001861794269643724,0.05062106251716614,0.0811242088675499,-0.007736958563327789,-0.013018935918807983,0.015144412405788898,False
train,0.036882683634757996,0.0,0.0019115172326564789,0.05065970867872238,0.08092030882835388,-0.040218040347099304,0.006581813097000122,0.04075304791331291,False
train,0.03729943558573723,0.0,0.0019673143979161978,0.05068162828683853,0.08068487793207169,-0.08538801968097687,0.015307456254959106,0.08674924820661545,False
train,0.03771619126200676,0.0,0.002024032874032855,0.050684183835983276,0.0804188996553421,-0.13154935836791992,0.011560745537281036,0.1320563703775406,False
train,0.03813294321298599,0.0,0.002076689852401614,0.05066755414009094,0.0801236629486084,-0.17749744653701782,-0.00446830689907074,0.1775536835193634,False
train,0.038549698889255524,0.0,0.00211885292083025,0.05063103884458542,0.07980073243379593,-0.22625531256198883,-0.03993199020624161,0.22975210845470428,False
train,0.038966450840234756,0.0,0.002141091972589493,0.05057511106133461,0.07945188134908676,-0.26605409383773804,-0.09919486939907074,0.28394436836242676,False
train,0.03938320651650429,0.0,0.002135340590029955,0.050508350133895874,0.07907913625240326,-0.27460214495658875,-0.1708700954914093,0.32342374324798584,False
train,0.03979995846748352,0.0,0.0021006071474403143,0.05044566094875336,0.07868459075689316,-0.24720129370689392,-0.23448604345321655,0.34072303771972656,False
train,0.04021671414375305,0.0,0.002044504275545478,0.05039878562092781,0.07827065140008926,-0.20170170068740845,-0.27071860432624817,0.3375975787639618,False
train,0.040633466094732285,0.0,0.0019806993659585714,0.05037062615156174,0.07783986628055573,-0.1589643657207489,-0.27188700437545776,0.3149479627609253,False
train,0.04105021804571152,0.0,0.0019221828551962972,0.05035746470093727,0.07739482820034027,-0.13026809692382812,-0.24835141003131866,0.28044286370277405,False
train,0.04146697372198105,0.0,0.0018757696961984038,0.050352778285741806,0.07693830877542496,-0.11669335514307022,-0.21631833910942078,0.24578642845153809,False
train,0.04188372567296028,0.0,0.0018427650211378932,0.05035124346613884,0.07647313177585602,-0.11284096539020538,-0.185014545917511,0.21671055257320404,False
train,0.042300477623939514,0.0,0.0018222079379484057,0.050350531935691833,0.07600226253271103,-0.11079630255699158,-0.15676353871822357,0.19196517765522003,False
train,0.04271722957491875,0.0,0.0018127873772755265,0.05035112798213959,0.07552854716777802,-0.1052640825510025,-0.1316840946674347,0.16858595609664917,False
train,0.04313398525118828,0.0,0.0018132192781195045,0.05035468563437462,0.07505500316619873,-0.09506943076848984,-0.10931554436683655,0.14487265050411224,False
train,0.04355073720216751,0.0,0.0018227462423965335,0.05036327987909317,0.07458451390266418,-0.08094487339258194,-0.08743326365947723,0.11914968490600586,False
train,0.04396749287843704,0.0,0.0018419347470626235,0.05037808418273926,0.0741199478507042,-0.06452587246894836,-0.062482286244630814,0.08981996029615402,False
train,0.044384244829416275,0.0,0.0018724100664258003,0.050399553030729294,0.07366421818733215,-0.04835270345211029,-0.033359527587890625,0.05874386802315712,False
train,0.044801000505685806,0.0,0.001915551838465035,0.050427209585905075,0.0732201337814331,-0.03461197763681412,-0.0020531490445137024,0.0346728190779686,False
train,0.04521775245666504,0.0,0.0019717756658792496,0.05045956000685692,0.07279033213853836,-0.024681322276592255,0.029155194759368896,0.03819938749074936,False
train,0.04563450440764427,0.0,0.002040412276983261,0.0504949726164341,0.07237744331359863,-0.019528746604919434,0.05665063112974167,0.05992216616868973,False
train,0.0460512600839138,0.0,0.002117920434102416,0.05053139477968216,0.07198385149240494,-0.018398478627204895,0.06898411363363266,0.07139546424150467,False
train,0.046468012034893036,0.0,0.0021936751436442137,0.05056779459118843,0.07161200791597366,-0.019038565456867218,0.04466153681278229,0.04855018109083176,False
train,0.04688476771116257,0.0,0.00224866415373981,0.05060267075896263,0.07126409560441971,-0.0271504744887352,-0.03083305060863495,0.04108314961194992,False
train,0.0473015196621418,0.0,0.00226414343342185,0.050629641860723495,0.07094217091798782,-0.058737389743328094,-0.1382800191640854,0.15023796260356903,False
train,0.04771827533841133,0.0,0.00223667174577713,0.050638604909181595,0.0706482008099556,-0.10890901833772659,-0.22844085097312927,0.25307390093803406,False
train,0.048135027289390564,0.0,0.0021822417620569468,0.05062819644808769,0.07038389146327972,-0.145847886800766,-0.26521676778793335,0.30267399549484253,False
train,0.048551782965660095,0.0,0.0021232427097857,0.050607986748218536,0.07015081495046616,-0.1561712622642517,-0.25471031665802,0.2987755239009857,False
train,0.04896853491663933,0.0,0.002073264215141535,0.05058666318655014,0.06995043903589249,-0.1538039594888687,-0.2273603081703186,0.27449658513069153,False
train,0.04938528686761856,0.0,0.0020336692687124014,0.05056598410010338,0.06978394836187363,-0.15482567250728607,-0.20765554904937744,0.2590208649635315,False
train,0.049802038818597794,0.0,0.0019992764573544264,0.05054260417819023,0.06965244561433792,-0.1671118438243866,-0.2020762413740158,0.2622235119342804,False
train,0.050218794494867325,0.0,0.001965545816347003,0.05051165446639061,0.06955678015947342,-0.18982785940170288,-0.20243379473686218,0.2775140702724457,False
train,0.05063554644584656,0.0,0.0019326444016769528,0.05047069862484932,0.06949765235185623,-0.21296659111976624,-0.19626548886299133,0.28961166739463806,False
train,0.05105230212211609,0.0,0.00190499029122293,0.05042232573032379,0.06947558373212814,-0.22296184301376343,-0.17677490413188934,0.28453707695007324,False
train,0.05146905407309532,0.0,0.001888083410449326,0.050373729318380356,0.06949087232351303,-0.21451932191848755,-0.14531317353248596,0.2591031789779663,False
train,0.05188580974936485,0.0,0.001885774196125567,0.05033115670084953,0.06954360753297806,-0.1963232308626175,-0.10768038779497147,0.22391489148139954,False
train,0.052302561700344086,0.0,0.001899123191833496,0.0502956360578537,0.06963378190994263,-0.18335427343845367,-0.07125574350357056,0.1967134177684784,False
train,0.05271931737661362,0.0,0.0019258728716522455,0.05026272311806679,0.06976105272769928,-0.18413645029067993,-0.044559672474861145,0.18945130705833435,False
train,0.05313606932759285,0.0,0.001960373017936945,0.050227269530296326,0.06992495805025101,-0.19412794709205627,-0.03445187211036682,0.19716133177280426,False
train,0.05355282500386238,0.0,0.0019952517468482256,0.05018799006938934,0.07012476772069931,-0.200139582157135,-0.042042650282382965,0.20450778305530548,False
train,0.053969576954841614,0.0,0.0020240205340087414,0.05014907941222191,0.07035967707633972,-0.19248726963996887,-0.061834804713726044,0.20217539370059967,False
train,0.054386332631111145,0.0,0.002044347580522299,0.050116050988435745,0.07062844932079315,-0.17356058955192566,-0.0788247287273407,0.19062165915966034,False
train,0.05480308085680008,0.0,0.0020617356058210135,0.05009191855788231,0.07092984020709991,-0.15127958357334137,-0.07314573973417282,0.16803514957427979,False
train,0.05521984025835991,0.0,0.0020869963336735964,0.05007816478610039,0.07126224040985107,-0.12173162400722504,-0.04308399558067322,0.129131019115448,False
train,0.05563658848404884,0.0,0.0021259214263409376,0.050081364810466766,0.07162393629550934,-0.06822491437196732,-0.012365184724330902,0.06933639943599701,False
train,0.05605334788560867,0.0,0.00217343564145267,0.05011332780122757,0.07201290130615234,0.013501226902008057,-0.0033412352204322815,0.01390852127224207,False
train,0.05647009611129761,0.0,0.002221152652055025,0.05018076300621033,0.07242695987224579,0.09355908632278442,-0.007142208516597748,0.09383130818605423,False
train,0.05688685178756714,0.0,0.0022694715298712254,0.05027352273464203,0.07286370545625687,0.12927933037281036,0.0026309043169021606,0.1293061077594757,False
train,0.05730360373854637,0.0,0.0023253702092915773,0.05037013068795204,0.0733204185962677,0.11378377676010132,0.025632955133914948,0.11663531512022018,False
train,0.057720355689525604,0.0,0.0023883881513029337,0.05045456811785698,0.07379446923732758,0.07459104806184769,0.03047846257686615,0.08057767152786255,False
train,0.058137111365795135,0.0,0.0024444630835205317,0.0505218580365181,0.07428257912397385,0.03218379616737366,-0.00979509949684143,0.033641353249549866,False
train,0.05855386331677437,0.0,0.002475153421983123,0.05057099834084511,0.07478170096874237,-0.015281334519386292,-0.08708405494689941,0.08841466158628464,False
train,0.0589706189930439,0.0,0.002470772247761488,0.050598423928022385,0.07528844475746155,-0.07316400110721588,-0.1751323640346527,0.18980072438716888,False
train,0.05938737094402313,0.0,0.002428070642054081,0.0506003201007843,0.07579918950796127,-0.1375478059053421,-0.2737591862678528,0.3063715100288391,False
train,0.059804126620292664,0.0,0.002340239705517888,0.05057556554675102,0.0763104110956192,-0.20015236735343933,-0.3895374834537506,0.4379502534866333,False
train,0.0602208748459816,0.0,0.0022082168143242598,0.050527676939964294,0.07681822031736374,-0.24694383144378662,-0.47372373938560486,0.5342241525650024,False
train,0.06063763424754143,0.0,0.0020589169580489397,0.05046626925468445,0.07731889933347702,-0.26502299308776855,-0.46890485286712646,0.5386176109313965,False
train,0.06105438247323036,0.0,0.0019280962878838181,0.05040288716554642,0.07780839502811432,-0.2595140039920807,-0.39435434341430664,0.47208353877067566,False
train,0.06147114187479019,0.0,0.0018329649465158582,0.05034428462386131,0.07828289270401001,-0.24508357048034668,-0.30620118975639343,0.39220547676086426,False
train,0.061887890100479126,0.0,0.001771146897226572,0.05029233172535896,0.0787384957075119,-0.22967204451560974,-0.23733380436897278,0.33026742935180664,False
train,0.06230464577674866,0.0,0.0017327101668342948,0.050246462225914,0.07917129248380661,-0.21690237522125244,-0.19361497461795807,0.29074627161026,False
train,0.06272140145301819,0.0,0.0017081323312595487,0.050204962491989136,0.07957755774259567,-0.20941156148910522,-0.16946779191493988,0.26939287781715393,False
train,0.06313815712928772,0.0,0.0016911606071516871,0.050166402012109756,0.07995365560054779,-0.20196188986301422,-0.15505114197731018,0.25461629033088684,False
train,0.06355490535497665,0.0,0.0016801477177068591,0.050134070217609406,0.08029612898826599,-0.176287442445755,-0.13928985595703125,0.22467516362667084,False
train,0.06397166103124619,0.0,0.0016767258057370782,0.050118934363126755,0.08060168474912643,-0.12062323093414307,-0.1188809797167778,0.16935953497886658,False
train,0.06438840925693512,0.0,0.0016822197940200567,0.05013086646795273,0.08086737990379333,-0.050870753824710846,-0.0968029797077179,0.1093556135892868,False
train,0.06480517238378525,0.0,0.0016974546015262604,0.05017154663801193,0.08109041303396225,0.015454284846782684,-0.0713127851486206,0.07296813279390335,False
train,0.06522192060947418,0.0,0.0017254551639780402,0.05023859813809395,0.08126849681138992,0.07489332556724548,-0.03378213942050934,0.0821598619222641,False
train,0.06563867628574371,0.0,0.0017738110618665814,0.05032820627093315,0.08139951527118683,0.12104037404060364,0.02804059535264969,0.12424591183662415,False
train,0.06605542451143265,0.0,0.0018533978145569563,0.050430621951818466,0.08148179203271866,0.13093972206115723,0.11220049858093262,0.1724359691143036,False
train,0.06647218018770218,0.0,0.0019633944611996412,0.050524622201919556,0.08151409029960632,0.0771917849779129,0.15677104890346527,0.17474476993083954,False
train,0.06688893586397171,0.0,0.002064871834591031,0.05058278143405914,0.08149553835391998,-0.036590151488780975,0.060310304164886475,0.07054198533296585,False
train,0.06730569154024124,0.0,0.0021000360138714314,0.05058842524886131,0.08142580091953278,-0.16443012654781342,-0.1362190544605255,0.2135249376296997,False
train,0.06772243976593018,0.0,0.00206267973408103,0.05054772272706032,0.08130485564470291,-0.2533431053161621,-0.265162855386734,0.3667343258857727,False
train,0.06813919544219971,0.0,0.001995743252336979,0.05047929286956787,0.08113327622413635,-0.3005276024341583,-0.2827715277671814,0.4126458168029785,False
train,0.06855595111846924,0.0,0.0019424865022301674,0.050397682934999466,0.08091198652982712,-0.31481897830963135,-0.1939730942249298,0.3697790503501892,False
train,0.06897269934415817,0.0,0.001945348922163248,0.0503152534365654,0.08064226061105728,-0.31236714124679565,-0.049650341272354126,0.31628844141960144,False
train,0.0693894550204277,0.0,0.0019631260074675083,0.05023479834198952,0.08032596856355667,-0.2918555736541748,-0.1475847214460373,0.32704880833625793,False
train,0.06980620324611664,0.0,0.0019247630843892694,0.05017343536019325,0.0799652710556984,-0.23035547137260437,-0.253130167722702,0.3422550559043884,False
train,0.07022296637296677,0.0,0.0018673210870474577,0.05013551935553551,0.07956280559301376,-0.18181687593460083,-0.25505805015563965,0.3132283389568329,False
train,0.0706397145986557,0.0,0.0018167219823226333,0.05011429265141487,0.07912145555019379,-0.1489759087562561,-0.2265530377626419,0.27114591002464294,False
train,0.07105647027492523,0.0,0.0017803105292841792,0.0501035675406456,0.07864437252283096,-0.12996576726436615,-0.18939873576164246,0.2297019511461258,False
train,0.07147321850061417,0.0,0.0017591994255781174,0.050098177045583725,0.07813513278961182,-0.12139192968606949,-0.15458343923091888,0.19655035436153412,False
train,0.0718899741768837,0.0,0.0017511977348476648,0.050095148384571075,0.0775974690914154,-0.11696403473615646,-0.12671221792697906,0.1724429428577423,False
train,0.07230672985315323,0.0,0.0017534325597807765,0.050093650817871094,0.07703530043363571,-0.11242514848709106,-0.10543302446603775,0.1541283130645752,False
train,0.07272348552942276,0.0,0.0017624450847506523,0.05009432137012482,0.07645272463560104,-0.10370367765426636,-0.09683603048324585,0.14188611507415771,False
train,0.0731402337551117,0.0,0.001766509492881596,0.05010141432285309,0.07585394382476807,-0.07824081182479858,-0.1397058516740799,0.16012291610240936,False
train,0.07355698943138123,0.0,0.0017352778231725097,0.05012059211730957,0.07524320483207703,-0.059430256485939026,-0.24960581958293915,0.2565833628177643,False
train,0.07397374510765076,0.0,0.0016826639184728265,0.050131116062402725,0.07462485879659653,-0.10231221467256546,-0.21580374240875244,0.23882848024368286,False
train,0.07439050078392029,0.0,0.0016609685262665153,0.050143059343099594,0.07400313019752502,-0.0415961816906929,-0.13817346096038818,0.14429882168769836,False
train,0.07480724900960922,0.0,0.0016636558575555682,0.050190363079309464,0.07338245958089828,0.05458766222000122,-0.0930597335100174,0.10788849741220474,False
train,0.07522400468587875,0.0,0.0016895346343517303,0.050283826887607574,0.07276690751314163,0.19655242562294006,-0.007050454616546631,0.19667883217334747,False
train,0.07564076036214828,0.0,0.0017880805535241961,0.050448015332221985,0.07216057926416397,0.34630289673805237,0.2672344446182251,0.4374242126941681,False
train,0.07605751603841782,0.0,0.0019719675183296204,0.050616197288036346,0.07156752794981003,0.21154187619686127,0.2567068040370941,0.3326384723186493,False
train,0.07647426426410675,0.0,0.002063250634819269,0.050708990544080734,0.07099154591560364,0.039099887013435364,-0.03648858517408371,0.053481005132198334,False
train,0.07689101994037628,0.0,0.002071402268484235,0.050749294459819794,0.07043632119894028,-0.04537380859255791,-0.1448116898536682,0.151753768324852,False
train,0.07730776816606522,0.0,0.0020531220361590385,0.05076322332024574,0.06990538537502289,-0.09342143684625626,-0.1829109936952591,0.2053874284029007,False
train,0.07772453129291534,0.0,0.0020212088711559772,0.05075983703136444,0.06940197199583054,-0.12855233252048492,-0.21329504251480103,0.24903911352157593,False
train,0.07814127951860428,0.0,0.0019790036603808403,0.05074475333094597,0.06892917305231094,-0.14610671997070312,-0.227518692612648,0.27039217948913574,False
train,0.07855802774429321,0.0,0.001941333874128759,0.050730906426906586,0.06848990172147751,-0.11329814046621323,-0.1822727769613266,0.21461553871631622,False
train,0.07897478342056274,0.0,0.00194757420103997,0.050752609968185425,0.06808684021234512,0.040525615215301514,0.001692160964012146,0.040560927242040634,False
train,0.07939153909683228,0.0,0.002084412146359682,0.05087308585643768,0.06772235780954361,0.3445277214050293,0.46356070041656494,0.5775706768035889,False
train,0.0798082947731018,0.0,0.0024105568882077932,0.05107789859175682,0.06739873439073563,0.2892429530620575,0.6497520804405212,0.7112237811088562,False
train,0.08022504299879074,0.0,0.0024937938433140516,0.051089681684970856,0.06711797416210175,-0.4480011463165283,-0.5717251896858215,0.7263433933258057,False
train,0.08064179867506027,0.0,0.002195922890678048,0.050869785249233246,0.06688174605369568,-0.6904146671295166,-0.8628435134887695,1.105066180229187,False
train,0.0810585543513298,0.0,0.0019635243806988,0.0506545826792717,0.06669174879789352,-0.5220723152160645,-0.49084678292274475,0.7165822386741638,False
train,0.08147531002759933,0.0,0.001869182102382183,0.05052551254630089,0.066549152135849,-0.2951880693435669,-0.23306630551815033,0.37610623240470886,False
train,0.08189205825328827,0.0,0.0018522150348871946,0.050491731613874435,0.06645512580871582,-0.07460153102874756,-0.10761789977550507,0.1309465616941452,False
train,0.0823088139295578,0.0,0.0018709575524553657,0.050537582486867905,0.0664106011390686,0.0773652046918869,-0.0550973117351532,0.0949794128537178,False
train,0.08272556215524673,0.0,0.0019004843197762966,0.05062245950102806,0.0664161667227745,0.10404935479164124,-0.05519069731235504,0.1177806481719017,False
train,0.08314232528209686,0.0,0.0019198117079213262,0.050688039511442184,0.06647223234176636,-0.008996441960334778,-0.10252019762992859,0.10291416943073273,False
train,0.0835590735077858,0.0,0.001913272775709629,0.0506930872797966,0.06657903641462326,-0.16281068325042725,-0.17335635423660278,0.23782292008399963,False
train,0.08397582918405533,0.0,0.0018797826487571,0.0506480410695076,0.06673652678728104,-0.23573832213878632,-0.2241993546485901,0.32532739639282227,False
train,0.08439257740974426,0.0,0.0018354632193222642,0.050595350563526154,0.06694438308477402,-0.20558559894561768,-0.22336414456367493,0.3035736680030823,False
train,0.0848093330860138,0.0,0.0018006039317697287,0.05056644231081009,0.0672021210193634,-0.13602034747600555,-0.18460290133953094,0.2293027937412262,False
train,0.08522608876228333,0.0,0.0017834973987191916,0.0505625419318676,0.06750905513763428,-0.09227260947227478,-0.14296047389507294,0.1701526790857315,False
train,0.08564284443855286,0.0,0.001781389699317515,0.05056913569569588,0.0678640678524971,-0.08427982032299042,-0.11297816783189774,0.14095090329647064,False
train,0.08605959266424179,0.0,0.0017898565856739879,0.05057493597269058,0.06826584041118622,-0.09359908849000931,-0.09110822528600693,0.13061967492103577,False
train,0.08647634834051132,0.0,0.0018069862853735685,0.05057595670223236,0.06871288269758224,-0.10670451074838638,-0.07025899738073349,0.12775827944278717,False
train,0.08689310401678085,0.0,0.0018332400359213352,0.05057156831026077,0.06920328736305237,-0.12095946818590164,-0.047420911490917206,0.1299228072166443,False
train,0.08730985969305038,0.0,0.0018686006078496575,0.050560563802719116,0.06973494589328766,-0.14015905559062958,-0.027904167771339417,0.14290978014469147,False
train,0.08772660791873932,0.0,0.0019091484136879444,0.050539780408144,0.07030532509088516,-0.17003753781318665,-0.025102294981479645,0.17188045382499695,False
train,0.08814336359500885,0.0,0.0019444928038865328,0.0505044050514698,0.07091180235147476,-0.21012026071548462,-0.05394522845745087,0.21693457663059235,False
train,0.08856011182069778,0.0,0.0019624903798103333,0.05045251548290253,0.07155121117830276,-0.24698641896247864,-0.10197599232196808,0.2672103941440582,False
train,0.08897686749696732,0.0,0.001964223338291049,0.05038924887776375,0.07222022861242294,-0.26494497060775757,-0.12496068328619003,0.29293516278266907,False
train,0.08939362317323685,0.0,0.0019646529108285904,0.05032284930348396,0.07291509956121445,-0.26455697417259216,-0.11066631227731705,0.28677067160606384,False
train,0.08981037139892578,0.0,0.001973902340978384,0.05025927349925041,0.07363182306289673,-0.2530263066291809,-0.08769538253545761,0.2677924335002899,False
train,0.09022712707519531,0.0,0.0019900426268577576,0.05020330101251602,0.07436621189117432,-0.22875761985778809,-0.07937677204608917,0.24213780462741852,False
train,0.09064388275146484,0.0,0.002005580347031355,0.05016125366091728,0.07511353492736816,-0.18751609325408936,-0.08954831957817078,0.20780083537101746,False
train,0.09106063842773438,0.0,0.0020145082380622625,0.050139423459768295,0.07586897164583206,-0.13532382249832153,-0.10858439654111862,0.17350246012210846,False
train,0.09147738665342331,0.0,0.0020160998683422804,0.050139084458351135,0.0766274556517601,-0.08904166519641876,-0.12257471680641174,0.15150240063667297,False
train,0.09189414232969284,0.0,0.002014478435739875,0.050154950469732285,0.0773836225271225,-0.05877816677093506,-0.1236235648393631,0.13688556849956512,False
train,0.09231089800596237,0.0,0.0020149247720837593,0.050181418657302856,0.07813204824924469,-0.03829368203878403,-0.11374595761299133,0.12001895159482956,False
train,0.0927276536822319,0.0,0.0020204868633300066,0.05021641030907631,0.07886698096990585,-0.01822364330291748,-0.10079354047775269,0.10242772847414017,False
train,0.09314440190792084,0.0,0.0020302641205489635,0.05026037618517876,0.07958277314901352,0.002939581871032715,-0.09568525850772858,0.09573040157556534,False
train,0.09356115758419037,0.0,0.0020386374089866877,0.05031260475516319,0.0802735760807991,0.01786641776561737,-0.10881474614143372,0.11027174443006516,False
train,0.0939779058098793,0.0,0.0020378557965159416,0.05036792904138565,0.0809336006641388,0.014527559280395508,-0.13789033889770508,0.13865351676940918,False
train,0.09439466893672943,0.0,0.002024691551923752,0.050417300313711166,0.08155730366706848,-0.011579275131225586,-0.1651533842086792,0.1655588150024414,False
train,0.09481141716241837,0.0,0.002003380563110113,0.05045286938548088,0.08213891834020615,-0.049912624061107635,-0.17617985606193542,0.18311366438865662,False
train,0.0952281728386879,0.0,0.0019809918012470007,0.050472691655159,0.08267325907945633,-0.08715245127677917,-0.1716885268688202,0.1925421953201294,False
train,0.09564492106437683,0.0,0.0019622845575213432,0.05047819763422012,0.08315514028072357,-0.11981514096260071,-0.16013993322849274,0.20000116527080536,False
train,0.09606167674064636,0.0,0.0019485978409647942,0.050470758229494095,0.08357981592416763,-0.15016624331474304,-0.1485138237476349,0.21120193600654602,False
train,0.0964784324169159,0.0,0.0019392911344766617,0.05045164376497269,0.0839429721236229,-0.17564105987548828,-0.1389671415090561,0.22396796941757202,False
train,0.09689518809318542,0.0,0.0019341117003932595,0.05042487010359764,0.08424069732427597,-0.18516726791858673,-0.12743109464645386,0.22477899491786957,False
train,0.09731193631887436,0.0,0.0019355264957994223,0.050399553030729294,0.08446954935789108,-0.16889265179634094,-0.1060536801815033,0.1994294673204422,False
train,0.09772869199514389,0.0,0.001948314718902111,0.05038503184914589,0.08462681621313095,-0.13819676637649536,-0.07342939078807831,0.15649351477622986,False
train,0.09814544767141342,0.0,0.001976000377908349,0.05038028210401535,0.0847102627158165,-0.12824241816997528,-0.0350397452712059,0.13294322788715363,False
train,0.09856220334768295,0.0,0.0020212973468005657,0.05037110671401024,0.08471833914518356,-0.15885791182518005,0.013708710670471191,0.1594483107328415,False
train,0.09897895157337189,0.0,0.002093224786221981,0.050345174968242645,0.08465016633272171,-0.19986724853515625,0.09977617859840393,0.22338801622390747,False
train,0.09939569979906082,0.0,0.0022177877835929394,0.05031009018421173,0.0845055803656578,-0.1935974657535553,0.27956947684288025,0.34005746245384216,False
train,0.09981245547533035,0.0,0.002453551394864917,0.050293825566768646,0.08428506553173065,-0.10809311270713806,0.6570349931716919,0.6658672094345093,False
train,0.10022921860218048,0.0,0.002914887387305498,0.05032575875520706,0.08398988097906113,0.027112498879432678,1.3914711475372314,1.3917351961135864,False
train,0.10064596682786942,0.0,0.003771041752770543,0.05040943995118141,0.08362184464931488,0.12474249303340912,2.5288808345794678,2.5319554805755615,False
train,0.10106271505355835,0.0,0.005102355498820543,0.05051189288496971,0.08318360149860382,0.11113245785236359,3.522768974304199,3.524521589279175,False
train,0.10147947072982788,0.0,0.006665682885795832,0.05058484897017479,0.08267825096845627,-0.007183700799942017,3.596754789352417,3.59676194190979,False
train,0.10189623385667801,0.0,0.008132549934089184,0.050601352006196976,0.08210957050323486,-0.13867002725601196,3.26157283782959,3.264519214630127,False
train,0.10231298208236694,0.0,0.009556420147418976,0.05057830363512039,0.08148180693387985,-0.1861415058374405,3.4829440116882324,3.487914562225342,False
train,0.10272973030805588,0.0,0.01118586864322424,0.05055524781346321,0.08079970628023148,-0.14481203258037567,4.1484761238098145,4.151002883911133,False
train,0.10314648598432541,0.013867760077118874,0.01304316334426403,0.05055594816803932,0.08006834983825684,-0.08484536409378052,4.445063591003418,4.445873260498047,False
train,0.10356324166059494,0.019414864480495453,0.01484073419123888,0.0505727156996727,0.07929333299398422,-0.071504607796669,3.854461908340454,3.8551249504089355,False
train,0.10397999733686447,0.019414864480495453,0.016253741458058357,0.05058526620268822,0.07848037034273148,-0.0966513603925705,2.7252542972564697,2.7269675731658936,False
train,0.1043967455625534,0.019372841343283653,0.017206700518727303,0.05058757960796356,0.07763542979955673,-0.11197150498628616,1.7446578741073608,1.7482473850250244,False
train,0.10481349378824234,0.019372841343283653,0.0178372859954834,0.05058947950601578,0.07676460593938828,-0.0970277190208435,1.18036949634552,1.1843507289886475,False
train,0.10523025691509247,0.019414864480495453,0.01829342357814312,0.050601400434970856,0.07587403059005737,-0.06592144072055817,0.8667033314704895,0.8692067265510559,False
train,0.105647012591362,0.019372841343283653,0.01863083802163601,0.050625357776880264,0.07496995478868484,-0.04081634432077408,0.5914483666419983,0.5928550958633423,False
train,0.10606376081705093,0.019540935754776,0.018855959177017212,0.05065556988120079,0.07405851036310196,-0.035259269177913666,0.3437253534793854,0.34552907943725586,False
train,0.10648050904273987,0.019372841343283653,0.01900199055671692,0.05068254470825195,0.07314565032720566,-0.05561986193060875,0.22494186460971832,0.23171623051166534,False
train,0.10689727216959,0.019414864480495453,0.019124940037727356,0.05069480836391449,0.07223730534315109,-0.10292205959558487,0.21602308750152588,0.23928837478160858,False
train,0.10731402784585953,0.019372841343283653,0.0192413292825222,0.05068351700901985,0.07133912295103073,-0.16293707489967346,0.16538411378860474,0.23216459155082703,False
train,0.10773077607154846,0.019372841343283653,0.019309954717755318,0.050649382174015045,0.07045658677816391,-0.2053355872631073,-0.0073807984590530396,0.20546819269657135,False
train,0.1081475242972374,0.019372841343283653,0.019300788640975952,0.05060631409287453,0.06959489732980728,-0.1998443901538849,-0.17221400141716003,0.263809472322464,False
train,0.10856428742408752,0.019414864480495453,0.01925596036016941,0.050577398389577866,0.06875893473625183,-0.13692684471607208,-0.16781564056873322,0.21658959984779358,False
train,0.10898103564977646,0.019456887617707253,0.019242938607931137,0.05058341100811958,0.06795331090688705,-0.03565012663602829,-0.04372198507189751,0.056414034217596054,False
train,0.10939779132604599,0.019414864480495453,0.019280575215816498,0.05063239485025406,0.06718238443136215,0.06285689771175385,0.0587434396147728,0.08603360503911972,False
train,0.10981453955173492,0.019414864480495453,0.01935037225484848,0.05071258544921875,0.06645011156797409,0.1073501706123352,0.11563053727149963,0.15777984261512756,False
train,0.11023128777742386,0.019372841343283653,0.01943720504641533,0.05079479143023491,0.06576021760702133,0.0748923122882843,0.13440728187561035,0.15386414527893066,False
train,0.11064805090427399,0.019330818206071854,0.019513335078954697,0.050852589309215546,0.06511598080396652,0.0015206634998321533,0.05635726451873779,0.056377775967121124,False
train,0.11106480658054352,0.019456887617707253,0.01953595131635666,0.05088076367974281,0.06452050060033798,-0.059792447835206985,-0.11564013361930847,0.1301836222410202,False
train,0.11148155480623245,0.019372841343283653,0.019474860280752182,0.05088881403207779,0.06397665292024612,-0.09542791545391083,-0.3372626304626465,0.3505033254623413,False
train,0.11189830303192139,0.019372841343283653,0.01932600326836109,0.05088438093662262,0.06348671764135361,-0.12157242000102997,-0.509332537651062,0.5236406326293945,False
train,0.11231506615877151,0.019540935754776,0.01915215328335762,0.05086863413453102,0.06305306404829025,-0.14991439878940582,-0.4213598370552063,0.44723421335220337,False
train,0.11273182183504105,0.019372841343283653,0.01909331977367401,0.050840068608522415,0.0626775324344635,-0.18234819173812866,0.031672403216362,0.18507838249206543,False
train,0.11314857006072998,0.019414864480495453,0.019254738464951515,0.05079588666558266,0.062361814081668854,-0.22612084448337555,0.5469111204147339,0.5918128490447998,False
train,0.11356531828641891,0.019372841343283653,0.01953977532684803,0.05072878301143646,0.062107305973768234,-0.2928962707519531,0.539970874786377,0.6142936944961548,False
train,0.11398208141326904,0.019372841343283653,0.019673462957143784,0.050630491226911545,0.061915308237075806,-0.3695981800556183,-0.12291301786899567,0.389500230550766,False
train,0.11439882963895798,0.019414864480495453,0.019506489858031273,0.05050540342926979,0.06178674101829529,-0.41371116042137146,-0.7517645359039307,0.8580832481384277,False
train,0.11481558531522751,0.019414864480495453,0.01921267621219158,0.050373803824186325,0.061722371727228165,-0.39995241165161133,-0.6837000846862793,0.7920907735824585,False
train,0.11523233354091644,0.019498910754919052,0.019077066332101822,0.05025744065642357,0.06172274425625801,-0.34590983390808105,-0.08657996356487274,0.35658055543899536,False
train,0.11564909666776657,0.019372841343283653,0.019183022901415825,0.05016642436385155,0.061788227409124374,-0.2824519872665405,0.36101287603378296,0.458376944065094,False
train,0.1160658448934555,0.019372841343283653,0.01935569755733013,0.05010154843330383,0.06191898509860039,-0.21963204443454742,0.20877128839492798,0.3030242323875427,False
train,0.11648260056972504,0.019456887617707253,0.019359033554792404,0.05006474256515503,0.062114883214235306,-0.14571025967597961,-0.3718588650226593,0.3993876576423645,False
train,0.11689934879541397,0.019372841343283653,0.01912773959338665,0.05006261169910431,0.06237565353512764,-0.054687727242708206,-0.8281793594360352,0.8299829959869385,False
train,0.1173161119222641,0.019372841343283653,0.018797870725393295,0.05009854957461357,0.0627007707953453,0.030450865626335144,-0.8333908319473267,0.833946943283081,False
train,0.11773286014795303,0.019372841343283653,0.018545005470514297,0.05016304925084114,0.06308942288160324,0.07747162133455276,-0.5096501111984253,0.5155047178268433,False
train,0.11814961582422256,0.019414864480495453,0.018426192924380302,0.050236962735652924,0.06354068219661713,0.07450226694345474,-0.2798317074775696,0.2895796298980713,False
train,0.1185663640499115,0.019540935754776,0.018291251733899117,0.05029972270131111,0.06405317038297653,0.024297617375850677,-0.654633104801178,0.6550838947296143,False
train,0.11898312717676163,0.019372841343283653,0.01785515807569027,0.05033450573682785,0.06462550908327103,-0.05667968466877937,-1.6649619340896606,1.665926456451416,False
train,0.11939987540245056,0.019372841343283653,0.01695992797613144,0.05033446475863457,0.06525566428899765,-0.139913409948349,-2.7666709423065186,2.7702064514160156,False
train,0.1198166236281395,0.019414864480495453,0.01565677300095558,0.050302017480134964,0.06594152748584747,-0.21322523057460785,-3.602879762649536,3.6091837882995605,False
train,0.12023337930440903,0.019372841343283653,0.014079016633331776,0.05024184286594391,0.06668058782815933,-0.2732257843017578,-4.0769853591918945,4.086130142211914,False
train,0.12065012753009796,0.003067716723307967,0.01239248551428318,0.050161074846982956,0.06747005134820938,-0.3121762275695801,-4.136277198791504,4.148040771484375,False
train,0.12106689065694809,0.0,0.010745907202363014,0.05006881058216095,0.0683065801858902,-0.331949383020401,-3.942553758621216,3.9565036296844482,False
train,0.12148363888263702,0.0,0.009176943451166153,0.04997054487466812,0.06918668001890182,-0.3440694510936737,-3.819904327392578,3.8353686332702637,False
train,0.12190039455890656,0.0,0.007620817515999079,0.049868613481521606,0.07010633498430252,-0.34952640533447266,-3.8696208000183105,3.8853743076324463,False
train,0.12231714278459549,0.0,0.006054770201444626,0.0497693307697773,0.07106100022792816,-0.32908129692077637,-3.8071250915527344,3.8213212490081787,False
train,0.12273390591144562,0.0,0.004603810608386993,0.04968728870153427,0.07204613834619522,-0.26924920082092285,-3.289353370666504,3.3003547191619873,False
train,0.12315065413713455,0.0,0.0034669931046664715,0.04963444173336029,0.07305636256933212,-0.19969666004180908,-2.3526690006256104,2.36112904548645,False
train,0.12356740981340408,0.0,0.002741769887506962,0.04960266873240471,0.07408616691827774,-0.1795647144317627,-1.3906283378601074,1.4021735191345215,False
train,0.12398415803909302,0.0,0.00236498867161572,0.04956429451704025,0.07512961328029633,-0.22914734482765198,-0.708169162273407,0.7443199157714844,False
train,0.12440092116594315,0.0,0.0022075858432799578,0.049503616988658905,0.07618045806884766,-0.26688942313194275,-0.326507568359375,0.4217074513435364,False
train,0.12481766939163208,0.0,0.0021613920107483864,0.049451958388090134,0.07723209261894226,-0.1745414137840271,-0.1622225046157837,0.2382873147726059,False
train,0.1252344250679016,0.0,0.0021485898178070784,0.04946786165237427,0.07827770709991455,0.03797472268342972,-0.1580282747745514,0.1625269651412964,False
train,0.12565116584300995,0.0,0.0021157062146812677,0.04957416281104088,0.07931014895439148,0.23438623547554016,-0.2428811937570572,0.33753249049186707,False
train,0.12606793642044067,0.0,0.002047291724011302,0.04974173754453659,0.08032236248254776,0.3214651048183441,-0.31389591097831726,0.44929996132850647,False
train,0.126484677195549,0.0,0.001962952082976699,0.049919113516807556,0.08130693435668945,0.2822035849094391,-0.3195050358772278,0.42628902196884155,False
train,0.12690143287181854,0.0,0.0018870781641453505,0.050062812864780426,0.08225666731595993,0.17197220027446747,-0.2808884084224701,0.3293519914150238,False
train,0.12731818854808807,0.0,0.001830555615015328,0.050160642713308334,0.0831642895936966,0.0702289491891861,-0.23170015215873718,0.24210961163043976,False
train,0.1277349442243576,0.0,0.0017940389225259423,0.05022528022527695,0.08402276784181595,0.012943893671035767,-0.18634966015815735,0.18679866194725037,False
train,0.12815169990062714,0.0,0.0017756576417014003,0.05027563124895096,0.08482528477907181,-0.002133309841156006,-0.14443840086460114,0.14445415139198303,False
train,0.12856845557689667,0.0,0.0017747289966791868,0.050325699150562286,0.08556525409221649,0.005288362503051758,-0.10288743674755096,0.10302326083183289,False
train,0.128985196352005,0.0,0.0017896221252158284,0.05037748068571091,0.08623671531677246,-0.0027174726128578186,-0.07272936403751373,0.07278010994195938,False
train,0.12940196692943573,0.0,0.001809777575545013,0.05041712522506714,0.08683416247367859,-0.05421235412359238,-0.08101531863212585,0.09748056530952454,False
train,0.12981870770454407,0.0,0.0018198196776211262,0.05043165013194084,0.08735243231058121,-0.1154145896434784,-0.11342041194438934,0.16181692481040955,False
train,0.1302354633808136,0.0,0.0018202062929049134,0.05042790621519089,0.08778734505176544,-0.13615716993808746,-0.12094667553901672,0.1821177452802658,False
train,0.13065221905708313,0.0,0.0018265248509123921,0.05042827129364014,0.0881352499127388,-0.09497936815023422,-0.08440747857093811,0.1270657479763031,False
train,0.13106895983219147,0.0,0.0018564757192507386,0.05046086013317108,0.088393434882164,0.020267218351364136,-0.010414980351924896,0.022786661982536316,False
train,0.1314857304096222,0.0,0.001918952213600278,0.050556086003780365,0.08855985850095749,0.19131535291671753,0.059559859335422516,0.20037201046943665,False
train,0.13190247118473053,0.0,0.0019929578993469477,0.05070171877741814,0.08863350003957748,0.2130732536315918,0.026379995048046112,0.21470005810260773,False
train,0.13231922686100006,0.0,0.0020212973468005657,0.05079701170325279,0.08861394971609116,-0.022890202701091766,-0.1497703343629837,0.15150946378707886,False
train,0.1327359825372696,0.0,0.001974558923393488,0.05079352855682373,0.08850208669900894,-0.20907637476921082,-0.2906491160392761,0.358036071062088,False
train,0.13315273821353912,0.0,0.0019084381638094783,0.05075252056121826,0.08829931914806366,-0.20675745606422424,-0.24759534001350403,0.3225710690021515,False
train,0.13356949388980865,0.0,0.001875470275990665,0.05073380842804909,0.08800791949033737,-0.12721247971057892,-0.15947222709655762,0.20399609208106995,False
train,0.13398624956607819,0.0,0.001871450454927981,0.05074454843997955,0.08763113617897034,-0.07117225974798203,-0.11083275824785233,0.13171708583831787,False
train,0.13440299034118652,0.0,0.0018805323634296656,0.05077197775244713,0.08717300742864609,-0.04497029632329941,-0.0940924882888794,0.10428673774003983,False
train,0.13481976091861725,0.0,0.0018921606242656708,0.05080394074320793,0.08663798123598099,-0.04983004927635193,-0.09743162244558334,0.10943470150232315,False
train,0.13523650169372559,0.0,0.0018990244716405869,0.05082491785287857,0.08603139221668243,-0.09935817122459412,-0.11697142571210861,0.15347430109977722,False
train,0.13565325736999512,0.0,0.0018942385213449597,0.05081414058804512,0.08535902202129364,-0.1994166076183319,-0.15322940051555634,0.2514880299568176,False
train,0.13607001304626465,0.0,0.001872123684734106,0.050756145268678665,0.08462708443403244,-0.3139141798019409,-0.19684255123138428,0.37052544951438904,False
train,0.13648676872253418,0.0,0.0018343538977205753,0.050659552216529846,0.08384226262569427,-0.37319713830947876,-0.2243715524673462,0.43545228242874146,False
train,0.1369035243988037,0.0,0.0017907206201925874,0.050552595406770706,0.0830114409327507,-0.36747848987579346,-0.2243017554283142,0.43052494525909424,False
train,0.13732026517391205,0.0,0.0017535545630380511,0.050455767661333084,0.08214177191257477,-0.32416462898254395,-0.19129234552383423,0.3763980269432068,False
train,0.13773702085018158,0.0,0.001738748513162136,0.05038557946681976,0.0812404602766037,-0.23807422816753387,-0.11504318565130234,0.26441308856010437,False
train,0.1381537914276123,0.0,0.0017656008712947369,0.050348564982414246,0.0803147479891777,-0.19468337297439575,0.0014416947960853577,0.19468870759010315,False
train,0.13857053220272064,0.0,0.0018214780138805509,0.05029364302754402,0.07937192916870117,-0.3032175302505493,-0.01613626629114151,0.30364659428596497,False
train,0.13898728787899017,0.0,0.0018404620932415128,0.05020475387573242,0.078419029712677,-0.32954156398773193,-0.12233132123947144,0.3515147268772125,False
train,0.1394040435552597,0.0,0.0018325947457924485,0.05012014880776405,0.07746303081512451,-0.2983890771865845,-0.1481579691171646,0.3331468403339386,False
train,0.13982079923152924,0.0,0.0018212203867733479,0.050048764795064926,0.07651062309741974,-0.26567772030830383,-0.14560632407665253,0.3029617965221405,False
train,0.14023755490779877,0.0,0.001813153619877994,0.04999038949608803,0.07556826621294022,-0.23474101722240448,-0.13245698809623718,0.26953330636024475,False
train,0.1406542956829071,0.0,0.0018126958748325706,0.04994292929768562,0.07464202493429184,-0.21288207173347473,-0.10877767950296402,0.23906350135803223,False
train,0.14107105135917664,0.0,0.0018239232013002038,0.04990137368440628,0.07373762130737305,-0.20336413383483887,-0.07730583846569061,0.21756185591220856,False
train,0.14148780703544617,0.0,0.0018473383970558643,0.04986540973186493,0.07286043465137482,-0.17425590753555298,-0.05513054132461548,0.18276897072792053,False
train,0.1419045627117157,0.0,0.0018689557909965515,0.049860630184412,0.07201553881168365,-0.03286504000425339,-0.10039370507001877,0.10563620179891586,False
train,0.14232131838798523,0.0,0.0018449180060997605,0.04994324967265129,0.07120748609304428,0.2081681787967682,-0.2671473026275635,0.3386763632297516,False
train,0.14273805916309357,0.0,0.0017617919947952032,0.05007747560739517,0.07044050097465515,0.16488856077194214,-0.3320584297180176,0.37074390053749084,False
train,0.1431548148393631,0.0,0.001694779028184712,0.050153106451034546,0.06971834599971771,0.01576807349920273,-0.2228947877883911,0.22345183789730072,False
train,0.14357158541679382,0.0,0.0016707531176507473,0.05019897222518921,0.06904438138008118,0.008275091648101807,-0.14653515815734863,0.14676862955093384,False
train,0.14398832619190216,0.0,0.0016678906977176666,0.05024753138422966,0.06842182576656342,0.021675854921340942,-0.11207008361816406,0.11414703726768494,False
train,0.1444050818681717,0.0,0.0016807802021503448,0.05030888319015503,0.06785321235656738,0.08080761879682541,-0.0613638274371624,0.10146620869636536,False
train,0.14482183754444122,0.0,0.0017266893992200494,0.05040306970477104,0.06734082847833633,0.15324066579341888,0.042746640741825104,0.15909110009670258,False
train,0.14523859322071075,0.0,0.0018008732004091144,0.050498951226472855,0.06688667833805084,0.08583350479602814,0.02911192923784256,0.09063605964183807,False
train,0.14565534889698029,0.0,0.0018329746089875698,0.05055809020996094,0.06649234890937805,0.0063685402274131775,-0.11417701095342636,0.11435448378324509,False
train,0.14607208967208862,0.0,0.001819681841880083,0.05059586837887764,0.0661591961979866,-0.020998060703277588,-0.17940375208854675,0.18062841892242432,False
train,0.14648884534835815,0.0,0.0017924652202054858,0.050625503063201904,0.06588824093341827,-0.03738001734018326,-0.19021090865135193,0.19384905695915222,False
train,0.14690560102462769,0.0,0.001765972701832652,0.05064740777015686,0.06568019092082977,-0.056182194501161575,-0.17758014798164368,0.18625560402870178,False
train,0.14732235670089722,0.0,0.0017506055301055312,0.050666626542806625,0.06553547829389572,-0.03952652961015701,-0.1332509070634842,0.13898974657058716,False
train,0.14773911237716675,0.0,0.0017650886438786983,0.050711631774902344,0.06545431911945343,0.0698845386505127,-0.03151223063468933,0.07666074484586716,False
train,0.14815585315227509,0.0,0.0018268721178174019,0.050799112766981125,0.06543651968240738,0.11090199649333954,0.06481049954891205,0.12845097482204437,False
train,0.1485726237297058,0.0,0.0018959501758217812,0.05085138976573944,0.06548178195953369,-0.08310836553573608,-0.001017935574054718,0.08311459422111511,False
train,0.14898937940597534,0.0,0.001923763076774776,0.050811439752578735,0.06558956205844879,-0.29868972301483154,-0.10650651156902313,0.31711068749427795,False
train,0.14940612018108368,0.0,0.0019103256054222584,0.050694357603788376,0.06575880944728851,-0.45087799429893494,-0.2018446922302246,0.49399620294570923,False
train,0.1498228758573532,0.0,0.0018632884602993727,0.050534721463918686,0.06598837673664093,-0.48935508728027344,-0.25076842308044434,0.5498665571212769,False
train,0.15023963153362274,0.0,0.0018176318844780326,0.05039041116833687,0.06627695262432098,-0.38644924759864807,-0.20029093325138092,0.43526941537857056,False
train,0.15065638720989227,0.0,0.0017992841312661767,0.05030081793665886,0.06662271916866302,-0.2480703443288803,-0.13421308994293213,0.2820497453212738,False
train,0.1510731428861618,0.0,0.0018026921898126602,0.050262246280908585,0.06702365726232529,-0.1439947485923767,-0.09656572341918945,0.17337654531002045,False
train,0.15148988366127014,0.0,0.0018164475914090872,0.05026158690452576,0.06747743487358093,-0.06463846564292908,-0.08340400457382202,0.10551947355270386,False
train,0.15190663933753967,0.0,0.0018302799435332417,0.0502898283302784,0.0679815262556076,-0.009888619184494019,-0.09893488138914108,0.09942784160375595,False
train,0.1523233950138092,0.0,0.0018290806328877807,0.05032933130860329,0.06853287667036057,-0.01778242737054825,-0.1529468297958374,0.15397709608078003,False
train,0.15274015069007874,0.0,0.001809180248528719,0.0503535196185112,0.06912828981876373,-0.07125655561685562,-0.1698416769504547,0.18418385088443756,False
train,0.15315690636634827,0.0,0.0018004494486376643,0.05036145821213722,0.0697641372680664,-0.08995293825864792,-0.10661270469427109,0.1394912153482437,False
train,0.1535736471414566,0.0,0.001824859413318336,0.05036849156022072,0.07043641805648804,-0.08327394723892212,-0.015735141932964325,0.08474753797054291,False
train,0.15399041771888733,0.0,0.001893248874694109,0.05037866532802582,0.07114110141992569,-0.07926106452941895,0.10948726534843445,0.135165736079216,False
train,0.15440717339515686,0.0,0.0020228454377502203,0.05038679763674736,0.07187339663505554,-0.09792093932628632,0.27014994621276855,0.2873491048812866,False
train,0.1548239141702652,0.0,0.0022042980417609215,0.050380852073431015,0.07262853533029556,-0.14755918085575104,0.31969961524009705,0.3521101474761963,False
train,0.15524066984653473,0.0,0.002346513094380498,0.050351083278656006,0.07340118288993835,-0.20785564184188843,0.0752241313457489,0.22104895114898682,False
train,0.15565742552280426,0.0,0.0023518232628703117,0.05030141398310661,0.07418601214885712,-0.2377031445503235,-0.2736649811267853,0.3624849021434784,False
train,0.1560741811990738,0.0,0.0022505735978484154,0.05025094375014305,0.07497725635766983,-0.21244066953659058,-0.4049950838088989,0.45733144879341125,False
train,0.15649093687534332,0.0,0.0021460980642586946,0.050221219658851624,0.07576903700828552,-0.1438414603471756,-0.31262606382369995,0.3441299498081207,False
train,0.15690767765045166,0.0,0.0020984732545912266,0.05022379010915756,0.07655523717403412,-0.06559817492961884,-0.15742838382720947,0.17054857313632965,False
train,0.15732444822788239,0.0,0.002108467509970069,0.05025326460599899,0.07732968777418137,-0.026594601571559906,-0.0492214635014534,0.055946629494428635,False
train,0.15774118900299072,0.0,0.0021415487863123417,0.05027993768453598,0.0780860111117363,-0.08999305218458176,-0.056496962904930115,0.10625749826431274,False
train,0.15815794467926025,0.0,0.002143685007467866,0.050255827605724335,0.07881812006235123,-0.26151901483535767,-0.1869354248046875,0.3214608132839203,False
train,0.15857470035552979,0.0,0.00208658492192626,0.05015885457396507,0.07951968908309937,-0.4112905263900757,-0.3151968717575073,0.5181785225868225,False
train,0.15899145603179932,0.0,0.001994374906644225,0.050030145794153214,0.08018466085195541,-0.4040292203426361,-0.3530553877353668,0.5365517139434814,False
train,0.15940821170806885,0.0,0.001901045674458146,0.04993752762675285,0.08080718666315079,-0.25397801399230957,-0.32836300134658813,0.41512298583984375,False
train,0.15982496738433838,0.0,0.0018244012026116252,0.04991605132818222,0.0813816636800766,-0.08824557811021805,-0.277209609746933,0.2909165620803833,False
train,0.16024170815944672,0.0,0.0017710481770336628,0.049946386367082596,0.08190293610095978,-0.014100499451160431,-0.2200450599193573,0.22049637138843536,False
train,0.16065847873687744,0.0,0.001740046194754541,0.04999038949608803,0.08236612379550934,-0.012604296207427979,-0.17198887467384338,0.17245011031627655,False
train,0.16107521951198578,0.0,0.0017265175702050328,0.05003146082162857,0.08276699483394623,-0.021398603916168213,-0.1360349953174591,0.13770772516727448,False
train,0.1614919751882553,0.0,0.0017264162888750434,0.050071656703948975,0.08310166001319885,-0.016684837639331818,-0.10663564503192902,0.10793305188417435,False
train,0.16190873086452484,0.0,0.0017381678335368633,0.05011650547385216,0.08336716890335083,-0.0012906044721603394,-0.07900592684745789,0.07901646941900253,False
train,0.16232547163963318,0.0,0.001760948682203889,0.050168704241514206,0.08356092870235443,0.017347872257232666,-0.054848961532115936,0.05752701312303543,False
train,0.1627422422170639,0.0,0.0017913536867126822,0.050228726118803024,0.08368123322725296,0.03537352383136749,-0.0451069101691246,0.05732294172048569,False
train,0.16315898299217224,0.0,0.0018202131614089012,0.05029578506946564,0.08372702449560165,0.0502135306596756,-0.06409624218940735,0.08142313361167908,False
train,0.16357573866844177,0.0,0.0018353102495893836,0.050367314368486404,0.08369799703359604,0.05540841817855835,-0.10827317088842392,0.12162718921899796,False
train,0.1639924943447113,0.0,0.0018317088251933455,0.05043807998299599,0.08359459042549133,0.04695229232311249,-0.1483161598443985,0.15557056665420532,False
train,0.16440925002098083,0.0,0.0018172395648434758,0.05050380155444145,0.08341808617115021,0.03435236215591431,-0.15872931480407715,0.16240406036376953,False
train,0.16482600569725037,0.0,0.0018048525089398026,0.05056677386164665,0.0831703171133995,0.036613836884498596,-0.1411697417497635,0.1458405703306198,False
train,0.1652427613735199,0.0,0.0018019812414422631,0.05063380300998688,0.08285405486822128,0.04876985400915146,-0.11805352568626404,0.12773071229457855,False
train,0.16565950214862823,0.0,0.001805234351195395,0.0506964810192585,0.08247239887714386,3.2782554626464844e-05,-0.11571629345417023,0.11571630090475082,False
train,0.16607627272605896,0.0,0.0018031980143859982,0.050713177770376205,0.08202935755252838,-0.1712256222963333,-0.14259350299835205,0.2228253185749054,False
train,0.1664930135011673,0.0,0.001786800567060709,0.05064505711197853,0.08152931928634644,-0.3802218735218048,-0.17995980381965637,0.42065924406051636,False
train,0.16690976917743683,0.0,0.0017570577329024673,0.0505082942545414,0.08097727596759796,-0.48128074407577515,-0.2031589150428772,0.522402822971344,False
train,0.16732652485370636,0.0,0.0017223004251718521,0.05035993829369545,0.0803784504532814,-0.4413110911846161,-0.20353519916534424,0.485985666513443,False
train,0.1677432805299759,0.0,0.0016911389539018273,0.0502450168132782,0.07973865419626236,-0.3345787525177002,-0.18704721331596375,0.38331395387649536,False
train,0.16816003620624542,0.0,0.0016684820875525475,0.05017417296767235,0.07906365394592285,-0.2369614988565445,-0.16408230364322662,0.2882251739501953,False
train,0.16857677698135376,0.0,0.0016551900189369917,0.05013706535100937,0.07835976034402847,-0.17078158259391785,-0.14294137060642242,0.22270739078521729,False
train,0.1689935326576233,0.0,0.0016496552852913737,0.05012238398194313,0.07763321697711945,-0.1264130175113678,-0.1269071251153946,0.17912474274635315,False
train,0.16941030323505402,0.0,0.0016498015029355884,0.05012283846735954,0.07689023017883301,-0.09533048421144485,-0.1153751090168953,0.1496640145778656,False
train,0.16982704401016235,0.0,0.001654194202274084,0.05013357847929001,0.07613727450370789,-0.07596740871667862,-0.1060955673456192,0.13048875331878662,False
train,0.17024379968643188,0.0,0.0016625338466838002,0.05014956742525101,0.07538042217493057,-0.06846641004085541,-0.09586073458194733,0.11780038475990295,False
train,0.17066055536270142,0.0,0.0016759400023147464,0.050166044384241104,0.07462577521800995,-0.07172827422618866,-0.08132500946521759,0.10843754559755325,False
train,0.17107731103897095,0.0,0.0016967146657407284,0.05017903447151184,0.07387938350439072,-0.08327320963144302,-0.06028173863887787,0.10280231386423111,False
train,0.17149406671524048,0.0,0.001727670431137085,0.05018594488501549,0.07314685732126236,-0.09850498288869858,-0.032516151666641235,0.10373298078775406,False
train,0.17191080749034882,0.0,0.0017712422413751483,0.050186771899461746,0.07243365794420242,-0.10914456844329834,-5.9373676776885986e-05,0.10914458334445953,False
train,0.17232756316661835,0.0,0.00182875816244632,0.050185512751340866,0.07174495607614517,-0.10575336962938309,0.034145504236221313,0.11112915724515915,False
train,0.17274431884288788,0.0,0.0019000435713678598,0.05018926411867142,0.07108557224273682,-0.08384479582309723,0.06482173502445221,0.10598021745681763,False
train,0.1731610745191574,0.0,0.00198035198263824,0.05020490288734436,0.07046012580394745,-0.04944739118218422,0.07260074466466904,0.08784026652574539,False
train,0.17357783019542694,0.0,0.0020527972374111414,0.050234097987413406,0.06987272948026657,-0.021591439843177795,0.022076204419136047,0.030879588797688484,False
train,0.17399457097053528,0.0,0.0020905532874166965,0.05026973411440849,0.06932731717824936,-0.01935746520757675,-0.08753417432308197,0.08964899927377701,False
train,0.1744113266468048,0.0,0.0020811620634049177,0.05030081793665886,0.06882736086845398,-0.040245138108730316,-0.1912158578634262,0.19540515542030334,False
train,0.17482809722423553,0.0,0.0020401556976139545,0.050320833921432495,0.06837598234415054,-0.06922736763954163,-0.23624294996261597,0.2461770921945572,False
train,0.17524483799934387,0.0,0.001991857774555683,0.05032823234796524,0.06797613203525543,-0.09922706335783005,-0.23145906627178192,0.25183191895484924,False
train,0.1756615936756134,0.0,0.001950476667843759,0.05032288283109665,0.06763025373220444,-0.13004571199417114,-0.20806238055229187,0.24536064267158508,False
train,0.17607834935188293,0.0,0.001918687135912478,0.05030474811792374,0.06734053045511246,-0.15913283824920654,-0.1882571280002594,0.2465035617351532,False
train,0.17649510502815247,0.0,0.0018921714508906007,0.05027589201927185,0.06710878759622574,-0.17947041988372803,-0.18402713537216187,0.2570517957210541,False
train,0.176911860704422,0.0,0.0018638904439285398,0.05024091899394989,0.06693663448095322,-0.18944334983825684,-0.1952192783355713,0.27202820777893066,False
train,0.17732860147953033,0.0,0.0018303802935406566,0.050201889127492905,0.06682512909173965,-0.20069745182991028,-0.20565953850746155,0.28735920786857605,False
train,0.17774535715579987,0.0,0.0017956080846488476,0.05015603080391884,0.06677533686161041,-0.22212514281272888,-0.20001253485679626,0.2989056408405304,False
train,0.1781621128320694,0.0,0.0017664724728092551,0.05010072886943817,0.06678780168294907,-0.242661252617836,-0.18005698919296265,0.3021671772003174,False
train,0.17857886850833893,0.0,0.001746641704812646,0.05004028603434563,0.06686276197433472,-0.24480955302715302,-0.15709368884563446,0.2908782362937927,False
train,0.17899562418460846,0.0,0.0017354984302073717,0.04998350143432617,0.06700023263692856,-0.22652697563171387,-0.13874086737632751,0.26563790440559387,False
train,0.1794123649597168,0.0,0.0017307812813669443,0.04993691295385361,0.06719985604286194,-0.1979566216468811,-0.12586651742458344,0.2345830500125885,False
train,0.17982913553714752,0.0,0.001730431686155498,0.04990260675549507,0.06746095418930054,-0.16915550827980042,-0.11752771586179733,0.20597657561302185,False
train,0.18024589121341705,0.0,0.0017324707005172968,0.04987942799925804,0.06778253614902496,-0.145741805434227,-0.1145310327410698,0.1853591948747635,False
train,0.1806626319885254,0.0,0.0017344949301332235,0.049865227192640305,0.06816320866346359,-0.12588801980018616,-0.11724483966827393,0.1720294952392578,False
train,0.18107938766479492,0.0,0.0017347446409985423,0.04985969513654709,0.06860128790140152,-0.10441287606954575,-0.1221013143658638,0.16065733134746552,False
train,0.18149614334106445,0.0,0.0017334582516923547,0.049863897264003754,0.06909462064504623,-0.07977492362260818,-0.1239384263753891,0.14739325642585754,False
train,0.18191289901733398,0.0,0.0017323980573564768,0.04987921565771103,0.06964077055454254,-0.05239453539252281,-0.12120096385478973,0.13204114139080048,False
train,0.18232965469360352,0.0,0.0017331609269604087,0.04990683123469353,0.07023679465055466,-0.021388284862041473,-0.11570879071950912,0.11766895651817322,False
train,0.18274639546871185,0.0,0.0017364313825964928,0.04994860291481018,0.07087939977645874,0.013689279556274414,-0.10961166769266129,0.11046317964792252,False
train,0.18316315114498138,0.0,0.0017421249067410827,0.050005462020635605,0.07156483083963394,0.04794023931026459,-0.10457301884889603,0.1150381788611412,False
train,0.18357990682125092,0.0,0.0017495824722573161,0.05007432401180267,0.0722888931632042,0.06706739962100983,-0.10135070234537125,0.1215318962931633,False
train,0.18399666249752045,0.0,0.0017584855668246746,0.050145093351602554,0.07304691523313522,0.053365617990493774,-0.09700161218643188,0.11071225255727768,False
train,0.18441341817378998,0.0,0.0017706314101815224,0.05020333454012871,0.0738338753581047,0.007885195314884186,-0.0851488709449768,0.08551319688558578,False
train,0.18483015894889832,0.0,0.0017898421501740813,0.050240784883499146,0.07464418560266495,-0.04283061623573303,-0.06338013708591461,0.07649511843919754,False
train,0.18524692952632904,0.0,0.001819598488509655,0.05026042461395264,0.07547194510698318,-0.07735803723335266,-0.03574329614639282,0.08521648496389389,False
train,0.18566368520259857,0.0,0.0018604740034788847,0.05027032643556595,0.07631070911884308,-0.09159925580024719,-0.012098193168640137,0.09239475429058075,False
train,0.1860804259777069,0.0,0.0019075648160651326,0.050278715789318085,0.07715386152267456,-0.08607374131679535,-0.008886642754077911,0.08653127402067184,False
train,0.18649718165397644,0.0,0.0019487148383632302,0.05029325932264328,0.07799425721168518,-0.06587281823158264,-0.0421532541513443,0.0782056599855423,False
train,0.18691393733024597,0.0,0.0019681844860315323,0.050316836684942245,0.07882450520992279,-0.0475340411067009,-0.1104351282119751,0.12023062258958817,False
train,0.1873306930065155,0.0,0.0019562626257538795,0.05034484714269638,0.07963699102401733,-0.04841125011444092,-0.18682727217674255,0.19299760460853577,False
train,0.18774744868278503,0.0,0.0019173275213688612,0.05036872997879982,0.08042401820421219,-0.06623479723930359,-0.23468710482120514,0.24385464191436768,False
train,0.18816418945789337,0.0,0.0018690848955884576,0.05038616061210632,0.08117769658565521,-0.07566364854574203,-0.22987395524978638,0.24200624227523804,False
train,0.1885809600353241,0.0,0.001833199872635305,0.05040549859404564,0.08189033716917038,-0.05982409045100212,-0.18074461817741394,0.19038785994052887,False
train,0.18899770081043243,0.0,0.0018192275892943144,0.050431475043296814,0.0825539082288742,-0.05374967306852341,-0.13456733524799347,0.14490477740764618,False
train,0.18941445648670197,0.0,0.0018159752944484353,0.050451211631298065,0.08316118270158768,-0.0938473492860794,-0.13135424256324768,0.16143500804901123,False
train,0.1898312121629715,0.0,0.0018080789595842361,0.050446517765522,0.08370479941368103,-0.16353490948677063,-0.14974676072597504,0.2217380404472351,False
train,0.19024796783924103,0.0,0.0017940500983968377,0.05041663721203804,0.0841779038310051,-0.20927172899246216,-0.1583220362663269,0.2624128758907318,False
train,0.19066472351551056,0.0,0.0017791243735700846,0.050375837832689285,0.08457423001527786,-0.21815425157546997,-0.15483897924423218,0.26751893758773804,False
train,0.1910814791917801,0.0,0.0017672746907919645,0.050336990505456924,0.0848880484700203,-0.20251968502998352,-0.1439138948917389,0.2484460324048996,False
train,0.19149821996688843,0.0,0.0017614008393138647,0.05030795559287071,0.08511444926261902,-0.1727079451084137,-0.1254924237728119,0.21348625421524048,False
train,0.19191499054431915,0.0,0.0017657884163782,0.05029415339231491,0.08524924516677856,-0.12896738946437836,-0.09286551177501678,0.1589232236146927,False
train,0.1923317313194275,0.0,0.0017883088439702988,0.05030263960361481,0.08528903871774673,-0.0673004686832428,-0.03932678699493408,0.07794837653636932,False
train,0.19274848699569702,0.0,0.001828423817642033,0.05032944679260254,0.08523167669773102,-0.06386926025152206,-0.0302695631980896,0.07067905366420746,False
train,0.19316524267196655,0.0,0.0018551142420619726,0.05034274607896805,0.08507563173770905,-0.10155801475048065,-0.06916332244873047,0.12287227064371109,False
train,0.1935819834470749,0.0,0.001889050705358386,0.05034405738115311,0.0848206877708435,-0.13511590659618378,-0.00018855184316635132,0.13511604070663452,False
train,0.19399875402450562,0.0,0.001957233063876629,0.05032745376229286,0.08446750789880753,-0.1804141104221344,0.08373232930898666,0.1988978534936905,False
train,0.19441549479961395,0.0,0.0020578482653945684,0.050294600427150726,0.08401785045862198,-0.21110956370830536,0.15403303503990173,0.26133009791374207,False
train,0.19483225047588348,0.0,0.002180528361350298,0.05025167018175125,0.0834745466709137,-0.2272922396659851,0.18370898067951202,0.2922511696815491,False
train,0.19524900615215302,0.0,0.0023003641981631517,0.05020635947585106,0.08284122496843338,-0.21917754411697388,0.13694745302200317,0.2584441900253296,False
train,0.19566576182842255,0.0,0.002382804872468114,0.050170931965112686,0.08212262392044067,-0.17802493274211884,0.007476963102817535,0.17818188667297363,False
train,0.19608251750469208,0.0,0.0024000992998480797,0.050159163773059845,0.08132417500019073,-0.10462690889835358,-0.16446393728256226,0.1949235051870346,False
train,0.1964992731809616,0.0,0.0023498781956732273,0.05018370598554611,0.08045218884944916,-0.003936059772968292,-0.3047053813934326,0.3047308027744293,False
train,0.19691601395606995,0.0,0.002255392959341407,0.050248272716999054,0.07951361685991287,0.0717640221118927,-0.3800899088382721,0.38680538535118103,False
train,0.19733276963233948,0.0,0.002133583649992943,0.050314635038375854,0.07851582765579224,-0.014165014028549194,-0.4514116048812866,0.4516337811946869,False
train,0.197749525308609,0.0,0.0019757237751036882,0.05032266676425934,0.07746683806180954,-0.1339629739522934,-0.5380988717079163,0.5545236468315125,False
train,0.19816629588603973,0.0,0.0018158350139856339,0.050321437418460846,0.0763748288154602,-0.12591518461704254,-0.42283594608306885,0.44118574261665344,False
train,0.19858303666114807,0.0,0.0017407020786777139,0.05030570179224014,0.07524844259023666,-0.1229928582906723,-0.18838977813720703,0.22498434782028198,False
train,0.1989997923374176,0.0,0.0017572719370946288,0.05031726509332657,0.07409609109163284,-0.03829691559076309,0.027594178915023804,0.04720267280936241,False
train,0.19941654801368713,0.0,0.001838896656408906,0.05038712918758392,0.07292643934488297,0.10161374509334564,0.05891231447458267,0.11745643615722656,False
train,0.19983328878879547,0.0,0.0018841695273295045,0.050414856523275375,0.07174815982580185,-0.18680596351623535,-0.07310611009597778,0.2006015181541443,False
train,0.200250044465065,0.0,0.0018931821687147021,0.050354912877082825,0.07056930661201477,-0.2725520730018616,-0.11515507847070694,0.29588058590888977,False
train,0.20066680014133453,0.0,0.0018928006757050753,0.05028971657156944,0.06939813494682312,-0.24444034695625305,-0.1283755749464035,0.2761002779006958,False
train,0.20108354091644287,0.0,0.001886779791675508,0.05023686960339546,0.06824245303869247,-0.21582496166229248,-0.14234280586242676,0.25853797793388367,False
train,0.2015003263950348,0.0,0.001875725807622075,0.050195567309856415,0.06710943579673767,-0.1829243302345276,-0.15044358372688293,0.23684294521808624,False
train,0.20191706717014313,0.0,0.0018644152441993356,0.05017077550292015,0.06600642204284668,-0.1347564160823822,-0.1419612318277359,0.19573523104190826,False
train,0.20233382284641266,0.0,0.0018613216234371066,0.05016651749610901,0.06493976712226868,-0.08712335675954819,-0.11021198332309723,0.14048901200294495,False
train,0.2027505785226822,0.0,0.0018767304718494415,0.05017608031630516,0.06391562521457672,-0.07120826095342636,-0.05345843732357025,0.08904168009757996,False
train,0.20316731929779053,0.0,0.0019194934284314513,0.05018162727355957,0.0629395842552185,-0.10431580245494843,0.016943521797657013,0.105682872235775,False
train,0.20358407497406006,0.0,0.0019859240856021643,0.050166983157396317,0.062016844749450684,-0.1550915539264679,0.04495726525783539,0.16147615015506744,False
train,0.2040008306503296,0.0,0.002035209210589528,0.05014410242438316,0.061152052134275436,-0.1225183978676796,-0.08046481758356094,0.1465788036584854,False
train,0.20441757142543793,0.0,0.0020127594470977783,0.05015411227941513,0.06034961715340614,-0.03044477105140686,-0.23609012365341187,0.23804502189159393,False
train,0.20483432710170746,0.0,0.0019735030364245176,0.05018194392323494,0.05961327999830246,-0.03028099238872528,-0.1726430058479309,0.17527848482131958,False
train,0.20525109767913818,0.0,0.0019667476881295443,0.05021027848124504,0.058946579694747925,-0.014252252876758575,-0.11432375013828278,0.1152087152004242,False
train,0.20566785335540771,0.0,0.001969078090041876,0.050248079001903534,0.058352500200271606,0.006536737084388733,-0.1231035441160202,0.1232769712805748,False
train,0.20608460903167725,0.0,0.001962006092071533,0.050288211554288864,0.05783400684595108,-0.002396531403064728,-0.15291589498519897,0.15293467044830322,False
train,0.20650134980678558,0.0,0.0019426975632086396,0.050319865345954895,0.05739342048764229,-0.031128954142332077,-0.18093492090702057,0.18359318375587463,False
train,0.20691810548305511,0.0,0.0019120965152978897,0.050336845219135284,0.057032957673072815,-0.07159058749675751,-0.20810577273368835,0.22007550299167633,False
train,0.20733486115932465,0.0,0.0018703506793826818,0.05033409595489502,0.05675457417964935,-0.12529298663139343,-0.2332734763622284,0.2647920846939087,False
train,0.20775160193443298,0.0,0.0018210234120488167,0.050308141857385635,0.05655992403626442,-0.17776456475257874,-0.24129720032215118,0.2997075021266937,False
train,0.20816835761070251,0.0,0.0017748719546943903,0.05026552453637123,0.05645065754652023,-0.20184928178787231,-0.2171320617198944,0.2964615821838379,False
train,0.20858512818813324,0.0,0.0017444778932258487,0.050218794494867325,0.05642794445157051,-0.20069731771945953,-0.16906559467315674,0.262416809797287,False
train,0.20900188386440277,0.0,0.0017352313734591007,0.0501742847263813,0.056492939591407776,-0.19394797086715698,-0.11865832656621933,0.22736670076847076,False
train,0.2094186246395111,0.0,0.001744843553751707,0.05013158917427063,0.05664665251970291,-0.19228191673755646,-0.0801992416381836,0.20833687484264374,False
train,0.20983538031578064,0.0,0.0017662403406575322,0.05009040609002113,0.05688977614045143,-0.18369656801223755,-0.06273137032985687,0.19411247968673706,False
train,0.21025213599205017,0.0,0.001790524460375309,0.05005683749914169,0.057222940027713776,-0.15633141994476318,-0.06464354693889618,0.16916944086551666,False
train,0.2106688767671585,0.0,0.0018117064610123634,0.050037216395139694,0.05764644593000412,-0.11982061713933945,-0.0755562111735344,0.14165352284908295,False
train,0.21108563244342804,0.0,0.0018283383687958121,0.05003316327929497,0.05816047266125679,-0.08308279514312744,-0.08435468375682831,0.11839959770441055,False
train,0.21150238811969757,0.0,0.0018437625840306282,0.05004477873444557,0.05876484885811806,-0.045145124197006226,-0.07969741523265839,0.09159563481807709,False
train,0.2119191586971283,0.0,0.0018648221157491207,0.050074029713869095,0.05945916101336479,0.0020739883184432983,-0.05783142149448395,0.0578685961663723,False
train,0.21233591437339783,0.0,0.001897177193313837,0.05012586712837219,0.060242556035518646,0.05975265055894852,-0.027799226343631744,0.06590277701616287,False
train,0.21275265514850616,0.0,0.001941508729942143,0.050200629979372025,0.061113856732845306,0.10583705455064774,-0.0021775513887405396,0.10585945099592209,False
train,0.2131694108247757,0.0,0.0019940356723964214,0.0502895787358284,0.06207139417529106,0.12715235352516174,0.009597763419151306,0.1275140643119812,False
train,0.21358616650104523,0.0,0.002046578796580434,0.05038515478372574,0.06311295926570892,0.13686777651309967,-0.00398600846529007,0.1369258016347885,False
train,0.21400290727615356,0.0,0.002088034525513649,0.05048234388232231,0.06423573195934296,0.13029280304908752,-0.0408862829208374,0.13655732572078705,False
train,0.2144196629524231,0.0,0.002114510163664818,0.050572969019412994,0.06543640047311783,0.10521882027387619,-0.06935671716928482,0.12602125108242035,False
train,0.21483641862869263,0.0,0.002137446077540517,0.05065292492508888,0.06671067327260971,0.07927429676055908,-0.053579188883304596,0.09568251669406891,False
train,0.21525315940380096,0.0,0.002179729752242565,0.05072469264268875,0.06805351376533508,0.06329891830682755,0.025254376232624054,0.0681508406996727,False
train,0.21566994488239288,0.0,0.0022694477811455727,0.05078989639878273,0.06945931166410446,0.03893681615591049,0.1736445426940918,0.1779564619064331,False
train,0.21608668565750122,0.0,0.00243149371817708,0.050835296511650085,0.070920929312706,-0.04469632729887962,0.36230599880218506,0.36505261063575745,False
train,0.21650344133377075,0.0,0.0026662435848265886,0.05082752928137779,0.07243085652589798,-0.21499764919281006,0.5107231736183167,0.5541318655014038,False
train,0.21692019701004028,0.0,0.002950765425339341,0.05074543133378029,0.07398034632205963,-0.3812282085418701,0.6168000102043152,0.7251049876213074,False
train,0.21733693778514862,0.0,0.0032928921282291412,0.05061568692326546,0.07555949687957764,-0.43989723920822144,0.8149642944335938,0.926108181476593,False
train,0.21775369346141815,0.0,0.0037586886901408434,0.05048361048102379,0.07715762406587601,-0.4029279947280884,1.228373408317566,1.292769193649292,False
train,0.21817044913768768,0.0,0.004454664885997772,0.050379522144794464,0.0787629559636116,-0.3148078918457031,1.9331395626068115,1.9586046934127808,False
train,0.21858718991279602,0.0,0.0055063883773982525,0.05031747370958328,0.08036265522241592,-0.21066716313362122,2.9220595359802246,2.9296436309814453,False
train,0.21900396049022675,0.0,0.006985261105000973,0.05029598996043205,0.08194340765476227,-0.12917163968086243,3.9157092571258545,3.917839288711548,False
train,0.21942071616649628,0.0,0.008798535913228989,0.05030035972595215,0.08349050581455231,-0.08909690380096436,4.480705261230469,4.481590747833252,False
train,0.2198374718427658,0.0,0.010733993723988533,0.05031701549887657,0.08498933911323547,-0.06717223674058914,4.536099433898926,4.536596775054932,False
train,0.22025421261787415,0.0,0.01261456124484539,0.05034574493765831,0.086424320936203,-0.030270330607891083,4.23872184753418,4.238829612731934,False
train,0.22067096829414368,0.01621687412261963,0.014279207214713097,0.050394006073474884,0.08777996152639389,0.018686383962631226,3.4589617252349854,3.459012269973755,False
train,0.2210877239704132,0.02740773744881153,0.015486707910895348,0.05046038702130318,0.08904072642326355,0.051377177238464355,2.0984456539154053,2.099074602127075,False
train,0.22150446474552155,0.0,0.01612304337322712,0.050537753850221634,0.09019100666046143,0.0728602185845375,0.9019806385040283,0.9049186110496521,False
train,0.22192122042179108,0.0,0.016449516639113426,0.05062529072165489,0.09121595323085785,0.09678226709365845,0.6604297757148743,0.6674835681915283,False
train,0.2223379909992218,0.009085483849048615,0.01682714931666851,0.050718504935503006,0.09210166335105896,0.08900044858455658,0.9969865679740906,1.0009511709213257,False
train,0.22275474667549133,0.024361032992601395,0.01730078086256981,0.05079440400004387,0.0928347110748291,0.009404256939888,1.0063921213150024,1.0064361095428467,False
train,0.22317150235176086,0.0,0.017676137387752533,0.0508255735039711,0.09340351819992065,-0.11525816470384598,0.6299892663955688,0.64044588804245,False
train,0.2235882431268692,0.0,0.017972802743315697,0.050810959190130234,0.09379784762859344,-0.19659069180488586,0.7935258746147156,0.8175152540206909,False
train,0.22400499880313873,0.0,0.018547367304563522,0.05078304186463356,0.09400932490825653,-0.17558243870735168,1.9289615154266357,1.9369361400604248,False
train,0.22442175447940826,0.007543221116065979,0.019659291952848434,0.05078405514359474,0.0940314382314682,-0.06598618626594543,3.1073410511016846,3.108041524887085,False
train,0.2248384952545166,0.030895689502358437,0.020918317139148712,0.05083627253770828,0.09386003017425537,0.05254006385803223,2.2645633220672607,2.2651727199554443,False
train,0.22525525093078613,0.026945479214191437,0.021152760833501816,0.05092112347483635,0.09349315613508224,0.07858507335186005,-1.6919755935668945,1.693799614906311,False
train,0.22567200660705566,0.029534127563238144,0.019531892612576485,0.05099505931138992,0.09293121099472046,0.012516900897026062,-5.900458335876465,5.900471210479736,False
train,0.2260887771844864,0.0024373638443648815,0.016750365495681763,0.05103659629821777,0.09217693656682968,-0.06409625709056854,-7.0549845695495605,7.055275917053223,False
train,0.22650553286075592,0.0,0.014042938128113747,0.05104954168200493,0.09123551100492477,-0.1242293193936348,-5.935406684875488,5.936707019805908,False
train,0.22692227363586426,4.202351647109026e-06,0.011895899660885334,0.05103820189833641,0.09011444449424744,-0.1805342584848404,-4.645373344421387,4.6488800048828125,False
train,0.2273390293121338,0.0,0.01014391053467989,0.05100252479314804,0.08882303535938263,-0.23850879073143005,-4.104258060455322,4.11118221282959,False
train,0.22775578498840332,0.0,0.008459007367491722,0.05094223842024803,0.0873727947473526,-0.29509204626083374,-4.2723588943481445,4.282537937164307,False
train,0.22817252576351166,0.0,0.006652546115219593,0.050858329981565475,0.08577688038349152,-0.34894728660583496,-4.565205097198486,4.578521728515625,False
train,0.2285892814397812,0.0,0.0048433090560138226,0.05075230076909065,0.08404980599880219,-0.3947954475879669,-4.1784257888793945,4.197035312652588,False
train,0.22900602221488953,0.0,0.0033912882208824158,0.050635166466236115,0.08220739662647247,-0.38698744773864746,-2.9286134243011475,2.954071044921875,False
train,0.22942280769348145,0.0,0.002508193952962756,0.05053932964801788,0.08026587218046188,-0.2955719232559204,-1.610020399093628,1.636926531791687,False
train,0.22983954846858978,0.0,0.002074191812425852,0.05048060789704323,0.07824277132749557,-0.22509106993675232,-0.8045792579650879,0.8354721665382385,False
train,0.23025630414485931,0.0,0.0018786207074299455,0.05043680965900421,0.07615529000759125,-0.2123991847038269,-0.42743033170700073,0.47729456424713135,False
train,0.23067305982112885,0.0,0.0017904127016663551,0.05039515718817711,0.07402068376541138,-0.20329809188842773,-0.260639488697052,0.3305496275424957,False
train,0.23108980059623718,0.0,0.0017507540760561824,0.050359390676021576,0.07185599207878113,-0.18070822954177856,-0.18187323212623596,0.25638511776924133,False
train,0.2315065562725067,0.0,0.0017348205437883735,0.050332989543676376,0.0696776732802391,-0.15678104758262634,-0.1422719955444336,0.21171116828918457,False
train,0.23192331194877625,0.0,0.0017301974585279822,0.050312723964452744,0.06750127673149109,-0.14975596964359283,-0.12634749710559845,0.19593504071235657,False
train,0.23234005272388458,0.0,0.00172817159909755,0.05028893053531647,0.06534166634082794,-0.16833555698394775,-0.12870745360851288,0.21190202236175537,False
train,0.2327568382024765,0.0,0.0017231730744242668,0.05025530233979225,0.06321220844984055,-0.18519315123558044,-0.13751919567584991,0.23066866397857666,False
train,0.23317357897758484,0.0,0.0017162080621346831,0.05022088810801506,0.0611257441341877,-0.16641616821289062,-0.13612601161003113,0.21499913930892944,False
train,0.23359033465385437,0.0,0.001712341676466167,0.05019817501306534,0.05909319967031479,-0.1304420381784439,-0.12405938655138016,0.18001626431941986,False
train,0.2340070903301239,0.0,0.0017137626418843865,0.050188206136226654,0.057124581187963486,-0.10358650237321854,-0.11238466203212738,0.15284134447574615,False
train,0.23442383110523224,0.0,0.0017187070334330201,0.05018605664372444,0.055228643119335175,-0.08838063478469849,-0.10756858438253403,0.1392197459936142,False
train,0.23484058678150177,0.0,0.00172413291875273,0.05018782988190651,0.05341266840696335,-0.08082265406847,-0.10963292419910431,0.1362045556306839,False
train,0.2352573424577713,0.0,0.0017278448212891817,0.05019048973917961,0.0516829714179039,-0.08031868189573288,-0.11515092849731445,0.14039525389671326,False
train,0.23567408323287964,0.0,0.0017291979165747762,0.050191398710012436,0.05004473403096199,-0.08524875342845917,-0.12047485262155533,0.1475857049226761,False
train,0.23609083890914917,0.0,0.0017286583315581083,0.0501895472407341,0.04850205406546593,-0.08940831571817398,-0.124143585562706,0.1529884934425354,False
train,0.2365076094865799,0.0,0.0017269478412345052,0.05018605664372444,0.04705813527107239,-0.09047654271125793,-0.12604600191116333,0.1551566869020462,False
train,0.23692436516284943,0.0,0.0017249603988602757,0.050180818885564804,0.045715536922216415,-0.09665808826684952,-0.12515993416309357,0.15813852846622467,False
train,0.23734110593795776,0.003000478958711028,0.0017243457259610295,0.05016997829079628,0.04447600245475769,-0.11554711312055588,-0.11899004876613617,0.16586068272590637,False
train,0.2377578616142273,0.002744135679677129,0.0017275880090892315,0.05014888569712639,0.04334073141217232,-0.141788512468338,-0.10693059861660004,0.1775898039340973,False
train,0.23817461729049683,0.0019330817740410566,0.0017362030921503901,0.05011626332998276,0.04231039062142372,-0.16749605536460876,-0.09441329538822174,0.19227272272109985,False
train,0.23859135806560516,0.0025340181309729815,0.001748612499795854,0.05007360875606537,0.04138549044728279,-0.1867251843214035,-0.08946888148784637,0.207053080201149,False
train,0.2390081137418747,0.003017288399860263,0.0017612783703953028,0.0500248558819294,0.04056617617607117,-0.19482946395874023,-0.09177348762750626,0.21536223590373993,False
train,0.23942486941814423,0.00157167948782444,0.0017730735708028078,0.0499744676053524,0.03985244035720825,-0.19349445402622223,-0.09142608940601349,0.21400661766529083,False
train,0.23984163999557495,0.002773551968857646,0.0017872730968520045,0.04992607980966568,0.03924422711133957,-0.1835096925497055,-0.07864309847354889,0.1996510624885559,False
train,0.24025839567184448,0.002815575571730733,0.0018102070316672325,0.04988512396812439,0.03874155879020691,-0.15302133560180664,-0.049152620136737823,0.16072183847427368,False
train,0.24067513644695282,0.00215580640360713,0.0018476535333320498,0.04986519366502762,0.038344528526067734,-0.07922689616680145,-0.012776210904121399,0.08025043457746506,False
train,0.24109189212322235,0.0023911381140351295,0.001893677283078432,0.04987947642803192,0.03805333375930786,-0.010061897337436676,-0.020344458520412445,0.022696668282151222,False
train,0.24150864779949188,0.0026054580230265856,0.0019174315966665745,0.04989727959036827,0.0378684364259243,-0.06160851567983627,-0.11546468734741211,0.13087286055088043,False
train,0.24192538857460022,0.002597053302451968,0.001900407369248569,0.04989824444055557,0.037790458649396896,-0.04981642961502075,-0.19284534454345703,0.19917580485343933,False
train,0.24234214425086975,0.00235751923173666,0.0018671982688829303,0.04992838576436043,0.03782045841217041,0.05155976861715317,-0.19866275787353516,0.20524448156356812,False
train,0.24275889992713928,0.002286079339683056,0.0018379919929429889,0.04999452084302902,0.0379597507417202,0.11243030428886414,-0.1814088523387909,0.21342386305332184,False
train,0.24317567050457,0.002660088473930955,0.0018156871665269136,0.05007440224289894,0.03820997104048729,0.11955340951681137,-0.1683536022901535,0.20648474991321564,False
train,0.24359242618083954,0.002244055736809969,0.0017965903971344233,0.05014888569712639,0.03857314586639404,0.08832569420337677,-0.16677889227867126,0.18872368335723877,False
train,0.24400916695594788,0.0023070911411195993,0.001776271965354681,0.05020575597882271,0.03905164450407028,0.038620077073574066,-0.17322851717472076,0.17748133838176727,False
train,0.2444259226322174,0.002588648581877351,0.001753706601448357,0.05024365335702896,0.039648257195949554,0.0013255178928375244,-0.17546963691711426,0.1754746437072754,False
train,0.24484267830848694,0.0016010960098356009,0.0017333681462332606,0.0502723753452301,0.04036594554781914,-0.006409004330635071,-0.16156025230884552,0.16168732941150665,False
train,0.24525941908359528,0.0,0.0017225901829078794,0.050304051488637924,0.04120815917849541,0.013586550951004028,-0.13086111843585968,0.13156452775001526,False
train,0.2456761747598648,0.0,0.0017262165201827884,0.05034975707530975,0.04217858985066414,0.056276604533195496,-0.09559738636016846,0.11093203723430634,False
train,0.24609293043613434,0.0,0.001742056803777814,0.05041089653968811,0.04328102618455887,0.07251250743865967,-0.0756310224533081,0.10477650165557861,False
train,0.24650967121124268,0.0,0.0017612103838473558,0.050462506711483,0.044519491493701935,0.005901843309402466,-0.07906032353639603,0.0792803019285202,False
train,0.2469264417886734,0.0,0.001776413293555379,0.050475120544433594,0.04589809849858284,-0.1045817881822586,-0.09136201441287994,0.13886816799640656,False
train,0.24734319746494293,0.0,0.001787623972631991,0.0504453219473362,0.04742079973220825,-0.19333696365356445,-0.09615535289049149,0.21592830121517181,False
train,0.24775995314121246,0.0,0.0017997445538640022,0.05038732290267944,0.049091462045907974,-0.24364018440246582,-0.08602304011583328,0.2583805322647095,False
train,0.2481766939163208,0.0,0.0018195916200056672,0.05031439661979675,0.050913549959659576,-0.273978590965271,-0.05888719484210014,0.28023555874824524,False
train,0.24859344959259033,0.0,0.0018521506572142243,0.05022676661610603,0.05289016664028168,-0.32573580741882324,-0.03056156635284424,0.327166348695755,False
train,0.24901020526885986,0.0,0.0018868866609409451,0.050110965967178345,0.05502370744943619,-0.3983513116836548,-0.05784326046705246,0.4025290310382843,False
train,0.2494269460439682,0.0,0.0018988435622304678,0.0499923899769783,0.057315532118082047,-0.31452929973602295,-0.11999204754829407,0.3366404175758362,False
train,0.24984370172023773,0.0,0.0018967126961797476,0.049935851246118546,0.05976617708802223,-0.1511501967906952,-0.12100176513195038,0.19361768662929535,False
train,0.25026047229766846,0.0,0.001901051145978272,0.049933236092329025,0.06237490475177765,-0.05929050222039223,-0.09934873133897781,0.11569587141275406,False
train,0.250677227973938,0.0,0.001911794999614358,0.04996468126773834,0.06513889133930206,0.016278743743896484,-0.09248223900794983,0.09390400350093842,False
train,0.2510939836502075,0.0,0.001921344199217856,0.05003097653388977,0.0680539533495903,0.1026601791381836,-0.10586818307638168,0.14746926724910736,False
train,0.25151073932647705,0.0,0.0019199132220819592,0.05013374611735344,0.07111383974552155,0.1782919466495514,-0.147366002202034,0.23131094872951508,False
train,0.2519274950027466,0.0,0.0018947178032249212,0.05025811120867729,0.07430996745824814,0.19027361273765564,-0.21787028014659882,0.28926026821136475,False
train,0.2523442208766937,0.0,0.0018412468489259481,0.05036886781454086,0.07763093709945679,0.10545051842927933,-0.27191680669784546,0.2916480004787445,False
train,0.25276097655296326,0.0,0.0017797169275581837,0.050430621951818466,0.08106359839439392,-0.034962840378284454,-0.25422587990760803,0.25661879777908325,False
train,0.2531777322292328,0.0,0.001738053630106151,0.05044771730899811,0.08459118753671646,-0.09230514615774155,-0.18277904391288757,0.20476429164409637,False
train,0.2535945177078247,0.0,0.0017325689550489187,0.05047430843114853,0.08819478750228882,0.002359263598918915,-0.08529697358608246,0.08532959967851639,False
train,0.25401124358177185,0.0,0.0017687184736132622,0.0505622960627079,0.09185140579938889,0.16862325370311737,0.014458931982517242,0.1692420244216919,False
train,0.2544279992580414,0.0,0.0018444786546751857,0.05069716274738312,0.09553712606430054,0.17067380249500275,0.09942059963941574,0.19751961529254913,False
train,0.2548447549343109,0.0,0.0019457825692370534,0.0507652685046196,0.09922420978546143,-0.1447788029909134,0.1310402750968933,0.19527533650398254,False
train,0.25526151061058044,0.0,0.0020434227772057056,0.05068565532565117,0.10288296639919281,-0.48169416189193726,0.07539808005094528,0.48755934834480286,False
train,0.25567826628685,0.0,0.0020948885940015316,0.05050748214125633,0.10648179054260254,-0.6171676516532898,-0.08046495914459229,0.6223909854888916,False
train,0.2560950219631195,0.0,0.0020868214778602123,0.05030553415417671,0.10998757928609848,-0.6373010873794556,-0.16599628329277039,0.6585646867752075,False
train,0.25651174783706665,0.0,0.002088146982714534,0.05007118359208107,0.11336573213338852,-0.825164258480072,-0.06600252538919449,0.8277997374534607,False
train,0.2569285035133362,0.0,0.002048756927251816,0.04976332187652588,0.11658228933811188,-0.7320255637168884,-0.4480765461921692,0.8582738637924194,False
train,0.2573452889919281,0.0,0.0019009832758456469,0.04972014203667641,0.11960267275571823,0.08443279564380646,-0.39721375703811646,0.4060882329940796,False
train,0.25776204466819763,0.0,0.0018307352438569069,0.04984346404671669,0.12239294499158859,0.1384083777666092,-0.19864973425865173,0.24211278557777405,False
train,0.25817880034446716,0.0,0.001815900788642466,0.049947477877140045,0.12492160499095917,0.04029133915901184,-0.13362319767475128,0.139565572142601,False
train,0.2585955262184143,0.0,0.0018107029609382153,0.050012968480587006,0.12715871632099152,-0.03200845420360565,-0.1332605928182602,0.1370508223772049,False
train,0.25901228189468384,0.0,0.0018070843070745468,0.05006946995854378,0.129078209400177,-0.002655893564224243,-0.12353821098804474,0.12356675416231155,False
train,0.25942903757095337,0.0,0.0018081298330798745,0.05015924572944641,0.13065661489963531,0.11667650938034058,-0.11460849642753601,0.1635497361421585,False
train,0.2598457932472229,0.0,0.0018108581425622106,0.05030760541558266,0.13187506794929504,0.2636185884475708,-0.11575700342655182,0.2879139482975006,False
train,0.26026254892349243,0.0,0.0018119645537808537,0.050512418150901794,0.1327192485332489,0.3776678442955017,-0.1233777180314064,0.3973097801208496,False
train,0.26067930459976196,0.0,0.0018013520166277885,0.05073004215955734,0.13317973911762238,0.18578818440437317,-0.20684313774108887,0.2780311703681946,False
train,0.2610960602760315,0.0,0.001704419031739235,0.05061784014105797,0.13325221836566925,-0.6752282381057739,-0.38912084698677063,0.7793254852294922,False
train,0.261512815952301,0.0,0.0017013303004205227,0.05077410116791725,0.13293761014938354,2.194110631942749,0.26254305243492126,2.2097623348236084,False
train,0.26192957162857056,0.0,0.0028615330811589956,0.06342874467372894,0.1322418749332428,65.12342071533203,5.109085559844971,65.32352447509766,False
train,0.2623463273048401,0.0,0.0036174047272652388,0.07306167483329773,0.13117629289627075,-4.033895969390869,-0.5066585540771484,4.065589427947998,False
train,0.2627630829811096,0.0,0.003507196670398116,0.07156174629926682,0.12975658476352692,-1.709358811378479,-0.22753995656967163,1.7244367599487305,False
train,0.26317980885505676,0.0,0.0035368367098271847,0.07141410559415817,0.1280030906200409,-0.009485051035881042,-0.02507266402244568,0.026806801557540894,False
train,0.2635965645313263,0.0,0.0036042602732777596,0.07143468409776688,0.12593932449817657,-0.2841584086418152,0.0017257928848266602,0.2841636538505554,False
train,0.2640133500099182,0.0,0.0036800119560211897,0.071363165974617,0.12359258532524109,-0.32967737317085266,0.02675299346446991,0.3307610750198364,False
train,0.26443010568618774,0.0,0.0037705302238464355,0.07132221013307571,0.12099280953407288,-0.22465971112251282,0.07231715321540833,0.23601220548152924,False
train,0.2648468315601349,0.0,0.003883503843098879,0.07128532975912094,0.11817167699337006,-0.28443601727485657,0.13854287564754486,0.31638264656066895,False
train,0.2652635872364044,0.0,0.004037355072796345,0.07128531485795975,0.11516173183917999,0.04288782179355621,0.2774985432624817,0.280793160200119,False
train,0.26568034291267395,0.0,0.004197605885565281,0.07084879279136658,0.1119966134428978,-5.677959442138672,-0.18572132289409637,5.680995941162109,False
train,0.2660970985889435,0.0,0.0035137771628797054,0.062452420592308044,0.10870982706546783,-26.859466552734375,-2.6072733402252197,26.985715866088867,False
train,0.266513854265213,0.0,0.00788041576743126,0.08907389640808105,0.10533405095338821,578.08349609375,94.72564697265625,585.7930297851562,True
train,0.26693060994148254,0.9411166310310364,0.940845251083374,0.8189244866371155,0.10190097987651825,64.68352508544922,481.32061767578125,485.6474914550781,True
train,0.2673473358154297,1.0,0.999753475189209,0.8265793919563293,0.0984407514333725,-26.037456512451172,-189.8551483154297,191.63226318359375,True
train,0.2677641212940216,0.0,0.011357199400663376,0.10043226927518845,0.09498081356287003,-1182.0257568359375,-239.9726104736328,1206.13916015625,True
train,0.26818087697029114,0.0,0.002417306648567319,0.051794249564409256,0.09154751151800156,-0.617841362953186,-0.49613654613494873,0.7923884391784668,False
train,0.26859763264656067,0.0,0.002453331835567951,0.05253343656659126,0.08816397935152054,2.3764352798461914,0.10809843242168427,2.378892660140991,False
train,0.2690143883228302,0.0,0.002519772620871663,0.05337131768465042,0.08485081791877747,1.2403711080551147,-0.06307075917720795,1.2419735193252563,False
train,0.26943111419677734,0.0,0.0025135630276054144,0.053694695234298706,0.0816265195608139,0.17824792861938477,-0.20438235998153687,0.2711908519268036,False
train,0.2698478698730469,0.0,0.002468281192705035,0.05369715392589569,0.07850583642721176,-0.32348430156707764,-0.25814682245254517,0.4138621389865875,False
train,0.2702646255493164,0.0,0.0024114940315485,0.05356839671730995,0.07550207525491714,-0.4763414263725281,-0.2652018666267395,0.5451909899711609,False
train,0.27068138122558594,0.0,0.0023563832510262728,0.053419459611177444,0.07262581586837769,-0.4367774426937103,-0.2535291314125061,0.5050262808799744,False
train,0.27109816670417786,0.0,0.002307968446984887,0.05331720784306526,0.06988503783941269,-0.19717293977737427,-0.22752341628074646,0.30107155442237854,False
train,0.271514892578125,0.0,0.002296198159456253,0.05356304720044136,0.06728656589984894,1.757251262664795,-0.023302271962165833,1.7574057579040527,False
train,0.27193164825439453,0.0,0.002406003652140498,0.055092379450798035,0.06483424454927444,3.855391502380371,0.1031903624534607,3.8567721843719482,False
train,0.27234840393066406,0.0,0.0023753177374601364,0.05568614974617958,0.06253103166818619,-1.758313775062561,-0.5507824420928955,1.8425602912902832,False
train,0.2727651596069336,0.0,0.001810346613638103,0.0513421893119812,0.06037816405296326,-6.4357099533081055,-1.1171103715896606,6.531944274902344,False
train,0.2731819152832031,0.0,0.001677763881161809,0.05060163140296936,0.05837585777044296,-0.3945934772491455,-0.14748641848564148,0.42125555872917175,False
train,0.27359867095947266,0.0,0.001700319000519812,0.05056910216808319,0.056523267179727554,0.013325408101081848,-0.003045804798603058,0.013669068925082684,False
train,0.2740153968334198,0.0,0.0017677235882729292,0.05064595118165016,0.054818883538246155,0.06214408576488495,0.06007231026887894,0.08643245697021484,False
train,0.2744321823120117,0.0,0.0018333290936425328,0.0506196990609169,0.05326003581285477,-0.37147074937820435,-0.00012179464101791382,0.37147077918052673,False
train,0.27484893798828125,0.0,0.0018692933954298496,0.05044447258114815,0.05184433236718178,-0.5954776406288147,-0.06723783165216446,0.5992617011070251,False
train,0.2752656936645508,0.0,0.001879742369055748,0.05021863803267479,0.050568655133247375,-0.6454159021377563,-0.12571442127227783,0.657545268535614,False
train,0.2756824195384979,0.0,0.0018644791562110186,0.04998420551419258,0.04942978546023369,-0.6353529691696167,-0.1864785999059677,0.6621537804603577,False
train,0.27609917521476746,0.0,0.0018343889387324452,0.049770891666412354,0.04842420667409897,-0.5520422458648682,-0.1757885217666626,0.5793550610542297,False
train,0.276515930891037,0.0,0.0018331544706597924,0.0495731495320797,0.047548696398735046,-0.5600494742393494,-0.07803243398666382,0.5654594898223877,False
train,0.2769326865673065,0.0,0.0018224961822852492,0.049465276300907135,0.0467999204993248,0.02356109768152237,-0.23847553133964539,0.2396366149187088,False
train,0.27734944224357605,0.0,0.0017853566678240895,0.04959205538034439,0.04617474973201752,0.25217875838279724,-0.14634546637535095,0.2915666699409485,False
train,0.2777661979198456,0.0,0.0017892845207825303,0.04970628768205643,0.04567016288638115,0.15637651085853577,-0.08956732600927353,0.18021075427532196,False
train,0.2781829535961151,0.0,0.001804941100999713,0.04980148747563362,0.04528341442346573,0.1503097116947174,-0.07711674273014069,0.16893786191940308,False
train,0.27859970927238464,0.0,0.001824407372623682,0.04990055039525032,0.04501183703541756,0.16886034607887268,-0.07005568593740463,0.1828158050775528,False
train,0.2790164649486542,0.0,0.0018460082355886698,0.050008270889520645,0.044853150844573975,0.19078576564788818,-0.06892047822475433,0.2028527557849884,False
train,0.2794332206249237,0.0,0.0018638336332514882,0.050124481320381165,0.04480519890785217,0.20632974803447723,-0.09318748116493225,0.22639760375022888,False
train,0.27984997630119324,0.0,0.0018629379337653518,0.05023740604519844,0.04486595466732979,0.15931831300258636,-0.15746431052684784,0.22400298714637756,False
train,0.2802667021751404,0.0,0.0018352385377511382,0.050305306911468506,0.04503365978598595,-0.00010864436626434326,-0.20819078385829926,0.20819081366062164,False
train,0.2806834578514099,0.0,0.0017999546835198998,0.050317391753196716,0.04530671611428261,-0.06627407670021057,-0.1942531168460846,0.20524747669696808,False
train,0.28110021352767944,0.0,0.0017789980629459023,0.05033625289797783,0.04568358510732651,0.0019962042570114136,-0.14615024626255035,0.14616388082504272,False
train,0.28151699900627136,0.0,0.0017805853858590126,0.05037478730082512,0.04616283252835274,0.0031132400035858154,-0.09015654027462006,0.09021027386188507,False
train,0.2819337546825409,0.0,0.001800612430088222,0.05039302632212639,0.046742964535951614,-0.08554135262966156,-0.06545820832252502,0.10771304368972778,False
train,0.28235048055648804,0.0,0.0018203762592747808,0.05036655068397522,0.04742244631052017,-0.20454831421375275,-0.08858831226825714,0.22290784120559692,False
train,0.28276723623275757,0.0,0.0018251914298161864,0.05029364302754402,0.048199787735939026,-0.30102962255477905,-0.13178203999996185,0.32861122488975525,False
train,0.2831839919090271,0.0,0.001812493777833879,0.050191737711429596,0.04907311126589775,-0.3438190817832947,-0.16804777085781097,0.3826899528503418,False
train,0.28360074758529663,0.0,0.001790270209312439,0.05008305609226227,0.05004038289189339,-0.33841922879219055,-0.17377857863903046,0.3804294466972351,False
train,0.28401750326156616,0.0,0.0017732373671606183,0.04998176172375679,0.051099225878715515,-0.3165252208709717,-0.14530622959136963,0.3482845425605774,False
train,0.2844342589378357,0.0,0.0017700798343867064,0.049889951944351196,0.05224689841270447,-0.29105788469314575,-0.11361900717020035,0.3124483525753021,False
train,0.2848510146141052,0.0,0.0017750910483300686,0.049820300191640854,0.05348007008433342,-0.20057931542396545,-0.10615198314189911,0.22693678736686707,False
train,0.28526777029037476,0.0,0.0017817334737628698,0.04980345070362091,0.05479501932859421,-0.0573161244392395,-0.09989099949598312,0.11516661942005157,False
train,0.2856845259666443,0.0,0.0017930085305124521,0.04983821511268616,0.056187283247709274,0.03352417051792145,-0.08682362735271454,0.09307100623846054,False
train,0.2861012816429138,0.0,0.0018077801214531064,0.049897704273462296,0.057651668787002563,0.06373296678066254,-0.08522775769233704,0.10642209649085999,False
train,0.28651800751686096,0.0,0.0018202114151790738,0.04996393248438835,0.05918227136135101,0.0673980563879013,-0.09779489785432816,0.11877011507749557,False
train,0.2869347631931305,0.0,0.001825067913159728,0.05003047361969948,0.060772668570280075,0.06411252170801163,-0.12132049351930618,0.13721908628940582,False
train,0.2873515188694,0.0,0.0018189727561548352,0.05009554326534271,0.06241534277796745,0.05581536144018173,-0.1484013795852661,0.1585506945848465,False
train,0.28776827454566956,0.0,0.0018044286407530308,0.050154924392700195,0.06410197913646698,0.031564682722091675,-0.15789416432380676,0.16101831197738647,False
train,0.2881850302219391,0.0,0.00179294275585562,0.05020192265510559,0.06582347303628922,-0.003039941191673279,-0.1342518925666809,0.1342862993478775,False
train,0.2886017858982086,0.0,0.0017952453345060349,0.05023723468184471,0.06757001578807831,-0.027125127613544464,-0.09782607108354568,0.10151705890893936,False
train,0.28901854157447815,0.0,0.0018089947989210486,0.050262756645679474,0.0693310871720314,-0.05901186168193817,-0.08471949398517609,0.10324627161026001,False
train,0.2894352972507477,0.0,0.0018202618230134249,0.05027029290795326,0.07109536975622177,-0.11667198687791824,-0.1085045114159584,0.15932853519916534,False
train,0.2898520529270172,0.0,0.0018176716985180974,0.05025248974561691,0.07285113632678986,-0.1786479949951172,-0.1456598937511444,0.2305036038160324,False
train,0.29026880860328674,0.0,0.001801593229174614,0.05021296814084053,0.07458615303039551,-0.22210422158241272,-0.17065832018852234,0.2800973951816559,False
train,0.2906855642795563,0.0,0.0017786701209843159,0.05016127601265907,0.07628791034221649,-0.24071478843688965,-0.1789310872554779,0.29993322491645813,False
train,0.2911022901535034,0.0,0.0017549468902871013,0.0501069501042366,0.07794363051652908,-0.2393331378698349,-0.1750655174255371,0.29652705788612366,False
train,0.29151904582977295,0.0,0.0017349718837067485,0.05005611479282379,0.07954101264476776,-0.22981402277946472,-0.16069048643112183,0.2804209589958191,False
train,0.29193583130836487,0.0,0.0017232189420610666,0.05000932514667511,0.08106758445501328,-0.22388608753681183,-0.13569539785385132,0.26179805397987366,False
train,0.2923525869846344,0.0,0.0017230367520824075,0.049965471029281616,0.08251126855611801,-0.21464312076568604,-0.10726075619459152,0.23995111882686615,False
train,0.29276934266090393,0.0,0.001732266042381525,0.04993230849504471,0.08386079221963882,-0.1708334982395172,-0.093343086540699,0.19467155635356903,False
train,0.2931860685348511,0.0,0.001742853783071041,0.04992513731122017,0.08510565757751465,-0.09929873049259186,-0.0987229272723198,0.14002305269241333,False
train,0.2936028242111206,0.0,0.0017503786366432905,0.04994647577404976,0.08623645454645157,-0.04117459058761597,-0.10473604500293732,0.11253882199525833,False
train,0.29401957988739014,0.0,0.0017576329410076141,0.04998720437288284,0.08724471926689148,-0.007962360978126526,-0.0992228239774704,0.0995417907834053,False
train,0.29443633556365967,0.0,0.0017704458441585302,0.050038907676935196,0.08812341839075089,0.0126667320728302,-0.07733693718910217,0.07836738973855972,False
train,0.2948530912399292,0.0,0.0017970458138734102,0.05009989067912102,0.08886685967445374,0.03671038895845413,-0.03175979107618332,0.04854211583733559,False
train,0.29526984691619873,0.0,0.0018491442315280437,0.0501733273267746,0.08947096765041351,0.0712423026561737,0.046057336032390594,0.08483362197875977,False
train,0.29568660259246826,0.0,0.001940469373948872,0.05026271194219589,0.08993308246135712,0.109398752450943,0.15370802581310272,0.18866437673568726,False
train,0.2961033582687378,0.0,0.002075761556625366,0.050363533198833466,0.09025245159864426,0.11589173972606659,0.24267570674419403,0.2689282298088074,False
train,0.2965201139450073,0.0,0.0022256376687437296,0.05045079067349434,0.09042949974536896,0.04114460200071335,0.20789796113967896,0.2119302749633789,False
train,0.29693686962127686,0.0,0.002330777933821082,0.050497088581323624,0.09046661108732224,-0.06575734913349152,0.04396410286426544,0.07910038530826569,False
train,0.297353595495224,0.0,0.0023617977276444435,0.050503574311733246,0.09036746621131897,-0.14709362387657166,-0.1304791271686554,0.19662486016750336,False
train,0.29777035117149353,0.0,0.0023273213300853968,0.05048277974128723,0.0901370644569397,-0.19578608870506287,-0.27062755823135376,0.3340231478214264,False
train,0.29818710684776306,0.0,0.002240672241896391,0.05044817551970482,0.08978196978569031,-0.21454212069511414,-0.38002657890319824,0.4364040791988373,False
train,0.2986038625240326,0.0,0.002118026604875922,0.05040847882628441,0.08930981159210205,-0.22375066578388214,-0.43934160470962524,0.4930369257926941,False
train,0.2990206480026245,0.0,0.001984288915991783,0.050362322479486465,0.08872894197702408,-0.2464371919631958,-0.43345174193382263,0.4986097812652588,False
train,0.29943737387657166,0.0,0.001865087659098208,0.05030413344502449,0.08804896473884583,-0.27655959129333496,-0.3738720118999481,0.4650435447692871,False
train,0.2998541295528412,0.0,0.0017768542747944593,0.05023619905114174,0.0872797891497612,-0.28808462619781494,-0.2910640239715576,0.4095253646373749,False
train,0.3002708852291107,0.0,0.0017219099681824446,0.05016931891441345,0.0864320769906044,-0.2695766091346741,-0.21857497096061707,0.347054123878479,False
train,0.30068764090538025,0.0,0.0016920987982302904,0.050114598125219345,0.08551660180091858,-0.23080992698669434,-0.17087116837501526,0.2871762216091156,False
train,0.3011043965816498,0.0,0.0016774233663454652,0.05007672682404518,0.08454440534114838,-0.18975692987442017,-0.1445048451423645,0.23851487040519714,False
train,0.3015211522579193,0.0,0.0016706137685105205,0.05005393549799919,0.08352664858102798,-0.1565360128879547,-0.13190580904483795,0.20470140874385834,False
train,0.30193787813186646,0.0,0.0016672257333993912,0.05004259943962097,0.0824742242693901,-0.13346964120864868,-0.12722226977348328,0.18438994884490967,False
train,0.3023546636104584,0.0,0.001664880895987153,0.05003802478313446,0.08139748871326447,-0.12152962386608124,-0.12621906399726868,0.17521615326404572,False
train,0.3027714192867279,0.0,0.0016627644654363394,0.05003591254353523,0.08030707389116287,-0.11920498311519623,-0.12570901215076447,0.17324140667915344,False
train,0.30318817496299744,0.0,0.0016611578175798059,0.05003329738974571,0.07921260595321655,-0.12063293159008026,-0.12345733493566513,0.17260943353176117,False
train,0.3036049008369446,0.0,0.0016611634055152535,0.05002998560667038,0.07812348008155823,-0.11885157972574234,-0.11767664551734924,0.167252779006958,False
train,0.3040216565132141,0.0,0.0016645501600578427,0.050028569996356964,0.07704830914735794,-0.10952968150377274,-0.10708931088447571,0.1531824767589569,False
train,0.30443841218948364,0.0,0.0016732887597754598,0.05003216490149498,0.07599514722824097,-0.09254594892263412,-0.09235639125108719,0.1307457685470581,False
train,0.3048551678657532,0.0,0.0016883605858311057,0.05004368722438812,0.0749715194106102,-0.07002000510692596,-0.07763408124446869,0.10454592853784561,False
train,0.3052719235420227,0.0,0.001708359457552433,0.05006484314799309,0.07398408651351929,-0.04470495134592056,-0.06999891251325607,0.0830564871430397,False
train,0.30568867921829224,0.0,0.0017289811512455344,0.050095196813344955,0.07303893566131592,-0.027560293674468994,-0.07519636303186417,0.08008784800767899,False
train,0.30610543489456177,0.0,0.0017447903519496322,0.050127241760492325,0.0721416249871254,-0.037106096744537354,-0.09227485954761505,0.09945608675479889,False
train,0.3065221905708313,0.0,0.001752406358718872,0.0501486137509346,0.07129683345556259,-0.07362107932567596,-0.11283370107412338,0.13472752273082733,False
train,0.30693894624710083,0.0,0.001752382842823863,0.0501539371907711,0.07050880044698715,-0.10674421489238739,-0.1279793232679367,0.16665244102478027,False
train,0.30735570192337036,0.0,0.0017476897919550538,0.050151385366916656,0.06978108733892441,-0.10729170590639114,-0.13536407053470612,0.17272794246673584,False
train,0.3077724575996399,0.0,0.0017413499299436808,0.050155654549598694,0.06911676377058029,-0.07399848848581314,-0.1360279768705368,0.15485279262065887,False
train,0.30818918347358704,0.0,0.0017362097278237343,0.05017760023474693,0.06851832568645477,-0.025821790099143982,-0.12958881258964539,0.13213638961315155,False
train,0.30860593914985657,0.0,0.0017351371934637427,0.050218742340803146,0.06798779219388962,0.017223037779331207,-0.11725766211748123,0.11851578950881958,False
train,0.3090226948261261,0.0,0.001739535597153008,0.050274934619665146,0.06752671301364899,0.04677125811576843,-0.10482852160930634,0.11478924006223679,False
train,0.309439480304718,0.0,0.0017479478847235441,0.05034027248620987,0.06713620573282242,0.06134390830993652,-0.09917644411325455,0.116614930331707,False
train,0.30985623598098755,0.0,0.0017568927723914385,0.05040809139609337,0.0668170377612114,0.05996648967266083,-0.10217449069023132,0.11847196519374847,False
train,0.3102729618549347,0.0,0.0017637604614719748,0.05047322437167168,0.06656957417726517,0.05138503015041351,-0.1080130785703659,0.11961290240287781,False
train,0.3106897175312042,0.0,0.0017691735411062837,0.0505363829433918,0.06639374047517776,0.053707465529441833,-0.10829466581344604,0.12088104337453842,False
train,0.31110647320747375,0.0,0.0017763235373422503,0.05060362443327904,0.06628918647766113,0.0685359388589859,-0.10030420869588852,0.1214829608798027,False
train,0.3115232288837433,0.0,0.001787649467587471,0.05067520588636398,0.06625524163246155,0.06880465149879456,-0.09008108079433441,0.11335202306509018,False
train,0.3119399845600128,0.0,0.0018021143041551113,0.050738852471113205,0.06629091501235962,0.028545930981636047,-0.08693160861730576,0.09149850159883499,False
train,0.31235674023628235,0.0,0.0018151603871956468,0.050776805728673935,0.06639484316110611,-0.05421623960137367,-0.09814640879631042,0.112125463783741,False
train,0.3127734959125519,0.0,0.0018198777688667178,0.050773024559020996,0.06656541675329208,-0.16837941110134125,-0.12606899440288544,0.21034500002861023,False
train,0.3131902515888214,0.0,0.0018123729387298226,0.05072133243083954,0.06680064648389816,-0.2763984203338623,-0.15197327733039856,0.31542345881462097,False
train,0.31360700726509094,0.0,0.0017977659590542316,0.05063309147953987,0.06709831953048706,-0.34175145626068115,-0.16031795740127563,0.37748628854751587,False
train,0.3140237629413605,0.0,0.0017809298587962985,0.05052582547068596,0.06745578348636627,-0.3708522915840149,-0.16516974568367004,0.4059710204601288,False
train,0.3144404888153076,0.0,0.0017609242349863052,0.05041218549013138,0.0678701251745224,-0.3742672801017761,-0.17485320568084717,0.413097620010376,False
train,0.31485724449157715,0.0,0.0017368500120937824,0.05030151456594467,0.06833811849355698,-0.3584519326686859,-0.18244649469852448,0.4022120237350464,False
train,0.3152740001678467,0.0,0.001711857970803976,0.05020053684711456,0.06885619461536407,-0.3292049467563629,-0.17750243842601776,0.374009370803833,False
train,0.3156907558441162,0.0,0.00169192545581609,0.050114382058382034,0.06942041963338852,-0.28829294443130493,-0.15879417955875397,0.3291328251361847,False
train,0.31610754132270813,0.0,0.0016810477245599031,0.050046782940626144,0.07002656906843185,-0.24354541301727295,-0.13538794219493866,0.27864718437194824,False
train,0.3165242671966553,0.0,0.0016795882256701589,0.04999728128314018,0.07066990435123444,-0.20276512205600739,-0.11381116509437561,0.2325224131345749,False
train,0.3169410228729248,0.0,0.0016865443903952837,0.04996486380696297,0.07134570926427841,-0.16151906549930573,-0.09456740319728851,0.18716676533222198,False
train,0.31735777854919434,0.0,0.001701502245850861,0.04995100200176239,0.0720486268401146,-0.11567112803459167,-0.0743473470211029,0.1375039517879486,False
train,0.31777453422546387,0.0,0.0017258760053664446,0.049955569207668304,0.07277315855026245,-0.07797078788280487,-0.049365073442459106,0.09228409826755524,False
train,0.3181912899017334,0.0,0.001759680570103228,0.04997178539633751,0.07351349294185638,-0.06021946296095848,-0.0337909534573555,0.06905224174261093,False
train,0.31860804557800293,0.0,0.0017931528855115175,0.049994975328445435,0.07426352798938751,-0.04199295490980148,-0.05216415971517563,0.0669664740562439,False
train,0.3190247714519501,0.0,0.0018147194059565663,0.05002756044268608,0.07501716911792755,-0.0186774879693985,-0.08429226279258728,0.08633674681186676,False
train,0.3194415271282196,0.0,0.0018259010976180434,0.05006994307041168,0.07576791942119598,0.003959953784942627,-0.09934935718774796,0.09942824393510818,False
train,0.3198583126068115,0.0,0.001835530623793602,0.05012322589755058,0.07650942355394363,0.033748723566532135,-0.0924668163061142,0.09843316674232483,False
train,0.32027506828308105,0.0,0.0018520685844123363,0.05019169673323631,0.07723499834537506,0.07529644668102264,-0.06648477166891098,0.1004478931427002,False
train,0.3206918239593506,0.0,0.0018840752309188247,0.05027993768453598,0.07793807983398438,0.12588652968406677,-0.017317891120910645,0.12707214057445526,False
train,0.32110854983329773,0.0,0.0019415179267525673,0.050388019531965256,0.07861233502626419,0.16147401928901672,0.051522329449653625,0.16949456930160522,False
train,0.32152530550956726,0.0,0.00202204380184412,0.05049867928028107,0.07925152033567429,0.1305505931377411,0.07510398328304291,0.15061230957508087,False
train,0.3219420611858368,0.0,0.0020832796581089497,0.05058407410979271,0.07984966039657593,0.04960298538208008,-0.05271758884191513,0.07238508015871048,False
train,0.3223588168621063,0.0,0.002063276246190071,0.0506347194314003,0.08040095120668411,-0.0383785143494606,-0.28711557388305664,0.2896692454814911,False
train,0.32277557253837585,0.0,0.0019629483576864004,0.05064074695110321,0.08090027421712875,-0.16967418789863586,-0.39974069595336914,0.43426021933555603,False
train,0.3231923282146454,0.0,0.001859537442214787,0.05059337243437767,0.08134257793426514,-0.26974454522132874,-0.32193523645401,0.42000526189804077,False
train,0.3236090838909149,0.0,0.0017982403514906764,0.05052866041660309,0.08172373473644257,-0.25807985663414,-0.222247913479805,0.34058675169944763,False
train,0.32402583956718445,0.0,0.0017698993906378746,0.050479717552661896,0.08203998953104019,-0.20849600434303284,-0.1630869358778,0.2647034823894501,False
train,0.324442595243454,0.0,0.0017606248147785664,0.050450559705495834,0.08228830248117447,-0.16539302468299866,-0.1273045688867569,0.20871345698833466,False
train,0.3248593509197235,0.0,0.0017638116842135787,0.050437234342098236,0.08246637135744095,-0.13327893614768982,-0.102389857172966,0.1680683195590973,False
train,0.32527607679367065,0.0,0.0017752330750226974,0.05043483525514603,0.08257254213094711,-0.11403096467256546,-0.08828800171613693,0.14421454071998596,False
train,0.3256928324699402,0.0,0.0017897005891427398,0.050436947494745255,0.08260597288608551,-0.11158618330955505,-0.08775748312473297,0.1419607400894165,False
train,0.3261095881462097,0.0,0.0018021452706307173,0.05043730139732361,0.08256662636995316,-0.12127172201871872,-0.09651905298233032,0.15499277412891388,False
train,0.32652637362480164,0.0,0.001810621004551649,0.05043291673064232,0.08245520293712616,-0.1323639452457428,-0.10521639883518219,0.16908785700798035,False
train,0.32694312930107117,0.0,0.0018169089453294873,0.0504244826734066,0.08227308839559555,-0.14052022993564606,-0.10577969253063202,0.17588427662849426,False
train,0.3273598551750183,0.0,0.0018258941126987338,0.05041292682290077,0.082022525370121,-0.1475454866886139,-0.09090971946716309,0.17330391705036163,False
train,0.32777661085128784,0.0,0.001845062244683504,0.05039611831307411,0.08170630037784576,-0.17088183760643005,-0.05785161256790161,0.1804090142250061,False
train,0.3281933665275574,0.0,0.001876932568848133,0.050359029322862625,0.08132797479629517,-0.24691109359264374,-0.04104156792163849,0.2502988278865814,False
train,0.3286101222038269,0.0,0.0018991556717082858,0.05028720945119858,0.0808916985988617,-0.3140377104282379,-0.10965049266815186,0.33263030648231506,False
train,0.32902687788009644,0.0,0.0018837745301425457,0.05020809546113014,0.08040203899145126,-0.2812707722187042,-0.19428205490112305,0.3418461084365845,False
train,0.32944363355636597,0.0,0.001853418187238276,0.050152190029621124,0.07986406236886978,-0.21539098024368286,-0.17558415234088898,0.2778903841972351,False
train,0.3298603594303131,0.0,0.0018464743625372648,0.0501222237944603,0.07928328961133957,-0.15651878714561462,-0.09605428576469421,0.18364247679710388,False
train,0.33027714490890503,0.0,0.001873272005468607,0.05011507868766785,0.07866545021533966,-0.10477712750434875,-0.01972293108701706,0.10661725699901581,False
train,0.33069390058517456,0.0,0.0019273313228040934,0.05012759566307068,0.07801664620637894,-0.06046999618411064,0.03378165513277054,0.06926630437374115,False
train,0.3311106562614441,0.0,0.0019982994999736547,0.05015616491436958,0.07734300941228867,-0.02866572141647339,0.061611972749233246,0.06795409321784973,False
train,0.3315274119377136,0.0,0.0020753145217895508,0.0501929372549057,0.07665077596902847,-0.021852008998394012,0.06229335069656372,0.06601493805646896,False
train,0.33194413781166077,0.0,0.0021452007349580526,0.05022655799984932,0.07594621926546097,-0.0391848161816597,0.024425439536571503,0.046174149960279465,False
train,0.3323608934879303,0.0,0.002187286736443639,0.05025295913219452,0.07523556798696518,-0.04821937903761864,-0.07404248416423798,0.08835948258638382,False
train,0.33277764916419983,0.0,0.002177343238145113,0.05028166249394417,0.07452502846717834,-0.029663078486919403,-0.21375471353530884,0.2158030867576599,False
train,0.33319440484046936,0.0,0.0021190345287323,0.05031529441475868,0.07382059097290039,-0.03309061378240585,-0.2867043614387512,0.288607656955719,False
train,0.3336111605167389,0.0,0.0020550282206386328,0.05033938214182854,0.07312783598899841,-0.06620539724826813,-0.24763327836990356,0.2563306391239166,False
train,0.3340279161930084,0.0,0.0020200982689857483,0.05035380646586418,0.0724525973200798,-0.06960971653461456,-0.15581941604614258,0.1706610769033432,False
train,0.33444467186927795,0.0,0.002033425262197852,0.05037892609834671,0.07179991155862808,-0.006702616810798645,-0.006570398807525635,0.009385905228555202,False
train,0.3348614275455475,0.0,0.0021320912055671215,0.05045919492840767,0.07117493450641632,0.21760161221027374,0.2513275444507599,0.33243945240974426,False
train,0.335278183221817,0.0,0.002305990783497691,0.05060894787311554,0.07058233767747879,0.053030259907245636,0.20559515058994293,0.21232421696186066,False
train,0.33569493889808655,0.0,0.0023058203514665365,0.05046061426401138,0.07002637535333633,-0.7256316542625427,-0.41947221755981445,0.8381516337394714,False
train,0.3361116647720337,0.0,0.002148158848285675,0.05030849203467369,0.06951115280389786,-0.21189743280410767,-0.4993133246898651,0.5424152612686157,False
train,0.3365284204483032,0.0,0.002010493306443095,0.0502965934574604,0.06904035806655884,-0.11266864836215973,-0.4034530222415924,0.4188896715641022,False
train,0.33694520592689514,0.0,0.0019094840390607715,0.05028199404478073,0.06861723959445953,-0.16517828404903412,-0.3257961869239807,0.36527663469314575,False
train,0.3373619616031647,0.0,0.0018380471738055348,0.050246644765138626,0.06824510544538498,-0.2046484649181366,-0.2606080174446106,0.33135712146759033,False
train,0.3377787172794342,0.0,0.0017917874502018094,0.0502009242773056,0.06792638450860977,-0.2129971981048584,-0.2052076756954193,0.29576680064201355,False
train,0.33819544315338135,0.0,0.0017662924947217107,0.050158265978097916,0.06766374409198761,-0.19074700772762299,-0.1612381786108017,0.24976423382759094,False
train,0.3386121988296509,0.0,0.0017563747242093086,0.050129033625125885,0.06745905429124832,-0.1505388468503952,-0.13067840039730072,0.1993459016084671,False
train,0.3390289545059204,0.0,0.0017560911364853382,0.05011751502752304,0.06731418520212173,-0.1083938404917717,-0.11525864154100418,0.15822066366672516,False
train,0.33944571018218994,0.0,0.0017585399327799678,0.05012158676981926,0.06723067164421082,-0.07693000882863998,-0.11827155202627182,0.14108999073505402,False
train,0.3398624658584595,0.0,0.0017552145291119814,0.050134461373090744,0.06720959395170212,-0.06741774082183838,-0.14300206303596497,0.1580972522497177,False
train,0.340279221534729,0.0,0.001738830585964024,0.050147417932748795,0.06725199520587921,-0.07268713414669037,-0.17596372961997986,0.19038553535938263,False
train,0.34069597721099854,0.0,0.0017140329582616687,0.05015825480222702,0.06735840439796448,-0.0797918364405632,-0.17748577892780304,0.19459685683250427,False
train,0.34111273288726807,0.0,0.0016966816037893295,0.05016327649354935,0.06752920150756836,-0.09742021560668945,-0.14562922716140747,0.17521007359027863,False
train,0.3415294885635376,0.0,0.0016937723848968744,0.05016561970114708,0.06776440143585205,-0.0896979421377182,-0.11141713708639145,0.14303670823574066,False
train,0.34194624423980713,0.0,0.0017044538399204612,0.050174400210380554,0.06806374341249466,-0.07410438358783722,-0.08002083003520966,0.10906325280666351,False
train,0.34236299991607666,0.0,0.0017273519188165665,0.050185032188892365,0.06842665374279022,-0.08390828222036362,-0.05430623143911362,0.09994881600141525,False
train,0.3427797257900238,0.0,0.0017576823011040688,0.05018666014075279,0.06885223090648651,-0.11463052034378052,-0.04603451490402222,0.12352867424488068,False
train,0.34319648146629333,0.0,0.001787187997251749,0.05017571523785591,0.06933935731649399,-0.14232860505580902,-0.05656794458627701,0.15315797924995422,False
train,0.34361323714256287,0.0,0.0018108616350218654,0.050155334174633026,0.06988642364740372,-0.1619872748851776,-0.07094090431928635,0.17684029042720795,False
train,0.3440300226211548,0.0,0.0018300837837159634,0.050126247107982635,0.07049163430929184,-0.1878577470779419,-0.07653643190860748,0.2028505802154541,False
train,0.34444674849510193,0.0,0.0018492015078663826,0.050082795321941376,0.07115249335765839,-0.2338816225528717,-0.07171985507011414,0.24463105201721191,False
train,0.34486350417137146,0.0,0.0018709906144067645,0.05001683160662651,0.07186654210090637,-0.29136431217193604,-0.06626174598932266,0.2988039255142212,False
train,0.345280259847641,0.0,0.0018904631724581122,0.04993690177798271,0.07263070344924927,-0.2847912907600403,-0.08886373043060303,0.29833343625068665,False
train,0.3456970155239105,0.0,0.0018889723578467965,0.04988249018788338,0.07344145327806473,-0.18527239561080933,-0.1657337099313736,0.24858303368091583,False
train,0.34611377120018005,0.0,0.0018537783762440085,0.04986555501818657,0.07429490983486176,-0.11959865689277649,-0.23174087703227997,0.26078280806541443,False
train,0.3465305268764496,0.0,0.001807397697120905,0.049871258437633514,0.07518677413463593,-0.0687439814209938,-0.22070497274398804,0.23116318881511688,False
train,0.34694725275039673,0.0,0.0017734781140461564,0.049898650497198105,0.07611224800348282,-0.020718254148960114,-0.18300896883010864,0.18417797982692719,False
train,0.34736403822898865,0.0,0.001753319869749248,0.04994320496916771,0.07706629484891891,0.010814830660820007,-0.15726634860038757,0.15763777494430542,False
train,0.3477807939052582,0.0,0.0017407932318747044,0.04999766871333122,0.07804318517446518,0.025787919759750366,-0.14593175053596497,0.14819276332855225,False
train,0.3481975495815277,0.0,0.0017311573028564453,0.05005654692649841,0.07903686910867691,0.03122185915708542,-0.1423376351594925,0.1457216739654541,False
train,0.34861430525779724,0.0,0.0017231253441423178,0.05011703819036484,0.08004111051559448,0.03151848167181015,-0.1368453949689865,0.14042818546295166,False
train,0.3490310311317444,0.0,0.0017196349799633026,0.05017681047320366,0.08104903995990753,0.02483496069908142,-0.11925698816776276,0.12181545048952103,False
train,0.3494477868080139,0.0,0.0017277024453505874,0.05023236572742462,0.08205369859933853,0.010214433073997498,-0.07998157292604446,0.08063118159770966,False
train,0.34986454248428345,0.0,0.0017588299233466387,0.05028151720762253,0.08304785192012787,-0.007225438952445984,-0.005756691098213196,0.00923831481486559,False
train,0.350281298160553,0.0,0.00183251709677279,0.05032380670309067,0.0840238630771637,-0.02519454061985016,0.13042837381362915,0.13283947110176086,False
train,0.3506980538368225,0.0,0.0019832022953778505,0.05035929009318352,0.08497411012649536,-0.039786823093891144,0.37151145935058594,0.373635858297348,False
train,0.35111480951309204,0.0,0.0022615469060838223,0.05039244517683983,0.08589106798171997,-0.03675233572721481,0.7442711591720581,0.7451780438423157,False
train,0.3515315651893616,0.0,0.002717756200581789,0.050429753959178925,0.08676682412624359,-0.02579379826784134,1.215814232826233,1.216087818145752,False
train,0.3519483208656311,0.0,0.003376846434548497,0.05046919360756874,0.08759398013353348,-0.030899174511432648,1.7056061029434204,1.7058860063552856,False
train,0.35236507654190063,0.0,0.004226674325764179,0.05050221085548401,0.08836495876312256,-0.0584150031208992,2.117341995239258,2.118147611618042,False
train,0.35278183221817017,0.0,0.005211250390857458,0.05051962286233902,0.08907294273376465,-0.10626089572906494,2.3371951580047607,2.339609384536743,False
train,0.3531985878944397,0.0,0.006233046762645245,0.05051461607217789,0.08971108496189117,-0.16533862054347992,2.3070101737976074,2.312927484512329,False
train,0.35361531376838684,0.0,0.00721612898632884,0.050486061722040176,0.09027311205863953,-0.2172676920890808,2.2115561962127686,2.222203016281128,False
train,0.35403206944465637,0.0,0.008205626159906387,0.05043979361653328,0.09075350314378738,-0.2512293756008148,2.3855807781219482,2.398772954940796,False
train,0.3544488549232483,0.0,0.009336120449006557,0.050381746143102646,0.09114725887775421,-0.2771664559841156,2.861053466796875,2.8744475841522217,False
train,0.3548656105995178,0.0,0.010675032623112202,0.050312403589487076,0.09144996851682663,-0.3069404065608978,3.336489677429199,3.3505783081054688,False
train,0.35528233647346497,0.0,0.012171364389359951,0.05023060366511345,0.09165820479393005,-0.3346666097640991,3.6272292137145996,3.6426353454589844,False
train,0.3556990921497345,0.0,0.013782031834125519,0.05014116317033768,0.09176933765411377,-0.34021371603012085,3.9619739055633545,3.9765541553497314,False
train,0.35611584782600403,0.0,0.015614221803843975,0.05005771294236183,0.0917816087603569,-0.3027198016643524,4.75031042098999,4.759946346282959,False
train,0.35653260350227356,0.0,0.017879504710435867,0.05000108852982521,0.0916941687464714,-0.2112625241279602,5.9960856437683105,5.9998064041137695,False
train,0.3569493591785431,0.0,0.020671455189585686,0.04999266192317009,0.09150707721710205,-0.07399724423885345,7.210826396942139,7.211205959320068,False
train,0.3573661148548126,0.0,0.02393336221575737,0.05004745349287987,0.09122136235237122,0.08956336975097656,8.317778587341309,8.318260192871094,False
train,0.35778287053108215,0.004538539797067642,0.027646172791719437,0.050170477479696274,0.0908389687538147,0.24240125715732574,9.250971794128418,9.25414752960205,False
train,0.3581996262073517,0.039081871509552,0.03142626956105232,0.050337448716163635,0.09036252647638321,0.282237708568573,8.335845947265625,8.340622901916504,False
train,0.3586163818836212,0.038745682686567307,0.03431931883096695,0.05048864334821701,0.08979581296443939,0.18073277175426483,5.290857315063477,5.293943405151367,False
train,0.35903313755989075,0.03866163641214371,0.03591448813676834,0.05058923736214638,0.08914312720298767,0.06071905791759491,2.483853340148926,2.484595537185669,False
train,0.3594498932361603,0.038913775235414505,0.03659137338399887,0.05064864829182625,0.08840955048799515,-0.013974219560623169,0.868130087852478,0.8682425618171692,False
train,0.3598666191101074,0.038745682686567307,0.03678245469927788,0.05068604275584221,0.08760076016187668,-0.041602641344070435,0.11457853764295578,0.12189758569002151,False
train,0.36028337478637695,0.038745682686567307,0.03683397173881531,0.050724856555461884,0.08672290295362473,-0.0027753710746765137,0.19636911153793335,0.19638872146606445,False
train,0.3607001304626465,0.038745682686567307,0.03700414299964905,0.05079115927219391,0.08578275889158249,0.07975739240646362,0.4170832633972168,0.4246406555175781,False
train,0.361116886138916,0.038829728960990906,0.03690507635474205,0.05088051036000252,0.08478720486164093,0.08552749454975128,-1.5081524848937988,1.5105756521224976,False
train,0.36153367161750793,0.039081871509552,0.0354076512157917,0.050942085683345795,0.08374349772930145,-0.038097403943538666,-5.827230453491211,5.827354907989502,False
train,0.3619503974914551,0.038745682686567307,0.03241755813360214,0.05095428600907326,0.08265925943851471,-0.11806078255176544,-7.930706977844238,7.931585788726807,False
train,0.3623671531677246,0.026584075763821602,0.029221808537840843,0.05095262452960014,0.08154164254665375,-0.12141988426446915,-7.41038179397583,7.411376476287842,False
train,0.36278390884399414,0.019372841343283653,0.026216045022010803,0.050947871059179306,0.08039820939302444,-0.1268840730190277,-7.130608081817627,7.131736755371094,False
train,0.36320066452026367,0.019414864480495453,0.023512819781899452,0.050954755395650864,0.07923639565706253,-0.05093662440776825,-5.628530502319336,5.628760814666748,False
train,0.3636174201965332,0.019372841343283653,0.02176869846880436,0.05100807175040245,0.07806321233510971,0.07906907796859741,-2.8950462341308594,2.8961257934570312,False
train,0.36403417587280273,0.019372841343283653,0.020935868844389915,0.05110444501042366,0.07688568532466888,0.1411636620759964,-1.706794261932373,1.7126219272613525,False
train,0.3644509017467499,0.019540935754776,0.02002984844148159,0.05120261013507843,0.07571044564247131,0.09301204979419708,-3.0991084575653076,3.100503921508789,False
train,0.3648676872253418,0.019372841343283653,0.018398607149720192,0.05126764997839928,0.07454369217157364,0.0017727017402648926,-4.627060890197754,4.627061367034912,False
train,0.36528444290161133,0.019414864480495453,0.016560034826397896,0.051301952451467514,0.07339145243167877,-0.04406584054231644,-4.02745246887207,4.027693271636963,False
train,0.36570119857788086,0.019372841343283653,0.015187338925898075,0.051323648542165756,0.07225911319255829,-0.07367900013923645,-2.932673692703247,2.9335989952087402,False
train,0.366117924451828,0.013212193734943867,0.01389470137655735,0.051317017525434494,0.07115185260772705,-0.18536913394927979,-3.7898552417755127,3.7943859100341797,False
train,0.36653468012809753,0.0,0.012040458619594574,0.05125635862350464,0.0700741559267044,-0.30100423097610474,-5.103054046630859,5.111923694610596,False
train,0.36695143580436707,0.0,0.009957191534340382,0.05117090791463852,0.06903024017810822,-0.3003600835800171,-4.890594005584717,4.899808883666992,False
train,0.3673681914806366,0.0,0.008081640116870403,0.051095183938741684,0.06802380084991455,-0.27700868248939514,-4.402026176452637,4.410733222961426,False
train,0.36778494715690613,0.0,0.006312133744359016,0.05101628974080086,0.06705818325281143,-0.3137761950492859,-4.316411972045898,4.327801704406738,False
train,0.36820170283317566,0.0,0.004652194678783417,0.050917066633701324,0.06613615900278091,-0.35797348618507385,-3.7228169441223145,3.739988088607788,False
train,0.3686184585094452,0.0,0.003410660894587636,0.05081075057387352,0.06526008993387222,-0.3394891619682312,-2.4185919761657715,2.4423022270202637,False
train,0.3690352141857147,0.0,0.0027089803479611874,0.050725072622299194,0.06443199515342712,-0.2658557891845703,-1.2720496654510498,1.2995344400405884,False
train,0.36945196986198425,0.0,0.002372598508372903,0.050670281052589417,0.06365350633859634,-0.19914045929908752,-0.6661205887794495,0.6952507495880127,False
train,0.3698687255382538,0.0,0.0022043483331799507,0.05063400790095329,0.06292587518692017,-0.1778383105993271,-0.41819649934768677,0.4544389545917511,False
train,0.3702854812145233,0.0,0.00211213156580925,0.050597287714481354,0.06224982813000679,-0.1954977810382843,-0.2697491943836212,0.33314263820648193,False
train,0.37070220708847046,0.0,0.0020803571678698063,0.05055210366845131,0.0616261288523674,-0.20854723453521729,-0.12502562999725342,0.2431529462337494,False
train,0.37111896276474,0.0,0.002109123393893242,0.050508372485637665,0.061054810881614685,-0.18731923401355743,0.0213506817817688,0.18853208422660828,False
train,0.3715357184410095,0.0,0.0021982586476951838,0.05047624185681343,0.06053588166832924,-0.1588449776172638,0.1607818305492401,0.22601443529129028,False
train,0.37195250391960144,0.0,0.0023380781058222055,0.050452444702386856,0.060068968683481216,-0.1452517807483673,0.2622529864311218,0.2997910976409912,False
train,0.37236925959587097,0.0,0.0025129932910203934,0.05043463781476021,0.05965344235301018,-0.1256534308195114,0.3291684687137604,0.35233601927757263,False
train,0.3727859854698181,0.0,0.0026879950892180204,0.050426408648490906,0.05928851664066315,-0.10255412012338638,0.21266108751296997,0.23609761893749237,False
train,0.37320274114608765,0.0,0.0027376720681786537,0.05042372643947601,0.058972958475351334,-0.10032950341701508,-0.23759058117866516,0.2579055726528168,False
train,0.3736194968223572,0.0,0.0026212555821985006,0.050419777631759644,0.05870549753308296,-0.10200848430395126,-0.4859338700771332,0.496525377035141,False
train,0.3740362524986267,0.0,0.0024821748957037926,0.050419844686985016,0.05848449096083641,-0.076631560921669,-0.3860005736351013,0.3935337960720062,False
train,0.37445300817489624,0.0,0.002412008587270975,0.05043843388557434,0.05830824375152588,-0.012699529528617859,-0.18999455869197845,0.19041851162910461,False
train,0.37486976385116577,0.0,0.002412367146462202,0.05048803612589836,0.05817486345767975,0.06120938062667847,-0.08200502395629883,0.10232991725206375,False
train,0.3752865195274353,0.0,0.00239074626006186,0.05055281147360802,0.058081988245248795,0.03633143752813339,-0.3549406826496124,0.3567952811717987,False
train,0.37570327520370483,0.0,0.0021687832195311785,0.05056755617260933,0.05802732706069946,-0.1691860854625702,-0.8884987831115723,0.9044634103775024,False
train,0.37612003087997437,0.0,0.0018895843531936407,0.0505019836127758,0.05800837650895119,-0.28760960698127747,-0.5800409317016602,0.6474308967590332,False
train,0.3765367865562439,0.0,0.0017762025818228722,0.050432197749614716,0.05802233889698982,-0.22444210946559906,-0.26695021986961365,0.3487645089626312,False
train,0.37695351243019104,0.0,0.001737767131999135,0.05038871243596077,0.05806635692715645,-0.16362932324409485,-0.17290353775024414,0.2380550056695938,False
train,0.37737026810646057,0.0,0.0017298224847763777,0.050380658358335495,0.0581374429166317,-0.06059029698371887,-0.11612306535243988,0.1309799700975418,False
train,0.3777870237827301,0.0,0.0017330354312434793,0.05040209740400314,0.05823223665356636,-0.03770701214671135,-0.11776163429021835,0.12365120649337769,False
train,0.37820377945899963,0.0,0.0017349132103845477,0.05041935667395592,0.05834752693772316,-0.06647439301013947,-0.11292760074138641,0.13104002177715302,False
train,0.37862056493759155,0.0,0.0017404390964657068,0.05042119324207306,0.058479804545640945,-0.11308130621910095,-0.10615323483943939,0.15509961545467377,False
train,0.3790372908115387,0.0,0.0017464769771322608,0.050400182604789734,0.05862537398934364,-0.1734119951725006,-0.10883063077926636,0.20473355054855347,False
train,0.3794540464878082,0.0,0.0017516608349978924,0.05035660043358803,0.05878082290291786,-0.2103174328804016,-0.10668409615755081,0.23582816123962402,False
train,0.37987080216407776,0.0,0.001767296576872468,0.05032830685377121,0.05894223973155022,-0.049790963530540466,-0.03567454218864441,0.06125204637646675,False
train,0.3802875578403473,0.0,0.0018629671540111303,0.0504123792052269,0.05910594016313553,0.11500083655118942,0.2823033928871155,0.3048284649848938,False
train,0.3807043135166168,0.0,0.0020354720763862133,0.05038229003548622,0.05926809832453728,-0.32518213987350464,0.241636723279953,0.4051317572593689,False
train,0.38112106919288635,0.0,0.0022279571276158094,0.050315011292696,0.059424981474876404,-0.18963998556137085,0.4662187695503235,0.5033122897148132,False
train,0.3815377950668335,0.0,0.0022840143647044897,0.050257183611392975,0.0595729760825634,-0.2996545433998108,-0.7494645714759827,0.8071492910385132,False
train,0.381954550743103,0.0,0.0020028071012347937,0.05015615373849869,0.059708401560783386,-0.3525790274143219,-0.4712362289428711,0.58853679895401,False
train,0.38237133622169495,0.0,0.0019769156351685524,0.05004285275936127,0.05982783064246178,-0.3894006311893463,0.01448717713356018,0.3896700143814087,False
train,0.3827880918979645,0.0,0.0020753066055476665,0.0499059222638607,0.059927891939878464,-0.4518418610095978,0.19896982610225677,0.4937104880809784,False
train,0.383204847574234,0.0,0.0022401579190045595,0.04974466562271118,0.06000551953911781,-0.5168512463569641,0.36423027515411377,0.6322965025901794,False
train,0.38362157344818115,0.0,0.0024927903432399035,0.049538321793079376,0.060057878494262695,-0.6879364252090454,0.6301635503768921,0.9329322576522827,False
train,0.3840383291244507,0.0,0.0028522610664367676,0.049224287271499634,0.06008230149745941,-1.0190739631652832,0.7537740468978882,1.2675516605377197,False
train,0.3844550848007202,0.0,0.0028057198505848646,0.04890989884734154,0.06007654219865799,0.03594806045293808,-2.256009817123413,2.256296157836914,False
train,0.38487184047698975,0.0,0.0018495318945497274,0.04948695749044418,0.060038644820451736,0.49178510904312134,-0.8509317636489868,0.9828211665153503,False
train,0.3852885961532593,0.0,0.001783906132914126,0.049414217472076416,0.059967041015625,-0.6122440695762634,0.02439204603433609,0.6127297878265381,False
train,0.3857053518295288,0.0,0.0019491418497636914,0.04913865402340889,0.059860505163669586,-1.0831013917922974,0.7653825283050537,1.326242446899414,False
train,0.38612210750579834,0.0,0.0028578361961990595,0.04848382622003555,0.059718310832977295,-1.3531031608581543,2.0798332691192627,2.481248617172241,False
train,0.38653886318206787,0.0,0.002811924321576953,0.04838992655277252,0.05953995883464813,0.12745408713817596,-0.994133472442627,1.0022703409194946,False
train,0.3869556188583374,0.0,0.0025668691378086805,0.048319436609745026,0.0593256950378418,-0.7018582820892334,-0.4303401708602905,0.8232847452163696,False
train,0.38737237453460693,0.0,0.0025455111172050238,0.04793444275856018,0.05907582864165306,-1.3137562274932861,0.1320895254611969,1.3203798532485962,False
train,0.3877891004085541,0.0,0.002795145148411393,0.04730954393744469,0.058791372925043106,-1.7011183500289917,0.820138692855835,1.8884997367858887,False
train,0.3882058560848236,0.0,0.0032120828982442617,0.04687440022826195,0.05847346782684326,-0.32217657566070557,0.7747287154197693,0.839048445224762,False
train,0.38862261176109314,0.0,0.003480312181636691,0.047089170664548874,0.05812401697039604,1.0096380710601807,0.35779398679733276,1.071160912513733,False
train,0.38903939723968506,0.0,0.003646302502602339,0.047648463398218155,0.057744886726140976,1.2590059041976929,0.20682084560394287,1.2758804559707642,False
train,0.3894561529159546,0.0,0.0036880162078887224,0.04789486527442932,0.05733855068683624,-0.726109504699707,-0.223810076713562,0.7598196864128113,False
train,0.38987287878990173,0.0,0.0065028853714466095,0.046720415353775024,0.0569077767431736,-1.3271028995513916,46.32222366333008,46.34122848510742,False
train,0.39028963446617126,0.0,0.04054790735244751,0.04125718027353287,0.05645546317100525,-19.69866943359375,-206.5504150390625,207.4876251220703,True
train,0.3907063901424408,0.37264353036880493,0.37281879782676697,0.045786917209625244,0.05598481371998787,32.66239929199219,1120.593505859375,1121.0694580078125,True
train,0.3911231458187103,0.4667467772960663,0.4684275686740875,0.05192141979932785,0.055499304085969925,4.897488594055176,38.81023406982422,39.11802291870117,False
train,0.39153990149497986,0.466687947511673,0.46658948063850403,0.05246466025710106,0.05500247702002525,-0.8549186587333679,-180.98779296875,180.98980712890625,True
train,0.3919566571712494,0.2673746347427368,0.2677323818206787,0.05351907014846802,0.054498009383678436,-2.3902626037597656,-320.23004150390625,320.23895263671875,True
train,0.39237338304519653,0.23371799290180206,0.2349570393562317,0.05284826084971428,0.053989723324775696,-1.2771024703979492,0.9070467948913574,1.5664368867874146,False
train,0.39279016852378845,0.2354535609483719,0.23487553000450134,0.05228649824857712,0.0534813366830349,-1.5918238162994385,-3.525958299636841,3.8686282634735107,False
train,0.3932068943977356,0.2330792248249054,0.23107782006263733,0.05162476375699043,0.052976809442043304,-1.6952506303787231,-11.377557754516602,11.50316047668457,False
train,0.3936236798763275,0.22826333343982697,0.23178508877754211,0.05104422941803932,0.05247987061738968,-1.1097898483276367,18.17667007446289,18.21051788330078,False
train,0.39404040575027466,0.2117985188961029,0.20853830873966217,0.05102745443582535,0.05199434608221054,0.6174259185791016,-182.38504028320312,182.38609313964844,True
train,0.3944571614265442,0.16709810495376587,0.16968698799610138,0.05069078877568245,0.0515238493680954,-3.8211944103240967,-5.322220325469971,6.551912307739258,False
train,0.3948739469051361,0.0,0.07306008040904999,0.04649118334054947,0.05107193812727928,-11.554187774658203,-476.4556579589844,476.5957336425781,True
train,0.39529067277908325,0.0,0.00467550428584218,0.04726025462150574,0.05064230039715767,5.177306652069092,-7.542834281921387,9.148707389831543,False
train,0.39570745825767517,0.0,0.006372835487127304,0.048127494752407074,0.05023810267448425,3.7974865436553955,2.222261905670166,4.39992618560791,False
train,0.3961241841316223,0.0,0.004703441634774208,0.05000744387507439,0.04986271262168884,3.0960299968719482,-3.6828482151031494,4.811316967010498,False
train,0.39654093980789185,0.0,0.004260076209902763,0.05003420263528824,0.04951911419630051,-3.446399450302124,-1.34966242313385,3.7012507915496826,False
train,0.396957665681839,0.0,0.0024643242359161377,0.049683403223752975,0.049210261553525925,0.8272181749343872,-2.4866833686828613,2.6206648349761963,False
train,0.3973744511604309,0.0,0.0021279528737068176,0.05000436305999756,0.04893894121050835,1.1140934228897095,0.07796190679073334,1.116817831993103,False
train,0.3977912366390228,0.0,0.0022213112097233534,0.05044044181704521,0.04870791733264923,-0.6789067387580872,-0.3680915832519531,0.7722731232643127,False
train,0.39820796251296997,0.0,0.0020028308499604464,0.049868300557136536,0.04851961135864258,-1.2131847143173218,-0.6732125282287598,1.3874553442001343,False
train,0.3986247181892395,0.0,0.0018280796939507127,0.04966531693935394,0.048376332968473434,-0.11153416335582733,-0.40605294704437256,0.4210924804210663,False
train,0.39904144406318665,0.0,0.0017561429413035512,0.049696169793605804,0.048280440270900726,-0.022060580551624298,-0.1800396889448166,0.18138621747493744,False
train,0.39945822954177856,0.0,0.0017782252980396152,0.04966374486684799,0.048233937472105026,-0.2738071084022522,0.012574218213558197,0.27409568428993225,False
train,0.3998749554157257,0.0,0.0018233724404126406,0.04959874600172043,0.04823886975646019,-0.18366053700447083,-0.02307615429162979,0.18510456383228302,False
train,0.4002917408943176,0.0,0.0019072684226557612,0.049549899995326996,0.04829707369208336,-0.2067389041185379,0.24483191967010498,0.32044288516044617,False
train,0.40070846676826477,0.0,0.0021505188196897507,0.04956664517521858,0.04841034859418869,0.034383051097393036,0.8469493389129639,0.847646951675415,False
train,0.4011252224445343,0.0,0.003097533481195569,0.04956933856010437,0.04858027398586273,0.028441958129405975,3.658531427383423,3.658642053604126,False
train,0.4015420079231262,0.0,0.0038364341016858816,0.049795135855674744,0.048808399587869644,0.7395569086074829,-2.309434652328491,2.4249603748321533,False
train,0.40195873379707336,0.0,0.002842535963281989,0.050078313797712326,0.049096133559942245,0.3984299600124359,-1.173863410949707,1.2396377325057983,False
train,0.4023755192756653,0.0,0.0027409722097218037,0.05025705695152283,0.04944481700658798,0.36185944080352783,-0.058755043894052505,0.3665984272956848,False
train,0.4027922451496124,0.0,0.002616295823827386,0.05045348405838013,0.04985557124018669,0.3664279580116272,-0.926177978515625,0.9960296750068665,False
train,0.40320900082588196,0.0,0.002143136691302061,0.05057835206389427,0.05032948777079582,0.013865865767002106,-1.3155142068862915,1.3155872821807861,False
train,0.4036257266998291,0.0,0.0017856203485280275,0.0505310595035553,0.05086737871170044,-0.37229183316230774,-0.6199482679367065,0.7231438755989075,False
train,0.404042512178421,0.0,0.001673257676884532,0.05038336664438248,0.05147011578083038,-0.4608108103275299,-0.23248456418514252,0.5161353349685669,False
train,0.40445923805236816,0.0,0.0016600288217887282,0.05025062710046768,0.05213809385895729,-0.31058555841445923,-0.09364719688892365,0.32439664006233215,False
train,0.4048760235309601,0.0,0.0016877767629921436,0.05021708086133003,0.0528719387948513,-0.01269509643316269,-0.021112747490406036,0.024635616689920425,False
train,0.4052927792072296,0.0,0.0017420626245439053,0.05031498521566391,0.05367144197225571,0.3018820881843567,0.039069049060344696,0.3043997287750244,False
train,0.40570950508117676,0.0,0.0018184658838436007,0.0505119264125824,0.054536644369363785,0.3856241703033447,0.07187775522470474,0.3922657370567322,False
train,0.4061262905597687,0.0,0.0018860104028135538,0.05061233043670654,0.05546731501817703,-0.19606810808181763,-0.014260523021221161,0.1965860277414322,False
train,0.4065430164337158,0.0,0.0018984528724104166,0.05040054768323898,0.05646241083741188,-0.9120435118675232,-0.1630978286266327,0.9265118837356567,False
train,0.40695977210998535,0.0,0.0018670932622626424,0.050044119358062744,0.05752106383442879,-0.8636109828948975,-0.2065596729516983,0.8879700899124146,False
train,0.4073764979839325,0.0,0.0018395872320979834,0.04979533702135086,0.05864173546433449,-0.5217961668968201,-0.15870165824890137,0.545396625995636,False
train,0.4077932834625244,0.0,0.0018356512300670147,0.0496676042675972,0.05982270836830139,-0.29709672927856445,-0.10226918011903763,0.314206063747406,False
train,0.40821006894111633,0.0,0.0018521904712542892,0.04961449280381203,0.061061520129442215,-0.15689212083816528,-0.05631802976131439,0.16669391095638275,False
train,0.4086267948150635,0.0,0.001890920684672892,0.04960796236991882,0.062355171889066696,-0.06295508146286011,0.002117559313774109,0.06299068033695221,False
train,0.409043550491333,0.0,0.0019399822922423482,0.04965439438819885,0.06370054185390472,0.09997051954269409,-0.030569441616535187,0.10453992336988449,False
train,0.40946027636528015,0.0,0.0019571632146835327,0.04975370690226555,0.06509353220462799,0.14680276811122894,-0.1166200265288353,0.18748675286769867,False
train,0.40987706184387207,0.0,0.0019455295987427235,0.049845993518829346,0.06653005629777908,0.09875627607107162,-0.18739062547683716,0.2118207961320877,False
train,0.4102937877178192,0.0,0.0018931091763079166,0.049923840910196304,0.06800449639558792,0.07458247989416122,-0.30263787508010864,0.3116925060749054,False
train,0.41071057319641113,0.0,0.0018058313289657235,0.049989163875579834,0.06951174139976501,0.024967387318611145,-0.3349013924598694,0.33583077788352966,False
train,0.4111272990703583,0.0,0.001728618866764009,0.050023552030324936,0.07104506343603134,-0.0722886323928833,-0.26823681592941284,0.27780681848526,False
train,0.4115440547466278,0.0,0.001683992799371481,0.05001849681138992,0.07259789109230042,-0.15453308820724487,-0.19076603651046753,0.24550388753414154,False
train,0.4119608402252197,0.0,0.001666693715378642,0.049992695450782776,0.07416300475597382,-0.17276319861412048,-0.138214573264122,0.2212473452091217,False
train,0.41237756609916687,0.0,0.0016665625153109431,0.049971628934144974,0.07573195546865463,-0.13938727974891663,-0.10659611225128174,0.17547519505023956,False
train,0.4127943515777588,0.0,0.001677432213909924,0.04997247830033302,0.07729686796665192,-0.0708605945110321,-0.08277981728315353,0.10896661132574081,False
train,0.41321107745170593,0.0,0.0016989667201414704,0.05000985413789749,0.07884851098060608,0.030605733394622803,-0.05412958562374115,0.06218298152089119,False
train,0.41362783312797546,0.0,0.0017332633724436164,0.05009187012910843,0.08037813752889633,0.13077571988105774,-0.024509161710739136,0.13305257260799408,False
train,0.4140445590019226,0.0,0.001776446239091456,0.050204310566186905,0.08187601715326309,0.16224586963653564,-0.01439753919839859,0.1628834307193756,False
train,0.4144613444805145,0.0,0.0018196896417066455,0.050308484584093094,0.08333294838666916,0.08561829477548599,-0.021739959716796875,0.08833526074886322,False
train,0.41487807035446167,0.0,0.0018598164897412062,0.05035870894789696,0.08473898470401764,-0.09369026124477386,-0.025016628205776215,0.09697265923023224,False
train,0.4152948558330536,0.0,0.0019066970562562346,0.05032666400074959,0.08608492463827133,-0.2915278673171997,0.02236810326576233,0.29238471388816833,False
train,0.4157116115093231,0.0,0.0019966312684118748,0.05022766813635826,0.08736124634742737,-0.4016174077987671,0.19085294008255005,0.44465872645378113,False
train,0.41612833738327026,0.0,0.002175366273149848,0.05013023689389229,0.0885588675737381,-0.24642334878444672,0.4065214991569519,0.4753779470920563,False
train,0.4165451228618622,0.0,0.0023789508268237114,0.050152748823165894,0.08966950327157974,0.08252811431884766,0.2376909852027893,0.2516106069087982,False
train,0.4169618487358093,0.0,0.0024271539878100157,0.05025041848421097,0.09068485349416733,0.08237549662590027,-0.24642761051654816,0.2598312795162201,False
train,0.41737863421440125,0.0,0.0022968510165810585,0.050306286662817,0.09159787744283676,-0.06100261211395264,-0.5752321481704712,0.5784577131271362,False
train,0.4177953600883484,0.0,0.002089193556457758,0.05031466856598854,0.09240198135375977,-0.13748404383659363,-0.614403486251831,0.6295979022979736,False
train,0.4182121157646179,0.0,0.001910197315737605,0.0503036193549633,0.09309161454439163,-0.1659819781780243,-0.47639399766921997,0.5044811964035034,False
train,0.41862890124320984,0.0,0.0017908640438690782,0.050282176584005356,0.09366237372159958,-0.19339093565940857,-0.3464125394821167,0.39673882722854614,False
train,0.419045627117157,0.0,0.0017161990981549025,0.05024759843945503,0.09411053359508514,-0.22857677936553955,-0.26065734028816223,0.34668371081352234,False
train,0.4194624125957489,0.0,0.0016707602189853787,0.05019901320338249,0.09443377703428268,-0.25824397802352905,-0.2037755846977234,0.3289596438407898,False
train,0.41987913846969604,0.0,0.001644957228563726,0.05014267563819885,0.09463096410036087,-0.26413455605506897,-0.16512849926948547,0.3115035891532898,False
train,0.4202958941459656,0.0,0.0016325460746884346,0.05009027197957039,0.09470213949680328,-0.23983347415924072,-0.13840268552303314,0.2769032418727875,False
train,0.4207126200199127,0.0,0.001629572012461722,0.05005234107375145,0.0946483388543129,-0.1975986659526825,-0.11899081617593765,0.23066002130508423,False
train,0.42112940549850464,0.0,0.0016337536508217454,0.05003267526626587,0.09447194635868073,-0.1544516384601593,-0.10342780500650406,0.18588334321975708,False
train,0.4215461313724518,0.0,0.0016440397594124079,0.050029829144477844,0.09417636692523956,-0.11616185307502747,-0.08927437663078308,0.1465042382478714,False
train,0.4219629168510437,0.0,0.0016602802788838744,0.05004219338297844,0.09376607090234756,-0.07998565584421158,-0.07442940771579742,0.10925859957933426,False
train,0.42237967252731323,0.0,0.0016833374975249171,0.05006992071866989,0.09324651211500168,-0.04029591381549835,-0.05583745241165161,0.06885914504528046,False
train,0.4227963984012604,0.0,0.0017158883856609464,0.05011572316288948,0.09262392669916153,0.00806841254234314,-0.027641817927360535,0.02879530005156994,False
train,0.4232131838798523,0.0,0.0017637840937823057,0.050182752311229706,0.0919053852558136,0.06146599352359772,0.019467473030090332,0.06447519361972809,False
train,0.42362990975379944,0.0,0.0018370789475739002,0.05027211084961891,0.09109874069690704,0.11908933520317078,0.09527596831321716,0.1525115668773651,False
train,0.42404666543006897,0.0,0.0019463258795440197,0.050390973687171936,0.09021222591400146,0.2085537165403366,0.1831735372543335,0.27757376432418823,False
train,0.4244634211063385,0.0,0.00207734783180058,0.0505482479929924,0.08925440162420273,0.2851354479789734,0.1743772178888321,0.3342299163341522,False
train,0.42488017678260803,0.0,0.002166290767490864,0.05071362853050232,0.08823442459106445,0.24112871289253235,-0.013256795704364777,0.2414928525686264,False
train,0.4252969026565552,0.0,0.002163401572033763,0.05084018036723137,0.08716148138046265,0.11808444559574127,-0.231949120759964,0.2602774202823639,False
train,0.4257136881351471,0.0,0.0020901768002659082,0.050914209336042404,0.08604457974433899,-0.0005602166056632996,-0.343136191368103,0.34313663840293884,False
train,0.4261304438114166,0.0,0.001992500387132168,0.050943367183208466,0.08489322662353516,-0.09589310735464096,-0.35876697301864624,0.37136131525039673,False
train,0.42654716968536377,0.0,0.0018992144614458084,0.05093586444854736,0.08371634036302567,-0.17531202733516693,-0.3298657238483429,0.3735581636428833,False
train,0.4269639551639557,0.0,0.001821678364649415,0.05089704692363739,0.08252271264791489,-0.2439318150281906,-0.28634756803512573,0.37616175413131714,False
train,0.42738068103790283,0.0,0.0017632555682212114,0.05083194375038147,0.08132114261388779,-0.2972523868083954,-0.2392018884420395,0.38154491782188416,False
train,0.42779746651649475,0.0,0.001724440255202353,0.05075034871697426,0.0801195278763771,-0.316881388425827,-0.1929587870836258,0.3710079789161682,False
train,0.4282141923904419,0.0,0.0017035705968737602,0.05066964030265808,0.07892589271068573,-0.2912707030773163,-0.15397441387176514,0.329464316368103,False
train,0.4286309480667114,0.0,0.001696431078016758,0.05060520023107529,0.07774722576141357,-0.24172641336917877,-0.1271444410085678,0.27312517166137695,False
train,0.42904773354530334,0.0,0.0016978614730760455,0.050559986382722855,0.07659045606851578,-0.20080789923667908,-0.11217530071735382,0.23001545667648315,False
train,0.4294644594192505,0.0,0.0017036153003573418,0.050526946783065796,0.07546208053827286,-0.18157142400741577,-0.10539856553077698,0.20994532108306885,False
train,0.4298812448978424,0.0,0.001711381832137704,0.050498105585575104,0.07436750829219818,-0.17564702033996582,-0.10136357694864273,0.2027965784072876,False
train,0.43029797077178955,0.0,0.0017210840014740825,0.050470560789108276,0.07331234961748123,-0.17258265614509583,-0.09539083391427994,0.19719073176383972,False
train,0.4307147264480591,0.0,0.001733971992507577,0.0504433773458004,0.07230109721422195,-0.17201006412506104,-0.08584265410900116,0.19224053621292114,False
train,0.4311314523220062,0.0,0.00175149564165622,0.050415169447660446,0.07133790850639343,-0.1757747083902359,-0.07300610840320587,0.19033296406269073,False
train,0.43154823780059814,0.0,0.0017748812679201365,0.050384655594825745,0.07042649388313293,-0.18020018935203552,-0.05781251937150955,0.18924690783023834,False
train,0.4319649636745453,0.0,0.001804155413992703,0.05035308375954628,0.06957028061151505,-0.17707103490829468,-0.046403542160987854,0.18305037915706635,False
train,0.4323817491531372,0.0,0.001834135502576828,0.05032557249069214,0.06877181679010391,-0.15816372632980347,-0.05851093679666519,0.16863954067230225,False
train,0.43279850482940674,0.0,0.0018504203762859106,0.0503084734082222,0.06803353875875473,-0.12833619117736816,-0.11210605502128601,0.17040523886680603,False
train,0.4332152307033539,0.0,0.0018396958475932479,0.050301842391490936,0.06735750287771225,-0.11099568754434586,-0.1791444718837738,0.21074341237545013,False
train,0.4336320161819458,0.0,0.0018070662626996636,0.05029725283384323,0.06674505770206451,-0.11553998291492462,-0.21248435974121094,0.2418658584356308,False
train,0.43404874205589294,0.0,0.0017688532825559378,0.05028828978538513,0.06619767844676971,-0.12848179042339325,-0.20905929803848267,0.2453841120004654,False
train,0.43446552753448486,0.0,0.0017360227648168802,0.05027394741773605,0.06571605801582336,-0.13929246366024017,-0.19004276394844055,0.23562394082546234,False
train,0.434882253408432,0.0,0.0017119345720857382,0.05025571212172508,0.06530097126960754,-0.1467246264219284,-0.1682957112789154,0.22327463328838348,False
train,0.43529900908470154,0.0,0.001696883700788021,0.05023488029837608,0.06495263427495956,-0.15048517286777496,-0.14665356278419495,0.21012628078460693,False
train,0.4357157349586487,0.0,0.0016908746911212802,0.05021384358406067,0.06467115134000778,-0.14560796320438385,-0.12484539300203323,0.19180211424827576,False
train,0.4361325204372406,0.0,0.0016938733169808984,0.050198107957839966,0.0644562840461731,-0.12317900359630585,-0.10365220904350281,0.16098710894584656,False
train,0.4365493059158325,0.0,0.0017051271861419082,0.05019630119204521,0.0643075630068779,-0.07899276912212372,-0.0855802521109581,0.11646388471126556,False
train,0.43696603178977966,0.0,0.0017228627111762762,0.05021587759256363,0.06422442942857742,-0.022386841475963593,-0.07265613973140717,0.07602687180042267,False
train,0.4373827874660492,0.0,0.0017451262101531029,0.050258979201316833,0.06420604139566422,0.03147520124912262,-0.06323163211345673,0.07063234597444534,False
train,0.43779951333999634,0.0,0.0017714565619826317,0.05032243952155113,0.0642511323094368,0.07459661364555359,-0.052529625594615936,0.09123604744672775,False
train,0.43821629881858826,0.0,0.0018029138445854187,0.05039992928504944,0.06435853242874146,0.094948410987854,-0.03934897482395172,0.1027790904045105,False
train,0.4386330246925354,0.0,0.0018394461367279291,0.05047670006752014,0.0645267516374588,0.06693001091480255,-0.029514461755752563,0.0731486827135086,False
train,0.4390498101711273,0.0,0.0018789588939398527,0.05053094029426575,0.0647539496421814,-0.008545152842998505,-0.023977667093276978,0.025454826653003693,False
train,0.43946656584739685,0.0,0.001922700204886496,0.05055363476276398,0.0650382861495018,-0.07265128940343857,-0.004854626953601837,0.07281330227851868,False
train,0.439883291721344,0.0,0.0019812353421002626,0.050561267882585526,0.06537747383117676,-0.0799657329916954,0.04900622367858887,0.09378767758607864,False
train,0.4403000771999359,0.0,0.0020677431020885706,0.05057462677359581,0.06576929241418839,-0.05423351377248764,0.12156783044338226,0.13311652839183807,False
train,0.44071680307388306,0.0,0.0021742277313023806,0.050597358494997025,0.06621088832616806,-0.042133864015340805,0.12473121285438538,0.13165538012981415,False
train,0.441133588552475,0.0,0.0022470431867986917,0.050617337226867676,0.06669951230287552,-0.07000212371349335,-0.049262210726737976,0.08559826016426086,False
train,0.4415503144264221,0.0,0.00221805926412344,0.05061908811330795,0.06723200529813766,-0.12582099437713623,-0.33069413900375366,0.353821337223053,False
train,0.44196707010269165,0.0,0.002089996822178364,0.05059756338596344,0.06780511885881424,-0.17809121310710907,-0.49192413687705994,0.5231690406799316,False
train,0.4423837959766388,0.0,0.0019366341875866055,0.05055689439177513,0.0684150829911232,-0.221114382147789,-0.461911678314209,0.5121073722839355,False
train,0.4428005814552307,0.0,0.001817751326598227,0.05049807205796242,0.06905829906463623,-0.26775896549224854,-0.3480032980442047,0.439091295003891,False
train,0.44321733713150024,0.0,0.0017463397234678268,0.05042051896452904,0.0697304829955101,-0.30815690755844116,-0.24323910474777222,0.3925887644290924,False
train,0.4436340928077698,0.0,0.0017118343384936452,0.05033199116587639,0.07042741775512695,-0.3184587061405182,-0.17060308158397675,0.36127740144729614,False
train,0.4440508484840393,0.0,0.0017022188985720277,0.05024819076061249,0.07114458829164505,-0.28536683320999146,-0.12127834558486938,0.310068815946579,False
train,0.44446757435798645,0.0,0.001710400334559381,0.05018782988190651,0.07187728583812714,-0.2076682448387146,-0.08309609442949295,0.22367623448371887,False
train,0.44488435983657837,0.0,0.0017334350850433111,0.050168752670288086,0.07262081652879715,-0.09062876552343369,-0.04925282299518585,0.10314753651618958,False
train,0.4453010857105255,0.0,0.0017693344270810485,0.050203654915094376,0.07336993515491486,0.04307450354099274,-0.02275344729423523,0.04871480539441109,False
train,0.44571784138679504,0.0,0.0018125023925676942,0.05028679966926575,0.0741196796298027,0.12316402792930603,-0.017128825187683105,0.12434940040111542,False
train,0.4461345970630646,0.0,0.0018517228309065104,0.05037712678313255,0.07486489415168762,0.06960666179656982,-0.04191836714744568,0.08125414699316025,False
train,0.4465513527393341,0.0,0.0018764293054118752,0.05042259767651558,0.07560034096240997,-0.07212181389331818,-0.08234260976314545,0.10946168750524521,False
train,0.446968138217926,0.0,0.0018861109856516123,0.05041704699397087,0.07632089406251907,-0.1560158133506775,-0.11018317192792892,0.19100069999694824,False
train,0.44738486409187317,0.0,0.0018885440658777952,0.05039873346686363,0.0770212858915329,-0.14237351715564728,-0.1185779720544815,0.18528614938259125,False
train,0.4478016197681427,0.0,0.0018888391787186265,0.05039335787296295,0.07769668102264404,-0.10982441157102585,-0.1232510656118393,0.16508248448371887,False
train,0.44821834564208984,0.0,0.0018861497519537807,0.0503961406648159,0.07834210246801376,-0.10352101922035217,-0.13245704770088196,0.16811148822307587,False
train,0.44863513112068176,0.0,0.0018804480787366629,0.05040256679058075,0.0789530798792839,-0.08403897285461426,-0.13522186875343323,0.1592089980840683,False
train,0.4490518569946289,0.0,0.0018764364067465067,0.05042588338255882,0.07952508330345154,-0.02699705958366394,-0.12557125091552734,0.12844057381153107,False
train,0.4494686424732208,0.0,0.0018761029932647943,0.0504729300737381,0.08005433529615402,0.017438575625419617,-0.12202756106853485,0.12326730787754059,False
train,0.44988539814949036,0.0,0.0018729453440755606,0.05052688717842102,0.08053693920373917,0.0022681280970573425,-0.13897503912448883,0.1389935463666916,False
train,0.4503021240234375,0.0,0.0018613579450175166,0.050563570111989975,0.08096969127655029,-0.060564376413822174,-0.15820136666297913,0.16939809918403625,False
train,0.4507189095020294,0.0,0.0018448187038302422,0.0505710244178772,0.0813499316573143,-0.133457750082016,-0.16231557726860046,0.21013642847537994,False
train,0.45113563537597656,0.0,0.0018287843558937311,0.05054977908730507,0.08167510479688644,-0.19828510284423828,-0.1577875316143036,0.2534045875072479,False
train,0.4515524208545685,0.0,0.0018149287207052112,0.05050336569547653,0.08194376528263092,-0.25501108169555664,-0.15199270844459534,0.2968710660934448,False
train,0.4519691467285156,0.0,0.0018042601877823472,0.05043497309088707,0.08215422183275223,-0.3036313056945801,-0.14111988246440887,0.33482351899147034,False
train,0.45238590240478516,0.0,0.0018000000854954123,0.050349004566669464,0.0823061466217041,-0.33849048614501953,-0.1207943707704544,0.3593982458114624,False
train,0.4528026282787323,0.0,0.0018055465770885348,0.05025272071361542,0.08239912241697311,-0.35215386748313904,-0.0945761650800705,0.3646326959133148,False
train,0.4532194137573242,0.0,0.0018226186512038112,0.050156302750110626,0.08243364095687866,-0.33790624141693115,-0.06444939225912094,0.343997597694397,False
train,0.45363619923591614,0.0,0.001854236819781363,0.050072960555553436,0.08241050690412521,-0.2879309058189392,-0.022067710757255554,0.28877532482147217,False
train,0.4540529251098633,0.0,0.0019080191850662231,0.050019100308418274,0.08233121782541275,-0.19561529159545898,0.04354182630777359,0.20040267705917358,False
train,0.4544696807861328,0.0,0.001992643577978015,0.050010796636343,0.08219774812459946,-0.0771259143948555,0.1201353371143341,0.1427617073059082,False
train,0.45488640666007996,0.0,0.002099506789818406,0.05003855377435684,0.08201244473457336,-0.057310983538627625,0.13240765035152435,0.14427867531776428,False
train,0.4553031921386719,0.0,0.0021801369730383158,0.0500173345208168,0.08177806437015533,-0.32379838824272156,-0.012362398207187653,0.32403430342674255,False
train,0.455719918012619,0.0,0.002176221227273345,0.049857161939144135,0.08149798959493637,-0.6327549815177917,-0.24319866299629211,0.6778823137283325,False
train,0.45613670349121094,0.0,0.002090923022478819,0.049650873988866806,0.08117552101612091,-0.5043400526046753,-0.37884098291397095,0.6307767629623413,False
train,0.4565534293651581,0.0,0.0019791480153799057,0.04957253113389015,0.0808146595954895,-0.09502441436052322,-0.3779468834400177,0.38970947265625,False
train,0.4569701850414276,0.0,0.0018834973452612758,0.049646709114313126,0.08041941374540329,0.18360954523086548,-0.3157529830932617,0.3652566373348236,False
train,0.45738697052001953,0.0,0.001815425930544734,0.04979019984602928,0.07999404519796371,0.24931201338768005,-0.25259244441986084,0.3549076318740845,False
train,0.4578036963939667,0.0,0.001770505798049271,0.04993445798754692,0.07954300194978714,0.2073034942150116,-0.20616862177848816,0.2923700511455536,False
train,0.4582204818725586,0.0,0.001742216176353395,0.05005493387579918,0.07907071709632874,0.1463286131620407,-0.1719900369644165,0.22581548988819122,False
train,0.45863720774650574,0.0,0.0017277493607252836,0.05015513300895691,0.07858181744813919,0.11835850775241852,-0.13813607394695282,0.18190743029117584,False
train,0.45905396342277527,0.0,0.0017303606728091836,0.050257593393325806,0.07808074355125427,0.16404989361763,-0.08693899214267731,0.18566301465034485,False
train,0.4594706892967224,0.0,0.0017619068967178464,0.05039707571268082,0.07757207006216049,0.2904137969017029,0.001999005675315857,0.29042068123817444,False
train,0.45988747477531433,0.0,0.0018313083564862609,0.05058553069829941,0.07706001400947571,0.35831621289253235,0.06627419590950012,0.3643937110900879,False
train,0.46030426025390625,0.0,0.0018861092394217849,0.05074552446603775,0.07654905319213867,0.13845573365688324,-0.0823771208524704,0.16110859811306,False
train,0.4607209861278534,0.0,0.0018649811390787363,0.05078272521495819,0.07604335993528366,-0.1555090993642807,-0.23319047689437866,0.28028711676597595,False
train,0.4611377418041229,0.0,0.0018191217677667737,0.05074049159884453,0.0755467340350151,-0.23091626167297363,-0.21232765913009644,0.3136962652206421,False
train,0.46155446767807007,0.0,0.0017961213598027825,0.05069998279213905,0.07506304979324341,-0.17410969734191895,-0.14277616143226624,0.22516487538814545,False
train,0.461971253156662,0.0,0.001799851655960083,0.050686247646808624,0.07459574192762375,-0.11459774523973465,-0.08706700056791306,0.14392118155956268,False
train,0.46238797903060913,0.0,0.0018231970025226474,0.050690907984972,0.07414823025465012,-0.08443935960531235,-0.04721803963184357,0.09674476087093353,False
train,0.46280476450920105,0.0,0.0018613694701343775,0.05070338770747185,0.07372336834669113,-0.07449759542942047,-0.01433863490819931,0.07586493343114853,False
train,0.4632214903831482,0.0,0.001913241809234023,0.050717081874608994,0.0733243003487587,-0.0773283839225769,0.020115017890930176,0.07990176975727081,False
train,0.4636382460594177,0.0,0.0019812420941889286,0.050725799053907394,0.07295315712690353,-0.09987320005893707,0.06481774896383286,0.11906298995018005,False
train,0.46405503153800964,0.0,0.002071587136015296,0.050717197358608246,0.0726124495267868,-0.1646123230457306,0.12892356514930725,0.20908969640731812,False
train,0.4644717574119568,0.0,0.00219120760448277,0.0506712906062603,0.07230411469936371,-0.27139922976493835,0.19643530249595642,0.33502891659736633,False
train,0.4648885130882263,0.0,0.002312233205884695,0.0505877248942852,0.07202989608049393,-0.3205251693725586,0.07884014397859573,0.33007901906967163,False
train,0.46530526876449585,0.0,0.002290988340973854,0.05050996318459511,0.0717911496758461,-0.2577451169490814,-0.46242421865463257,0.5294041037559509,False
train,0.4657220244407654,0.0,0.002078600926324725,0.05045394226908684,0.07158913463354111,-0.23336537182331085,-0.6766063570976257,0.7157202959060669,False
train,0.4661387503147125,0.0,0.0018926509656012058,0.05040151625871658,0.07142475247383118,-0.2246231734752655,-0.44135889410972595,0.495230495929718,False
train,0.46655553579330444,0.0,0.0018010636558756232,0.05035914108157158,0.07129855453968048,-0.18651488423347473,-0.26269954442977905,0.32217830419540405,False
train,0.4669722616672516,0.0,0.0017598012927919626,0.05033313110470772,0.07121109217405319,-0.15251591801643372,-0.1908647119998932,0.24431627988815308,False
train,0.4673890173435211,0.0,0.0017367664258927107,0.05031615123152733,0.07116236537694931,-0.14257246255874634,-0.1663244664669037,0.21906788647174835,False
train,0.46780580282211304,0.0,0.001721156993880868,0.050300441682338715,0.07115228474140167,-0.14314423501491547,-0.15164929628372192,0.2085372358560562,False
train,0.4682225286960602,0.0,0.0017118987161666155,0.0502852164208889,0.07118047028779984,-0.1387994885444641,-0.1351272314786911,0.19371284544467926,False
train,0.4686393141746521,0.0,0.0017102976562455297,0.050273649394512177,0.07124628126621246,-0.12571123242378235,-0.114753857254982,0.17021092772483826,False
train,0.46905604004859924,0.0,0.0017178768757730722,0.05026809498667717,0.07134898006916046,-0.11261630803346634,-0.09150559455156326,0.14510583877563477,False
train,0.4694727957248688,0.0,0.001734756981022656,0.050265196710824966,0.07148731499910355,-0.11579719930887222,-0.07167011499404907,0.13618221879005432,False
train,0.4698895215988159,0.0,0.001757452031597495,0.050256647169589996,0.07165993005037308,-0.1384216547012329,-0.06440193951129913,0.15267011523246765,False
train,0.47030630707740784,0.0,0.0017808518605306745,0.05023824796080589,0.07186545431613922,-0.15828843414783478,-0.06598233431577682,0.17149022221565247,False
train,0.47072309255599976,0.0,0.0018041088478639722,0.050215668976306915,0.07210181653499603,-0.1590268611907959,-0.06321202218532562,0.1711294949054718,False
train,0.4711398184299469,0.0,0.0018303235992789268,0.050195228308439255,0.07236722856760025,-0.15166129171848297,-0.05143396556377411,0.160145565867424,False
train,0.47155657410621643,0.0,0.001863079029135406,0.05017635226249695,0.07265937328338623,-0.1543138325214386,-0.032400332391262054,0.15767860412597656,False
train,0.4719732999801636,0.0,0.0019034453434869647,0.05015319958329201,0.07297571748495102,-0.17189642786979675,-0.017910994589328766,0.17282703518867493,False
train,0.4723900854587555,0.0,0.0019441861659288406,0.0501222237944603,0.07331393659114838,-0.18772393465042114,-0.036021970212459564,0.1911487728357315,False
train,0.47280681133270264,0.0,0.0019654682837426662,0.05009216442704201,0.07367092370986938,-0.16000738739967346,-0.11211813241243362,0.19537870585918427,False
train,0.47322359681129456,0.0,0.001947397948242724,0.050087448209524155,0.07404385507106781,-0.07278242707252502,-0.2118164598941803,0.22397208213806152,False
train,0.4736403226852417,0.0,0.0018981915200129151,0.0501178540289402,0.07442954182624817,-0.009289540350437164,-0.2506042718887329,0.25077638030052185,False
train,0.47405707836151123,0.0,0.001849493128247559,0.05016086623072624,0.07482479512691498,-0.00555313378572464,-0.21649928390979767,0.21657049655914307,False
train,0.47447386384010315,0.0,0.0018207770772278309,0.05020523443818092,0.07522629201412201,0.0050520747900009155,-0.16422463953495026,0.16430233418941498,False
train,0.4748905897140503,0.0,0.0018106036586686969,0.05025770142674446,0.07563037425279617,0.025908976793289185,-0.13144151866436005,0.1339706927537918,False
train,0.4753073751926422,0.0,0.0018078662687912583,0.05031238868832588,0.07603365182876587,0.0067229121923446655,-0.1291281133890152,0.1293030083179474,False
train,0.47572410106658936,0.0,0.0018007394392043352,0.050347089767456055,0.07643258571624756,-0.06624321639537811,-0.15013331174850464,0.16409806907176971,False
train,0.4761408567428589,0.0,0.00178347690962255,0.05034969002008438,0.0768236294388771,-0.1359986513853073,-0.17430266737937927,0.22108155488967896,False
train,0.47655758261680603,0.0004202351556159556,0.00175860698800534,0.050334084779024124,0.07720312476158142,-0.15068940818309784,-0.1849985271692276,0.23860375583171844,False
train,0.47697436809539795,0.0005252939299680293,0.001732858014293015,0.05032304301857948,0.07756777852773666,-0.1204458475112915,-0.17903415858745575,0.2157786637544632,False
train,0.4773910939693451,0.0005589127540588379,0.001712165423668921,0.05032819136977196,0.07791399955749512,-0.07853494584560394,-0.16219359636306763,0.18020683526992798,False
train,0.477807879447937,0.0005463057314045727,0.001699473476037383,0.050349850207567215,0.07823873311281204,-0.04372922331094742,-0.14180903136730194,0.1483982652425766,False
train,0.47822463512420654,0.000428639876190573,0.0016951295547187328,0.050383079797029495,0.07853871583938599,-0.024048030376434326,-0.12293076515197754,0.1252608448266983,False
train,0.4786413609981537,0.00046225867117755115,0.00169789616484195,0.050420645624399185,0.07881104201078415,-0.02525748312473297,-0.10815505683422089,0.1110651046037674,False
train,0.4790581464767456,0.0004202351556159556,0.0017057943623512983,0.05045301467180252,0.07905321568250656,-0.04829227179288864,-0.09854086488485336,0.1097380742430687,False
train,0.47947487235069275,0.00046225867117755115,0.0017165973549708724,0.05047246068716049,0.07926260679960251,-0.08662272989749908,-0.09430795907974243,0.12805266678333282,False
train,0.47989165782928467,0.000571519834920764,0.0017280671745538712,0.050474654883146286,0.07943720370531082,-0.12926635146141052,-0.09520965069532394,0.16054490208625793,False
train,0.4803083837032318,0.0005589127540588379,0.00173829379491508,0.050460267812013626,0.07957518100738525,-0.1650858074426651,-0.09981509298086166,0.19291546940803528,False
train,0.48072513937950134,0.00046646103146485984,0.0017463521799072623,0.050433602184057236,0.07967507094144821,-0.18759070336818695,-0.1047576442360878,0.21485911309719086,False
train,0.48114192485809326,0.00046225867117755115,0.0017529373290017247,0.050400421023368835,0.07973567396402359,-0.19765761494636536,-0.10619977116584778,0.2243811935186386,False
train,0.4815586507320404,0.0004202351556159556,0.001759881037287414,0.050364650785923004,0.07975640147924423,-0.20056433975696564,-0.10295161604881287,0.22544419765472412,False
train,0.4819754362106323,0.0004244375159032643,0.0017687749350443482,0.05032874271273613,0.07973664253950119,-0.19811317324638367,-0.09711775183677673,0.2206369936466217,False
train,0.48239216208457947,0.000500079826451838,0.0017802147194743156,0.05029597878456116,0.07967662811279297,-0.18304136395454407,-0.09056901931762695,0.2042226344347,False
train,0.482808917760849,4.202351556159556e-05,0.0017946134321391582,0.05027443543076515,0.07957661896944046,-0.14232373237609863,-0.08243411779403687,0.16447319090366364,False
train,0.48322564363479614,0.0,0.0018128425581380725,0.0502767451107502,0.07943742722272873,-0.06813362240791321,-0.0723215788602829,0.09936096519231796,False
train,0.48364242911338806,0.0,0.001834848546423018,0.05031489580869675,0.07926013320684433,0.02453768253326416,-0.06601639091968536,0.07042912393808365,False
train,0.4840591549873352,0.0,0.001856606570072472,0.0503862164914608,0.07904623448848724,0.07792078703641891,-0.07581201940774918,0.1087157353758812,False
train,0.4844759404659271,0.0,0.0018693734891712666,0.050458747893571854,0.07879763841629028,0.02453780174255371,-0.1094876304268837,0.11220358312129974,False
train,0.48489269614219666,0.0,0.0018646151293069124,0.050488345324993134,0.07851642370223999,-0.11389677226543427,-0.15689697861671448,0.19387918710708618,False
train,0.4853094220161438,0.0,0.0018413328798487782,0.05046214535832405,0.0782049372792244,-0.22241905331611633,-0.19441503286361694,0.2954106330871582,False
train,0.4857262074947357,0.0,0.0018075784901157022,0.05041084066033363,0.0778660699725151,-0.23232245445251465,-0.20617985725402832,0.31061851978302,False
train,0.48614293336868286,0.0,0.0017737249145284295,0.05036923289299011,0.07750250399112701,-0.18854022026062012,-0.1970479041337967,0.2727183401584625,False
train,0.4865596890449524,0.0,0.00174543890170753,0.05034451559185982,0.07711748778820038,-0.1577957570552826,-0.18168844282627106,0.2406453639268875,False
train,0.4869764447212219,0.0,0.001723206602036953,0.05032610893249512,0.07671420276165009,-0.1562267243862152,-0.16859114170074463,0.229847252368927,False
train,0.48739320039749146,0.0,0.0017058332450687885,0.05030454322695732,0.07629597932100296,-0.16910740733146667,-0.15807944536209106,0.2314874231815338,False
train,0.4878099262714386,0.0,0.001692635822109878,0.05027710273861885,0.0758664682507515,-0.18181219696998596,-0.14827539026737213,0.2346087545156479,False
train,0.4882267117500305,0.0,0.0016834666021168232,0.05024532228708267,0.07542894035577774,-0.18869441747665405,-0.13870494067668915,0.23418933153152466,False
train,0.48864346742630005,0.0,0.0016780877485871315,0.05021151900291443,0.07498711347579956,-0.19150696694850922,-0.13011592626571655,0.2315276861190796,False
train,0.4890601933002472,0.0,0.0016759081045165658,0.05017635226249695,0.07454457879066467,-0.19469064474105835,-0.12324690073728561,0.23042188584804535,False
train,0.4894769787788391,0.0,0.0016761485021561384,0.0501391664147377,0.07410462945699692,-0.20094850659370422,-0.1183968037366867,0.23323401808738708,False
train,0.48989370465278625,0.0,0.0016779318684712052,0.05009864270687103,0.07367099821567535,-0.2089022547006607,-0.11563415825366974,0.23877061903476715,False
train,0.4903104901313782,0.0,0.0016803941689431667,0.05005514994263649,0.07324688136577606,-0.21310362219810486,-0.1149057149887085,0.24210840463638306,False
train,0.4907272160053253,0.0,0.0016826943028718233,0.05001155659556389,0.0728355422616005,-0.20780673623085022,-0.11614533513784409,0.23806171119213104,False
train,0.49114397168159485,0.0,0.0016840080497786403,0.0499722957611084,0.07244014739990234,-0.1914512813091278,-0.11949019879102707,0.22568008303642273,False
train,0.49156075716018677,0.0,0.001683480222709477,0.04994159936904907,0.0720636248588562,-0.16715650260448456,-0.12464797496795654,0.20851477980613708,False
train,0.4919774830341339,3.361881317687221e-05,0.0016806848580017686,0.04992154613137245,0.07170882821083069,-0.14042611420154572,-0.129807248711586,0.19123131036758423,False
train,0.49239426851272583,2.5214108973159455e-05,0.0016761603765189648,0.04991210252046585,0.0713784322142601,-0.11595882475376129,-0.1325555294752121,0.17611762881278992,False
train,0.492810994386673,1.6809406588436104e-05,0.0016711909556761384,0.04991184547543526,0.07107487320899963,-0.09586823731660843,-0.1320134401321411,0.16315105557441711,False
train,0.4932277500629425,2.5214108973159455e-05,0.0016670168843120337,0.049918822944164276,0.07080045342445374,-0.08074008673429489,-0.12893325090408325,0.15212740004062653,False
train,0.49364447593688965,1.6809406588436104e-05,0.0016644700663164258,0.04993097856640816,0.07055722177028656,-0.07076496630907059,-0.12448127567768097,0.14318962395191193,False
train,0.49406126141548157,1.6809406588436104e-05,0.0016639023087918758,0.049946121871471405,0.07034697383642197,-0.06582903861999512,-0.1196465715765953,0.13656048476696014,False
train,0.4944779872894287,2.5214108973159455e-05,0.001665291958488524,0.04996209964156151,0.0701715275645256,-0.06613975763320923,-0.11528345942497253,0.13290877640247345,False
train,0.49489477276802063,1.6809406588436104e-05,0.001668318291194737,0.049976713955402374,0.07003223150968552,-0.07241497933864594,-0.11194095760583878,0.1333218216896057,False
train,0.49531152844429016,2.101175778079778e-05,0.001672550686635077,0.04998747631907463,0.06993033736944199,-0.08464628458023071,-0.10936930030584335,0.13829907774925232,False
train,0.4957282543182373,1.6809406588436104e-05,0.0016778886783868074,0.049992144107818604,0.06986694782972336,-0.10042222589254379,-0.10644889622926712,0.14634202420711517,False
train,0.4961450397968292,1.6809406588436104e-05,0.001684757531620562,0.04999047890305519,0.06984279304742813,-0.11339554935693741,-0.10179592669010162,0.15238425135612488,False
train,0.49656176567077637,2.5214108973159455e-05,0.001694065285846591,0.049985747784376144,0.06985842436552048,-0.11358629912137985,-0.09458725154399872,0.14781270921230316,False
train,0.4969785511493683,1.6809406588436104e-05,0.0017068990273401141,0.04998527094721794,0.06991423666477203,-0.09177477657794952,-0.08492610603570938,0.125040203332901,False
train,0.49739527702331543,1.6809406588436104e-05,0.0017241749446839094,0.04999910667538643,0.0700104832649231,-0.04512323439121246,-0.07322649657726288,0.08601294457912445,False
train,0.49781203269958496,2.5214108973159455e-05,0.001746759982779622,0.05003710463643074,0.07014688849449158,0.022536858916282654,-0.05944766104221344,0.06357620656490326,False
train,0.4982287585735321,1.6809406588436104e-05,0.0017754749860614538,0.05010645091533661,0.07032325118780136,0.1033962294459343,-0.04431408643722534,0.11249230802059174,False
train,0.498645544052124,8.404703294218052e-06,0.0018101560417562723,0.05020951107144356,0.07053903490304947,0.1790042519569397,-0.03227217495441437,0.1818901151418686,False
train,0.49906232953071594,0.0,0.0018476314144209027,0.050335440784692764,0.07079347223043442,0.20098310708999634,-0.03346720337867737,0.20375049114227295,False
train,0.4994790554046631,0.0,0.001879712799564004,0.05044662952423096,0.07108542323112488,0.0975908413529396,-0.06016801297664642,0.1146479919552803,False
train,0.4998958110809326,0.0,0.0018948947545140982,0.05048544332385063,0.07141377031803131,-0.13624431192874908,-0.1131419911980629,0.17709776759147644,False
train,0.5003125667572021,0.0,0.0018859179690480232,0.05042194575071335,0.07177708297967911,-0.36219730973243713,-0.17097420990467072,0.40052348375320435,False
train,0.5007293224334717,0.0,0.001856876420788467,0.05029519274830818,0.07217349112033844,-0.4253702461719513,-0.2053406536579132,0.47233954071998596,False
train,0.5011460185050964,0.0,0.0018204152584075928,0.0501786470413208,0.07260113209486008,-0.3282880485057831,-0.20666153728961945,0.3879201412200928,False
train,0.5015628337860107,0.0,0.0017884996486827731,0.05011687055230141,0.07305789738893509,-0.1824084371328354,-0.18593180179595947,0.2604677975177765,False
train,0.5019795894622803,0.0,0.00176691182423383,0.05011063814163208,0.07354122400283813,-0.07023509591817856,-0.15963372588157654,0.17440153658390045,False
train,0.5023963451385498,0.0,0.0017552596982568502,0.050140537321567535,0.07404854893684387,-0.009718082845211029,-0.13986781239509583,0.1402050107717514,False
train,0.5028131008148193,0.0,0.0017495324136689305,0.050187136977910995,0.07457690685987473,0.011695146560668945,-0.13163670897483826,0.13215520977973938,False
train,0.5032297968864441,0.0,0.001745065557770431,0.0502372607588768,0.07512328028678894,0.008056595921516418,-0.1334960013628006,0.13373889029026031,False
train,0.5036466121673584,0.0,0.0017385605024173856,0.05028240382671356,0.07568442076444626,-0.012166298925876617,-0.14078029990196228,0.14130502939224243,False
train,0.5040633082389832,0.0,0.0017288840608671308,0.05031711980700493,0.07625677436590195,-0.04201012849807739,-0.14806216955184937,0.15390664339065552,False
train,0.5044801235198975,0.0,0.0017170824576169252,0.05033905431628227,0.07683682441711426,-0.07287680357694626,-0.1505734622478485,0.16728238761425018,False
train,0.5048968195915222,0.0,0.0017056309152394533,0.05034973472356796,0.07742056995630264,-0.09651194512844086,-0.14658120274543762,0.1755010187625885,False
train,0.5053135752677917,0.0,0.0016969224670901895,0.050353165715932846,0.07800422608852386,-0.10836934298276901,-0.13799619674682617,0.17546185851097107,False
train,0.505730390548706,0.0,0.0016921762144193053,0.05035440996289253,0.07858380675315857,-0.10817297548055649,-0.12812034785747528,0.16767890751361847,False
train,0.5061470866203308,0.0,0.001691299956291914,0.05035797879099846,0.07915512472391129,-0.09969759732484818,-0.11993661522865295,0.15596282482147217,False
train,0.5065639019012451,0.0,0.001693122903816402,0.05036570131778717,0.07971426099538803,-0.09055233001708984,-0.11534257978200912,0.14664117991924286,False
train,0.5069805979728699,0.0,0.001696102088317275,0.05037633702158928,0.08025678992271423,-0.08764339238405228,-0.11425156891345978,0.14399577677249908,False
train,0.5073973536491394,0.0,0.0016990597359836102,0.050386764109134674,0.08077886700630188,-0.09261899441480637,-0.11519955843687057,0.1478147953748703,False
train,0.5078141093254089,0.0,0.0017014900222420692,0.050394006073474884,0.08127640932798386,-0.10327696055173874,-0.11648952215909958,0.15567895770072937,False
train,0.5082308650016785,0.0,0.0017036761855706573,0.050396572798490524,0.08174551278352737,-0.11551602184772491,-0.11608164012432098,0.16376475989818573,False
train,0.508647620677948,0.0,0.0017067299922928214,0.050394441932439804,0.08218249678611755,-0.126057967543602,-0.11202112585306168,0.16863968968391418,False
train,0.5090643763542175,0.0,0.0017124133883044124,0.05038854107260704,0.08258378505706787,-0.13505665957927704,-0.10334640741348267,0.1700611114501953,False
train,0.5094811320304871,0.0,0.0017226533964276314,0.05037883669137955,0.08294610679149628,-0.1455385982990265,-0.09018892049789429,0.17121776938438416,False
train,0.5098978877067566,0.0,0.0017390558496117592,0.050364021211862564,0.08326645940542221,-0.16074138879776,-0.07407109439373016,0.17698678374290466,False
train,0.5103146433830261,0.0,0.0017621185397729278,0.05034201592206955,0.08354218304157257,-0.17990322411060333,-0.05901578441262245,0.18933576345443726,False
train,0.5107313990592957,0.0,0.00178976368624717,0.05031202733516693,0.08377087116241455,-0.1984994113445282,-0.053761325776576996,0.2056509107351303,False
train,0.5111481547355652,0.0,0.001815404393710196,0.050275448709726334,0.08395063132047653,-0.2116408348083496,-0.06957641243934631,0.22278402745723724,False
train,0.5115649104118347,0.0,0.0018304770346730947,0.05023541674017906,0.0840797945857048,-0.21422213315963745,-0.10111073404550552,0.23688499629497528,False
train,0.5119816660881042,0.0,0.0018329552840441465,0.05019684135913849,0.08415735512971878,-0.20498839020729065,-0.12647832930088043,0.24086719751358032,False
train,0.5123984217643738,0.0,0.0018281737575307488,0.05016407370567322,0.08418252319097519,-0.18758489191532135,-0.1355825662612915,0.23145350813865662,False
train,0.5128151774406433,0.0,0.0018224380910396576,0.05013938993215561,0.0841551423072815,-0.16631649434566498,-0.1320655345916748,0.21237345039844513,False
train,0.5132319331169128,0.0,0.0018195518059656024,0.05012423172593117,0.08407536894083023,-0.14192399382591248,-0.12305031716823578,0.1878398209810257,False
train,0.5136486887931824,0.0,0.0018202357459813356,0.0501197874546051,0.08394382894039154,-0.11523294448852539,-0.11621953547000885,0.1636631041765213,False
train,0.5140654444694519,0.0,0.001821911078877747,0.0501246452331543,0.08376172930002213,-0.10118090361356735,-0.11953804641962051,0.15661072731018066,False
train,0.5144821405410767,0.0,0.0018193523865193129,0.05012849345803261,0.08353062719106674,-0.12126332521438599,-0.13614283502101898,0.18231748044490814,False
train,0.514898955821991,0.0,0.0018084615003317595,0.050118252635002136,0.08325223624706268,-0.16244696080684662,-0.1571168303489685,0.22599714994430542,False
train,0.5153156518936157,0.0,0.0017905065324157476,0.050093937665224075,0.08292921632528305,-0.18126913905143738,-0.16804239153862,0.24717757105827332,False
train,0.51573246717453,0.0,0.0017714144196361303,0.050070829689502716,0.08256398141384125,-0.1556021124124527,-0.16246528923511505,0.22495996952056885,False
train,0.5161492228507996,0.0,0.001757233520038426,0.05006493255496025,0.08215966075658798,-0.10413730889558792,-0.14657500386238098,0.17980214953422546,False
train,0.5165659189224243,0.0,0.0017490983009338379,0.05007905140519142,0.08171963691711426,-0.06414676457643509,-0.13638775050640106,0.15071968734264374,False
train,0.5169827342033386,0.0,0.0017420303774997592,0.05010311305522919,0.08124715834856033,-0.056171391159296036,-0.14145636558532715,0.15220095217227936,False
train,0.5173994302749634,8.404703294218052e-06,0.0017313692951574922,0.050125617533922195,0.08074638992547989,-0.06595756113529205,-0.1508733481168747,0.1646607667207718,False
train,0.5178161859512329,3.361881317687221e-05,0.0017184506868943572,0.050143979489803314,0.08022093772888184,-0.07398700714111328,-0.15133656561374664,0.16845424473285675,False
train,0.5182329416275024,3.782116618822329e-05,0.0017074586357921362,0.050159428268671036,0.0796748474240303,-0.07927674055099487,-0.14251059293746948,0.16307689249515533,False
train,0.518649697303772,2.5214108973159455e-05,0.0017011933960020542,0.05017226189374924,0.0791124552488327,-0.08606460690498352,-0.12958306074142456,0.15555991232395172,False
train,0.5190664529800415,1.6809406588436104e-05,0.001700465683825314,0.05018134415149689,0.07853781431913376,-0.09677073359489441,-0.11655004322528839,0.1514875888824463,False
train,0.519483208656311,4.202351647109026e-06,0.0017047226428985596,0.05018448829650879,0.07795511186122894,-0.11362313479185104,-0.1061074510216713,0.15546384453773499,False
train,0.5198999643325806,4.202351647109026e-06,0.0017122796270996332,0.05017875134944916,0.07736838608980179,-0.13805048167705536,-0.10114125907421112,0.17113587260246277,False
train,0.5203167200088501,0.0,0.0017205134499818087,0.05016150325536728,0.0767819806933403,-0.16664212942123413,-0.10246491432189941,0.1956237554550171,False
train,0.5207334756851196,0.0,0.0017276176949962974,0.0501326359808445,0.0761997252702713,-0.1913207471370697,-0.10522085428237915,0.21834619343280792,False
train,0.5211502313613892,0.0,0.0017343437066301703,0.05009528622031212,0.07562556862831116,-0.20537923276424408,-0.10340984910726547,0.22994396090507507,False
train,0.5215669870376587,0.0,0.0017431169981136918,0.05005417391657829,0.07506312429904938,-0.20873114466667175,-0.09505721926689148,0.22935684025287628,False
train,0.5219837427139282,0.0,0.0017568074399605393,0.05001294985413551,0.07451607286930084,-0.2054564654827118,-0.07932471483945847,0.22023798525333405,False
train,0.5224004983901978,0.0,0.0017787582473829389,0.04997457191348076,0.07398785650730133,-0.19106104969978333,-0.054953545331954956,0.1988069862127304,False
train,0.5228172540664673,0.0,0.0018128443043679,0.0499485544860363,0.07348167896270752,-0.13866999745368958,-0.02045270800590515,0.14017018675804138,False
train,0.5232340097427368,0.0,0.001863523735664785,0.049960993230342865,0.07300028949975967,0.0038559213280677795,0.02435746043920517,0.024660779163241386,False
train,0.5236507654190063,0.0,0.0019329170463606715,0.05005660280585289,0.07254672050476074,0.2521620988845825,0.06422611325979233,0.26021280884742737,False
train,0.5240675210952759,0.0,0.0020098525565117598,0.05024717003107071,0.07212340831756592,0.40117037296295166,0.049827128648757935,0.40425291657447815,False
train,0.5244842767715454,0.0,0.0020614746026694775,0.05041852220892906,0.07173267751932144,0.13634981215000153,-0.057218000292778015,0.14786876738071442,False
train,0.5249009728431702,0.0,0.0020588962361216545,0.05042213946580887,0.07137659192085266,-0.30928823351860046,-0.1915823221206665,0.3638172447681427,False
train,0.5253177881240845,0.0,0.0020128870382905006,0.0502951443195343,0.07105699926614761,-0.44440120458602905,-0.2555861175060272,0.5126565098762512,False
train,0.5257344841957092,0.0,0.001956974621862173,0.0501788891851902,0.07077562063932419,-0.3007405996322632,-0.24591004848480225,0.38847994804382324,False
train,0.5261512994766235,0.0,0.0019114388851448894,0.05013454332947731,0.0705336257815361,-0.12951919436454773,-0.2136591374874115,0.24985085427761078,False
train,0.5265680551528931,0.0,0.0018779521342366934,0.0501483716070652,0.0703323483467102,-0.024067595601081848,-0.1906801462173462,0.19219304621219635,False
train,0.5269847512245178,0.0,0.0018513478571549058,0.05019344389438629,0.07017267495393753,0.0251530259847641,-0.1800505816936493,0.1817990243434906,False
train,0.5274015665054321,0.0,0.0018280752701684833,0.05025160312652588,0.07005526125431061,0.04206030070781708,-0.1734718233346939,0.1784980148077011,False
train,0.5278182625770569,0.0,0.0018081082962453365,0.05031305178999901,0.06998059153556824,0.04352186620235443,-0.16387318074703217,0.16955403983592987,False
train,0.5282350778579712,0.0,0.0017933407798409462,0.05037360265851021,0.06994883716106415,0.037962980568408966,-0.14881308376789093,0.15357904136180878,False
train,0.528651773929596,0.0,0.0017859505023807287,0.05043056607246399,0.06996000558137894,0.02678120881319046,-0.12913642823696136,0.13188423216342926,False
train,0.5290685296058655,0.0,0.001787377055734396,0.05048145353794098,0.07001392543315887,0.008100226521492004,-0.10723241418600082,0.10753791779279709,False
train,0.529485285282135,0.0,0.0017980528064072132,0.05052311345934868,0.07011015713214874,-0.017254017293453217,-0.08518911898136139,0.08691885322332382,False
train,0.5299020409584045,0.0,0.0018178977770730853,0.05055345222353935,0.07024803757667542,-0.04651261493563652,-0.06315749883651733,0.07843655347824097,False
train,0.5303188562393188,0.0,0.0018470243085175753,0.05057050660252571,0.07042668759822845,-0.08165363222360611,-0.04079747200012207,0.09127841889858246,False
train,0.5307355523109436,0.0,0.001885278383269906,0.05057096481323242,0.0706447884440422,-0.12749837338924408,-0.01944824308156967,0.12897314131259918,False
train,0.5311523079872131,0.0,0.0019319081911817193,0.050550054758787155,0.0709013119339943,-0.18409952521324158,-0.0006454437971115112,0.1841006577014923,False
train,0.5315690636634827,0.0,0.001985184382647276,0.050504233688116074,0.07119446247816086,-0.2459874153137207,0.011747904121875763,0.24626778066158295,False
train,0.5319858193397522,0.0,0.0020406434778124094,0.050434138625860214,0.07152252644300461,-0.29765260219573975,0.008585929870605469,0.29777640104293823,False
train,0.5324025750160217,0.0,0.00208963337354362,0.050348881632089615,0.0718834400177002,-0.3156399130821228,-0.019997119903564453,0.3162727355957031,False
train,0.5328193306922913,0.0,0.002120252000167966,0.050265487283468246,0.07227496057748795,-0.289700448513031,-0.07918143272399902,0.3003265857696533,False
train,0.5332360863685608,0.0,0.0021202967036515474,0.05020027607679367,0.07269462198019028,-0.23282501101493835,-0.16406691074371338,0.28482526540756226,False
train,0.5336528420448303,0.0,0.0020837849006056786,0.05016132444143295,0.07313982397317886,-0.16791841387748718,-0.24783453345298767,0.2993635833263397,False
train,0.5340695977210999,0.0,0.0020195881370455027,0.05014806613326073,0.07360758632421494,-0.11288093775510788,-0.2920530438423157,0.31310874223709106,False
train,0.5344863533973694,0.0,0.0019474619766697288,0.050154607743024826,0.07409492135047913,-0.073388010263443,-0.2886522114276886,0.2978353500366211,False
train,0.5349031090736389,0.0,0.0018825007136911154,0.050175148993730545,0.07459839433431625,-0.04665791988372803,-0.26301491260528564,0.2671213448047638,False
train,0.5353198647499084,0.0,0.0018288689898326993,0.05020424351096153,0.07511479407548904,-0.03372460603713989,-0.23668715357780457,0.23907771706581116,False
train,0.535736620426178,0.0,0.0017855198821052909,0.050235167145729065,0.07564034312963486,-0.03967563807964325,-0.21384476125240326,0.21749421954154968,False
train,0.5361533164978027,0.0,0.0017514413921162486,0.05026024952530861,0.07617134600877762,-0.06079063192009926,-0.19223237037658691,0.20161545276641846,False
train,0.536570131778717,0.0,0.0017262428300455213,0.050276175141334534,0.07670407742261887,-0.08253595978021622,-0.171625018119812,0.190439835190773,False
train,0.5369868874549866,0.0,0.0017092444468289614,0.05028536543250084,0.07723449915647507,-0.09269722551107407,-0.15320801734924316,0.17906834185123444,False
train,0.5374035835266113,0.0,0.0016994273755699396,0.05029373615980148,0.07775864005088806,-0.08764085918664932,-0.13723412156105042,0.16283157467842102,False
train,0.5378203988075256,0.0,0.0016958637861534953,0.0503072515130043,0.0782725140452385,-0.0697983130812645,-0.12323254346847534,0.1416264921426773,False
train,0.5382370948791504,0.0,0.0016977052437141538,0.0503297783434391,0.07877206057310104,-0.04690227657556534,-0.1115284413099289,0.12098932266235352,False
train,0.5386539101600647,0.0,0.00170374836307019,0.05036112293601036,0.07925347238779068,-0.030622579157352448,-0.10340281575918198,0.10784193873405457,False
train,0.5390706062316895,0.0,0.0017124534351751208,0.05039668083190918,0.07971253246068954,-0.027961216866970062,-0.09851512312889099,0.102406345307827,False
train,0.539487361907959,0.0,0.001723128603771329,0.05043145641684532,0.08014583587646484,-0.033652134239673615,-0.093365877866745,0.09924541413784027,False
train,0.5399041175842285,0.0,0.00173664977774024,0.0504642128944397,0.08054963499307632,-0.03670798987150192,-0.08464446663856506,0.09226137399673462,False
train,0.540320873260498,0.0,0.0017546535236760974,0.050497375428676605,0.08092054724693298,-0.03263290226459503,-0.0722440630197525,0.07927238941192627,False
train,0.5407376885414124,0.0,0.0017780126072466373,0.050532516092061996,0.08125534653663635,-0.03129799664020538,-0.06000388041138649,0.06767591834068298,False
train,0.5411543846130371,0.0,0.0018051147926598787,0.05056429281830788,0.08155105262994766,-0.05219770222902298,-0.05590570718050003,0.07648560404777527,False
train,0.5415711402893066,0.0,0.001830611377954483,0.05058087781071663,0.08180532604455948,-0.10448344051837921,-0.06890323758125305,0.1251576840877533,False
train,0.5419878959655762,0.0,0.0018465728498995304,0.05057158321142197,0.08201569318771362,-0.17259810864925385,-0.1008632481098175,0.19990873336791992,False
train,0.5424046516418457,0.0,0.0018467900808900595,0.050534892827272415,0.08218031376600266,-0.2330813705921173,-0.1417740285396576,0.27281275391578674,False
train,0.5428214073181152,0.0,0.0018310509622097015,0.05047646164894104,0.082297682762146,-0.2775621712207794,-0.17426826059818268,0.32773494720458984,False
train,0.5432381629943848,0.0,0.0018059242283925414,0.050402771681547165,0.08236674964427948,-0.30578452348709106,-0.18568727374076843,0.35774844884872437,False
train,0.5436549186706543,0.0,0.0017801392823457718,0.050321321934461594,0.0823867917060852,-0.3138814866542816,-0.17876937985420227,0.36122027039527893,False
train,0.5440716743469238,0.0,0.0017590075731277466,0.050241149961948395,0.08235754817724228,-0.30050936341285706,-0.164899080991745,0.3427792191505432,False
train,0.5444884300231934,0.0,0.001743593718856573,0.05017003417015076,0.08227923512458801,-0.2711223363876343,-0.1518608033657074,0.31075558066368103,False
train,0.5449051856994629,0.0,0.0017328710528090596,0.050112999975681305,0.08215262740850449,-0.23401865363121033,-0.14226622879505157,0.2738693356513977,False
train,0.5453219413757324,0.0,0.0017253548139706254,0.05007169023156166,0.0819784551858902,-0.1968601942062378,-0.13607341051101685,0.2393113225698471,False
train,0.545738697052002,0.0,0.0017199963331222534,0.050044652074575424,0.08175843209028244,-0.16503266990184784,-0.13133803009986877,0.21091575920581818,False
train,0.5461554527282715,0.0,0.0017168180784210563,0.05002932995557785,0.08149432390928268,-0.1402052342891693,-0.12504124641418457,0.18786382675170898,False
train,0.5465721487998962,0.0,0.0017169784987345338,0.05002319812774658,0.0811883881688118,-0.1199851930141449,-0.1150740534067154,0.16624826192855835,False
train,0.5469889640808105,0.0,0.0017221298767253757,0.05002501234412193,0.08084302395582199,-0.10114645212888718,-0.10112849622964859,0.14302998781204224,False
train,0.5474057197570801,0.0,0.0017337878234684467,0.05003426969051361,0.0804612785577774,-0.08365269750356674,-0.08406566828489304,0.11859515309333801,False
train,0.5478224754333496,0.0,0.001752981566824019,0.050049979239702225,0.08004622161388397,-0.06987197697162628,-0.06507370620965958,0.09548130631446838,False
train,0.5482392311096191,0.0,0.0017803063383325934,0.05007031932473183,0.07960117608308792,-0.060221608728170395,-0.04532187432050705,0.07537051290273666,False
train,0.5486559271812439,0.0,0.0018155737780034542,0.0500941202044487,0.07912986725568771,-0.05215655639767647,-0.027578234672546387,0.05899886041879654,False
train,0.5490727424621582,0.0,0.0018569454550743103,0.05012097582221031,0.07863582670688629,-0.044485315680503845,-0.016783855855464935,0.04754620045423508,False
train,0.549489438533783,0.0,0.001901014125905931,0.0501505546271801,0.07812312245368958,-0.038066670298576355,-0.014004968106746674,0.04056119546294212,False
train,0.5499062538146973,0.0,0.0019453248241916299,0.05018293485045433,0.07759533077478409,-0.028450466692447662,-0.014931708574295044,0.03213074803352356,False
train,0.550322949886322,0.0,0.0019887005910277367,0.05022154003381729,0.07705695182085037,-0.005846649408340454,-0.01901882141828537,0.019897207617759705,False
train,0.5507397055625916,0.0,0.002028491348028183,0.05027317255735397,0.07651160657405853,0.03492596745491028,-0.033901751041412354,0.04867393523454666,False
train,0.5511565208435059,0.0,0.002058114856481552,0.05034421756863594,0.07596330344676971,0.08584682643413544,-0.0690801739692688,0.11018959432840347,False
train,0.5515732169151306,0.0,0.002068698639050126,0.05043468624353409,0.07541615515947342,0.12464869767427444,-0.12422662228345871,0.17598168551921844,False
train,0.5519900321960449,0.0,0.0020545690786093473,0.05053369700908661,0.07487373799085617,0.12321316450834274,-0.1849895864725113,0.2222670316696167,False
train,0.5524067282676697,0.0,0.0020172279328107834,0.050619855523109436,0.07433991134166718,0.06251773238182068,-0.23388977348804474,0.24210099875926971,False
train,0.5528234839439392,0.0,0.001964086666703224,0.05066908895969391,0.07381828874349594,-0.04802947863936424,-0.2601073086261749,0.2645045220851898,False
train,0.5532402396202087,0.0,0.0019055184675380588,0.05066893994808197,0.07331216335296631,-0.1647491157054901,-0.2606716752052307,0.308369904756546,False
train,0.5536569952964783,0.0,0.0018509634537622333,0.050626639276742935,0.07282492518424988,-0.24498234689235687,-0.24306616187095642,0.3451050817966461,False
train,0.5540737509727478,0.0,0.001805339241400361,0.05056023225188255,0.0723595917224884,-0.2803962230682373,-0.21960392594337463,0.3561571538448334,False
train,0.5544905066490173,0.0,0.0017692435067147017,0.05048606917262077,0.0719190388917923,-0.28364327549934387,-0.19792592525482178,0.34587305784225464,False
train,0.5549072623252869,0.0,0.001741299289278686,0.05041472241282463,0.07150591909885406,-0.26838773488998413,-0.1804213970899582,0.3233942687511444,False
train,0.5553240180015564,0.0,0.0017197177512571216,0.05035145580768585,0.07112272083759308,-0.24523596465587616,-0.16706141829490662,0.29673251509666443,False
train,0.5557407736778259,0.0,0.0017029416048899293,0.050297778099775314,0.07077177613973618,-0.22239992022514343,-0.15698477625846863,0.2722240686416626,False
train,0.5561575293540955,0.0,0.0016898277681320906,0.050252582877874374,0.070454902946949,-0.2048918604850769,-0.1491815149784088,0.25344783067703247,False
train,0.556574285030365,0.0,0.0016795994015410542,0.05021306872367859,0.07017406076192856,-0.1941661834716797,-0.14287686347961426,0.24106909334659576,False
train,0.5569910407066345,0.0,0.0016717269318178296,0.05017666146159172,0.06993080675601959,-0.18918825685977936,-0.13766667246818542,0.23397502303123474,False
train,0.557407796382904,0.0,0.0016658164095133543,0.050141412764787674,0.06972643733024597,-0.18775179982185364,-0.13328492641448975,0.23025119304656982,False
train,0.5578245520591736,0.0,0.0016616089269518852,0.05010640248656273,0.06956209242343903,-0.18702279031276703,-0.12925219535827637,0.22734040021896362,False
train,0.5582413077354431,0.0,0.0016591005260124803,0.05007211118936539,0.06943879276514053,-0.18358729779720306,-0.1248149573802948,0.22199790179729462,False
train,0.5586580634117126,0.0,0.0016586026176810265,0.05004025250673294,0.06935706734657288,-0.17460227012634277,-0.11940815299749374,0.21152839064598083,False
train,0.5590747594833374,0.0,0.0016605303389951587,0.050013311207294464,0.06931738555431366,-0.16003720462322235,-0.11309561878442764,0.19596563279628754,False
train,0.5594915747642517,0.0,0.0016651474870741367,0.04999317228794098,0.06932016462087631,-0.14250758290290833,-0.10652236640453339,0.17791971564292908,False
train,0.5599082708358765,0.0,0.0016723474254831672,0.049980528652668,0.06936518102884293,-0.12458258867263794,-0.1007867306470871,0.16024601459503174,False
train,0.5603250861167908,0.0,0.0016814738046377897,0.04997512698173523,0.06945245712995529,-0.10819660872220993,-0.09752371907234192,0.1456618756055832,False
train,0.5607417821884155,0.0,0.001691116369329393,0.04997576028108597,0.06958148628473282,-0.09611701220273972,-0.0984589084982872,0.13759592175483704,False
train,0.5611585378646851,0.0,0.0016994273755699396,0.049980174750089645,0.06975157558917999,-0.09057094156742096,-0.10360638797283173,0.13761314749717712,False
train,0.5615753531455994,0.0,0.0017051539616659284,0.04998575523495674,0.06996197253465652,-0.09000009298324585,-0.11030834913253784,0.14236554503440857,False
train,0.5619920492172241,0.0,0.001708418014459312,0.04999156668782234,0.07021155953407288,-0.08996173739433289,-0.11479564756155014,0.14584633708000183,False
train,0.5624088644981384,0.0,0.0017108216416090727,0.04999800771474838,0.07049904763698578,-0.086501345038414,-0.11407846957445145,0.14316557347774506,False
train,0.5628255605697632,0.0,0.001714775338768959,0.0500069335103035,0.07082274556159973,-0.07896368950605392,-0.1076848953962326,0.13353389501571655,False
train,0.5632423162460327,0.0,0.0017219247529283166,0.05001924932003021,0.07118111103773117,-0.07213303446769714,-0.09986571967601776,0.12319228053092957,False
train,0.5636590719223022,0.0,0.0017312538111582398,0.05003364756703377,0.07157205790281296,-0.06969843804836273,-0.09860369563102722,0.12074999511241913,False
train,0.5640758275985718,0.0,0.0017389025306329131,0.05004899576306343,0.071993388235569,-0.06720015406608582,-0.10774558037519455,0.1269841343164444,False
train,0.5644926428794861,0.0,0.0017414469039067626,0.050066180527210236,0.07244282215833664,-0.06269696354866028,-0.12175984680652618,0.13695389032363892,False
train,0.5649093389511108,0.0,0.0017384999664500356,0.050084758549928665,0.0729174092411995,-0.061928458511829376,-0.13328386843204498,0.14696843922138214,False
train,0.5653260946273804,0.0,0.001731858472339809,0.05010240152478218,0.07341451942920685,-0.0688980370759964,-0.13947555422782898,0.15556468069553375,False
train,0.5657428503036499,0.0,0.0017237995052710176,0.05011570081114769,0.07393113523721695,-0.08355039358139038,-0.1402955800294876,0.16328968107700348,False
train,0.5661596059799194,0.0,0.0017163438023999333,0.05012167990207672,0.07446392625570297,-0.1044963151216507,-0.13703691959381104,0.17233280837535858,False
train,0.566576361656189,0.0,0.001710527460090816,0.05011831223964691,0.07500945031642914,-0.12902399897575378,-0.13327983021736145,0.18550123274326324,False
train,0.5669931173324585,0.0,0.0017055366188287735,0.050105247646570206,0.07556416839361191,-0.15075476467609406,-0.13352477550506592,0.20138487219810486,False
train,0.567409873008728,0.0,0.0016998184146359563,0.05008573457598686,0.076124407351017,-0.15886569023132324,-0.13548289239406586,0.2087915688753128,False
train,0.5678266286849976,0.0,0.001694371341727674,0.05006740614771843,0.07668633759021759,-0.14609681069850922,-0.13117831945419312,0.196346715092659,False
train,0.5682433843612671,0.0,0.0016922398936003447,0.05005832388997078,0.07724591344594955,-0.11734560132026672,-0.12019790709018707,0.16798073053359985,False
train,0.5686601400375366,0.0,0.0016952804289758205,0.05006297305226326,0.0777992233633995,-0.0824245810508728,-0.1069125086069107,0.13499665260314941,False
train,0.5690768957138062,0.0,0.0017039618687704206,0.05008292198181152,0.07834220677614212,-0.04515032470226288,-0.09334330260753632,0.10368955880403519,False
train,0.5694936513900757,0.0,0.0017182001611217856,0.05011896789073944,0.07887090742588043,-0.0071688443422317505,-0.08059971034526825,0.08091789484024048,False
train,0.5699104070663452,0.0,0.0017371504800394177,0.05017006769776344,0.07938113063573837,0.024471290409564972,-0.07153823971748352,0.07560796290636063,False
train,0.57032710313797,0.0,0.0017583573935553432,0.050231218338012695,0.07986918836832047,0.038424551486968994,-0.07070766389369965,0.08047372102737427,False
train,0.5707439184188843,0.0,0.0017775672022253275,0.050293561071157455,0.08033117651939392,0.029241658747196198,-0.08167536556720734,0.08675217628479004,False
train,0.571160614490509,0.0,0.0017899026861414313,0.0503484383225441,0.08076329529285431,0.003022119402885437,-0.10294798016548157,0.10299233347177505,False
train,0.5715774297714233,0.0,0.0017930708127096295,0.050390757620334625,0.0811622366309166,-0.0302916020154953,-0.1231405958533287,0.12681162357330322,False
train,0.5719941854476929,0.0,0.0017908794106915593,0.050420116633176804,0.08152464032173157,-0.056983720511198044,-0.12709137797355652,0.13928158581256866,False
train,0.5724108815193176,0.0,0.001790938200429082,0.05044209584593773,0.08184749633073807,-0.06573277711868286,-0.11377676576375961,0.1313999593257904,False
train,0.5728276968002319,0.0,0.0017981522250920534,0.050463445484638214,0.08212827891111374,-0.0633382499217987,-0.09530027210712433,0.11442847549915314,False
train,0.5732443928718567,0.0,0.0018117332365363836,0.05048508942127228,0.08236438781023026,-0.06803717464208603,-0.08523054420948029,0.10905642062425613,False
train,0.573661208152771,0.0,0.001826098538003862,0.050501011312007904,0.08255404233932495,-0.09260404109954834,-0.09229327738285065,0.13074234127998352,False
train,0.5740779042243958,0.0,0.001834170427173376,0.05050263553857803,0.0826953575015068,-0.13483183085918427,-0.11384055763483047,0.1764632910490036,False
train,0.5744946599006653,0.0,0.0018324340926483274,0.050485316663980484,0.08278726041316986,-0.18127129971981049,-0.1368960440158844,0.2271559238433838,False
train,0.5749114751815796,0.0,0.001822643680498004,0.050450000911951065,0.08282909542322159,-0.21997742354869843,-0.15177057683467865,0.26725339889526367,False
train,0.5753281712532043,0.0,0.0018083383329212666,0.05040105804800987,0.08282020688056946,-0.24643078446388245,-0.1590466946363449,0.2932984530925751,False
train,0.5757449269294739,0.0,0.0017918992089107633,0.05034413933753967,0.08276090770959854,-0.257347047328949,-0.16212183237075806,0.30415618419647217,False
train,0.5761616826057434,0.0,0.001774876145645976,0.05028682202100754,0.08265151083469391,-0.24683575332164764,-0.1616971492767334,0.29508280754089355,False
train,0.5765784382820129,0.0,0.0017586221219971776,0.05023882910609245,0.08249308168888092,-0.21322746574878693,-0.15842555463314056,0.2656400203704834,False
train,0.5769951939582825,0.0,0.0017441777745261788,0.050208043307065964,0.0822867602109909,-0.166399747133255,-0.15281039476394653,0.22592011094093323,False
train,0.577411949634552,0.0,0.0017327159876003861,0.050196342170238495,0.08203450590372086,-0.12385649234056473,-0.14392875134944916,0.18988394737243652,False
train,0.5778287053108215,0.0,0.0017256088322028518,0.05019902437925339,0.08173833042383194,-0.09777270257472992,-0.13234424591064453,0.16454331576824188,False
train,0.5782454609870911,0.0,0.0017233305843546987,0.0502089187502861,0.08140065521001816,-0.08817238360643387,-0.12152376770973206,0.15014125406742096,False
train,0.5786622166633606,0.0,0.0017246498027816415,0.05022037774324417,0.08102431148290634,-0.08740555495023727,-0.11571119725704193,0.14501313865184784,False
train,0.5790789723396301,0.0,0.0017269058153033257,0.050231728702783585,0.08061226457357407,-0.08729906380176544,-0.11720490455627441,0.14614416658878326,False
train,0.5794957280158997,0.0,0.0017273304983973503,0.05024360492825508,0.08016791194677353,-0.0838562548160553,-0.12365313619375229,0.14940539002418518,False
train,0.5799124836921692,0.0,0.001725133741274476,0.05025721713900566,0.07969482988119125,-0.07854065299034119,-0.1288665533065796,0.15091462433338165,False
train,0.5803292393684387,0.0,0.001721755019389093,0.050272442400455475,0.079196497797966,-0.07538136839866638,-0.12931187450885773,0.14967936277389526,False
train,0.5807459354400635,0.0,0.0017189118079841137,0.05028780177235603,0.07867691665887833,-0.0780843049287796,-0.1270187497138977,0.1491003781557083,False
train,0.5811627507209778,0.0,0.0017169866478070617,0.050300076603889465,0.07813972234725952,-0.08905372023582458,-0.1254654824733734,0.15385757386684418,False
train,0.5815794467926025,0.0,0.0017152728978544474,0.05030587688088417,0.07758928090333939,-0.10799738019704819,-0.1260351836681366,0.16597680747509003,False
train,0.5819962620735168,4.622586857294664e-05,0.00171305809635669,0.05030249431729317,0.07702920585870743,-0.13089236617088318,-0.12753956019878387,0.18275433778762817,False
train,0.5824130177497864,1.6809406588436104e-05,0.0017104549333453178,0.050289589911699295,0.07646362483501434,-0.15136568248271942,-0.12740486860275269,0.19784733653068542,False
train,0.5828297138214111,1.6809406588436104e-05,0.0017086524749174714,0.05026935786008835,0.07589662820100784,-0.164669930934906,-0.1233101636171341,0.20572210848331451,False
train,0.5832465291023254,2.5214108973159455e-05,0.0017095620278269053,0.05024482309818268,0.07533171772956848,-0.17152956128120422,-0.11426647007465363,0.20610487461090088,False
train,0.5836632251739502,4.622586857294664e-05,0.001715091522783041,0.05021733045578003,0.07477297633886337,-0.17937889695167542,-0.10147036612033844,0.20608985424041748,False
train,0.5840800404548645,2.5214108973159455e-05,0.0017259056912735105,0.05018443241715431,0.07422364503145218,-0.19716551899909973,-0.08998353034257889,0.2167285829782486,False
train,0.5844967365264893,3.361881317687221e-05,0.0017396301263943315,0.05014210566878319,0.07368756085634232,-0.22142541408538818,-0.0886751189827919,0.23852145671844482,False
train,0.5849134922027588,4.202351556159556e-05,0.0017509866738691926,0.0500912144780159,0.07316774129867554,-0.23399744927883148,-0.10025575011968613,0.25457027554512024,False
train,0.5853303074836731,2.5214108973159455e-05,0.0017565395683050156,0.050039153546094894,0.0726674273610115,-0.2258703112602234,-0.11391466110944748,0.25297024846076965,False
train,0.5857470035552979,3.782116618822329e-05,0.0017577274702489376,0.04999370500445366,0.07218963652849197,-0.2028195708990097,-0.1203535720705986,0.2358405441045761,False
train,0.5861638188362122,2.9416461984510534e-05,0.0017575902165845037,0.04995976760983467,0.07173683494329453,-0.16990351676940918,-0.12079983949661255,0.2084701508283615,False
train,0.5865805149078369,2.9416461984510534e-05,0.001757763558998704,0.049941081553697586,0.07131190598011017,-0.12936067581176758,-0.11926188319921494,0.1759476661682129,False
train,0.5869972705841064,3.782116618822329e-05,0.0017585777677595615,0.04993999004364014,0.07091674953699112,-0.08551417291164398,-0.11791221797466278,0.1456570029258728,False
train,0.587414026260376,2.5214108973159455e-05,0.0017595707904547453,0.049956634640693665,0.0705537348985672,-0.04448489099740982,-0.11897062510251999,0.12701541185379028,False
train,0.5878307819366455,3.782116618822329e-05,0.0017590033821761608,0.04998861998319626,0.07022462040185928,-0.01251421868801117,-0.12608200311660767,0.12670153379440308,False
train,0.588247537612915,2.5214108973159455e-05,0.0017539983382448554,0.05003028362989426,0.0699310153722763,0.0008765459060668945,-0.14001822471618652,0.1400209665298462,False
train,0.5886642932891846,4.202351556159556e-05,0.0017428338760510087,0.050072167068719864,0.06967438012361526,-0.011053599417209625,-0.15444816648960114,0.15484321117401123,False
train,0.5890810489654541,3.361881317687221e-05,0.0017269429517909884,0.05010516941547394,0.06945589184761047,-0.03837796300649643,-0.16219072043895721,0.16666942834854126,False
train,0.5894978046417236,3.361881317687221e-05,0.0017096581868827343,0.05012663081288338,0.0692765936255455,-0.06343565881252289,-0.16143053770065308,0.1734471172094345,False
train,0.5899145603179932,4.622586857294664e-05,0.0016942170914262533,0.05013999342918396,0.06913722306489944,-0.07630527019500732,-0.15399253368377686,0.1718609780073166,False
train,0.5903313159942627,3.782116618822329e-05,0.0016827897634357214,0.05015059933066368,0.06903836131095886,-0.07666593790054321,-0.14270851016044617,0.16199810802936554,False
train,0.5907480716705322,3.361881317687221e-05,0.001676563755609095,0.05016292631626129,0.06898023188114166,-0.06931480765342712,-0.12926626205444336,0.14667756855487823,False
train,0.5911648273468018,4.622586857294664e-05,0.0016763488529250026,0.050178784877061844,0.06896317005157471,-0.060736965388059616,-0.11398042738437653,0.1291530728340149,False
train,0.5915815830230713,2.9416461984510534e-05,0.0016827905783429742,0.05019708350300789,0.06898700445890427,-0.05880789831280708,-0.09766357392072678,0.11400237679481506,False
train,0.591998279094696,4.202351556159556e-05,0.0016958394553512335,0.05021356791257858,0.06905139982700348,-0.0701509565114975,-0.08278648555278778,0.10851156711578369,False
train,0.5924150943756104,3.361881317687221e-05,0.001714471378363669,0.05022260546684265,0.06915595382452011,-0.09427333623170853,-0.0708831399679184,0.11794864386320114,False
train,0.5928318500518799,2.5214108973159455e-05,0.0017374425660818815,0.050219856202602386,0.06929998844861984,-0.12601584196090698,-0.06204933300614357,0.1404639184474945,False
train,0.5932486057281494,4.202351556159556e-05,0.0017629245994612575,0.05020333454012871,0.06948255002498627,-0.15921200811862946,-0.05932237580418587,0.1699047088623047,False
train,0.593665361404419,2.9416461984510534e-05,0.0017880107043311,0.05017436668276787,0.06970256567001343,-0.18504849076271057,-0.06280133128166199,0.19541481137275696,False
train,0.5940820574760437,4.622586857294664e-05,0.0018118747975677252,0.0501369833946228,0.06995861977338791,-0.2003490924835205,-0.0629924088716507,0.2100185751914978,False
train,0.594498872756958,2.9416461984510534e-05,0.0018377284286543727,0.050094444304704666,0.07024958729743958,-0.21155864000320435,-0.05276620388031006,0.21803973615169525,False
train,0.5949155688285828,0.0,0.0018692007288336754,0.050047338008880615,0.07057329267263412,-0.22246696054935455,-0.03761954605579376,0.22562530636787415,False
train,0.5953323841094971,0.0,0.0019051689887419343,0.04999775066971779,0.070928193628788,-0.2203412652015686,-0.033990614116191864,0.2229476124048233,False
train,0.5957491397857666,0.0,0.0019372672541067004,0.0499558299779892,0.07131204009056091,-0.18365034461021423,-0.05713257938623428,0.1923319548368454,False
train,0.5961658358573914,0.0,0.0019544248934835196,0.0499369353055954,0.07172244042158127,-0.1143684908747673,-0.10259215533733368,0.15364016592502594,False
train,0.5965826511383057,0.0,0.0019517824985086918,0.049948520958423615,0.07215733081102371,-0.044257160276174545,-0.14830373227596283,0.15476657450199127,False
train,0.5969993472099304,0.0,0.0019330017967149615,0.049984488636255264,0.07261357456445694,-0.0010004937648773193,-0.17899267375469208,0.17899547517299652,False
train,0.5974161028862,0.0,0.0019051381386816502,0.050031404942274094,0.07308869063854218,0.007040485739707947,-0.19239510595798492,0.19252388179302216,False
train,0.5978328585624695,0.0,0.0018751174211502075,0.05007519572973251,0.07357965409755707,-0.015063337981700897,-0.19020017981529236,0.19079573452472687,False
train,0.598249614238739,0.0,0.0018485506298020482,0.05010620132088661,0.07408332079648972,-0.05269693583250046,-0.1771618276834488,0.1848331093788147,False
train,0.5986663699150085,0.0,0.0018287486163899302,0.05012122914195061,0.07459649443626404,-0.09055577218532562,-0.1585855782032013,0.1826190948486328,False
train,0.5990831255912781,0.0,0.0018175849691033363,0.05012250691652298,0.07511579245328903,-0.1183025985956192,-0.1357574313879013,0.18007105588912964,False
train,0.5994998812675476,0.0,0.001816880307160318,0.050115641206502914,0.07563786208629608,-0.1303129941225052,-0.10853542387485504,0.16959190368652344,False
train,0.5999166369438171,0.0,0.0018279805080965161,0.05010734498500824,0.07615914195775986,-0.12663666903972626,-0.07985526323318481,0.14971208572387695,False
train,0.6003333926200867,0.0,0.001850402681156993,0.05010346695780754,0.0766761302947998,-0.11059273034334183,-0.05487697571516037,0.12345944344997406,False
train,0.6007501482963562,0.0,0.0018817654345184565,0.05010834336280823,0.07718532532453537,-0.0872325599193573,-0.03722734749317169,0.09484405815601349,False
train,0.6011669039726257,0.0,0.0019185810815542936,0.05012192949652672,0.07768324017524719,-0.074207603931427,-0.028998002409934998,0.07967215776443481,False
train,0.6015836596488953,0.0,0.001956215128302574,0.05013415589928627,0.07816628366708755,-0.09796500951051712,-0.033937372267246246,0.10367684811353683,False
train,0.6020004153251648,0.0,0.001988382311537862,0.05012856051325798,0.078631192445755,-0.15600165724754333,-0.05527235567569733,0.16550391912460327,False
train,0.6024171113967896,0.0,0.002008341485634446,0.05009918659925461,0.07907447218894958,-0.2047952562570572,-0.09168732166290283,0.22438284754753113,False
train,0.6028339266777039,0.0,0.002010905183851719,0.050058528780937195,0.07949337363243103,-0.2087603509426117,-0.13711592555046082,0.24976320564746857,False
train,0.6032506823539734,0.0,0.0019944936502724886,0.05002447962760925,0.0798845961689949,-0.17847886681556702,-0.18023797869682312,0.2536541521549225,False
train,0.6036674380302429,0.0,0.001962937181815505,0.05000489205121994,0.08024546504020691,-0.1443621814250946,-0.2079748809337616,0.25316792726516724,False
train,0.6040841937065125,0.0,0.0019242075504735112,0.04999785125255585,0.0805736780166626,-0.11905452609062195,-0.21493728458881378,0.2457071840763092,False
train,0.6045008897781372,0.0,0.0018861244898289442,0.05000047758221626,0.08086668699979782,-0.09741663187742233,-0.20658354461193085,0.22840043902397156,False
train,0.6049177050590515,0.0,0.0018530720844864845,0.05001230165362358,0.08112277090549469,-0.07528644800186157,-0.19240394234657288,0.2066091150045395,False
train,0.6053344011306763,0.0,0.0018260236829519272,0.050032831728458405,0.08134011924266815,-0.057889021933078766,-0.178653746843338,0.18779855966567993,False
train,0.6057512164115906,0.0,0.0018043882446363568,0.05005825683474541,0.08151767402887344,-0.052906639873981476,-0.1665130853652954,0.17471611499786377,False
train,0.6061679720878601,0.0,0.0017878053477033973,0.05008290708065033,0.08165422081947327,-0.061507776379585266,-0.15422041714191437,0.1660335659980774,False
train,0.6065846681594849,0.0,0.0017768627731129527,0.05010203644633293,0.08174925297498703,-0.07847751677036285,-0.13924510776996613,0.15983717143535614,False
train,0.6070014834403992,0.0,0.0017730843974277377,0.050113528966903687,0.08180257678031921,-0.09761103987693787,-0.119781494140625,0.1545170545578003,False
train,0.6074181795120239,0.0,0.0017783413641154766,0.050117116421461105,0.08181434124708176,-0.11669403314590454,-0.09612753242254257,0.15118862688541412,False
train,0.6078349947929382,0.0,0.0017940867692232132,0.05011232942342758,0.0817849338054657,-0.1383725106716156,-0.06963464617729187,0.15490621328353882,False
train,0.608251690864563,0.0,0.0018211733549833298,0.05009720101952553,0.08171527832746506,-0.1669679880142212,-0.04189371317625046,0.17214351892471313,False
train,0.6086684465408325,0.0,0.0018593851709738374,0.05006764456629753,0.08160652965307236,-0.20839518308639526,-0.016998521983623505,0.2090872973203659,False
train,0.609085202217102,0.0,0.001905769924633205,0.05001712962985039,0.08146030455827713,-0.2677393853664398,-0.004373855888843536,0.26777511835098267,False
train,0.6095019578933716,0.0,0.0019523227820172906,0.0499393492937088,0.08127830922603607,-0.33423224091529846,-0.018040984869003296,0.3347187936306,False
train,0.6099187731742859,0.0,0.001985827460885048,0.04983997717499733,0.0810626894235611,-0.35927993059158325,-0.06617122888565063,0.3653227388858795,False
train,0.6103354692459106,0.0,0.0019939113408327103,0.049751002341508865,0.08081596344709396,-0.27571356296539307,-0.13517950475215912,0.30706915259361267,False
train,0.6107522249221802,0.0,0.001973937265574932,0.049719419330358505,0.08054055273532867,-0.09691064059734344,-0.19581487774848938,0.21848373115062714,False
train,0.6111689805984497,0.0,0.0019338306738063693,0.04976193979382515,0.08023935556411743,0.05908270180225372,-0.23126085102558136,0.23868881165981293,False
train,0.6115857362747192,0.0,0.0018839549738913774,0.0498487614095211,0.07991533726453781,0.11233920603990555,-0.2445799857378006,0.26914581656455994,False
train,0.6120024919509888,0.0,0.0018320902017876506,0.04993896186351776,0.07957164198160172,0.0850134789943695,-0.24215097725391388,0.25664058327674866,False
train,0.6124192476272583,2.9416461984510534e-05,0.001784144900739193,0.050010230392217636,0.07921157032251358,0.02971922606229782,-0.22701314091682434,0.22895020246505737,False
train,0.6128360033035278,1.6809406588436104e-05,0.0017443107208237052,0.050058312714099884,0.07883831113576889,-0.023234806954860687,-0.20509813725948334,0.20641003549098969,False
train,0.6132527589797974,2.5214108973159455e-05,0.0017137331888079643,0.05008641257882118,0.07845526933670044,-0.06465227901935577,-0.18400368094444275,0.19503146409988403,False
train,0.6136695146560669,1.6809406588436104e-05,0.001691084005869925,0.05009973421692848,0.07806583493947983,-0.09353025257587433,-0.16750065982341766,0.19184467196464539,False
train,0.6140862703323364,2.5214108973159455e-05,0.0016743724700063467,0.050103284418582916,0.07767333090305328,-0.11125517636537552,-0.1554650068283081,0.19117291271686554,False
train,0.614503026008606,1.6809406588436104e-05,0.0016620365204289556,0.05010104924440384,0.07728108763694763,-0.12091370671987534,-0.14623337984085083,0.18974806368350983,False
train,0.6149197816848755,2.5214108973159455e-05,0.0016532944282516837,0.05009590834379196,0.07689225673675537,-0.12474964559078217,-0.13799937069416046,0.18602769076824188,False
train,0.615336537361145,1.6809406588436104e-05,0.0016479655168950558,0.05009029433131218,0.07651016116142273,-0.12184467911720276,-0.12983080744743347,0.17805100977420807,False
train,0.6157532334327698,1.6809406588436104e-05,0.0016459920443594456,0.050087276846170425,0.07613779604434967,-0.11217450350522995,-0.12200956791639328,0.16573910415172577,False
train,0.6161700487136841,2.5214108973159455e-05,0.0016471217386424541,0.05008877441287041,0.07577794045209885,-0.1003880724310875,-0.1148759201169014,0.15255898237228394,False
train,0.6165868043899536,1.6809406588436104e-05,0.001651157159358263,0.05009443312883377,0.07543350011110306,-0.09229021519422531,-0.10794796794652939,0.1420219987630844,False
train,0.6170035600662231,2.5214108973159455e-05,0.001658239052630961,0.050101954489946365,0.07510700821876526,-0.090926393866539,-0.10002033412456512,0.1351727694272995,False
train,0.6174203157424927,1.6809406588436104e-05,0.0016690910561010242,0.05010852590203285,0.07480105012655258,-0.09599625319242477,-0.08960448950529099,0.1313173472881317,False
train,0.6178370118141174,1.6809406588436104e-05,0.0016849205130711198,0.05011213570833206,0.07451769709587097,-0.1035882756114006,-0.07627527415752411,0.1286407709121704,False
train,0.6182538270950317,2.5214108973159455e-05,0.001706357579678297,0.0501127727329731,0.07425907999277115,-0.10939891636371613,-0.06369127333164215,0.12658870220184326,False
train,0.6186705231666565,1.6809406588436104e-05,0.0017314872238785028,0.050110455602407455,0.07402707636356354,-0.11959553509950638,-0.05972405895590782,0.13367892801761627,False
train,0.619087278842926,2.5214108973159455e-05,0.0017557331593707204,0.05010082200169563,0.07382339239120483,-0.1442691832780838,-0.06724575906991959,0.15917156636714935,False
train,0.6195040345191956,2.101175778079778e-05,0.0017756643937900662,0.05007973313331604,0.07364937663078308,-0.17016856372356415,-0.0785394236445427,0.18741872906684875,False
train,0.6199207901954651,2.5214108973159455e-05,0.0017914536874741316,0.05005165562033653,0.07350637763738632,-0.17476150393486023,-0.08644195646047592,0.19497127830982208,False
train,0.6203376054763794,1.6809406588436104e-05,0.0018045215401798487,0.05002725496888161,0.07339537888765335,-0.1525135487318039,-0.09207014739513397,0.17814964056015015,False
train,0.6207543015480042,1.6809406588436104e-05,0.001814938266761601,0.0500163808465004,0.07331723719835281,-0.1119738444685936,-0.09959514439105988,0.14985771477222443,False
train,0.6211710572242737,2.5214108973159455e-05,0.0018212463473901153,0.05002356320619583,0.07327251136302948,-0.06898939609527588,-0.11227139085531235,0.13177405297756195,False
train,0.6215878129005432,1.6809406588436104e-05,0.0018207449465990067,0.05004598945379257,0.07326160371303558,-0.04159487783908844,-0.13252685964107513,0.13890105485916138,False
train,0.6220045685768127,2.5214108973159455e-05,0.0018105476628988981,0.05007489025592804,0.07328471541404724,-0.03640612214803696,-0.1576947420835495,0.16184262931346893,False
train,0.6224213242530823,1.6809406588436104e-05,0.0017909527523443103,0.05010366067290306,0.07334175705909729,-0.03979240357875824,-0.17524175345897675,0.17970283329486847,False
train,0.6228380799293518,1.6809406588436104e-05,0.0017677850555628538,0.05013135075569153,0.07343245297670364,-0.04194345325231552,-0.1746068298816681,0.1795739382505417,False
train,0.6232548356056213,2.5214108973159455e-05,0.0017479286761954427,0.05015760660171509,0.0735563114285469,-0.04765092208981514,-0.16170699894428253,0.16858161985874176,False
train,0.6236715912818909,2.101175778079778e-05,0.001733924145810306,0.05018073692917824,0.07371269911527634,-0.05600201338529587,-0.1481928527355194,0.15842141211032867,False
train,0.6240883469581604,3.361881317687221e-05,0.0017247648211196065,0.050200846046209335,0.07390058040618896,-0.06247730925679207,-0.13882511854171753,0.15223608911037445,False
train,0.6245051026344299,1.6809406588436104e-05,0.0017186414916068316,0.05021894723176956,0.07411888986825943,-0.06635342538356781,-0.13368262350559235,0.14924417436122894,False
train,0.6249218583106995,0.0,0.0017139225965365767,0.050235651433467865,0.07436622679233551,-0.06981612741947174,-0.13203442096710205,0.14935655891895294,False
train,0.625338613986969,0.0,0.0017094154609367251,0.05025079473853111,0.07464109361171722,-0.07425589114427567,-0.1324983388185501,0.15188728272914886,False
train,0.6257553696632385,0.0,0.001704607391729951,0.05026412010192871,0.07494170218706131,-0.07979843020439148,-0.13324682414531708,0.15531422197818756,False
train,0.6261720657348633,0.0,0.0016996986232697964,0.05027475208044052,0.0752660408616066,-0.08729348331689835,-0.1329372376203537,0.1590360403060913,False
train,0.6265888810157776,0.0,0.0016953079029917717,0.050282109528779984,0.07561207562685013,-0.09634141623973846,-0.13067656755447388,0.1623515784740448,False
train,0.6270056366920471,0.0,0.0016923946095630527,0.050286028534173965,0.07597728073596954,-0.10375358164310455,-0.12583628296852112,0.16309376060962677,False
train,0.6274223923683167,0.0,0.0016920213820412755,0.05028777942061424,0.07635917514562607,-0.10717836022377014,-0.11862578243017197,0.15987268090248108,False
train,0.6278391480445862,0.0,0.0016949825221672654,0.05028897523880005,0.07675507664680481,-0.10818557441234589,-0.10998531430959702,0.15427535772323608,False
train,0.6282558441162109,0.0,0.0017016424098983407,0.050289541482925415,0.07716210931539536,-0.11184041947126389,-0.10122199356555939,0.15084485709667206,False
train,0.6286726593971252,0.0,0.0017115211812779307,0.050287049263715744,0.07757742702960968,-0.12464861571788788,-0.09507434070110321,0.15676863491535187,False
train,0.62908935546875,0.0,0.0017226501367986202,0.050276827067136765,0.077997587621212,-0.1495317667722702,-0.09580157697200775,0.1775885373353958,False
train,0.6295061707496643,0.0,0.0017317577730864286,0.05025498569011688,0.07841967791318893,-0.17922592163085938,-0.10406613349914551,0.20724789798259735,False
train,0.6299228668212891,0.0,0.0017369575798511505,0.050222571939229965,0.07884013652801514,-0.19854001700878143,-0.11286844313144684,0.2283799946308136,False
train,0.6303396224975586,0.0,0.001739625120535493,0.05018622800707817,0.07925579696893692,-0.19862279295921326,-0.11543101072311401,0.2297288179397583,False
train,0.6307564377784729,0.0,0.0017426869599148631,0.05015343055129051,0.07966329902410507,-0.18377898633480072,-0.11097650229930878,0.21468697488307953,False
train,0.6311731338500977,0.0,0.001748895039781928,0.05012849345803261,0.08005902916193008,-0.16281497478485107,-0.10016421228647232,0.19115854799747467,False
train,0.631589949131012,0.0,0.0017608344787731767,0.05011272430419922,0.08043982833623886,-0.14089712500572205,-0.08362097293138504,0.1638428121805191,False
train,0.6320066452026367,0.0,0.0017801782814785838,0.050106119364500046,0.08080224692821503,-0.11992253363132477,-0.06568339467048645,0.1367323100566864,False
train,0.6324234008789062,0.0,0.0018055724212899804,0.050107911229133606,0.08114316314458847,-0.10199578106403351,-0.056546613574028015,0.11662185937166214,False
train,0.6328401565551758,0.0,0.0018311592284590006,0.05011632293462753,0.08145937323570251,-0.08878624439239502,-0.06516289710998535,0.11013264954090118,False
train,0.6332569122314453,0.0,0.001850448432378471,0.05012975260615349,0.08174802362918854,-0.07695798575878143,-0.08351731300354004,0.11356792598962784,False
train,0.6336736679077148,0.0,0.0018637811299413443,0.050149623304605484,0.08200632035732269,-0.057082273066043854,-0.09085194021463394,0.10729613900184631,False
train,0.6340904235839844,0.0,0.0018778055673465133,0.050179798156023026,0.08223171532154083,-0.030350714921951294,-0.08105592429637909,0.08655188977718353,False
train,0.6345071792602539,2.9416461984510534e-05,0.0018982015317305923,0.050219811499118805,0.08242190629243851,-0.012670338153839111,-0.06165657937526703,0.06294498592615128,False
train,0.6349239349365234,5.463057095766999e-05,0.0019275700906291604,0.05026405304670334,0.08257482945919037,-0.010007239878177643,-0.038947828114032745,0.04021291062235832,False
train,0.635340690612793,1.2607054486579727e-05,0.0019658529199659824,0.05030741170048714,0.08268879354000092,-0.015648864209651947,-0.02081633359193802,0.026042401790618896,False
train,0.6357574462890625,2.5214108973159455e-05,0.0020085186697542667,0.05034742131829262,0.08276239037513733,-0.027100957930088043,-0.020091712474822998,0.03373631462454796,False
train,0.636174201965332,2.5214108973159455e-05,0.002046211389824748,0.05038069561123848,0.08279449492692947,-0.048182666301727295,-0.044906944036483765,0.06586503982543945,False
train,0.6365909576416016,6.303527334239334e-05,0.002069164765998721,0.05040391534566879,0.08278445899486542,-0.07354158163070679,-0.08827470988035202,0.11489468812942505,False
train,0.6370077133178711,0.0,0.0020735326688736677,0.05041862279176712,0.08273177593946457,-0.08633332699537277,-0.1304553747177124,0.15643544495105743,False
train,0.6374244689941406,0.0,0.0020642110612243414,0.05043194815516472,0.08263655006885529,-0.08000233769416809,-0.1509908139705658,0.17087598145008087,False
train,0.6378412246704102,0.0,0.002053519245237112,0.050451211631298065,0.08249916136264801,-0.05831924453377724,-0.13551472127437592,0.1475309282541275,False
train,0.6382579803466797,0.0,0.0020573807414621115,0.05048277974128723,0.0823201984167099,-0.020854607224464417,-0.08333654701709747,0.08590631186962128,False
train,0.6386746764183044,0.0,0.0020856806077063084,0.0505300909280777,0.08210089057683945,0.00958310067653656,-0.027402207255363464,0.029029585421085358,False
train,0.6390914916992188,0.0,0.002127069979906082,0.05057689547538757,0.08184251189231873,-0.035626769065856934,-0.030318833887577057,0.04678139090538025,False
train,0.6395081877708435,0.0,0.0021504582837224007,0.050581999123096466,0.08154696226119995,-0.1840856969356537,-0.1084485724568367,0.21365541219711304,False
train,0.6399250030517578,0.0,0.002135211369022727,0.0505184680223465,0.0812160074710846,-0.34186914563179016,-0.20431706309318542,0.39827123284339905,False
train,0.6403416991233826,0.0,0.0020857115741819143,0.050408098846673965,0.08085235208272934,-0.3959881663322449,-0.2676953673362732,0.47798267006874084,False
train,0.6407584547996521,0.0,0.002018902450799942,0.05030069500207901,0.08045836538076401,-0.3338868021965027,-0.2877620458602905,0.4407804310321808,False
train,0.6411752700805664,0.0,0.001950913341715932,0.05023125186562538,0.08003675937652588,-0.2274971306324005,-0.27601704001426697,0.35768750309944153,False
train,0.6415919661521912,0.0,0.001891462248750031,0.05020233616232872,0.07959084957838058,-0.14598362147808075,-0.24970485270023346,0.2892468273639679,False
train,0.6420087814331055,0.0,0.001843616017140448,0.050197798758745193,0.07912340015172958,-0.1094854548573494,-0.22209006547927856,0.24761070311069489,False
train,0.6424254775047302,0.0,0.0018063071183860302,0.05020061507821083,0.07863809168338776,-0.10625282675027847,-0.2000344842672348,0.2265026718378067,False
train,0.6428422331809998,0.0,0.0017768339021131396,0.050200846046209335,0.07813818007707596,-0.11864529550075531,-0.18436463177204132,0.2192419320344925,False
train,0.6432589888572693,0.0,0.0017531202174723148,0.050195060670375824,0.07762696593999863,-0.13157011568546295,-0.17179811000823975,0.21639150381088257,False
train,0.6436757445335388,0.0,0.001734504010528326,0.05018547922372818,0.07710830122232437,-0.13482926785945892,-0.1599443554878235,0.20919160544872284,False
train,0.6440925002098083,0.0,0.0017205249750986695,0.050176702439785004,0.07658535987138748,-0.1273239701986313,-0.14986075460910797,0.19664597511291504,False
train,0.6445092558860779,0.0,0.0017101876437664032,0.05017209053039551,0.07606193423271179,-0.1148892343044281,-0.1424553096294403,0.18301106989383698,False
train,0.6449260115623474,0.0,0.0017025985289365053,0.05017247051000595,0.07554119825363159,-0.10280948132276535,-0.13638705015182495,0.17079582810401917,False
train,0.6453427672386169,0.0,0.0016975386533886194,0.05017736181616783,0.07502672076225281,-0.09217575192451477,-0.13025040924549103,0.159566730260849,False
train,0.6457595229148865,0.0,0.0016950980061665177,0.05018647015094757,0.07452172040939331,-0.08099865913391113,-0.12388429045677185,0.1480138599872589,False
train,0.646176278591156,0.0,0.0016953119775280356,0.050200674682855606,0.07402943074703217,-0.06669176369905472,-0.11768452078104019,0.13526801764965057,False
train,0.6465930342674255,0.0,0.0016980303917080164,0.050221413373947144,0.07355272024869919,-0.04864488169550896,-0.11193129420280457,0.12204482406377792,False
train,0.6470097899436951,0.0,0.0017030787421390414,0.050249867141246796,0.07309470325708389,-0.02931060642004013,-0.10658440738916397,0.11054115742444992,False
train,0.6474265456199646,0.0,0.0017103546997532248,0.05028575286269188,0.07265786826610565,-0.012890130281448364,-0.10132059454917908,0.1021372526884079,False
train,0.6478433012962341,0.0,0.0017199201975017786,0.0503271110355854,0.0722450464963913,-0.0024805590510368347,-0.09565413743257523,0.09568630158901215,False
train,0.6482600569725037,0.0,0.0017320540500804782,0.05037122964859009,0.07185840606689453,0.001094631850719452,-0.08901935815811157,0.0890260860323906,False
train,0.6486768126487732,0.0,0.0017472843173891306,0.050415169447660446,0.0715002790093422,-0.0034079700708389282,-0.08093966543674469,0.08101137727499008,False
train,0.6490935683250427,0.0,0.0017662073951214552,0.050454627722501755,0.0711725577712059,-0.020200379192829132,-0.07149074971675873,0.07428985834121704,False
train,0.6495103240013123,0.0,0.001789074158295989,0.05048380419611931,0.07087714970111847,-0.05253169313073158,-0.06277428567409515,0.0818546861410141,False
train,0.649927020072937,0.0,0.0018143390771001577,0.050496794283390045,0.07061568647623062,-0.09576614201068878,-0.06150032952427864,0.11381320655345917,False
train,0.6503438353538513,0.0,0.001836835639551282,0.050491463392972946,0.07038946449756622,-0.13748592138290405,-0.0773877501487732,0.1577695906162262,False
train,0.6507605314254761,0.0,0.001848577056080103,0.05047120526432991,0.07019992172718048,-0.1651485413312912,-0.11164247989654541,0.19934414327144623,False
train,0.6511773467063904,0.0,0.0018448511837050319,0.050443414598703384,0.07004782557487488,-0.17324328422546387,-0.14765526354312897,0.22762976586818695,False
train,0.6515941023826599,0.0,0.0018293464090675116,0.050415750592947006,0.06993415206670761,-0.16561004519462585,-0.1660403162240982,0.23451241850852966,False
train,0.6520107984542847,0.0,0.0018103509210050106,0.050392672419548035,0.06985945254564285,-0.15320301055908203,-0.16585208475589752,0.22578324377536774,False
train,0.652427613735199,0.0,0.0017933202907443047,0.05037370324134827,0.06982426345348358,-0.14720164239406586,-0.15851426124572754,0.21632173657417297,False
train,0.6528443098068237,0.0,0.0017792548751458526,0.05035487934947014,0.06982867419719696,-0.1528601497411728,-0.15240177512168884,0.2158530205488205,False
train,0.653261125087738,0.0,0.0017671197419986129,0.05033141002058983,0.06987270712852478,-0.16868671774864197,-0.1490006446838379,0.22506976127624512,False
train,0.6536778211593628,0.0,0.0017562526045367122,0.05030040815472603,0.06995630264282227,-0.1875532865524292,-0.14576120674610138,0.23753434419631958,False
train,0.6540945768356323,0.0,0.0017470637103542686,0.05026283860206604,0.07007883489131927,-0.1979578733444214,-0.1406935453414917,0.24286209046840668,False
train,0.6545113325119019,0.0,0.0017401928780600429,0.05022450536489487,0.0702400803565979,-0.1910030096769333,-0.1348164826631546,0.23378971219062805,False
train,0.6549280881881714,0.0,0.0017356298631057143,0.05019278824329376,0.07043884694576263,-0.16760270297527313,-0.12962666153907776,0.21188141405582428,False
train,0.6553448438644409,0.0,0.0017330263508483768,0.05017301067709923,0.07067445665597916,-0.13501228392124176,-0.1252421736717224,0.18415731191635132,False
train,0.6557615995407104,0.0,0.00173211342189461,0.05016762390732765,0.07094547152519226,-0.10072684288024902,-0.12145142257213593,0.15778575837612152,False
train,0.65617835521698,0.0,0.0017326358938589692,0.05017579719424248,0.07125069200992584,-0.07099711894989014,-0.11836718767881393,0.13802674412727356,False
train,0.6565951108932495,0.0,0.001734294113703072,0.050194866955280304,0.07158834487199783,-0.04978428781032562,-0.11611016094684601,0.1263330727815628,False
train,0.657011866569519,0.0,0.0017367698019370437,0.05022092163562775,0.07195676863193512,-0.03811907023191452,-0.11442284286022186,0.12060534954071045,False
train,0.6574286222457886,0.0,0.0017399989301338792,0.050250083208084106,0.07235370576381683,-0.03542190045118332,-0.11244107782840729,0.11788854002952576,False
train,0.6578453779220581,0.0,0.0017443132819607854,0.0502786822617054,0.07277733087539673,-0.04180333763360977,-0.1092570573091507,0.11698129028081894,False
train,0.6582621335983276,0.0,0.0017501326510682702,0.0503026619553566,0.07322482764720917,-0.0589483380317688,-0.10579054057598114,0.12110550701618195,False
train,0.6586788892745972,0.0,0.0017568777548149228,0.05031741410493851,0.07369385659694672,-0.08624744415283203,-0.10549754649400711,0.13626573979854584,False
train,0.6590956449508667,0.0,0.0017625223845243454,0.050320081412792206,0.07418152689933777,-0.11663413792848587,-0.11130731552839279,0.16122294962406158,False
train,0.6595124006271362,0.0,0.0017645766492933035,0.05031110346317291,0.07468495517969131,-0.1415415108203888,-0.12210770696401596,0.18693391978740692,False
train,0.6599291563034058,0.0,0.0017618448473513126,0.050293803215026855,0.07520100474357605,-0.15815159678459167,-0.1333993375301361,0.2068992704153061,False
train,0.6603458523750305,0.0,0.001755040604621172,0.05027102306485176,0.07572641968727112,-0.16939370334148407,-0.14113599061965942,0.2204848974943161,False
train,0.6607626676559448,0.0,0.0017459827940911055,0.05024406313896179,0.07625793665647507,-0.18017737567424774,-0.1440955400466919,0.23071065545082092,False
train,0.6611793637275696,0.0,0.0017365480307489634,0.05021221190690994,0.07679188251495361,-0.19389870762825012,-0.14310161769390106,0.24098710715770721,False
train,0.6615961790084839,0.0,0.0017281041946262121,0.05017434060573578,0.07732492685317993,-0.2101249098777771,-0.13939616084098816,0.25215819478034973,False
train,0.6620129346847534,0.0,0.0017215482657775283,0.05012994632124901,0.0778532400727272,-0.2255893498659134,-0.13402128219604492,0.2623971402645111,False
train,0.6624296307563782,0.0,0.0017173687228932977,0.050079893320798874,0.07837314903736115,-0.23742786049842834,-0.12796331942081451,0.2697157859802246,False
train,0.6628464460372925,0.0,0.0017156038666144013,0.050026316195726395,0.07888133823871613,-0.24329552054405212,-0.1224289983510971,0.27236294746398926,False
train,0.6632631421089172,0.0,0.0017156831454485655,0.049972545355558395,0.07937367260456085,-0.23823629319667816,-0.11921173334121704,0.2663981318473816,False
train,0.6636799573898315,0.0,0.0017161794239655137,0.04992435872554779,0.07984710484743118,-0.21628883481025696,-0.1204536110162735,0.2475680410861969,False
train,0.6640966534614563,0.0,0.0017151209758594632,0.049889110028743744,0.08029763400554657,-0.17859745025634766,-0.12607495486736298,0.21861368417739868,False
train,0.6645134091377258,0.0,0.0017114623915404081,0.049871429800987244,0.08072227239608765,-0.13467100262641907,-0.13192662596702576,0.18852297961711884,False
train,0.6649301648139954,0.0,0.0017061153193935752,0.0498715341091156,0.08111776411533356,-0.09561849385499954,-0.13374896347522736,0.16441313922405243,False
train,0.6653469204902649,0.0,0.0017010021256282926,0.04988574609160423,0.08148107677698135,-0.06872652471065521,-0.13105268776416779,0.147980198264122,False
train,0.6657637357711792,0.0,0.0016976866172626615,0.04990838095545769,0.08180935680866241,-0.05538111552596092,-0.12554176151752472,0.13721443712711334,False
train,0.666180431842804,0.0,0.0016970470314845443,0.04993438348174095,0.0821002870798111,-0.05256085842847824,-0.1184532418847084,0.1295909583568573,False
train,0.6665971875190735,0.0,0.001699655782431364,0.04996025562286377,0.08235140889883041,-0.055947769433259964,-0.1100805401802063,0.12348229438066483,False
train,0.667013943195343,0.0,0.0017060365062206984,0.04998421669006348,0.08256110548973083,-0.061750318855047226,-0.10049743950366974,0.11795268952846527,False
train,0.6674306988716125,0.0,0.0017165858298540115,0.05000578984618187,0.08272764831781387,-0.0668066143989563,-0.09035293012857437,0.11236893385648727,False
train,0.6678474545478821,0.0,0.0017312050331383944,0.050025954842567444,0.08284980058670044,-0.06881862133741379,-0.08128516376018524,0.10650483518838882,False
train,0.6682642102241516,0.0,0.00174901750870049,0.050046082586050034,0.08292671293020248,-0.06742095947265625,-0.07546230405569077,0.10119359940290451,False
train,0.6686809659004211,0.0,0.0017682760953903198,0.05006729066371918,0.08295799046754837,-0.06452970206737518,-0.07451806962490082,0.09857497364282608,False
train,0.6690977215766907,0.0,0.0017868755385279655,0.050089556723833084,0.08294350653886795,-0.062378838658332825,-0.07842576503753662,0.10020838677883148,False
train,0.6695144772529602,0.0,0.0018032101215794683,0.050112418830394745,0.08288358151912689,-0.061282288283109665,-0.08483153581619263,0.10465136915445328,False
train,0.6699312329292297,0.0,0.0018169418908655643,0.05013579502701759,0.08277884870767593,-0.05957728251814842,-0.09054544568061829,0.10838787257671356,False
train,0.6703479886054993,0.0,0.001828722539357841,0.05016054958105087,0.08263047784566879,-0.053890831768512726,-0.09432525187730789,0.1086345911026001,False
train,0.6707647442817688,0.0,0.0018390956101939082,0.05018924921751022,0.08243981003761292,-0.03916069120168686,-0.09784267842769623,0.10538855940103531,False
train,0.6711814999580383,0.0,0.0018474888056516647,0.05022648349404335,0.08220864087343216,-0.012750312685966492,-0.10453063249588013,0.10530538111925125,False
train,0.6715981960296631,0.0,0.001851913402788341,0.05027597397565842,0.08193907886743546,0.01757381111383438,-0.1173703745007515,0.1186787411570549,False
train,0.6720150113105774,0.0,0.001849797205068171,0.05033571645617485,0.08163344860076904,0.03364378213882446,-0.13561855256557465,0.1397293657064438,False
train,0.6724317669868469,0.0,0.0018400473054498434,0.05039652809500694,0.08129433542490005,0.022588565945625305,-0.15288591384887695,0.1545456200838089,False
train,0.6728485226631165,0.0,0.0018248619744554162,0.05044759064912796,0.080924853682518,-0.00980783998966217,-0.16090695559978485,0.16120558977127075,False
train,0.673265278339386,0.0,0.001809008652344346,0.050483305007219315,0.08052782714366913,-0.048398181796073914,-0.1565486639738083,0.1638592928647995,False
train,0.6736819744110107,0.0,0.0017969199689105153,0.05050325393676758,0.08010682463645935,-0.08384644240140915,-0.14432011544704437,0.16690872609615326,False
train,0.674098789691925,0.0,0.0017901560058817267,0.05050934478640556,0.07966481149196625,-0.11403324455022812,-0.13237349689006805,0.17471784353256226,False
train,0.6745154857635498,0.0,0.0017872442258521914,0.05050387978553772,0.07920579612255096,-0.13793157041072845,-0.12645839154720306,0.18712787330150604,False
train,0.6749323010444641,0.0,0.0017853592289611697,0.05048995465040207,0.07873278856277466,-0.1535005122423172,-0.12700846791267395,0.19923241436481476,False
train,0.6753489971160889,0.0,0.001782422885298729,0.05047107860445976,0.07825007289648056,-0.16079072654247284,-0.13083772361278534,0.20729729533195496,False
train,0.6757657527923584,0.0,0.0017777645261958241,0.05045005679130554,0.0777607411146164,-0.16395129263401031,-0.13482323288917542,0.21226711571216583,False
train,0.6761825680732727,0.0,0.0017715992871671915,0.05042745918035507,0.077268585562706,-0.1679539978504181,-0.1379564106464386,0.2173488438129425,False
train,0.6765992641448975,0.0,0.0017642470775172114,0.05040237307548523,0.0767771527171135,-0.17477044463157654,-0.14049392938613892,0.2242392748594284,False
train,0.677016019821167,0.0,0.0017559070838615298,0.05037394165992737,0.07629009336233139,-0.18327635526657104,-0.14263908565044403,0.23224154114723206,False
train,0.6774327754974365,0.0,0.0017467624275013804,0.050341688096523285,0.07581043243408203,-0.190879687666893,-0.14415526390075684,0.239198237657547,False
train,0.677849531173706,0.0,0.0017372365109622478,0.05030675232410431,0.07534171640872955,-0.1950206756591797,-0.1441364735364914,0.24250440299510956,False
train,0.6782662868499756,0.0,0.0017281798645853996,0.05027104169130325,0.07488691061735153,-0.19352789223194122,-0.14175277948379517,0.23988933861255646,False
train,0.6786830425262451,0.0,0.0017204798059538007,0.05023723468184471,0.0744490772485733,-0.18438491225242615,-0.13774940371513367,0.2301579862833023,False
train,0.6790997982025146,0.0,0.0017144265584647655,0.05020871013402939,0.07403092086315155,-0.16769081354141235,-0.13403594493865967,0.2146761268377304,False
train,0.6795165538787842,0.0,0.0017095718067139387,0.05018790066242218,0.0736352726817131,-0.1475413292646408,-0.1320725381374359,0.19801919162273407,False
train,0.6799333095550537,0.0,0.0017050881870090961,0.05017494037747383,0.07326433062553406,-0.13019132614135742,-0.1321645975112915,0.18551890552043915,False
train,0.6803500652313232,0.0,0.001700208056718111,0.05016762390732765,0.07292047888040543,-0.12027290463447571,-0.1338336169719696,0.17993612587451935,False
train,0.6807668209075928,0.0,0.0016944390954449773,0.05016263946890831,0.07260570675134659,-0.11811280250549316,-0.1362498551607132,0.1803182065486908,False
train,0.6811835765838623,0.0,0.0016876956215128303,0.05015739053487778,0.07232198864221573,-0.11994033306837082,-0.138326957821846,0.18308475613594055,False
train,0.6816003322601318,0.0,0.0016803654143586755,0.05015132948756218,0.07207078486680984,-0.12052180618047714,-0.13883480429649353,0.18384942412376404,False
train,0.6820170283317566,0.0,0.001673334976658225,0.05014597997069359,0.0718536451458931,-0.1157122552394867,-0.13686507940292358,0.17922437191009521,False
train,0.6824338436126709,0.0,0.0016676635714247823,0.05014392361044884,0.07167170941829681,-0.10428616404533386,-0.13237664103507996,0.16852056980133057,False
train,0.6828505992889404,0.0,0.0016642211703583598,0.050147417932748795,0.07152614742517471,-0.09005609154701233,-0.1264747679233551,0.15526096522808075,False
train,0.68326735496521,0.0,0.0016632191836833954,0.05015585571527481,0.07141773402690887,-0.08145973086357117,-0.12101751565933228,0.1458798348903656,False
train,0.6836841106414795,0.0,0.0016642052214592695,0.05016559362411499,0.0713469609618187,-0.08455730974674225,-0.11693558841943741,0.1443047821521759,False
train,0.6841008067131042,0.0,0.001666830270551145,0.05017191171646118,0.07131431251764297,-0.0966443344950676,-0.1128106415271759,0.14854753017425537,False
train,0.6845176219940186,0.0,0.001671595498919487,0.05017248913645744,0.07131993770599365,-0.11063406616449356,-0.1062888577580452,0.1534184366464615,False
train,0.6849343180656433,0.0,0.0016798916039988399,0.050167664885520935,0.07136381417512894,-0.12216933071613312,-0.09556408226490021,0.15510590374469757,False
train,0.6853511333465576,0.0,0.0016938522458076477,0.0501587800681591,0.07144571095705032,-0.13061727583408356,-0.07861030101776123,0.15244819223880768,False
train,0.6857678294181824,0.0,0.0017166808247566223,0.05014701187610626,0.07156535238027573,-0.1356927901506424,-0.05217906832695007,0.1453794687986374,False
train,0.6861845850944519,0.0,0.0017531529301777482,0.050134625285863876,0.07172198593616486,-0.13275842368602753,-0.012343168258666992,0.13333098590373993,False
train,0.6866014003753662,0.0,0.0018092913087457418,0.0501270592212677,0.0719146654009819,-0.11019870638847351,0.042084962129592896,0.11796142905950546,False
train,0.687018096446991,0.0,0.0018897049594670534,0.05013487488031387,0.07214255630970001,-0.060243137180805206,0.10144643485546112,0.11798565089702606,False
train,0.6874349117279053,0.0,0.001990831457078457,0.05016584321856499,0.0724044069647789,-0.006888143718242645,0.1344919502735138,0.134668231010437,False
train,0.68785160779953,0.0,0.0020921234972774982,0.05021229386329651,0.07269841432571411,0.010730229318141937,0.09646199643611908,0.09705696254968643,False
train,0.6882683634757996,0.0,0.002160973846912384,0.05026250705122948,0.07302341610193253,0.02135607600212097,-0.013937234878540039,0.025501539930701256,False
train,0.6886851191520691,0.0,0.0021810238249599934,0.05032496899366379,0.07337720692157745,0.069931760430336,-0.12372571974992752,0.14212144911289215,False
train,0.6891018748283386,0.0,0.002165219048038125,0.050412070006132126,0.07375780493021011,0.13075529038906097,-0.1862885057926178,0.22759690880775452,False
train,0.6895186901092529,0.0,0.0021290385629981756,0.050518881529569626,0.074163056910038,0.1562328040599823,-0.228498637676239,0.27680376172065735,False
train,0.6899353861808777,0.0,0.002075331285595894,0.05062223970890045,0.07459056377410889,0.10991598665714264,-0.27110981941223145,0.2925441265106201,False
train,0.6903521418571472,0.0,0.0020063258707523346,0.05069251358509064,0.07503757625818253,0.0034065544605255127,-0.2987109422683716,0.29873037338256836,False
train,0.6907688975334167,0.0,0.0019321971340104938,0.05071539431810379,0.07550134509801865,-0.10870563238859177,-0.2955417037010193,0.3148996829986572,False
train,0.6911856532096863,0.0,0.0018651027930900455,0.050698548555374146,0.0759790912270546,-0.18423610925674438,-0.2676689922809601,0.3249455988407135,False
train,0.6916024088859558,0.0,0.0018121078610420227,0.05065985023975372,0.07646753638982773,-0.21607643365859985,-0.230424702167511,0.3158869445323944,False
train,0.6920191645622253,0.0,0.0017746613593772054,0.0506150908768177,0.0769636332988739,-0.2165018618106842,-0.1941603124141693,0.2908114194869995,False
train,0.6924359202384949,0.0,0.001751308678649366,0.050574034452438354,0.07746392488479614,-0.2022460699081421,-0.1632191389799118,0.25989222526550293,False
train,0.6928526759147644,0.0,0.0017391800647601485,0.050538912415504456,0.0779651403427124,-0.19174090027809143,-0.14084844291210175,0.23791354894638062,False
train,0.6932694315910339,0.0,0.0017338431207463145,0.05050472542643547,0.078463613986969,-0.20085349678993225,-0.13093271851539612,0.2397613376379013,False
train,0.6936861872673035,0.0,0.0017302964115515351,0.05046295374631882,0.07895613461732864,-0.22657546401023865,-0.13063617050647736,0.26153823733329773,False
train,0.694102942943573,0.0,0.0017267224611714482,0.05041048675775528,0.07943886518478394,-0.2498951107263565,-0.12903781235218048,0.2812442481517792,False
train,0.6945196986198425,0.0,0.0017252775141969323,0.05035102367401123,0.07990850508213043,-0.260628342628479,-0.11994849145412445,0.2869054973125458,False
train,0.6949364542961121,0.0,0.0017287703230977058,0.05028930678963661,0.08036143332719803,-0.26261311769485474,-0.10594681650400162,0.28317904472351074,False
train,0.6953531503677368,0.0,0.00173798983450979,0.05022778362035751,0.0807943046092987,-0.2614749073982239,-0.0931718647480011,0.27757903933525085,False
train,0.6957699656486511,0.0,0.0017513755010440946,0.050167616456747055,0.08120385557413101,-0.2557913064956665,-0.0858510434627533,0.26981401443481445,False
train,0.6961866617202759,0.0,0.0017666888888925314,0.050111670047044754,0.08158694952726364,-0.24216338992118835,-0.08313450217247009,0.25603604316711426,False
train,0.6966034770011902,0.0,0.00178249750752002,0.050062984228134155,0.08194046467542648,-0.22139298915863037,-0.08306345343589783,0.23646225035190582,False
train,0.6970202326774597,0.0,0.0017973034409806132,0.05002441257238388,0.08226169645786285,-0.1942378580570221,-0.08861158788204193,0.21349558234214783,False
train,0.6974369287490845,0.0,0.0018075553234666586,0.049998845905065536,0.0825481116771698,-0.15950830280780792,-0.10517008602619171,0.19105927646160126,False
train,0.6978537440299988,0.0,0.0018091861857101321,0.04998883605003357,0.08279749006032944,-0.12184938043355942,-0.1275954246520996,0.17643089592456818,False
train,0.6982704401016235,0.0,0.0018031620420515537,0.04999329522252083,0.0830075815320015,-0.09219560027122498,-0.1394599825143814,0.1671798825263977,False
train,0.6986871957778931,0.0,0.0017954831710085273,0.05000768229365349,0.08317688852548599,-0.07379728555679321,-0.136810764670372,0.15544524788856506,False
train,0.6991039514541626,0.0,0.0017899376107379794,0.05002836883068085,0.0833040326833725,-0.06211617588996887,-0.13154296576976776,0.14547154307365417,False
train,0.6995207071304321,0.0,0.001785483444109559,0.05005289241671562,0.08338780701160431,-0.05518613010644913,-0.1322099268436432,0.14326539635658264,False
train,0.6999375224113464,0.0,0.0017797559266909957,0.050079140812158585,0.08342764526605606,-0.05458228290081024,-0.13687390089035034,0.14735566079616547,False
train,0.7003542184829712,0.0,0.0017723185010254383,0.050104133784770966,0.08342336863279343,-0.06093220412731171,-0.13976968824863434,0.15247392654418945,False
train,0.7007709741592407,0.0,0.0017645228654146194,0.05012534558773041,0.08337479829788208,-0.07235170155763626,-0.1388038545846939,0.15652884542942047,False
train,0.7011877298355103,4.202351647109026e-06,0.0017579226987436414,0.050141263753175735,0.08328226953744888,-0.08535981178283691,-0.13397684693336487,0.15885871648788452,False
train,0.7016044855117798,0.0,0.0017545021837577224,0.050152506679296494,0.08314698189496994,-0.09335089474916458,-0.12312556058168411,0.15451309084892273,False
train,0.7020212411880493,0.0,0.0017573515651747584,0.050163060426712036,0.08296960592269897,-0.08638288825750351,-0.10387106239795685,0.13509701192378998,False
train,0.7024379968643188,0.0,0.0017696631839498878,0.050180964171886444,0.08275182545185089,-0.05751757696270943,-0.07871068269014359,0.09748663008213043,False
train,0.7028547525405884,0.0,0.001792160444892943,0.05021465942263603,0.0824953094124794,-0.012342080473899841,-0.05710738152265549,0.05842585116624832,False
train,0.7032715082168579,0.0,0.0018207067623734474,0.05026717111468315,0.0822022408246994,0.02903538942337036,-0.0515592023730278,0.05917267128825188,False
train,0.7036882638931274,0.0,0.0018471905495971441,0.05033256858587265,0.08187468349933624,0.049194127321243286,-0.06677670776844025,0.08294089138507843,False
train,0.704105019569397,0.0,0.0018644428346306086,0.05040222406387329,0.08151546120643616,0.05188740789890289,-0.09375207871198654,0.10715296119451523,False
train,0.7045217752456665,0.0,0.0018704371759667993,0.05047115683555603,0.08112736791372299,0.04740680754184723,-0.11927701532840729,0.12835268676280975,False
train,0.704938530921936,0.0,0.0018675033934414387,0.05053655430674553,0.08071312308311462,0.034341201186180115,-0.13645775616168976,0.14071261882781982,False
train,0.7053552865982056,0.0,0.0018591778352856636,0.05059323087334633,0.08027613162994385,0.005389615893363953,-0.14611485600471497,0.14621421694755554,False
train,0.7057719826698303,0.0,0.0018476314144209027,0.050633758306503296,0.07981953024864197,-0.042073704302310944,-0.1531277596950531,0.15880273282527924,False
train,0.7061887979507446,0.0,0.001833096845075488,0.05065172165632248,0.07934655249118805,-0.0993463397026062,-0.1607300490140915,0.18895460665225983,False
train,0.7066054940223694,0.0,0.0018156022997573018,0.050647247582674026,0.07886062562465668,-0.14438065886497498,-0.16664932668209076,0.22049438953399658,False
train,0.7070223093032837,0.0,0.0017968685133382678,0.05063014477491379,0.07836520671844482,-0.15726791322231293,-0.16618424654006958,0.22880209982395172,False
train,0.7074390649795532,0.0,0.0017796490574255586,0.05061347037553787,0.07786358892917633,-0.14539363980293274,-0.16010984778404236,0.21627408266067505,False
train,0.707855761051178,0.0,0.0017654376570135355,0.050602272152900696,0.07735943049192429,-0.13328702747821808,-0.15188990533351898,0.20207913219928741,False
train,0.7082725763320923,0.0,0.0017555063823238015,0.05059424415230751,0.07685554772615433,-0.1286790817975998,-0.1388876587152481,0.1893359124660492,False
train,0.708689272403717,4.202351647109026e-06,0.0017521140398457646,0.05058693513274193,0.07635577768087387,-0.1286575347185135,-0.12146864086389542,0.1769389510154724,False
train,0.7091060876846313,0.0,0.0017553801881149411,0.05057723820209503,0.07586260139942169,-0.14136211574077606,-0.10862982273101807,0.1782797873020172,False
train,0.7095227837562561,2.101175778079778e-05,0.0017616123659536242,0.05055743828415871,0.0753796398639679,-0.17668890953063965,-0.10761920362710953,0.20688369870185852,False
train,0.7099395394325256,3.782116618822329e-05,0.0017659533768892288,0.05052001401782036,0.07490938156843185,-0.22030960023403168,-0.11654730141162872,0.2492380291223526,False
train,0.7103563547134399,6.723762635374442e-05,0.0017657758435234427,0.050467900931835175,0.0744546502828598,-0.24147699773311615,-0.12767228484153748,0.273150771856308,False
train,0.7107730507850647,5.463057095766999e-05,0.0017615956021472812,0.05041411519050598,0.07401809096336365,-0.22803044319152832,-0.1349109411239624,0.26495063304901123,False
train,0.711189866065979,5.883292396902107e-05,0.0017553993966430426,0.05037086457014084,0.07360190153121948,-0.1930462121963501,-0.1373157501220703,0.23690177500247955,False
train,0.7116065621376038,7.564233237644657e-05,0.0017488874727860093,0.050343360751867294,0.07320854812860489,-0.15418875217437744,-0.1366494745016098,0.2060272991657257,False
train,0.7120233178138733,5.042821794631891e-05,0.0017429526196792722,0.050330597907304764,0.0728398934006691,-0.12281887233257294,-0.13473205268383026,0.18231073021888733,False
train,0.7124400734901428,5.883292396902107e-05,0.001737781218253076,0.05032829940319061,0.07249774783849716,-0.10367431491613388,-0.13323865830898285,0.16882210969924927,False
train,0.7128568291664124,5.463057095766999e-05,0.0017330445116385818,0.05033157020807266,0.07218385487794876,-0.09397759288549423,-0.13245657086372375,0.16240853071212769,False
train,0.7132735848426819,6.723762635374442e-05,0.0017290100222453475,0.05033814162015915,0.0718994140625,-0.08644119650125504,-0.12908396124839783,0.1553536206483841,False
train,0.7136903405189514,6.303527334239334e-05,0.0017277057049795985,0.050347909331321716,0.07164600491523743,-0.07807987183332443,-0.11904062330722809,0.14236269891262054,False
train,0.714107096195221,6.303527334239334e-05,0.0017320020124316216,0.05036056786775589,0.07142437249422073,-0.07366354763507843,-0.10274955630302429,0.12642700970172882,False
train,0.7145238518714905,6.303527334239334e-05,0.0017436353955417871,0.05037304013967514,0.07123544812202454,-0.07891499251127243,-0.0847822055220604,0.11582572758197784,False
train,0.71494060754776,5.883292396902107e-05,0.001762117724865675,0.050381116569042206,0.07107985019683838,-0.09369558095932007,-0.07074574381113052,0.1174045205116272,False
train,0.7153573632240295,6.303527334239334e-05,0.001784879481419921,0.05038221552968025,0.07095813751220703,-0.11044452339410782,-0.06448736786842346,0.12789297103881836,False
train,0.7157741189002991,4.622586857294664e-05,0.0018086553318426013,0.05037776380777359,0.07087042927742004,-0.1183086410164833,-0.06509830802679062,0.13503600656986237,False
train,0.7161908745765686,5.883292396902107e-05,0.0018316433997824788,0.05037323385477066,0.07081680744886398,-0.1102103739976883,-0.06709976494312286,0.12902987003326416,False
train,0.7166076302528381,7.14399793650955e-05,0.0018543507903814316,0.0503755547106266,0.07079721242189407,-0.08630792051553726,-0.06611184775829315,0.10871905833482742,False
train,0.7170243263244629,5.042821794631891e-05,0.0018778073135763407,0.05038992315530777,0.07081125676631927,-0.05347953364253044,-0.06426085531711578,0.08360333740711212,False
train,0.7174411416053772,7.564233237644657e-05,0.0019010439282283187,0.050417881458997726,0.07085833698511124,-0.023914635181427002,-0.06821675598621368,0.0722871795296669,False
train,0.7178578972816467,4.622586857294664e-05,0.0019207667792215943,0.05045508220791817,0.070937879383564,-0.010759122669696808,-0.08107569813728333,0.08178647607564926,False
train,0.7182746529579163,7.14399793650955e-05,0.0019340941216796637,0.050493307411670685,0.07104906439781189,-0.019113831222057343,-0.09757427871227264,0.09942875802516937,False
train,0.7186914086341858,5.463057095766999e-05,0.0019413301488384604,0.050524886697530746,0.07119054347276688,-0.041022442281246185,-0.10915210098028183,0.11660627275705338,False
train,0.7191081047058105,5.463057095766999e-05,0.0019457353046163917,0.050546977669000626,0.07136142253875732,-0.0625842958688736,-0.1109362244606018,0.12737205624580383,False
train,0.7195249199867249,7.564233237644657e-05,0.0019514831947162747,0.050562016665935516,0.07156001776456833,-0.07401937246322632,-0.1032053753733635,0.12700478732585907,False
train,0.7199416160583496,3.361881317687221e-05,0.001961720874533057,0.05057523399591446,0.07178487628698349,-0.07186548411846161,-0.09050758183002472,0.1155693307518959,False
train,0.7203583717346191,2.9416461984510534e-05,0.001976900501176715,0.050592031329870224,0.0720343068242073,-0.058064185082912445,-0.08107277005910873,0.09972082823514938,False
train,0.7207751870155334,0.0,0.001993633806705475,0.05061553418636322,0.072306327521801,-0.04285971820354462,-0.08459416031837463,0.09483209997415543,False
train,0.7211918830871582,0.0,0.0020052308682352304,0.05064231529831886,0.07259893417358398,-0.04702254384756088,-0.10558990389108658,0.11558696627616882,False
train,0.7216086983680725,0.0,0.0020054697524756193,0.050659868866205215,0.07290983200073242,-0.0891668051481247,-0.13707099854946136,0.1635211855173111,False
train,0.7220253944396973,0.0,0.001993008889257908,0.05065333470702171,0.07323676347732544,-0.15817897021770477,-0.16423095762729645,0.2280184030532837,False
train,0.7224421501159668,0.0,0.001971914665773511,0.05061901733279228,0.07357732206583023,-0.2178393304347992,-0.1780480444431305,0.2813451290130615,False
train,0.7228589057922363,0.0,0.0019474462606012821,0.050565220415592194,0.07392898201942444,-0.2519559860229492,-0.18126100301742554,0.3103826344013214,False
train,0.7232756614685059,0.0,0.0019230509642511606,0.05050142481923103,0.07428891211748123,-0.2682422399520874,-0.1776486337184906,0.3217342793941498,False
train,0.7236924171447754,0.0,0.0019015900325030088,0.0504336953163147,0.07465461641550064,-0.27186769247055054,-0.1669381856918335,0.31903040409088135,False
train,0.7241091728210449,0.0,0.0018859277479350567,0.05036720633506775,0.07502312958240509,-0.262856125831604,-0.1500072479248047,0.30264753103256226,False
train,0.7245259284973145,0.0,0.0018780246609821916,0.050306808203458786,0.07539176940917969,-0.24413347244262695,-0.1299276202917099,0.2765544056892395,False
train,0.724942684173584,0.0,0.0018785212887451053,0.05025521293282509,0.07575758546590805,-0.22295352816581726,-0.10993430763483047,0.24858364462852478,False
train,0.7253594398498535,0.0,0.001886852434836328,0.050211768597364426,0.07611770927906036,-0.20602351427078247,-0.0925024226307869,0.2258370816707611,False
train,0.725776195526123,0.0,0.0019014514982700348,0.050174351781606674,0.07646936923265457,-0.19461527466773987,-0.0799921452999115,0.21041351556777954,False
train,0.7261929512023926,0.0,0.0019197724759578705,0.050141412764787674,0.0768098309636116,-0.18396997451782227,-0.07460186630487442,0.1985204964876175,False
train,0.7266097068786621,0.0,0.0019387719221413136,0.05011411011219025,0.07713630050420761,-0.16721001267433167,-0.07607586681842804,0.18370282649993896,False
train,0.7270264625549316,0.0,0.001956402324140072,0.05009594187140465,0.07744619250297546,-0.1405264437198639,-0.08013606816530228,0.1617698073387146,False
train,0.7274431586265564,0.0,0.0019725188612937927,0.05009106546640396,0.0777369886636734,-0.10456012934446335,-0.08267809450626373,0.13329848647117615,False
train,0.7278599739074707,0.0,0.0019879620522260666,0.0501025915145874,0.07800640910863876,-0.0625513568520546,-0.08399941027164459,0.10473095625638962,False
train,0.7282767295837402,0.0,0.0020023290999233723,0.05013206973671913,0.07825223356485367,-0.02048296481370926,-0.08878213912248611,0.09111431986093521,False
train,0.7286934852600098,0.0,0.002012682845816016,0.05017762631177902,0.07847250252962112,0.011801250278949738,-0.10491625219583511,0.10557787865400314,False
train,0.7291102409362793,0.0,0.002012935234233737,0.05023256316781044,0.07866548746824265,0.022493168711662292,-0.13726988434791565,0.1391005516052246,False
train,0.729526937007904,0.0,0.0019977379124611616,0.05028627812862396,0.07882951200008392,0.0057072713971138,-0.17649289965629578,0.1765851527452469,False
train,0.7299437522888184,0.0,0.0019682368729263544,0.05032844468951225,0.07896348834037781,-0.03120443969964981,-0.20327839255332947,0.20565947890281677,False
train,0.7303604483604431,0.0,0.001932366518303752,0.050353746861219406,0.07906610518693924,-0.07254382222890854,-0.20706802606582642,0.21940778195858002,False
train,0.7307772636413574,0.0,0.0018991141114383936,0.050363291054964066,0.07913687080144882,-0.10643509030342102,-0.19248077273368835,0.21994835138320923,False
train,0.731194019317627,0.0,0.0018739691004157066,0.05036076158285141,0.07917523384094238,-0.13050751388072968,-0.17002956569194794,0.21434147655963898,False
train,0.7316107153892517,0.0,0.0018584826029837132,0.05034959688782692,0.07918105274438858,-0.14883366227149963,-0.14707069098949432,0.20923969149589539,False
train,0.732027530670166,0.0,0.0018520589219406247,0.05033107474446297,0.07915434241294861,-0.16648633778095245,-0.12681671977043152,0.2092849314212799,False
train,0.7324442267417908,0.0,0.0018531109672039747,0.05030474811792374,0.0790955051779747,-0.1864847093820572,-0.11151891946792603,0.21728555858135223,False
train,0.7328610420227051,0.0,0.001858955598436296,0.05026965215802193,0.07900527864694595,-0.2081117182970047,-0.1042478159070015,0.23276187479496002,False
train,0.7332777380943298,0.0,0.0018656974425539374,0.0502258725464344,0.07888467609882355,-0.22646570205688477,-0.10689079761505127,0.2504243552684784,False
train,0.7336944937705994,0.0,0.001869652303867042,0.050176069140434265,0.07873474061489105,-0.2361096739768982,-0.11640933156013489,0.2632468640804291,False
train,0.7341112494468689,0.0,0.0018694261088967323,0.05012434720993042,0.07855719327926636,-0.23561544716358185,-0.125277578830719,0.2668503522872925,False
train,0.7345280051231384,0.0,0.0018668691627681255,0.050074584782123566,0.07835347205400467,-0.2266533076763153,-0.12652549147605896,0.2595773935317993,False
train,0.7349448204040527,0.0,0.0018656670581549406,0.050030216574668884,0.07812556624412537,-0.20832222700119019,-0.1191561296582222,0.23999236524105072,False
train,0.7353615164756775,0.0,0.0018681137589737773,0.04999634250998497,0.07787564396858215,-0.17429836094379425,-0.11059082299470901,0.20642250776290894,False
train,0.735778272151947,0.0,0.001872301334515214,0.04998107999563217,0.07760611176490784,-0.11821435391902924,-0.11246331036090851,0.163164421916008,False
train,0.7361950278282166,0.0,0.001872269087471068,0.04999293386936188,0.07731914520263672,-0.046353332698345184,-0.1309269666671753,0.13889025151729584,False
train,0.7366117835044861,0.0,0.0018620291957631707,0.05003390833735466,0.07701751589775085,0.017482832074165344,-0.15951284766197205,0.16046805679798126,False
train,0.7370285391807556,0.0,0.0018403094727545977,0.050095487385988235,0.07670366019010544,0.050677552819252014,-0.18403467535972595,0.19088472425937653,False
train,0.7374452948570251,0.0,0.0018110998207703233,0.05016380921006203,0.07638063281774521,0.052293479442596436,-0.19522851705551147,0.20211082696914673,False
train,0.7378620505332947,0.0,0.001780171412974596,0.050228625535964966,0.07605072855949402,0.037181660532951355,-0.19346672296524048,0.19700723886489868,False
train,0.7382788062095642,0.0,0.0017518477980047464,0.05028587579727173,0.07571730762720108,0.017762228846549988,-0.18419304490089417,0.18504750728607178,False
train,0.7386955618858337,0.0,0.0017280621686950326,0.05033455044031143,0.0753827765583992,-0.004091307520866394,-0.1728413701057434,0.17288978397846222,False
train,0.7391123175621033,0.0,0.0017089276807382703,0.05037276819348335,0.07505012303590775,-0.031895436346530914,-0.16243019700050354,0.16553214192390442,False
train,0.7395290732383728,0.0,0.0016939144115895033,0.050398170948028564,0.07472196221351624,-0.06396793574094772,-0.15320664644241333,0.1660246104001999,False
train,0.7399458289146423,0.0,0.0016827087383717299,0.050410863012075424,0.07440126687288284,-0.09038098156452179,-0.14408858120441437,0.17008891701698303,False
train,0.7403625845909119,0.0,0.001675445819273591,0.05041532218456268,0.074090376496315,-0.10183344781398773,-0.1343654841184616,0.1685945838689804,False
train,0.7407792806625366,0.0,0.001672373036853969,0.05041831359267235,0.07379195094108582,-0.097610704600811,-0.12402312457561493,0.1578277051448822,False
train,0.7411960959434509,0.0,0.0016737408004701138,0.05042516440153122,0.0735083743929863,-0.08383805304765701,-0.11311006546020508,0.14079312980175018,False
train,0.7416128516197205,0.0,0.001679814769886434,0.05043825879693031,0.07324196398258209,-0.06828910857439041,-0.10134050250053406,0.12220188230276108,False
train,0.7420295476913452,0.0,0.0016910977428779006,0.05045698955655098,0.07299501448869705,-0.05750949680805206,-0.08798350393772125,0.10511155426502228,False
train,0.7424463629722595,0.0,0.0017085198778659105,0.050478287041187286,0.0727694109082222,-0.0558670312166214,-0.07161426544189453,0.09082801640033722,False
train,0.7428630590438843,0.0,0.001733841490931809,0.05049780011177063,0.07256723195314407,-0.06593596935272217,-0.04933200031518936,0.08234803378582001,False
train,0.7432798743247986,0.0,0.0017706220969557762,0.050510112196207047,0.07239000499248505,-0.09070570021867752,-0.01537100225687027,0.0919988751411438,False
train,0.7436965703964233,0.0,0.0018255157629027963,0.05050782486796379,0.0722394809126854,-0.1378980427980423,0.03974856436252594,0.14351242780685425,False
train,0.7441133260726929,0.0,0.0019097841577604413,0.05047864466905594,0.07211700081825256,-0.2224709689617157,0.1279221922159195,0.25662699341773987,False
train,0.7445300817489624,0.0,0.0020388178527355194,0.05040450394153595,0.07202383875846863,-0.35122984647750854,0.25463831424713135,0.4338237941265106,False
train,0.7449468374252319,0.0,0.0022241740953177214,0.05027404800057411,0.07196107506752014,-0.47892001271247864,0.38793548941612244,0.6163264513015747,False
train,0.7453636527061462,0.0,0.0024463406298309565,0.050107695162296295,0.07192955911159515,-0.5072764158248901,0.40357136726379395,0.6482277512550354,False
train,0.745780348777771,0.0,0.002619562204927206,0.049958765506744385,0.07193010300397873,-0.4003274440765381,0.13873082399368286,0.4236842095851898,False
train,0.7461971044540405,0.0,0.0026324926875531673,0.04987118020653725,0.07196315377950668,-0.2280571460723877,-0.31739968061447144,0.39083579182624817,False
train,0.7466138601303101,0.0,0.0024760388769209385,0.04985475912690163,0.07202914357185364,-0.06891697645187378,-0.6220373511314392,0.6258434057235718,False
train,0.7470306158065796,0.0,0.002252827864140272,0.04989340528845787,0.07212815433740616,0.03013467788696289,-0.6482325196266174,0.6489325761795044,False
train,0.7474473714828491,0.0,0.002054598182439804,0.049956802278757095,0.07226033508777618,0.04947524517774582,-0.531799852848053,0.5340963006019592,False
train,0.7478641271591187,0.0,0.0019108033739030361,0.05001407116651535,0.07242519408464432,0.005733132362365723,-0.40191006660461426,0.4019509553909302,False
train,0.7482808828353882,0.0,0.001815268537029624,0.050046972930431366,0.07262272387742996,-0.06086878105998039,-0.3033837080001831,0.3094296157360077,False
train,0.7486976385116577,0.0,0.001753882970660925,0.0500536747276783,0.0728519856929779,-0.11682199686765671,-0.23727531731128693,0.26447486877441406,False
train,0.7491143941879272,0.0,0.0017149378545582294,0.0500418059527874,0.07311240583658218,-0.14936035871505737,-0.19433531165122986,0.2451014667749405,False
train,0.7495311498641968,0.0,0.0016905072843655944,0.05002143234014511,0.07340285181999207,-0.15939916670322418,-0.1666034609079361,0.23057495057582855,False
train,0.7499479055404663,0.0,0.0016753899399191141,0.050000764429569244,0.07372235506772995,-0.1518888920545578,-0.14898931980133057,0.21276289224624634,False
train,0.7503646612167358,0.0,0.0016660727560520172,0.04998601973056793,0.07406938076019287,-0.13308028876781464,-0.13831162452697754,0.19193871319293976,False
train,0.7507814168930054,0.0,0.0016601791139692068,0.04998024180531502,0.07444252073764801,-0.11071281880140305,-0.13214854896068573,0.17239654064178467,False
train,0.7511981129646301,0.0,0.0016563062090426683,0.04998344928026199,0.07483990490436554,-0.09087485074996948,-0.12829728424549103,0.1572209596633911,False
train,0.7516149282455444,0.0,0.0016538971103727818,0.04999460279941559,0.07525971531867981,-0.0732206404209137,-0.12487991154193878,0.14476275444030762,False
train,0.752031683921814,0.00024793873308226466,0.0016531400615349412,0.05001366138458252,0.07569991052150726,-0.053444359451532364,-0.12015596777200699,0.13150572776794434,False
train,0.7524484395980835,0.0034501305781304836,0.0016549928113818169,0.05004182830452919,0.07615814357995987,-0.03012681007385254,-0.11210425198078156,0.11608181893825531,False
train,0.752865195274353,0.003185382578521967,0.0016613310435786843,0.05008017644286156,0.07663174718618393,-0.006519913673400879,-0.098338782787323,0.09855468571186066,False
train,0.7532818913459778,0.001655726577155292,0.001675198320299387,0.050127845257520676,0.07711844146251678,0.012342594563961029,-0.07532927393913269,0.07633373886346817,False
train,0.7536987066268921,0.004769668914377689,0.001701823202893138,0.050181567668914795,0.07761548459529877,0.020876020193099976,-0.03541620820760727,0.04111102223396301,False
train,0.7541154026985168,0.004139316268265247,0.001751443836838007,0.05023561045527458,0.07811971753835678,0.010970398783683777,0.039327919483184814,0.040829338133335114,False
train,0.7545322179794312,0.0032778342720121145,0.0018458630656823516,0.05028025433421135,0.07862833887338638,-0.0262342169880867,0.18912121653556824,0.19093210995197296,False
train,0.7549489140510559,0.0032358106691390276,0.002031276933848858,0.050304051488637924,0.07913830876350403,-0.08752985298633575,0.49394068121910095,0.5016362071037292,False
train,0.7553656697273254,0.00322740594856441,0.002395535819232464,0.05030127242207527,0.07964637130498886,-0.15141688287258148,1.0658327341079712,1.0765345096588135,False
train,0.7557824850082397,0.004286398645490408,0.0030586866196244955,0.05027361586689949,0.08014929294586182,-0.20810097455978394,1.9048374891281128,1.9161711931228638,False
train,0.7561991810798645,0.005055428948253393,0.004063221160322428,0.05022323131561279,0.08064369857311249,-0.2613825798034668,2.5992536544799805,2.61236310005188,False
train,0.7566159963607788,0.0037863189354538918,0.005206236150115728,0.05015181750059128,0.08112651854753494,-0.31044939160346985,2.4939393997192383,2.5131876468658447,False
train,0.7570326924324036,0.004962977487593889,0.00613001361489296,0.05006145313382149,0.08159413933753967,-0.35052159428596497,1.6656043529510498,1.7020878791809082,False
train,0.7574494481086731,0.012636471539735794,0.0067208209075033665,0.049960777163505554,0.08204364776611328,-0.35599690675735474,1.0731537342071533,1.1306602954864502,False
train,0.7578662037849426,0.017406141385436058,0.00723246019333601,0.049867622554302216,0.08247171342372894,-0.3170536756515503,1.2777180671691895,1.3164674043655396,False
train,0.7582829594612122,0.0057782335206866264,0.007870571687817574,0.049795001745224,0.08287537097930908,-0.266977995634079,1.4112064838409424,1.436238408088684,False
train,0.7586997151374817,0.0067910002544522285,0.008244471624493599,0.04973588138818741,0.08325162529945374,-0.25857219099998474,-0.16448456048965454,0.306455135345459,False
train,0.7591164708137512,0.01298106461763382,0.007685603573918343,0.04967672750353813,0.08359771221876144,-0.24878989160060883,-2.6279351711273193,2.6396853923797607,False
train,0.7595332264900208,0.008139954879879951,0.006373726297169924,0.04963875934481621,0.08391101658344269,-0.1550530344247818,-3.5462353229522705,3.5496232509613037,False
train,0.7599499821662903,0.011695144698023796,0.005030605010688305,0.04964945465326309,0.08418916910886765,-0.03187010437250137,-2.9755921363830566,2.9757628440856934,False
train,0.7603667378425598,0.0029206343460828066,0.0040308027528226376,0.049704257398843765,0.084430031478405,0.05031495541334152,-2.054008960723877,2.0546250343322754,False
train,0.7607834935188293,0.003916591871529818,0.0033886078745126724,0.04978342726826668,0.08463167399168015,0.08769647777080536,-1.297373652458191,1.3003342151641846,False
train,0.7612002491950989,0.0028912178240716457,0.0030153831467032433,0.049873236566782,0.08479249477386475,0.10569824278354645,-0.7583557963371277,0.7656863927841187,False
train,0.7616169452667236,0.002244055736809969,0.0028331053908914328,0.04997117817401886,0.08491131663322449,0.13023249804973602,-0.37121376395225525,0.39339569211006165,False
train,0.7620337605476379,0.0037232835311442614,0.002790217287838459,0.050084054470062256,0.08498694747686386,0.17806200683116913,-0.08677685260772705,0.19808155298233032,False
train,0.7624505162239075,0.0030929308850318193,0.002842535963281989,0.05022123083472252,0.08501892536878586,0.2432243525981903,0.07471918314695358,0.25444260239601135,False
train,0.762867271900177,0.003912389278411865,0.00292384484782815,0.05038273707032204,0.08500676602125168,0.2859397530555725,0.04429922252893448,0.2893509268760681,False
train,0.7632840275764465,0.004404064733535051,0.0029599189292639494,0.05055045709013939,0.0849505141377449,0.27146053314208984,-0.11032213270664215,0.2930218279361725,False
train,0.7637007236480713,0.005412628874182701,0.0029472692403942347,0.05070392042398453,0.08485055714845657,0.22638551890850067,-0.15708033740520477,0.27554425597190857,False
train,0.7641175389289856,0.0033660836052149534,0.002952343551442027,0.050839897245168686,0.08470749109983444,0.19068792462348938,-0.038450464606285095,0.19452588260173798,False
train,0.7645342350006104,0.0046309917233884335,0.0030214954167604446,0.05096261203289032,0.0845222920179367,0.1588049829006195,0.12956497073173523,0.20495390892028809,False
train,0.7649510502815247,0.004231768194586039,0.003155366750434041,0.0510682687163353,0.08429626375436783,0.1058235615491867,0.26588356494903564,0.28616899251937866,False
train,0.7653677463531494,0.005433640442788601,0.0033382046967744827,0.05114533007144928,0.0840311273932457,0.021899893879890442,0.37032008171081543,0.3709670901298523,False
train,0.765784502029419,0.004786478355526924,0.0035669778008013964,0.05118226632475853,0.0837285965681076,-0.0834825187921524,0.4987582564353943,0.5056966543197632,False
train,0.7662013173103333,0.0047486573457717896,0.0038651188369840384,0.05117389187216759,0.08339070528745651,-0.19140513241291046,0.711414635181427,0.7367134690284729,False
train,0.766618013381958,0.00509745255112648,0.004268933087587357,0.05112377926707268,0.08302024751901627,-0.27899307012557983,0.9939680099487305,1.03238046169281,False
train,0.7670348286628723,0.0037737118545919657,0.004771342501044273,0.05104478821158409,0.08261920511722565,-0.3273698687553406,1.1208206415176392,1.1676515340805054,False
train,0.7674515247344971,0.005803447682410479,0.0052036396227777,0.05095284432172775,0.08219084143638611,-0.3447225093841553,0.5633475184440613,0.6604498624801636,False
train,0.7678682804107666,0.014666207134723663,0.005205001216381788,0.05085419490933418,0.08173767477273941,-0.36349594593048096,-0.8812425136566162,0.9532668590545654,False
train,0.7682850360870361,0.00472764577716589,0.004592094570398331,0.05074608698487282,0.0812629759311676,-0.38466495275497437,-2.129512310028076,2.163975477218628,False
train,0.7687017917633057,0.005635353736579418,0.0037013792898505926,0.05063369870185852,0.08076947927474976,-0.37881892919540405,-2.185762405395508,2.218346357345581,False
train,0.7691185474395752,0.003899782430380583,0.0029625315219163895,0.050530847162008286,0.08026077598333359,-0.33929920196533203,-1.5598171949386597,1.5962936878204346,False
train,0.7695353031158447,0.004206554032862186,0.0024912606459110975,0.05044856294989586,0.07973984628915787,-0.2828729748725891,-0.9770294427871704,1.0171546936035156,False
train,0.7699520587921143,0.0,0.002215358428657055,0.05038999021053314,0.07920990139245987,-0.2252773642539978,-0.6226534843444824,0.6621534824371338,False
train,0.7703688144683838,0.0,0.0020493122283369303,0.050354570150375366,0.0786740854382515,-0.17141208052635193,-0.43602535128593445,0.4685085117816925,False
train,0.7707855701446533,0.0,0.0019405045313760638,0.05033976212143898,0.07813575863838196,-0.1267930567264557,-0.3372699022293091,0.36031579971313477,False
train,0.7712023258209229,0.0,0.0018642341019585729,0.05034003406763077,0.07759789377450943,-0.09881247580051422,-0.2740485370159149,0.2913185656070709,False
train,0.7716190814971924,0.0,0.0018116546561941504,0.050348103046417236,0.07706350088119507,-0.08683987706899643,-0.22193899750709534,0.23832347989082336,False
train,0.7720358371734619,0.0,0.0017793040024116635,0.050359517335891724,0.07653549313545227,-0.07956413924694061,-0.1777717024087906,0.19476455450057983,False
train,0.7724525928497314,0.0,0.0017630959628149867,0.05037448927760124,0.07601668685674667,-0.06885913759469986,-0.14507794380187988,0.16059012711048126,False
train,0.772869348526001,0.0,0.0017580910352990031,0.05039387196302414,0.07550974190235138,-0.05806468427181244,-0.12373699992895126,0.1366834044456482,False
train,0.7732861042022705,0.0,0.0017601895378902555,0.050416432321071625,0.07501710206270218,-0.05342665687203407,-0.1105118989944458,0.12274888157844543,False
train,0.77370285987854,0.0,0.0017666222993284464,0.0504390150308609,0.07454121857881546,-0.05715847387909889,-0.10283347964286804,0.11765124648809433,False
train,0.7741196155548096,0.0,0.0017751612467691302,0.050458259880542755,0.07408436387777328,-0.0682661235332489,-0.10066000372171402,0.12162524461746216,False
train,0.7745363712310791,0.0,0.001783221261575818,0.0504714772105217,0.07364840805530548,-0.08473770320415497,-0.10524505376815796,0.13511846959590912,False
train,0.7749530673027039,0.0,0.0017879953375086188,0.050477080047130585,0.07323543727397919,-0.1037512719631195,-0.11612925678491592,0.15572518110275269,False
train,0.7753698825836182,0.0,0.001787572051398456,0.05047451704740524,0.07284687459468842,-0.12227867543697357,-0.12922397255897522,0.17790701985359192,False
train,0.7757865786552429,0.0,0.0017823760863393545,0.050464898347854614,0.07248455286026001,-0.1355314999818802,-0.13784681260585785,0.1933145970106125,False
train,0.7762033939361572,0.0,0.0017755443695932627,0.05045226216316223,0.07214950770139694,-0.13497374951839447,-0.1364111751317978,0.1919008195400238,False
train,0.7766201496124268,0.0,0.00177179672755301,0.05044354870915413,0.07184315472841263,-0.11597567796707153,-0.12304020673036575,0.16908356547355652,False
train,0.7770368456840515,0.0,0.0017756771994754672,0.05044493079185486,0.07156635820865631,-0.08935729414224625,-0.10079241544008255,0.13469906151294708,False
train,0.7774536609649658,0.0,0.0017892734613269567,0.050455242395401,0.07131988555192947,-0.07555712759494781,-0.07816736400127411,0.10871529579162598,False
train,0.7778703570365906,0.0,0.0018105398630723357,0.05046655610203743,0.0711045190691948,-0.0839487612247467,-0.06532826274633408,0.10637281835079193,False
train,0.7782871127128601,0.0,0.0018342481926083565,0.050470925867557526,0.07092061638832092,-0.10657580196857452,-0.06630634516477585,0.12551864981651306,False
train,0.7787038683891296,0.0,0.0018553652334958315,0.05046471208333969,0.07076860964298248,-0.13289180397987366,-0.07627853751182556,0.15322743356227875,False
train,0.7791206240653992,0.0,0.0018718919018283486,0.050447795540094376,0.07064852863550186,-0.15749645233154297,-0.08689863979816437,0.17987914383411407,False
train,0.7795373797416687,0.0,0.0018848804756999016,0.05042179673910141,0.07056030631065369,-0.17450875043869019,-0.09248556941747665,0.19750161468982697,False
train,0.7799541354179382,0.0,0.0018967633368447423,0.050391338765621185,0.07050389796495438,-0.17807450890541077,-0.09236951917409897,0.20060573518276215,False
train,0.7803708910942078,0.0,0.0019093576120212674,0.05036225542426109,0.0704788789153099,-0.16930298507213593,-0.08929778635501862,0.19140949845314026,False
train,0.7807876467704773,0.0,0.0019232288468629122,0.0503377802670002,0.07048474997282028,-0.15716606378555298,-0.08677944540977478,0.17953228950500488,False
train,0.7812044024467468,0.0,0.0019371804082766175,0.05031726509332657,0.07052097469568253,-0.1520875245332718,-0.08973079919815063,0.17658491432666779,False
train,0.7816211581230164,0.0,0.0019475928274914622,0.05029662698507309,0.07058676332235336,-0.15731281042099,-0.10447090864181519,0.18884249031543732,False
train,0.7820379137992859,0.0,0.0019491113489493728,0.05027278512716293,0.070681132376194,-0.16546958684921265,-0.1313374638557434,0.2112574577331543,False
train,0.7824546694755554,0.0,0.0019387737847864628,0.050246983766555786,0.07080315798521042,-0.16620537638664246,-0.1584753394126892,0.22964899241924286,False
train,0.782871425151825,0.0,0.0019196891225874424,0.050222937017679214,0.07095147669315338,-0.15736210346221924,-0.17170903086662292,0.23290947079658508,False
train,0.7832881808280945,0.0,0.0018986038630828261,0.050203837454319,0.07112499326467514,-0.14351369440555573,-0.16883520781993866,0.221588596701622,False
train,0.783704936504364,0.0,0.001880682772025466,0.05019110441207886,0.07132197171449661,-0.12759703397750854,-0.15835680067539215,0.20336636900901794,False
train,0.7841216921806335,0.0,0.0018670123536139727,0.0501854307949543,0.07154121994972229,-0.11028452962636948,-0.14963635802268982,0.18588630855083466,False
train,0.7845384478569031,0.0,0.0018557948060333729,0.05018701031804085,0.07178094238042831,-0.09396648406982422,-0.14683960378170013,0.17433176934719086,False
train,0.7849552035331726,0.0,0.0018447781912982464,0.05019436776638031,0.0720394104719162,-0.0834154337644577,-0.14794184267520905,0.16983793675899506,False
train,0.7853719592094421,0.0,0.001833448768593371,0.05020441487431526,0.07231457531452179,-0.08190564811229706,-0.14766846597194672,0.16886240243911743,False
train,0.7857887148857117,0.0,0.0018232247093692422,0.0502135343849659,0.07260500639677048,-0.0879417136311531,-0.14235255122184753,0.16732601821422577,False
train,0.7862054109573364,0.0,0.0018162841442972422,0.050219468772411346,0.07290823012590408,-0.09695610404014587,-0.13238613307476044,0.16409318149089813,False
train,0.786622166633606,0.0,0.0018139786552637815,0.05022178962826729,0.0732223317027092,-0.1055699959397316,-0.12069936841726303,0.1603538691997528,False
train,0.7870389819145203,0.0,0.0018164173234254122,0.05022093653678894,0.07354535162448883,-0.11310440301895142,-0.11002638936042786,0.15779231488704681,False
train,0.787455677986145,0.0,0.0018227557884529233,0.050217170268297195,0.07387493550777435,-0.11979571729898453,-0.10211578011512756,0.1574123352766037,False
train,0.7878724336624146,0.0,0.0018315622583031654,0.05021108686923981,0.07420911639928818,-0.12514238059520721,-0.09843982011079788,0.15922002494335175,False
train,0.7882892489433289,0.0,0.001840732991695404,0.05020325630903244,0.07454551011323929,-0.12830275297164917,-0.100436732172966,0.16293905675411224,False
train,0.7887060046195984,0.0,0.0018477493431419134,0.050195060670375824,0.0748821273446083,-0.1271415650844574,-0.10868772864341736,0.16726624965667725,False
train,0.7891227006912231,0.0,0.001850200816988945,0.05018896609544754,0.07521647214889526,-0.11906608939170837,-0.1218457892537117,0.17036175727844238,False
train,0.7895394563674927,0.0,0.0018467075424268842,0.05018734186887741,0.07554690539836884,-0.10725270956754684,-0.13648083806037903,0.17358042299747467,False
train,0.789956271648407,0.0,0.0018375552026554942,0.05018999055027962,0.07587093114852905,-0.101045161485672,-0.14855358004570007,0.1796616017818451,False
train,0.7903729677200317,0.0,0.0018243725644424558,0.0501929372549057,0.07618683576583862,-0.10671406239271164,-0.15561087429523468,0.18868660926818848,False
train,0.7907897233963013,0.0,0.0018093844410032034,0.050191447138786316,0.07649246603250504,-0.1214691549539566,-0.15741784870624542,0.19883443415164948,False
train,0.7912065386772156,0.0,0.0017945244908332825,0.05018353462219238,0.07678626477718353,-0.1371225118637085,-0.15535300970077515,0.20721279084682465,False
train,0.7916232347488403,0.0,0.0017809858545660973,0.050170283764600754,0.07706614583730698,-0.14638909697532654,-0.15147298574447632,0.2106509804725647,False
train,0.7920399904251099,0.0,0.0017691364046186209,0.05015532299876213,0.0773308128118515,-0.14606592059135437,-0.14738796651363373,0.20750534534454346,False
train,0.7924566864967346,0.0,0.0017589253839105368,0.050142355263233185,0.07757872343063354,-0.1377970576286316,-0.14356616139411926,0.1989956498146057,False
train,0.7928735613822937,0.0,0.0017503327690064907,0.05013371258974075,0.07780861109495163,-0.12690427899360657,-0.13952498137950897,0.1886051893234253,False
train,0.7932902574539185,0.0,0.001743568922393024,0.0501292422413826,0.07801922410726547,-0.11890127509832382,-0.1347004622220993,0.17967116832733154,False
train,0.793707013130188,0.0,0.0017390069551765919,0.05012712627649307,0.07820975035429001,-0.11602292954921722,-0.12903961539268494,0.17352965474128723,False
train,0.7941238284111023,0.0,0.0017369005363434553,0.050125300884246826,0.0783793106675148,-0.11724371463060379,-0.12303749471902847,0.169953852891922,False
train,0.794540524482727,0.0,0.0017372241709381342,0.05012275651097298,0.07852727919816971,-0.11991291493177414,-0.11759333312511444,0.16795028746128082,False
train,0.7949572801589966,0.0,0.0017394418828189373,0.05011920630931854,0.07865336537361145,-0.12139247357845306,-0.11415883898735046,0.16663844883441925,False
train,0.7953739762306213,0.0,0.0017423980170860887,0.050115425139665604,0.078757144510746,-0.1218005120754242,-0.11424542963504791,0.16699515283107758,False
train,0.7957907915115356,0.0,0.0017444937257096171,0.05011111497879028,0.07883873581886292,-0.12499583512544632,-0.118114173412323,0.1719735860824585,False
train,0.7962075471878052,0.0,0.001744406414218247,0.05010418966412544,0.07889823615550995,-0.13496330380439758,-0.12437693029642105,0.18353396654129028,False
train,0.7966242432594299,0.0,0.0017415423644706607,0.050091687589883804,0.07893606275320053,-0.15096908807754517,-0.1310737282037735,0.19992995262145996,False
train,0.7970410585403442,0.0,0.0017360674683004618,0.05007253959774971,0.07895258814096451,-0.1651887595653534,-0.13666030764579773,0.21439068019390106,False
train,0.7974578142166138,0.0,0.0017286607762798667,0.050049830228090286,0.07894856482744217,-0.16664573550224304,-0.14014846086502075,0.2177438735961914,False
train,0.7978745698928833,0.0,0.0017203324241563678,0.050030067563056946,0.07892471551895142,-0.15106138586997986,-0.14095240831375122,0.2066086232662201,False
train,0.7982912659645081,0.0,0.001712261000648141,0.05001914128661156,0.07888217270374298,-0.1263413280248642,-0.13889789581298828,0.18776249885559082,False
train,0.7987080812454224,0.0,0.0017055341741070151,0.05001801997423172,0.0788218304514885,-0.10600664466619492,-0.13472414016723633,0.17142929136753082,False
train,0.7991248369216919,0.0,0.001700660097412765,0.0500229187309742,0.07874519377946854,-0.09799640625715256,-0.1304618865251541,0.16316740214824677,False
train,0.7995415329933167,0.0,0.001697191852144897,0.05002869665622711,0.07865336537361145,-0.10026020556688309,-0.12830540537834167,0.16283239424228668,False
train,0.7999582886695862,0.0,0.0016941153444349766,0.050032686442136765,0.07854791730642319,-0.1051856055855751,-0.12836836278438568,0.1659591794013977,False
train,0.8003751039505005,0.0,0.0016909359255805612,0.05003522336483002,0.07843008637428284,-0.10585281252861023,-0.12842395901679993,0.16642574965953827,False
train,0.8007918000221252,0.0,0.0016881241463124752,0.05003902316093445,0.07830189913511276,-0.09897571802139282,-0.12640632688999176,0.16054517030715942,False
train,0.8012085556983948,0.0,0.0016866530058905482,0.05004720389842987,0.07816456258296967,-0.08466652035713196,-0.1221785917878151,0.14864732325077057,False
train,0.8016253709793091,0.0,0.0016872035339474678,0.050062406808137894,0.07801990211009979,-0.0658295750617981,-0.11700157076120377,0.13424938917160034,False
train,0.8020420670509338,0.0,0.0016898695612326264,0.050085436552762985,0.07786952704191208,-0.047532133758068085,-0.11235678941011429,0.12199734151363373,False
train,0.8024588227272034,0.0,0.001694205799140036,0.050115086138248444,0.0777151808142662,-0.034700244665145874,-0.10917147994041443,0.11455356329679489,False
train,0.8028755784034729,0.0,0.001699573127552867,0.05014843866229057,0.07755811512470245,-0.029313206672668457,-0.1074623242020607,0.11138857901096344,False
train,0.8032923936843872,0.0,0.0017055090283975005,0.05018269270658493,0.07740025967359543,-0.029906965792179108,-0.10638057440519333,0.11050453782081604,False
train,0.803709089756012,0.0,0.0017120218835771084,0.050215885043144226,0.07724327594041824,-0.03339371830224991,-0.10461245477199554,0.10981304943561554,False
train,0.8041258454322815,0.0,0.0017196390544995666,0.050247419625520706,0.0770883709192276,-0.03763849288225174,-0.10114734619855881,0.10792331397533417,False
train,0.8045426607131958,0.0,0.0017290421528741717,0.05027681589126587,0.07693709433078766,-0.043605804443359375,-0.09636738896369934,0.10577400773763657,False
train,0.8049593567848206,0.0,0.00174037367105484,0.05030267685651779,0.07679091393947601,-0.055332474410533905,-0.092381052672863,0.10768445581197739,False
train,0.8053761124610901,0.0,0.0017527794698253274,0.050321582704782486,0.07665085047483444,-0.07696516811847687,-0.09159432351589203,0.11963760852813721,False
train,0.8057928085327148,0.0,0.001764753949828446,0.05032953992486,0.07651828229427338,-0.10667359083890915,-0.09421971440315247,0.14232571423053741,False
train,0.8062096238136292,0.0,0.0017753607826307416,0.05032501369714737,0.07639414072036743,-0.13446514308452606,-0.0975174754858017,0.16610398888587952,False
train,0.8066263794898987,0.0,0.0017849288415163755,0.05031078681349754,0.07627955824136734,-0.15289728343486786,-0.09887989610433578,0.18208463490009308,False
train,0.8070430755615234,0.0,0.0017942149424925447,0.05029026046395302,0.07617521286010742,-0.1656867414712906,-0.09926318377256393,0.1931457370519638,False
train,0.807459831237793,0.0,0.0018028802005574107,0.05026426166296005,0.07608188688755035,-0.1794556826353073,-0.10235162079334259,0.20659185945987701,False
train,0.8078766465187073,0.0,0.0018091965466737747,0.050232287496328354,0.07600023597478867,-0.19351372122764587,-0.11031855642795563,0.22275041043758392,False
train,0.8082934021949768,0.0,0.0018115286948159337,0.050195444375276566,0.07593066990375519,-0.20128381252288818,-0.12041548639535904,0.23455290496349335,False
train,0.8087100982666016,0.0,0.0018101646564900875,0.0501575730741024,0.07587360590696335,-0.19805434346199036,-0.12693245708942413,0.2352389693260193,False
train,0.8091269135475159,0.0,0.0018074391409754753,0.05012337118387222,0.07582920044660568,-0.18405701220035553,-0.1267564594745636,0.2234819531440735,False
train,0.8095436692237854,0.0,0.001805891515687108,0.050096768885850906,0.07579769194126129,-0.16151319444179535,-0.12177757918834686,0.2022777497768402,False
train,0.8099603652954102,0.0,0.0018065136391669512,0.05008109286427498,0.07577896863222122,-0.13194149732589722,-0.11719221621751785,0.17647258937358856,False
train,0.8103771209716797,0.0,0.0018079859437420964,0.05007893964648247,0.07577276974916458,-0.09689570963382721,-0.11837591230869293,0.152975931763649,False
train,0.810793936252594,0.0,0.0018073719693347812,0.05009191855788231,0.07577893137931824,-0.059893783181905746,-0.12712986767292023,0.14053209125995636,False
train,0.8112106323242188,0.0,0.001802093698643148,0.050119876861572266,0.0757971704006195,-0.02617967128753662,-0.13988560438156128,0.14231429994106293,False
train,0.8116273880004883,0.0,0.0017917737131938338,0.05016039311885834,0.07582684606313705,-0.0002531111240386963,-0.15052923560142517,0.15052944421768188,False
train,0.8120442032814026,0.0,0.0017783084185793996,0.0502096526324749,0.07586733996868134,0.015341155230998993,-0.1549942046403885,0.155751571059227,False
train,0.8124609589576721,0.0,0.0017643892206251621,0.050263065844774246,0.07591795921325684,0.01926717907190323,-0.15322643518447876,0.15443304181098938,False
train,0.8128776550292969,0.0,0.0017521874979138374,0.050315387547016144,0.07597772777080536,0.009942509233951569,-0.14767101407051086,0.14800535142421722,False
train,0.8132944107055664,0.0,0.0017426536651328206,0.05036088451743126,0.07604610174894333,-0.013924136757850647,-0.14107656478881836,0.14176204800605774,False
train,0.8137112259864807,0.0,0.001735753146931529,0.05039367824792862,0.07612169533967972,-0.05052441358566284,-0.1355576366186142,0.14466716349124908,False
train,0.8141279220581055,0.0,0.0017307548550888896,0.05040983483195305,0.07620368152856827,-0.09225298464298248,-0.13217559456825256,0.16118623316287994,False
train,0.814544677734375,0.0,0.001726779155433178,0.05040964111685753,0.07629071176052094,-0.1274283081293106,-0.13051022589206696,0.18240311741828918,False
train,0.8149614930152893,0.0,0.0017233897233381867,0.05039769411087036,0.07638175785541534,-0.14771756529808044,-0.12910957634449005,0.1961880773305893,False
train,0.8153781890869141,0.0,0.0017207422060891986,0.050380464643239975,0.07647543400526047,-0.1536986529827118,-0.1267240196466446,0.19920405745506287,False
train,0.8157949447631836,0.0,0.0017193614039570093,0.05036274343729019,0.07657051086425781,-0.1515912115573883,-0.12294282764196396,0.19517897069454193,False
train,0.8162116408348083,0.0,0.0017198643181473017,0.05034660920500755,0.07666557282209396,-0.14643391966819763,-0.117520771920681,0.18776054680347443,False
train,0.8166284561157227,0.0,0.0017231072997674346,0.050333116203546524,0.07675960659980774,-0.139676034450531,-0.10946919023990631,0.1774623841047287,False
train,0.8170452117919922,0.0,0.0017305329674854875,0.05032273754477501,0.0768510028719902,-0.13150012493133545,-0.09699845314025879,0.16340436041355133,False
train,0.8174619674682617,0.0,0.001744452049024403,0.05031600221991539,0.0769384354352951,-0.12263664603233337,-0.07783728092908859,0.14525283873081207,False
train,0.817878782749176,0.0,0.001768078189343214,0.0503128245472908,0.07702060788869858,-0.11442258954048157,-0.05014173686504364,0.12492687255144119,False
train,0.8182954788208008,0.0,0.0018049513455480337,0.05031270906329155,0.07709639519453049,-0.108726866543293,-0.01444881409406662,0.10968272387981415,False
train,0.8187122344970703,0.0,0.0018576851580291986,0.0503142811357975,0.07716437429189682,-0.10628281533718109,0.025464259088039398,0.10929074138402939,False
train,0.8191289305686951,0.0,0.0019269557669758797,0.05031652748584747,0.07722358405590057,-0.10558899492025375,0.06396038830280304,0.12345026433467865,False
train,0.8195457458496094,0.0,0.0020104339346289635,0.050318919122219086,0.07727286219596863,-0.10546322166919708,0.09196612238883972,0.13992948830127716,False
train,0.8199625015258789,0.0,0.002100927522405982,0.05032093822956085,0.07731132209300995,-0.10831756889820099,0.09590475261211395,0.14467348158359528,False
train,0.8203791975975037,0.0,0.0021860848646610975,0.050320275127887726,0.0773378312587738,-0.11870652437210083,0.06599611043930054,0.1358187198638916,False
train,0.8207959532737732,0.0,0.0022512769792228937,0.0503137931227684,0.07735175639390945,-0.1356254518032074,0.0006612837314605713,0.13562706112861633,False
train,0.8212127685546875,0.0,0.0022825058549642563,0.05030040815472603,0.07735239714384079,-0.1496761441230774,-0.09482903778553009,0.1771877408027649,False
train,0.8216294646263123,0.0,0.002270731143653393,0.05028345063328743,0.0773390382528305,-0.15187309682369232,-0.20114290714263916,0.25203949213027954,False
train,0.8220462203025818,0.0,0.002218137262389064,0.05026818811893463,0.07731153815984726,-0.1426161527633667,-0.28460627794265747,0.31833958625793457,False
train,0.8224630355834961,0.0,0.0021409939508885145,0.05025778338313103,0.07726931571960449,-0.13015004992485046,-0.3158186078071594,0.3415851593017578,False
train,0.8228797912597656,0.0,0.0020636282861232758,0.05025092139840126,0.07721246033906937,-0.12819220125675201,-0.28740280866622925,0.3146960735321045,False
train,0.8232964873313904,0.0,0.0020064213313162327,0.05024075135588646,0.07714077830314636,-0.145849347114563,-0.22720643877983093,0.26999035477638245,False
train,0.8237132430076599,0.0,0.0019720180425792933,0.05022037774324417,0.07705441117286682,-0.17388935387134552,-0.185487300157547,0.2542499601840973,False
train,0.8241300582885742,0.0,0.0019463778007775545,0.050189241766929626,0.07695372402667999,-0.19481617212295532,-0.1852957159280777,0.2688639760017395,False
train,0.824546754360199,0.0,0.0019145747646689415,0.05015331506729126,0.07683902233839035,-0.19544827938079834,-0.20989492535591125,0.28680291771888733,False
train,0.8249635100364685,0.0,0.0018732291646301746,0.050120774656534195,0.07671094685792923,-0.18080957233905792,-0.22600238025188446,0.28942903876304626,False
train,0.8253803253173828,0.0,0.00183036457747221,0.05009479820728302,0.0765700712800026,-0.16518209874629974,-0.21711021661758423,0.2728039026260376,False
train,0.8257970213890076,0.0,0.0017949254252016544,0.0500749908387661,0.07641733437776566,-0.15038113296031952,-0.19318926334381104,0.24481947720050812,False
train,0.8262137770652771,0.0,0.0017702375771477818,0.05006209760904312,0.07625351846218109,-0.13010624051094055,-0.16677123308181763,0.21151897311210632,False
train,0.8266304731369019,0.0,0.001756616635248065,0.05005965009331703,0.07607992738485336,-0.09979075938463211,-0.1398167461156845,0.17177577316761017,False
train,0.8270473480224609,0.0,0.001754727098159492,0.05007222667336464,0.07589744031429291,-0.058086298406124115,-0.11052192747592926,0.1248563751578331,False
train,0.8274640440940857,0.0,0.0017648640787228942,0.05010327324271202,0.07570740580558777,-0.011825203895568848,-0.08376257121562958,0.08459316939115524,False
train,0.8278807997703552,0.0,0.0017839460633695126,0.0501527339220047,0.07551106065511703,0.028589904308319092,-0.0690876692533493,0.07476957142353058,False
train,0.82829749584198,0.0,0.0018056042026728392,0.05021645501255989,0.07531008124351501,0.05531463772058487,-0.07191786170005798,0.09072975069284439,False
train,0.8287143111228943,0.0,0.0018233767477795482,0.050286002457141876,0.07510549575090408,0.05529549717903137,-0.08466852456331253,0.10112542659044266,False
train,0.8291310667991638,0.0,0.0018382205162197351,0.050350386649370193,0.07489932328462601,0.03404891490936279,-0.08244836330413818,0.08920236676931381,False
train,0.8295477628707886,0.0,0.0018591433763504028,0.050405360758304596,0.07469271123409271,0.013546742498874664,-0.05633150041103363,0.05793748423457146,False
train,0.8299645781517029,0.0,0.0018946266500279307,0.05045410245656967,0.07448729872703552,0.005262427031993866,-0.014498032629489899,0.015423556789755821,False
train,0.8303813338279724,0.0,0.0019486888777464628,0.050501178950071335,0.07428479939699173,0.00404772162437439,0.030176885426044464,0.03044714219868183,False
train,0.8307980298995972,0.0,0.002018186030909419,0.05054666846990585,0.07408677786588669,-0.0055116042494773865,0.05439208447933197,0.05467062070965767,False
train,0.8312147855758667,0.0,0.0020868591964244843,0.050582848489284515,0.07389463484287262,-0.04294674098491669,0.019143790006637573,0.047020286321640015,False
train,0.831631600856781,0.0,0.002122740261256695,0.05059521272778511,0.07371001690626144,-0.11998946964740753,-0.1029973030090332,0.15813259780406952,False
train,0.8320483565330505,0.0,0.0020963791757822037,0.050569478422403336,0.07353441417217255,-0.21953466534614563,-0.26250159740448,0.3422025144100189,False
train,0.8324650526046753,0.0,0.0020159673877060413,0.05050503462553024,0.07336930185556412,-0.2977330684661865,-0.3463920056819916,0.45676296949386597,False
train,0.8328818678855896,0.0,0.0019239536486566067,0.05041728541254997,0.0732160359621048,-0.3305358588695526,-0.3246968984603882,0.4633379280567169,False
train,0.8332986235618591,0.0,0.0018512483220547438,0.05032302439212799,0.07307610660791397,-0.33365386724472046,-0.266358882188797,0.4269331991672516,False
train,0.8337153196334839,0.0,0.0018010104540735483,0.05022956803441048,0.07295045256614685,-0.3281058669090271,-0.22030675411224365,0.3952069580554962,False
train,0.8341320753097534,0.0,0.001766251982189715,0.05013883486390114,0.07284073531627655,-0.3205483555793762,-0.19045612215995789,0.37286025285720825,False
train,0.8345488905906677,0.0,0.001742063439451158,0.050051938742399216,0.07274756580591202,-0.3081431984901428,-0.16798356175422668,0.35095685720443726,False
train,0.8349655866622925,0.0,0.0017264895141124725,0.049972400069236755,0.0726722925901413,-0.2839733362197876,-0.14875587821006775,0.3205763101577759,False
train,0.835382342338562,0.0,0.0017179963178932667,0.0499064140021801,0.0726156085729599,-0.24220848083496094,-0.13409990072250366,0.2768532633781433,False
train,0.8357991576194763,0.0,0.001714230515062809,0.049861352890729904,0.0725785568356514,-0.18462660908699036,-0.12588340044021606,0.22345830500125885,False
train,0.8362159132957458,0.0,0.0017126891762018204,0.04984194040298462,0.07256150990724564,-0.12141785025596619,-0.12279029935598373,0.1726839691400528,False
train,0.8366326093673706,0.0,0.0017120627453550696,0.049847718328237534,0.07256528735160828,-0.06562669575214386,-0.12067833542823792,0.1373685598373413,False
train,0.8370493650436401,0.0,0.0017128655454143882,0.04987354576587677,0.07259024679660797,-0.025583826005458832,-0.11546574532985687,0.11826609820127487,False
train,0.8374661803245544,0.0,0.0017168844351544976,0.04991282895207405,0.07263672351837158,-0.00032594799995422363,-0.10530707985162735,0.10530758649110794,False
train,0.8378828763961792,0.00157167948782444,0.0017262452747672796,0.04996075481176376,0.07270488888025284,0.016561754047870636,-0.08996953070163727,0.09148118644952774,False
train,0.8382996320724487,0.0041435188613832,0.0017432192107662559,0.050014954060316086,0.07279475778341293,0.029792554676532745,-0.06874735653400421,0.0749252662062645,False
train,0.838716447353363,0.0033955001272261143,0.0017705883365124464,0.050073880702257156,0.07290635257959366,0.03889851272106171,-0.04008745402097702,0.05585784092545509,False
train,0.8391331434249878,0.003538380144163966,0.001811457914300263,0.050134941935539246,0.07303944230079651,0.038546860218048096,-0.004513606429100037,0.03881021961569786,False
train,0.8395498991012573,0.002197830006480217,0.0018675700994208455,0.05019289627671242,0.0731937438249588,0.022520147264003754,0.03132016956806183,0.03857602924108505,False
train,0.8399665951728821,0.002689504995942116,0.0019370317459106445,0.05024075135588646,0.07336869090795517,-0.00916048139333725,0.05890243500471115,0.05961049720644951,False
train,0.8403834104537964,0.003815735224634409,0.0020168491173535585,0.0502735897898674,0.07356381416320801,-0.048883382230997086,0.08354542404413223,0.09679578244686127,False
train,0.8408001661300659,0.006169052328914404,0.002109312452375889,0.05028948560357094,0.07377824187278748,-0.08987332880496979,0.12303029000759125,0.15236032009124756,False
train,0.8412169218063354,0.014859515242278576,0.00222407141700387,0.05028843879699707,0.07401110231876373,-0.13115061819553375,0.19373464584350586,0.2339521199464798,False
train,0.8416336178779602,0.004765466786921024,0.002377948258072138,0.05026990547776222,0.07426145672798157,-0.17410238087177277,0.3153279423713684,0.3601990342140198,False
train,0.8420504331588745,0.005954732187092304,0.002597064943984151,0.05023317411541939,0.07452811300754547,-0.218997061252594,0.5104577541351318,0.5554519295692444,False
train,0.842467188835144,0.011917869560420513,0.0029124899301677942,0.0501774325966835,0.07480984926223755,-0.2662447690963745,0.7739006876945496,0.8184183239936829,False
train,0.8428838849067688,0.008081122301518917,0.003340056398883462,0.05010150372982025,0.0751051977276802,-0.3158031105995178,1.0317585468292236,1.0790075063705444,False
train,0.8433007001876831,0.012623864226043224,0.003849683329463005,0.05000597983598709,0.0754127949476242,-0.3572171926498413,1.145744800567627,1.2001396417617798,False
train,0.8437174558639526,0.0044334810227155685,0.004356901161372662,0.0498993843793869,0.07573091238737106,-0.3649928569793701,1.0187065601348877,1.0821195840835571,False
train,0.8441341519355774,0.0026937073562294245,0.00476974667981267,0.049801263958215714,0.0760577842593193,-0.3144996762275696,0.7247960567474365,0.7900882363319397,False
train,0.8445509076118469,0.0031643707770854235,0.005061207804828882,0.049737002700567245,0.0763915553689003,-0.2053002119064331,0.4763898253440857,0.5187441110610962,False
train,0.8449677228927612,0.003487951820716262,0.0052929529920220375,0.04972641170024872,0.07673047482967377,-0.06303051114082336,0.46116629242897034,0.46545374393463135,False
train,0.845384418964386,0.003529975423589349,0.0055770790204405785,0.049776941537857056,0.07707250118255615,0.08349019289016724,0.7186907529830933,0.7235239744186401,False
train,0.8458011746406555,0.01257343590259552,0.005996385123580694,0.04988594725728035,0.0774155780673027,0.21296322345733643,1.0543241500854492,1.0756174325942993,False
train,0.8462179899215698,0.0024037451948970556,0.0064937216229736805,0.05003989115357399,0.07775763422250748,0.2899895906448364,1.003105878829956,1.0441817045211792,False
train,0.8466347455978394,0.007370924577116966,0.0068062604404985905,0.05020662769675255,0.07809649407863617,0.26777148246765137,0.13939525187015533,0.3018817603588104,False
train,0.8470514416694641,0.012758339755237103,0.006628913339227438,0.05034347623586655,0.0784299448132515,0.15581172704696655,-1.2106910943984985,1.220676064491272,False
train,0.8474681973457336,0.007513804826885462,0.00595132727175951,0.050429731607437134,0.07875607907772064,0.039499327540397644,-2.133509635925293,2.1338751316070557,False
train,0.847885012626648,0.012838183902204037,0.00505085987970233,0.05047819763422012,0.07907238602638245,-0.024150893092155457,-2.308079242706299,2.3082056045532227,False
train,0.8483017086982727,0.004357838537544012,0.004177516791969538,0.05050846189260483,0.07937704026699066,-0.05483865737915039,-2.0783495903015137,2.079072952270508,False
train,0.8487184643745422,0.0,0.003429118311032653,0.05052692070603371,0.07966769486665726,-0.08486215025186539,-1.7390916347503662,1.7411609888076782,False
train,0.849135160446167,0.0,0.0028302064165472984,0.05053193122148514,0.07994257658720016,-0.11870937049388885,-1.369145154953003,1.3742817640304565,False
train,0.8495519757270813,0.0,0.0023878877982497215,0.05052348971366882,0.08019980788230896,-0.14941197633743286,-0.9964196085929871,1.0075594186782837,False
train,0.8499687314033508,0.0,0.002092724433168769,0.05050258710980415,0.0804373249411583,-0.18025235831737518,-0.674273669719696,0.6979511976242065,False
train,0.8503854274749756,0.0,0.0019140430958941579,0.050468187779188156,0.08065355569124222,-0.21388253569602966,-0.44167739152908325,0.4907388985157013,False
train,0.8508023023605347,0.0,0.0018137660808861256,0.05042138695716858,0.08084722608327866,-0.23710119724273682,-0.2946493625640869,0.3781999945640564,False
train,0.8512189984321594,0.0,0.0017614915268495679,0.050369780510663986,0.08101623505353928,-0.23613613843917847,-0.20686738193035126,0.31393373012542725,False
train,0.851635754108429,0.0,0.0017378366319462657,0.05032343044877052,0.08115992695093155,-0.21374133229255676,-0.15393902361392975,0.2634057402610779,False
train,0.8520524501800537,0.0,0.0017317024758085608,0.050288278609514236,0.08127696812152863,-0.18610277771949768,-0.12090221792459488,0.2219269871711731,False
train,0.852469265460968,0.0,0.0017365141538903117,0.050263017416000366,0.08136671036481857,-0.16798773407936096,-0.10063658654689789,0.19582544267177582,False
train,0.8528860211372375,0.0,0.0017474108608439565,0.05024212598800659,0.08142809569835663,-0.165734201669693,-0.09153667092323303,0.1893324851989746,False
train,0.8533027172088623,0.0,0.001759605947881937,0.05021875351667404,0.08146101236343384,-0.17925596237182617,-0.09431477636098862,0.2025536447763443,False
train,0.8537195324897766,0.0,0.0017683602636680007,0.050187885761260986,0.08146502077579498,-0.19911342859268188,-0.10712448507547379,0.2261013388633728,False
train,0.8541362881660461,0.0,0.001770798466168344,0.05015091598033905,0.08144006133079529,-0.20456959307193756,-0.12291183322668076,0.23865464329719543,False
train,0.8545529842376709,0.0,0.0017675913404673338,0.05011774227023125,0.08138639479875565,-0.1801062524318695,-0.13267037272453308,0.2236955314874649,False
train,0.8549697399139404,0.0,0.0017627105116844177,0.050099972635507584,0.08130449801683426,-0.13409316539764404,-0.13011187314987183,0.18684238195419312,False
train,0.8553865551948547,0.0,0.0017618288984522223,0.05010092630982399,0.08119489252567291,-0.09495975077152252,-0.11366836726665497,0.14811432361602783,False
train,0.8558033108711243,0.0,0.0017701995093375444,0.050112269818782806,0.08105830103158951,-0.08676836639642715,-0.086586132645607,0.12258020788431168,False
train,0.856220006942749,0.0,0.001791061949916184,0.050120092928409576,0.08089588582515717,-0.1086861789226532,-0.054670415818691254,0.12166158109903336,False
train,0.8566368222236633,0.0,0.0018252454465255141,0.05011575669050217,0.08070868998765945,-0.14165322482585907,-0.023461483418941498,0.1435829997062683,False
train,0.8570535778999329,0.0,0.0018711795564740896,0.05009862408041954,0.0804983377456665,-0.16667650640010834,0.0007441490888595581,0.16667816042900085,False
train,0.8574702739715576,0.0,0.001924005919136107,0.05007501319050789,0.08026625961065292,-0.1710047423839569,0.008050233125686646,0.17119412124156952,False
train,0.8578870296478271,0.0,0.0019743465818464756,0.050054796040058136,0.08001410216093063,-0.14968998730182648,-0.01236850768327713,0.15020009875297546,False
train,0.8583038449287415,0.0,0.0020096555817872286,0.0500473715364933,0.07974378764629364,-0.11221206188201904,-0.06290638446807861,0.1286419779062271,False
train,0.8587205410003662,0.0,0.0020194121170789003,0.05005553737282753,0.07945714145898819,-0.07737917453050613,-0.13195548951625824,0.15296988189220428,False
train,0.8591372966766357,0.0,0.0020003346726298332,0.05007551610469818,0.07915642857551575,-0.05474383756518364,-0.19700682163238525,0.20447145402431488,False
train,0.85955411195755,0.0,0.00195929198525846,0.05010314658284187,0.07884355634450912,-0.03821726143360138,-0.2345227301120758,0.23761622607707977,False
train,0.8599708080291748,0.0,0.0019102500518783927,0.05013832449913025,0.07852087169885635,-0.016598157584667206,-0.23640546202659607,0.2369874268770218,False
train,0.8603875637054443,0.0,0.0018660466885194182,0.05018429830670357,0.0781903937458992,0.013939760625362396,-0.21478509902954102,0.21523697674274445,False
train,0.8608043193817139,0.0,0.001832616631872952,0.05024347081780434,0.07785472273826599,0.04522976279258728,-0.18788430094718933,0.19325175881385803,False
train,0.8612211346626282,0.0,0.0018094421830028296,0.05031316727399826,0.07751589268445969,0.06236611306667328,-0.16704022884368896,0.17830303311347961,False
train,0.8616378307342529,0.0,0.0017932109767571092,0.05038498342037201,0.07717619836330414,0.05553348362445831,-0.15499478578567505,0.16464310884475708,False
train,0.8620545864105225,0.0,0.001780661754310131,0.050449203699827194,0.07683787494897842,0.02829243242740631,-0.14900650084018707,0.1516687124967575,False
train,0.8624712824821472,0.0,0.0017701827455312014,0.05049984157085419,0.07650329917669296,-0.006822511553764343,-0.14486990869045258,0.14503046870231628,False
train,0.8628880977630615,0.0,0.0017615619581192732,0.05053607374429703,0.07617431879043579,-0.039278388023376465,-0.14011237025260925,0.14551380276679993,False
train,0.863304853439331,0.0,0.0017551243072375655,0.05055980756878853,0.07585329562425613,-0.06618927419185638,-0.13475196063518524,0.15013031661510468,False
train,0.8637215495109558,0.0,0.0017508849268779159,0.05057283118367195,0.07554195821285248,-0.09097050875425339,-0.1298341006040573,0.15853241086006165,False
train,0.8641383647918701,0.0,0.0017485317075625062,0.05057516321539879,0.07524240016937256,-0.11757431924343109,-0.1256769448518753,0.1721000224351883,False
train,0.8645551204681396,0.0,0.001747921109199524,0.050565872341394424,0.0749562457203865,-0.14468243718147278,-0.12114528566598892,0.1887039691209793,False
train,0.8649718165397644,0.0,0.0017496233340352774,0.05054621025919914,0.07468564808368683,-0.16587311029434204,-0.11420323699712753,0.20138587057590485,False
train,0.8653885722160339,0.0,0.0017550397897139192,0.05051981657743454,0.07443148642778397,-0.17637741565704346,-0.10285984724760056,0.20417919754981995,False
train,0.8658053874969482,0.0,0.0017663605976849794,0.05049080029129982,0.07419588416814804,-0.17846857011318207,-0.08531919121742249,0.19781404733657837,False
train,0.8662221431732178,0.0,0.001786598120816052,0.0504612997174263,0.07397981733083725,-0.18032783269882202,-0.059609074145555496,0.18992464244365692,False
train,0.8666388392448425,0.0,0.0018194130389019847,0.05042929947376251,0.0737844929099083,-0.1913674771785736,-0.02465229481458664,0.1929488182067871,False
train,0.8670556545257568,0.0,0.0018682455411180854,0.050389569252729416,0.07361098378896713,-0.21690747141838074,0.01642865687608719,0.21752874553203583,False
train,0.8674724102020264,0.0,0.001933437306433916,0.05033676326274872,0.07346042990684509,-0.2518851161003113,0.05158505588769913,0.2571130692958832,False
train,0.8678891062736511,0.0,0.0020084658171981573,0.05027053877711296,0.07333336770534515,-0.27712273597717285,0.06101331114768982,0.28375980257987976,False
train,0.8683058619499207,0.0,0.002079650992527604,0.05020001530647278,0.07323041558265686,-0.26845329999923706,0.03409643471240997,0.27060994505882263,False
train,0.868722677230835,0.0,0.002134559443220496,0.05014169588685036,0.07315213978290558,-0.22011956572532654,-0.011048451066017151,0.22039666771888733,False
train,0.8691393733024597,0.0,0.0021732160821557045,0.050107695162296295,0.07309883832931519,-0.15780436992645264,-0.03722730278968811,0.1621360182762146,False
train,0.8695561289787292,0.0,0.0022096200846135616,0.05009642243385315,0.07307072728872299,-0.11515701562166214,-0.019609197974205017,0.11681463569402695,False
train,0.869972825050354,0.0,0.0022619799710810184,0.05009673535823822,0.07306788861751556,-0.101035937666893,0.035759732127189636,0.10717751085758209,False
train,0.8703896999359131,0.0,0.002339243423193693,0.05009983479976654,0.07309000194072723,-0.09756001085042953,0.09120281785726547,0.13355115056037903,False
train,0.8708063960075378,0.0025634344201534986,0.00243024667724967,0.05010605230927467,0.07313693314790726,-0.08396939933300018,0.09520625323057175,0.12694522738456726,False
train,0.8712231516838074,0.0052193207666277885,0.002508879406377673,0.05012044310569763,0.07320837676525116,-0.060363948345184326,0.03657577186822891,0.07058040052652359,False
train,0.8716399669647217,0.0052193207666277885,0.0025590136647224426,0.05014444515109062,0.07330372184515,-0.04007209092378616,-0.0288250669836998,0.049362506717443466,False
train,0.8720566630363464,0.005215118173509836,0.002592190634459257,0.05017471686005592,0.07342197746038437,-0.03152512013912201,-0.03688012808561325,0.048517800867557526,False
train,0.872473418712616,0.005236130207777023,0.0026381073985248804,0.05020509660243988,0.07356266677379608,-0.0407862663269043,0.03114340454339981,0.051316969096660614,False
train,0.8728901147842407,0.005215118173509836,0.0027254826854914427,0.05022716894745827,0.07372460514307022,-0.07214273512363434,0.1585049033164978,0.17415045201778412,False
train,0.873306930065155,0.0052193207666277885,0.0028737648390233517,0.050232548266649246,0.07390686124563217,-0.11833328753709793,0.31873661279678345,0.33999380469322205,False
train,0.8737236857414246,0.0052193207666277885,0.0030889741610735655,0.050219446420669556,0.07410799711942673,-0.15696221590042114,0.4711376428604126,0.49659621715545654,False
train,0.8741403818130493,0.0052193207666277885,0.0033520632423460484,0.05019630119204521,0.07432685047388077,-0.16333803534507751,0.5319420695304871,0.5564545392990112,False
train,0.8745572566986084,0.0052193207666277885,0.003601902164518833,0.05017908290028572,0.07456167787313461,-0.13059356808662415,0.393985778093338,0.41506561636924744,False
train,0.8749739527702332,0.0052193207666277885,0.0037500134203583,0.05018071457743645,0.07481081038713455,-0.07721598446369171,0.06755544990301132,0.10259652137756348,False
train,0.8753907084465027,0.005236130207777023,0.0037644030526280403,0.05020445957779884,0.07507291436195374,-0.02851439267396927,-0.18967938423156738,0.19181068241596222,False
train,0.8758074045181274,0.0052193207666277885,0.0037356731481850147,0.05024595186114311,0.07534590363502502,0.007728360593318939,-0.12289091944694519,0.12313368916511536,False
train,0.8762242197990417,0.005215118173509836,0.0037928554229438305,0.05030148848891258,0.07562790811061859,0.03989847004413605,0.18386176228523254,0.18814098834991455,False
train,0.8766409754753113,0.005215118173509836,0.003985223826020956,0.050370290875434875,0.07591693103313446,0.06940716505050659,0.49088436365127563,0.49576687812805176,False
train,0.877057671546936,0.0052193207666277885,0.004277440253645182,0.05044865608215332,0.07621102780103683,0.08267199993133545,0.6499192714691162,0.6551562547683716,False
train,0.8774744868278503,0.0052193207666277885,0.004597356077283621,0.050527174025774,0.0765080600976944,0.0686764121055603,0.6253465414047241,0.6291062831878662,False
train,0.8778912425041199,0.005210916046053171,0.004872504156082869,0.05059528350830078,0.07680588215589523,0.035155653953552246,0.44337522983551025,0.4447667896747589,False
train,0.8783079385757446,0.0052193207666277885,0.00504730548709631,0.05064915120601654,0.07710225135087967,0.002544716000556946,0.15289631485939026,0.15291748940944672,False
train,0.8787246942520142,0.005252939648926258,0.005083937663584948,0.050691619515419006,0.07739503681659698,-0.020771101117134094,-0.21831756830215454,0.2193034291267395,False
train,0.8791415095329285,0.005210916046053171,0.004948557820171118,0.0507238432765007,0.07768213003873825,-0.05064726248383522,-0.6688712239265442,0.6707860231399536,False
train,0.8795582056045532,0.005210916046053171,0.0046241674572229385,0.050739314407110214,0.07796134054660797,-0.10254903137683868,-1.0934293270111084,1.098227620124817,False
train,0.8799749612808228,0.0052193207666277885,0.004174567759037018,0.05073116719722748,0.07823066413402557,-0.1589055061340332,-1.2270348072052002,1.2372814416885376,False
train,0.8803917765617371,0.0052193207666277885,0.003757865633815527,0.050705354660749435,0.0784878358244896,-0.18185143172740936,-0.9455944299697876,0.9629220366477966,False
train,0.8808085322380066,0.005215118173509836,0.0035165396984666586,0.050679873675107956,0.07873105257749557,-0.15985222160816193,-0.42946913838386536,0.4582537114620209,False
train,0.8812252283096313,0.005215118173509836,0.0035020639188587666,0.05066954717040062,0.0789584219455719,-0.11432138085365295,0.12118931859731674,0.1666020005941391,False
train,0.8816419839859009,0.005244534928351641,0.0037112950813025236,0.050678037106990814,0.07916814833879471,-0.07511461526155472,0.6411964893341064,0.6455812454223633,False
train,0.8820587992668152,0.0052193207666277885,0.004128886852413416,0.0506962314248085,0.07935866713523865,-0.07250344753265381,1.1214405298233032,1.1237819194793701,False
train,0.8824754953384399,0.005215118173509836,0.004733887035399675,0.050704047083854675,0.07952828705310822,-0.12715238332748413,1.5361586809158325,1.5414119958877563,False
train,0.8828922510147095,0.005215118173509836,0.005486892070621252,0.05067839473485947,0.07967574149370193,-0.22847260534763336,1.8210879564285278,1.8353641033172607,False
train,0.8833089470863342,0.005210916046053171,0.0063157412223517895,0.050608035176992416,0.07979995012283325,-0.3333278298377991,1.8931264877319336,1.9222474098205566,False
train,0.8837257623672485,0.0052193207666277885,0.007124746683984995,0.05050087347626686,0.0798998475074768,-0.4008193910121918,1.738830804824829,1.7844295501708984,False
train,0.8841425180435181,0.0052193207666277885,0.007844368927180767,0.050375159829854965,0.07997463643550873,-0.4241998791694641,1.5094192028045654,1.5678941011428833,False
train,0.8845592141151428,0.0052193207666277885,0.0084998132660985,0.05024605244398117,0.08002374321222305,-0.4201231002807617,1.4814198017120361,1.5398402214050293,False
train,0.8849760890007019,0.005257141776382923,0.009220518171787262,0.05012315511703491,0.08004670590162277,-0.39189162850379944,1.831480860710144,1.8729392290115356,False
train,0.8853927850723267,0.005215118173509836,0.010135958902537823,0.05002005025744438,0.08004342019557953,-0.32276803255081177,2.334684371948242,2.3568899631500244,False
train,0.8858095407485962,0.010825257748365402,0.011162358336150646,0.04995424672961235,0.08001373708248138,-0.2178766131401062,2.2111213207244873,2.221829891204834,False
train,0.886226236820221,0.02196989394724369,0.011875791475176811,0.04993132874369621,0.07995812594890594,-0.1258496642112732,0.8210968375205994,0.8306853175163269,False
train,0.8866430521011353,0.021385766565799713,0.01184309646487236,0.04993845522403717,0.07987678796052933,-0.072363942861557,-1.14133882522583,1.1436305046081543,False
train,0.8870598077774048,0.006353955715894699,0.011109288781881332,0.04996372014284134,0.07977043837308884,-0.03376220911741257,-2.390247344970703,2.3904857635498047,False
train,0.8874765038490295,0.005202511325478554,0.01007977407425642,0.0500049963593483,0.07964002341032028,0.004340998828411102,-2.6038594245910645,2.60386323928833,False
train,0.8878933191299438,0.005252939648926258,0.009100580587983131,0.05006086081266403,0.07948638498783112,0.03513944894075394,-2.2497763633728027,2.2500507831573486,False
train,0.8883100748062134,0.0052193207666277885,0.008299365639686584,0.050126925110816956,0.07931076735258102,0.053830116987228394,-1.813339352607727,1.8141381740570068,False
train,0.8887267708778381,0.0052193207666277885,0.0076566278003156185,0.050198979675769806,0.07911469042301178,0.06535180658102036,-1.5085523128509521,1.5099672079086304,False
train,0.8891435265541077,0.0052193207666277885,0.007119366433471441,0.05027633532881737,0.07889940589666367,0.0823497474193573,-1.2805124521255493,1.2831577062606812,False
train,0.889560341835022,0.0052193207666277885,0.006694909650832415,0.05036424845457077,0.07866661995649338,0.11737582087516785,-0.9420250654220581,0.9493094086647034,False
train,0.8899770975112915,0.005215118173509836,0.006449587643146515,0.05046986788511276,0.07841802388429642,0.16379879415035248,-0.43448877334594727,0.46433883905410767,False
train,0.8903937935829163,0.005198309198021889,0.006421333644539118,0.050590164959430695,0.07815589010715485,0.1782466173171997,0.04840506613254547,0.18470221757888794,False
train,0.8908105492591858,0.0052193207666277885,0.00653623603284359,0.050699662417173386,0.07788153737783432,0.10677459836006165,0.20749463140964508,0.2333555966615677,False
train,0.8912273645401001,0.005244534928351641,0.006619644816964865,0.05076288804411888,0.07759737968444824,-0.03135938197374344,-0.09788577258586884,0.1027863547205925,False
train,0.8916440606117249,0.0052193207666277885,0.0065097627229988575,0.050770312547683716,0.07730534672737122,-0.14636731147766113,-0.660370945930481,0.6763972043991089,False
train,0.8920608162879944,0.0052193207666277885,0.006180188152939081,0.050742801278829575,0.07700745761394501,-0.1989760547876358,-1.0948128700256348,1.112747311592102,False
train,0.8924776315689087,0.0052193207666277885,0.005743506830185652,0.05070330202579498,0.0767059177160263,-0.2067311704158783,-1.1556880474090576,1.1740326881408691,False
train,0.8928943276405334,0.005210916046053171,0.005362807773053646,0.050668105483055115,0.07640274614095688,-0.17644938826560974,-0.8431124687194824,0.86137855052948,False
train,0.893311083316803,0.005210916046053171,0.005170207936316729,0.05065395310521126,0.0761001855134964,-0.1061856597661972,-0.274756520986557,0.29456159472465515,False
train,0.8937277793884277,0.005210916046053171,0.0052501847967505455,0.050674136728048325,0.0758000984787941,-0.01792282611131668,0.4518264830112457,0.4521818161010742,False
train,0.8941446542739868,0.005236130207777023,0.005650558043271303,0.050726357847452164,0.07550442963838577,0.03820168972015381,1.2367558479309082,1.2373456954956055,False
train,0.8945613503456116,0.0052193207666277885,0.006347896996885538,0.05078497529029846,0.07521543651819229,0.005859725177288055,1.8239165544509888,1.8239259719848633,False
train,0.8949781060218811,0.005215118173509836,0.007184999994933605,0.05080646276473999,0.0749346911907196,-0.13767792284488678,1.8644534349441528,1.8695298433303833,False
train,0.8953949213027954,0.005206713452935219,0.007928854785859585,0.05075515806674957,0.07466406375169754,-0.32208800315856934,1.4670450687408447,1.501986026763916,False
train,0.8958116173744202,0.0052193207666277885,0.008535360917448997,0.05064110457897186,0.0744052603840828,-0.42158928513526917,1.327915072441101,1.3932322263717651,False
train,0.8962283730506897,0.005202511325478554,0.009212118573486805,0.050511434674263,0.07415980100631714,-0.40045130252838135,1.8060280084609985,1.8498914241790771,False
train,0.8966450691223145,0.0052193207666277885,0.010174782015383244,0.05040688067674637,0.07392935454845428,-0.31196707487106323,2.6305508613586426,2.648984909057617,False
train,0.8970618844032288,0.0052193207666277885,0.011481867171823978,0.050343167036771774,0.07371506094932556,-0.20996567606925964,3.4136433601379395,3.4200944900512695,False
train,0.8974786400794983,0.0052613443695008755,0.013065587729215622,0.05031972751021385,0.07351827621459961,-0.12074942141771317,3.9511971473693848,3.9530417919158936,False
train,0.897895336151123,0.010913507081568241,0.014806592836976051,0.05032899230718613,0.07334014773368835,-0.053950242698192596,4.158888816833496,4.159238815307617,False
train,0.8983121514320374,0.021999310702085495,0.016537722200155258,0.05035950616002083,0.07318160682916641,-0.021465018391609192,3.8713388442993164,3.871398448944092,False
train,0.8987289071083069,0.021675730124115944,0.018012067303061485,0.05039399489760399,0.07304347306489944,-0.03412863612174988,2.940235137939453,2.9404330253601074,False
train,0.8991456627845764,0.021965691819787025,0.01899956353008747,0.05041617155075073,0.07292653620243073,-0.07505226880311966,1.6215101480484009,1.6232460737228394,False
train,0.8995623588562012,0.021633706986904144,0.019459448754787445,0.05042266473174095,0.07283148169517517,-0.10189057141542435,0.5053925514221191,0.5155611634254456,False
train,0.8999791741371155,0.022007714956998825,0.01954571343958378,0.05042533576488495,0.07275844365358353,-0.09422215074300766,-0.19955968856811523,0.22068503499031067,False
train,0.900395929813385,0.021860633045434952,0.019352944567799568,0.050434410572052,0.07270790636539459,-0.07699225842952728,-0.9211806058883667,0.9243925213813782,False
train,0.9008126258850098,0.021881645545363426,0.01879500038921833,0.05044687166810036,0.07268009334802628,-0.08202731609344482,-1.9613595008850098,1.963073968887329,False
train,0.9012294411659241,0.021873239427804947,0.017771804705262184,0.05045052245259285,0.0726749449968338,-0.11866531521081924,-3.0789804458618164,3.081266164779663,False
train,0.9016461968421936,0.021574873477220535,0.01633552834391594,0.050433624535799026,0.07269227504730225,-0.17805328965187073,-3.9223897457122803,3.926429033279419,False
train,0.9020628929138184,0.010035215876996517,0.01462270226329565,0.05039103329181671,0.07273180782794952,-0.23724453151226044,-4.418817520141602,4.425181865692139,False
train,0.9024796485900879,0.0,0.012778389267623425,0.050329551100730896,0.07279324531555176,-0.2634889781475067,-4.541609287261963,4.549246311187744,False
train,0.9028964638710022,0.0,0.010985283181071281,0.05026685446500778,0.07287604361772537,-0.24411119520664215,-4.165066719055176,4.172214031219482,False
train,0.903313159942627,0.0,0.009450653567910194,0.050218261778354645,0.07297945767641068,-0.2022053599357605,-3.3511605262756348,3.357255458831787,False
train,0.9037299156188965,0.0,0.00828631967306137,0.050186172127723694,0.07310274243354797,-0.16878880560398102,-2.472653865814209,2.478408098220825,False
train,0.904146671295166,0.0,0.007423904724419117,0.05016361549496651,0.07324492931365967,-0.15767520666122437,-1.97355055809021,1.9798392057418823,False
train,0.9045634865760803,0.0,0.006657694932073355,0.050141219049692154,0.07340516149997711,-0.16613274812698364,-1.981281042098999,1.988234043121338,False
train,0.9049801826477051,0.0,0.005844195373356342,0.0501137375831604,0.07358180731534958,-0.18022823333740234,-2.1137118339538574,2.1213815212249756,False
train,0.9053969383239746,0.0,0.005035065114498138,0.050081364810466766,0.07377409934997559,-0.18886485695838928,-1.9276150465011597,1.936845302581787,False
train,0.9058137536048889,0.0,0.004370556678622961,0.050047047436237335,0.073980413377285,-0.18953417241573334,-1.466261863708496,1.4784610271453857,False
train,0.9062304496765137,0.0,0.003903810866177082,0.050015125423669815,0.07419929653406143,-0.17673151195049286,-1.028385043144226,1.043460488319397,False
train,0.9066472053527832,0.0,0.0035785792861133814,0.04999258741736412,0.07442909479141235,-0.14363667368888855,-0.8064160346984863,0.819108247756958,False
train,0.907063901424408,0.0,0.0032955596689134836,0.04998789727687836,0.07466837018728256,-0.09396942704916,-0.8153285980224609,0.8207258582115173,False
train,0.9074807167053223,0.0,0.0029843663796782494,0.05000469088554382,0.07491528242826462,-0.04416332393884659,-0.9085720777511597,0.9096447825431824,False
train,0.9078974723815918,0.0,0.0026508516166359186,0.05003926903009415,0.07516810297966003,-0.011449217796325684,-0.9018476009368896,0.9019202589988708,False
train,0.9083141684532166,0.0,0.0023514179047197104,0.050082385540008545,0.07542478293180466,-0.004145897924900055,-0.7556700110435486,0.7556813955307007,False
train,0.9087310433387756,0.0,0.0021270103752613068,0.05012338608503342,0.0756838470697403,-0.021431826055049896,-0.5608727335929871,0.5612820386886597,False
train,0.9091477394104004,0.0,0.001979163149371743,0.05015411972999573,0.07594290375709534,-0.05086197704076767,-0.39778196811676025,0.40102049708366394,False
train,0.9095644950866699,0.0,0.001888462109491229,0.050173524767160416,0.07620050013065338,-0.07360686361789703,-0.2868870496749878,0.29617926478385925,False
train,0.9099811911582947,0.0,0.0018347708974033594,0.05018682777881622,0.0764545127749443,-0.08020465075969696,-0.21823078393936157,0.23250260949134827,False
train,0.910398006439209,0.0,0.001803415478207171,0.050200171768665314,0.07670316845178604,-0.07588940858840942,-0.17793011665344238,0.19343817234039307,False
train,0.9108147621154785,0.0,0.0017847383860498667,0.05021572858095169,0.07694443315267563,-0.07157814502716064,-0.15626299381256104,0.17187656462192535,False
train,0.9112314581871033,0.0,0.0017724822973832488,0.050231944769620895,0.07717671990394592,-0.07360620051622391,-0.1461804360151291,0.16366609930992126,False
train,0.9116482138633728,0.0,0.0017632253002375364,0.050246335566043854,0.07739834487438202,-0.0799713134765625,-0.14081071317195892,0.16193537414073944,False
train,0.9120650291442871,0.0,0.0017563555156812072,0.050258662551641464,0.07760743796825409,-0.0823909267783165,-0.13406139612197876,0.157355397939682,False
train,0.9124817252159119,0.0,0.0017531744670122862,0.05027228593826294,0.07780254632234573,-0.0727752149105072,-0.12301699817180634,0.1429315060377121,False
train,0.9128984808921814,0.0,0.0017554779769852757,0.05029292404651642,0.077982097864151,-0.05019354820251465,-0.10813014209270477,0.1192120760679245,False
train,0.9133152961730957,0.0,0.0017644211184233427,0.050324466079473495,0.07814495265483856,-0.022554129362106323,-0.09169977158308029,0.09443271160125732,False
train,0.9137320518493652,0.0,0.0017799255438148975,0.05036646127700806,0.07828985899686813,-0.0026036202907562256,-0.07758836448192596,0.07763203233480453,False
train,0.91414874792099,0.0,0.001799994963221252,0.050413407385349274,0.07841569930315018,-6.665289402008057e-05,-0.07061132788658142,0.0706113651394844,False
train,0.9145655035972595,0.0,0.0018211230635643005,0.050457581877708435,0.07852146029472351,-0.015392713248729706,-0.07248088717460632,0.07409732788801193,False
train,0.9149823188781738,0.0,0.0018402148270979524,0.050492800772190094,0.07860676199197769,-0.04193810373544693,-0.0795743390917778,0.08994931727647781,False
train,0.9153990149497986,0.0,0.0018560857279226184,0.05051584169268608,0.07867070287466049,-0.0735701471567154,-0.08738163113594055,0.11422835290431976,False
train,0.9158157706260681,0.0,0.0018690520664677024,0.05052519589662552,0.07871300727128983,-0.10715802758932114,-0.09331496804952621,0.14209337532520294,False
train,0.9162325859069824,0.0,0.00188002351205796,0.050520505756139755,0.07873357087373734,-0.14076566696166992,-0.09715370833873749,0.1710374802350998,False
train,0.9166492819786072,0.0,0.0018891848158091307,0.05050212889909744,0.07873217761516571,-0.17286677658557892,-0.10287982225418091,0.20116455852985382,False
train,0.9170660376548767,0.0,0.001894377521239221,0.050470925867557526,0.07870903611183167,-0.20152321457862854,-0.11703300476074219,0.23304148018360138,False
train,0.9174827337265015,0.0,0.001891462248750031,0.0504290908575058,0.07866458594799042,-0.222814679145813,-0.14074960350990295,0.2635466456413269,False
train,0.9178995490074158,0.0,0.001878348528407514,0.05038074404001236,0.07859915494918823,-0.2325459122657776,-0.16325047612190247,0.28412729501724243,False
train,0.9183163046836853,0.0,0.0018586119404062629,0.05033065751194954,0.07851354032754898,-0.2315433919429779,-0.17078238725662231,0.28771334886550903,False
train,0.9187330603599548,0.0,0.0018393575446680188,0.05028226971626282,0.07840865105390549,-0.2247130274772644,-0.16188013553619385,0.2769496738910675,False
train,0.9191498756408691,0.0,0.0018255976028740406,0.05023723468184471,0.07828518748283386,-0.21550309658050537,-0.14603619277477264,0.260323166847229,False
train,0.9195665717124939,0.0,0.0018181514460593462,0.050196342170238495,0.07814446836709976,-0.20485618710517883,-0.13260087370872498,0.24402673542499542,False
train,0.9199833273887634,0.0,0.0018149486277252436,0.05016019940376282,0.07798770070075989,-0.19196796417236328,-0.12576548755168915,0.2294965386390686,False
train,0.9204000234603882,0.0,0.001813430804759264,0.050130002200603485,0.0778164267539978,-0.1757975071668625,-0.12340761721134186,0.21478873491287231,False
train,0.9208168387413025,0.0,0.0018130576936528087,0.05010705068707466,0.07763168215751648,-0.15752701461315155,-0.11906730383634567,0.19746336340904236,False
train,0.921233594417572,0.0,0.0018158376915380359,0.05009140446782112,0.07743553072214127,-0.14067848026752472,-0.10762655735015869,0.17712682485580444,False
train,0.9216502904891968,0.0,0.0018251192523166537,0.050081729888916016,0.07722930610179901,-0.12948206067085266,-0.08788060396909714,0.1564883440732956,False
train,0.9220671057701111,0.0,0.0018440946005284786,0.05007482320070267,0.07701484858989716,-0.12717625498771667,-0.06151942163705826,0.1412743479013443,False
train,0.9224838614463806,0.0,0.001874537905678153,0.050066906958818436,0.07679378986358643,-0.13298964500427246,-0.03402487933635712,0.13727322220802307,False
train,0.9229005575180054,0.0,0.0019148631254211068,0.050056200474500656,0.07656817138195038,-0.1382473260164261,-0.01569049060344696,0.13913488388061523,False
train,0.9233173131942749,0.0,0.001959247048944235,0.050045546144247055,0.07633933424949646,-0.13040781021118164,-0.015170767903327942,0.13128727674484253,False
train,0.9237341284751892,0.0,0.0020001516677439213,0.050041671842336655,0.07610941678285599,-0.10594063997268677,-0.03096761554479599,0.11037396639585495,False
train,0.9241508841514587,0.0,0.0020324955694377422,0.050049830228090286,0.07587996870279312,-0.07450927793979645,-0.05443187057971954,0.09227383881807327,False
train,0.9245675802230835,0.0,0.0020549800246953964,0.050069957971572876,0.07565303146839142,-0.05056148022413254,-0.07713541388511658,0.09222979843616486,False
train,0.924984335899353,0.0,0.002068838570266962,0.05009648948907852,0.07542992383241653,-0.04361656308174133,-0.09592613577842712,0.10537660121917725,False
train,0.9254011511802673,0.0,0.0020749871619045734,0.05012216791510582,0.07521259039640427,-0.05427417531609535,-0.11565053462982178,0.1277526170015335,False
train,0.9258178472518921,0.0,0.0020713501144200563,0.05014051869511604,0.07500255852937698,-0.07694487273693085,-0.143866628408432,0.1631506085395813,False
train,0.9262346029281616,0.0,0.0020539299584925175,0.05014806613326073,0.07480139285326004,-0.10440364480018616,-0.18105801939964294,0.20900270342826843,False
train,0.9266514182090759,0.0,0.0020208139903843403,0.05014412850141525,0.07461033761501312,-0.13117358088493347,-0.21679279208183289,0.25338828563690186,False
train,0.9270681142807007,0.0,0.0019759242422878742,0.05012946575880051,0.07443103194236755,-0.15578040480613708,-0.2355135679244995,0.2823724150657654,False
train,0.9274848699569702,0.0,0.001928395708091557,0.050104621797800064,0.07426443696022034,-0.17967772483825684,-0.22929880023002625,0.2913108766078949,False
train,0.927901566028595,0.0,0.001887995284050703,0.05007005110383034,0.07411184161901474,-0.2016662359237671,-0.20309759676456451,0.2862130403518677,False
train,0.928318440914154,0.0,0.0018607417587190866,0.050027769058942795,0.07397419214248657,-0.21452966332435608,-0.167962908744812,0.27246010303497314,False
train,0.9287351369857788,0.0,0.0018483357271179557,0.04998346045613289,0.07385270297527313,-0.2102198451757431,-0.1327902376651764,0.24864761531352997,False
train,0.9291518926620483,0.0,0.0018498701974749565,0.04994509369134903,0.07374777644872665,-0.18554937839508057,-0.10105332732200623,0.2112826257944107,False
train,0.9295687079429626,0.0,0.0018639001064002514,0.049921534955501556,0.07366030663251877,-0.1377696841955185,-0.07239162921905518,0.15563108026981354,False
train,0.9299854040145874,0.0,0.0018892891239374876,0.04992419481277466,0.07359087467193604,-0.05791974067687988,-0.04671953618526459,0.07441378384828568,False
train,0.9304021596908569,0.0,0.0019239233806729317,0.04996795207262039,0.07353973388671875,0.05838249623775482,-0.029689431190490723,0.06549792736768723,False
train,0.9308188557624817,0.0,0.001961401430889964,0.05006164684891701,0.07350729405879974,0.1675955057144165,-0.03614787757396698,0.1714494824409485,False
train,0.931235671043396,0.0,0.0019887518137693405,0.05018119513988495,0.07349367439746857,0.16449925303459167,-0.07964415848255157,0.1827654093503952,False
train,0.9316524267196655,0.0,0.001992031466215849,0.05026785656809807,0.07349894195795059,0.02139928936958313,-0.1467520147562027,0.1483040302991867,False
train,0.9320691227912903,0.0,0.001969108125194907,0.050288327038288116,0.07352300733327866,-0.12561580538749695,-0.19967186450958252,0.2358986735343933,False
train,0.9324858784675598,0.0,0.0019311453215777874,0.050266798585653305,0.07356563955545425,-0.1762496829032898,-0.21872049570083618,0.28089606761932373,False
train,0.9329026937484741,0.0,0.0018909035716205835,0.05024024099111557,0.07362638413906097,-0.1603979766368866,-0.2135104238986969,0.2670472264289856,False
train,0.9333194494247437,0.0,0.0018552406691014767,0.050224654376506805,0.07370490580797195,-0.12977279722690582,-0.19867920875549316,0.23730656504631042,False
train,0.9337361454963684,0.0,0.0018264970276504755,0.050221048295497894,0.07380051165819168,-0.10384813696146011,-0.18085558712482452,0.20855018496513367,False
train,0.9341529607772827,0.0,0.0018055586842820048,0.05022672563791275,0.07391257584095001,-0.08587392419576645,-0.16154156625270844,0.18294809758663177,False
train,0.9345697164535522,0.0,0.0017927992157638073,0.05023803189396858,0.07404010742902756,-0.07738985866308212,-0.1418961137533188,0.16162826120853424,False
train,0.934986412525177,0.0,0.001788052381016314,0.05025094375014305,0.07418224960565567,-0.07770627737045288,-0.12344790250062943,0.14586861431598663,False
train,0.9354031682014465,0.0,0.0017906626453623176,0.05026262253522873,0.074337899684906,-0.08307110518217087,-0.10663537681102753,0.13517363369464874,False
train,0.9358199834823608,0.0,0.0018000592244789004,0.05027179419994354,0.0745060071349144,-0.08998766541481018,-0.0907975435256958,0.1278357207775116,False
train,0.9362366795539856,0.0,0.0018158185994252563,0.0502779558300972,0.07468529045581818,-0.09719428420066833,-0.07632851600646973,0.12358305603265762,False
train,0.9366534352302551,0.0,0.0018368224846199155,0.050281208008527756,0.0748743861913681,-0.1050553023815155,-0.06627273559570312,0.12421228736639023,False
train,0.9370702505111694,0.0,0.001860305666923523,0.05028093606233597,0.07507187873125076,-0.11399897933006287,-0.0649503767490387,0.13120335340499878,False
train,0.937487006187439,0.0,0.0018821994308382273,0.05027694255113602,0.0752762034535408,-0.12339098751544952,-0.07344742864370346,0.14359617233276367,False
train,0.9379037022590637,0.0,0.0018992896657437086,0.050269223749637604,0.07548601925373077,-0.13184380531311035,-0.08645489811897278,0.1576617807149887,False
train,0.9383204579353333,0.0,0.0019115664763376117,0.050258468836545944,0.07569949328899384,-0.13838472962379456,-0.09503667801618576,0.16787585616111755,False
train,0.9387372732162476,0.0,0.0019222222035750747,0.05024544894695282,0.0759153738617897,-0.143595352768898,-0.09390804916620255,0.17157606780529022,False
train,0.9391539692878723,0.0,0.0019350388320162892,0.05023016035556793,0.07613161206245422,-0.15004190802574158,-0.08532391488552094,0.1726057529449463,False
train,0.9395707249641418,0.0,0.0019518707413226366,0.05021139606833458,0.07634683698415756,-0.16150589287281036,-0.07567229121923447,0.17835482954978943,False
train,0.9399875402450562,0.0,0.0019720292184501886,0.050186194479465485,0.07655928283929825,-0.18193316459655762,-0.06950010359287262,0.19475610554218292,False
train,0.9404042363166809,0.0,0.001993898069486022,0.05015021562576294,0.07676730304956436,-0.21370840072631836,-0.06687042117118835,0.22392617166042328,False
train,0.9408209919929504,0.0,0.0020165129099041224,0.050099313259124756,0.07696934044361115,-0.2519121766090393,-0.06519153714179993,0.2602108418941498,False
train,0.9412376880645752,0.0,0.0020398166961967945,0.050033941864967346,0.07716382294893265,-0.2804282307624817,-0.06308498978614807,0.28743642568588257,False
train,0.9416545033454895,0.0,0.002063698833808303,0.049961499869823456,0.0773492380976677,-0.2849859595298767,-0.06282421201467514,0.2918285131454468,False
train,0.942071259021759,0.0,0.002086303662508726,0.04989166557788849,0.07752414047718048,-0.270844042301178,-0.06950245797634125,0.2796195447444916,False
train,0.9424880146980286,0.0,0.0021041103173047304,0.04982803016901016,0.07768711447715759,-0.2594960033893585,-0.08497575670480728,0.2730550467967987,False
train,0.9429048299789429,0.0,0.002114661270752549,0.049765635281801224,0.07783704996109009,-0.26538902521133423,-0.10235047340393066,0.2844414710998535,False
train,0.9433215260505676,0.0,0.002118905307725072,0.0496988408267498,0.07797256112098694,-0.276905357837677,-0.11424778401851654,0.2995482087135315,False
train,0.9437382817268372,0.0,0.0021190084517002106,0.049630794674158096,0.07809291034936905,-0.2675971984863281,-0.12320337444543839,0.2945968806743622,False
train,0.9441549777984619,0.0,0.002114620991051197,0.04957342892885208,0.0781969279050827,-0.22591662406921387,-0.13640829920768738,0.2639044225215912,False
train,0.9445717930793762,0.0,0.002103190403431654,0.04953964799642563,0.07828407734632492,-0.15466399490833282,-0.15674732625484467,0.22020597755908966,False
train,0.9449885487556458,0.0,0.0020819592755287886,0.04954223334789276,0.0783533975481987,-0.051086705178022385,-0.18347874283790588,0.19045813381671906,False
train,0.9454052448272705,0.0,0.002048144116997719,0.04959377646446228,0.07840494811534882,0.07614906132221222,-0.21763823926448822,0.2305755466222763,False
train,0.94582200050354,0.0,0.0019991411827504635,0.04969605803489685,0.07843796163797379,0.1814296543598175,-0.2544570565223694,0.31251418590545654,False
train,0.9462388157844543,0.0,0.0019386362982913852,0.04982684552669525,0.07845262438058853,0.2057812362909317,-0.2684168219566345,0.33822110295295715,False
train,0.9466555118560791,0.0,0.00188124377746135,0.04994940757751465,0.07844861596822739,0.14923164248466492,-0.24100294709205627,0.283465176820755,False
train,0.9470722675323486,0.0,0.0018402603454887867,0.05004245415329933,0.07842656224966049,0.07479926943778992,-0.19682322442531586,0.21055714786052704,False
train,0.9474890828132629,0.0,0.0018154093995690346,0.05010812729597092,0.07838628441095352,0.019430115818977356,-0.16748720407485962,0.16861048340797424,False
train,0.9479058384895325,0.0,0.0017980665434151888,0.050154268741607666,0.0783286988735199,-0.02086009830236435,-0.16078497469425201,0.16213251650333405,False
train,0.9483225345611572,0.0,0.0017801544163376093,0.05018523707985878,0.07825428992509842,-0.05382924899458885,-0.16844406723976135,0.1768360584974289,False
train,0.9487392902374268,0.0,0.0017583364387974143,0.05020366236567497,0.07816382497549057,-0.08090188354253769,-0.17771568894386292,0.19526387751102448,False
train,0.9491561055183411,0.0,0.0017341190250590444,0.050212133675813675,0.07805842161178589,-0.10126763582229614,-0.1790381669998169,0.20569345355033875,False
train,0.9495728015899658,0.0,0.0017116492381319404,0.05021362751722336,0.07793880999088287,-0.11392464488744736,-0.1695709079504013,0.2042868435382843,False
train,0.9499895572662354,0.0,0.0016950333956629038,0.05021156743168831,0.07780657708644867,-0.11794032156467438,-0.15165328979492188,0.19211621582508087,False
train,0.9504063725471497,0.0,0.0016870178515091538,0.0502096451818943,0.07766269892454147,-0.11296138912439346,-0.1288800835609436,0.17137780785560608,False
train,0.9508230686187744,0.0,0.0016889688558876514,0.05021103471517563,0.07750877737998962,-0.10367242246866226,-0.10443878918886185,0.14715784788131714,False
train,0.951239824295044,0.0,0.0017005166737362742,0.05021488666534424,0.0773460790514946,-0.10299939662218094,-0.08420651406049728,0.13303989171981812,False
train,0.9516565203666687,0.0,0.00171819853130728,0.050215817987918854,0.07717632502317429,-0.11642128974199295,-0.07571922242641449,0.13887879252433777,False
train,0.9520733952522278,0.0,0.0017370246350765228,0.050210338085889816,0.07700089365243912,-0.1302776336669922,-0.07735657691955566,0.15151336789131165,False
train,0.9524900913238525,0.0,0.0017546385060995817,0.0502014234662056,0.07682161033153534,-0.13184058666229248,-0.07990863174200058,0.1541665643453598,False
train,0.9529068470001221,0.0,0.0017721132608130574,0.05019451305270195,0.07664000988006592,-0.12107092887163162,-0.07726258039474487,0.14362338185310364,False
train,0.9533235430717468,0.0,0.0017922227270901203,0.05019335448741913,0.07645781338214874,-0.10529037564992905,-0.0668448656797409,0.1247168779373169,False
train,0.9537403583526611,0.0,0.0018187119858339429,0.05019809305667877,0.07627669721841812,-0.09373977780342102,-0.04601693153381348,0.1044255867600441,False
train,0.9541571140289307,0.0,0.0018564527854323387,0.05020546913146973,0.07609820365905762,-0.09254707396030426,-0.01277429610490799,0.09342453628778458,False
train,0.9545738101005554,0.0,0.001909487647935748,0.0502120666205883,0.0759241133928299,-0.09455309808254242,0.024393729865550995,0.09764907509088516,False
train,0.9549906253814697,0.0,0.001973540522158146,0.05022168904542923,0.0757557600736618,-0.07218040525913239,0.03363829106092453,0.07963381707668304,False
train,0.9554073810577393,0.0,0.0020310883410274982,0.05024831369519234,0.07559497654438019,-0.016845397651195526,-0.0039388686418533325,0.017299771308898926,False
train,0.955824077129364,0.0,0.002071473514661193,0.05029524862766266,0.07544300705194473,0.01348946988582611,-0.0379057303071022,0.040234439074993134,False
train,0.9562408328056335,0.0,0.0021038036793470383,0.050343167036771774,0.07530146837234497,-0.008109547197818756,-0.04704112559556961,0.04773502051830292,False
train,0.9566576480865479,0.0,0.0021308697760105133,0.050377991050481796,0.07517126202583313,-0.04210706055164337,-0.06836822628974915,0.08029457181692123,False
train,0.9570744037628174,0.0,0.0021447257604449987,0.05040043592453003,0.07505425810813904,-0.06707870960235596,-0.10746251791715622,0.1266797035932541,False
train,0.9574910998344421,0.0,0.0021426232997328043,0.05041318014264107,0.07495091110467911,-0.09016932547092438,-0.14164218306541443,0.16790775954723358,False
train,0.9579079151153564,0.0,0.002129331696778536,0.050415895879268646,0.07486263662576675,-0.11421052366495132,-0.16142010688781738,0.19773845374584198,False
train,0.958324670791626,0.0,0.0021098461002111435,0.05040935426950455,0.07479017227888107,-0.13363106548786163,-0.17265138030052185,0.21832489967346191,False
train,0.9587413668632507,0.0,0.002086823573336005,0.050396379083395004,0.07473450899124146,-0.14496773481369019,-0.178090900182724,0.22963452339172363,False
train,0.9591581225395203,0.0,0.0020639956928789616,0.050379976630210876,0.07469590753316879,-0.1506279557943344,-0.16985367238521576,0.22702214121818542,False
train,0.9595749378204346,0.0,0.002048788359388709,0.050361547619104385,0.07467532902956009,-0.15542805194854736,-0.14172691106796265,0.21034352481365204,False
train,0.9599916338920593,0.0,0.0020473015028983355,0.050340697169303894,0.07467303425073624,-0.16218048334121704,-0.10899052768945694,0.19540072977542877,False
train,0.9604083895683289,0.0,0.002054380951449275,0.05031672865152359,0.07468932867050171,-0.17030957341194153,-0.10511334240436554,0.20013536512851715,False
train,0.9608252048492432,0.0,0.0020562815479934216,0.05028910934925079,0.0747242420911789,-0.17991267144680023,-0.12769320607185364,0.22062213718891144,False
train,0.9612419009208679,0.0,0.0020515911746770144,0.050256986171007156,0.07477787137031555,-0.19163136184215546,-0.12955565750598907,0.23131632804870605,False
train,0.9616586565971375,0.0,0.002053642412647605,0.05022057145833969,0.07485000044107437,-0.19921119511127472,-0.09762318432331085,0.22184541821479797,False
train,0.962075412273407,0.0,0.0020713750272989273,0.05018368363380432,0.07494042068719864,-0.19165733456611633,-0.05990336835384369,0.20080076158046722,False
train,0.9624922275543213,0.0,0.0021001689601689577,0.05015562102198601,0.07504870742559433,-0.15440016984939575,-0.049382150173187256,0.16210493445396423,False
train,0.962908923625946,0.0,0.002122973557561636,0.050151221454143524,0.07517416775226593,-0.07890945672988892,-0.0911305695772171,0.1205466017127037,False
train,0.9633256793022156,0.0,0.0021169784013181925,0.05018320679664612,0.07531625777482986,0.012841768562793732,-0.1837664544582367,0.18421460688114166,False
train,0.9637424945831299,0.0,0.0020697987638413906,0.05024746060371399,0.07547399401664734,0.06590065360069275,-0.2771361172199249,0.2848637104034424,False
train,0.9641591906547546,0.0,0.001995363039895892,0.05031841620802879,0.0756465271115303,0.04300616681575775,-0.3084956109523773,0.311478853225708,False
train,0.9645759463310242,0.0,0.0019226461881771684,0.05036747455596924,0.07583276927471161,-0.030578576028347015,-0.2748917043209076,0.27658724784851074,False
train,0.9649926424026489,0.0,0.0018699916545301676,0.05038464069366455,0.07603135704994202,-0.10399705171585083,-0.22018977999687195,0.24351370334625244,False
train,0.9654094576835632,0.0,0.0018386619631201029,0.05037575587630272,0.0762411430478096,-0.1548672914505005,-0.17576242983341217,0.23425692319869995,False
train,0.9658262133598328,0.0,0.0018217869801446795,0.050350259989500046,0.07646048069000244,-0.18522998690605164,-0.15159574151039124,0.23935626447200775,False
train,0.9662429094314575,0.0,0.0018104070331901312,0.050315480679273605,0.07668787240982056,-0.20073184370994568,-0.14884953200817108,0.24989889562129974,False
train,0.966659665107727,0.0,0.001797068864107132,0.05027686804533005,0.07692153751850128,-0.20407935976982117,-0.15823352336883545,0.25823676586151123,False
train,0.9670764803886414,0.0,0.0017802546499297023,0.0502389557659626,0.07716010510921478,-0.19872640073299408,-0.1628732681274414,0.25694334506988525,False
train,0.9674932360649109,0.0,0.0017641991144046187,0.050204336643218994,0.07740131765604019,-0.189472496509552,-0.15425367653369904,0.24432359635829926,False
train,0.9679099321365356,0.0,0.0017540567787364125,0.05017383396625519,0.07764346152544022,-0.17985306680202484,-0.13548511266708374,0.22517402470111847,False
train,0.96832674741745,0.0,0.00175264582503587,0.05014703422784805,0.07788458466529846,-0.17247417569160461,-0.11331851780414581,0.20636963844299316,False
train,0.9687435030937195,0.0,0.001760113169439137,0.05012283846735954,0.07812276482582092,-0.16762509942054749,-0.09343668073415756,0.19190774857997894,False
train,0.9691601991653442,0.0,0.0017750165425240993,0.050100959837436676,0.07835584133863449,-0.16039076447486877,-0.07702507823705673,0.17792712152004242,False
train,0.9695769548416138,0.0,0.0017971014603972435,0.050083789974451065,0.07858194410800934,-0.14518262445926666,-0.056909285485744476,0.15593799948692322,False
train,0.9699937701225281,0.0,0.0018307238351553679,0.05007477477192879,0.07879899442195892,-0.12211287021636963,-0.0185185968875885,0.12350907176733017,False
train,0.9704104661941528,0.00047066339175216854,0.001887622056528926,0.05007623881101608,0.07900505512952805,-0.096306212246418,0.05931144207715988,0.11310496926307678,False
train,0.9708272218704224,0.0007228044560179114,0.0019903467036783695,0.05008825287222862,0.07919811457395554,-0.07192009687423706,0.20783010125160217,0.21992237865924835,False
train,0.9712440371513367,0.0011598489945754409,0.0021757185459136963,0.05011102557182312,0.07937642186880112,-0.04343964159488678,0.46032190322875977,0.4623670279979706,False
train,0.9716607928276062,0.001714559504762292,0.0024872191715985537,0.0501476489007473,0.07953816652297974,-0.007381319999694824,0.8048999309539795,0.8049337863922119,False
train,0.972077488899231,0.001756582991220057,0.00294341123662889,0.050196968019008636,0.0796813890337944,0.011031560599803925,1.1306920051574707,1.1307458877563477,False
train,0.9724942445755005,0.0017397735500708222,0.0035047619603574276,0.05024478957056999,0.07980486750602722,-0.017500795423984528,1.2940351963043213,1.2941534519195557,False
train,0.9729110598564148,0.0017397735500708222,0.004093798343092203,0.05027047172188759,0.07990698516368866,-0.09292548894882202,1.2798233032226562,1.2831923961639404,False
train,0.9733277559280396,0.001756582991220057,0.0046668220311403275,0.05025894567370415,0.07998631149530411,-0.1916416883468628,1.2609752416610718,1.2754548788070679,False
train,0.9737445116043091,0.0027903614100068808,0.0052725146524608135,0.05020707845687866,0.08004182577133179,-0.2805144786834717,1.4717563390731812,1.4982506036758423,False
train,0.9741612076759338,0.0034795471001416445,0.006029610522091389,0.050125956535339355,0.08007271587848663,-0.3278236985206604,1.981860876083374,2.008790969848633,False
train,0.9745780229568481,0.004219160880893469,0.007034878712147474,0.05003703385591507,0.08007768541574478,-0.31648293137550354,2.6256155967712402,2.644620656967163,False
train,0.9749947786331177,0.0046309917233884335,0.008288227953016758,0.04996373876929283,0.08005651831626892,-0.2576744258403778,3.1263649463653564,3.13696551322937,False
train,0.9754114747047424,0.004664610140025616,0.009658180177211761,0.04991920664906502,0.08000870794057846,-0.1840326189994812,3.1348888874053955,3.1402859687805176,False
train,0.9758283495903015,0.010648759081959724,0.010890163481235504,0.049902889877557755,0.07993398606777191,-0.12526367604732513,2.481593608856201,2.484753131866455,False
train,0.9762450456619263,0.023486943915486336,0.011758403852581978,0.04990667477250099,0.07983248680830002,-0.08615891635417938,1.4732069969177246,1.4757243394851685,False
train,0.9766618013381958,0.010728604160249233,0.012205724604427814,0.049924302846193314,0.0797041803598404,-0.05783609673380852,0.5169982314109802,0.5202232003211975,False
train,0.9770784974098206,0.01297686155885458,0.01230204664170742,0.04995208606123924,0.07954970747232437,-0.036354318261146545,-0.19372335076332092,0.19710499048233032,False
train,0.9774953126907349,0.005992553662508726,0.012174335308372974,0.04998781904578209,0.07936959713697433,-0.018635645508766174,-0.5289267301559448,0.5292549133300781,False
train,0.9779120683670044,0.005799245089292526,0.012018074281513691,0.05003149434924126,0.07916468381881714,0.0037813931703567505,-0.3013647794723511,0.3013885021209717,False
train,0.9783287644386292,0.005841268692165613,0.01209353469312191,0.050086867064237595,0.07893603295087814,0.038405612111091614,0.5762110948562622,0.5774895548820496,False
train,0.9787455797195435,0.005799245089292526,0.01264525018632412,0.05015893653035164,0.07868460565805435,0.0826241672039032,1.932560682296753,1.9343260526657104,False
train,0.979162335395813,0.0057824356481432915,0.013793256133794785,0.05024868994951248,0.0784120261669159,0.12040483951568604,3.3615944385528564,3.3637499809265137,False
train,0.9795790314674377,0.008278632536530495,0.015459874644875526,0.05034858360886574,0.07811986654996872,0.12784191966056824,4.348415851593018,4.350294589996338,False
train,0.9799957871437073,0.02057471312582493,0.017370551824569702,0.05044245347380638,0.07780945301055908,0.09129641950130463,4.491556644439697,4.4924845695495605,False
train,0.9804126024246216,0.018565990030765533,0.01914975978434086,0.0505131296813488,0.07748283445835114,0.02097330242395401,3.7648608684539795,3.7649192810058594,False
train,0.9808293581008911,0.02426437847316265,0.020512254908680916,0.050551705062389374,0.0771419033408165,-0.058032773435115814,2.605395555496216,2.60604190826416,False
train,0.9812460541725159,0.023970214650034904,0.021403759717941284,0.050559017807245255,0.07678866386413574,-0.12585154175758362,1.586677074432373,1.5916603803634644,False
train,0.9816628694534302,0.02442406862974167,0.02195640653371811,0.05054161325097084,0.07642503827810287,-0.1769399642944336,0.985761821269989,1.0015158653259277,False
train,0.9820796251296997,0.023970214650034904,0.022328615188598633,0.05050532892346382,0.07605323195457458,-0.21725836396217346,0.6761093735694885,0.7101585268974304,False
train,0.9824963212013245,0.02426437847316265,0.022571083158254623,0.05045238882303238,0.07567562907934189,-0.25724533200263977,0.3131493926048279,0.4052625298500061,False
train,0.982913076877594,0.023978618904948235,0.02259860932826996,0.05038166791200638,0.07529420405626297,-0.3010481595993042,-0.3811286687850952,0.4856841266155243,False
train,0.9833298921585083,0.024213949218392372,0.022265339270234108,0.05029342696070671,0.07491110265254974,-0.33773770928382874,-1.3893277645111084,1.429789662361145,False
train,0.9837465882301331,0.02389036864042282,0.021480774506926537,0.050194013863801956,0.07452889531850815,-0.35221296548843384,-2.5248124599456787,2.5492610931396484,False
train,0.9841633439064026,0.02368445321917534,0.020225968211889267,0.05009409412741661,0.0741492360830307,-0.33909493684768677,-3.6233983039855957,3.639230728149414,False
train,0.9845801591873169,0.02423916384577751,0.018551990389823914,0.05000469088554382,0.07377469539642334,-0.3018113374710083,-4.507336139678955,4.517429351806641,False
train,0.9849968552589417,0.016027769073843956,0.01659528911113739,0.04993458092212677,0.0734071210026741,-0.24735745787620544,-4.959885120391846,4.9660491943359375,False
train,0.9854136109352112,0.005215118173509836,0.014561590738594532,0.0498887300491333,0.07304874062538147,-0.18638840317726135,-4.880173206329346,4.883731365203857,False
train,0.9858303070068359,0.0052193207666277885,0.012667925097048283,0.0498676560819149,0.07270124554634094,-0.1295011192560196,-4.323858261108398,4.3257975578308105,False
train,0.986247181892395,0.0052193207666277885,0.011075609363615513,0.04986781254410744,0.07236660271883011,-0.08458802849054337,-3.474501848220825,3.4755313396453857,False
train,0.9866638779640198,0.0052193207666277885,0.00985498633235693,0.049883224070072174,0.07204660773277283,-0.05627996847033501,-2.6042978763580322,2.604905843734741,False
train,0.9870806336402893,0.005210916046053171,0.008954660035669804,0.04990675672888756,0.07174286991357803,-0.04426589980721474,-1.973023772239685,1.973520278930664,False
train,0.9874973297119141,0.005210916046053171,0.008245928213000298,0.04993252828717232,0.07145685702562332,-0.043915070593357086,-1.6911065578460693,1.6916766166687012,False
train,0.9879141449928284,0.005252939648926258,0.007596204522997141,0.04995706304907799,0.07119011878967285,-0.04883474111557007,-1.661577820777893,1.6622953414916992,False
train,0.9883309006690979,0.005210916046053171,0.006946668494492769,0.04997962340712547,0.07094388455152512,-0.0517779216170311,-1.6512492895126343,1.652060866355896,False
train,0.9887475967407227,0.005210916046053171,0.006335047073662281,0.05000219866633415,0.0707193985581398,-0.04767674580216408,-1.4648996591567993,1.4656753540039062,False
train,0.989164412021637,0.0052193207666277885,0.00584139209240675,0.05002759397029877,0.07051744312047958,-0.03946200758218765,-1.1067777872085571,1.1074811220169067,False
train,0.9895811676979065,0.0052193207666277885,0.005495446268469095,0.0500553734600544,0.07033912092447281,-0.03761564940214157,-0.8161962032318115,0.8170625567436218,False
train,0.9899978637695312,0.0052193207666277885,0.005196613259613514,0.050080686807632446,0.07018531113862991,-0.052154768258333206,-0.9270590543746948,0.9285249710083008,False
train,0.9904146194458008,0.005210916046053171,0.0047559915110468864,0.05009685084223747,0.07005634158849716,-0.07844766974449158,-1.4456621408462524,1.4477890729904175,False
train,0.9908314347267151,0.00527815381065011,0.00410982733592391,0.05010382831096649,0.06995285302400589,-0.09117645025253296,-1.8024137020111084,1.8047183752059937,False
train,0.9912481904029846,0.005210916046053171,0.0034267783630639315,0.05011114850640297,0.06987524032592773,-0.07719708234071732,-1.6293965578079224,1.631224274635315,False
train,0.9916648864746094,0.004063674248754978,0.0028854110278189182,0.05012770742177963,0.06982358545064926,-0.05052756518125534,-1.1929919719696045,1.194061517715454,False
train,0.9920817017555237,0.00509745255112648,0.002523063914850354,0.050154924392700195,0.06979809701442719,-0.02728993445634842,-0.8032136559486389,0.8036771416664124,False
train,0.9924984574317932,0.005210916046053171,0.0022966202814131975,0.05018996447324753,0.06979851424694061,-0.013736076653003693,-0.5430641770362854,0.5432378649711609,False
train,0.992915153503418,0.0052193207666277885,0.002155739115551114,0.050228361040353775,0.06982473284006119,-0.011367112398147583,-0.38719701766967773,0.38736385107040405,False
train,0.9933319091796875,0.005194106604903936,0.0020644322503358126,0.05026507005095482,0.06987641006708145,-0.022427238523960114,-0.3010686933994293,0.3019028604030609,False
train,0.9937487244606018,0.0052193207666277885,0.0019985537510365248,0.05029428005218506,0.06995285302400589,-0.0472014918923378,-0.262969434261322,0.26717203855514526,False
train,0.9941654205322266,0.005252939648926258,0.0019416742725297809,0.05031152442097664,0.07005372643470764,-0.07751636952161789,-0.2548971176147461,0.26642322540283203,False
train,0.9945821762084961,0.0052193207666277885,0.0018860769923776388,0.05031725764274597,0.07017818093299866,-0.10139848291873932,-0.2525196373462677,0.2721172869205475,False
train,0.9949988722801208,0.0052193207666277885,0.0018350793980062008,0.050315339118242264,0.07032524794340134,-0.11420705169439316,-0.22976213693618774,0.2565811574459076,False
train,0.9954157471656799,0.005210916046053171,0.0017990039195865393,0.050310876220464706,0.07049399614334106,-0.11373552680015564,-0.18355712294578552,0.21593745052814484,False
train,0.9958324432373047,0.0052193207666277885,0.0017830462893471122,0.05030876025557518,0.07068317383527756,-0.10564566403627396,-0.1378275752067566,0.17365899682044983,False
train,0.9962491989135742,0.0052193207666277885,0.0017824772512540221,0.05030858516693115,0.0708916038274765,-0.10760003328323364,-0.11154861003160477,0.1549866497516632,False
train,0.9966660141944885,0.0052193207666277885,0.0017877406207844615,0.05030360817909241,0.07111803442239761,-0.1295759081840515,-0.10986176878213882,0.1698809117078781,False
train,0.9970827102661133,0.005236130207777023,0.001788963214494288,0.05028560385107994,0.0713607668876648,-0.16920612752437592,-0.12969394028186798,0.21319293975830078,False
train,0.9974994659423828,0.0052193207666277885,0.0017794634914025664,0.05024978518486023,0.07161825895309448,-0.21245914697647095,-0.15815873444080353,0.2648642659187317,False
train,0.9979161620140076,0.0052193207666277885,0.0017597107216715813,0.0501987561583519,0.0718890130519867,-0.24001926183700562,-0.17584361135959625,0.2975402772426605,False
train,0.9983329772949219,0.0052193207666277885,0.0017365935491397977,0.05014108121395111,0.0721711665391922,-0.24490986764431,-0.174322247505188,0.30061453580856323,False
train,0.9987497329711914,0.005215118173509836,0.0017170372884720564,0.050085462629795074,0.0724630132317543,-0.23195452988147736,-0.1602088212966919,0.28190383315086365,False
train,0.9991664290428162,0.005215118173509836,0.001704340218566358,0.05003742128610611,0.07276248931884766,-0.21101871132850647,-0.14238016307353973,0.2545604109764099,False
train,0.9995832443237305,0.005210916046053171,0.0016990435542538762,0.04999813437461853,0.07306794077157974,-0.19203320145606995,-0.12472870200872421,0.22898471355438232,False
train,1.0,0.005244534928351641,0.0017010694136843085,0.04996543750166893,0.07337719202041626,-0.18024717271327972,-0.1067485362291336,0.20948578417301178,False
