part,t,D_obs,D_pred,I_pred,u_pred,r_I,r_D,R,is_anomaly
train,0.0002083767467411235,0.0,0.001258722972124815,0.046844422817230225,0.0024451373610645533,-0.26968955993652344,-0.41327154636383057,0.49348336458206177,False
train,0.0006251302547752857,0.0,0.0012582539347931743,0.04670378938317299,0.002437907038256526,-0.26878252625465393,-0.4120076298713684,0.49192920327186584,False
train,0.0010418837191537023,0.0,0.001257795956917107,0.04656360670924187,0.002430505119264126,-0.2678773105144501,-0.41074758768081665,0.490379273891449,False
train,0.0014586371835321188,0.0,0.001257344731129706,0.046423863619565964,0.002422931371256709,-0.2669738531112671,-0.4094914197921753,0.48883357644081116,False
train,0.0018753907643258572,0.0,0.001256902003660798,0.04628462716937065,0.0024151881225407124,-0.26607248187065125,-0.4082397520542145,0.4872927963733673,False
train,0.002292144112288952,0.0,0.0012564666103571653,0.046145811676979065,0.002407277934253216,-0.2651727497577667,-0.40699175000190735,0.485755980014801,False
train,0.0027088976930826902,0.0,0.0012560373870655894,0.0460074208676815,0.0023992019705474377,-0.26427459716796875,-0.40574750304222107,0.4842231869697571,False
train,0.0031256512738764286,0.0,0.001255617942661047,0.045869551599025726,0.002390962792560458,-0.26337864995002747,-0.4045077860355377,0.48269540071487427,False
train,0.0035424046218395233,0.0,0.0012552050175145268,0.04573215916752815,0.0023825622629374266,-0.262484610080719,-0.4032723009586334,0.48117223381996155,False
train,0.003959157969802618,0.0,0.0012547990772873163,0.04559517651796341,0.0023740034084767103,-0.26159223914146423,-0.40204039216041565,0.4796529710292816,False
train,0.004375911783427,0.0,0.0012544025667011738,0.045458629727363586,0.0023652862291783094,-0.2607015371322632,-0.4008122980594635,0.4781378507614136,False
train,0.004792665131390095,0.0,0.0012540159514173865,0.04532252997159958,0.0023564144503325224,-0.2598126232624054,-0.39958810806274414,0.4766269326210022,False
train,0.0052094184793531895,0.0,0.001253632246516645,0.045186977833509445,0.0023473906330764294,-0.2589259147644043,-0.3983687460422516,0.4751213490962982,False
train,0.0056261722929775715,0.0,0.001253259601071477,0.045051753520965576,0.0023382161743938923,-0.2580404281616211,-0.39715224504470825,0.4736188054084778,False
train,0.006042925640940666,0.0,0.0012528917286545038,0.04491696506738663,0.0023288927040994167,-0.2571566104888916,-0.39593958854675293,0.47212040424346924,False
train,0.006459678988903761,0.0,0.001252537127584219,0.04478272795677185,0.002319424645975232,-0.25627508759498596,-0.3947317600250244,0.4706273376941681,False
train,0.006876432802528143,0.0,0.0012521862518042326,0.044648945331573486,0.002309811767190695,-0.2553953230381012,-0.39352792501449585,0.46913856267929077,False
train,0.007293186150491238,0.0,0.0012518455041572452,0.044515594840049744,0.002300059888511896,-0.2545173168182373,-0.39232781529426575,0.46765390038490295,False
train,0.007709939498454332,0.0,0.0012515067355707288,0.044382594525814056,0.0022901701740920544,-0.2536405622959137,-0.39113086462020874,0.46617260575294495,False
train,0.008126692846417427,0.0,0.001251182402484119,0.04425017535686493,0.0022801437880843878,-0.2527662515640259,-0.38993895053863525,0.46469685435295105,False
train,0.008543446660041809,0.0,0.0012508603977039456,0.04411812499165535,0.0022699839901179075,-0.2518932521343231,-0.388750284910202,0.4632245600223541,False
train,0.008960200473666191,0.0,0.001250549335964024,0.043986495584249496,0.0022596949711441994,-0.2510218918323517,-0.3875653147697449,0.46175628900527954,False
train,0.009376953355967999,0.0,0.0012502484023571014,0.04385536164045334,0.002249276963993907,-0.250152587890625,-0.38638466596603394,0.4602927565574646,False
train,0.00979370716959238,0.0,0.001249950029887259,0.04372464492917061,0.002238736255094409,-0.2492847591638565,-0.3852076828479767,0.45883312821388245,False
train,0.010210460051894188,0.0,0.0012496652780100703,0.04359431564807892,0.0022280726116150618,-0.2484184205532074,-0.38403403759002686,0.4573771357536316,False
train,0.01062721386551857,0.0,0.0012493859976530075,0.043464526534080505,0.002217289060354233,-0.2475542426109314,-0.38286522030830383,0.45592638850212097,False
train,0.011043967679142952,0.0,0.001249114517122507,0.04333510994911194,0.0022063893266022205,-0.2466915249824524,-0.3816995620727539,0.4544790983200073,False
train,0.01146072056144476,0.0,0.0012488467618823051,0.04320617392659187,0.00219537690281868,-0.2458307147026062,-0.3805381953716278,0.45303648710250854,False
train,0.011877474375069141,0.0,0.001248591928742826,0.04307761788368225,0.002184252953156829,-0.24497126042842865,-0.37938013672828674,0.4515973925590515,False
train,0.012294228188693523,0.0,0.0012483445461839437,0.04294951632618904,0.002173022599890828,-0.24411357939243317,-0.37822604179382324,0.4501626193523407,False
train,0.01271098107099533,0.0,0.0012481060111895204,0.042821843177080154,0.0021616865415126085,-0.2432575225830078,-0.3770756721496582,0.4487318694591522,False
train,0.013127734884619713,0.0,0.0012478734133765101,0.042694639414548874,0.002150249434635043,-0.24240334331989288,-0.37592944502830505,0.4473056197166443,False
train,0.013544488698244095,0.0,0.0012476516421884298,0.04256780073046684,0.0021387129090726376,-0.24155041575431824,-0.374786376953125,0.44588273763656616,False
train,0.013961241580545902,0.0,0.001247432897798717,0.04244145378470421,0.002127080224454403,-0.2406996190547943,-0.37364763021469116,0.44446468353271484,False
train,0.014377995394170284,0.0,0.0012472248636186123,0.04231550917029381,0.002115355571731925,-0.23985013365745544,-0.3725123703479767,0.4430502951145172,False
train,0.014794749207794666,0.0,0.0012470263754948974,0.04218996688723564,0.002103542210534215,-0.2390022873878479,-0.37138065695762634,0.44163978099823,False
train,0.015211502090096474,0.0,0.0012468361528590322,0.04206490516662598,0.0020916410721838474,-0.23815621435642242,-0.3702531158924103,0.4402337372303009,False
train,0.015628255903720856,0.0,0.0012466514017432928,0.041940219700336456,0.0020796568132936954,-0.23731157183647156,-0.36912891268730164,0.4388313293457031,False
train,0.016045009717345238,0.0,0.0012464761966839433,0.04181595891714096,0.002067592227831483,-0.23646852374076843,-0.3680083751678467,0.4374328851699829,False
train,0.01646176353096962,0.0,0.0012463092571124434,0.04169217497110367,0.0020554501097649336,-0.23562739789485931,-0.366892009973526,0.436039000749588,False
train,0.016878515481948853,0.0,0.0012461472069844604,0.04156877472996712,0.0020432339515537024,-0.2347876876592636,-0.36577901244163513,0.4346487522125244,False
train,0.017295269295573235,0.0,0.0012459938880056143,0.04144582524895668,0.0020309470128268003,-0.23394957184791565,-0.36466991901397705,0.4332626760005951,False
train,0.017712023109197617,0.0,0.0012458526762202382,0.04132327437400818,0.0020185918547213078,-0.23311308026313782,-0.3635643422603607,0.43188047409057617,False
train,0.018128776922822,0.0,0.0012457190314307809,0.041201140731573105,0.0020061719696968794,-0.23227810859680176,-0.3624624013900757,0.43050217628479004,False
train,0.01854553073644638,0.0,0.0012455915566533804,0.04107944667339325,0.0019936899188905954,-0.23144474625587463,-0.36136430501937866,0.4291279911994934,False
train,0.018962284550070763,0.0,0.001245472114533186,0.04095816612243652,0.001981149660423398,-0.23061300814151764,-0.36026978492736816,0.42775774002075195,False
train,0.019379036501049995,0.0,0.0012453623348847032,0.040837280452251434,0.0019685530569404364,-0.22978265583515167,-0.35917869210243225,0.4263911545276642,False
train,0.019795790314674377,0.0,0.001245260238647461,0.04071688652038574,0.001955903833732009,-0.22895431518554688,-0.35809192061424255,0.42502930760383606,False
train,0.02021254412829876,0.0,0.0012451640795916319,0.040596816688776016,0.001943206530995667,-0.22812695801258087,-0.3570079803466797,0.4236704111099243,False
train,0.02062929794192314,0.0,0.0012450804933905602,0.040477167814970016,0.0019304610323160887,-0.22730126976966858,-0.3559276759624481,0.4223155081272125,False
train,0.021046051755547523,0.0,0.001245004590600729,0.040357958525419235,0.0019176746718585491,-0.22647728025913239,-0.35485124588012695,0.4209648072719574,False
train,0.021462805569171906,0.0,0.001244933344423771,0.04023919254541397,0.0019048459362238646,-0.22565485537052155,-0.3537786602973938,0.4196182191371918,False
train,0.02187955752015114,0.0,0.0012448722263798118,0.04012075811624527,0.00189198215957731,-0.22483357787132263,-0.35270899534225464,0.41827476024627686,False
train,0.02229631133377552,0.0,0.0012448194902390242,0.04000283032655716,0.001879082410596311,-0.22401443123817444,-0.35164371132850647,0.41693615913391113,False
train,0.022713065147399902,0.0,0.0012447737390175462,0.0398852564394474,0.0018661533249542117,-0.2231963574886322,-0.3505815267562866,0.41560080647468567,False
train,0.023129818961024284,0.0,0.001244738232344389,0.03976809233427048,0.001853194902651012,-0.22237978875637054,-0.3495228886604309,0.41426923871040344,False
train,0.023546572774648666,0.0,0.0012447139015421271,0.03965133801102638,0.0018402113346382976,-0.22156481444835663,-0.3484678268432617,0.4129416346549988,False
train,0.02396332658827305,0.0,0.0012446942273527384,0.0395350307226181,0.0018272064626216888,-0.22075152397155762,-0.34741663932800293,0.4116182029247284,False
train,0.02438007853925228,0.0,0.0012446836335584521,0.03941905125975609,0.0018141818000003695,-0.21993929147720337,-0.34636831283569336,0.41029781103134155,False
train,0.024796832352876663,0.0,0.0012446800246834755,0.039303556084632874,0.0018011401407420635,-0.21912892162799835,-0.34532424807548523,0.4089820683002472,False
train,0.025213586166501045,0.0,0.0012446847977116704,0.0391884446144104,0.0017880856757983565,-0.21831998229026794,-0.34428349137306213,0.40766990184783936,False
train,0.025630339980125427,0.0,0.0012447014451026917,0.03907371684908867,0.001775020849891007,-0.2175123691558838,-0.34324607253074646,0.40636128187179565,False
train,0.02604709379374981,0.0,0.0012447257759049535,0.03895943611860275,0.0017619481077417731,-0.21670645475387573,-0.3422125279903412,0.4050569236278534,False
train,0.026463845744729042,0.0,0.0012447554618120193,0.03884546831250191,0.0017488698940724134,-0.21590155363082886,-0.3411816656589508,0.4037553668022156,False
train,0.026880599558353424,0.0,0.0012447938788682222,0.03873199597001076,0.0017357912147417665,-0.2150985598564148,-0.3401551842689514,0.4024586081504822,False
train,0.027297353371977806,0.0,0.0012448455672711134,0.03861887753009796,0.0017227116040885448,-0.21429674327373505,-0.33913177251815796,0.4011651277542114,False
train,0.027714107185602188,0.0,0.0012449019122868776,0.0385061576962471,0.0017096344381570816,-0.21349641680717468,-0.3381117880344391,0.39987534284591675,False
train,0.02813086099922657,0.0,0.0012449665227904916,0.03839383274316788,0.0016965643735602498,-0.21269741654396057,-0.3370952606201172,0.39858928322792053,False
train,0.028547614812850952,0.0,0.0012450412614271045,0.03828192129731178,0.0016835033893585205,-0.2119000107049942,-0.3360822796821594,0.39730706810951233,False
train,0.028964366763830185,0.0,0.0012451232178136706,0.03817039355635643,0.0016704531153663993,-0.2111039161682129,-0.33507269620895386,0.3960285186767578,False
train,0.029381120577454567,0.0,0.001245215185917914,0.03805927187204361,0.0016574161127209663,-0.21030929684638977,-0.33406659960746765,0.39475372433662415,False
train,0.02979787439107895,0.0,0.001245316700078547,0.037948574870824814,0.0016443954082205892,-0.2095162272453308,-0.33306416869163513,0.39348289370536804,False
train,0.03021462820470333,0.0,0.0012454204261302948,0.03783821687102318,0.0016313944943249226,-0.208724245429039,-0.33206474781036377,0.3922152519226074,False
train,0.030631382018327713,0.0,0.0012455451069399714,0.03772835060954094,0.0016184145351871848,-0.2079341858625412,-0.33106955885887146,0.39095228910446167,False
train,0.031048135831952095,0.0,0.0012456668773666024,0.03761875629425049,0.001605457509867847,-0.20714488625526428,-0.3300767242908478,0.3896917402744293,False
train,0.03146488964557648,0.0,0.0012458038982003927,0.037509556859731674,0.001592527492903173,-0.2063569277524948,-0.3290872871875763,0.38843482732772827,False
train,0.03188164159655571,0.0,0.0012459488352760673,0.037400830537080765,0.0015796254156157374,-0.20557081699371338,-0.3281019926071167,0.3871825039386749,False
train,0.03229839727282524,0.0,0.0012461020378395915,0.0372924879193306,0.0015667540719732642,-0.2047860324382782,-0.32712000608444214,0.38593369722366333,False
train,0.032715149223804474,0.0,0.0012462598970159888,0.03718448057770729,0.0015539162559434772,-0.20400230586528778,-0.3261409401893616,0.38468801975250244,False
train,0.03313190117478371,0.0,0.0012464334722608328,0.037076905369758606,0.0015411131316795945,-0.2032202184200287,-0.3251655697822571,0.3834463357925415,False
train,0.03354865685105324,0.0,0.001246612286195159,0.036969684064388275,0.0015283470274880528,-0.20243923366069794,-0.3241932988166809,0.382207989692688,False
train,0.03396540880203247,0.0,0.0012467993656173348,0.03686291351914406,0.001515620737336576,-0.2016599327325821,-0.3232249617576599,0.3809738755226135,False
train,0.034382164478302,0.0,0.0012469966895878315,0.03675643727183342,0.0015029360074549913,-0.2008814811706543,-0.3222591280937195,0.37974244356155396,False
train,0.034798916429281235,0.0,0.0012472040252760053,0.036650400608778,0.001490295398980379,-0.20010460913181305,-0.3212971091270447,0.3785150945186615,False
train,0.03521566838026047,0.0,0.0012474156683310866,0.036544736474752426,0.0014777006581425667,-0.19932903349399567,-0.32033833861351013,0.3772912919521332,False
train,0.03563242405653,0.0,0.0012476410483941436,0.036439448595047,0.0014651522506028414,-0.19855469465255737,-0.31938278675079346,0.37607091665267944,False
train,0.03604917600750923,0.0,0.001247878186404705,0.03633459284901619,0.0014526547165587544,-0.1977820098400116,-0.3184310495853424,0.37485471367836,False
train,0.03646593168377876,0.0,0.0012481155572459102,0.03623000159859657,0.0014402075903490186,-0.19700987637043,-0.31748151779174805,0.3736407458782196,False
train,0.036882683634757996,0.0,0.0012483689934015274,0.03612597659230232,0.001427814131602645,-0.19624003767967224,-0.31653693318367004,0.37243226170539856,False
train,0.03729943558573723,0.0,0.0012486301129683852,0.03602215647697449,0.0014154764357954264,-0.19547057151794434,-0.31559404730796814,0.3712254762649536,False
train,0.03771619126200676,0.0,0.001248897286131978,0.035918883979320526,0.001403194502927363,-0.19470323622226715,-0.31465595960617065,0.3700239658355713,False
train,0.03813294321298599,0.0,0.0012491734232753515,0.03581586852669716,0.0013909719418734312,-0.1939365565776825,-0.31372007727622986,0.36882472038269043,False
train,0.038549698889255524,0.0,0.0012494622496888041,0.03571322560310364,0.0013788093347102404,-0.19317108392715454,-0.31278735399246216,0.36762890219688416,False
train,0.038966450840234756,0.0,0.0012497599236667156,0.035611022263765335,0.0013667086604982615,-0.19240723550319672,-0.31185853481292725,0.36643728613853455,False
train,0.03938320651650429,0.0,0.0012500679586082697,0.03550918772816658,0.0013546707341447473,-0.19164451956748962,-0.31093281507492065,0.36524900794029236,False
train,0.03979995846748352,0.0,0.0012503823963925242,0.03540768474340439,0.0013426978839561343,-0.19088289141654968,-0.31000998616218567,0.3640638291835785,False
train,0.04021671041846275,0.0,0.0012507042847573757,0.03530655801296234,0.0013307901099324226,-0.19012238085269928,-0.30909040570259094,0.3628820776939392,False
train,0.040633466094732285,0.0,0.001251041074283421,0.0352058969438076,0.001318951603025198,-0.18936362862586975,-0.30817484855651855,0.3617047369480133,False
train,0.04105021804571152,0.0,0.0012513839174062014,0.03510553389787674,0.0013071821304038167,-0.18860572576522827,-0.3072618544101715,0.3605301082134247,False
train,0.04146697372198105,0.0,0.001251734676770866,0.03500553220510483,0.0012954829726368189,-0.18784894049167633,-0.3063519597053528,0.3593587875366211,False
train,0.04188372567296028,0.0,0.0012520973104983568,0.03490591421723366,0.0012838555267080665,-0.18709343671798706,-0.3054453432559967,0.35819104313850403,False
train,0.042300477623939514,0.0,0.0012524708872660995,0.03480670601129532,0.0012723008403554559,-0.18633928894996643,-0.30454230308532715,0.3570270836353302,False
train,0.042717233300209045,0.0,0.0012528500519692898,0.03470783308148384,0.0012608199613168836,-0.18558615446090698,-0.3036421537399292,0.3558662533760071,False
train,0.04313398525118828,0.0,0.0012532422551885247,0.03460937365889549,0.001249415217898786,-0.18483445048332214,-0.3027455508708954,0.3547092378139496,False
train,0.04355074092745781,0.0,0.0012536406284198165,0.034511223435401917,0.0012380864936858416,-0.18408356606960297,-0.30185163021087646,0.35355502367019653,False
train,0.04396749287843704,0.0,0.0012540476163849235,0.03441347926855087,0.001226835767738521,-0.18333403766155243,-0.3009611964225769,0.3524045944213867,False
train,0.044384248554706573,0.0,0.0012544658966362476,0.03431616351008415,0.0012156629236415029,-0.18258598446846008,-0.30007442831993103,0.35125815868377686,False
train,0.044801000505685806,0.0,0.0012548976810649037,0.03421911597251892,0.0012045688927173615,-0.18183858692646027,-0.2991899847984314,0.3501141369342804,False
train,0.04521775245666504,0.0,0.0012553343549370766,0.034122467041015625,0.0011935567017644644,-0.18109244108200073,-0.29830896854400635,0.3489737808704376,False
train,0.04563450813293457,0.0,0.0012557805748656392,0.03402619808912277,0.0011826258851215243,-0.18034757673740387,-0.29743120074272156,0.347836971282959,False
train,0.0460512600839138,0.0,0.0012562385527417064,0.033930301666259766,0.001171777257695794,-0.17960382997989655,-0.29655665159225464,0.34670358896255493,False
train,0.046468015760183334,0.0,0.0012567079393193126,0.03383475914597511,0.0011610115179792047,-0.17886115610599518,-0.29568514227867126,0.34557345509529114,False
train,0.04688476771116257,0.0,0.0012571847764775157,0.03373957797884941,0.0011503302957862616,-0.17811954021453857,-0.2948167324066162,0.3444466292858124,False
train,0.0473015196621418,0.0,0.0012576719745993614,0.03364476189017296,0.0011397333582863212,-0.1773790866136551,-0.29395145177841187,0.3433231711387634,False
train,0.04771827533841133,0.0,0.0012581682531163096,0.033550336956977844,0.0011292215203866363,-0.17663979530334473,-0.29308953881263733,0.342203289270401,False
train,0.048135027289390564,0.0,0.0012586719822138548,0.03345624357461929,0.0011187958298251033,-0.17590150237083435,-0.2922304570674896,0.3410864472389221,False
train,0.048551782965660095,0.0,0.00125918909907341,0.033362533897161484,0.0011084574507549405,-0.17516440153121948,-0.29137471318244934,0.33997324109077454,False
train,0.04896853491663933,0.0,0.0012597143650054932,0.033269185572862625,0.0010982055682688951,-0.17442834377288818,-0.2905220091342926,0.33886322379112244,False
train,0.04938528686761856,0.0,0.0012602516217157245,0.03317612409591675,0.0010880418121814728,-0.1736929714679718,-0.28967174887657166,0.3377557694911957,False
train,0.04980204254388809,0.0,0.0012607970274984837,0.03308351710438728,0.0010779662989079952,-0.17295917868614197,-0.2888254225254059,0.33665263652801514,False
train,0.050218794494867325,0.0,0.001261356519535184,0.03299124911427498,0.0010679805418476462,-0.17222627997398376,-0.2879819869995117,0.3355525732040405,False
train,0.050635550171136856,0.0,0.0012619247427210212,0.03289933130145073,0.001058082329109311,-0.17149436473846436,-0.2871415615081787,0.334455668926239,False
train,0.05105230212211609,0.0,0.0012625003000721335,0.03280772641301155,0.001048275618813932,-0.170763298869133,-0.2863038182258606,0.3333616554737091,False
train,0.05146905779838562,0.0,0.0012630852870643139,0.03271655738353729,0.0010385578498244286,-0.17003364861011505,-0.28546980023384094,0.33227163553237915,False
train,0.05188580974936485,0.0,0.001263681217096746,0.032625678926706314,0.001028931001201272,-0.1693047136068344,-0.28463828563690186,0.3311842978000641,False
train,0.052302561700344086,0.0,0.0012642896035686135,0.03253522515296936,0.0010193944908678532,-0.16857706010341644,-0.2838103771209717,0.3301008343696594,False
train,0.05271931737661362,0.0,0.001264906139113009,0.03244507312774658,0.0010099500650539994,-0.16785019636154175,-0.28298503160476685,0.32902008295059204,False
train,0.05313606932759285,0.0,0.0012655331520363688,0.03235528990626335,0.0010005959775298834,-0.16712433099746704,-0.2821629047393799,0.32794275879859924,False
train,0.05355282500386238,0.0,0.001266170758754015,0.03226584941148758,0.000991334207355976,-0.16639943420886993,-0.2813436686992645,0.32686853408813477,False
train,0.053969576954841614,0.0,0.0012668170966207981,0.03217678889632225,0.0009821637067943811,-0.16567562520503998,-0.28052765130996704,0.32579776644706726,False
train,0.05438632890582085,0.0,0.001267478335648775,0.032088086009025574,0.0009730853489600122,-0.16495279967784882,-0.2797147035598755,0.32473024725914,False
train,0.05480308458209038,0.0,0.0012681452790275216,0.03199968487024307,0.0009640991338528693,-0.16423070430755615,-0.27890434861183167,0.3236654996871948,False
train,0.05521983653306961,0.0,0.0012688252609223127,0.031911734491586685,0.0009552050614729524,-0.1635100245475769,-0.27809783816337585,0.3226049244403839,False
train,0.05563659220933914,0.0,0.0012695147888734937,0.0318240225315094,0.0009464028989896178,-0.16278976202011108,-0.2772933542728424,0.32154643535614014,False
train,0.056053344160318375,0.0,0.0012702137464657426,0.03173672407865524,0.0009376934031024575,-0.16207072138786316,-0.2764923870563507,0.3204917311668396,False
train,0.05647009611129761,0.0,0.001270925858989358,0.03164978697896004,0.0009290763991884887,-0.16135264933109283,-0.27569451928138733,0.3194403648376465,False
train,0.05688685178756714,0.0,0.0012716485653072596,0.031563159078359604,0.0009205517708323896,-0.16063524782657623,-0.27489927411079407,0.31839174032211304,False
train,0.05730360373854637,0.0,0.0012723783729597926,0.03147689998149872,0.0009121200419031084,-0.15991894900798798,-0.2741071581840515,0.3173464834690094,False
train,0.0577203594148159,0.0,0.001273122034035623,0.031390976160764694,0.0009037792915478349,-0.15920346975326538,-0.27331793308258057,0.31630435585975647,False
train,0.058137111365795135,0.0,0.001273876172490418,0.031305424869060516,0.0008955319062806666,-0.158488929271698,-0.2725318670272827,0.3152655363082886,False
train,0.05855386704206467,0.0,0.0012746413704007864,0.031220225617289543,0.0008873766637407243,-0.1577753871679306,-0.27174875140190125,0.31422993540763855,False
train,0.0589706189930439,0.0,0.001275416580028832,0.031135348603129387,0.0008793132146820426,-0.15706254541873932,-0.27096840739250183,0.3131972551345825,False
train,0.05938737094402313,0.0,0.001276201568543911,0.031050823628902435,0.0008713417337276042,-0.15635064244270325,-0.2701910436153412,0.312167763710022,False
train,0.059804126620292664,0.0,0.0012769984314218163,0.03096664324402809,0.000863462220877409,-0.15563949942588806,-0.2694166302680969,0.31114140152931213,False
train,0.060220878571271896,0.0,0.0012778049567714334,0.0308828167617321,0.0008556739194318652,-0.15492936968803406,-0.2686452269554138,0.31011831760406494,False
train,0.06063763424754143,0.0,0.0012786254519596696,0.030799351632595062,0.0008479777025058866,-0.15422004461288452,-0.26787689328193665,0.3090984523296356,False
train,0.06105438619852066,0.0,0.0012794544454663992,0.03071622923016548,0.0008403730462305248,-0.153511643409729,-0.2671114504337311,0.308081716299057,False
train,0.06147113814949989,0.0,0.001280296710319817,0.03063344955444336,0.0008328587864525616,-0.15280400216579437,-0.2663489282131195,0.3070681095123291,False
train,0.061887893825769424,0.0,0.0012811480555683374,0.0305510051548481,0.0008254353306256235,-0.15209713578224182,-0.26558926701545715,0.30605751276016235,False
train,0.06230464577674866,0.0,0.0012820110423490405,0.030468910932540894,0.0008181021548807621,-0.1513911783695221,-0.2648325562477112,0.3050501346588135,False
train,0.06272140145301819,0.0,0.001282881828956306,0.030387144535779953,0.0008108604815788567,-0.1506858915090561,-0.26407864689826965,0.3040456771850586,False
train,0.06313815712928772,0.0,0.0012837686808779836,0.03030572086572647,0.0008037072839215398,-0.14998139441013336,-0.26332759857177734,0.30304428935050964,False
train,0.06355490535497665,0.0,0.0012846676399931312,0.030224641785025597,0.0007966452976688743,-0.14927777647972107,-0.26257947087287903,0.3020460605621338,False
train,0.06397166103124619,0.0,0.001285575213842094,0.03014390543103218,0.0007896716706454754,-0.1485748142004013,-0.2618342638015747,0.30105093121528625,False
train,0.06438841670751572,0.0,0.0012864943128079176,0.030063530430197716,0.0007827874505892396,-0.14787283539772034,-0.26109209656715393,0.30005908012390137,False
train,0.06480516493320465,0.0,0.0012874247040599585,0.02998342737555504,0.0007759920554235578,-0.1471712589263916,-0.2603522539138794,0.29906967282295227,False
train,0.06522192060947418,0.0,0.0012883668532595038,0.02990371733903885,0.0007692849612794816,-0.14647062122821808,-0.2596157193183899,0.2980838119983673,False
train,0.06563867628574371,0.0,0.001289319945499301,0.029824355617165565,0.000762665644288063,-0.145770862698555,-0.2588821351528168,0.2971011698246002,False
train,0.06605542451143265,0.0,0.0012902849121019244,0.029745304957032204,0.0007561350357718766,-0.14507165551185608,-0.25815120339393616,0.2961213290691376,False
train,0.06647218018770218,0.0,0.001291267341002822,0.029666617512702942,0.000749690574593842,-0.14437329769134521,-0.2574232816696167,0.2951447069644928,False
train,0.06688893586397171,0.0,0.001292254077270627,0.02958827093243599,0.0007433330174535513,-0.14367562532424927,-0.2566983103752136,0.29417121410369873,False
train,0.06730569154024124,0.0,0.0012932514073327184,0.029510222375392914,0.0007370626553893089,-0.14297853410243988,-0.25597578287124634,0.29320040345191956,False
train,0.06772243976593018,0.0,0.0012942643370479345,0.029432542622089386,0.0007308779167942703,-0.14228230714797974,-0.25525644421577454,0.2922329604625702,False
train,0.06813919544219971,0.0,0.0012952872784808278,0.029355207458138466,0.0007247789762914181,-0.14158675074577332,-0.25453993678092957,0.29126858711242676,False
train,0.06855595111846924,0.0,0.0012963246554136276,0.029278147965669632,0.0007187650771811604,-0.14089161157608032,-0.2538257837295532,0.2903066873550415,False
train,0.06897269934415817,0.0,0.0012973728589713573,0.029201487079262733,0.000712836510501802,-0.14019747078418732,-0.2531149685382843,0.28934842348098755,False
train,0.0693894550204277,0.0,0.0012984329368919134,0.029125159606337547,0.0007069917628541589,-0.13950395584106445,-0.2524069845676422,0.28839319944381714,False
train,0.06980621069669724,0.0,0.0012995025608688593,0.029049156233668327,0.0007012310670688748,-0.13881105184555054,-0.2517017126083374,0.28744086623191833,False
train,0.07022296637296677,0.0,0.0013005866203457117,0.028973432257771492,0.0006955537828616798,-0.13811852037906647,-0.2509987950325012,0.2864910662174225,False
train,0.0706397145986557,0.0,0.0013016804587095976,0.028898125514388084,0.0006899599684402347,-0.13742701709270477,-0.2502994239330292,0.28554508090019226,False
train,0.07105647027492523,0.0,0.0013027898967266083,0.02882310375571251,0.0006844482268206775,-0.1367359459400177,-0.24960240721702576,0.2846015989780426,False
train,0.07147322595119476,0.0,0.0013039103941991925,0.02874843031167984,0.000679018790833652,-0.13604557514190674,-0.24890831112861633,0.2836613059043884,False
train,0.0718899741768837,0.0,0.0013050417182967067,0.028674118220806122,0.0006736714858561754,-0.13535594940185547,-0.24821726977825165,0.2827243208885193,False
train,0.07230672985315323,0.0,0.00130618701223284,0.028600068762898445,0.0006684045656584203,-0.13466662168502808,-0.24752844870090485,0.2817896902561188,False
train,0.07272348552942276,0.0,0.0013073415029793978,0.028526445850729942,0.0006632186123169959,-0.13397827744483948,-0.24684318900108337,0.28085893392562866,False
train,0.07314024120569229,0.0,0.0013085126411169767,0.028453070670366287,0.0006581131019629538,-0.1332901269197464,-0.24616000056266785,0.27993035316467285,False
train,0.07355698943138123,0.0,0.00130969297606498,0.028379999101161957,0.0006530866376124322,-0.13260246813297272,-0.24547933042049408,0.2790045142173767,False
train,0.07397374510765076,0.0,0.0013108886778354645,0.028307346627116203,0.0006481403252109885,-0.13191580772399902,-0.24480220675468445,0.27808254957199097,False
train,0.07439050078392029,0.0,0.0013120961375534534,0.028234977275133133,0.0006432722439058125,-0.13122940063476562,-0.24412745237350464,0.2771630585193634,False
train,0.07480724900960922,0.0,0.001313313958235085,0.028162937611341476,0.0006384829757735133,-0.13054361939430237,-0.2434554398059845,0.2762466073036194,False
train,0.07522400468587875,0.0,0.001314544933848083,0.028091246262192726,0.0006337707745842636,-0.12985840439796448,-0.24278637766838074,0.27533331513404846,False
train,0.07564076036214828,0.0,0.001315792091190815,0.028019895777106285,0.0006291365134529769,-0.1291738748550415,-0.2421201467514038,0.27442312240600586,False
train,0.07605750858783722,0.0,0.001317048678174615,0.027948817238211632,0.0006245789700187743,-0.12848958373069763,-0.24145616590976715,0.27351537346839905,False
train,0.07647426426410675,0.0,0.0013183181872591376,0.027878087013959885,0.0006200982024893165,-0.12780587375164032,-0.2407951056957245,0.27261075377464294,False
train,0.07689101994037628,0.0,0.0013196042273193598,0.027807729318737984,0.0006156930467113853,-0.12712283432483673,-0.24013717472553253,0.27170953154563904,False
train,0.07730777561664581,0.0,0.0013208970194682479,0.027737701311707497,0.0006113631534390152,-0.12644033133983612,-0.23948201537132263,0.2708113491535187,False
train,0.07772452384233475,0.0,0.0013222062261775136,0.0276679415255785,0.0006071088137105107,-0.1257581114768982,-0.23882906138896942,0.2699155807495117,False
train,0.07814127951860428,0.0,0.0013235332444310188,0.027598511427640915,0.000602928688749671,-0.1250763088464737,-0.2381788194179535,0.26902273297309875,False
train,0.07855803519487381,0.0,0.0013248665491119027,0.02752944827079773,0.0005988223711028695,-0.1243952214717865,-0.23753170669078827,0.26813334226608276,False
train,0.07897478342056274,0.0,0.0013262175489217043,0.027460729703307152,0.0005947899189777672,-0.1237146407365799,-0.23688744008541107,0.2672470211982727,False
train,0.07939153909683228,0.0,0.0013275783276185393,0.027392243966460228,0.0005908306338824332,-0.12303413450717926,-0.2362450808286667,0.2663627862930298,False
train,0.0798082947731018,0.0,0.0013289517955854535,0.027324125170707703,0.00058694405015558,-0.12235419452190399,-0.23560580611228943,0.2654819190502167,False
train,0.08022505044937134,0.0,0.0013303399318829179,0.027256399393081665,0.0005831294693052769,-0.1216750293970108,-0.234969824552536,0.2646046578884125,False
train,0.08064179867506027,0.0,0.001331741688773036,0.027188913896679878,0.0005793871823698282,-0.12099593877792358,-0.23433580994606018,0.2637295722961426,False
train,0.0810585543513298,0.0,0.0013331595109775662,0.027121800929307938,0.0005757160251960158,-0.12031745165586472,-0.23370487987995148,0.2628578841686249,False
train,0.08147531002759933,0.0,0.0013345872284844518,0.027054915204644203,0.0005721157067455351,-0.11963899433612823,-0.233075812458992,0.26198819279670715,False
train,0.08189205825328827,0.0,0.0013360308948904276,0.026988450437784195,0.0005685860523954034,-0.11896132677793503,-0.23245029151439667,0.261122465133667,False
train,0.0823088139295578,0.0,0.0013374877162277699,0.026922302320599556,0.0005651261890307069,-0.11828406155109406,-0.23182740807533264,0.26025962829589844,False
train,0.08272556960582733,0.0,0.0013389555970206857,0.026856448501348495,0.0005617365823127329,-0.11760702729225159,-0.23120693862438202,0.2593994140625,False
train,0.08314231783151627,0.0,0.0013404418714344501,0.026790913194417953,0.0005584157770499587,-0.116930291056633,-0.23058907687664032,0.25854209065437317,False
train,0.0835590735077858,0.0,0.0013419392053037882,0.02672574296593666,0.0005551637732423842,-0.11625415086746216,-0.22997429966926575,0.2576881945133209,False
train,0.08397582918405533,0.0,0.0013434492284432054,0.026660863310098648,0.0005519807455129921,-0.11557824909687042,-0.2293619066476822,0.2568369507789612,False
train,0.08439258486032486,0.0,0.0013449775287881494,0.02659630961716175,0.0005488651804625988,-0.11490271240472794,-0.22875219583511353,0.2559886574745178,False
train,0.0848093330860138,0.0,0.0013465146766975522,0.02653205767273903,0.0005458173109218478,-0.11422745883464813,-0.22814500331878662,0.2551431953907013,False
train,0.08522608876228333,0.0,0.0013480683555826545,0.026468144729733467,0.0005428371368907392,-0.11355255544185638,-0.22754059731960297,0.2543008029460907,False
train,0.08564284443855286,0.0,0.001349636702798307,0.02640453726053238,0.0005399236688390374,-0.11287796497344971,-0.22693870961666107,0.2534612715244293,False
train,0.08605959266424179,0.0,0.0013512197183445096,0.02634127251803875,0.0005370768485590816,-0.11220376193523407,-0.226339653134346,0.25262486934661865,False
train,0.08647634834051132,0.0,0.0013528168201446533,0.026278313249349594,0.0005342966178432107,-0.11152976006269455,-0.2257431447505951,0.2517912983894348,False
train,0.08689310401678085,0.0,0.001354426029138267,0.026215698570013046,0.0005315817543305457,-0.11085616052150726,-0.225149467587471,0.2509608864784241,False
train,0.08730985969305038,0.0,0.0013560546794906259,0.026153316721320152,0.0005289326654747128,-0.1101825088262558,-0.22455763816833496,0.25013259053230286,False
train,0.08772660791873932,0.0,0.001357691828161478,0.02609139494597912,0.0005263489438220859,-0.10950971394777298,-0.2239697426557541,0.24930869042873383,False
train,0.08814336359500885,0.0,0.001359344576485455,0.0260296780616045,0.0005238297744654119,-0.10883672535419464,-0.22338342666625977,0.24848659336566925,False
train,0.08856011927127838,0.0,0.0013610143214464188,0.02596830017864704,0.0005213758558966219,-0.10816410183906555,-0.22279991209506989,0.24766767024993896,False
train,0.08897686749696732,0.0,0.0013626962900161743,0.02590729296207428,0.0005189853254705667,-0.1074918806552887,-0.22221949696540833,0.24685220420360565,False
train,0.08939362317323685,0.0,0.0013644006103277206,0.025846533477306366,0.0005166594637557864,-0.10681961476802826,-0.22164103388786316,0.24603897333145142,False
train,0.08981037884950638,0.0,0.0013661121483892202,0.025786133483052254,0.0005143975140526891,-0.10614778101444244,-0.22106559574604034,0.24522916972637177,False
train,0.09022712707519531,0.0,0.0013678389368578792,0.02572602778673172,0.0005121986614540219,-0.10547608882188797,-0.22049255669116974,0.24442212283611298,False
train,0.09064388275146484,0.0,0.0013695849338546395,0.025666283443570137,0.0005100631969980896,-0.10480475425720215,-0.2199224829673767,0.2436184287071228,False
train,0.09106063842773438,0.0,0.001371340244077146,0.025606781244277954,0.0005079908878542483,-0.10413330793380737,-0.21935437619686127,0.2428169846534729,False
train,0.0914773941040039,0.0,0.001373116159811616,0.025547662749886513,0.0005059809773229063,-0.1034623458981514,-0.21878944337368011,0.2420191764831543,False
train,0.09189414232969284,0.0,0.0013749062782153487,0.025488855317234993,0.0005040342803113163,-0.10279154777526855,-0.2182270586490631,0.2412242740392685,False
train,0.09231089800596237,0.0,0.0013767072232440114,0.02543032169342041,0.0005021497490815818,-0.10212075710296631,-0.21766690909862518,0.24043196439743042,False
train,0.0927276536822319,0.0,0.0013785267947241664,0.025372089818120003,0.0005003269761800766,-0.10145005583763123,-0.21710918843746185,0.23964247107505798,False
train,0.09314440190792084,0.0,0.00138036347925663,0.025314241647720337,0.0004985662526451051,-0.10077981650829315,-0.2165546715259552,0.23885664343833923,False
train,0.09356115758419037,0.0,0.0013822136679664254,0.02525661326944828,0.0004968674620613456,-0.10010935366153717,-0.21600188314914703,0.23807288706302643,False
train,0.0939779132604599,0.0,0.0013840800384059548,0.025199437513947487,0.0004952303133904934,-0.09943948686122894,-0.2154528647661209,0.23729337751865387,False
train,0.09439466893672943,0.0,0.0013859603786841035,0.025142498314380646,0.0004936548066325486,-0.09876950085163116,-0.2149057537317276,0.23651616275310516,False
train,0.09481141716241837,0.0,0.001387858297675848,0.02508583292365074,0.0004921406507492065,-0.09809951484203339,-0.21436083316802979,0.23574155569076538,False
train,0.0952281728386879,0.0,0.0013897715834900737,0.02502952329814434,0.0004906872636638582,-0.09742970764636993,-0.21381886303424835,0.2349703162908554,False
train,0.09564492851495743,0.0,0.001391701283864677,0.0249735489487648,0.0004892955184914172,-0.09676013886928558,-0.2132796198129654,0.2342023104429245,False
train,0.09606167674064636,0.0,0.0013936430914327502,0.02491788938641548,0.00048796500777825713,-0.09609068185091019,-0.21274296939373016,0.23343734443187714,False
train,0.0964784324169159,0.0,0.0013956081820651889,0.024862540885806084,0.0004866946837864816,-0.09542129188776016,-0.2122088074684143,0.23267531394958496,False
train,0.09689518809318542,0.0,0.0013975846813991666,0.024807462468743324,0.000485485972603783,-0.09475172311067581,-0.21167683601379395,0.23191587626934052,False
train,0.09731193631887436,0.0,0.0013995799235999584,0.024752715602517128,0.0004843375354539603,-0.09408237785100937,-0.21114756166934967,0.23115965723991394,False
train,0.09772869199514389,0.0,0.001401587389409542,0.024698320776224136,0.0004832503036595881,-0.09341320395469666,-0.2106211930513382,0.23040683567523956,False
train,0.09814544767141342,0.0,0.0014036144129931927,0.02464415319263935,0.0004822234623134136,-0.09274378418922424,-0.2100965827703476,0.22965621948242188,False
train,0.09856220334768295,0.0,0.0014056552900001407,0.024590356275439262,0.00048125776811502874,-0.09207457304000854,-0.20957507193088531,0.2289092242717743,False
train,0.09897895157337189,0.0,0.0014077150262892246,0.024536877870559692,0.0004803528427146375,-0.09140539169311523,-0.20905610918998718,0.22816529870033264,False
train,0.09939570724964142,0.0,0.001409790595062077,0.02448367327451706,0.00047950836597010493,-0.09073610603809357,-0.20853935182094574,0.22742405533790588,False
train,0.09981246292591095,0.0,0.0014118826948106289,0.024430833756923676,0.0004787249199580401,-0.09006704390048981,-0.20802557468414307,0.22668637335300446,False
train,0.10022921115159988,0.0,0.0014139913255348802,0.02437829226255417,0.0004780024755746126,-0.08939793705940247,-0.20751424133777618,0.2259516566991806,False
train,0.10064596682786942,0.0,0.0014161193976178765,0.024326013401150703,0.0004773411783389747,-0.08872861415147781,-0.20700494945049286,0.2252194881439209,False
train,0.10106272250413895,0.0,0.0014182607410475612,0.024274075403809547,0.0004767403588630259,-0.08805933594703674,-0.20649845898151398,0.2244906723499298,False
train,0.10147947818040848,0.0,0.0014204221079126,0.024222439154982567,0.00047620112309232354,-0.08739001303911209,-0.2059943825006485,0.2237648367881775,False
train,0.10189622640609741,0.0,0.0014225958148017526,0.024171147495508194,0.000475723238196224,-0.08672074973583221,-0.20549313724040985,0.22304241359233856,False
train,0.10231298208236694,0.0,0.001424793736077845,0.02412019483745098,0.0004753063549287617,-0.08605159819126129,-0.20499463379383087,0.22232335805892944,False
train,0.10272973775863647,0.0,0.0014270060928538442,0.02406948246061802,0.00047495143371634185,-0.0853821262717247,-0.2044980227947235,0.22160674631595612,False
train,0.10314648598432541,0.0,0.0014292332343757153,0.024019084870815277,0.00047465809620916843,-0.08471257984638214,-0.2040039449930191,0.2208932489156723,False
train,0.10356324166059494,0.0,0.0014314817963168025,0.023969050496816635,0.0004744264588225633,-0.08404310047626495,-0.20351284742355347,0.2201833873987198,False
train,0.10397999733686447,0.0,0.0014337439788505435,0.023919280618429184,0.0004742572782561183,-0.08337338268756866,-0.20302385091781616,0.21947620809078217,False
train,0.104396753013134,0.0,0.0014360242057591677,0.023869851604104042,0.0004741505836136639,-0.08270366489887238,-0.2025376260280609,0.21877245604991913,False
train,0.10481350123882294,0.0,0.001438324456103146,0.023820677772164345,0.00047410628758370876,-0.0820336788892746,-0.20205338299274445,0.21807129681110382,False
train,0.10523025691509247,0.0,0.0014406393747776747,0.023771855980157852,0.0004741243610624224,-0.08136376738548279,-0.20157203078269958,0.21737374365329742,False
train,0.105647012591362,0.0,0.001442976645193994,0.023723352700471878,0.00047420620103366673,-0.08069368451833725,-0.20109321177005768,0.2166793793439865,False
train,0.10606376081705093,0.0,0.0014453287003561854,0.02367512322962284,0.00047435180749744177,-0.08002336323261261,-0.20061658322811127,0.21598784625530243,False
train,0.10648051649332047,0.0,0.0014477017102763057,0.023627234622836113,0.0004745607730001211,-0.07935298979282379,-0.20014271140098572,0.2152997851371765,False
train,0.10689727216959,0.0,0.0014500883407890797,0.023579640313982964,0.00047483370872214437,-0.07868237793445587,-0.19967120885849,0.21461479365825653,False
train,0.10731402039527893,0.0,0.0014524983707815409,0.02353234775364399,0.00047517154598608613,-0.07801158726215363,-0.1992020606994629,0.2139328569173813,False
train,0.10773077607154846,0.0,0.0014549213228747249,0.02348543144762516,0.0004755742847919464,-0.07734091579914093,-0.1987360417842865,0.21325485408306122,False
train,0.108147531747818,0.0,0.001457367790862918,0.02343875542283058,0.0004760422161780298,-0.07666967809200287,-0.19827184081077576,0.21257930994033813,False
train,0.10856428742408752,0.0,0.0014598288107663393,0.02339240536093712,0.000476575834909454,-0.07599840313196182,-0.1978103071451187,0.21190723776817322,False
train,0.10898103564977646,0.0,0.0014623092720285058,0.023346377536654472,0.0004771757812704891,-0.07532697170972824,-0.1973513513803482,0.21123851835727692,False
train,0.10939779132604599,0.0,0.00146480870898813,0.02330062724649906,0.00047784255002625287,-0.07465513795614243,-0.196894571185112,0.21057268977165222,False
train,0.10981454700231552,0.0,0.0014673291007056832,0.023255227133631706,0.00047857617028057575,-0.07398325204849243,-0.19644062221050262,0.2099105566740036,False
train,0.11023129522800446,0.0,0.001469866489060223,0.02321009896695614,0.00047937760245986283,-0.07331105321645737,-0.19598880410194397,0.20925132930278778,False
train,0.11064805090427399,0.0,0.0014724243665114045,0.02316526137292385,0.0004802475159522146,-0.07263846695423126,-0.19553929567337036,0.20859521627426147,False
train,0.11106480658054352,0.0,0.0014750007539987564,0.02312079817056656,0.000481185968965292,-0.07196594774723053,-0.1950928270816803,0.20794303715229034,False
train,0.11148156225681305,0.0,0.0014775942545384169,0.02307659201323986,0.00048219450400210917,-0.07129289209842682,-0.1946483701467514,0.20729367434978485,False
train,0.11189831048250198,0.0,0.0014802087098360062,0.02303270809352398,0.00048327265540137887,-0.07061963528394699,-0.19420647621154785,0.20664773881435394,False
train,0.11231506615877151,0.0,0.001482842373661697,0.022989168763160706,0.00048442158731631935,-0.06994619965553284,-0.19376738369464874,0.2060055136680603,False
train,0.11273182183504105,0.0,0.0014854930341243744,0.022945908829569817,0.00048564220196567476,-0.06927236169576645,-0.19333046674728394,0.2053663283586502,False
train,0.11314857006072998,0.0,0.0014881652314215899,0.02290295623242855,0.0004869346448685974,-0.0685981959104538,-0.19289599359035492,0.20473049581050873,False
train,0.11356532573699951,0.0,0.0014908593147993088,0.022860322147607803,0.000488300109282136,-0.06792375445365906,-0.19246405363082886,0.20409813523292542,False
train,0.11398208141326904,0.0,0.0014935703948140144,0.02281796745955944,0.0004897394101135433,-0.06724891066551208,-0.19203433394432068,0.203468918800354,False
train,0.11439882963895798,0.0,0.00149630568921566,0.022775955498218536,0.0004912527510896325,-0.06657379120588303,-0.1916072964668274,0.20284335315227509,False
train,0.11481558531522751,0.0,0.0014990525087341666,0.02273421548306942,0.000492841238155961,-0.06589826941490173,-0.1911824643611908,0.20222096145153046,False
train,0.11523234099149704,0.0,0.0015018227277323604,0.022692792117595673,0.0004945065593346953,-0.06522240489721298,-0.19076013565063477,0.2016020566225052,False
train,0.11564909666776657,0.0,0.0015046161133795977,0.022651705890893936,0.0004962484235875309,-0.06454621255397797,-0.19034045934677124,0.2009868174791336,False
train,0.1160658448934555,0.0,0.0015074304537847638,0.022610904648900032,0.0004980681696906686,-0.06386953592300415,-0.1899230033159256,0.2003747969865799,False
train,0.11648260056972504,0.0,0.0015102580655366182,0.0225704163312912,0.0004999667289666831,-0.06319260597229004,-0.1895081102848053,0.19976642727851868,False
train,0.11689935624599457,0.0,0.0015131132677197456,0.022530272603034973,0.0005019455566070974,-0.0625152736902237,-0.1890958994626999,0.19916179776191711,False
train,0.1173161044716835,0.0,0.0015159890754148364,0.02249039150774479,0.0005040047690272331,-0.061837464570999146,-0.18868574500083923,0.19856026768684387,False
train,0.11773286014795303,0.0,0.0015188810648396611,0.022450808435678482,0.0005061462288722396,-0.0611591599881649,-0.188277930021286,0.19796216487884521,False
train,0.11814961582422256,0.0,0.0015217997133731842,0.022411536425352097,0.0005083707510493696,-0.06048043817281723,-0.18787257373332977,0.19736765325069427,False
train,0.1185663715004921,0.0,0.001524731982499361,0.02237262763082981,0.0005106792086735368,-0.05980142951011658,-0.18747015297412872,0.19677720963954926,False
train,0.11898311972618103,0.0,0.0015276909107342362,0.022334014996886253,0.000513073056936264,-0.05912188068032265,-0.18707004189491272,0.19619020819664001,False
train,0.11939987540245056,0.0,0.0015306659042835236,0.022295678034424782,0.0005155535181984305,-0.058441851288080215,-0.18667207658290863,0.195606529712677,False
train,0.11981663107872009,0.0,0.0015336647629737854,0.02225765585899353,0.0005181216401979327,-0.05776134133338928,-0.18627658486366272,0.19502651691436768,False
train,0.12023337930440903,0.0,0.0015366865554824471,0.022219935432076454,0.0005207786452956498,-0.05708032846450806,-0.18588347733020782,0.19445008039474487,False
train,0.12065013498067856,0.0,0.0015397280221804976,0.022182557731866837,0.0005235263961367309,-0.0563989095389843,-0.1854930818080902,0.19387759268283844,False
train,0.12106689065694809,0.0,0.001542790443636477,0.0221454668790102,0.0005263654747977853,-0.0557168684899807,-0.18510493636131287,0.19330857694149017,False
train,0.12148363888263702,0.0,0.0015458771958947182,0.022108644247055054,0.0005292979185469449,-0.05503426492214203,-0.18471881747245789,0.19274285435676575,False
train,0.12190039455890656,0.0,0.0015489835059270263,0.02207217924296856,0.0005323247751221061,-0.054351285099983215,-0.1843356043100357,0.19218136370182037,False
train,0.12231715023517609,0.0,0.0015521121677011251,0.02203604020178318,0.00053544738329947,-0.053667739033699036,-0.18395495414733887,0.1916237324476242,False
train,0.12273390591144562,0.0,0.0015552621334791183,0.022000186145305634,0.0005386678385548294,-0.05298353731632233,-0.18357650935649872,0.1910696029663086,False
train,0.12315065413713455,0.0,0.001558434683829546,0.02196464128792286,0.0005419874796643853,-0.052298903465270996,-0.18320047855377197,0.19051925837993622,False
train,0.12356740981340408,0.0,0.001561627141200006,0.0219294223934412,0.0005454076454043388,-0.05161366984248161,-0.18282704055309296,0.1899728775024414,False
train,0.12398416548967361,0.0,0.0015648433472961187,0.021894460543990135,0.000548930314835161,-0.05092770606279373,-0.18245556950569153,0.1894298493862152,False
train,0.12440091371536255,0.0,0.0015680863289162517,0.021859871223568916,0.000552557350602001,-0.050241317600011826,-0.1820870339870453,0.18889117240905762,False
train,0.12481766939163208,0.0,0.0015713457250967622,0.021825537085533142,0.0005562896840274334,-0.049554239958524704,-0.18172049522399902,0.1883559376001358,False
train,0.1252344250679016,0.0,0.0015746268909424543,0.02179156243801117,0.0005601305747404695,-0.04886666685342789,-0.18135681748390198,0.1878250390291214,False
train,0.12565118074417114,0.0,0.001577936694957316,0.02175787277519703,0.000564080779440701,-0.048178303986787796,-0.18099528551101685,0.1872977465391159,False
train,0.12606793642044067,0.0,0.001581266289576888,0.021724475547671318,0.0005681428010575473,-0.04748939350247383,-0.18063604831695557,0.18677425384521484,False
train,0.126484677195549,0.0,0.0015846195165067911,0.02169143222272396,0.000572317570913583,-0.04679987207055092,-0.18027964234352112,0.18625514209270477,False
train,0.12690143287181854,0.0,0.0015879933489486575,0.02165864035487175,0.0005766086978837848,-0.04610951989889145,-0.17992514371871948,0.1857394427061081,False
train,0.12731818854808807,0.0,0.001591392676346004,0.021626221016049385,0.0005810173461213708,-0.04541872814297676,-0.17957359552383423,0.18522833287715912,False
train,0.1277349442243576,0.0,0.0015948168002068996,0.021594058722257614,0.000585545611102134,-0.04472707584500313,-0.17922398447990417,0.1847207248210907,False
train,0.12815169990062714,0.0,0.0015982650220394135,0.021562227979302406,0.00059019640320912,-0.04403477907180786,-0.17887698113918304,0.18421736359596252,False
train,0.12856845557689667,0.0,0.0016017304733395576,0.02153073251247406,0.0005949714686721563,-0.04334183782339096,-0.1785326600074768,0.18371833860874176,False
train,0.1289852112531662,0.0,0.001605222700163722,0.021499522030353546,0.0005998731940053403,-0.042648181319236755,-0.17819051444530487,0.1832231730222702,False
train,0.12940195202827454,0.0,0.001608740771189332,0.02146860770881176,0.0006049037910997868,-0.041953686624765396,-0.1778506487607956,0.18273195624351501,False
train,0.12981870770454407,0.0,0.0016122797969728708,0.021438026800751686,0.0006100661703385413,-0.041258566081523895,-0.17751342058181763,0.18224512040615082,False
train,0.1302354633808136,0.0,0.0016158411744982004,0.021407756954431534,0.0006153633003123105,-0.04056262597441673,-0.17717860639095306,0.1817624419927597,False
train,0.13065221905708313,0.0,0.0016194311901926994,0.02137775905430317,0.0006207968690432608,-0.03986590355634689,-0.17684583365917206,0.1812835931777954,False
train,0.13106897473335266,0.0,0.0016230462351813912,0.0213481318205595,0.0006263697287067771,-0.03916851058602333,-0.17651602625846863,0.18080951273441315,False
train,0.1314857304096222,0.0,0.0016266793245449662,0.021318800747394562,0.000632085429970175,-0.03847036138176918,-0.17618852853775024,0.18033958971500397,False
train,0.13190248608589172,0.0,0.0016303439624607563,0.021289771422743797,0.0006379460101015866,-0.03777136281132698,-0.1758633255958557,0.17987380921840668,False
train,0.13231922686100006,0.0,0.0016340292058885098,0.021261056885123253,0.0006439542048610747,-0.03707153722643852,-0.17554058134555817,0.1794123649597168,False
train,0.1327359825372696,0.0,0.0016377400606870651,0.021232645958662033,0.0006501144962385297,-0.03637091442942619,-0.17522020637989044,0.17895519733428955,False
train,0.13315273821353912,0.0,0.0016414732672274113,0.02120456099510193,0.0006564287468791008,-0.03566949814558029,-0.17490236461162567,0.17850251495838165,False
train,0.13356949388980865,0.0,0.0016452346462756395,0.02117677964270115,0.0006628993432968855,-0.03496716171503067,-0.17458686232566833,0.17805413901805878,False
train,0.13398624956607819,0.0,0.0016490163980051875,0.02114930935204029,0.000669531524181366,-0.03426406532526016,-0.1742738038301468,0.17761020362377167,False
train,0.13440300524234772,0.0,0.0016528296982869506,0.0211221594363451,0.0006763276178389788,-0.03356011211872101,-0.17396318912506104,0.1771707385778427,False
train,0.13481976091861725,0.0,0.0016566637204959989,0.021095290780067444,0.0006832910003140569,-0.03285522013902664,-0.17365474998950958,0.1767355054616928,False
train,0.13523650169372559,0.0,0.0016605216078460217,0.021068790927529335,0.0006904251058585942,-0.032149605453014374,-0.1733492612838745,0.17630530893802643,False
train,0.13565325736999512,0.0,0.001664407434873283,0.02104254812002182,0.0006977334851399064,-0.031442902982234955,-0.17304565012454987,0.1758790910243988,False
train,0.13607001304626465,0.0,0.001668322249315679,0.021016689017415047,0.0007052206783555448,-0.03073541820049286,-0.17274507880210876,0.17545805871486664,False
train,0.13648676872253418,0.0,0.001672261510975659,0.02099105902016163,0.0007128901197575033,-0.030026942491531372,-0.17244620621204376,0.17504088580608368,False
train,0.1369035243988037,0.0,0.0016762235900387168,0.020965831354260445,0.000720745709259063,-0.029317663982510567,-0.17215055227279663,0.17462915182113647,False
train,0.13732028007507324,0.0,0.0016802125610411167,0.02094086818397045,0.0007287912885658443,-0.028607377782464027,-0.17185689508914948,0.17422163486480713,False
train,0.13773703575134277,0.0,0.0016842286568135023,0.020916245877742767,0.0007370310486294329,-0.02789614535868168,-0.17156590521335602,0.17381902039051056,False
train,0.1381537765264511,0.0,0.001688268850557506,0.020891934633255005,0.0007454697624780238,-0.027183981612324715,-0.17127731442451477,0.17342112958431244,False
train,0.13857053220272064,0.0,0.0016923357034102082,0.020867904648184776,0.0007541107479482889,-0.026470843702554703,-0.17099086940288544,0.17302769422531128,False
train,0.13898728787899017,0.0,0.001696431078016758,0.020844243466854095,0.0007629594183526933,-0.02575678937137127,-0.1707073152065277,0.17263951897621155,False
train,0.1394040435552597,0.0,0.001700553111732006,0.020820820704102516,0.00077201979001984,-0.025041623041033745,-0.17042551934719086,0.17225545644760132,False
train,0.13982079923152924,0.0,0.0017047023866325617,0.020797783508896828,0.0007812971598468721,-0.02432560920715332,-0.17014677822589874,0.17187687754631042,False
train,0.14023755490779877,0.0,0.0017088738968595862,0.02077503316104412,0.0007907956605777144,-0.02360847033560276,-0.1698702573776245,0.1715029627084732,False
train,0.1406542956829071,0.0,0.0017130736960098147,0.020752638578414917,0.0008005217532627285,-0.022890424355864525,-0.16959653794765472,0.1711343228816986,False
train,0.14107105135917664,0.0,0.001717303995974362,0.020730488002300262,0.0008104786975309253,-0.0221712626516819,-0.1693245768547058,0.17076995968818665,False
train,0.14148780703544617,0.0,0.0017215604893863201,0.020708708092570305,0.00082067318726331,-0.021451037377119064,-0.16905555129051208,0.17041105031967163,False
train,0.1419045627117157,0.0,0.001725844806060195,0.020687270909547806,0.0008311091805808246,-0.020729903131723404,-0.16878919303417206,0.17005740106105804,False
train,0.14232131838798523,0.0,0.0017301521729677916,0.02066611498594284,0.0008417937788181007,-0.020007634535431862,-0.16852501034736633,0.1697085201740265,False
train,0.14273807406425476,0.0,0.0017344900406897068,0.020645299926400185,0.0008527319296263158,-0.01928430050611496,-0.16826346516609192,0.16936492919921875,False
train,0.1431548297405243,0.0,0.0017388553824275732,0.020624782890081406,0.000863929046317935,-0.01855986751616001,-0.16800419986248016,0.16902627050876617,False
train,0.14357157051563263,0.0,0.0017432490130886436,0.02060459554195404,0.0008753916481509805,-0.017834361642599106,-0.16774749755859375,0.16869288682937622,False
train,0.14398832619190216,0.0,0.0017476705834269524,0.020584695041179657,0.0008871263125911355,-0.01710781641304493,-0.16749295592308044,0.16836439073085785,False
train,0.1444050818681717,0.0,0.0017521182307973504,0.020565161481499672,0.0008991382201202214,-0.016380032524466515,-0.16724133491516113,0.16804157197475433,False
train,0.14482183754444122,0.0,0.0017565973103046417,0.020545922219753265,0.0009114351705648005,-0.01565120555460453,-0.1669919341802597,0.16772377490997314,False
train,0.14523859322071075,0.0,0.0017611037474125624,0.020527007058262825,0.0009240226936526597,-0.014921270310878754,-0.16674505174160004,0.16741134226322174,False
train,0.14565534889698029,0.0,0.001765637076459825,0.020508425310254097,0.0009369080071337521,-0.014190148562192917,-0.1665007472038269,0.1671043336391449,False
train,0.14607210457324982,0.0,0.0017701995093375444,0.020490119233727455,0.0009500980377197266,-0.01345784030854702,-0.1662585288286209,0.166802316904068,False
train,0.14648884534835815,0.0,0.0017747916281223297,0.02047223038971424,0.0009636002359911799,-0.01272454671561718,-0.16601966321468353,0.1665065884590149,False
train,0.14690560102462769,0.0,0.001779412617906928,0.020454606041312218,0.0009774219943210483,-0.011989966034889221,-0.16578274965286255,0.16621576249599457,False
train,0.14732235670089722,0.0,0.0017840599175542593,0.0204373300075531,0.000991570414043963,-0.01125425472855568,-0.16554857790470123,0.16593067348003387,False
train,0.14773911237716675,0.0,0.0017887383000925183,0.02042030543088913,0.0010060538770630956,-0.010517235845327377,-0.16531626880168915,0.16565048694610596,False
train,0.14815586805343628,0.0,0.0017934475326910615,0.020403634756803513,0.0010208802996203303,-0.009779119864106178,-0.16508670151233673,0.16537608206272125,False
train,0.1485726237297058,0.0,0.00179817876778543,0.02038736268877983,0.0010360573651269078,-0.009039903059601784,-0.16486038267612457,0.16510803997516632,False
train,0.14898937940597534,0.0,0.001802947255782783,0.0203713309019804,0.0010515936883166432,-0.008299294859170914,-0.16463574767112732,0.1648447960615158,False
train,0.14940612018108368,0.0,0.0018077439162880182,0.02035566419363022,0.00106749776750803,-0.007557667791843414,-0.16441401839256287,0.16458763182163239,False
train,0.1498228758573532,0.0,0.0018125672359019518,0.020340314134955406,0.001083778915926814,-0.006814697757363319,-0.1641947329044342,0.16433608531951904,False
train,0.15023963153362274,0.0,0.001817423151805997,0.020325297489762306,0.0011004452826455235,-0.0060704853385686874,-0.16397802531719208,0.1640903502702713,False
train,0.15065638720989227,0.0,0.0018223035149276257,0.020310623571276665,0.0011175073450431228,-0.0053250752389431,-0.16376402974128723,0.1638505905866623,False
train,0.1510731428861618,0.0,0.0018272219458594918,0.020296234637498856,0.001134974299930036,-0.004578385502099991,-0.16355213522911072,0.16361621022224426,False
train,0.15148989856243134,0.0,0.0018321627285331488,0.02028217911720276,0.0011528554605320096,-0.00383036769926548,-0.1633428931236267,0.16338780522346497,False
train,0.15190665423870087,0.0,0.0018371384358033538,0.02026846446096897,0.0011711609549820423,-0.003081187605857849,-0.16313625872135162,0.16316534578800201,False
train,0.1523233950138092,0.0,0.0018421453423798084,0.020255059003829956,0.0011899004457518458,-0.0023307744413614273,-0.16293203830718994,0.16294871270656586,False
train,0.15274015069007874,0.0,0.0018471808871254325,0.02024204283952713,0.0012090870877727866,-0.0015789736062288284,-0.162730872631073,0.16273853182792664,False
train,0.15315690636634827,0.0,0.0018522442551329732,0.020229298621416092,0.0012287291465327144,-0.0008259601891040802,-0.1625317931175232,0.16253389418125153,False
train,0.1535736620426178,0.0,0.0018573417328298092,0.02021690458059311,0.0012488389620557427,-7.163919508457184e-05,-0.16233545541763306,0.16233547031879425,False
train,0.15399041771888733,0.0,0.0018624701770022511,0.02020484395325184,0.0012694277102127671,0.0006840210407972336,-0.16214166581630707,0.16214311122894287,False
train,0.15440717339515686,0.0,0.001867626211605966,0.02019309625029564,0.0012905069161206484,0.0014409981667995453,-0.16195034980773926,0.1619567573070526,False
train,0.1548239290714264,0.0,0.0018728186842054129,0.020181693136692047,0.0013120885705575347,0.002199234440922737,-0.16176167130470276,0.1617766171693802,False
train,0.15524066984653473,0.0,0.0018780380487442017,0.02017061784863472,0.0013341846643015742,0.002958826720714569,-0.1615755707025528,0.1616026610136032,False
train,0.15565742552280426,0.0,0.0018832918722182512,0.020159875974059105,0.0013568097492679954,0.003719726577401161,-0.16139206290245056,0.16143491864204407,False
train,0.1560741811990738,0.0,0.0018885745666921139,0.020149527117609978,0.001379974652081728,0.004482010379433632,-0.16121166944503784,0.16127397119998932,False
train,0.15649093687534332,0.0,0.0018938884604722261,0.020139427855610847,0.0014036933425813913,0.005245538428425789,-0.16103316843509674,0.16111858189105988,False
train,0.15690769255161285,0.0,0.00189923623111099,0.02012968249619007,0.0014279801398515701,0.006010433658957481,-0.1608574241399765,0.16096967458724976,False
train,0.15732444822788239,0.0,0.0019046154338866472,0.020120278000831604,0.0014528471510857344,0.006776662543416023,-0.16068434715270996,0.16082718968391418,False
train,0.15774118900299072,0.0,0.001910024438984692,0.02011125534772873,0.0014783104415982962,0.007544282823801041,-0.16051431000232697,0.160691499710083,False
train,0.15815794467926025,0.0,0.0019154661567881703,0.02010250836610794,0.0015043859602883458,0.008313199505209923,-0.1603463590145111,0.1605617105960846,False
train,0.15857470035552979,0.0,0.001920940587297082,0.02009413205087185,0.0015310859307646751,0.00908353365957737,-0.16018132865428925,0.160438671708107,False
train,0.15899145603179932,0.0,0.0019264444708824158,0.020086077973246574,0.0015584280481562018,0.009855182841420174,-0.16001886129379272,0.16032205522060394,False
train,0.15940821170806885,0.0,0.001931984443217516,0.020078346133232117,0.001586425700224936,0.010628266260027885,-0.1598588526248932,0.16021177172660828,False
train,0.15982496738433838,0.0,0.001937558874487877,0.02007097192108631,0.00161509751342237,0.011402588337659836,-0.1597016304731369,0.16010817885398865,False
train,0.1602417230606079,0.0,0.0019431584514677525,0.020063959062099457,0.0016444596694782376,0.012178406119346619,-0.1595473438501358,0.16001147031784058,False
train,0.16065846383571625,0.0,0.0019487956305965781,0.02005726657807827,0.001674528932198882,0.012955501675605774,-0.1593955159187317,0.15992115437984467,False
train,0.16107521951198578,0.0,0.0019544637762010098,0.020050885155797005,0.001705322996713221,0.013733955100178719,-0.15924611687660217,0.1598372459411621,False
train,0.1614919751882553,0.0,0.001960166497156024,0.020044878125190735,0.0017368600238114595,0.01451382040977478,-0.15909968316555023,0.15976031124591827,False
train,0.16190873086452484,0.0,0.0019659027457237244,0.020039213821291924,0.0017691574757918715,0.015295037068426609,-0.15895593166351318,0.15969009697437286,False
train,0.16232548654079437,0.0,0.0019716722890734673,0.02003392204642296,0.0018022352596744895,0.01607777737081051,-0.1588151454925537,0.15962690114974976,False
train,0.1627422422170639,0.0,0.001977469539269805,0.020028915256261826,0.0018361121183261275,0.01686178334057331,-0.1586766093969345,0.15957000851631165,False
train,0.16315899789333344,0.0,0.001983301481232047,0.020024264231324196,0.0018708087736740708,0.017647117376327515,-0.15854085981845856,0.1595199853181839,False
train,0.16357573866844177,0.0,0.0019891734700649977,0.020019998773932457,0.0019063429208472371,0.018433861434459686,-0.15840813517570496,0.159477099776268,False
train,0.1639924943447113,0.0,0.001995077123865485,0.020016031339764595,0.0019427400548011065,0.019221946597099304,-0.15827777981758118,0.15944071114063263,False
train,0.16440925002098083,0.0,0.0020010105799883604,0.02001243084669113,0.00198001810349524,0.020011503249406815,-0.1581503301858902,0.15941137075424194,False
train,0.16482600569725037,0.0,0.0020069777965545654,0.02000918611884117,0.002018199535086751,0.020802335813641548,-0.15802572667598724,0.15938904881477356,False
train,0.1652427613735199,0.0,0.0020129771437495947,0.020006287842988968,0.002057308331131935,0.021594611927866936,-0.15790387988090515,0.15937365591526031,False
train,0.16565951704978943,0.0,0.002019016770645976,0.020003745332360268,0.0020973659120500088,0.022388240322470665,-0.1577848345041275,0.15936526656150818,False
train,0.16607627272605896,0.0,0.0020250878296792507,0.020001491531729698,0.0021383960265666246,0.023183172568678856,-0.15766803920269012,0.15936332941055298,False
train,0.1664930135011673,0.0,0.002031194744631648,0.019999651238322258,0.002180421492084861,0.023979458957910538,-0.15755455195903778,0.15936891734600067,False
train,0.16690976917743683,0.0,0.0020373305305838585,0.019998157396912575,0.0022234695497900248,0.024777153506875038,-0.15744389593601227,0.15938158333301544,False
train,0.16732652485370636,0.0,0.002043504500761628,0.019996996968984604,0.0022675655782222748,0.02557622455060482,-0.1573358178138733,0.159401074051857,False
train,0.1677432805299759,0.0,0.0020497136283665895,0.019996212795376778,0.0023127333261072636,0.02637661248445511,-0.15723076462745667,0.15942785143852234,False
train,0.16816003620624542,0.0,0.0020559511613100767,0.019995717331767082,0.002359001897275448,0.027178248390555382,-0.15712805092334747,0.15946123003959656,False
train,0.16857679188251495,0.0,0.00206223176792264,0.01999565213918686,0.0024063964374363422,0.02798127569258213,-0.15702876448631287,0.159502312541008,False
train,0.16899354755878448,0.0,0.0020685410127043724,0.01999591290950775,0.0024549446534365416,0.028785688802599907,-0.15693208575248718,0.15955029428005219,False
train,0.16941028833389282,0.0,0.002074888441711664,0.01999650150537491,0.002504677278921008,0.029591258615255356,-0.15683799982070923,0.15960514545440674,False
train,0.16982704401016235,0.0,0.002081270096823573,0.019997520372271538,0.002555621787905693,0.030398370698094368,-0.15674743056297302,0.15966783463954926,False
train,0.17024379968643188,0.0,0.002087685512378812,0.019998809322714806,0.002607808681204915,0.031206564977765083,-0.15665899217128754,0.15973694622516632,False
train,0.17066055536270142,0.0,0.002094133524224162,0.020000511780381203,0.0026612686924636364,0.032016150653362274,-0.15657395124435425,0.1598137468099594,False
train,0.17107731103897095,0.0,0.0021006211172789335,0.020002568140625954,0.002716032788157463,0.03282708302140236,-0.1564916968345642,0.15989767014980316,False
train,0.17149406671524048,0.0,0.002107142237946391,0.020004969090223312,0.0027721321675926447,0.033639125525951385,-0.1564122438430786,0.15998868644237518,False
train,0.17191080749034882,0.0,0.002113698748871684,0.020007727667689323,0.0028296001255512238,0.034452468156814575,-0.15633568167686462,0.16008691489696503,False
train,0.17232756316661835,0.0,0.0021202925126999617,0.020010849460959435,0.0028884722851216793,0.035267092287540436,-0.15626202523708344,0.1601923555135727,False
train,0.17274431884288788,0.0,0.002126913983374834,0.020014340057969093,0.0029487793799489737,0.03608294576406479,-0.15619145333766937,0.1603051722049713,False
train,0.1731610745191574,0.0,0.002133577596396208,0.020018192008137703,0.003010561689734459,0.03689998388290405,-0.15612374246120453,0.16042515635490417,False
train,0.17357783019542694,0.0,0.0021402763668447733,0.020022450014948845,0.0030738518107682467,0.03771834447979927,-0.1560593843460083,0.16055281460285187,False
train,0.17399458587169647,0.0,0.002147011226043105,0.020027024671435356,0.0031386881601065397,0.038537781685590744,-0.15599754452705383,0.16068725287914276,False
train,0.174411341547966,0.0,0.002153781708329916,0.020031966269016266,0.003205105196684599,0.03935839235782623,-0.15593871474266052,0.16082899272441864,False
train,0.17482808232307434,0.0,0.002160585019737482,0.02003728412091732,0.00327314343303442,0.04018022492527962,-0.15588296949863434,0.16097810864448547,False
train,0.17524483799934387,0.0,0.0021674269810318947,0.02004297822713852,0.003342843148857355,0.04100313037633896,-0.15583030879497528,0.1611345410346985,False
train,0.1756615936756134,0.0,0.002174301305785775,0.02004902809858322,0.0034142457880079746,0.04182709753513336,-0.1557805836200714,0.16129815578460693,False
train,0.17607834935188293,0.0,0.002181214978918433,0.02005542814731598,0.003487390000373125,0.04265221953392029,-0.15573367476463318,0.16146884858608246,False
train,0.17649510502815247,0.0,0.0021881703287363052,0.02006225287914276,0.003562318626791239,0.043478552252054214,-0.1556902527809143,0.1616472601890564,False
train,0.176911860704422,0.0,0.0021951510570943356,0.020069433376193047,0.0036390761379152536,0.04430580139160156,-0.15564985573291779,0.16183288395404816,False
train,0.17732861638069153,0.0,0.0022021750919520855,0.020076937973499298,0.003717705374583602,0.04513410106301308,-0.15561199188232422,0.16202524304389954,False
train,0.17774535715579987,0.0,0.0022092307917773724,0.020084857940673828,0.0037982547655701637,0.04596342518925667,-0.1555776596069336,0.16222529113292694,False
train,0.1781621128320694,0.0,0.002216324210166931,0.02009316347539425,0.0038807636592537165,0.04679374396800995,-0.15554651618003845,0.16243267059326172,False
train,0.17857886850833893,0.0,0.002223455812782049,0.02010180428624153,0.003965282347053289,0.047624893486499786,-0.15551809966564178,0.16264688968658447,False
train,0.17899562418460846,0.0,0.0022306202445179224,0.020110860466957092,0.0040518599562346935,0.048457175493240356,-0.15549318492412567,0.16286873817443848,False
train,0.179412379860878,0.0,0.002237823558971286,0.02012025937438011,0.004140546079725027,0.049290262162685394,-0.1554710865020752,0.16309748589992523,False
train,0.17982913553714752,0.0,0.002245067385956645,0.02013007551431656,0.0042313868179917336,0.05012437701225281,-0.1554524302482605,0.1633337438106537,False
train,0.18024589121341705,0.0,0.0022523386869579554,0.020140238106250763,0.004324438516050577,0.05095912516117096,-0.15543675422668457,0.16357694566249847,False
train,0.1806626319885254,0.0,0.0022596551571041346,0.0201508067548275,0.004419746343046427,0.05179489031434059,-0.15542438626289368,0.16382749378681183,False
train,0.18107938766479492,0.0,0.0022670007310807705,0.020161721855401993,0.004517373628914356,0.05263129621744156,-0.15541498363018036,0.16408495604991913,False
train,0.18149614334106445,0.0,0.0022743854206055403,0.02017303928732872,0.0046173701994121075,0.05346851423382759,-0.15540893375873566,0.16434969007968903,False
train,0.18191289901733398,0.0,0.002281814580783248,0.02018478699028492,0.0047197905369102955,0.05430668592453003,-0.15540644526481628,0.16462191939353943,False
train,0.18232965469360352,0.0,0.002289270516484976,0.020196860656142235,0.004824692849069834,0.05514536052942276,-0.15540674328804016,0.1649007797241211,False
train,0.18274641036987305,0.0,0.0022967690601944923,0.02020934782922268,0.00493213627487421,0.05598464980721474,-0.1554105281829834,0.16518689692020416,False
train,0.18316316604614258,0.0,0.0023043041583150625,0.02022220380604267,0.005042175762355328,0.05682458356022835,-0.15541741251945496,0.16547992825508118,False
train,0.18357990682125092,0.0,0.002311865333467722,0.020235462114214897,0.0051548718474805355,0.05766516923904419,-0.15542779862880707,0.1657801866531372,False
train,0.18399666249752045,0.0,0.002319474471732974,0.020249098539352417,0.005270293448120356,0.05850617215037346,-0.1554412990808487,0.16608723998069763,False
train,0.18441341817378998,0.0,0.002327119465917349,0.02026318944990635,0.005388499703258276,0.05934800207614899,-0.15545865893363953,0.16640186309814453,False
train,0.1848301738500595,0.0,0.0023348010145127773,0.02027757465839386,0.005509552080184221,0.06019001081585884,-0.15547852218151093,0.16672255098819733,False
train,0.18524692952632904,0.0,0.002342520048841834,0.0202923770993948,0.005633519496768713,0.06103237718343735,-0.15550191700458527,0.1670502871274948,False
train,0.18566368520259857,0.0,0.0023502756375819445,0.020307615399360657,0.005760468542575836,0.061875373125076294,-0.15552908182144165,0.16738535463809967,False
train,0.1860804259777069,0.0,0.0023580638226121664,0.020323170349001884,0.005890468135476112,0.0627184584736824,-0.15555894374847412,0.167726531624794,False
train,0.18649718165397644,0.0,0.002365894615650177,0.020339231938123703,0.006023579742759466,0.06356210261583328,-0.1555931568145752,0.16807548701763153,False
train,0.18691393733024597,0.0,0.002373754745349288,0.020355626940727234,0.006159885786473751,0.06440587341785431,-0.15563029050827026,0.16843070089817047,False
train,0.1873306930065155,0.0,0.002381657948717475,0.020372387021780014,0.0062994458712637424,0.0652497187256813,-0.15567049384117126,0.168792262673378,False
train,0.18774744868278503,0.0,0.0023895977064967155,0.020389601588249207,0.0064423419535160065,0.06609389185905457,-0.15571463108062744,0.16916100680828094,False
train,0.18816420435905457,0.0,0.002397573087364435,0.02040722966194153,0.006588643416762352,0.06693819910287857,-0.15576234459877014,0.1695365160703659,False
train,0.1885809600353241,0.0,0.0024055875837802887,0.0204252228140831,0.006738429889082909,0.0677824318408966,-0.15581320226192474,0.1699182540178299,False
train,0.18899770081043243,0.0,0.002413633279502392,0.020443635061383247,0.006891773547977209,0.06862664222717285,-0.15586775541305542,0.17030669748783112,False
train,0.18941445648670197,0.0,0.002421723445877433,0.020462406799197197,0.00704876147210598,0.06947075575590134,-0.15592533349990845,0.17070119082927704,False
train,0.1898312121629715,0.0,0.002429851097986102,0.02048162743449211,0.007209473755210638,0.07031479477882385,-0.15598683059215546,0.17110249400138855,False
train,0.19024796783924103,0.0,0.0024380034301429987,0.020501285791397095,0.0073739876970648766,0.07115878909826279,-0.15605229139328003,0.17151060700416565,False
train,0.19066472351551056,0.0,0.002446206519380212,0.02052129991352558,0.007542384322732687,0.07200229167938232,-0.15612070262432098,0.1719244122505188,False
train,0.1910814791917801,0.0,0.002454441972076893,0.020541761070489883,0.007714751176536083,0.07284577935934067,-0.1561930924654007,0.17234496772289276,False
train,0.19149823486804962,0.0,0.0024627132806926966,0.020562591031193733,0.007891173474490643,0.07368867099285126,-0.15626871585845947,0.17277133464813232,False
train,0.19191497564315796,0.0,0.002471016952767968,0.02058389224112034,0.00807173177599907,0.07453130930662155,-0.15634854137897491,0.1732044517993927,False
train,0.1923317313194275,0.0,0.0024793653283268213,0.02060556225478649,0.00825653038918972,0.07537341862916946,-0.15643149614334106,0.17364321649074554,False
train,0.19274848699569702,0.0,0.0024877439718693495,0.020627643913030624,0.008445650339126587,0.07621489465236664,-0.15651819109916687,0.17408807575702667,False
train,0.19316524267196655,0.0,0.002496170112863183,0.020650148391723633,0.00863918662071228,0.07705569267272949,-0.15660853683948517,0.17453886568546295,False
train,0.19358199834823608,0.0,0.0025046260561794043,0.020673075690865517,0.008837224915623665,0.07789590954780579,-0.1567026525735855,0.17499570548534393,False
train,0.19399875402450562,0.0,0.0025131129659712315,0.020696410909295082,0.00903987418860197,0.07873532176017761,-0.15680047869682312,0.1754583716392517,False
train,0.19441550970077515,0.0,0.002521642716601491,0.020720219239592552,0.009247209876775742,0.07957417517900467,-0.15690244734287262,0.17592734098434448,False
train,0.19483225047588348,0.0,0.0025302052963525057,0.020744362846016884,0.009459340013563633,0.08041156828403473,-0.15700745582580566,0.17640113830566406,False
train,0.19524900615215302,0.0,0.002538809087127447,0.020769020542502403,0.009676383808255196,0.08124855160713196,-0.15711699426174164,0.17688153684139252,False
train,0.19566576182842255,0.0,0.002547451527789235,0.02079404518008232,0.009898409247398376,0.08208426088094711,-0.15722979605197906,0.1773669421672821,False
train,0.19608251750469208,0.0,0.002556127030402422,0.020819470286369324,0.01012553833425045,0.08291861414909363,-0.1573462337255478,0.17785762250423431,False
train,0.1964992731809616,0.0,0.0025648358277976513,0.02084539085626602,0.010357862338423729,0.08375214040279388,-0.15746714174747467,0.17835448682308197,False
train,0.19691602885723114,0.0,0.0025735802482813597,0.020871704444289207,0.01059549767524004,0.08458413183689117,-0.15759161114692688,0.17885634303092957,False
train,0.19733278453350067,0.0,0.0025823679752647877,0.020898442715406418,0.010838541202247143,0.0854148417711258,-0.15771983563899994,0.1793634295463562,False
train,0.197749525308609,0.0,0.0025911845732480288,0.020925622433423996,0.01108709629625082,0.08624407649040222,-0.1578521430492401,0.17987589538097382,False
train,0.19816628098487854,0.0,0.002600043546408415,0.020953228697180748,0.011341286823153496,0.0870717465877533,-0.15798825025558472,0.18039338290691376,False
train,0.19858303666114807,0.0,0.002608932787552476,0.02098127268254757,0.011601222679018974,0.0878978818655014,-0.15812836587429047,0.18091604113578796,False
train,0.1989997923374176,0.0,0.0026178648695349693,0.021009763702750206,0.011867008171975613,0.08872230350971222,-0.15827247500419617,0.1814437210559845,False
train,0.19941654801368713,0.0,0.002626826288178563,0.02103869803249836,0.012138757854700089,0.08954492211341858,-0.15842071175575256,0.18197642266750336,False
train,0.19983330368995667,0.0,0.0026358282193541527,0.021068042144179344,0.012416592799127102,0.0903656929731369,-0.15857264399528503,0.18251366913318634,False
train,0.2002500593662262,0.004761904943734407,0.002644864609465003,0.02109784260392189,0.012700626626610756,0.09118436276912689,-0.15872876346111298,0.18305574357509613,False
train,0.20066680014133453,0.0,0.002653932198882103,0.0211280956864357,0.012990954332053661,0.09200108051300049,-0.1588890552520752,0.18360263109207153,False
train,0.20108355581760406,0.0,0.0026630384381860495,0.021158767864108086,0.013287731446325779,0.09281548857688904,-0.15905320644378662,0.18415383994579315,False
train,0.2015003114938736,0.0031746032182127237,0.0026721872854977846,0.021189888939261436,0.013591068796813488,0.09362787008285522,-0.15922138094902039,0.1847095638513565,False
train,0.20191706717014313,0.0,0.0026813559234142303,0.021221492439508438,0.013901078142225742,0.09443778544664383,-0.15939417481422424,0.1852700561285019,False
train,0.20233382284641266,0.0007936508045531809,0.0026905664708465338,0.02125348523259163,0.01421788614243269,0.09524509310722351,-0.15957048535346985,0.18583424389362335,False
train,0.2027505785226822,0.0,0.002699814969673753,0.02128596603870392,0.014541614800691605,0.09605009853839874,-0.159751296043396,0.1864030510187149,False
train,0.20316731929779053,0.0,0.002709099091589451,0.02131888084113598,0.01487237773835659,0.09685230255126953,-0.15993613004684448,0.18697576224803925,False
train,0.20358407497406006,0.0,0.002718421397730708,0.021352266892790794,0.015210326761007309,0.0976518988609314,-0.16012528538703918,0.18755266070365906,False
train,0.2040008306503296,0.0,0.0027277760673314333,0.021386070176959038,0.015555600635707378,0.09844844043254852,-0.16031837463378906,0.1881331354379654,False
train,0.20441758632659912,0.0,0.002737154485657811,0.021420348435640335,0.015908287838101387,0.09924216568470001,-0.16051597893238068,0.18871773779392242,False
train,0.20483434200286865,0.0,0.0027465824969112873,0.021455099806189537,0.0162685327231884,0.10003282874822617,-0.16071784496307373,0.1893060803413391,False
train,0.20525109767913818,0.0,0.0027560389135032892,0.02149030566215515,0.016636472195386887,0.10082054138183594,-0.160924032330513,0.18989819288253784,False
train,0.20566785335540771,0.0,0.0027655281592160463,0.02152593992650509,0.017012227326631546,0.1016046404838562,-0.161134272813797,0.19049346446990967,False
train,0.20608459413051605,0.0,0.0027750509325414896,0.021562086418271065,0.017395926639437675,0.10238567739725113,-0.16134928166866302,0.19109269976615906,False
train,0.20650134980678558,0.0,0.002784611890092492,0.02159867435693741,0.01778772659599781,0.10316314548254013,-0.16156843304634094,0.19169504940509796,False
train,0.20691810548305511,0.0007936508045531809,0.0027942005544900894,0.02163572795689106,0.0181877538561821,0.10393695533275604,-0.16179202497005463,0.1923006772994995,False
train,0.20733486115932465,0.0,0.002803823444992304,0.02167319506406784,0.018596140667796135,0.10470692068338394,-0.1620195508003235,0.19290897250175476,False
train,0.20775161683559418,0.0,0.0028134898748248816,0.021711234003305435,0.019013019278645515,0.10547367483377457,-0.1622523069381714,0.19352133572101593,False
train,0.2081683725118637,0.0,0.0028231805190443993,0.021749673411250114,0.01943853497505188,0.1062360629439354,-0.16248898208141327,0.19413594901561737,False
train,0.20858512818813324,0.0,0.0028329084161669016,0.02178860455751419,0.019872816279530525,0.10699458420276642,-0.16273029148578644,0.19475366175174713,False
train,0.20900186896324158,0.0,0.0028426656499505043,0.02182799018919468,0.0203159861266613,0.10774889588356018,-0.1629759669303894,0.19537396728992462,False
train,0.2094186246395111,0.0007936508045531809,0.0028524580411612988,0.021867875009775162,0.020768219605088234,0.10849897563457489,-0.16322635114192963,0.19599711894989014,False
train,0.20983538031578064,0.003968254197388887,0.0028622839599847794,0.021908221766352654,0.021229637786746025,0.10924481600522995,-0.16348111629486084,0.19662274420261383,False
train,0.21025213599205017,0.0063492064364254475,0.002872140845283866,0.02194904536008835,0.021700384095311165,0.10998605191707611,-0.16374048590660095,0.19725079834461212,False
train,0.2106688916683197,0.0023809524718672037,0.0028820305597037077,0.02199038863182068,0.02218058332800865,0.11072300374507904,-0.16400477290153503,0.19788166880607605,False
train,0.21108564734458923,0.0015873016091063619,0.0028919524047523737,0.02203214541077614,0.022670399397611618,0.11145490407943726,-0.16427306830883026,0.19851407408714294,False
train,0.21150240302085876,0.0031746032182127237,0.0029019115027040243,0.022074423730373383,0.023169953376054764,0.11218219995498657,-0.16454628109931946,0.1991489976644516,False
train,0.2119191437959671,0.0023809524718672037,0.0029118992388248444,0.02211718074977398,0.02367936074733734,0.11290451884269714,-0.16482412815093994,0.19978593289852142,False
train,0.21233589947223663,0.0023809524718672037,0.00292191025801003,0.022160425782203674,0.024198805913329124,0.11362188309431076,-0.16510677337646484,0.20042499899864197,False
train,0.21275265514850616,0.0015873016091063619,0.002931963885203004,0.022204143926501274,0.0247284397482872,0.11433408409357071,-0.1653938591480255,0.20106568932533264,False
train,0.2131694108247757,0.0031746032182127237,0.002942043589428067,0.022248422726988792,0.025268401950597763,0.1150413528084755,-0.16568633913993835,0.20170888304710388,False
train,0.21358616650104523,0.0031746032182127237,0.0029521496035158634,0.022293101996183395,0.02581877075135708,0.11574280261993408,-0.16598282754421234,0.20235289633274078,False
train,0.21400292217731476,0.0031746032182127237,0.002962303115054965,0.022338345646858215,0.026379726827144623,0.11643919348716736,-0.16628453135490417,0.20299910008907318,False
train,0.2144196778535843,0.0031746032182127237,0.002972471294924617,0.022384056821465492,0.02695140801370144,0.117129847407341,-0.16659094393253326,0.20364661514759064,False
train,0.21483641862869263,0.0063492064364254475,0.0029826730024069548,0.022430265322327614,0.027533916756510735,0.11781477928161621,-0.16690215468406677,0.20429550111293793,False
train,0.21525317430496216,0.004761904943734407,0.0029929042793810368,0.02247697114944458,0.028127441182732582,0.11849402636289597,-0.16721820831298828,0.20494575798511505,False
train,0.2156699299812317,0.0055555556900799274,0.0030031816568225622,0.02252417616546154,0.028732120990753174,0.11916732788085938,-0.16753892600536346,0.20559704303741455,False
train,0.21608668565750122,0.003968254197388887,0.003013471607118845,0.022571882233023643,0.029348066076636314,0.11983466148376465,-0.16786472499370575,0.2062496393918991,False
train,0.21650344133377075,0.003968254197388887,0.003023796482011676,0.02262011542916298,0.029975418001413345,0.12049588561058044,-0.16819557547569275,0.2069033831357956,False
train,0.21692019701004028,0.0031746032182127237,0.0030341423116624355,0.022668875753879547,0.030614309012889862,0.12115123867988586,-0.1685316264629364,0.2075584977865219,False
train,0.21733693778514862,0.0031746032182127237,0.003044530749320984,0.02271808497607708,0.03126484528183937,0.12179981917142868,-0.16887196898460388,0.2082136869430542,False
train,0.21775369346141815,0.0015873016091063619,0.003054946195334196,0.022767821326851845,0.03192723169922829,0.12244206666946411,-0.16921746730804443,0.2088698446750641,False
train,0.21817044913768768,0.0015873016091063619,0.0030653809662908316,0.02281811088323593,0.03260154277086258,0.12307818233966827,-0.16956844925880432,0.20952731370925903,False
train,0.21858720481395721,0.0023809524718672037,0.003075852757319808,0.02286887727677822,0.033287931233644485,0.12370719015598297,-0.1699240356683731,0.21018479764461517,False
train,0.21900396049022675,0.0015873016091063619,0.003086347132921219,0.022920148447155952,0.03398650512099266,0.12432970106601715,-0.17028464376926422,0.21084292232990265,False
train,0.21942071616649628,0.0015873016091063619,0.00309688039124012,0.02297198586165905,0.03469742834568024,0.12494559586048126,-0.1706506311893463,0.2115018665790558,False
train,0.2198374718427658,0.0007936508045531809,0.0031074313446879387,0.02302434667944908,0.035420775413513184,0.12555469572544098,-0.17102187871932983,0.21216142177581787,False
train,0.22025421261787415,0.0015873016091063619,0.003118009539321065,0.023077188059687614,0.03615666553378105,0.12615641951560974,-0.171397864818573,0.21282073855400085,False
train,0.22067096829414368,0.0015873016091063619,0.0031286238227039576,0.02313055284321308,0.03690529242157936,0.12675127387046814,-0.17177891731262207,0.2134803980588913,False
train,0.2210877239704132,0.0015873016091063619,0.003139261854812503,0.02318444848060608,0.03766671195626259,0.12733882665634155,-0.17216520011425018,0.21414022147655487,False
train,0.22150447964668274,0.0023809524718672037,0.003149930387735367,0.023238927125930786,0.03844107687473297,0.12791961431503296,-0.17255714535713196,0.21480083465576172,False
train,0.22192123532295227,0.0023809524718672037,0.003160610795021057,0.023293886333703995,0.03922847658395767,0.12849271297454834,-0.1729540377855301,0.21546107530593872,False
train,0.2223379909992218,0.0015873016091063619,0.0031713275238871574,0.023349398747086525,0.040029074996709824,0.1290586292743683,-0.17335623502731323,0.21612153947353363,False
train,0.22275474667549133,0.0031746032182127237,0.003182080341503024,0.023405443876981735,0.04084288328886032,0.12961702048778534,-0.17376358807086945,0.2167818248271942,False
train,0.22317148745059967,0.0015873016091063619,0.003192842472344637,0.023462040349841118,0.04167003557085991,0.13016806542873383,-0.17417652904987335,0.2174423784017563,False
train,0.2235882431268692,0.0023809524718672037,0.0032036376651376486,0.023519137874245644,0.042510706931352615,0.1307111233472824,-0.17459437251091003,0.21810224652290344,False
train,0.22400499880313873,0.0031746032182127237,0.0032144617289304733,0.023576773703098297,0.04336491599678993,0.13124653697013855,-0.17501749098300934,0.21876190602779388,False
train,0.22442175447940826,0.003968254197388887,0.003225305350497365,0.023634979501366615,0.044232819229364395,0.13177435100078583,-0.1754462718963623,0.21942168474197388,False
train,0.2248385101556778,0.003968254197388887,0.0032361792400479317,0.023693734779953957,0.04511447623372078,0.13229462504386902,-0.17588041722774506,0.22008132934570312,False
train,0.22525526583194733,0.0031746032182127237,0.0032470731530338526,0.023753061890602112,0.046010009944438934,0.13280713558197021,-0.17632023990154266,0.22074094414710999,False
train,0.22567202150821686,0.0031746032182127237,0.0032579831313341856,0.023812882602214813,0.046919457614421844,0.13331124186515808,-0.1767650693655014,0.22139959037303925,False
train,0.2260887622833252,0.003968254197388887,0.003268937347456813,0.02387331798672676,0.047842901200056076,0.13380813598632812,-0.17721569538116455,0.22205859422683716,False
train,0.22650551795959473,0.003968254197388887,0.0032799006439745426,0.023934271186590195,0.04878050088882446,0.13429659605026245,-0.1776716262102127,0.222716823220253,False
train,0.22692227363586426,0.0031746032182127237,0.0032908909488469362,0.023995783179998398,0.0497322641313076,0.13477709889411926,-0.1781330406665802,0.22337467968463898,False
train,0.2273390293121338,0.004761904943734407,0.0033019070979207754,0.02405785769224167,0.05069830268621445,0.13524961471557617,-0.1785999834537506,0.22403216361999512,False
train,0.22775578498840332,0.0031746032182127237,0.00331294909119606,0.02412048541009426,0.051678650081157684,0.13571399450302124,-0.17907235026359558,0.22468911111354828,False
train,0.22817254066467285,0.003968254197388887,0.0033240073826164007,0.02418368123471737,0.05267340689897537,0.13617031276226044,-0.1795504093170166,0.22534574568271637,False
train,0.22858929634094238,0.003968254197388887,0.0033350896555930376,0.02424747683107853,0.053682584315538406,0.13661892712116241,-0.180034339427948,0.22600242495536804,False
train,0.22900603711605072,0.003968254197388887,0.0033461980056017637,0.024311820045113564,0.05470623821020126,0.13705912232398987,-0.18052361905574799,0.22665828466415405,False
train,0.22942279279232025,0.0023809524718672037,0.0033573301043361425,0.024376681074500084,0.0557444766163826,0.13749085366725922,-0.18101808428764343,0.22731317579746246,False
train,0.22983954846858978,0.003968254197388887,0.003368473844602704,0.024442166090011597,0.05679731443524361,0.1379147469997406,-0.18151870369911194,0.2279682457447052,False
train,0.23025630414485931,0.0055555556900799274,0.003379646223038435,0.02450823038816452,0.057864803820848465,0.1383306086063385,-0.1820249855518341,0.2286229431629181,False
train,0.23067305982112885,0.0063492064364254475,0.0033908348996192217,0.024574831128120422,0.05894695222377777,0.13873809576034546,-0.18253663182258606,0.2292768657207489,False
train,0.23108981549739838,0.007936508394777775,0.0034020603634417057,0.02464207261800766,0.06004389747977257,0.13913777470588684,-0.1830543577671051,0.22993089258670807,False
train,0.2315065711736679,0.0063492064364254475,0.003413290251046419,0.02470983751118183,0.061155494302511215,0.13952907919883728,-0.18357747793197632,0.23058415949344635,False
train,0.23192331194877625,0.0055555556900799274,0.0034245443530380726,0.02477824129164219,0.0622817799448967,0.13991278409957886,-0.1841067522764206,0.23123770952224731,False
train,0.23234006762504578,0.0055555556900799274,0.003435820573940873,0.02484721690416336,0.06342290341854095,0.14028818905353546,-0.18464164435863495,0.2318907380104065,False
train,0.2327568233013153,0.0055555556900799274,0.0034471177496016026,0.024916764348745346,0.06457880884408951,0.14065559208393097,-0.18518215417861938,0.23254337906837463,False
train,0.23317357897758484,0.0031746032182127237,0.0034584286622703075,0.024986878037452698,0.06574950367212296,0.14101473987102509,-0.1857282966375351,0.23319552838802338,False
train,0.23359033465385437,0.003968254197388887,0.0034697686787694693,0.025057679042220116,0.0669349655508995,0.14136677980422974,-0.1862809956073761,0.23384861648082733,False
train,0.2340070903301239,0.0015873016091063619,0.003481128951534629,0.025128982961177826,0.06813521683216095,0.14171020686626434,-0.18683865666389465,0.234500452876091,False
train,0.23442383110523224,0.0023809524718672037,0.0034925048239529133,0.02520090714097023,0.06935016065835953,0.14204613864421844,-0.1874023973941803,0.23515263199806213,False
train,0.23484058678150177,0.0,0.0035038895439356565,0.02527349628508091,0.0705799013376236,0.14237476885318756,-0.18797270953655243,0.2358056604862213,False
train,0.2352573424577713,0.0007936508045531809,0.0035153029020875692,0.02534663677215576,0.07182439416646957,0.1426953375339508,-0.188548281788826,0.23645806312561035,False
train,0.23567409813404083,0.0015873016091063619,0.00352673651650548,0.02542037144303322,0.0730835348367691,0.1430083066225052,-0.18912965059280396,0.23711052536964417,False
train,0.23609085381031036,0.0007936508045531809,0.003538185264915228,0.025494759902358055,0.07435737550258636,0.1433141827583313,-0.1897173374891281,0.23776379227638245,False
train,0.2365076094865799,0.0023809524718672037,0.0035496477503329515,0.025569727644324303,0.07564578205347061,0.14361238479614258,-0.19031071662902832,0.23841704428195953,False
train,0.23692436516284943,0.0007936508045531809,0.0035611302591860294,0.025645297020673752,0.07694877684116364,0.1439032256603241,-0.19090990722179413,0.23907054960727692,False
train,0.23734110593795776,0.0007936508045531809,0.0035726327914744616,0.025721509009599686,0.0782662108540535,0.14418718218803406,-0.1915152668952942,0.23972493410110474,False
train,0.2377578616142273,0.0007936508045531809,0.003584155347198248,0.025798359885811806,0.07959812879562378,0.14446431398391724,-0.19212670624256134,0.24038013815879822,False
train,0.23817461729049683,0.0015873016091063619,0.003595684189349413,0.025875771418213844,0.08094446361064911,0.14473383128643036,-0.1927437037229538,0.24103529751300812,False
train,0.23859137296676636,0.0015873016091063619,0.003607239807024598,0.025953885167837143,0.08230505138635635,0.1449974626302719,-0.19336731731891632,0.24169233441352844,False
train,0.2390081286430359,0.0007936508045531809,0.0036188047379255295,0.02603260427713394,0.08367989957332611,0.14525431394577026,-0.19399678707122803,0.24235008656978607,False
train,0.23942488431930542,0.0007936508045531809,0.0036303980741649866,0.026111910119652748,0.08506885915994644,0.14550410211086273,-0.19463178515434265,0.24300818145275116,False
train,0.23984163999557495,0.0,0.0036419923417270184,0.026191871613264084,0.08647189289331436,0.14574790000915527,-0.19527316093444824,0.24366793036460876,False
train,0.2402583807706833,0.0,0.0036536077968776226,0.026272514835000038,0.08788882941007614,0.14598587155342102,-0.1959209442138672,0.24432946741580963,False
train,0.24067513644695282,0.0,0.003665246069431305,0.02635376900434494,0.089319609105587,0.14621765911579132,-0.19657447934150696,0.24499210715293884,False
train,0.24109189212322235,0.0007936508045531809,0.0036769022699445486,0.02643563412129879,0.09076407551765442,0.14644350111484528,-0.19723378121852875,0.24565598368644714,False
train,0.24150864779949188,0.0,0.0036885589361190796,0.026518220081925392,0.0922221690416336,0.14666438102722168,-0.19789999723434448,0.2463226467370987,False
train,0.2419254034757614,0.0,0.003700244938954711,0.026601390913128853,0.09369373321533203,0.14687928557395935,-0.19857162237167358,0.24699030816555023,False
train,0.24234215915203094,0.0007936508045531809,0.0037119309417903423,0.02668524533510208,0.09517861902713776,0.1470891833305359,-0.1992497742176056,0.24766044318675995,False
train,0.24275891482830048,0.0023809524718672037,0.0037236521020531654,0.026769764721393585,0.09667672216892242,0.1472942978143692,-0.19993391633033752,0.24833279848098755,False
train,0.2431756556034088,0.0015873016091063619,0.0037353639490902424,0.026854896917939186,0.09818781912326813,0.14749419689178467,-0.20062406361103058,0.24900713562965393,False
train,0.24359241127967834,0.0,0.0037471053656190634,0.02694072760641575,0.0997118279337883,0.14768996834754944,-0.20132052898406982,0.24968436360359192,False
train,0.24400916695594788,0.0007936508045531809,0.0037588567938655615,0.027027202770113945,0.10124862194061279,0.14788128435611725,-0.2020229995250702,0.2503640651702881,False
train,0.2444259226322174,0.0015873016091063619,0.0037706270813941956,0.027114372700452805,0.1027979627251625,0.14806877076625824,-0.20273183286190033,0.25104692578315735,False
train,0.24484267830848694,0.0071428571827709675,0.003782417858019471,0.027202170342206955,0.10435973107814789,0.14825208485126495,-0.20344635844230652,0.25173220038414,False
train,0.24525943398475647,0.011904762126505375,0.003794213058426976,0.02729063108563423,0.10593366622924805,0.14843177795410156,-0.20416706800460815,0.25242066383361816,False
train,0.245676189661026,0.0,0.0038060215301811695,0.027379801496863365,0.10751973092556,0.14860855042934418,-0.2048942744731903,0.25311294198036194,False
train,0.24609293043613434,0.0063492064364254475,0.0038178428076207638,0.027469633147120476,0.10911747068166733,0.14878219366073608,-0.2056274712085724,0.2538085877895355,False
train,0.24650968611240387,0.0023809524718672037,0.003829680848866701,0.027560202404856682,0.1107269749045372,0.14895352721214294,-0.20636729896068573,0.2545085847377777,False
train,0.2469264417886734,0.003968254197388887,0.003841542638838291,0.027651410549879074,0.11234790831804276,0.1491221785545349,-0.20711280405521393,0.2552119493484497,False
train,0.24734319746494293,0.010317460633814335,0.0038534081541001797,0.027743356302380562,0.11398009955883026,0.149289071559906,-0.20786499977111816,0.25592008233070374,False
train,0.24775995314121246,0.0063492064364254475,0.0038652862422168255,0.02783593162894249,0.11562328040599823,0.14945358037948608,-0.20862281322479248,0.2566317617893219,False
train,0.248176708817482,0.0063492064364254475,0.003877188079059124,0.027929214760661125,0.11727728694677353,0.14961668848991394,-0.20938682556152344,0.2573480010032654,False
train,0.24859344959259033,0.01746031828224659,0.00388909294269979,0.028023211285471916,0.11894184350967407,0.1497788429260254,-0.21015724539756775,0.25806930661201477,False
train,0.24901020526885986,0.008730159141123295,0.003901021322235465,0.028117945417761803,0.12061677873134613,0.14994050562381744,-0.21093405783176422,0.25879591703414917,False
train,0.2494269609451294,0.0071428571827709675,0.003912958782166243,0.028213325887918472,0.12230177223682404,0.150100976228714,-0.21171654760837555,0.2595268785953522,False
train,0.24984371662139893,0.02619047649204731,0.00392490578815341,0.028309449553489685,0.12399665266275406,0.15026184916496277,-0.2125055193901062,0.26026374101638794,False
train,0.25026047229766846,0.009523809887468815,0.0039368728175759315,0.02840626798570156,0.12570111453533173,0.150422602891922,-0.21330049633979797,0.26100584864616394,False
train,0.250677227973938,0.02857142873108387,0.003948858007788658,0.02850387617945671,0.12741495668888092,0.15058468282222748,-0.21410216391086578,0.2617546319961548,False
train,0.2510939836502075,0.01587301678955555,0.003960848785936832,0.028602128848433495,0.1291378289461136,0.15074700117111206,-0.21490946412086487,0.2625085413455963,False
train,0.25151073932647705,0.014285714365541935,0.003972851205617189,0.028701169416308403,0.13086961209774017,0.15091125667095184,-0.2157234400510788,0.26326945424079895,False
train,0.2519274950027466,0.03730158880352974,0.003984880167990923,0.028800873085856438,0.13260993361473083,0.15107661485671997,-0.21654289960861206,0.2640359401702881,False
train,0.2523442506790161,0.01746031828224659,0.003996904473751783,0.028901349753141403,0.13435854017734528,0.1512444019317627,-0.21736901998519897,0.26480966806411743,False
train,0.25276100635528564,0.04444444552063942,0.004008960444480181,0.029002541676163673,0.1361151486635208,0.1514144241809845,-0.2182009220123291,0.2655898630619049,False
train,0.2531777322292328,0.04682539775967598,0.004021030385047197,0.029104476794600487,0.13787931203842163,0.1515876054763794,-0.2190389633178711,0.2663773000240326,False
train,0.2535944879055023,0.0515873022377491,0.004033101722598076,0.02920719049870968,0.1396511197090149,0.15176428854465485,-0.21988356113433838,0.26717257499694824,False
train,0.25401124358177185,0.02936507947742939,0.004045199602842331,0.0293105635792017,0.1414300501346588,0.15194392204284668,-0.22073334455490112,0.26797419786453247,False
train,0.2544279992580414,0.05079365149140358,0.00405731238424778,0.029414791613817215,0.1432158201932907,0.15212857723236084,-0.22159011662006378,0.2687848210334778,False
train,0.2548447549343109,0.04523809626698494,0.004069440066814423,0.029519757255911827,0.14500819146633148,0.15231777727603912,-0.2224527895450592,0.26960331201553345,False
train,0.25526151061058044,0.05793650820851326,0.0040815770626068115,0.029625488445162773,0.14680680632591248,0.1525118052959442,-0.22332164645195007,0.2704300582408905,False
train,0.25567826628685,0.06507936865091324,0.004093736410140991,0.029731931164860725,0.14861136674880981,0.1527109593153,-0.22419600188732147,0.27126461267471313,False
train,0.2560950219631195,0.03650793805718422,0.0041059101931750774,0.029839221388101578,0.1504216194152832,0.15291668474674225,-0.2250770926475525,0.2721088230609894,False
train,0.25651177763938904,0.04523809626698494,0.00411811051890254,0.029947195202112198,0.1522371619939804,0.1531279981136322,-0.225963294506073,0.2729607820510864,False
train,0.25692853331565857,0.06904762238264084,0.0041303131729364395,0.03005600906908512,0.15405772626399994,0.1533467173576355,-0.22685611248016357,0.2738227844238281,False
train,0.2573452889919281,0.03809523954987526,0.00414253817871213,0.030165592208504677,0.1558830440044403,0.15357255935668945,-0.22775480151176453,0.2746939957141876,False
train,0.25776204466819763,0.06269841641187668,0.004154786001890898,0.030276011675596237,0.15771271288394928,0.15380661189556122,-0.22865977883338928,0.27557533979415894,False
train,0.25817880034446716,0.05079365149140358,0.00416704174131155,0.03038717247545719,0.15954656898975372,0.15404847264289856,-0.22957034409046173,0.27646604180336,False
train,0.2585955262184143,0.07857143133878708,0.00417932216078043,0.030499093234539032,0.16138388216495514,0.15429864823818207,-0.23048637807369232,0.2773662507534027,False
train,0.25901228189468384,0.0595238097012043,0.0041916281916201115,0.030611835420131683,0.16322475671768188,0.15455815196037292,-0.23140843212604523,0.2782770097255707,False
train,0.25942903757095337,0.0357142873108387,0.00420394679531455,0.03072543814778328,0.1650688201189041,0.1548280268907547,-0.2323368489742279,0.27919909358024597,False
train,0.2598457932472229,0.0555555559694767,0.004216284956783056,0.030839817598462105,0.16691558063030243,0.15510766208171844,-0.2332707792520523,0.280131459236145,False
train,0.26026254892349243,0.04126984253525734,0.004228647798299789,0.030955040827393532,0.16876478493213654,0.1553981900215149,-0.23421074450016022,0.28107520937919617,False
train,0.26067930459976196,0.02777777798473835,0.004241032060235739,0.031071053817868233,0.17061612010002136,0.1556997150182724,-0.2351561188697815,0.28202980756759644,False
train,0.2610960602760315,0.02857142873108387,0.004253432620316744,0.031187888234853745,0.17246918380260468,0.15601277351379395,-0.2361072301864624,0.2829957604408264,False
train,0.261512815952301,0.05396825447678566,0.004265863448381424,0.031305599957704544,0.1743236929178238,0.1563386619091034,-0.237064391374588,0.2839741110801697,False
train,0.26192957162857056,0.02857142873108387,0.004278313834220171,0.03142409771680832,0.17617939412593842,0.15667647123336792,-0.23802673816680908,0.28496360778808594,False
train,0.2623463273048401,0.01984127052128315,0.004290788434445858,0.03154340758919716,0.17803581058979034,0.1570272147655487,-0.23899446427822113,0.28596484661102295,False
train,0.2627630829811096,0.02222222276031971,0.004303289111703634,0.03166361153125763,0.17989271879196167,0.1573922038078308,-0.23996815085411072,0.28697913885116577,False
train,0.26317983865737915,0.004761904943734407,0.0043158214539289474,0.031784746795892715,0.18174973130226135,0.1577722579240799,-0.24094796180725098,0.2880069613456726,False
train,0.2635965943336487,0.02619047649204731,0.004328366369009018,0.03190659359097481,0.18360649049282074,0.15816563367843628,-0.24193209409713745,0.2890458405017853,False
train,0.2640133500099182,0.01666666753590107,0.004340949468314648,0.0320294164121151,0.18546274304389954,0.15857550501823425,-0.2429225742816925,0.29009923338890076,False
train,0.26443007588386536,0.003968254197388887,0.00435355631634593,0.03215305507183075,0.18731807172298431,0.15900033712387085,-0.24391798675060272,0.2911650538444519,False
train,0.2648468315601349,0.011904762126505375,0.004366200417280197,0.03227754682302475,0.18917220830917358,0.15944147109985352,-0.24491845071315765,0.2922441363334656,False
train,0.2652635872364044,0.011111111380159855,0.00437885569408536,0.03240299969911575,0.19102485477924347,0.1599002629518509,-0.24592512845993042,0.2933381497859955,False
train,0.26568034291267395,0.009523809887468815,0.004391562193632126,0.03252929076552391,0.19287557899951935,0.16037584841251373,-0.2469363957643509,0.2944452464580536,False
train,0.2660970985889435,0.0031746032182127237,0.004404290579259396,0.03265641629695892,0.1947242170572281,0.16086874902248383,-0.2479524165391922,0.29556581377983093,False
train,0.266513854265213,0.0023809524718672037,0.004417055752128363,0.03278457000851631,0.1965702772140503,0.1613815277814865,-0.24897468090057373,0.2967025339603424,False
train,0.26693060994148254,0.0007936508045531809,0.004429849795997143,0.032913580536842346,0.19841350615024567,0.16191279888153076,-0.25000160932540894,0.2978532612323761,False
train,0.2673473656177521,0.0007936508045531809,0.004442695528268814,0.033043451607227325,0.20025359094142914,0.16246312856674194,-0.2510329484939575,0.29901808500289917,False
train,0.2677641212940216,0.003968254197388887,0.00445556128397584,0.0331742949783802,0.20209020376205444,0.16303366422653198,-0.2520698308944702,0.3001985549926758,False
train,0.26818087697029114,0.004761904943734407,0.004468476865440607,0.033306021243333817,0.2039230614900589,0.1636246144771576,-0.2531111240386963,0.3013938367366791,False
train,0.26859763264656067,0.0007936508045531809,0.004481432493776083,0.03343869745731354,0.20575180649757385,0.16423672437667847,-0.2541573941707611,0.3026048243045807,False
train,0.2690143883228302,0.0015873016091063619,0.004494416527450085,0.03357231244444847,0.20757617056369781,0.16487038135528564,-0.25520849227905273,0.303831547498703,False
train,0.26943114399909973,0.0031746032182127237,0.004507457837462425,0.03370686247944832,0.20939578115940094,0.16552601754665375,-0.2562640309333801,0.30507394671440125,False
train,0.26984789967536926,0.0031746032182127237,0.004520545247942209,0.03384234383702278,0.21121038496494293,0.16620410978794098,-0.2573239505290985,0.30633220076560974,False
train,0.2702646255493164,0.0055555556900799274,0.004533666186034679,0.03397881239652634,0.2130194455385208,0.16690579056739807,-0.2583887577056885,0.30760735273361206,False
train,0.27068138122558594,0.0071428571827709675,0.004546840209513903,0.0341162271797657,0.2148231714963913,0.16763080656528473,-0.25945770740509033,0.3088986873626709,False
train,0.27109813690185547,0.0023809524718672037,0.004560061264783144,0.034254614263772964,0.21662095189094543,0.1683800220489502,-0.26053106784820557,0.3102068305015564,False
train,0.271514892578125,0.0007936508045531809,0.004573342390358448,0.03439399600028992,0.21841253340244293,0.16915403306484222,-0.26160866022109985,0.3115319609642029,False
train,0.27193164825439453,0.0007936508045531809,0.004586660303175449,0.034534383565187454,0.2201976180076599,0.16995322704315186,-0.2626907527446747,0.31287461519241333,False
train,0.27234840393066406,0.0,0.004600053653120995,0.03467570245265961,0.22197599709033966,0.1707773357629776,-0.26377612352371216,0.31423357129096985,False
train,0.2727651596069336,0.0015873016091063619,0.004613486118614674,0.03481806442141533,0.22374723851680756,0.17162834107875824,-0.2648659944534302,0.31561097502708435,False
train,0.2731819152832031,0.0,0.004626988433301449,0.034961406141519547,0.22551126778125763,0.17250552773475647,-0.26595935225486755,0.31700557470321655,False
train,0.27359867095947266,0.0,0.004640546161681414,0.035105787217617035,0.22726771235466003,0.17340977489948273,-0.2670567035675049,0.31841832399368286,False
train,0.2740154266357422,0.0,0.0046541690826416016,0.03525115177035332,0.22901621460914612,0.17434144020080566,-0.2681572735309601,0.31984880566596985,False
train,0.2744321823120117,0.0,0.0046678525395691395,0.03539757430553436,0.23075667023658752,0.17530131340026855,-0.2692616879940033,0.3212980031967163,False
train,0.27484893798828125,0.0,0.004681611433625221,0.03554505854845047,0.23248881101608276,0.17628976702690125,-0.27036961913108826,0.32276588678359985,False
train,0.2752656936645508,0.0,0.00469543132930994,0.03569357097148895,0.2342122346162796,0.1773070991039276,-0.2714807391166687,0.3242523670196533,False
train,0.2756824195384979,0.0,0.0047093345783650875,0.0358431376516819,0.23592689633369446,0.17835339903831482,-0.2725949287414551,0.3257574737071991,False
train,0.27609917521476746,0.0,0.004723311867564917,0.03599374368786812,0.23763243854045868,0.17942915856838226,-0.2737119197845459,0.32728129625320435,False
train,0.276515930891037,0.0007936508045531809,0.004737358074635267,0.03614538535475731,0.23932865262031555,0.1805347502231598,-0.2748315632343292,0.3288239538669586,False
train,0.2769326865673065,0.0,0.004751500673592091,0.03629818558692932,0.24101540446281433,0.18167167901992798,-0.27595454454421997,0.3303869068622589,False
train,0.27734944224357605,0.0007936508045531809,0.004765705205500126,0.0364520326256752,0.24269221723079681,0.18283918499946594,-0.2770799398422241,0.3319690525531769,False
train,0.2777661979198456,0.0,0.004780011251568794,0.036606933921575546,0.2443591207265854,0.18403756618499756,-0.27820727229118347,0.3335702419281006,False
train,0.2781829535961151,0.0,0.004794396925717592,0.036763016134500504,0.24601587653160095,0.18526799976825714,-0.27933773398399353,0.33519217371940613,False
train,0.27859970927238464,0.0,0.004808882251381874,0.03692018613219261,0.24766220152378082,0.18653059005737305,-0.28047001361846924,0.3368339240550995,False
train,0.2790164649486542,0.0,0.004823457915335894,0.03707839548587799,0.2492978721857071,0.18782420456409454,-0.28160360455513,0.3384944796562195,False
train,0.2794332206249237,0.0,0.004838137421756983,0.03723776340484619,0.250922828912735,0.18915072083473206,-0.2827392816543579,0.34017568826675415,False
train,0.27984997630119324,0.0,0.004852918907999992,0.03739835321903229,0.2525367736816406,0.19051094353199005,-0.28387731313705444,0.3418782651424408,False
train,0.28026673197746277,0.0,0.0048678056336939335,0.03755998611450195,0.25413939356803894,0.19190344214439392,-0.28501591086387634,0.3436000645160675,False
train,0.2806834876537323,0.0,0.004882795736193657,0.03772280737757683,0.2557308077812195,0.19332951307296753,-0.2861561179161072,0.345342755317688,False
train,0.28110024333000183,0.0,0.004897899925708771,0.037886809557676315,0.257310688495636,0.19478946924209595,-0.2872975468635559,0.34710633754730225,False
train,0.281516969203949,0.0,0.004913118667900562,0.03805193305015564,0.25887882709503174,0.196282297372818,-0.28843945264816284,0.3488897383213043,False
train,0.2819337248802185,0.0,0.004928463604301214,0.038218215107917786,0.26043516397476196,0.1978093683719635,-0.2895817458629608,0.35069379210472107,False
train,0.28235048055648804,0.0,0.00494393240660429,0.03838571906089783,0.2619795501232147,0.1993706226348877,-0.29072487354278564,0.3525189459323883,False
train,0.28276723623275757,0.0,0.004959522280842066,0.03855443373322487,0.2635117769241333,0.20096629858016968,-0.2918684184551239,0.3543650805950165,False
train,0.2831839919090271,0.0,0.004975248593837023,0.038724299520254135,0.26503172516822815,0.20259596407413483,-0.2930114269256592,0.3562314212322235,False
train,0.28360074758529663,0.0,0.004991115070879459,0.03889540955424309,0.2665392756462097,0.20426014065742493,-0.29415446519851685,0.35811877250671387,False
train,0.28401750326156616,0.0,0.00500712264329195,0.039067719131708145,0.26803430914878845,0.20595881342887878,-0.295296847820282,0.3600267767906189,False
train,0.2844342589378357,0.0,0.00502327224239707,0.03924127295613289,0.26951664686203003,0.2076919674873352,-0.29643866419792175,0.36195555329322815,False
train,0.2848510146141052,0.0,0.005039574112743139,0.03941607102751732,0.27098631858825684,0.20945954322814941,-0.2975795269012451,0.36390504240989685,False
train,0.28526777029037476,0.0,0.0050560347735881805,0.03959212452173233,0.2724430561065674,0.21126186847686768,-0.298719197511673,0.3658753037452698,False
train,0.2856845259666443,0.0,0.005072657950222492,0.039769429713487625,0.2738868296146393,0.21309882402420044,-0.2998572885990143,0.3678661584854126,False
train,0.2861012816429138,0.0,0.005089441314339638,0.03994797542691231,0.2753174602985382,0.21496950089931488,-0.300993412733078,0.369876891374588,False
train,0.28651803731918335,0.0,0.0051064020954072475,0.040127724409103394,0.27673494815826416,0.2168736755847931,-0.30212679505348206,0.37190696597099304,False
train,0.2869347631931305,0.0,0.005123545881360769,0.040308818221092224,0.27813920378685,0.2188122570514679,-0.30325832962989807,0.3739577829837799,False
train,0.2873515188694,0.0,0.005140862427651882,0.04049116373062134,0.27953022718429565,0.2207842469215393,-0.3043869137763977,0.37602803111076355,False
train,0.28776827454566956,0.0,0.00515836663544178,0.040674839168787,0.2809078097343445,0.2227902114391327,-0.3055127263069153,0.3781183958053589,False
train,0.2881850302219391,0.0,0.00517606595531106,0.040859803557395935,0.2822720408439636,0.2248290628194809,-0.3066350519657135,0.3802277743816376,False
train,0.2886017858982086,0.0,0.005193966906517744,0.04104609414935112,0.28362274169921875,0.2269010841846466,-0.30775368213653564,0.3823564052581787,False
train,0.28901854157447815,0.0,0.005212075542658567,0.04123358055949211,0.2849598824977875,0.22900359332561493,-0.30886727571487427,0.38450178503990173,False
train,0.2894352972507477,0.0,0.005230389069765806,0.0414225198328495,0.2862834632396698,0.23113998770713806,-0.30997753143310547,0.38666751980781555,False
train,0.2898520529270172,0.0,0.005248931236565113,0.04161271080374718,0.28759345412254333,0.2333068549633026,-0.3110821843147278,0.3888498544692993,False
train,0.29026880860328674,0.0,0.005267689935863018,0.0418042317032814,0.2888897657394409,0.2355044186115265,-0.31218165159225464,0.39104950428009033,False
train,0.2906855642795563,0.0,0.005286701023578644,0.04199712723493576,0.29017236828804016,0.23773282766342163,-0.31327545642852783,0.39326632022857666,False
train,0.2911023199558258,0.0,0.005305934231728315,0.04219133406877518,0.29144129157066345,0.2399904578924179,-0.31436312198638916,0.39549916982650757,False
train,0.29151907563209534,0.0,0.005325427744537592,0.0423869788646698,0.2926965057849884,0.24227802455425262,-0.31544482707977295,0.39774876832962036,False
train,0.29193583130836487,0.0,0.005345173180103302,0.0425838865339756,0.2939380407333374,0.2445928156375885,-0.31651878356933594,0.40001222491264343,False
train,0.2923525869846344,0.0,0.005365177523344755,0.04278215393424034,0.29516586661338806,0.24693478643894196,-0.3175853490829468,0.402290016412735,False
train,0.29276931285858154,0.0,0.0053854589350521564,0.0429818294942379,0.29637986421585083,0.24930405616760254,-0.318644255399704,0.40458208322525024,False
train,0.2931860685348511,0.0,0.005406015086919069,0.04318290203809738,0.2975803315639496,0.251698762178421,-0.31969499588012695,0.40688714385032654,False
train,0.2936028242111206,0.0,0.005426866002380848,0.043385278433561325,0.2987670302391052,0.2541176676750183,-0.3207360506057739,0.4092033803462982,False
train,0.29401957988739014,0.0,0.0054480042308568954,0.0435890294611454,0.2999400794506073,0.25655993819236755,-0.32176774740219116,0.41153064370155334,False
train,0.29443633556365967,0.0,0.005469458643347025,0.0437941700220108,0.3010995090007782,0.25902482867240906,-0.32278937101364136,0.41386815905570984,False
train,0.2948530912399292,0.0,0.0054912269115448,0.044000737369060516,0.3022453784942627,0.26151150465011597,-0.32380080223083496,0.41621536016464233,False
train,0.29526984691619873,0.0,0.00551331602036953,0.04420864209532738,0.3033776879310608,0.26401785016059875,-0.3248005509376526,0.41856998205184937,False
train,0.29568660259246826,0.0,0.0055357241071760654,0.044418010860681534,0.3044964373111725,0.26654383540153503,-0.32578951120376587,0.420932799577713,False
train,0.2961033582687378,0.0,0.005558487959206104,0.044628653675317764,0.3056018054485321,0.26908573508262634,-0.32676491141319275,0.4232994616031647,False
train,0.2965201139450073,0.0,0.005581607576459646,0.04484075307846069,0.3066938817501068,0.2716442048549652,-0.3277278542518616,0.42567136883735657,False
train,0.29693686962127686,0.0,0.005605097860097885,0.04505427926778793,0.3077723979949951,0.2742181122303009,-0.32867732644081116,0.42804715037345886,False
train,0.2973536252975464,0.0,0.005628935992717743,0.045269113034009933,0.3088378608226776,0.2768034338951111,-0.3296120762825012,0.4304233491420746,False
train,0.2977703809738159,0.0,0.005653169937431812,0.04548541083931923,0.3098900616168976,0.27940118312835693,-0.3305323123931885,0.43280091881752014,False
train,0.29818713665008545,0.0,0.005677816458046436,0.045703012496232986,0.3109290599822998,0.28200745582580566,-0.331435889005661,0.4351757764816284,False
train,0.2986038625240326,0.0,0.0057028490118682384,0.045921970158815384,0.3119550049304962,0.2846212089061737,-0.3323230743408203,0.4375475347042084,False
train,0.2990206182003021,0.0015873016091063619,0.005728310439735651,0.04614232853055,0.31296807527542114,0.2872411906719208,-0.33319294452667236,0.4399148225784302,False
train,0.29943737387657166,0.0031746032182127237,0.005754208192229271,0.04636414349079132,0.3139682710170746,0.28986620903015137,-0.33404541015625,0.4422767758369446,False
train,0.2998541295528412,0.0015873016091063619,0.005780541338026524,0.0465872548520565,0.3149557411670685,0.29249241948127747,-0.3348785638809204,0.44462957978248596,False
train,0.3002708852291107,0.0071428571827709675,0.005807331297546625,0.04681171104311943,0.3159306049346924,0.29511842131614685,-0.3356916606426239,0.4469717741012573,False
train,0.30068764090538025,0.0,0.0058345976285636425,0.04703757166862488,0.3168928623199463,0.297743022441864,-0.3364846110343933,0.4493025541305542,False
train,0.3011043965816498,0.0,0.00586234824731946,0.047264765948057175,0.317842572927475,0.3003633916378021,-0.33725589513778687,0.4516189694404602,False
train,0.3015211522579193,0.0,0.0058905803598463535,0.04749330133199692,0.3187800943851471,0.3029770255088806,-0.33800509572029114,0.45391908288002014,False
train,0.30193790793418884,0.0,0.0059193335473537445,0.047723185271024704,0.3197052478790283,0.30558228492736816,-0.33873093128204346,0.45620080828666687,False
train,0.3023546636104584,0.0,0.0059486087411642075,0.04795432463288307,0.32061854004859924,0.30817556381225586,-0.3394320011138916,0.4584607779979706,False
train,0.3027714192867279,0.0,0.00597842363640666,0.04818681627511978,0.32151976227760315,0.3107559084892273,-0.3401082456111908,0.4606982171535492,False
train,0.30318817496299744,0.0,0.006008789874613285,0.04842064157128334,0.32240918278694153,0.3133208751678467,-0.3407585024833679,0.4629107117652893,False
train,0.30360493063926697,0.0,0.006039711646735668,0.048655733466148376,0.32328686118125916,0.31586727499961853,-0.3413814902305603,0.4650951027870178,False
train,0.3040216565132141,0.0,0.006071234121918678,0.04889203980565071,0.32415294647216797,0.3183920979499817,-0.34197551012039185,0.4672481119632721,False
train,0.30443841218948364,0.0,0.006103358697146177,0.0491296723484993,0.32500767707824707,0.3208945095539093,-0.3425404727458954,0.46936899423599243,False
train,0.3048551678657532,0.0,0.006136092822998762,0.04936853423714638,0.3258511424064636,0.32337039709091187,-0.3430750072002411,0.471453994512558,False
train,0.3052719235420227,0.0,0.006169477477669716,0.04960862547159195,0.3266834616661072,0.3258180618286133,-0.34357744455337524,0.47350066900253296,False
train,0.30568867921829224,0.0,0.006203496363013983,0.04984987527132034,0.3275049328804016,0.3282335102558136,-0.34404686093330383,0.4755055010318756,False
train,0.30610543489456177,0.0,0.006238192319869995,0.050092313438653946,0.32831546664237976,0.33061540126800537,-0.34448206424713135,0.4774667024612427,False
train,0.3065221905708313,0.0,0.006273576524108648,0.05033599212765694,0.3291153907775879,0.3329613208770752,-0.3448825776576996,0.47938212752342224,False
train,0.30693894624710083,0.0,0.006309658754616976,0.0505807064473629,0.3299048840999603,0.3352665603160858,-0.3452455699443817,0.4812464714050293,False
train,0.30735570192337036,0.0,0.006346475798636675,0.05082665756344795,0.33068403601646423,0.33753132820129395,-0.3455713391304016,0.48305997252464294,False
train,0.3077724575996399,0.0,0.006384037900716066,0.05107366666197777,0.3314529061317444,0.3397510051727295,-0.3458575904369354,0.4848177134990692,False
train,0.3081892132759094,0.0,0.0064223650842905045,0.05132175236940384,0.332211971282959,0.3419230878353119,-0.3461030423641205,0.48651692271232605,False
train,0.30860596895217896,0.0,0.006461455952376127,0.05157091096043587,0.33296114206314087,0.34404581785202026,-0.34630709886550903,0.4881558418273926,False
train,0.3090227246284485,0.0,0.006501386407762766,0.051821038126945496,0.3337007761001587,0.34611523151397705,-0.34646666049957275,0.4897294342517853,False
train,0.309439480304718,0.0,0.006542115937918425,0.0520721897482872,0.33443087339401245,0.34813010692596436,-0.34658199548721313,0.4912368655204773,False
train,0.30985620617866516,0.0,0.006583700887858868,0.0523243173956871,0.335151731967926,0.35008764266967773,-0.34665101766586304,0.4926746189594269,False
train,0.3102729618549347,0.0,0.0066261570900678635,0.05257734656333923,0.33586350083351135,0.35198450088500977,-0.3466717004776001,0.49403882026672363,False
train,0.3106897175312042,0.0,0.006669510621577501,0.05283135548233986,0.3365664482116699,0.3538200259208679,-0.3466433882713318,0.495328426361084,False
train,0.31110647320747375,0.0,0.006713772192597389,0.053086210042238235,0.33726054430007935,0.35559067130088806,-0.3465639650821686,0.49653932452201843,False
train,0.3115232288837433,0.0,0.006758975330740213,0.053341954946517944,0.3379462659358978,0.3572952151298523,-0.34643232822418213,0.4976698160171509,False
train,0.3119399845600128,0.0,0.006805163808166981,0.05359848961234093,0.3386234939098358,0.358930766582489,-0.3462458550930023,0.4987158477306366,False
train,0.31235674023628235,0.0,0.0068523213267326355,0.0538557693362236,0.3392927944660187,0.3604949414730072,-0.34600353240966797,0.4996749460697174,False
train,0.3127734959125519,0.0,0.006900496780872345,0.05411383882164955,0.33995407819747925,0.36198723316192627,-0.34570398926734924,0.5005457401275635,False
train,0.3131902515888214,0.0,0.006949729286134243,0.054372649639844894,0.3406077027320862,0.36340567469596863,-0.3453449606895447,0.5013250708580017,False
train,0.31360700726509094,0.0,0.007000030484050512,0.05463213101029396,0.34125369787216187,0.36474835872650146,-0.3449248671531677,0.5020104646682739,False
train,0.3140237629413605,0.0,0.007051411084830761,0.05489226058125496,0.34189239144325256,0.36601442098617554,-0.3444421589374542,0.5026001930236816,False
train,0.31444051861763,0.0,0.007103926967829466,0.055152975022792816,0.3425239622592926,0.36720171570777893,-0.3438945412635803,0.503091037273407,False
train,0.31485727429389954,0.0,0.007157581392675638,0.055414289236068726,0.3431486487388611,0.3683103322982788,-0.3432810306549072,0.5034822821617126,False
train,0.31527402997016907,0.0,0.007212406489998102,0.05567612126469612,0.34376657009124756,0.3693389892578125,-0.3425992429256439,0.5037713050842285,False
train,0.3156907558441162,0.0,0.007268465124070644,0.05593845248222351,0.3443780541419983,0.37028688192367554,-0.3418467044830322,0.5039559006690979,False
train,0.31610751152038574,0.0,0.00732575124129653,0.05620130896568298,0.34498316049575806,0.37115493416786194,-0.34102287888526917,0.5040363073348999,False
train,0.3165242671966553,0.0,0.007384315598756075,0.05646456032991409,0.34558218717575073,0.37194177508354187,-0.3401244580745697,0.5040092468261719,False
train,0.3169410228729248,0.0,0.007444166112691164,0.056728146970272064,0.3461753726005554,0.3726470470428467,-0.33914998173713684,0.5038735270500183,False
train,0.31735777854919434,0.0,0.007505366578698158,0.05699210613965988,0.34676307439804077,0.3732723593711853,-0.3380972743034363,0.5036288499832153,False
train,0.31777453422546387,0.0,0.0075679379515349865,0.05725650116801262,0.3473450839519501,0.3738192617893219,-0.3369654417037964,0.5032758116722107,False
train,0.3181912899017334,0.0,0.00763188861310482,0.057521045207977295,0.3479219675064087,0.3742859661579132,-0.3357508182525635,0.5028106570243835,False
train,0.31860804557800293,0.0,0.0076972912065684795,0.05778589844703674,0.34849369525909424,0.3746761977672577,-0.33445242047309875,0.5022357106208801,False
train,0.31902480125427246,0.0,0.007764159701764584,0.058051012456417084,0.34906092286109924,0.3749905228614807,-0.33306795358657837,0.5015497803688049,False
train,0.319441556930542,0.0,0.007832521572709084,0.05831628292798996,0.3496232032775879,0.37523114681243896,-0.33159536123275757,0.5007533431053162,False
train,0.3198583126068115,0.0,0.007902421057224274,0.05858156830072403,0.3501814603805542,0.3753978908061981,-0.33003121614456177,0.49984416365623474,False
train,0.32027506828308105,0.0,0.007973930798470974,0.058847133070230484,0.35073521733283997,0.3754969835281372,-0.3283746838569641,0.4988265633583069,False
train,0.3206918239593506,0.0,0.00804702565073967,0.059112709015607834,0.3512853980064392,0.37552857398986816,-0.32662340998649597,0.4976992607116699,False
train,0.32110854983329773,0.0,0.008121796883642673,0.05937835946679115,0.3518315255641937,0.37549686431884766,-0.3247745633125305,0.4964638948440552,False
train,0.32152530550956726,0.0,0.008198249153792858,0.05964411050081253,0.35237425565719604,0.37540537118911743,-0.32282689213752747,0.49512261152267456,False
train,0.3219420611858368,0.0,0.008276456966996193,0.05990983173251152,0.3529137372970581,0.3752571642398834,-0.32077670097351074,0.4936756193637848,False
train,0.3223588168621063,0.0,0.008356422185897827,0.06017552688717842,0.35345032811164856,0.3750559687614441,-0.3186224699020386,0.4921252429485321,False
train,0.32277557253837585,0.0,0.008438202552497387,0.06044118478894234,0.3539837598800659,0.37480682134628296,-0.3163619041442871,0.49047428369522095,False
train,0.3231923282146454,0.0,0.008521837182343006,0.060706790536642075,0.3545147478580475,0.37451452016830444,-0.3139927387237549,0.4887254536151886,False
train,0.3236090838909149,0.0,0.008607394061982632,0.06097228452563286,0.3550432622432709,0.3741830587387085,-0.3115110397338867,0.48687994480133057,False
train,0.32402583956718445,0.0,0.008694893680512905,0.06123768910765648,0.3555697202682495,0.37381815910339355,-0.30891555547714233,0.48494210839271545,False
train,0.324442595243454,0.0,0.008784379810094833,0.06150303781032562,0.3560938239097595,0.37342649698257446,-0.3062043786048889,0.48291662335395813,False
train,0.3248593509197235,0.0,0.008875923231244087,0.06176820769906044,0.35661664605140686,0.37301185727119446,-0.30337294936180115,0.48080453276634216,False
train,0.32527610659599304,0.0,0.008969541639089584,0.0620332770049572,0.35713765025138855,0.3725818395614624,-0.3004205822944641,0.4786123037338257,False
train,0.3256928622722626,0.0,0.009065278805792332,0.06229822710156441,0.3576575219631195,0.37214213609695435,-0.29734426736831665,0.4763437509536743,False
train,0.3261096179485321,0.0,0.009163251146674156,0.06256304681301117,0.35817599296569824,0.37169986963272095,-0.2941395342350006,0.47400301694869995,False
train,0.32652637362480164,0.0,0.009263414889574051,0.0628277137875557,0.35869383811950684,0.37126120924949646,-0.29080650210380554,0.4715965688228607,False
train,0.3269430994987488,0.0,0.00936590414494276,0.06309226900339127,0.3592109680175781,0.37083348631858826,-0.28734010457992554,0.4691287875175476,False
train,0.3273598551750183,0.0,0.009470700286328793,0.06335665285587311,0.3597277104854584,0.3704231083393097,-0.28373879194259644,0.4666058123111725,False
train,0.32777661085128784,0.0,0.009577936492860317,0.06362094730138779,0.36024409532546997,0.3700380027294159,-0.2799984812736511,0.46403369307518005,False
train,0.3281933665275574,0.0,0.009687584824860096,0.06388511508703232,0.36076056957244873,0.3696850538253784,-0.27611783146858215,0.46141964197158813,False
train,0.3286101222038269,0.0,0.009799751453101635,0.06414923816919327,0.3612770736217499,0.36937254667282104,-0.2720935046672821,0.45877110958099365,False
train,0.32902687788009644,0.0,0.009914509020745754,0.06441330909729004,0.361794114112854,0.36910736560821533,-0.2679215669631958,0.45609450340270996,False
train,0.32944363355636597,0.0,0.01003185473382473,0.06467720866203308,0.36231154203414917,0.36889636516571045,-0.2636004090309143,0.4533979594707489,False
train,0.3298603892326355,0.0,0.010151907801628113,0.0649411603808403,0.3628300428390503,0.3687482178211212,-0.2591260075569153,0.45069006085395813,False
train,0.33027714490890503,0.0,0.010274695232510567,0.0652051493525505,0.36334940791130066,0.3686705231666565,-0.25449734926223755,0.4479808807373047,False
train,0.33069390058517456,0.0,0.010400323197245598,0.0654691606760025,0.36387020349502563,0.3686695098876953,-0.24970871210098267,0.44527703523635864,False
train,0.3311106562614441,0.0,0.010528766550123692,0.06573320180177689,0.3643922209739685,0.36875271797180176,-0.24476051330566406,0.4425904154777527,False
train,0.3315274119377136,0.0,0.010660208761692047,0.06599737703800201,0.3649161756038666,0.3689269721508026,-0.23964601755142212,0.4399287700653076,False
train,0.33194416761398315,0.0,0.010794587433338165,0.0662616640329361,0.36544176936149597,0.36919906735420227,-0.2343670129776001,0.437305212020874,False
train,0.3323609232902527,0.0,0.010932072065770626,0.0665261298418045,0.36596959829330444,0.3695753514766693,-0.22891703248023987,0.43472859263420105,False
train,0.33277764916419983,0.0,0.011072720400989056,0.06679083406925201,0.36649951338768005,0.3700622320175171,-0.2232939600944519,0.43221089243888855,False
train,0.33319440484046936,0.0,0.011216551065444946,0.0670558512210846,0.36703214049339294,0.3706654906272888,-0.21749722957611084,0.429764986038208,False
train,0.3336111605167389,0.0,0.011363668367266655,0.06732116639614105,0.36756736040115356,0.3713896870613098,-0.21152284741401672,0.42740169167518616,False
train,0.3340279161930084,0.0007936508045531809,0.011514144018292427,0.06758685410022736,0.3681054413318634,0.3722396492958069,-0.2053685188293457,0.425133615732193,False
train,0.33444467186927795,0.0,0.011668049730360508,0.06785296648740768,0.3686467409133911,0.37321990728378296,-0.1990322768688202,0.4229739308357239,False
train,0.3348614275455475,0.0,0.011825431138277054,0.06811968237161636,0.36919137835502625,0.374334454536438,-0.19251424074172974,0.42093709111213684,False
train,0.335278183221817,0.0,0.011986409313976765,0.06838680803775787,0.36973920464515686,0.3755844831466675,-0.18580913543701172,0.41903311014175415,False
train,0.33569493889808655,0.0,0.012151064351201057,0.06865470856428146,0.37029093503952026,0.3769740164279938,-0.17891716957092285,0.4172777831554413,False
train,0.3361116945743561,0.0,0.012319419533014297,0.0689232125878334,0.37084656953811646,0.37850257754325867,-0.1718376874923706,0.4156830310821533,False
train,0.3365284502506256,0.0,0.012491580098867416,0.06919236481189728,0.3714061975479126,0.3801698684692383,-0.16456857323646545,0.41426071524620056,False
train,0.33694520592689514,0.0,0.012667649425566196,0.06946232169866562,0.37197017669677734,0.3819763660430908,-0.15710821747779846,0.4130241274833679,False
train,0.3373619616031647,0.0,0.012847669422626495,0.06973320990800858,0.37253856658935547,0.38392141461372375,-0.14945822954177856,0.41198715567588806,False
train,0.3377787172794342,0.0,0.013031723909080029,0.07000496238470078,0.3731116056442261,0.38600045442581177,-0.14161819219589233,0.4111594259738922,False
train,0.33819544315338135,0.0,0.013219914399087429,0.07027760148048401,0.3736894726753235,0.3882090449333191,-0.13358578085899353,0.41055014729499817,False
train,0.3386121988296509,0.0,0.01341225951910019,0.07055138796567917,0.37427228689193726,0.3905446529388428,-0.12536603212356567,0.41017284989356995,False
train,0.3390289545059204,0.0,0.013608911074697971,0.07082619518041611,0.3748605251312256,0.3929988443851471,-0.11695468425750732,0.4100323021411896,False
train,0.33944571018218994,0.0,0.013809909112751484,0.07110211998224258,0.3754538893699646,0.39556431770324707,-0.10835552215576172,0.4101366400718689,False
train,0.3398624658584595,0.0,0.01401538960635662,0.07137919217348099,0.376053124666214,0.39823228120803833,-0.0995665192604065,0.410490483045578,False
train,0.340279221534729,0.0,0.014225292950868607,0.07165741920471191,0.3766579329967499,0.4009917974472046,-0.09059470891952515,0.41109830141067505,False
train,0.34069597721099854,0.0,0.014439868740737438,0.07193700224161148,0.37726885080337524,0.40383288264274597,-0.08143645524978638,0.41196224093437195,False
train,0.34111273288726807,0.0,0.014659073203802109,0.07221775501966476,0.3778856098651886,0.40674054622650146,-0.07209610939025879,0.41308078169822693,False
train,0.3415294885635376,0.0,0.014883018098771572,0.0724998190999031,0.3785087466239929,0.40970152616500854,-0.06257563829421997,0.4144527018070221,False
train,0.34194624423980713,0.0,0.015111802145838737,0.07278331369161606,0.37913841009140015,0.41270071268081665,-0.05287659168243408,0.41607430577278137,False
train,0.34236299991607666,0.0,0.01534544862806797,0.0730680525302887,0.3797747790813446,0.4157191812992096,-0.04300117492675781,0.4179372191429138,False
train,0.3427797555923462,0.0,0.015584051609039307,0.07335416972637177,0.3804178535938263,0.41873976588249207,-0.03295236825942993,0.42003434896469116,False
train,0.3431965112686157,0.0,0.015827711671590805,0.07364162057638168,0.38106802105903625,0.4217429757118225,-0.02272975444793701,0.422355055809021,False
train,0.34361326694488525,0.0,0.01607649028301239,0.073930524289608,0.3817250728607178,0.42470914125442505,-0.0123366117477417,0.4248882830142975,False
train,0.3440299928188324,0.0,0.016330359503626823,0.07422053813934326,0.38238978385925293,0.42761296033859253,-0.0017763972282409668,0.4276166558265686,False
train,0.34444674849510193,0.0,0.016589561477303505,0.07451193034648895,0.3830616772174835,0.43043529987335205,0.00895601511001587,0.430528461933136,False
train,0.34486350417137146,0.0,0.016854029148817062,0.07480449229478836,0.38374143838882446,0.43315088748931885,0.019854962825775146,0.43360570073127747,False
train,0.345280259847641,0.0,0.01712389476597309,0.07509846240282059,0.38442882895469666,0.43573927879333496,0.030920565128326416,0.43683499097824097,False
train,0.3456970155239105,0.0,0.017399217933416367,0.07539340853691101,0.3851243853569031,0.43817126750946045,0.042157113552093506,0.44019457697868347,False
train,0.34611377120018005,0.0,0.017680073156952858,0.07568952441215515,0.3858276903629303,0.44042593240737915,0.05356264114379883,0.44367098808288574,False
train,0.3465305268764496,0.0,0.01796650141477585,0.07598655670881271,0.3865395486354828,0.44247686862945557,0.06513893604278564,0.44724586606025696,False
train,0.3469472825527191,0.0,0.018258605152368546,0.07628457993268967,0.38725972175598145,0.44430118799209595,0.0768890380859375,0.4509051740169525,False
train,0.34736403822898865,0.0,0.018556421622633934,0.07658342272043228,0.38798853754997253,0.4458746314048767,0.0888139009475708,0.45463404059410095,False
train,0.3477807939052582,0.0,0.01886002905666828,0.07688301801681519,0.3887260854244232,0.44717466831207275,0.1009168028831482,0.4584205150604248,False
train,0.3481975495815277,0.0,0.01916959136724472,0.07718318700790405,0.38947242498397827,0.4481799006462097,0.11320412158966064,0.4622557759284973,False
train,0.34861430525779724,0.0,0.01948498748242855,0.07748369872570038,0.39022770524024963,0.44886860251426697,0.12567138671875,0.4661290943622589,False
train,0.3490310609340668,0.0,0.019806474447250366,0.07778473943471909,0.39099231362342834,0.44922488927841187,0.13832616806030273,0.4700394868850708,False
train,0.3494477868080139,0.0,0.0201339703053236,0.07808589935302734,0.39176586270332336,0.44923222064971924,0.1511637568473816,0.47398319840431213,False
train,0.34986454248428345,0.0,0.020467685535550117,0.0783870667219162,0.39254921674728394,0.448874831199646,0.1641896367073059,0.47796115279197693,False
train,0.350281298160553,0.0,0.020807651802897453,0.07868829369544983,0.39334195852279663,0.44814541935920715,0.17739760875701904,0.48197948932647705,False
train,0.3506980538368225,0.0,0.021153872832655907,0.07898922264575958,0.3941445052623749,0.44703444838523865,0.19078004360198975,0.48604199290275574,False
train,0.35111480951309204,0.0,0.021506479009985924,0.0792897418141365,0.39495667815208435,0.445538192987442,0.20433050394058228,0.4901583790779114,False
train,0.3515315651893616,0.0,0.021865470334887505,0.07958966493606567,0.3957791030406952,0.4436565041542053,0.21803182363510132,0.49433690309524536,False
train,0.3519483208656311,0.0,0.022230954840779305,0.07988888770341873,0.3966113030910492,0.4413938522338867,0.231866717338562,0.4985887110233307,False
train,0.35236507654190063,0.0,0.022602973505854607,0.08018729090690613,0.39745405316352844,0.4387592077255249,0.24580836296081543,0.5029228329658508,False
train,0.35278183221817017,0.0007936508045531809,0.02298152446746826,0.08048468083143234,0.39830678701400757,0.43576619029045105,0.2598224878311157,0.5073459148406982,False
train,0.3531985878944397,0.0031746032182127237,0.023366570472717285,0.08078093826770782,0.3991702198982239,0.4324321150779724,0.2738639712333679,0.5118584036827087,False
train,0.35361534357070923,0.0007936508045531809,0.02375815249979496,0.08107582479715347,0.4000440537929535,0.4287799298763275,0.28788429498672485,0.5164586901664734,False
train,0.35403209924697876,0.0007936508045531809,0.02415633015334606,0.08136941492557526,0.40092870593070984,0.42483749985694885,0.30182385444641113,0.5211377143859863,False
train,0.3544488549232483,0.004761904943734407,0.02456088177859783,0.08166150003671646,0.40182405710220337,0.4206378757953644,0.3156031370162964,0.5258721709251404,False
train,0.3548656105995178,0.0,0.02497182972729206,0.08195189386606216,0.40273040533065796,0.41621676087379456,0.32914286851882935,0.5306330323219299,False
train,0.35528233647346497,0.0,0.02538890391588211,0.08224055916070938,0.40364763140678406,0.4116175174713135,0.3423399329185486,0.5353742837905884,False
train,0.3556990921497345,0.0007936508045531809,0.02581208571791649,0.08252761512994766,0.40457603335380554,0.4068850874900818,0.3550899028778076,0.5400410294532776,False
train,0.35611584782600403,0.0,0.02624109573662281,0.0828128233551979,0.4055155813694,0.40206730365753174,0.3672720193862915,0.5445612072944641,False
train,0.35653260350227356,0.007936508394777775,0.026675673201680183,0.08309629559516907,0.40646660327911377,0.3972172141075134,0.37875187397003174,0.5488483309745789,False
train,0.3569493591785431,0.0,0.02711535431444645,0.08337786793708801,0.4074289798736572,0.3923872411251068,0.38938426971435547,0.5527999997138977,False
train,0.3573661148548126,0.0007936508045531809,0.027559919282794,0.08365768194198608,0.40840283036231995,0.38763242959976196,0.39902305603027344,0.5563077330589294,False
train,0.35778287053108215,0.0015873016091063619,0.02800879254937172,0.08393573015928268,0.4093882441520691,0.38300955295562744,0.40750718116760254,0.5592480897903442,False
train,0.3581996262073517,0.0,0.028461545705795288,0.08421214669942856,0.41038551926612854,0.3785724937915802,0.41467589139938354,0.5614919662475586,False
train,0.3586163818836212,0.0,0.028917506337165833,0.08448711037635803,0.411394327878952,0.3743765652179718,0.4203622341156006,0.5629051923751831,False
train,0.35903313755989075,0.0,0.029375983402132988,0.08476056158542633,0.41241514682769775,0.3704703152179718,0.4244025945663452,0.5633522868156433,False
train,0.3594498932361603,0.0,0.029836324974894524,0.0850326344370842,0.41344788670539856,0.36690229177474976,0.4266420006752014,0.56270831823349,False
train,0.3598666489124298,0.0007936508045531809,0.0302977804094553,0.08530379086732864,0.4144926071166992,0.363717257976532,0.42692792415618896,0.560854434967041,False
train,0.36028340458869934,0.0,0.0307594146579504,0.08557386696338654,0.41554954648017883,0.36095064878463745,0.42512261867523193,0.5576868057250977,False
train,0.36070016026496887,0.0,0.03122030943632126,0.0858430564403534,0.4166184961795807,0.35863590240478516,0.421103298664093,0.5531254410743713,False
train,0.361116886138916,0.0,0.031679581850767136,0.0861116498708725,0.4176996946334839,0.3567984104156494,0.41476738452911377,0.5471170544624329,False
train,0.36153364181518555,0.0,0.032136302441358566,0.08637992292642593,0.418793261051178,0.35545817017555237,0.4060294032096863,0.5396391153335571,False
train,0.3619503974914551,0.0,0.032589323818683624,0.08664804697036743,0.4198991060256958,0.35462716221809387,0.394830584526062,0.5307086110115051,False
train,0.3623671531677246,0.0,0.033037684857845306,0.0869162455201149,0.42101752758026123,0.35431012511253357,0.38113880157470703,0.520386815071106,False
train,0.36278390884399414,0.0,0.033480431884527206,0.0871846154332161,0.42214810848236084,0.3545035719871521,0.36495447158813477,0.5087873339653015,False
train,0.36320066452026367,0.0,0.03391630947589874,0.08745356649160385,0.4232916533946991,0.3552005887031555,0.3462914824485779,0.4960698187351227,False
train,0.3636174201965332,0.0,0.03434455394744873,0.08772323280572891,0.4244474172592163,0.3563857078552246,0.325206995010376,0.4824628233909607,False
train,0.36403417587280273,0.0,0.034764040261507034,0.08799374848604202,0.4256158471107483,0.35803788900375366,0.30177998542785645,0.4682545065879822,False
train,0.36445093154907227,0.0,0.035173896700143814,0.08826541900634766,0.42679697275161743,0.36013150215148926,0.27611351013183594,0.4537988007068634,False
train,0.3648676872253418,0.0,0.03557321056723595,0.0885382816195488,0.4279908537864685,0.3626359701156616,0.2483358383178711,0.43951740860939026,False
train,0.36528444290161133,0.0023809524718672037,0.0359610877931118,0.08881261199712753,0.42919740080833435,0.365517258644104,0.21859759092330933,0.42589643597602844,False
train,0.36570119857788086,0.0007936508045531809,0.03633683919906616,0.08908863365650177,0.43041667342185974,0.3687411844730377,0.187061607837677,0.4134756326675415,False
train,0.3661179542541504,0.0,0.03669968992471695,0.08936633914709091,0.43164899945259094,0.3722675144672394,0.15390902757644653,0.4028288722038269,False
train,0.36653468012809753,0.0,0.037049148231744766,0.08964603394269943,0.4328937232494354,0.3760592043399811,0.11933887004852295,0.39454060792922974,False
train,0.36695143580436707,0.0,0.03738462179899216,0.08992748707532883,0.4341515004634857,0.3800739347934723,0.0835457444190979,0.38914790749549866,False
train,0.3673681914806366,0.0,0.03770558163523674,0.09021099656820297,0.4354223310947418,0.38427358865737915,0.046734631061553955,0.3871050477027893,False
train,0.36778494715690613,0.0007936508045531809,0.038011807948350906,0.09049685299396515,0.43670573830604553,0.3886236548423767,0.009101688861846924,0.3887302279472351,False
train,0.36820170283317566,0.0023809524718672037,0.038302913308143616,0.09078475832939148,0.4380021393299103,0.39308273792266846,-0.029139935970306396,0.3941613733768463,False
train,0.3686184585094452,0.06507936865091324,0.03857886791229248,0.09107498079538345,0.43931126594543457,0.39762014150619507,-0.0678020715713501,0.4033595323562622,False
train,0.3690352141857147,0.40317460894584656,0.03883941099047661,0.0913674384355545,0.4406336843967438,0.4022008180618286,-0.10669267177581787,0.416111558675766,False
train,0.36945196986198425,0.5563492178916931,0.039084505289793015,0.09166216850280762,0.44196847081184387,0.406796395778656,-0.14563685655593872,0.43208032846450806,False
train,0.3698687255382538,0.5579364895820618,0.03931432589888573,0.09195919334888458,0.44331642985343933,0.41137927770614624,-0.18446898460388184,0.45084553956985474,False
train,0.3702854812145233,0.46269840002059937,0.03952881693840027,0.09225847572088242,0.4446771740913391,0.4159244894981384,-0.22303059697151184,0.4719489514827728,False
train,0.37070223689079285,0.5563492178916931,0.039728205651044846,0.0925600603222847,0.4460507929325104,0.4204120635986328,-0.2611886262893677,0.4949401915073395,False
train,0.3711189925670624,0.4436507821083069,0.03991268575191498,0.09286388754844666,0.4474371373653412,0.4248221814632416,-0.2988140881061554,0.5193878412246704,False
train,0.3715357482433319,0.08015873283147812,0.04008268937468529,0.09316983073949814,0.44883644580841064,0.4291379451751709,-0.3357897996902466,0.5448983311653137,False
train,0.37195250391960144,0.0674603208899498,0.04023830592632294,0.09347791969776154,0.4502483308315277,0.4333468973636627,-0.37202781438827515,0.5711341500282288,False
train,0.3723692297935486,0.12619048357009888,0.04037996381521225,0.09378817677497864,0.45167315006256104,0.437437504529953,-0.4074339270591736,0.5977908968925476,False
train,0.3727859854698181,0.28015872836112976,0.04050813615322113,0.09410066157579422,0.4531105160713196,0.441403329372406,-0.4419475197792053,0.6246234774589539,False
train,0.37320274114608765,0.48968252539634705,0.040623072534799576,0.09441494196653366,0.4545605778694153,0.4452333152294159,-0.4755038619041443,0.651411235332489,False
train,0.3736194968223572,0.49841269850730896,0.040725260972976685,0.09473124146461487,0.45602309703826904,0.44892531633377075,-0.508057177066803,0.6779793500900269,False
train,0.3740362524986267,0.45079365372657776,0.04081527888774872,0.0950496718287468,0.4574984014034271,0.4524773359298706,-0.5395718812942505,0.7041829228401184,False
train,0.37445300817489624,0.3849206268787384,0.04089343547821045,0.09536976367235184,0.4589860439300537,0.4558846056461334,-0.5700196027755737,0.7298994064331055,False
train,0.37486976385116577,0.0396825410425663,0.04096022620797157,0.0956917330622673,0.46048617362976074,0.4591493010520935,-0.5993858575820923,0.7550374269485474,False
train,0.3752865195274353,0.0023809524718672037,0.04101613536477089,0.09601546823978424,0.4619986116886139,0.46227115392684937,-0.6276556253433228,0.7795166373252869,False
train,0.37570327520370483,0.003968254197388887,0.0410616435110569,0.09634094685316086,0.46352341771125793,0.4652528166770935,-0.6548284292221069,0.8032810688018799,False
train,0.37612003087997437,0.003968254197388887,0.04109720140695572,0.09666791558265686,0.46506044268608093,0.468095988035202,-0.6809068322181702,0.8262856602668762,False
train,0.3765367865562439,0.0,0.04112335294485092,0.09699659049510956,0.4666096270084381,0.4708053469657898,-0.7058958411216736,0.848496675491333,False
train,0.3769535422325134,0.0,0.041140444576740265,0.09732683002948761,0.46817073225975037,0.4733849763870239,-0.7298132181167603,0.8698969483375549,False
train,0.37737029790878296,0.0,0.041148990392684937,0.0976584404706955,0.46974387764930725,0.47583815455436707,-0.7526670694351196,0.8904659748077393,False
train,0.3777870535850525,0.0,0.04114950820803642,0.09799168258905411,0.4713287353515625,0.4781726598739624,-0.7744804620742798,0.9102027416229248,False
train,0.37820377945899963,0.0,0.04114234820008278,0.09832610189914703,0.47292548418045044,0.48039010167121887,-0.7952694296836853,0.9291006922721863,False
train,0.37862053513526917,0.0,0.04112795367836952,0.09866198152303696,0.4745337963104248,0.4824996292591095,-0.8150607943534851,0.9471694827079773,False
train,0.3790372908115387,0.0,0.0411069393157959,0.09899920225143433,0.4761536121368408,0.48450565338134766,-0.8338748216629028,0.9644132852554321,False
train,0.3794540464878082,0.0,0.04107934981584549,0.09933774918317795,0.4777846932411194,0.48641476035118103,-0.8517367839813232,0.9808439612388611,False
train,0.37987080216407776,0.0,0.0410459078848362,0.09967741370201111,0.4794274568557739,0.48823118209838867,-0.868669331073761,0.9964718222618103,False
train,0.3802875578403473,0.0,0.041006870567798615,0.10001838952302933,0.48108094930648804,0.48996394872665405,-0.8846971988677979,1.0113129615783691,False
train,0.3807043135166168,0.0,0.040962669998407364,0.1003604382276535,0.4827457070350647,0.49161607027053833,-0.8998436331748962,1.0253803730010986,False
train,0.38112106919288635,0.0,0.04091362655162811,0.10070379078388214,0.48442113399505615,0.49319693446159363,-0.914133608341217,1.0386930704116821,False
train,0.3815378248691559,0.0,0.040860116481781006,0.10104813426733017,0.48610720038414,0.49471038579940796,-0.927585780620575,1.0512629747390747,False
train,0.3819545805454254,0.0,0.04080250486731529,0.10139360278844833,0.48780396580696106,0.49616360664367676,-0.9402244091033936,1.0631088018417358,False
train,0.38237133622169495,0.0,0.04074116051197052,0.10174015164375305,0.4895111620426178,0.49756261706352234,-0.9520686268806458,1.0742454528808594,False
train,0.3827880918979645,0.0,0.040676310658454895,0.10208798199892044,0.4912284314632416,0.4989161491394043,-0.9631385207176208,1.0846903324127197,False
train,0.383204847574234,0.0,0.04060846194624901,0.10243657231330872,0.4929558336734772,0.5002256035804749,-0.9734480381011963,1.0944527387619019,False
train,0.38362157344818115,0.0,0.040537819266319275,0.10278622061014175,0.49469268321990967,0.5014998316764832,-0.9830152988433838,1.1035493612289429,False
train,0.3840383291244507,0.0,0.040464628487825394,0.1031370460987091,0.4964398443698883,0.50274658203125,-0.9918568730354309,1.1119955778121948,False
train,0.3844550848007202,0.0,0.04038934037089348,0.1034887507557869,0.498196005821228,0.5039694309234619,-0.9999820590019226,1.1197987794876099,False
train,0.38487184047698975,0.0,0.04031214863061905,0.10384159535169601,0.49996164441108704,0.5051769614219666,-1.0074048042297363,1.126973032951355,False
train,0.3852885961532593,0.0,0.04023353010416031,0.10419540852308273,0.5017362833023071,0.5063741207122803,-1.0141332149505615,1.1335259675979614,False
train,0.3857053518295288,0.0,0.04015350341796875,0.10455033928155899,0.5035200715065002,0.5075685977935791,-1.0201761722564697,1.1394671201705933,False
train,0.38612210750579834,0.0,0.04007256403565407,0.1049061194062233,0.5053120851516724,0.508765459060669,-1.0255372524261475,1.1448009014129639,False
train,0.38653886318206787,0.0,0.03999088704586029,0.1052628755569458,0.5071127414703369,0.5099714398384094,-1.0302226543426514,1.1495344638824463,False
train,0.3869556188583374,0.0,0.03990881145000458,0.10562097281217575,0.5089212656021118,0.5111969709396362,-1.0342376232147217,1.1536766290664673,False
train,0.38737237453460693,0.0,0.03982660174369812,0.10597984492778778,0.5107381939888,0.5124431848526001,-1.0375783443450928,1.1572238206863403,False
train,0.38778913021087646,0.0,0.039744533598423004,0.10633984953165054,0.5125625133514404,0.5137208104133606,-1.0402473211288452,1.1601825952529907,False
train,0.388205885887146,0.0,0.03966290131211281,0.10670100152492523,0.5143943428993225,0.5150362253189087,-1.0422426462173462,1.1625540256500244,False
train,0.3886226415634155,0.0,0.03958211466670036,0.10706314444541931,0.516232967376709,0.5163964033126831,-1.0435582399368286,1.1643363237380981,False
train,0.38903939723968506,0.0,0.03950226306915283,0.10742650181055069,0.5180789828300476,0.5178090333938599,-1.0441910028457642,1.1655304431915283,False
train,0.3894561231136322,0.0,0.03942375257611275,0.10779092460870743,0.5199311971664429,0.5192812085151672,-1.0441328287124634,1.1661330461502075,False
train,0.38987287878990173,0.0,0.03934676572680473,0.10815656930208206,0.521790087223053,0.5208207964897156,-1.043375849723816,1.1661421060562134,False
train,0.39028963446617126,0.0,0.03927171975374222,0.10852330178022385,0.5236547589302063,0.522435188293457,-1.0419095754623413,1.165553092956543,False
train,0.3907063901424408,0.0,0.039198871701955795,0.10889124870300293,0.5255254507064819,0.5241320133209229,-1.0397233963012695,1.1643620729446411,False
train,0.3911231458187103,0.0,0.03912860527634621,0.10926062613725662,0.5274011492729187,0.5259222984313965,-1.036806583404541,1.1625670194625854,False
train,0.39153990149497986,0.0,0.0390610434114933,0.1096312552690506,0.5292824506759644,0.5278113484382629,-1.0331435203552246,1.1601595878601074,False
train,0.3919566571712494,0.0,0.03899659588932991,0.11000311374664307,0.5311681032180786,0.5298067927360535,-1.0287212133407593,1.1571354866027832,False
train,0.3923734128475189,0.0,0.03893561288714409,0.11037655919790268,0.5330587029457092,0.5319193601608276,-1.0235249996185303,1.1534910202026367,False
train,0.39279016852378845,0.0,0.0388784222304821,0.11075141280889511,0.5349532961845398,0.5341553688049316,-1.0175397396087646,1.1492210626602173,False
train,0.393206924200058,0.0,0.038825344294309616,0.11112771183252335,0.5368515849113464,0.5365235805511475,-1.010745644569397,1.1443183422088623,False
train,0.3936236798763275,0.0,0.0387766994535923,0.11150567978620529,0.53875333070755,0.5390326976776123,-1.0031301975250244,1.1387828588485718,False
train,0.39404043555259705,0.0,0.038732852786779404,0.11188529431819916,0.5406584739685059,0.5416890978813171,-0.9946767091751099,1.1326115131378174,False
train,0.3944571912288666,0.0,0.03869416564702988,0.1122664213180542,0.5425659418106079,0.5444999933242798,-0.9853647947311401,1.125799298286438,False
train,0.3948739469051361,0.0,0.03866095840930939,0.11264952272176743,0.5444761514663696,0.5474748015403748,-0.9751846790313721,1.1183531284332275,False
train,0.39529067277908325,0.0,0.03863370046019554,0.11303422600030899,0.5463880300521851,0.5506166219711304,-0.9641150832176208,1.1102687120437622,False
train,0.3957074284553528,0.0,0.038612619042396545,0.11342104524374008,0.548301637172699,0.5539356470108032,-0.9521462321281433,1.101556658744812,False
train,0.3961241841316223,0.0,0.03859814256429672,0.11380968987941742,0.550216555595398,0.557433545589447,-0.939264178276062,1.0922222137451172,False
train,0.39654093980789185,0.0,0.038590770214796066,0.11420052498579025,0.552132248878479,0.5611170530319214,-0.9254611134529114,1.0822802782058716,False
train,0.3969576954841614,0.0,0.03859075531363487,0.11459333449602127,0.554048478603363,0.5649873614311218,-0.9107257723808289,1.0717425346374512,False
train,0.3973744511604309,0.0,0.03859855234622955,0.11498843878507614,0.5559645891189575,0.5690491199493408,-0.8950565457344055,1.0606334209442139,False
train,0.39779120683670044,0.0,0.03861445188522339,0.11538571864366531,0.557880163192749,0.573301374912262,-0.8784489631652832,1.0489742755889893,False
train,0.39820796251296997,0.0,0.03863894194364548,0.11578554660081863,0.5597951412200928,0.5777455568313599,-0.8609091639518738,1.0368001461029053,False
train,0.3986247181892395,0.0,0.038672417402267456,0.11618764698505402,0.5617085695266724,0.5823774337768555,-0.8424427509307861,1.0241451263427734,False
train,0.39904147386550903,0.0,0.03871525451540947,0.11659223586320877,0.5636205077171326,0.587192714214325,-0.8230623006820679,1.0110523700714111,False
train,0.39945822954177856,0.0,0.038767777383327484,0.1169995591044426,0.5655301213264465,0.5921885371208191,-0.8027865886688232,0.9975738525390625,False
train,0.3998749852180481,0.0015873016091063619,0.03883035480976105,0.11740934103727341,0.5674372911453247,0.5973524451255798,-0.7816411256790161,0.9837645888328552,False
train,0.4002917408943176,0.009523809887468815,0.03890346735715866,0.11782206594944,0.5693411231040955,0.6026788949966431,-0.7596563696861267,0.9696905016899109,False
train,0.40070846676826477,0.0,0.038987185806035995,0.11823730915784836,0.5712414979934692,0.6081489324569702,-0.7368752956390381,0.9554215669631958,False
train,0.4011252224445343,0.012698412872850895,0.039082154631614685,0.11865560710430145,0.573137640953064,0.6137528419494629,-0.7133421301841736,0.9410364031791687,False
train,0.40154197812080383,0.0,0.039188481867313385,0.11907666176557541,0.5750294923782349,0.6194689869880676,-0.6891118884086609,0.9266158938407898,False
train,0.40195873379707336,0.0,0.039306432008743286,0.11950063705444336,0.5769162774085999,0.6252782344818115,-0.6642532348632812,0.9122528433799744,False
train,0.4023754894733429,0.01984127052128315,0.03943639621138573,0.11992768943309784,0.5787975788116455,0.6311578750610352,-0.6388362646102905,0.8980379104614258,False
train,0.4027922451496124,0.0,0.0395783856511116,0.12035752832889557,0.5806728005409241,0.6370797157287598,-0.6129488945007324,0.8840683698654175,False
train,0.40320900082588196,0.0,0.03973275423049927,0.120790496468544,0.5825414657592773,0.6430188417434692,-0.5866761207580566,0.8704378604888916,False
train,0.4036257565021515,0.0,0.03989959880709648,0.12122641503810883,0.5844029188156128,0.6489434838294983,-0.560124933719635,0.8572441935539246,False
train,0.404042512178421,0.0,0.040078941732645035,0.12166523933410645,0.5862570405006409,0.6548197269439697,-0.5334014296531677,0.8445743918418884,False
train,0.40445926785469055,0.0,0.04027092829346657,0.12210705131292343,0.5881029963493347,0.6606165766716003,-0.5066206455230713,0.8325135111808777,False
train,0.4048760235309601,0.0,0.040475454181432724,0.12255171686410904,0.5899403095245361,0.6662960052490234,-0.4799068570137024,0.8211339712142944,False
train,0.4052927792072296,0.02777777798473835,0.040692515671253204,0.12299910932779312,0.5917683839797974,0.6718224287033081,-0.45338666439056396,0.8104966282844543,False
train,0.40570953488349915,0.0,0.040921904146671295,0.1234494000673294,0.5935864448547363,0.677161455154419,-0.4271961450576782,0.8006523251533508,False
train,0.4061262905597687,0.0,0.04116368666291237,0.123902328312397,0.5953945517539978,0.6822748184204102,-0.4014602303504944,0.7916244268417358,False
train,0.4065430164337158,0.007936508394777775,0.04141740873456001,0.12435758858919144,0.5971916913986206,0.6871256828308105,-0.3763176202774048,0.7834262251853943,False
train,0.40695977210998535,0.09841269999742508,0.04168287292122841,0.12481550127267838,0.5989773869514465,0.6916842460632324,-0.35189688205718994,0.7760531306266785,False
train,0.4073765277862549,0.08968254178762436,0.041959844529628754,0.12527556717395782,0.6007511019706726,0.695915162563324,-0.32831746339797974,0.7694740295410156,False
train,0.4077932834625244,0.02857142873108387,0.042247723788022995,0.12573769688606262,0.6025118231773376,0.6997905969619751,-0.30570292472839355,0.7636498808860779,False
train,0.40821003913879395,0.009523809887468815,0.042546384036540985,0.1262020766735077,0.6042599081993103,0.7032870054244995,-0.28415369987487793,0.7585222125053406,False
train,0.4086267948150635,0.011904762126505375,0.04285505786538124,0.1266680210828781,0.6059939861297607,0.7063790559768677,-0.26376640796661377,0.7540186047554016,False
train,0.409043550491333,0.003968254197388887,0.04317334294319153,0.12713560461997986,0.6077138185501099,0.7090519070625305,-0.24461770057678223,0.7500616312026978,False
train,0.40946030616760254,0.0071428571827709675,0.043500836938619614,0.12760479748249054,0.6094184517860413,0.7112954258918762,-0.22676146030426025,0.7465667724609375,False
train,0.40987706184387207,0.009523809887468815,0.04383685439825058,0.12807510793209076,0.611107587814331,0.7130995988845825,-0.21023797988891602,0.7434453964233398,False
train,0.4102938175201416,0.012698412872850895,0.044180866330862045,0.1285463124513626,0.612780749797821,0.7144642472267151,-0.19505739212036133,0.740612268447876,False
train,0.41071057319641113,0.0071428571827709675,0.04453236609697342,0.12901881337165833,0.6144367456436157,0.7153992056846619,-0.18121546506881714,0.7379939556121826,False
train,0.41112732887268066,0.011111111380159855,0.044890668243169785,0.12949179112911224,0.6160754561424255,0.7159101963043213,-0.16867351531982422,0.7355121374130249,False
train,0.4115440845489502,0.0071428571827709675,0.04525527358055115,0.12996520102024078,0.617696225643158,0.7160153388977051,-0.15736865997314453,0.733104944229126,False
train,0.41196081042289734,0.011111111380159855,0.045625753700733185,0.130438894033432,0.6192980408668518,0.7157374024391174,-0.14721202850341797,0.730719804763794,False
train,0.41237756609916687,0.007936508394777775,0.04600167274475098,0.13091282546520233,0.6208808422088623,0.7151052951812744,-0.13808828592300415,0.7283158302307129,False
train,0.4127943217754364,0.0071428571827709675,0.046382542699575424,0.13138684630393982,0.6224434971809387,0.7141518592834473,-0.129860520362854,0.7258626818656921,False
train,0.41321107745170593,0.004761904943734407,0.04676799103617668,0.13186071813106537,0.6239855885505676,0.7129141688346863,-0.12236779928207397,0.7233397960662842,False
train,0.41362783312797546,0.0071428571827709675,0.04715777561068535,0.1323343813419342,0.6255066394805908,0.711432933807373,-0.1154245138168335,0.720735490322113,False
train,0.414044588804245,0.0031746032182127237,0.04755178093910217,0.13280779123306274,0.627005398273468,0.7097524404525757,-0.10882925987243652,0.718047559261322,False
train,0.4144613444805145,0.004761904943734407,0.04794979840517044,0.13328048586845398,0.6284818649291992,0.7079164981842041,-0.10236358642578125,0.7152790427207947,False
train,0.41487810015678406,0.004761904943734407,0.04835188388824463,0.1337530016899109,0.6299351453781128,0.7059775590896606,-0.09580308198928833,0.7124482989311218,False
train,0.4152948558330536,0.0055555556900799274,0.04875805601477623,0.13422486186027527,0.6313645243644714,0.7039810419082642,-0.08890795707702637,0.7095730900764465,False
train,0.4157116115093231,0.011904762126505375,0.049168504774570465,0.1346963495016098,0.6327694654464722,0.7019778490066528,-0.08143961429595947,0.7066861391067505,False
train,0.41612836718559265,0.010317460633814335,0.049583613872528076,0.13516703248023987,0.6341489553451538,0.7000119090080261,-0.07314956188201904,0.7038235068321228,False
train,0.4165451228618622,0.008730159141123295,0.05000358447432518,0.13563723862171173,0.6355030536651611,0.698131263256073,-0.06380808353424072,0.7010411620140076,False
train,0.4169618785381317,0.009523809887468815,0.05042915791273117,0.13610710203647614,0.6368302702903748,0.6963801980018616,-0.05317831039428711,0.6984077095985413,False
train,0.41737863421440125,0.007936508394777775,0.05086061358451843,0.13657642900943756,0.6381304860115051,0.6947969794273376,-0.04104745388031006,0.6960084438323975,False
train,0.4177953600883484,0.011904762126505375,0.051298849284648895,0.13704542815685272,0.6394028067588806,0.6934191584587097,-0.027208328247070312,0.693952739238739,False
train,0.4182121157646179,0.007936508394777775,0.05174447223544121,0.13751402497291565,0.640646755695343,0.6922757029533386,-0.011476278305053711,0.6923708319664001,False
train,0.41862887144088745,0.009523809887468815,0.05219841003417969,0.13798241317272186,0.6418614387512207,0.69139564037323,0.0063086748123168945,0.6914244294166565,False
train,0.419045627117157,0.01984127052128315,0.05266141891479492,0.1384507566690445,0.6430462598800659,0.6907991170883179,0.026277780532836914,0.6912987232208252,False
train,0.4194623827934265,0.01825396902859211,0.05313444137573242,0.13891904056072235,0.6442005634307861,0.69050133228302,0.04854249954223633,0.6922054886817932,False
train,0.41987913846969604,0.01587301678955555,0.053618431091308594,0.1393875628709793,0.6453236937522888,0.6905112266540527,0.07317209243774414,0.6943773627281189,False
train,0.4202958941459656,0.02619047649204731,0.05411452427506447,0.1398562490940094,0.6464149951934814,0.6908299922943115,0.10021531581878662,0.6980610489845276,False
train,0.4207126498222351,0.01825396902859211,0.054623592644929886,0.1403254121541977,0.6474736928939819,0.6914536952972412,0.12967252731323242,0.7035077810287476,False
train,0.42112940549850464,0.01587301678955555,0.055146533995866776,0.14079461991786957,0.6484993100166321,0.6923658847808838,0.1615070104598999,0.7109535932540894,False
train,0.42154616117477417,0.015079365111887455,0.05568443983793259,0.14126485586166382,0.6494909524917603,0.693556010723114,0.19564855098724365,0.7206235527992249,False
train,0.4219629168510437,0.010317460633814335,0.05623825266957283,0.1417354941368103,0.6504479050636292,0.6949924826622009,0.23198986053466797,0.7326894402503967,False
train,0.42237967252731323,0.0055555556900799274,0.05680883675813675,0.14220689237117767,0.6513700485229492,0.696644127368927,0.27036988735198975,0.7472702860832214,False
train,0.42279642820358276,0.003968254197388887,0.05739679932594299,0.14267924427986145,0.6522560715675354,0.6984755992889404,0.31059539318084717,0.7644197940826416,False
train,0.4232131838798523,0.003968254197388887,0.05800319090485573,0.14315228164196014,0.6531057953834534,0.700438380241394,0.35244548320770264,0.7841120958328247,False
train,0.42362990975379944,0.004761904943734407,0.058628253638744354,0.1436261534690857,0.6539180278778076,0.7024849057197571,0.3956400156021118,0.8062357306480408,False
train,0.42404666543006897,0.003968254197388887,0.059272732585668564,0.14410099387168884,0.6546924710273743,0.7045621871948242,0.43987977504730225,0.8306034207344055,False
train,0.4244634211063385,0.0063492064364254475,0.05993686616420746,0.14457686245441437,0.6554285287857056,0.7066130042076111,0.4848334789276123,0.8569512367248535,False
train,0.42488017678260803,0.0063492064364254475,0.06062091886997223,0.14505328238010406,0.6561252474784851,0.7085737586021423,0.530145525932312,0.884946882724762,False
train,0.42529693245887756,0.008730159141123295,0.06132484972476959,0.14553076028823853,0.656782329082489,0.7103860974311829,0.5754241943359375,0.9141998887062073,False
train,0.4257136881351471,0.004761904943734407,0.06204864755272865,0.14600861072540283,0.6573989391326904,0.7119829654693604,0.6202889680862427,0.944287121295929,False
train,0.4261304438114166,0.0031746032182127237,0.06279187649488449,0.14648741483688354,0.6579744219779968,0.7133073210716248,0.6643303632736206,0.9747523665428162,False
train,0.42654719948768616,0.004761904943734407,0.06355434656143188,0.14696617424488068,0.6585081815719604,0.7142917513847351,0.7071657180786133,1.0051348209381104,False
train,0.4269639551639557,0.0031746032182127237,0.06433527916669846,0.14744548499584198,0.6589995622634888,0.7148842811584473,0.7484009265899658,1.0349702835083008,False
train,0.4273807108402252,0.009523809887468815,0.06513398885726929,0.14792484045028687,0.6594480276107788,0.7150276899337769,0.7876760959625244,1.0638130903244019,False
train,0.42779746651649475,0.0063492064364254475,0.0659494623541832,0.14840388298034668,0.6598529815673828,0.7146729826927185,0.8246623277664185,1.0912494659423828,False
train,0.4282142221927643,0.0071428571827709675,0.06678071618080139,0.1488824337720871,0.6602135300636292,0.7137771844863892,0.8590763807296753,1.1169109344482422,False
train,0.4286309778690338,0.004761904943734407,0.06762678921222687,0.14936058223247528,0.660529375076294,0.7123070955276489,0.8906835317611694,1.14048171043396,False
train,0.42904770374298096,0.003968254197388887,0.06848607957363129,0.14983753859996796,0.6607998013496399,0.7102294564247131,0.919309139251709,1.1617035865783691,False
train,0.4294644594192505,0.003968254197388887,0.06935763359069824,0.15031342208385468,0.6610242128372192,0.7075278162956238,0.9448609352111816,1.1804057359695435,False
train,0.42988121509552,0.0063492064364254475,0.07024004310369492,0.15078796446323395,0.661202073097229,0.7041897773742676,0.9673151969909668,1.196487307548523,False
train,0.43029797077178955,0.0023809524718672037,0.07113203406333923,0.151260644197464,0.6613325476646423,0.7002097368240356,0.9867384433746338,1.209936499595642,False
train,0.4307147264480591,0.004761904943734407,0.07203231751918793,0.15173126757144928,0.6614154577255249,0.6955931186676025,1.0032827854156494,1.2208300828933716,False
train,0.4311314821243286,0.02301587350666523,0.07293970137834549,0.15219950675964355,0.6614499688148499,0.6903526782989502,1.0171912908554077,1.2293351888656616,False
train,0.43154823780059814,0.07619047909975052,0.07385322451591492,0.152665376663208,0.6614357829093933,0.684510350227356,1.0288008451461792,1.2357125282287598,False
train,0.4319649934768677,0.04603174701333046,0.07477180659770966,0.15312813222408295,0.6613720655441284,0.6780918836593628,1.0385279655456543,1.2403019666671753,False
train,0.4323817491531372,0.01984127052128315,0.0756949931383133,0.15358783304691315,0.6612582206726074,0.6711312532424927,1.0468813180923462,1.2435343265533447,False
train,0.43279850482940674,0.0071428571827709675,0.07662232220172882,0.1540442258119583,0.6610941886901855,0.6636666059494019,1.0544393062591553,1.2459115982055664,False
train,0.43321526050567627,0.0071428571827709675,0.07755342125892639,0.15449678897857666,0.6608789563179016,0.65574049949646,1.0618467330932617,1.2480040788650513,False
train,0.4336320161819458,0.0063492064364254475,0.07848826795816422,0.1549459546804428,0.6606122851371765,0.6474040746688843,1.0697901248931885,1.250433087348938,False
train,0.43404877185821533,0.0055555556900799274,0.07942736148834229,0.1553908884525299,0.6602936387062073,0.6387012004852295,1.0790150165557861,1.2538790702819824,False
train,0.43446552753448486,0.0055555556900799274,0.08037134259939194,0.15583184361457825,0.6599226593971252,0.6296859383583069,1.0902777910232544,1.2590513229370117,False
train,0.434882253408432,0.0055555556900799274,0.08132116496562958,0.15626849234104156,0.6594986319541931,0.6204093098640442,1.104349136352539,1.2666865587234497,False
train,0.43529900908470154,0.0055555556900799274,0.08227837830781937,0.15670087933540344,0.6590210199356079,0.6109226942062378,1.121989130973816,1.2775312662124634,False
train,0.43571576476097107,0.0055555556900799274,0.08324433118104935,0.15712854266166687,0.6584898829460144,0.6012760996818542,1.1439244747161865,1.292322039604187,False
train,0.4361325204372406,0.0055555556900799274,0.08422095328569412,0.1575518399477005,0.6579042077064514,0.5915224552154541,1.1708248853683472,1.3117659091949463,False
train,0.43654927611351013,0.008730159141123295,0.08521042764186859,0.15797042846679688,0.6572639346122742,0.5817093253135681,1.2033051252365112,1.336536169052124,False
train,0.43696603178977966,0.0063492064364254475,0.08621539920568466,0.1583845317363739,0.6565684080123901,0.5718855857849121,1.2418816089630127,1.367231845855713,False
train,0.4373827874660492,0.011111111380159855,0.08723799139261246,0.15879380702972412,0.6558172702789307,0.5620974898338318,1.28694748878479,1.4043458700180054,False
train,0.4377995431423187,0.0071428571827709675,0.08828133344650269,0.15919867157936096,0.655010461807251,0.5523902177810669,1.3387765884399414,1.4482601881027222,False
train,0.43821629881858826,0.008730159141123295,0.08934804797172546,0.15959857404232025,0.6541473865509033,0.5428040623664856,1.397477626800537,1.4991931915283203,False
train,0.4386330544948578,0.009523809887468815,0.09044106304645538,0.1599941849708557,0.6532275676727295,0.5333850383758545,1.4629908800125122,1.5571904182434082,False
train,0.4390498101711273,0.011111111380159855,0.09156319499015808,0.16038501262664795,0.6522507667541504,0.5241717100143433,1.5350608825683594,1.6220874786376953,False
train,0.43946656584739685,0.013492063619196415,0.09271660447120667,0.16077162325382233,0.6512169241905212,0.5152082443237305,1.6131969690322876,1.6934709548950195,False
train,0.4398833215236664,0.010317460633814335,0.09390415251255035,0.16115382313728333,0.6501250863075256,0.5065300464630127,1.6967411041259766,1.7707351446151733,False
train,0.4403000771999359,0.008730159141123295,0.09512771666049957,0.16153165698051453,0.648975670337677,0.4981784224510193,1.7847557067871094,1.8529800176620483,False
train,0.44071680307388306,0.009523809887468815,0.09638848155736923,0.16190537810325623,0.6477680802345276,0.4901926517486572,1.876070499420166,1.9390536546707153,False
train,0.4411335587501526,0.013492063619196415,0.09768792241811752,0.16227534413337708,0.6465020179748535,0.48261022567749023,1.9693214893341064,2.027594566345215,False
train,0.4415503144264221,0.012698412872850895,0.09902641922235489,0.16264109313488007,0.6451772451400757,0.47546571493148804,2.062910318374634,2.116994619369507,False
train,0.44196707010269165,0.02063492126762867,0.10040372610092163,0.16300348937511444,0.6437938213348389,0.46879786252975464,2.1550378799438477,2.2054386138916016,False
train,0.4423838257789612,0.012698412872850895,0.10181857645511627,0.16336210072040558,0.6423510313034058,0.4626368284225464,2.2437498569488525,2.2909486293792725,False
train,0.4428005814552307,0.02142857201397419,0.10326890647411346,0.16371753811836243,0.640849232673645,0.45701634883880615,2.3269548416137695,2.3714094161987305,False
train,0.44321733713150024,0.015079365111887455,0.10475233197212219,0.16406989097595215,0.6392878293991089,0.4519607722759247,2.4025352001190186,2.444676637649536,False
train,0.4436340928077698,0.02619047649204731,0.10626527667045593,0.16441944241523743,0.6376668810844421,0.4474940896034241,2.4683401584625244,2.5085761547088623,False
train,0.4440508484840393,0.02142857201397419,0.1078028678894043,0.16476629674434662,0.6359863877296448,0.4436316192150116,2.522270441055298,2.5609874725341797,False
train,0.44446760416030884,0.02301587350666523,0.10935970395803452,0.16511066257953644,0.6342458724975586,0.4403866231441498,2.5623722076416016,2.599940776824951,False
train,0.44488435983657837,0.02063492126762867,0.11092962324619293,0.16545286774635315,0.6324458122253418,0.43776220083236694,2.5868892669677734,2.6236677169799805,False
train,0.4453011155128479,0.04206349328160286,0.11250608414411545,0.1657930612564087,0.6305855512619019,0.43575572967529297,2.5943522453308105,2.630693197250366,False
train,0.44571787118911743,0.07460317760705948,0.11408121138811111,0.1661318838596344,0.6286654472351074,0.43435874581336975,2.583588123321533,2.6198463439941406,False
train,0.4461345970630646,0.08888889104127884,0.11564770340919495,0.16646865010261536,0.6266853213310242,0.43354740738868713,2.5538511276245117,2.5903897285461426,False
train,0.4465513527393341,0.06587301939725876,0.11719753593206406,0.1668047308921814,0.6246451735496521,0.43330445885658264,2.5047597885131836,2.5419626235961914,False
train,0.44696810841560364,0.0515873022377491,0.11872238665819168,0.16713941097259521,0.6225448846817017,0.4335927665233612,2.436398506164551,2.474679708480835,False
train,0.44738486409187317,0.1746031790971756,0.12021446228027344,0.16747330129146576,0.620384693145752,0.4343758523464203,2.349245309829712,2.389065980911255,False
train,0.4478016197681427,0.14920635521411896,0.12166618555784225,0.16780653595924377,0.618164598941803,0.4356123208999634,2.244229793548584,2.286115884780884,False
train,0.44821837544441223,0.19206349551677704,0.12307047098875046,0.16813912987709045,0.61588454246521,0.4372524619102478,2.12260103225708,2.1671698093414307,False
train,0.44863513112068176,0.6634920835494995,0.12442061305046082,0.16847144067287445,0.6135450005531311,0.4392491281032562,1.9859812259674072,2.0339767932891846,False
train,0.4490518867969513,0.8611111044883728,0.1257106512784958,0.1688033789396286,0.6111459732055664,0.44154998660087585,1.8362025022506714,1.8885459899902344,False
train,0.4494686424732208,0.5992063283920288,0.12693606317043304,0.16913501918315887,0.6086872220039368,0.4441037178039551,1.6753205060958862,1.7331840991973877,False
train,0.44988539814949036,0.1944444477558136,0.1280924528837204,0.16946645081043243,0.6061695218086243,0.44685766100883484,1.5054734945297241,1.570392370223999,False
train,0.4503021538257599,0.22142857313156128,0.12917649745941162,0.16979806125164032,0.6035926342010498,0.4497664272785187,1.3288761377334595,1.4029260873794556,False
train,0.4507189095020294,0.5825396776199341,0.1301862746477127,0.17012934386730194,0.6009569764137268,0.4527779817581177,1.147717833518982,1.2338006496429443,False
train,0.45113566517829895,0.7690476179122925,0.13112014532089233,0.17046068608760834,0.5982627272605896,0.4558508098125458,0.9641262292861938,1.0664610862731934,False
train,0.4515524208545685,0.48174601793289185,0.13197751343250275,0.17079207301139832,0.5955103635787964,0.4589446783065796,0.7800624370574951,0.9050567150115967,False
train,0.4519691467285156,0.6246031522750854,0.13275882601737976,0.1711234301328659,0.5927000641822815,0.46202176809310913,0.5974034070968628,0.7552184462547302,False
train,0.45238590240478516,0.4253968298435211,0.13346514105796814,0.1714543104171753,0.5898319482803345,0.4650479555130005,0.41777145862579346,0.6251420378684998,False
train,0.4528026580810547,0.3301587402820587,0.1340979039669037,0.1717853993177414,0.5869066715240479,0.4679970145225525,0.24259817600250244,0.5271385908126831,False
train,0.4532194137573242,0.2984127104282379,0.13465937972068787,0.1721160113811493,0.5839243531227112,0.47084152698516846,0.07312095165252686,0.4764854907989502,False
train,0.45363616943359375,0.3206349313259125,0.1351521760225296,0.17244648933410645,0.5808855891227722,0.4735623002052307,-0.08961665630340576,0.4819672107696533,False
train,0.4540529251098633,0.2571428716182709,0.13557955622673035,0.17277638614177704,0.5777906775474548,0.47614026069641113,-0.24482810497283936,0.5353974103927612,False
train,0.4544696807861328,0.4722222089767456,0.1359449028968811,0.17310595512390137,0.5746403932571411,0.4785618185997009,-0.39188528060913086,0.6185430288314819,False
train,0.45488643646240234,0.682539701461792,0.13625138998031616,0.17343485355377197,0.571434497833252,0.48081591725349426,-0.5303221344947815,0.7158390283584595,False
train,0.4553031921386719,0.6523809432983398,0.13650302588939667,0.17376329004764557,0.5681745409965515,0.48289597034454346,-0.6598684787750244,0.8176887631416321,False
train,0.4557199478149414,0.7031745910644531,0.13670367002487183,0.17409054934978485,0.5648601651191711,0.4847927987575531,-0.7803698182106018,0.9186953902244568,False
train,0.45613670349121094,0.6650793552398682,0.13685695827007294,0.1744176149368286,0.5614924430847168,0.48650917410850525,-0.8918028473854065,1.0158756971359253,False
train,0.45655345916748047,0.7190476059913635,0.13696664571762085,0.1747433990240097,0.558071494102478,0.4880400598049164,-0.994235634803772,1.107559323310852,False
train,0.45697021484375,0.40317460894584656,0.1370365470647812,0.1750679612159729,0.5545983910560608,0.4893849194049835,-1.087820291519165,1.1928330659866333,False
train,0.45738694071769714,0.5206349492073059,0.13707058131694794,0.17539164423942566,0.5510739088058472,0.49055102467536926,-1.1727741956710815,1.271235466003418,False
train,0.4578036963939667,0.39126983284950256,0.13707199692726135,0.1757139265537262,0.5474981069564819,0.4915387034416199,-1.2493849992752075,1.3425993919372559,False
train,0.4582204520702362,0.4214285612106323,0.13704445958137512,0.1760348230600357,0.5438717603683472,0.4923556447029114,-1.3179455995559692,1.4069095849990845,False
train,0.45863720774650574,0.20317460596561432,0.13699102401733398,0.17635442316532135,0.5401961207389832,0.4930073916912079,-1.378808856010437,1.4642984867095947,False
train,0.45905396342277527,0.05000000074505806,0.13691522181034088,0.17667248845100403,0.5364713668823242,0.4935011565685272,-1.432319164276123,1.5149526596069336,False
train,0.4594707190990448,0.0071428571827709675,0.13681986927986145,0.17698895931243896,0.5326984524726868,0.49384617805480957,-1.4788334369659424,1.5591126680374146,False
train,0.45988747477531433,0.007936508394777775,0.136707603931427,0.1773039698600769,0.5288784503936768,0.49405354261398315,-1.5187203884124756,1.597059965133667,False
train,0.46030423045158386,0.011904762126505375,0.13658124208450317,0.17761681973934174,0.5250118374824524,0.4941290616989136,-1.5523308515548706,1.6290779113769531,False
train,0.4607209861278534,0.004761904943734407,0.13644370436668396,0.17792822420597076,0.5210993885993958,0.4940868318080902,-1.5800198316574097,1.6554710865020752,False
train,0.4611377418041229,0.0063492064364254475,0.1362970620393753,0.1782376766204834,0.5171423554420471,0.49393925070762634,-1.6021183729171753,1.6765319108963013,False
train,0.46155449748039246,0.0055555556900799274,0.1361435055732727,0.17854511737823486,0.513141393661499,0.49369579553604126,-1.6189489364624023,1.6925517320632935,False
train,0.461971253156662,0.0023809524718672037,0.13598529994487762,0.17885053157806396,0.5090976357460022,0.4933697283267975,-1.6308183670043945,1.7038140296936035,False
train,0.4623880088329315,0.0055555556900799274,0.13582442700862885,0.17915388941764832,0.5050117373466492,0.49297451972961426,-1.6380101442337036,1.7105849981307983,False
train,0.46280476450920105,0.013492063619196415,0.13566277921199799,0.17945531010627747,0.5008846521377563,0.49252375960350037,-1.6408002376556396,1.7131272554397583,False
train,0.4632214903831482,0.007936508394777775,0.1355021595954895,0.17975454032421112,0.4967179596424103,0.49203091859817505,-1.6394344568252563,1.7116775512695312,False
train,0.4636382460594177,0.004761904943734407,0.13534414768218994,0.18005140125751495,0.4925121068954468,0.4915083050727844,-1.6341429948806763,1.706459403038025,False
train,0.46405500173568726,0.0396825410425663,0.13519033789634705,0.1803465187549591,0.48826807737350464,0.490974485874176,-1.6251461505889893,1.6976913213729858,False
train,0.4644717574119568,0.04603174701333046,0.135042205452919,0.18063923716545105,0.4839872121810913,0.49043938517570496,-1.612634539604187,1.6855624914169312,False
train,0.4648885130882263,0.14365079998970032,0.13490141928195953,0.18092980980873108,0.47967031598091125,0.48992061614990234,-1.5967938899993896,1.6702613830566406,False
train,0.46530526876449585,0.15317460894584656,0.1347689926624298,0.18121808767318726,0.47531887888908386,0.4894309341907501,-1.5777807235717773,1.6519488096237183,False
train,0.4657220244407654,0.07222222536802292,0.13464634120464325,0.18150420486927032,0.47093382477760315,0.4889862835407257,-1.5557513236999512,1.6307880878448486,False
train,0.4661387801170349,0.0007936508045531809,0.1345345675945282,0.18178816139698029,0.4665164649486542,0.4885994791984558,-1.5308396816253662,1.6069223880767822,False
train,0.46655553579330444,0.014285714365541935,0.1344349980354309,0.182069793343544,0.4620673954486847,0.4882865846157074,-1.5031611919403076,1.5804800987243652,False
train,0.466972291469574,0.012698412872850895,0.1343485563993454,0.18234951794147491,0.45758867263793945,0.4880621135234833,-1.4728344678878784,1.5515947341918945,False
train,0.4673890471458435,0.0071428571827709675,0.13427652418613434,0.18262699246406555,0.4530809819698334,0.4879382848739624,-1.4399516582489014,1.520376443862915,False
train,0.46780580282211304,0.011111111380159855,0.1342196762561798,0.18290230631828308,0.4485454559326172,0.4879288971424103,-1.4046008586883545,1.4869358539581299,False
train,0.46822255849838257,0.0063492064364254475,0.1341792345046997,0.18317563831806183,0.4439837634563446,0.48804721236228943,-1.3668644428253174,1.4513815641403198,False
train,0.4686393141746521,0.0023809524718672037,0.13415609300136566,0.18344707787036896,0.4393971264362335,0.48830747604370117,-1.326811671257019,1.4138152599334717,False
train,0.46905604004859924,0.0023809524718672037,0.1341509222984314,0.18371637165546417,0.43478643894195557,0.48871931433677673,-1.2845054864883423,1.3743364810943604,False
train,0.4694727957248688,0.0,0.13416501879692078,0.1839839220046997,0.43015316128730774,0.48929449915885925,-1.240002155303955,1.3330470323562622,False
train,0.4698895514011383,0.0031746032182127237,0.13419897854328156,0.1842496693134308,0.4254986643791199,0.4900437891483307,-1.1933503150939941,1.2900495529174805,False
train,0.47030630707740784,0.0015873016091063619,0.1342538446187973,0.18451330065727234,0.42082446813583374,0.49097466468811035,-1.1445989608764648,1.2454569339752197,False
train,0.47072306275367737,0.004761904943734407,0.13433021306991577,0.18477573990821838,0.41613152623176575,0.4920980632305145,-1.0937910079956055,1.19939124584198,False
train,0.4711398184299469,0.0,0.1344292312860489,0.18503627181053162,0.41142141819000244,0.49341967701911926,-1.0409612655639648,1.151982307434082,False
train,0.47155657410621643,0.0015873016091063619,0.13455143570899963,0.18529535830020905,0.40669557452201843,0.49494609236717224,-0.986150324344635,1.1033875942230225,False
train,0.47197332978248596,0.0023809524718672037,0.1346975862979889,0.18555296957492828,0.40195533633232117,0.4966804087162018,-0.9293960332870483,1.0537875890731812,False
train,0.4723900854587555,0.0,0.13486866652965546,0.1858091801404953,0.3972017168998718,0.49862799048423767,-0.8707320094108582,1.0033962726593018,False
train,0.472806841135025,0.0031746032182127237,0.13506543636322021,0.18606410920619965,0.3924366533756256,0.5007889270782471,-0.8101842999458313,0.9524642825126648,False
train,0.47322359681129456,0.02857142873108387,0.13528834283351898,0.1863178312778473,0.3876614272594452,0.5031641125679016,-0.7477989196777344,0.9013198018074036,False
train,0.4736403524875641,0.0396825410425663,0.13553845882415771,0.18657048046588898,0.3828771114349365,0.50575190782547,-0.6836045384407043,0.8503530025482178,False
train,0.4740571081638336,0.01666666753590107,0.13581639528274536,0.18682199716567993,0.37808552384376526,0.5085484981536865,-0.6176506280899048,0.800071120262146,False
train,0.47447383403778076,0.04682539775967598,0.13612282276153564,0.18707270920276642,0.37328842282295227,0.5115497708320618,-0.5499722957611084,0.751101016998291,False
train,0.4748905897140503,0.12063492089509964,0.13645818829536438,0.18732237815856934,0.36848610639572144,0.5147459506988525,-0.4806109666824341,0.7042374014854431,False
train,0.4753073453903198,0.11587301641702652,0.1368236243724823,0.18757131695747375,0.36368075013160706,0.5181311964988708,-0.4096171259880066,0.6604893207550049,False
train,0.47572410106658936,0.03333333507180214,0.1372193992137909,0.18781957030296326,0.3588736653327942,0.5216920375823975,-0.33705079555511475,0.6211004853248596,False
train,0.4761408567428589,0.15555556118488312,0.13764600455760956,0.18806719779968262,0.3540663719177246,0.5254158973693848,-0.2629741430282593,0.5875518918037415,False
train,0.4765576124191284,0.1349206417798996,0.138104647397995,0.1883143037557602,0.34925997257232666,0.5292882323265076,-0.1874375343322754,0.5614969730377197,False
train,0.47697436809539795,0.04206349328160286,0.13859513401985168,0.18856078386306763,0.34445634484291077,0.533291757106781,-0.11053240299224854,0.544625997543335,False
train,0.4773911237716675,0.0015873016091063619,0.1391184777021408,0.18880672752857208,0.3396567702293396,0.5374047756195068,-0.03232932090759277,0.5383763313293457,False
train,0.477807879447937,0.0015873016091063619,0.13967499136924744,0.18905234336853027,0.33486247062683105,0.5416074991226196,0.047086358070373535,0.5436504483222961,False
train,0.47822463512420654,0.03650793805718422,0.1402653157711029,0.18929781019687653,0.33007505536079407,0.5458776950836182,0.12761962413787842,0.5605971813201904,False
train,0.4786413908004761,0.0031746032182127237,0.14088937640190125,0.1895425021648407,0.32529589533805847,0.5501868724822998,0.20916080474853516,0.5886032581329346,False
train,0.4790581464767456,0.0031746032182127237,0.14154817163944244,0.18978704512119293,0.3205263912677765,0.5545099973678589,0.2916140556335449,0.6265142560005188,False
train,0.47947490215301514,0.007936508394777775,0.142241433262825,0.19003134965896606,0.31576788425445557,0.5588183403015137,0.37483644485473633,0.6728895306587219,False
train,0.47989165782928467,0.011111111380159855,0.14296981692314148,0.1902751624584198,0.3110218644142151,0.5630794763565063,0.45872044563293457,0.7262802124023438,False
train,0.4803083837032318,0.0063492064364254475,0.1437334567308426,0.19051840901374817,0.30629023909568787,0.5672613382339478,0.5431176424026489,0.7853420376777649,False
train,0.48072513937950134,0.01746031828224659,0.1445322334766388,0.190761536359787,0.3015730381011963,0.5713328123092651,0.627886176109314,0.8489182591438293,False
train,0.4811418950557709,0.004761904943734407,0.1453665941953659,0.19100424647331238,0.29687270522117615,0.5752593874931335,0.712878942489624,0.9160348176956177,False
train,0.4815586507320404,0.010317460633814335,0.14623644948005676,0.19124624133110046,0.2921901047229767,0.5790054798126221,0.7979329824447632,0.9858723878860474,False
train,0.48197540640830994,0.009523809887468815,0.1471414864063263,0.19148780405521393,0.2875267267227173,0.5825336575508118,0.8828743696212769,1.0577393770217896,False
train,0.48239216208457947,0.02857142873108387,0.14808200299739838,0.19172883033752441,0.2828836143016815,0.5858113765716553,0.9675402641296387,1.1310654878616333,False
train,0.482808917760849,0.02539682574570179,0.14905758202075958,0.19196870923042297,0.27826252579689026,0.5887996554374695,1.051749348640442,1.2053471803665161,False
train,0.48322567343711853,0.09444444626569748,0.15006807446479797,0.1922079622745514,0.2736644148826599,0.591464638710022,1.1353144645690918,1.280144214630127,False
train,0.48364242911338806,0.11349206417798996,0.15111273527145386,0.19244599342346191,0.2690906524658203,0.5937702655792236,1.2180532217025757,1.3550708293914795,False
train,0.4840591847896576,0.010317460633814335,0.15219172835350037,0.192683145403862,0.2645421326160431,0.5956835746765137,1.2997817993164062,1.4297802448272705,False
train,0.4844759404659271,0.013492063619196415,0.15330424904823303,0.19291876256465912,0.2600206732749939,0.5971706509590149,1.3803074359893799,1.5039485692977905,False
train,0.48489269614219666,0.02301587350666523,0.15444958209991455,0.1931527853012085,0.25552698969841003,0.5981982946395874,1.459444284439087,1.577282190322876,False
train,0.4853094518184662,0.0023809524718672037,0.15562723577022552,0.19338534772396088,0.25106245279312134,0.598740816116333,1.5370092391967773,1.649511456489563,False
train,0.4857262074947357,0.0007936508045531809,0.1568366438150406,0.19361582398414612,0.2466278225183487,0.5987675189971924,1.6128228902816772,1.7203837633132935,False
train,0.48614293336868286,0.0007936508045531809,0.15807686746120453,0.1938442438840866,0.24222488701343536,0.5982527732849121,1.6867144107818604,1.789668083190918,False
train,0.4865596890449524,0.0055555556900799274,0.15934666991233826,0.19407038390636444,0.23785406351089478,0.5971777439117432,1.7585068941116333,1.8571397066116333,False
train,0.4869764447212219,0.03888889029622078,0.16064570844173431,0.1942938268184662,0.23351672291755676,0.5955185294151306,1.8280597925186157,1.9226140975952148,False
train,0.48739320039749146,0.011111111380159855,0.16197258234024048,0.1945149451494217,0.2292138785123825,0.5932615995407104,1.895216703414917,1.9859017133712769,False
train,0.487809956073761,0.03492063656449318,0.16332650184631348,0.19473278522491455,0.22494643926620483,0.5903939008712769,1.9598560333251953,2.046851396560669,False
train,0.4882267117500305,0.04682539775967598,0.16470612585544586,0.19494754076004028,0.22071535885334015,0.5869035124778748,2.021852970123291,2.105313539505005,False
train,0.48864346742630005,0.05714285746216774,0.16611024737358093,0.19515866041183472,0.21652169525623322,0.582784116268158,2.081106424331665,2.1611666679382324,False
train,0.4890602231025696,0.04285714402794838,0.16753779351711273,0.19536617398262024,0.21236631274223328,0.5780353546142578,2.1375322341918945,2.2143101692199707,False
train,0.4894769787788391,0.01587301678955555,0.16898775100708008,0.1955697238445282,0.208250030875206,0.5726554989814758,2.1910765171051025,2.264674663543701,False
train,0.48989373445510864,0.011904762126505375,0.17045848071575165,0.19576892256736755,0.20417360961437225,0.5666508674621582,2.2416839599609375,2.3121938705444336,False
train,0.4903104901313782,0.02698412723839283,0.1719488948583603,0.19596368074417114,0.20013804733753204,0.5600277185440063,2.289335012435913,2.3568382263183594,False
train,0.4907272458076477,0.05317460373044014,0.1734578162431717,0.19615371525287628,0.1961439847946167,0.5528000593185425,2.3340272903442383,2.3985977172851562,False
train,0.49114400148391724,0.04682539775967598,0.1749834567308426,0.19633930921554565,0.19219225645065308,0.5449827909469604,2.375765800476074,2.437471866607666,False
train,0.4915607273578644,0.09603174775838852,0.1765255182981491,0.1965191662311554,0.1882837563753128,0.5365893244743347,2.414618730545044,2.473522186279297,False
train,0.4919774830341339,0.20555555820465088,0.17808178067207336,0.19669416546821594,0.1844186782836914,0.5276452302932739,2.4506211280822754,2.5067813396453857,False
train,0.49239423871040344,0.11746031790971756,0.17965158820152283,0.1968633383512497,0.1805976778268814,0.5181733965873718,2.483872175216675,2.5373458862304688,False
train,0.492810994386673,0.05793650820851326,0.1812339872121811,0.19702662527561188,0.17682167887687683,0.508196234703064,2.514479637145996,2.5653209686279297,False
train,0.4932277500629425,0.012698412872850895,0.18282727897167206,0.19718427956104279,0.1730911284685135,0.49774742126464844,2.5425496101379395,2.590812921524048,False
train,0.49364450573921204,0.02301587350666523,0.18443050980567932,0.19733570516109467,0.16940653324127197,0.48685288429260254,2.568232536315918,2.613970994949341,False
train,0.49406126141548157,0.02142857201397419,0.18604332208633423,0.1974809765815735,0.1657683253288269,0.47554415464401245,2.5916967391967773,2.6349637508392334,False
train,0.4944780170917511,0.01825396902859211,0.1876640021800995,0.19761963188648224,0.16217708587646484,0.46385639905929565,2.6131057739257812,2.653956413269043,False
train,0.49489477276802063,0.02698412723839283,0.18929216265678406,0.1977519392967224,0.15863323211669922,0.4518199861049652,2.6326513290405273,2.6711409091949463,False
train,0.49531152844429016,0.02460317499935627,0.19092683494091034,0.19787758588790894,0.1551370620727539,0.4394727051258087,2.650536298751831,2.686722755432129,False
train,0.4957282841205597,0.0436507947742939,0.19256724417209625,0.19799654185771942,0.15168888866901398,0.4268469214439392,2.666968822479248,2.700911283493042,False
train,0.4961450397968292,0.02777777798473835,0.1942133903503418,0.19810892641544342,0.14828920364379883,0.4139767289161682,2.682180404663086,2.713939666748047,False
train,0.49656179547309875,0.05238095298409462,0.19586420059204102,0.1982138454914093,0.1449381709098816,0.40089547634124756,2.6963937282562256,2.7260329723358154,False
train,0.4969785511493683,0.03333333507180214,0.19751913845539093,0.1983121931552887,0.14163604378700256,0.3876391053199768,2.7098288536071777,2.7374143600463867,False
train,0.49739527702331543,0.05714285746216774,0.19917826354503632,0.19840358197689056,0.13838328421115875,0.3742384910583496,2.722734212875366,2.748333215713501,False
train,0.49781203269958496,0.07301587611436844,0.2008412778377533,0.19848768413066864,0.13517960906028748,0.3607211709022522,2.7353367805480957,2.759019136428833,False
train,0.4982287883758545,0.13015873730182648,0.202508345246315,0.1985650211572647,0.13202522695064545,0.3471207022666931,2.7478766441345215,2.769714593887329,False
train,0.498645544052124,0.3888888955116272,0.20417919754981995,0.19863532483577728,0.1289205402135849,0.33346354961395264,2.760580539703369,2.7806479930877686,False
train,0.49906229972839355,0.5833333134651184,0.20585383474826813,0.19869844615459442,0.12586542963981628,0.31977590918540955,2.7736730575561523,2.7920455932617188,False
train,0.4994790554046631,0.6436507701873779,0.20753255486488342,0.1987547129392624,0.12286002188920975,0.3060818910598755,2.7873716354370117,2.804126739501953,False
train,0.4998958110809326,0.7277777791023254,0.20921574532985687,0.19880403578281403,0.11990423500537872,0.2924031615257263,2.8018875122070312,2.817103624343872,False
train,0.5003125667572021,0.658730149269104,0.21090340614318848,0.19884611666202545,0.11699819564819336,0.27875930070877075,2.8174266815185547,2.831183433532715,False
train,0.5007293224334717,0.43412697315216064,0.21259595453739166,0.19888141751289368,0.11414175480604172,0.26516813039779663,2.8341636657714844,2.846541404724121,False
train,0.5011460781097412,0.1825396865606308,0.21429452300071716,0.19891010224819183,0.11133486032485962,0.25164473056793213,2.852299213409424,2.8633782863616943,False
train,0.5015628337860107,0.17301587760448456,0.2159993052482605,0.19893191754817963,0.10857731103897095,0.23820006847381592,2.8719873428344727,2.8818483352661133,False
train,0.5019795894622803,0.16825397312641144,0.21771058440208435,0.19894684851169586,0.1058691218495369,0.22484591603279114,2.893378973007202,2.90210223197937,False
train,0.5023963451385498,0.17936508357524872,0.21942958235740662,0.1989552080631256,0.10321009159088135,0.21159067749977112,2.9166183471679688,2.924283266067505,False
train,0.5028131008148193,0.21111111342906952,0.2211572378873825,0.19895696640014648,0.10060000419616699,0.1984369456768036,2.941830635070801,2.9485156536102295,False
train,0.5032298564910889,0.11428571492433548,0.22289328277111053,0.19895222783088684,0.09803855419158936,0.18539051711559296,2.9691126346588135,2.9748947620391846,False
train,0.5036466121673584,0.10079365223646164,0.22464022040367126,0.19894100725650787,0.09552563726902008,0.17244873940944672,2.998579740524292,3.0035345554351807,False
train,0.5040633678436279,0.13650794327259064,0.22639738023281097,0.1989230215549469,0.0930609479546547,0.15961186587810516,3.0302915573120117,3.034492015838623,False
train,0.5044801235198975,0.04047619178891182,0.22816647589206696,0.1988990306854248,0.09064410626888275,0.1468762457370758,3.064319372177124,3.0678372383117676,False
train,0.504896879196167,0.02222222276031971,0.22994844615459442,0.19886866211891174,0.08827491849660873,0.13423490524291992,3.100712537765503,3.103616714477539,False
train,0.5053136348724365,0.011111111380159855,0.23174412548542023,0.19883227348327637,0.08595301955938339,0.12167899310588837,3.1395058631896973,3.1418628692626953,False
train,0.5057303309440613,0.009523809887468815,0.2335539162158966,0.19878968596458435,0.08367825299501419,0.10920193046331406,3.1807005405426025,3.182574510574341,False
train,0.5061470866203308,0.03650793805718422,0.2353796511888504,0.19874097406864166,0.08144976198673248,0.09678599238395691,3.224327802658081,3.2257802486419678,False
train,0.5065638422966003,0.02460317499935627,0.23722220957279205,0.19868621230125427,0.07926733046770096,0.08442239463329315,3.2703769207000732,3.2714662551879883,False
train,0.5069805979728699,0.02063492126762867,0.2390824258327484,0.19862531125545502,0.07713070511817932,0.07209478318691254,3.3188259601593018,3.3196089267730713,False
train,0.5073973536491394,0.3087301552295685,0.24096056818962097,0.19855853915214539,0.075039342045784,0.05978557467460632,3.3696231842041016,3.3701536655426025,False
train,0.5078141093254089,0.3261904716491699,0.24285845458507538,0.19848580658435822,0.07299280166625977,0.047479048371315,3.42275071144104,3.4230799674987793,False
train,0.5082308650016785,0.12777778506278992,0.2447769194841385,0.19840741157531738,0.07099054753780365,0.0351557582616806,3.4781405925750732,3.478318214416504,False
train,0.508647620677948,0.05476190522313118,0.24671670794487,0.19832263886928558,0.06903224438428879,0.022793546319007874,3.5357375144958496,3.535810947418213,False
train,0.5090643763542175,0.02460317499935627,0.24867795407772064,0.19823208451271057,0.06711731851100922,0.010374501347541809,3.5954525470733643,3.5954675674438477,False
train,0.5094811320304871,0.15714286267757416,0.25066298246383667,0.1981358826160431,0.06524527072906494,-0.002124875783920288,3.6572303771972656,3.657231092453003,False
train,0.5098978877067566,0.17539682984352112,0.2526707649230957,0.19803354144096375,0.06341549754142761,-0.014723986387252808,3.7209529876708984,3.720982074737549,False
train,0.5103146433830261,0.02063492126762867,0.2547038793563843,0.19792520999908447,0.061627600342035294,-0.027446389198303223,3.7865662574768066,3.786665678024292,False
train,0.5107313990592957,0.015079365111887455,0.25676196813583374,0.19781091809272766,0.059880953282117844,-0.0403168648481369,3.8539488315582275,3.8541595935821533,False
train,0.5111481547355652,0.0396825410425663,0.25884559750556946,0.19769081473350525,0.05817499756813049,-0.05335560441017151,3.9229929447174072,3.9233558177948,False
train,0.5115649104118347,0.4444444477558136,0.26095589995384216,0.1975642442703247,0.05650915578007698,-0.06658785045146942,3.993619918823242,3.9941749572753906,False
train,0.5119816660881042,0.22460317611694336,0.2630932033061981,0.19743162393569946,0.05488291755318642,-0.08003506064414978,4.0657124519348145,4.066500186920166,False
train,0.5123984217643738,0.33095237612724304,0.2652580738067627,0.1972927302122116,0.05329569801688194,-0.09372082352638245,4.139166831970215,4.140227794647217,False
train,0.5128151774406433,0.09444444626569748,0.2674514651298523,0.1971476674079895,0.05174686387181282,-0.10766325891017914,4.213892459869385,4.215267658233643,False
train,0.5132319331169128,0.07380952686071396,0.26967301964759827,0.19699598848819733,0.0502358004450798,-0.12189164757728577,4.289770126342773,4.291501522064209,False
train,0.5136486887931824,0.10634920746088028,0.2719234526157379,0.19683802127838135,0.048761967569589615,-0.1364208161830902,4.3667097091674805,4.368840217590332,False
train,0.5140654444694519,0.0023809524718672037,0.2742033898830414,0.1966734528541565,0.0473247766494751,-0.1512754261493683,4.444627285003662,4.447200775146484,False
train,0.5144822001457214,0.0023809524718672037,0.27651262283325195,0.19650185108184814,0.04592357203364372,-0.16647180914878845,4.5234222412109375,4.526484489440918,False
train,0.514898955821991,0.05873015895485878,0.27885258197784424,0.1963237076997757,0.04455772042274475,-0.18202975392341614,4.6030378341674805,4.606635570526123,False
train,0.5153157114982605,1.0,0.28122201561927795,0.1961381584405899,0.0432267002761364,-0.1979677975177765,4.6833648681640625,4.687547206878662,False
train,0.51573246717453,0.6515873074531555,0.28362229466438293,0.19594579935073853,0.04192982614040375,-0.21430331468582153,4.764366149902344,4.769183158874512,False
train,0.5161492228507996,0.2023809552192688,0.2860528230667114,0.19574612379074097,0.04066651314496994,-0.23105263710021973,4.845963954925537,4.851469039916992,False
train,0.5165659785270691,0.009523809887468815,0.2885149419307709,0.19553865492343903,0.03943609818816185,-0.24822711944580078,4.928141117095947,4.934388637542725,False
train,0.5169827342033386,0.02777777798473835,0.29100728034973145,0.1953238546848297,0.0382380448281765,-0.2658418118953705,5.0108208656311035,5.017867565155029,False
train,0.5173994302749634,0.0055555556900799274,0.29353076219558716,0.19510126113891602,0.03707189857959747,-0.28390681743621826,5.093991279602051,5.1018967628479,False
train,0.5178161859512329,0.18412698805332184,0.29608580470085144,0.19487068057060242,0.0359366238117218,-0.30243733525276184,5.177644729614258,5.186470031738281,False
train,0.5182329416275024,0.3682539761066437,0.29867255687713623,0.19463203847408295,0.03483181074261665,-0.3214408755302429,5.26177453994751,5.2715840339660645,False
train,0.518649697303772,0.0055555556900799274,0.30129069089889526,0.19438494741916656,0.03375690057873726,-0.34092584252357483,5.346372604370117,5.357231616973877,False
train,0.5190664529800415,0.02698412723839283,0.3039402365684509,0.1941293179988861,0.03271125257015228,-0.36089783906936646,5.431455612182617,5.443432331085205,False
train,0.519483208656311,0.0063492064364254475,0.30662205815315247,0.193865105509758,0.03169427439570427,-0.38136354088783264,5.517056465148926,5.530221462249756,False
train,0.5198999643325806,0.0007936508045531809,0.3093356192111969,0.1935918629169464,0.030705245211720467,-0.40232497453689575,5.603194713592529,5.61761999130249,False
train,0.5203167200088501,0.0,0.31208154559135437,0.19330976903438568,0.02974378690123558,-0.4237881302833557,5.68992805480957,5.705687999725342,False
train,0.5207334756851196,0.0007936508045531809,0.3148598074913025,0.19301822781562805,0.0288091991096735,-0.4457533657550812,5.77729606628418,5.794466972351074,False
train,0.5211502313613892,0.007936508394777775,0.3176707923412323,0.19271767139434814,0.027900904417037964,-0.4682217836380005,5.865361213684082,5.8840203285217285,False
train,0.5215669870376587,0.0007936508045531809,0.32051390409469604,0.19240669906139374,0.027018288150429726,-0.4911884367465973,5.954174995422363,5.974400520324707,False
train,0.5219837427139282,0.0007936508045531809,0.3233904540538788,0.1920865774154663,0.026160819455981255,-0.5146552324295044,6.043814659118652,6.065687656402588,False
train,0.5224004983901978,0.011904762126505375,0.3263005316257477,0.19175608456134796,0.025327907875180244,-0.5386205911636353,6.134357452392578,6.157958507537842,True
train,0.5228172540664673,0.0015873016091063619,0.32924410700798035,0.19141535460948944,0.024519003927707672,-0.5630757808685303,6.225865840911865,6.25127649307251,True
train,0.5232340097427368,0.0,0.33222153782844543,0.1910644769668579,0.023733502253890038,-0.5880175828933716,6.31840705871582,6.345709800720215,True
train,0.5236507654190063,0.0015873016091063619,0.335233598947525,0.1907026767730713,0.022970911115407944,-0.6134382486343384,6.412060260772705,6.4413371086120605,True
train,0.5240675210952759,0.0007936508045531809,0.3382800817489624,0.19033020734786987,0.022230658680200577,-0.6393335461616516,6.506881237030029,6.538214683532715,True
train,0.5244842767715454,0.004761904943734407,0.3413620591163635,0.18994705379009247,0.021512215957045555,-0.6656926870346069,6.602933883666992,6.636405944824219,True
train,0.5249010324478149,0.008730159141123295,0.34447982907295227,0.18955251574516296,0.02081502228975296,-0.6925074458122253,6.700278282165527,6.735970497131348,True
train,0.5253177881240845,0.02142857201397419,0.3476335108280182,0.18914663791656494,0.02013859897851944,-0.7197678089141846,6.798933982849121,6.8369269371032715,True
train,0.525734543800354,0.03015873022377491,0.3508237898349762,0.18872953951358795,0.019482413306832314,-0.7474648952484131,6.898935794830322,6.939309597015381,True
train,0.5261512994766235,0.04285714402794838,0.3540511131286621,0.18830056488513947,0.018845945596694946,-0.7755842208862305,7.000303745269775,7.043137550354004,True
train,0.5265680551528931,0.26428571343421936,0.35731589794158936,0.18786007165908813,0.01822870410978794,-0.8041187524795532,7.103014945983887,7.148386478424072,True
train,0.5269848108291626,0.3182539641857147,0.36061885952949524,0.18740729987621307,0.017630213871598244,-0.833053469657898,7.207067966461182,7.255053997039795,True
train,0.5274015665054321,0.1587301641702652,0.3639602065086365,0.18694256246089935,0.017049968242645264,-0.8623741269111633,7.312401294708252,7.363077163696289,True
train,0.5278183221817017,0.380952388048172,0.367340624332428,0.18646588921546936,0.01648750901222229,-0.8920705318450928,7.4189558029174805,7.472395420074463,True
train,0.5282350778579712,0.6095238327980042,0.37076056003570557,0.18597620725631714,0.015942348167300224,-0.9221267700195312,7.526643753051758,7.582920551300049,True
train,0.528651773929596,0.5706349015235901,0.3742191195487976,0.18547481298446655,0.015414141118526459,-0.9525277614593506,7.6352996826171875,7.694485664367676,True
train,0.5290685296058655,0.8849206566810608,0.3777186870574951,0.18496020138263702,0.014902239665389061,-0.9832639694213867,7.744849681854248,7.807016372680664,True
train,0.529485285282135,0.8420634865760803,0.3812578320503235,0.18443286418914795,0.01440630853176117,-1.0143197774887085,7.855066299438477,7.920284748077393,True
train,0.5299020409584045,0.6007936596870422,0.38483789563179016,0.1838928908109665,0.013925890438258648,-1.0456793308258057,7.9657697677612305,8.034111022949219,True
train,0.5303187966346741,0.21587301790714264,0.3884587585926056,0.18333986401557922,0.01346058864146471,-1.0773276090621948,8.076729774475098,8.148263931274414,True
train,0.5307355523109436,0.25555557012557983,0.3921193778514862,0.18277378380298615,0.013009973801672459,-1.1092499494552612,8.187652587890625,8.262451171875,True
train,0.5311523079872131,0.3896825313568115,0.3958205580711365,0.18219445645809174,0.012573635205626488,-1.1414316892623901,8.298255920410156,8.37639045715332,True
train,0.5315690636634827,0.3619047701358795,0.3995612859725952,0.18160195648670197,0.01215116772800684,-1.1738579273223877,8.408209800720215,8.489754676818848,True
train,0.5319858193397522,0.2944444417953491,0.4033418893814087,0.1809958964586258,0.011742200702428818,-1.2065129280090332,8.517171859741211,8.602202415466309,True
train,0.5324025750160217,0.1785714328289032,0.4071616530418396,0.1803765594959259,0.011346337385475636,-1.2393845319747925,8.624751091003418,8.713346481323242,True
train,0.5328193306922913,0.0912698432803154,0.41101884841918945,0.17974373698234558,0.010963207110762596,-1.2724545001983643,8.730518341064453,8.822759628295898,True
train,0.5332360863685608,0.17777778208255768,0.4149140417575836,0.1790972203016281,0.010592428036034107,-1.3057101964950562,8.834071159362793,8.930044174194336,True
train,0.5336528420448303,0.2579365074634552,0.41884517669677734,0.17843718826770782,0.010233667679131031,-1.3391389846801758,8.934928894042969,9.034725189208984,True
train,0.5340695977210999,0.4039682447910309,0.42281094193458557,0.1777636706829071,0.009886562824249268,-1.3727247714996338,9.032620429992676,9.136334419250488,True
train,0.5344863533973694,0.1547619104385376,0.42681029438972473,0.17707622051239014,0.009550770744681358,-1.4064555168151855,9.126660346984863,9.234395027160645,True
train,0.5349031090736389,0.06190476194024086,0.43084079027175903,0.17637477815151215,0.009225951507687569,-1.440313696861267,9.216536521911621,9.328399658203125,True
train,0.5353198647499084,0.12619048357009888,0.4349016845226288,0.17565956711769104,0.008911794982850552,-1.4742939472198486,9.301753997802734,9.417864799499512,True
train,0.535736620426178,0.1388888955116272,0.4389896094799042,0.17493078112602234,0.008607975207269192,-1.508377194404602,9.381766319274902,9.502248764038086,True
train,0.5361533761024475,0.03412698581814766,0.44310274720191956,0.17418807744979858,0.00831418577581644,-1.5425548553466797,9.456068992614746,9.581060409545898,True
train,0.536570131778717,0.02222222276031971,0.447238951921463,0.17343109846115112,0.00803010817617178,-1.5768122673034668,9.524163246154785,9.65380859375,True
train,0.5369868874549866,0.0015873016091063619,0.4513944685459137,0.17266060411930084,0.007755464408546686,-1.6111410856246948,9.5855131149292,9.719971656799316,True
train,0.5374036431312561,0.003968254197388887,0.4555675685405731,0.1718759536743164,0.007489965297281742,-1.645527958869934,9.639664649963379,9.779105186462402,True
train,0.5378203988075256,0.01825396902859211,0.4597536325454712,0.17107746005058289,0.007233326323330402,-1.6799649000167847,9.68610954284668,9.830717086791992,True
train,0.5382371544837952,0.8357142806053162,0.4639502167701721,0.17026512324810028,0.006985264364629984,-1.7144447565078735,9.724421501159668,9.874396324157715,True
train,0.5386539101600647,0.9396825432777405,0.46815377473831177,0.16943858563899994,0.006745533086359501,-1.7489452362060547,9.754182815551758,9.909736633300781,True
train,0.5390706658363342,0.46587300300598145,0.4723604917526245,0.16859813034534454,0.006513860542327166,-1.7834690809249878,9.775003433227539,9.936369895935059,True
train,0.5394874215126038,0.02460317499935627,0.4765661358833313,0.16774393618106842,0.006289996672421694,-1.8180046081542969,9.786524772644043,9.953954696655273,True
train,0.5399041175842285,0.09047619253396988,0.4807669520378113,0.16687585413455963,0.006073713768273592,-1.852534294128418,9.788456916809082,9.962217330932617,True
train,0.540320873260498,0.44603174924850464,0.484959214925766,0.16599351167678833,0.00586474034935236,-1.8870611190795898,9.780519485473633,9.960901260375977,True
train,0.5407376289367676,0.7865079641342163,0.48913878202438354,0.1650974154472351,0.00566285802051425,-1.9215704202651978,9.762496948242188,9.949812889099121,True
train,0.5411543846130371,0.711904764175415,0.493301123380661,0.16418756544589996,0.005467840936034918,-1.9560550451278687,9.734228134155273,9.928813934326172,True
train,0.5415711402893066,0.6166666746139526,0.49744123220443726,0.16326385736465454,0.005279467441141605,-1.9905059337615967,9.695575714111328,9.89779281616211,True
train,0.5419878959655762,0.1071428582072258,0.5015557408332825,0.16232623159885406,0.005097530782222748,-2.0249106884002686,9.646495819091797,9.856730461120605,True
train,0.5424046516418457,0.32301586866378784,0.5056399703025818,0.1613747775554657,0.004921822343021631,-2.0592594146728516,9.586971282958984,9.805639266967773,True
train,0.5428214073181152,0.8682539463043213,0.5096893310546875,0.16040939092636108,0.004752133507281542,-2.0935416221618652,9.517045974731445,9.744592666625977,True
train,0.5432381629943848,0.938095211982727,0.5136993527412415,0.1594306379556656,0.004588272888213396,-2.1277503967285156,9.436813354492188,9.673715591430664,True
train,0.5436549186706543,0.9595237970352173,0.5176662802696228,0.15843789279460907,0.004430054221302271,-2.161867141723633,9.346424102783203,9.593191146850586,True
train,0.5440716743469238,0.9730158448219299,0.5215854644775391,0.15743166208267212,0.004277286119759083,-2.1958870887756348,9.246066093444824,9.503244400024414,True
train,0.5444884300231934,0.9785714149475098,0.525453507900238,0.15641191601753235,0.004129794426262379,-2.2297921180725098,9.136006355285645,9.404178619384766,True
train,0.5449051856994629,0.9634920358657837,0.5292657613754272,0.15537844598293304,0.0039873975329101086,-2.263563394546509,9.01653003692627,9.296318054199219,True
train,0.5453219413757324,0.9674603343009949,0.533018171787262,0.15433186292648315,0.0038499380461871624,-2.297194719314575,8.88794994354248,9.18001937866211,True
train,0.545738697052002,0.973809540271759,0.5367077589035034,0.15327174961566925,0.0037172436714172363,-2.330657958984375,8.75068187713623,9.05573844909668,True
train,0.5461554527282715,0.9642857313156128,0.5403302907943726,0.15219834446907043,0.0035891591105610132,-2.363943338394165,8.605093002319336,8.9238920211792,True
train,0.546572208404541,0.9579365253448486,0.5438833236694336,0.15111160278320312,0.0034655265044420958,-2.397024393081665,8.451640129089355,8.784984588623047,True
train,0.5469889640808105,0.9658730030059814,0.5473626255989075,0.15001197159290314,0.0033462028950452805,-2.4298837184906006,8.290790557861328,8.639533996582031,True
train,0.5474057197570801,0.9698412418365479,0.5507661700248718,0.14889943599700928,0.0032310362439602613,-2.4624953269958496,8.123051643371582,8.4881010055542,True
train,0.5478224754333496,0.9904761910438538,0.5540909171104431,0.14777371287345886,0.003119892440736294,-2.4948346614837646,7.94888973236084,8.331209182739258,True
train,0.5482392311096191,0.9833333492279053,0.5573340654373169,0.14663544297218323,0.003012630855664611,-2.526876449584961,7.76885986328125,8.169472694396973,True
train,0.5486559867858887,0.9690476059913635,0.5604933500289917,0.14548450708389282,0.002909123431891203,-2.558590888977051,7.583459854125977,8.00345230102539,True
train,0.5490727424621582,0.9690476059913635,0.563567042350769,0.14432114362716675,0.0028092411812394857,-2.589949369430542,7.393255710601807,7.833776950836182,True
train,0.5494894981384277,0.970634937286377,0.5665530562400818,0.1431455910205841,0.0027128607034683228,-2.6209259033203125,7.198748588562012,7.661020278930664,True
train,0.5499062538146973,0.9817460179328918,0.5694498419761658,0.14195777475833893,0.0026198578998446465,-2.6514785289764404,7.000479698181152,7.485790252685547,True
train,0.5503230094909668,0.9857142567634583,0.5722559094429016,0.14075806736946106,0.002530125668272376,-2.6815786361694336,6.798983573913574,7.308696269989014,True
train,0.5507397651672363,0.9865079522132874,0.5749698877334595,0.13954675197601318,0.002443545963615179,-2.7111945152282715,6.594743728637695,7.130302906036377,True
train,0.5511564612388611,0.9801587462425232,0.5775905251502991,0.1383240520954132,0.0023600244894623756,-2.7402806282043457,6.388301849365234,6.951225757598877,True
train,0.5515732169151306,0.970634937286377,0.5801188945770264,0.13708992302417755,0.0022794294636696577,-2.7688088417053223,6.180089950561523,6.771987438201904,True
train,0.5519899725914001,0.9714285731315613,0.582551896572113,0.1358448714017868,0.002201671712100506,-2.7967398166656494,5.970578193664551,6.59314489364624,True
train,0.5524067282676697,0.9714285731315613,0.5848909020423889,0.13458889722824097,0.002126655774191022,-2.8240325450897217,5.760204792022705,6.415225505828857,True
train,0.5528234839439392,0.9801587462425232,0.5871349573135376,0.13332249224185944,0.0020542831625789404,-2.8506510257720947,5.54939079284668,6.238746166229248,True
train,0.5532402396202087,0.9658730030059814,0.589284360408783,0.13204611837863922,0.0019844628404825926,-2.876556396484375,5.338520050048828,6.064187526702881,False
train,0.5536569952964783,0.9785714149475098,0.5913386940956116,0.13075971603393555,0.001917108427733183,-2.901704788208008,5.127964973449707,5.892021179199219,False
train,0.5540737509727478,0.9690476059913635,0.5932982563972473,0.12946376204490662,0.0018521312158554792,-2.9260640144348145,4.9180402755737305,5.7226715087890625,False
train,0.5544905066490173,0.9730158448219299,0.5951640009880066,0.1281587779521942,0.0017894483171403408,-2.949594736099243,4.709072589874268,5.556570529937744,False
train,0.5549072623252869,0.9666666388511658,0.5969365835189819,0.12684495747089386,0.001728978706523776,-2.9722635746002197,4.501312732696533,5.3940863609313965,False
train,0.5553240180015564,0.9634920358657837,0.5986161231994629,0.12552247941493988,0.0016706464812159538,-2.9940249919891357,4.295031547546387,5.235597610473633,False
train,0.5557407736778259,0.9785714149475098,0.6002029776573181,0.12419209629297256,0.0016143759712576866,-3.0148534774780273,4.090442657470703,5.0814433097839355,False
train,0.5561575293540955,0.9777777791023254,0.6016987562179565,0.1228540763258934,0.0015600899932906032,-3.034712314605713,3.8877453804016113,4.931941032409668,False
train,0.556574285030365,0.9849206209182739,0.6031038165092468,0.12150867283344269,0.0015077257994562387,-3.0535731315612793,3.687079668045044,4.787364959716797,False
train,0.5569910407066345,0.9753968119621277,0.6044195890426636,0.1201566681265831,0.0014572135405614972,-3.0714097023010254,3.48860239982605,4.648000240325928,False
train,0.557407796382904,0.9801587462425232,0.6056466102600098,0.1187981590628624,0.0014084865106269717,-3.088191032409668,3.2924160957336426,4.514081001281738,False
train,0.5578245520591736,0.970634937286377,0.6067863702774048,0.1174338087439537,0.0013614825438708067,-3.103903293609619,3.0985898971557617,4.385826587677002,False
train,0.5582413077354431,0.9817460179328918,0.6078395843505859,0.11606389284133911,0.0013161376118659973,-3.1185150146484375,2.9071919918060303,4.263437747955322,False
train,0.5586580634117126,0.9801587462425232,0.6088070869445801,0.11468910425901413,0.0012723953695967793,-3.132018566131592,2.7182531356811523,4.147100448608398,False
train,0.5590748190879822,0.9833333492279053,0.6096904873847961,0.11330965906381607,0.001230198540724814,-3.144397258758545,2.5317816734313965,4.036972999572754,False
train,0.5594915747642517,0.9571428298950195,0.6104907989501953,0.11192622035741806,0.001189493341371417,-3.155646324157715,2.3477437496185303,3.933192729949951,False
train,0.5599083304405212,0.9642857313156128,0.6112090945243835,0.11053913831710815,0.0011502229608595371,-3.1657538414001465,2.166131019592285,3.8358988761901855,False
train,0.5603250861167908,0.9603174328804016,0.6118460297584534,0.10914895683526993,0.0011123395524919033,-3.1747231483459473,1.9868855476379395,3.7452077865600586,False
train,0.5607418417930603,0.4126984179019928,0.6124032735824585,0.1077561229467392,0.0010757929412648082,-3.1825568675994873,1.8099145889282227,3.661210060119629,False
train,0.5611585974693298,0.3698412775993347,0.6128812432289124,0.1063610315322876,0.001040535164065659,-3.1892588138580322,1.6351344585418701,3.5839972496032715,False
train,0.5615753531455994,0.908730149269104,0.6132814288139343,0.1049644723534584,0.001006519072689116,-3.1948492527008057,1.4624354839324951,3.5136561393737793,False
train,0.5619921088218689,0.9920634627342224,0.613604724407196,0.10356660187244415,0.0009737018845044076,-3.1993367671966553,1.2916885614395142,3.4502484798431396,False
train,0.5624088644981384,0.9722222089767456,0.6138514280319214,0.10216795653104782,0.0009420403512194753,-3.2027416229248047,1.1227595806121826,3.393838882446289,False
train,0.5628255605697632,0.9753968119621277,0.6140228509902954,0.10076922923326492,0.0009114977438002825,-3.205090284347534,0.9555208683013916,3.344491720199585,False
train,0.5632423162460327,0.9825396537780762,0.6141197085380554,0.09937041252851486,0.00088202313054353,-3.2064127922058105,0.7897471785545349,3.302239179611206,False
train,0.5636590719223022,0.9817460179328918,0.6141419410705566,0.09797196090221405,0.0008535846718586981,-3.2067337036132812,0.625283420085907,3.267127275466919,False
train,0.5640758275985718,0.9849206209182739,0.6140915751457214,0.096574567258358,0.0008261445909738541,-3.2061004638671875,0.4619433879852295,3.239208459854126,False
train,0.5644925832748413,0.9722222089767456,0.6139678359031677,0.09517845511436462,0.0007996675558388233,-3.204547882080078,0.29952237010002136,3.218515396118164,False
train,0.5649093389511108,0.9873015880584717,0.6137716174125671,0.09378406405448914,0.0007741175941191614,-3.202122211456299,0.13781285285949707,3.2050864696502686,False
train,0.5653260946273804,0.9825396537780762,0.6135030388832092,0.09239184111356735,0.0007494629826396704,-3.1988718509674072,-0.023406386375427246,3.1989574432373047,False
train,0.5657428503036499,0.9896825551986694,0.6131625175476074,0.09100201725959778,0.0007256714743562043,-3.1948440074920654,-0.18435364961624146,3.2001585960388184,False
train,0.5661596059799194,0.9920634627342224,0.6127504110336304,0.08961471170186996,0.0007027110550552607,-3.1900880336761475,-0.3452766537666321,3.20871901512146,False
train,0.566576361656189,0.9888888597488403,0.612266480922699,0.08823052048683167,0.0006805520970374346,-3.184664487838745,-0.5064031481742859,3.224675416946411,False
train,0.5669931173324585,0.9888888597488403,0.6117106080055237,0.08684943616390228,0.0006591660785488784,-3.1786227226257324,-0.667979896068573,3.248051643371582,False
train,0.567409873008728,0.9833333492279053,0.6110827922821045,0.08547207713127136,0.000638525583781302,-3.172029495239258,-0.8302449584007263,3.278883695602417,False
train,0.5678266286849976,0.9888888597488403,0.6103828549385071,0.08409835398197174,0.000618603138718754,-3.16493821144104,-0.993475079536438,3.317201614379883,False
train,0.5682433843612671,0.9801587462425232,0.6096105575561523,0.08272852748632431,0.0005993732484057546,-3.1574060916900635,-1.1579033136367798,3.363027572631836,False
train,0.5686601400375366,0.9849206209182739,0.6087648868560791,0.08136285841464996,0.0005808112910017371,-3.1494944095611572,-1.3237907886505127,3.4163925647735596,False
train,0.5690768957138062,0.9682539701461792,0.6078457236289978,0.0800013318657875,0.0005628924700431526,-3.14125394821167,-1.491384506225586,3.4773128032684326,False
train,0.5694936513900757,0.9698412418365479,0.6068524122238159,0.07864416390657425,0.0005455949576571584,-3.132746458053589,-1.6609506607055664,3.5458223819732666,False
train,0.5699104070663452,0.9865079522132874,0.605783998966217,0.07729137688875198,0.0005288948304951191,-3.1240222454071045,-1.832747220993042,3.621943712234497,False
train,0.5703271627426147,0.9841269850730896,0.6046395897865295,0.07594313472509384,0.0005127720651216805,-3.1151340007781982,-2.0070085525512695,3.705690622329712,False
train,0.5707439184188843,0.9793650507926941,0.603418231010437,0.07459954917430878,0.0004972052993252873,-3.106132984161377,-2.183990716934204,3.7970879077911377,False
train,0.5711606740951538,0.9801587462425232,0.6021191477775574,0.07326044142246246,0.00048217474250122905,-3.097048759460449,-2.3639187812805176,3.8961291313171387,False
train,0.5715774297714233,0.9666666388511658,0.6007402539253235,0.071926049888134,0.00046766060404479504,-3.0879342555999756,-2.5470380783081055,4.002841472625732,False
train,0.5719941854476929,0.9865079522132874,0.5992814302444458,0.07059632986783981,0.00045364556717686355,-3.0788180828094482,-2.7335703372955322,4.117223262786865,False
train,0.5724109411239624,0.9746031761169434,0.5977403521537781,0.06927117705345154,0.0004401104524731636,-3.0697221755981445,-2.923710346221924,4.239253997802734,False
train,0.5728276968002319,0.9865079522132874,0.5961159467697144,0.06795064359903336,0.00042703893268480897,-3.0606744289398193,-3.117671489715576,4.368936538696289,False
train,0.5732444524765015,0.9674603343009949,0.5944071412086487,0.0666346549987793,0.0004144140111748129,-3.0516788959503174,-3.315622329711914,4.506228446960449,False
train,0.573661208152771,0.9785714149475098,0.5926119089126587,0.06532344222068787,0.00040221979725174606,-3.042755603790283,-3.517731189727783,4.651106834411621,False
train,0.5740779042243958,0.9809523820877075,0.5907287001609802,0.06401661038398743,0.0003904422337654978,-3.03387713432312,-3.724104404449463,4.803473949432373,False
train,0.5744946599006653,0.9730158448219299,0.5887556076049805,0.06271431595087051,0.0003790640039369464,-3.0250496864318848,-3.934918165206909,4.963315963745117,False
train,0.5749114155769348,0.9777777791023254,0.5866913199424744,0.061416517943143845,0.00036807224387302995,-3.016249895095825,-4.150247573852539,5.130527973175049,False
train,0.5753281712532043,0.9904761910438538,0.5845335125923157,0.06012312322854996,0.0003574523434508592,-3.0074360370635986,-4.370141983032227,5.3049798011779785,False
train,0.5757449269294739,0.9865079522132874,0.582280158996582,0.05883421003818512,0.00034719204995781183,-2.99857234954834,-4.594637393951416,5.486540794372559,False
train,0.5761616826057434,0.973809540271759,0.5799302458763123,0.05754994601011276,0.00033727832487784326,-2.989612102508545,-4.823726654052734,5.67504358291626,False
train,0.5765784382820129,0.976190447807312,0.5774812698364258,0.05627016723155975,0.00032769827521406114,-2.9804821014404297,-5.0573625564575195,5.8702802658081055,False
train,0.5769951939582825,0.9785714149475098,0.5749325752258301,0.05499500408768654,0.0003184406668879092,-2.9711132049560547,-5.295468807220459,6.072026252746582,False
train,0.577411949634552,0.9746031761169434,0.5722814202308655,0.05372469872236252,0.0003094938292633742,-2.961426258087158,-5.537897109985352,6.279995918273926,True
train,0.5778287053108215,0.9912698268890381,0.5695262551307678,0.05245930328965187,0.0003008468193002045,-2.9513256549835205,-5.784480094909668,6.493884086608887,True
train,0.5782454609870911,0.9801587462425232,0.5666662454605103,0.05119897425174713,0.0002924890141002834,-2.9407098293304443,-6.0349907875061035,6.71333646774292,True
train,0.5786622166633606,0.9849206209182739,0.5636993050575256,0.0499439537525177,0.00028441002359613776,-2.929464340209961,-6.289129734039307,6.937932968139648,True
train,0.5790789723396301,0.9753968119621277,0.5606239438056946,0.04869461432099342,0.0002766003308352083,-2.917480707168579,-6.546568393707275,7.167234897613525,True
train,0.5794957280158997,0.9849206209182739,0.5574396252632141,0.04745122417807579,0.000269050186034292,-2.9046263694763184,-6.806892395019531,7.400718688964844,True
train,0.5799124836921692,0.9777777791023254,0.554145097732544,0.04621415585279465,0.0002617503050714731,-2.8907713890075684,-7.069642543792725,7.637827396392822,True
train,0.5803292393684387,0.9746031761169434,0.5507392883300781,0.0449838824570179,0.00025469213142059743,-2.875789165496826,-7.33431339263916,7.877964019775391,True
train,0.5807459950447083,0.973809540271759,0.5472220778465271,0.04376085475087166,0.00024786751600913703,-2.8595328330993652,-7.600285530090332,8.120423316955566,True
train,0.5811627507209778,0.9714285731315613,0.5435926914215088,0.0425456203520298,0.00024126765492837876,-2.841876745223999,-7.8669586181640625,8.364526748657227,True
train,0.5815795063972473,0.9698412418365479,0.5398521423339844,0.04133887588977814,0.00023488467559218407,-2.822681427001953,-8.133590698242188,8.609461784362793,True
train,0.5819962620735168,0.9730158448219299,0.5359996557235718,0.04014124721288681,0.00022871156397741288,-2.8018219470977783,-8.399431228637695,8.854413986206055,True
train,0.5824130177497864,0.988095223903656,0.5320366024971008,0.03895346447825432,0.00022274036018643528,-2.7791693210601807,-8.663660049438477,9.098505020141602,True
train,0.5828297734260559,0.9793650507926941,0.5279636383056641,0.03777618706226349,0.00021696457406505942,-2.7546074390411377,-8.925419807434082,9.34082317352295,True
train,0.5832465291023254,0.9730158448219299,0.5237820148468018,0.03661034628748894,0.00021137723524589092,-2.728036403656006,-9.183791160583496,9.58040714263916,True
train,0.583663284778595,0.9769841432571411,0.5194939970970154,0.03545670583844185,0.00020597146067302674,-2.6993558406829834,-9.437824249267578,9.816264152526855,True
train,0.5840800404548645,0.9785714149475098,0.5151013135910034,0.03431624546647072,0.00020074144413229078,-2.6684975624084473,-9.686530113220215,10.047374725341797,True
train,0.584496796131134,0.976190447807312,0.5106064677238464,0.033189766108989716,0.00019568097195588052,-2.635396718978882,-9.928933143615723,10.27273178100586,True
train,0.5849135518074036,0.9785714149475098,0.5060128569602966,0.03207831457257271,0.0001907840633066371,-2.6000187397003174,-10.164011001586914,10.491291999816895,True
train,0.5853302478790283,0.9746031761169434,0.5013243556022644,0.030982868745923042,0.00018604590150061995,-2.5623412132263184,-10.390729904174805,10.70200252532959,True
train,0.5857470035552979,0.9801587462425232,0.49654361605644226,0.029904160648584366,0.00018145947251468897,-2.5223617553710938,-10.608144760131836,10.903901100158691,True
train,0.5861637592315674,0.973809540271759,0.49167516827583313,0.028843246400356293,0.00017702051263768226,-2.4801089763641357,-10.815267562866211,11.095988273620605,True
train,0.5865805149078369,0.9698412418365479,0.48672419786453247,0.027801113203167915,0.00017272376862820238,-2.4356343746185303,-11.011155128479004,11.277316093444824,True
train,0.5869972705841064,0.9730158448219299,0.48169517517089844,0.026778526604175568,0.00016856439469847828,-2.388997793197632,-11.19491195678711,11.446980476379395,True
train,0.587414026260376,0.9714285731315613,0.4765942692756653,0.025776581838726997,0.00016453780699521303,-2.340315103530884,-11.36573314666748,11.604178428649902,True
train,0.5878307819366455,0.9555555582046509,0.4714259207248688,0.024795841425657272,0.00016063940711319447,-2.289679765701294,-11.522862434387207,11.748147964477539,True
train,0.588247537612915,0.932539701461792,0.46619731187820435,0.023837236687541008,0.00015686493134126067,-2.2372424602508545,-11.665643692016602,11.878236770629883,True
train,0.5886642932891846,0.9285714030265808,0.4609139561653137,0.022901440039277077,0.0001532101014163345,-2.1831555366516113,-11.793503761291504,11.99386978149414,True
train,0.5890810489654541,0.8007936477661133,0.4555830657482147,0.021989069879055023,0.00014967110473662615,-2.1275901794433594,-11.905993461608887,12.094598770141602,True
train,0.5894978046417236,0.7404761910438538,0.4502106010913849,0.021100662648677826,0.00014624370669480413,-2.070730686187744,-12.002756118774414,12.180068016052246,True
train,0.5899145603179932,0.7126984000205994,0.44480302929878235,0.020236805081367493,0.0001429243420716375,-2.012784242630005,-12.08355712890625,12.25004768371582,True
train,0.5903313159942627,0.18174603581428528,0.43936851620674133,0.019397808238863945,0.00013970948930364102,-1.953950047492981,-12.148309707641602,12.304444313049316,True
train,0.5907480716705322,0.13809524476528168,0.43391183018684387,0.01858394593000412,0.0001365954813081771,-1.894438624382019,-12.197010040283203,12.343255996704102,True
train,0.5911648273468018,0.16031746566295624,0.42844173312187195,0.01779555156826973,0.00013357901480048895,-1.8344730138778687,-12.229806900024414,12.36662769317627,True
train,0.5915815830230713,0.05476190522313118,0.4229638874530792,0.017032627016305923,0.00013065693201497197,-1.7742564678192139,-12.246953964233398,12.374807357788086,True
train,0.5919983386993408,0.0793650820851326,0.41748470067977905,0.016295360401272774,0.00012782597332261503,-1.7140135765075684,-12.248811721801758,12.36815357208252,True
train,0.5924150943756104,0.04047619178891182,0.41201087832450867,0.015583565458655357,0.00012508290819823742,-1.6539357900619507,-12.235878944396973,12.347155570983887,True
train,0.5928318500518799,0.06904762238264084,0.40654900670051575,0.014897221699357033,0.00012242558295838535,-1.594229817390442,-12.208724975585938,12.312373161315918,True
train,0.5932486057281494,0.10952381044626236,0.4011039435863495,0.014236044138669968,0.00011985051969531924,-1.5350743532180786,-12.168012619018555,12.264460563659668,True
train,0.593665361404419,0.12936508655548096,0.3956819176673889,0.013599767349660397,0.00011735536099877208,-1.4766426086425781,-12.114484786987305,12.204147338867188,True
train,0.5940821170806885,0.15000000596046448,0.39028799533843994,0.012988095171749592,0.00011493745842017233,-1.419100284576416,-12.048957824707031,12.13223934173584,True
train,0.594498872756958,0.15158730745315552,0.38492706418037415,0.012400527484714985,0.00011259417078690603,-1.3625816106796265,-11.972285270690918,12.049574851989746,True
train,0.5949156284332275,0.17619048058986664,0.3796040415763855,0.011836695484817028,0.00011032316979253665,-1.3072253465652466,-11.885381698608398,11.957053184509277,True
train,0.5953323841094971,0.27142858505249023,0.3743225634098053,0.011296000331640244,0.00010812219261424616,-1.2531355619430542,-11.789151191711426,11.855565071105957,True
train,0.5957491397857666,0.3174603283405304,0.36908629536628723,0.01077787484973669,0.00010598897642921656,-1.200406789779663,-11.684549331665039,11.746048927307129,True
train,0.5961658954620361,0.2650793790817261,0.36389869451522827,0.010281763039529324,0.00010392122931079939,-1.1491234302520752,-11.572500228881836,11.629412651062012,True
train,0.5965826511383057,0.28730159997940063,0.3587628901004791,0.009807020425796509,0.00010191684850724414,-1.0993458032608032,-11.45393180847168,11.50656795501709,True
train,0.5969993472099304,0.18412698805332184,0.35368138551712036,0.009353035129606724,9.99743933789432e-05,-1.0511287450790405,-11.329758644104004,11.378414154052734,True
train,0.5974161028862,0.1349206417798996,0.34865641593933105,0.008919043466448784,9.809102630242705e-05,-1.0044951438903809,-11.200849533081055,11.245800971984863,True
train,0.5978328585624695,0.1865079402923584,0.3436892628669739,0.008504428900778294,9.626535029383376e-05,-0.9594743251800537,-11.068023681640625,11.109533309936523,True
train,0.598249614238739,0.22063492238521576,0.3387814164161682,0.008108462207019329,9.449545905226842e-05,-0.9160712361335754,-10.932065963745117,10.970380783081055,True
train,0.5986663699150085,0.04920634999871254,0.33393487334251404,0.007730510551482439,9.277969365939498e-05,-0.8742899894714355,-10.793730735778809,10.829081535339355,True
train,0.5990831255912781,0.0555555559694767,0.3291497528553009,0.0073698400519788265,9.111635881708935e-05,-0.8341151475906372,-10.65367317199707,10.68627643585205,True
train,0.5994998812675476,0.09841269999742508,0.32442742586135864,0.0070258560590445995,8.950384653871879e-05,-0.7955365777015686,-10.51253890991211,10.542596817016602,True
train,0.5999166369438171,0.03730158880352974,0.319766640663147,0.006697807926684618,8.794050518190488e-05,-0.7585197687149048,-10.370841026306152,10.398543357849121,True
train,0.6003333926200867,0.0,0.31516942381858826,0.00638504046946764,8.642497414257377e-05,-0.7230322360992432,-10.229119300842285,10.254640579223633,True
train,0.6007501482963562,0.0,0.3106345534324646,0.006086971610784531,8.49557327455841e-05,-0.6890446543693542,-10.087789535522461,10.111294746398926,True
train,0.6011669039726257,0.0,0.30616191029548645,0.005802928004413843,8.353137673111632e-05,-0.656510055065155,-9.947222709655762,9.968864440917969,True
train,0.6015836596488953,0.0,0.30175119638442993,0.005532330833375454,8.215056732296944e-05,-0.6253886818885803,-9.80774974822998,9.827668190002441,True
train,0.6020004153251648,0.0,0.2974018454551697,0.005274569615721703,8.081192936515436e-05,-0.595632016658783,-9.66963005065918,9.687957763671875,True
train,0.6024171710014343,0.0,0.2931135594844818,0.0050291153602302074,7.951435691211373e-05,-0.5671976208686829,-9.533090591430664,9.549949645996094,True
train,0.6028339266777039,0.0,0.2888854146003723,0.004795374348759651,7.82564893597737e-05,-0.5400323867797852,-9.398292541503906,9.413795471191406,True
train,0.6032506823539734,0.0,0.28471609950065613,0.004572852980345488,7.703725714236498e-05,-0.5140923261642456,-9.26535415649414,9.279605865478516,True
train,0.6036674380302429,0.0,0.2806054949760437,0.004361023660749197,7.585561252199113e-05,-0.48932725191116333,-9.134380340576172,9.147477149963379,True
train,0.6040841937065125,0.0,0.27655258774757385,0.004159414675086737,7.471031858585775e-05,-0.46569201350212097,-9.005423545837402,9.0174560546875,True
train,0.604500949382782,0.0,0.27255624532699585,0.003967535216361284,7.360036397585645e-05,-0.44313764572143555,-8.878500938415527,8.88955307006836,True
train,0.6049177050590515,0.0,0.26861605048179626,0.003784977598115802,7.252481009345502e-05,-0.4216238558292389,-8.75362777709961,8.763775825500488,True
train,0.605334460735321,0.0,0.2647310793399811,0.0036112728994339705,7.148261647671461e-05,-0.4011024832725525,-8.630784034729004,8.64009952545166,True
train,0.6057512164115906,0.0,0.2608996331691742,0.003446033224463463,7.047280814731494e-05,-0.38153401017189026,-8.509912490844727,8.518461227416992,True
train,0.6061679720878601,0.0,0.25712206959724426,0.003288861131295562,6.949456292204559e-05,-0.3628772795200348,-8.390992164611816,8.398835182189941,True
train,0.6065847277641296,0.0,0.25339648127555847,0.0031393691897392273,6.854701496195048e-05,-0.3450920283794403,-8.273932456970215,8.281126022338867,True
train,0.6070014834403992,0.0007936508045531809,0.24972304701805115,0.002997214440256357,6.76292838761583e-05,-0.32814252376556396,-8.158695220947266,8.165291786193848,True
train,0.6074182391166687,0.0,0.2461005300283432,0.002862038789317012,6.674057658528909e-05,-0.3119916319847107,-8.045194625854492,8.051241874694824,True
train,0.6078349947929382,0.0,0.24252814054489136,0.0027335211634635925,6.588007090613246e-05,-0.2966058552265167,-7.9333577156066895,7.938900470733643,True
train,0.608251690864563,0.0,0.2390056699514389,0.0026113444473594427,6.50471483822912e-05,-0.28195199370384216,-7.8231201171875,7.82819938659668,True
train,0.6086684465408325,0.0,0.23553115129470825,0.0024951903615146875,6.42409358988516e-05,-0.26799651980400085,-7.714371204376221,7.719025135040283,True
train,0.609085202217102,0.0,0.2321052998304367,0.0023847860284149647,6.346080772345886e-05,-0.25471100211143494,-7.607082843780518,7.6113457679748535,True
train,0.6095019578933716,0.0007936508045531809,0.22872690856456757,0.0022798532154411077,6.270600715652108e-05,-0.24206647276878357,-7.501166820526123,7.505071640014648,True
train,0.6099187135696411,0.0,0.22539521753787994,0.0021801237016916275,6.197601032909006e-05,-0.23003458976745605,-7.396562576293945,7.400138854980469,True
train,0.6103354692459106,0.0,0.22211024165153503,0.0020853469613939524,6.127017695689574e-05,-0.2185889333486557,-7.293227195739746,7.296502113342285,True
train,0.6107522249221802,0.0007936508045531809,0.2188711166381836,0.0019952794536948204,6.0587801272049546e-05,-0.20770372450351715,-7.191100120544434,7.194098949432373,True
train,0.6111689805984497,0.0031746032182127237,0.21567748486995697,0.0019096906762570143,5.9928453993052244e-05,-0.19735462963581085,-7.090141296386719,7.0928874015808105,True
train,0.6115857362747192,0.0,0.21252800524234772,0.0018283562967553735,5.9291382058290765e-05,-0.1875174343585968,-6.990286350250244,6.992801189422607,True
train,0.6120024919509888,0.0007936508045531809,0.20942340791225433,0.0017510716570541263,5.8676239859778434e-05,-0.17817020416259766,-6.891539096832275,6.8938422203063965,True
train,0.6124192476272583,0.0,0.2063625305891037,0.0016776298871263862,5.8082434406969696e-05,-0.16929051280021667,-6.793854713439941,6.795963764190674,True
train,0.6128360033035278,0.0007936508045531809,0.20334501564502716,0.0016078470507636666,5.7509496400598437e-05,-0.16085807979106903,-6.697206020355225,6.6991376876831055,True
train,0.6132527589797974,0.0031746032182127237,0.20037050545215607,0.0015415202360600233,5.695693107554689e-05,-0.15285077691078186,-6.601583003997803,6.6033525466918945,True
train,0.6136695146560669,0.0015873016091063619,0.1974382996559143,0.0014784891391173005,5.642425094265491e-05,-0.14525045454502106,-6.5069684982299805,6.508589267730713,True
train,0.6140862703323364,0.0031746032182127237,0.19454821944236755,0.0014185835607349873,5.5911059462232515e-05,-0.1380380392074585,-6.413354873657227,6.414840221405029,True
train,0.614503026008606,0.0,0.19169940054416656,0.001361641101539135,5.5416905524907634e-05,-0.131195068359375,-6.320730209350586,6.322091579437256,True
train,0.6149197816848755,0.0031746032182127237,0.18889212608337402,0.0013075174065306783,5.494142169482075e-05,-0.12470480054616928,-6.229105472564697,6.230353832244873,True
train,0.615336537361145,0.0031746032182127237,0.1861252784729004,0.0012560568284243345,5.448419688036665e-05,-0.11854938417673111,-6.138466835021973,6.13961124420166,True
train,0.6157532930374146,0.0023809524718672037,0.18339872360229492,0.001207125373184681,5.4044903663452715e-05,-0.11271288990974426,-6.048825263977051,6.049875259399414,False
train,0.6161700487136841,0.0015873016091063619,0.18071211874485016,0.001160594285465777,5.362310548662208e-05,-0.10718002170324326,-5.960183143615723,5.961146831512451,False
train,0.6165868043899536,0.0,0.17806480824947357,0.001116335391998291,5.321850403561257e-05,-0.10193553566932678,-5.872542858123779,5.873427391052246,False
train,0.6170035600662231,0.0007936508045531809,0.175456240773201,0.0010742309968918562,5.283080827211961e-05,-0.0969650074839592,-5.785902976989746,5.786715507507324,False
train,0.6174203157424927,0.0023809524718672037,0.17288614809513092,0.0010341715533286333,5.245964348432608e-05,-0.09225501120090485,-5.70028018951416,5.701026439666748,False
train,0.6178370714187622,0.0015873016091063619,0.17035385966300964,0.0009960448369383812,5.210470044403337e-05,-0.08779177069664001,-5.615669250488281,5.6163554191589355,False
train,0.6182538270950317,0.003968254197388887,0.16785962879657745,0.0009597528260201216,5.17657827003859e-05,-0.08356299251317978,-5.532101154327393,5.532732009887695,False
train,0.6186705827713013,0.0023809524718672037,0.16540181636810303,0.0009251988376490772,5.1442504627630115e-05,-0.07955648750066757,-5.449545860290527,5.450126647949219,False
train,0.6190873384475708,0.0015873016091063619,0.16298073530197144,0.0008922924171201885,5.113470979267731e-05,-0.07576069235801697,-5.368030071258545,5.368564605712891,False
train,0.6195040345191956,0.0007936508045531809,0.16059626638889313,0.0008609474170953035,5.0842132623074576e-05,-0.07216478884220123,-5.287572860717773,5.288065433502197,False
train,0.6199207901954651,0.0023809524718672037,0.15824703872203827,0.0008310810662806034,5.056444206275046e-05,-0.0687577947974205,-5.2081475257873535,5.208601474761963,False
train,0.6203375458717346,0.0007936508045531809,0.15593306720256805,0.0008026111754588783,5.030155080021359e-05,-0.06552939116954803,-5.129776477813721,5.130195140838623,False
train,0.6207543015480042,0.0,0.15365390479564667,0.0007754708058200777,5.0053153245244175e-05,-0.06247062236070633,-5.052457809448242,5.052844047546387,False
train,0.6211710572242737,0.0023809524718672037,0.15140888094902039,0.0007495857425965369,4.9819045671029016e-05,-0.059571899473667145,-4.976192474365234,4.97654914855957,False
train,0.6215878129005432,0.0023809524718672037,0.14919757843017578,0.0007248924230225384,4.959908619639464e-05,-0.056824687868356705,-4.9009785652160645,4.901308059692383,False
train,0.6220045685768127,0.0015873016091063619,0.14701968431472778,0.0007013321155682206,4.939314749208279e-05,-0.05422108247876167,-4.826822757720947,4.827126979827881,False
train,0.6224213242530823,0.003968254197388887,0.1448744237422943,0.0006788410246372223,4.920096034766175e-05,-0.05175285413861275,-4.753716945648193,4.753998756408691,False
train,0.6228380799293518,0.0023809524718672037,0.14276179671287537,0.0006573641439899802,4.902247019344941e-05,-0.04941265285015106,-4.681670665740967,4.681931495666504,False
train,0.6232548356056213,0.0031746032182127237,0.14068102836608887,0.0006368521717377007,4.885734597337432e-05,-0.047193609178066254,-4.610672473907471,4.61091423034668,False
train,0.6236715912818909,0.0063492064364254475,0.13863159716129303,0.0006172521389089525,4.870568955084309e-05,-0.04508885741233826,-4.540719032287598,4.540943145751953,False
train,0.6240883469581604,0.0063492064364254475,0.13661324977874756,0.0005985190509818494,4.85672389913816e-05,-0.04309224709868431,-4.471811771392822,4.472019672393799,False
train,0.6245051026344299,0.004761904943734407,0.13462524116039276,0.0005806083208881319,4.8441881517646834e-05,-0.0411977656185627,-4.403937816619873,4.404130458831787,False
train,0.6249218583106995,0.0031746032182127237,0.13266755640506744,0.0005634752451442182,4.83295698359143e-05,-0.03939959406852722,-4.3371052742004395,4.337284088134766,False
train,0.625338613986969,0.0031746032182127237,0.13073913753032684,0.0005470846663229167,4.823021299671382e-05,-0.037692684680223465,-4.27128791809082,4.271454334259033,False
train,0.6257553696632385,0.0,0.12884016335010529,0.0005313984584063292,4.814363273908384e-05,-0.036071956157684326,-4.2065019607543945,4.206656455993652,False
train,0.6261721253395081,0.0015873016091063619,0.12696966528892517,0.0005163802998140454,4.806981814908795e-05,-0.03453259542584419,-4.142723560333252,4.142867565155029,False
train,0.6265888810157776,0.004761904943734407,0.12512749433517456,0.0005019949749112129,4.800866008736193e-05,-0.03306993842124939,-4.079949855804443,4.080083847045898,False
train,0.6270056366920471,0.0015873016091063619,0.12331301718950272,0.0004882137291133404,4.796015491592698e-05,-0.031679991632699966,-4.018174171447754,4.018299102783203,False
train,0.6274223923683167,0.0023809524718672037,0.12152612209320068,0.000475006818305701,4.792426261701621e-05,-0.03035876713693142,-3.9573943614959717,3.9575107097625732,False
train,0.6278391480445862,0.0015873016091063619,0.1197659969329834,0.00046234438195824623,4.790087041328661e-05,-0.029102368280291557,-3.8975918292999268,3.897700548171997,False
train,0.6282559037208557,0.0023809524718672037,0.11803226917982101,0.00045019949902780354,4.789000013261102e-05,-0.02790719084441662,-3.838757276535034,3.8388588428497314,False
train,0.6286726593971252,0.0,0.11632480472326279,0.00043854882824234664,4.7891597205307335e-05,-0.02677006646990776,-3.7808942794799805,3.780988931655884,False
train,0.6290894150733948,0.0,0.11464277654886246,0.0004273677768651396,4.790566526935436e-05,-0.025687746703624725,-3.723975658416748,3.7240641117095947,False
train,0.6295061707496643,0.0,0.1129860058426857,0.00041663245065137744,4.7932215238688514e-05,-0.02465718984603882,-3.668003559112549,3.668086528778076,False
train,0.6299229264259338,0.0,0.11135407537221909,0.0004063253290951252,4.797122528543696e-05,-0.023675834760069847,-3.612966775894165,3.613044261932373,False
train,0.6303396821022034,0.0,0.10974665731191635,0.0003964200150221586,4.8022717237472534e-05,-0.022740665823221207,-3.5588557720184326,3.5589284896850586,False
train,0.6307563781738281,0.0,0.10816323757171631,0.00038690620567649603,4.808669109479524e-05,-0.021849753335118294,-3.505659580230713,3.505727767944336,False
train,0.6311731338500977,0.0,0.10660332441329956,0.0003777585516218096,4.816319778910838e-05,-0.021000249311327934,-3.4533612728118896,3.453425168991089,False
train,0.6315898895263672,0.0,0.10506650060415268,0.0003689620934892446,4.8252295528072864e-05,-0.020190097391605377,-3.4019510746002197,3.402010917663574,False
train,0.6320066452026367,0.0,0.10355239361524582,0.0003605006786528975,4.8354006139561534e-05,-0.01941724494099617,-3.3514182567596436,3.3514745235443115,False
train,0.6324234008789062,0.0,0.10206082463264465,0.0003523599880281836,4.846835872740485e-05,-0.018679771572351456,-3.3017566204071045,3.301809549331665,False
train,0.6328401565551758,0.0,0.10059129446744919,0.00034452343243174255,4.859549881075509e-05,-0.017975734546780586,-3.2529513835906982,3.2530009746551514,False
train,0.6332569122314453,0.0,0.09914325177669525,0.0003369796322658658,4.873542638961226e-05,-0.01730351522564888,-3.204986095428467,3.2050328254699707,False
train,0.6336736679077148,0.0,0.09771666675806046,0.0003297136281616986,4.888829425908625e-05,-0.016661379486322403,-3.1578567028045654,3.15790057182312,False
train,0.6340904235839844,0.0,0.09631086885929108,0.00032271421514451504,4.905408059130423e-05,-0.016047852113842964,-3.111543893814087,3.1115853786468506,False
train,0.6345071792602539,0.0,0.09492571651935577,0.0003159690531902015,4.923297092318535e-05,-0.015461438335478306,-3.066039562225342,3.0660786628723145,False
train,0.6349239349365234,0.0,0.09356074780225754,0.0003094668791163713,4.942509258398786e-05,-0.014900743961334229,-3.0213282108306885,3.02136492729187,False
train,0.635340690612793,0.0,0.09221561253070831,0.0003031976521015167,4.963050378137268e-05,-0.014364518225193024,-2.977395534515381,2.9774301052093506,False
train,0.6357574462890625,0.0,0.09088991582393646,0.0002971508074551821,4.984936458640732e-05,-0.01385151781141758,-2.9342286586761475,2.9342613220214844,False
train,0.636174201965332,0.0,0.08958349376916885,0.0002913170319516212,5.008180232835002e-05,-0.013360592536628246,-2.8918182849884033,2.8918490409851074,False
train,0.6365909576416016,0.0,0.08829585462808609,0.00028568648849613965,5.0327987992204726e-05,-0.012890614569187164,-2.850144624710083,2.8501737117767334,False
train,0.6370077133178711,0.0,0.08702682703733444,0.00028025239589624107,5.0588074373081326e-05,-0.012440641410648823,-2.809199333190918,2.8092269897460938,False
train,0.6374244689941406,0.0,0.08577601611614227,0.00027500526630319655,5.086220699013211e-05,-0.01200963743031025,-2.768965482711792,2.768991470336914,False
train,0.6378412246704102,0.0,0.08454295247793198,0.00026993686333298683,5.115050953463651e-05,-0.011596673168241978,-2.729423761367798,2.7294483184814453,False
train,0.6382579803466797,0.0,0.08332755416631699,0.0002650404640007764,5.145330214872956e-05,-0.011200898326933384,-2.6905674934387207,2.6905908584594727,False
train,0.6386747360229492,0.0,0.08212946355342865,0.0002603082684800029,5.177066850592382e-05,-0.010821483097970486,-2.652378559112549,2.6524007320404053,False
train,0.6390914916992188,0.0,0.08094833791255951,0.0002557339321356267,5.210285962675698e-05,-0.010457637719810009,-2.6148409843444824,2.6148619651794434,False
train,0.6395082473754883,0.0,0.07978390902280807,0.0002513111103326082,5.245013744570315e-05,-0.01010865531861782,-2.5779411792755127,2.577960968017578,False
train,0.6399250030517578,0.0007936508045531809,0.07863596081733704,0.00024703401140868664,5.281262565404177e-05,-0.009773838333785534,-2.541665554046631,2.54168438911438,False
train,0.6403417587280273,0.0,0.0775039941072464,0.00024289566499646753,5.319064803188667e-05,-0.009452489204704762,-2.5059916973114014,2.506009578704834,False
train,0.6407585144042969,0.0,0.07638812065124512,0.0002388924331171438,5.358445559977554e-05,-0.009144054725766182,-2.4709179401397705,2.4709348678588867,False
train,0.6411752700805664,0.0,0.07528780400753021,0.00023501635587308556,5.399420842877589e-05,-0.008847837336361408,-2.4364190101623535,2.4364349842071533,False
train,0.6415920257568359,0.0,0.07420285791158676,0.00023126510495785624,5.442037945613265e-05,-0.008563386276364326,-2.4024815559387207,2.402496814727783,False
train,0.6420087814331055,0.0,0.07313303649425507,0.0002276322920806706,5.4863041441421956e-05,-0.008290106430649757,-2.3690924644470215,2.3691070079803467,False
train,0.6424254775047302,0.0,0.07207825034856796,0.00022411445388570428,5.532249269890599e-05,-0.008027556352317333,-2.3362395763397217,2.3362534046173096,False
train,0.6428422331809998,0.0,0.07103805989027023,0.00022070501290727407,5.5799253459554166e-05,-0.007775128819048405,-2.3039019107818604,2.303915023803711,False
train,0.6432589888572693,0.0,0.07001224160194397,0.00021740092779509723,5.629354200209491e-05,-0.007532442454248667,-2.272066116333008,2.272078514099121,False
train,0.6436757445335388,0.0,0.06900059431791306,0.00021419876429717988,5.6805642088875175e-05,-0.007299084682017565,-2.2407174110412598,2.240729331970215,False
train,0.6440925002098083,0.0,0.06800304353237152,0.00021109386580064893,5.7335961173521355e-05,-0.007074614986777306,-2.209845781326294,2.209857225418091,False
train,0.6445092558860779,0.0,0.06701911240816116,0.00020808298722840846,5.7884804846253246e-05,-0.006858653388917446,-2.1794285774230957,2.1794393062591553,False
train,0.6449260115623474,0.0,0.06604896485805511,0.0002051625633612275,5.845267151016742e-05,-0.006650837603956461,-2.149463176727295,2.1494734287261963,False
train,0.6453427672386169,0.0,0.0650920569896698,0.00020232921815477312,5.9039848565589637e-05,-0.006450797896832228,-2.119924783706665,2.119934558868408,False
train,0.6457595229148865,0.0,0.06414840370416641,0.00019957950280513614,5.964673982816748e-05,-0.006258206441998482,-2.090806484222412,2.090815782546997,False
train,0.646176278591156,0.0,0.06321776658296585,0.00019691033230628818,6.02737236476969e-05,-0.00607273681089282,-2.0620920658111572,2.062100887298584,False
train,0.6465930342674255,0.0,0.062299929559230804,0.00019431929104030132,6.092141120461747e-05,-0.005894100293517113,-2.0337705612182617,2.0337791442871094,False
train,0.6470097899436951,0.0,0.06139480322599411,0.0001918031193781644,6.159009353723377e-05,-0.005722002126276493,-2.005829334259033,2.0058374404907227,False
train,0.6474265456199646,0.0,0.06050216406583786,0.0001893588632810861,6.228030542843044e-05,-0.005556150339543819,-1.9782551527023315,1.9782629013061523,False
train,0.6478433012962341,0.0,0.05962171033024788,0.00018698496569413692,6.299249798757955e-05,-0.0053963134996593,-1.9510314464569092,1.9510389566421509,False
train,0.6482600569725037,0.0,0.0587535984814167,0.00018467746849637479,6.372723146341741e-05,-0.005242204759269953,-1.9241576194763184,1.9241647720336914,False
train,0.6486768126487732,0.0,0.05789744108915329,0.0001824361679609865,6.448497879318893e-05,-0.005093642510473728,-1.8976140022277832,1.8976207971572876,False
train,0.6490935683250427,0.0,0.057053182274103165,0.00018025610188487917,6.526630750158802e-05,-0.004950330592691898,-1.871393084526062,1.8713996410369873,False
train,0.6495103240013123,0.0,0.05622059106826782,0.00017813655722420663,6.607165414607152e-05,-0.004812081344425678,-1.8454819917678833,1.84548819065094,False
train,0.6499270796775818,0.0,0.055399637669324875,0.00017607567133381963,6.690185546176508e-05,-0.004678702913224697,-1.8198738098144531,1.8198798894882202,False
train,0.6503438353538513,0.0,0.054590094834566116,0.00017407082486897707,6.775716610718518e-05,-0.004549981094896793,-1.794556736946106,1.794562578201294,False
train,0.6507605910301208,0.0,0.05379190295934677,0.00017211998056154698,6.863852468086407e-05,-0.004425723105669022,-1.7695236206054688,1.769529104232788,False
train,0.6511773467063904,0.0,0.05300496518611908,0.00017022181418724358,6.954627315280959e-05,-0.004305762704461813,-1.7447664737701416,1.7447717189788818,False
train,0.6515941023826599,0.0,0.05222892388701439,0.00016837460862006992,7.048141560517251e-05,-0.0041899299249053,-1.7202696800231934,1.720274806022644,False
train,0.6520108580589294,0.0,0.051464032381772995,0.00016657571541145444,7.144417759263888e-05,-0.0040780408307909966,-1.696038007736206,1.6960428953170776,False
train,0.652427613735199,0.0,0.050709761679172516,0.00016482497449032962,7.243570871651173e-05,-0.003969972487539053,-1.6720505952835083,1.6720553636550903,False
train,0.6528443694114685,0.0,0.049966271966695786,0.00016311950457748026,7.345640915445983e-05,-0.00386554142460227,-1.6483098268508911,1.648314356803894,False
train,0.653261125087738,0.0,0.04923347383737564,0.00016145863628480583,7.450726843671873e-05,-0.003764629364013672,-1.6248093843460083,1.6248136758804321,False
train,0.6536778211593628,0.0,0.048511166125535965,0.00015984088531695306,7.558871584478766e-05,-0.0036671042907983065,-1.601539969444275,1.6015441417694092,False
train,0.6540945768356323,0.0,0.04779918119311333,0.00015826393791940063,7.670189370401204e-05,-0.0035727976355701685,-1.5784944295883179,1.5784984827041626,False
train,0.6545113325119019,0.0,0.04709753394126892,0.00015672780864406377,7.784755871398374e-05,-0.0034816302359104156,-1.5556718111038208,1.555675745010376,False
train,0.6549280881881714,0.0,0.04640604555606842,0.00015522906323894858,7.902639481471851e-05,-0.0033934281673282385,-1.5330638885498047,1.5330675840377808,False
train,0.6553448438644409,0.0,0.04572461545467377,0.0001537689968245104,8.023952250368893e-05,-0.0033081378787755966,-1.510667085647583,1.5106706619262695,False
train,0.6557615995407104,0.0,0.04505312815308571,0.00015234517923090607,8.148759661708027e-05,-0.0032256203703582287,-1.488476276397705,1.4884798526763916,False
train,0.65617835521698,0.0,0.04439162462949753,0.00015095656272023916,8.27717303764075e-05,-0.0031457783188670874,-1.4664926528930664,1.4664961099624634,False
train,0.6565951108932495,0.0,0.04373987019062042,0.0001496021286584437,8.409270230913535e-05,-0.0030685104429721832,-1.4447081089019775,1.4447113275527954,False
train,0.657011866569519,0.0,0.04309777915477753,0.00014828049461357296,8.545177843188867e-05,-0.0029937138315290213,-1.4231206178665161,1.423123836517334,False
train,0.6574286222457886,0.0,0.042465344071388245,0.00014699141320306808,8.68496426846832e-05,-0.002921314910054207,-1.4017287492752075,1.4017318487167358,False
train,0.6578453779220581,0.0,0.04184245318174362,0.00014573273074347526,8.828761929180473e-05,-0.0028512063436210155,-1.380531668663025,1.3805346488952637,False
train,0.6582621335983276,0.0,0.04122896492481232,0.00014450492744799703,8.976661047199741e-05,-0.0027833301573991776,-1.3595246076583862,1.3595274686813354,False
train,0.6586788892745972,0.0,0.040624767541885376,0.00014330577687360346,9.128804958891124e-05,-0.002717581344768405,-1.3387055397033691,1.3387082815170288,False
train,0.6590956449508667,0.0007936508045531809,0.04002995416522026,0.00014213487156666815,9.285272244596854e-05,-0.002653892384842038,-1.318078875541687,1.3180814981460571,False
train,0.6595124006271362,0.0,0.03944418951869011,0.00014099208055995405,9.446203330298886e-05,-0.0025922053027898073,-1.2976353168487549,1.297637939453125,False
train,0.6599291563034058,0.0007936508045531809,0.03886756673455238,0.00013987541024107486,9.611702262191102e-05,-0.0025324246380478144,-1.2773798704147339,1.2773823738098145,False
train,0.6603459119796753,0.0007936508045531809,0.03829992935061455,0.00013878571917302907,9.781937842490152e-05,-0.002474522916600108,-1.2573100328445435,1.2573124170303345,False
train,0.6607626676559448,0.0,0.03774123266339302,0.00013772002421319485,9.956983558367938e-05,-0.0024183865170925856,-1.237426519393921,1.237428903579712,False
train,0.6611794233322144,0.0007936508045531809,0.037191253155469894,0.00013667916937265545,0.00010137026401935145,-0.0023639847058802843,-1.2177249193191528,1.2177271842956543,False
train,0.6615961790084839,0.0,0.03665000572800636,0.00013566197594627738,0.00010322165326215327,-0.0023112522903829813,-1.1982077360153198,1.1982100009918213,False
train,0.6620129346847534,0.0,0.03611747920513153,0.00013466787640936673,0.00010512570588616654,-0.002260136418044567,-1.1788784265518188,1.1788805723190308,False
train,0.662429690361023,0.0,0.035593509674072266,0.00013369624502956867,0.00010708365880418569,-0.002210582373663783,-1.1597347259521484,1.1597368717193604,False
train,0.6628464460372925,0.0007936508045531809,0.035078015178442,0.00013274629600346088,0.00010909742559306324,-0.0021625373046845198,-1.14077627658844,1.1407783031463623,False
train,0.663263201713562,0.0023809524718672037,0.03457089141011238,0.00013181754911784083,0.000111168141302187,-0.00211595231667161,-1.1220040321350098,1.1220060586929321,False
train,0.6636799573898315,0.0007936508045531809,0.034072037786245346,0.00013090940774418414,0.0001132978213718161,-0.0020707801450043917,-1.1034176349639893,1.103419542312622,False
train,0.6640967130661011,0.0023809524718672037,0.03358146920800209,0.00013002102787140757,0.00011548768088687211,-0.0020269767846912146,-1.0850214958190918,1.0850234031677246,False
train,0.6645134687423706,0.0007936508045531809,0.033098991960287094,0.00012915223487652838,0.00011773984442697838,-0.0019844977650791407,-1.0668120384216309,1.0668138265609741,False
train,0.6649301648139954,0.0007936508045531809,0.032624632120132446,0.00012830282503273338,0.0001200553888338618,-0.0019433187553659081,-1.048795461654663,1.0487972497940063,False
train,0.6653469204902649,0.0,0.03215811774134636,0.00012747127038892359,0.0001224372535943985,-0.001903371186926961,-1.0309652090072632,1.030966877937317,False
train,0.6657636761665344,0.0,0.0316995307803154,0.00012665790563914925,0.00012488648644648492,-0.001864637597464025,-1.013328194618225,1.0133298635482788,False
train,0.666180431842804,0.0,0.031248711049556732,0.00012586185766849667,0.00012740549573209137,-0.0018270723521709442,-0.9958826303482056,0.9958842992782593,False
train,0.6665971875190735,0.0,0.030805552378296852,0.00012508296640589833,0.00012999576574657112,-0.0017906485591083765,-0.9786298274993896,0.9786314964294434,False
train,0.667013943195343,0.0007936508045531809,0.03037007711827755,0.00012432051880750805,0.00013266006135381758,-0.00175532978028059,-0.9615734219551086,0.9615750312805176,False
train,0.6674306988716125,0.0,0.029942020773887634,0.00012357426749076694,0.00013539961946662515,-0.0017210838850587606,-0.9447091817855835,0.9447107315063477,False
train,0.6678474545478821,0.0,0.029521394520998,0.00012284315016586334,0.00013821751053910702,-0.0016878737369552255,-0.9280411005020142,0.9280426502227783,False
train,0.6682642102241516,0.0,0.02910815179347992,0.00012212764704599977,0.00014111542259342968,-0.0016556872287765145,-0.911571741104126,0.9115732312202454,False
train,0.6686809659004211,0.0007936508045531809,0.028702085837721825,0.00012142708874307573,0.00014409552386496216,-0.001624485943466425,-0.8952975273132324,0.8952990174293518,False
train,0.6690977215766907,0.0,0.028303224593400955,0.00012074101687176153,0.00014716072473675013,-0.001594247412867844,-0.8792238235473633,0.8792252540588379,False
train,0.6695144772529602,0.0,0.027911454439163208,0.00012006913311779499,0.00015031290240585804,-0.0015649459091946483,-0.863350510597229,0.8633519411087036,False
train,0.6699312329292297,0.0,0.027526600286364555,0.00011941067350562662,0.00015355515643022954,-0.0015365522122010589,-0.8476748466491699,0.8476762771606445,False
train,0.6703479886054993,0.0,0.027148665860295296,0.00011876600183313712,0.0001568894658703357,-0.001509052817709744,-0.8322011232376099,0.8322024941444397,False
train,0.6707647442817688,0.0,0.026777515187859535,0.00011813439050456509,0.0001603191194590181,-0.0014824203681200743,-0.8169283866882324,0.8169297575950623,False
train,0.6711814999580383,0.0007936508045531809,0.02641308680176735,0.00011751554120564833,0.00016384624177590013,-0.0014566340250894427,-0.8018575310707092,0.8018589019775391,False
train,0.6715982556343079,0.0,0.02605525217950344,0.00011690874816849828,0.0001674743980402127,-0.0014316723681986332,-0.786988377571106,0.786989688873291,False
train,0.6720150113105774,0.0,0.02570391073822975,0.00011631462257355452,0.00017120593111030757,-0.0014075238723307848,-0.7723209261894226,0.7723221778869629,False
train,0.6724317669868469,0.0,0.0253590177744627,0.00011573202937142923,0.00017504430434200913,-0.0013841630425304174,-0.7578564286231995,0.7578576803207397,False
train,0.6728485226631165,0.0,0.025020485743880272,0.00011516089580254629,0.00017899158410727978,-0.0013615747448056936,-0.7435951828956604,0.7435964345932007,False
train,0.673265278339386,0.0,0.024688152596354485,0.00011460187670309097,0.00018305231060367078,-0.0013397507136687636,-0.729534924030304,0.7295361161231995,False
train,0.6736820340156555,0.0,0.02436200901865959,0.00011405276018194854,0.00018722871027421206,-0.0013186571886762977,-0.7156782746315002,0.7156794667243958,False
train,0.674098789691925,0.0,0.024041978642344475,0.00011351492867106572,0.00019152506138198078,-0.0012982978951185942,-0.7020255923271179,0.7020267844200134,False
train,0.6745155453681946,0.0,0.023727843537926674,0.00011298781464574859,0.0001959435030585155,-0.001278652111068368,-0.6885726451873779,0.6885738372802734,False
train,0.6749323010444641,0.0,0.023419613018631935,0.00011247033398831263,0.0002004893176490441,-0.001259700395166874,-0.6753219962120056,0.6753231287002563,False
train,0.6753490567207336,0.0,0.023117197677493095,0.00011196333798579872,0.00020516442600637674,-0.0012414410011842847,-0.6622732877731323,0.6622744798660278,False
train,0.6757658123970032,0.0,0.02282048761844635,0.00011146575707243755,0.0002099737903336063,-0.0012238527415320277,-0.6494250297546387,0.6494261622428894,False
train,0.6761825084686279,0.0,0.02252938039600849,0.00011097809328930452,0.00021491963707376271,-0.0012069317745044827,-0.6367768049240112,0.636777937412262,False
train,0.6765992641448975,0.0,0.02224382571876049,0.00011049910972360522,0.00022000861645210534,-0.0011906607542186975,-0.6243286728858948,0.6243298053741455,False
train,0.677016019821167,0.0,0.02196367271244526,0.00011002975224982947,0.0002252427802886814,-0.0011750347912311554,-0.6120773553848267,0.6120784878730774,False
train,0.6774327754974365,0.0,0.021688902750611305,0.00010956916230497882,0.0002306271780980751,-0.0011600435245782137,-0.6000246405601501,0.6000257730484009,False
train,0.677849531173706,0.0,0.02141936682164669,0.00010911747813224792,0.00023616549151483923,-0.0011456783395260572,-0.5881673097610474,0.5881684422492981,False
train,0.6782662868499756,0.0,0.021155046299099922,0.0001086739866877906,0.00024186309019569308,-0.0011319280602037907,-0.5765069127082825,0.5765079855918884,False
train,0.6786830425262451,0.0,0.020895734429359436,0.00010823858610820025,0.00024772342294454575,-0.0011187850032001734,-0.5650379657745361,0.5650390982627869,False
train,0.6790997982025146,0.0,0.020641520619392395,0.00010781161836348474,0.0002537523105274886,-0.0011062475387006998,-0.5537649393081665,0.5537660717964172,False
train,0.6795165538787842,0.0,0.020392168313264847,0.00010739266144810244,0.0002599529398139566,-0.0010943060042336583,-0.5426816344261169,0.5426827073097229,False
train,0.6799333095550537,0.0,0.02014763653278351,0.0001069812715286389,0.00026633223751559854,-0.0010829519014805555,-0.5317877531051636,0.5317888259887695,False
train,0.6803500652313232,0.0,0.0199078768491745,0.00010657733946572989,0.0002728935796767473,-0.001072180806659162,-0.521083414554596,0.5210845470428467,False
train,0.6807668209075928,0.0,0.01967277005314827,0.00010618101805448532,0.0002796437474898994,-0.0010619903914630413,-0.5105653405189514,0.5105664730072021,False
train,0.6811835765838623,0.0,0.019442301243543625,0.00010579181252978742,0.00028658626251854,-0.0010523720411583781,-0.5002342462539673,0.500235378742218,False
train,0.6816003322601318,0.0,0.019216328859329224,0.00010540966468397528,0.00029372828430496156,-0.001043324125930667,-0.4900864362716675,0.4900875389575958,False
train,0.6820170879364014,0.0,0.018994703888893127,0.00010503420344321057,0.0003010743821505457,-0.0010348382638767362,-0.48011839389801025,0.480119526386261,False
train,0.6824338436126709,0.0,0.018777495250105858,0.00010466596722835675,0.00030863124993629754,-0.0010269207414239645,-0.47033265233039856,0.4703337848186493,False
train,0.6828505992889404,0.0,0.018564492464065552,0.00010430399561300874,0.0003164033987559378,-0.0010195577051490545,-0.46072331070899963,0.46072444319725037,False
train,0.68326735496521,0.0,0.018355702981352806,0.0001039485287037678,0.0003243984829168767,-0.0010127527639269829,-0.45129093527793884,0.4512920677661896,False
train,0.6836841106414795,0.0,0.01815100386738777,0.00010359951556893066,0.00033262185752391815,-0.001006503589451313,-0.4420322775840759,0.44203341007232666,False
train,0.684100866317749,0.0,0.017950350418686867,0.000103256395959761,0.00034108065301552415,-0.0010008050594478846,-0.4329460859298706,0.4329472482204437,False
train,0.6845176219940186,0.0,0.017753686755895615,0.00010291961370967329,0.00034977984614670277,-0.0009956606663763523,-0.42403125762939453,0.42403241991996765,False
train,0.6849343776702881,0.0,0.01756083406507969,0.00010258881229674444,0.0003587286046240479,-0.0009910676162689924,-0.415282666683197,0.41528385877609253,False
train,0.6853511333465576,0.0,0.017371825873851776,0.00010226356971543282,0.00036793152685277164,-0.0009870233479887247,-0.40670084953308105,0.40670204162597656,False
train,0.6857678890228271,0.0,0.017186565324664116,0.00010194402420893312,0.0003773978678509593,-0.0009835298405960202,-0.39828312397003174,0.39828434586524963,False
train,0.6861846446990967,0.0,0.01700497418642044,0.000101630219432991,0.00038713240064680576,-0.0009805872105062008,-0.39002692699432373,0.390028178691864,False
train,0.6866014003753662,0.0,0.0168269332498312,0.00010132173338206485,0.0003971452824771404,-0.0009781953413039446,-0.38192906975746155,0.38193032145500183,False
train,0.6870181560516357,0.0,0.01665247417986393,0.00010101833322551101,0.0004074411408510059,-0.000976353941950947,-0.37398990988731384,0.3739911913871765,False
train,0.6874349117279053,0.0,0.016481421887874603,0.0001007205355563201,0.0004180309479124844,-0.0009750688914209604,-0.3662043809890747,0.36620569229125977,False
train,0.68785160779953,0.0,0.01631382293999195,0.00010042744543170556,0.000428919680416584,-0.0009743378031998873,-0.35857391357421875,0.3585752546787262,False
train,0.6882683634757996,0.0,0.016149459406733513,0.00010013951396103948,0.00044011673890054226,-0.0009741625399328768,-0.3510909974575043,0.3510923385620117,False
train,0.6886851191520691,0.0,0.01598837971687317,9.98562973109074e-05,0.0004516331246122718,-0.0009745497955009341,-0.34375715255737305,0.3437585234642029,False
train,0.6891018748283386,0.0,0.015830503776669502,9.957807924365625e-05,0.00046347337774932384,-0.0009754981729201972,-0.3365691900253296,0.3365706205368042,False
train,0.6895186305046082,0.0,0.01567574217915535,9.930441592587158e-05,0.00047564934357069433,-0.000977013260126114,-0.3295244872570038,0.3295259177684784,False
train,0.6899353861808777,0.0,0.01552405022084713,9.903508180286735e-05,0.0004881674249190837,-0.0009790961630642414,-0.3226214647293091,0.32262295484542847,False
train,0.6903521418571472,0.0,0.015375343151390553,9.877082629827783e-05,0.0005010401946492493,-0.0009817567188292742,-0.31585678458213806,0.31585830450057983,False
train,0.6907688975334167,0.0,0.015229614451527596,9.851027425611392e-05,0.0005142729496583343,-0.0009849891066551208,-0.3092294931411743,0.30923107266426086,False
train,0.6911856532096863,0.0,0.01508672721683979,9.825434244703501e-05,0.0005278786993585527,-0.0009888067143037915,-0.3027355670928955,0.30273717641830444,False
train,0.6916024088859558,0.0,0.01494668424129486,9.800263069337234e-05,0.0005418644868768752,-0.0009932105895131826,-0.2963745892047882,0.2963762581348419,False
train,0.6920191645622253,0.0,0.014809382148087025,9.775492071639746e-05,0.0005562446312978864,-0.0009982086485251784,-0.2901427745819092,0.29014450311660767,False
train,0.6924359202384949,0.0,0.014674840494990349,9.751136531122029e-05,0.0005710241966880858,-0.0010038027539849281,-0.2840394973754883,0.28404125571250916,False
train,0.6928526759147644,0.0,0.014542943798005581,9.727194992592558e-05,0.0005862181424163282,-0.0010100036161020398,-0.2780613303184509,0.27806317806243896,False
train,0.6932694315910339,0.0007936508045531809,0.014413628727197647,9.703579416964203e-05,0.000601832871325314,-0.0010168103035539389,-0.27220603823661804,0.27220794558525085,False
train,0.6936861872673035,0.0,0.014286862686276436,9.680372750153765e-05,0.0006178846815600991,-0.0010242373682558537,-0.2664715051651001,0.2664734721183777,False
train,0.694102942943573,0.0,0.014162585139274597,9.657516784500331e-05,0.0006343795103020966,-0.0010322845773771405,-0.26085537672042847,0.26085740327835083,False
train,0.6945196986198425,0.0,0.014040770009160042,9.635053720558062e-05,0.000651333190035075,-0.0010409678798168898,-0.25535666942596436,0.2553587853908539,False
train,0.6949364542961121,0.0,0.013921334408223629,9.61291734711267e-05,0.0006687528803013265,-0.0010502854129299521,-0.24997177720069885,0.24997398257255554,False
train,0.6953532099723816,0.0,0.013804267160594463,9.591153502697125e-05,0.0006866559851914644,-0.0010602546390146017,-0.24469950795173645,0.2447018027305603,False
train,0.6957699656486511,0.0,0.013689440675079823,9.569748362991959e-05,0.0007050486165098846,-0.0010708756744861603,-0.23953646421432495,0.23953886330127716,False
train,0.6961867213249207,0.0,0.01357690803706646,9.548655361868441e-05,0.0007239488768391311,-0.0010821629548445344,-0.23448224365711212,0.2344847321510315,False
train,0.6966034770011902,0.0,0.013466531410813332,9.527854126645252e-05,0.00074336415855214,-0.0010941190412268043,-0.22953304648399353,0.22953565418720245,False
train,0.6970202326774597,0.0,0.013358356431126595,9.507414506515488e-05,0.0007633130298927426,-0.0011067623272538185,-0.22468852996826172,0.2246912568807602,False
train,0.6974369883537292,0.0,0.01325223594903946,9.487300121691078e-05,0.000783802242949605,-0.0011200944427400827,-0.21994519233703613,0.21994803845882416,False
train,0.6978537440299988,0.0,0.013148223981261253,9.467454219702631e-05,0.0008048504241742194,-0.0011341290082782507,-0.21530218422412872,0.2153051644563675,False
train,0.6982704997062683,0.0,0.013046222738921642,9.447928459849209e-05,0.0008264667703770101,-0.0011488738236948848,-0.21075695753097534,0.21076008677482605,False
train,0.6986872553825378,0.0,0.012946178205311298,9.428685734746978e-05,0.0008486714796163142,-0.0011643453035503626,-0.206307053565979,0.20631034672260284,False
train,0.6991039514541626,0.0,0.012848095037043095,9.409769700141624e-05,0.0008714667055755854,-0.0011805440299212933,-0.20195206999778748,0.20195551216602325,False
train,0.6995207071304321,0.0,0.012751905247569084,9.39111560001038e-05,0.0008948812610469759,-0.001197492703795433,-0.19768856465816498,0.19769218564033508,False
train,0.6999374628067017,0.0,0.012657569721341133,9.372739441459998e-05,0.0009189201518893242,-0.0012151950504630804,-0.19351524114608765,0.19351905584335327,False
train,0.7003542184829712,0.0,0.012565064243972301,9.354649228043854e-05,0.0009436049731448293,-0.0012336703948676586,-0.18943065404891968,0.18943467736244202,False
train,0.7007709741592407,0.0,0.012474331073462963,9.336772200185806e-05,0.0009689434082247317,-0.001252920599654317,-0.18543225526809692,0.18543648719787598,False
train,0.7011877298355103,0.0,0.012385305017232895,9.319213131675497e-05,0.0009949570521712303,-0.0012729682493954897,-0.18151839077472687,0.18152286112308502,False
train,0.7016044855117798,0.0,0.012298012152314186,9.301908721681684e-05,0.0010216556256636977,-0.0012938191648572683,-0.17768774926662445,0.1776924580335617,False
train,0.7020212411880493,0.0,0.01221238449215889,9.28484951145947e-05,0.0010490623535588384,-0.001315492670983076,-0.17393821477890015,0.1739431917667389,False
train,0.7024379968643188,0.0,0.012128382921218872,9.268006397178397e-05,0.001077184802852571,-0.001337993424385786,-0.1702682077884674,0.17027346789836884,False
train,0.7028547525405884,0.0,0.012045996263623238,9.25143322092481e-05,0.0011060459073632956,-0.0013613447081297636,-0.16667653620243073,0.16668209433555603,False
train,0.7032715082168579,0.0,0.011965163052082062,9.23510015127249e-05,0.0011356561444699764,-0.001385551760904491,-0.16316068172454834,0.1631665676832199,False
train,0.7036882638931274,0.0,0.011885838583111763,9.218980994774029e-05,0.00116604077629745,-0.0014106380986049771,-0.1597190499305725,0.15972527861595154,False
train,0.704105019569397,0.0,0.011808033101260662,9.203117951983586e-05,0.0011972105130553246,-0.0014366130344569683,-0.15635094046592712,0.156357541680336,False
train,0.7045217752456665,0.0,0.011731712147593498,9.187466639559716e-05,0.0012291788589209318,-0.001463487045839429,-0.15305432677268982,0.15306133031845093,False
train,0.704938530921936,0.0,0.011656821705400944,9.17203287826851e-05,0.0012619728222489357,-0.0014912846963852644,-0.1498277634382248,0.14983518421649933,False
train,0.7053552865982056,0.0,0.01158331148326397,9.156818850897253e-05,0.0012956002028658986,-0.0015200116904452443,-0.14666923880577087,0.14667710661888123,False
train,0.7057720422744751,0.0,0.01151122897863388,9.141803457168862e-05,0.001330087659880519,-0.0015496923588216305,-0.14357823133468628,0.14358659088611603,False
train,0.7061887979507446,0.0,0.011440460570156574,9.127004886977375e-05,0.0013654431095346808,-0.001580333337187767,-0.14055235683918,0.14056123793125153,False
train,0.7066055536270142,0.0,0.011371014639735222,9.112447150982916e-05,0.001401696354150772,-0.001611962914466858,-0.13759072124958038,0.13760016858577728,False
train,0.7070223093032837,0.0,0.011302860453724861,9.098032751353458e-05,0.0014388563577085733,-0.0016445855144411325,-0.13469178974628448,0.13470183312892914,False
train,0.7074390649795532,0.0,0.011235971003770828,9.083842451218516e-05,0.0014769473345950246,-0.001678225351497531,-0.1318541169166565,0.13186480104923248,False
train,0.7078558206558228,0.0,0.011170322075486183,9.069802763406187e-05,0.0015159810427576303,-0.0017128906911239028,-0.12907648086547852,0.12908785045146942,False
train,0.7082725763320923,0.0,0.011105881072580814,9.056035924004391e-05,0.0015559862367808819,-0.0017486118013039231,-0.12635761499404907,0.12636971473693848,False
train,0.7086893320083618,0.0,0.011042622849345207,9.042384044732898e-05,0.001596971764229238,-0.0017853914760053158,-0.123695969581604,0.12370885908603668,False
train,0.7091060876846313,0.0,0.010980534367263317,9.028943168232217e-05,0.00163896637968719,-0.0018232592847198248,-0.12109057605266571,0.12110430002212524,False
train,0.7095228433609009,0.0,0.010919595137238503,9.015684918267652e-05,0.0016819778829813004,-0.0018622210482135415,-0.11854027211666107,0.11855489760637283,False
train,0.7099395990371704,0.0,0.010859750211238861,9.002583101391792e-05,0.0017260388704016805,-0.0019023065688088536,-0.11604338139295578,0.11605897545814514,False
train,0.7103562951087952,0.0,0.010801014490425587,8.989682100946084e-05,0.0017711486434563994,-0.0019435156136751175,-0.11359970271587372,0.11361632496118546,False
train,0.7107730507850647,0.0,0.010743333958089352,8.97691716090776e-05,0.0018173521384596825,-0.0019858889281749725,-0.11120695620775223,0.1112246885895729,False
train,0.7111898064613342,0.0,0.010686715133488178,8.964359585661441e-05,0.0018646514508873224,-0.0020294287241995335,-0.10886456072330475,0.10888347029685974,False
train,0.7116065621376038,0.0,0.010631093755364418,8.951913332566619e-05,0.0019130768487229943,-0.002074162708595395,-0.10657098144292831,0.10659116506576538,False
train,0.7120233178138733,0.0,0.010576477274298668,8.93963806447573e-05,0.0019626389257609844,-0.0021201001945883036,-0.10432548075914383,0.10434702038764954,False
train,0.7124400734901428,0.0,0.010522875003516674,8.927557792048901e-05,0.002013365738093853,-0.0021672688890248537,-0.10212734341621399,0.1021503359079361,False
train,0.7128568291664124,0.0,0.010470202192664146,8.915596117731184e-05,0.0020652643870562315,-0.0022156727500259876,-0.09997478127479553,0.0999993309378624,False
train,0.7132735848426819,0.0,0.010418474674224854,8.903786510927603e-05,0.002118372358381748,-0.00226534903049469,-0.09786718338727951,0.09789340198040009,False
train,0.7136903405189514,0.0,0.010367670096457005,8.89214570634067e-05,0.002172693610191345,-0.002316300291568041,-0.09580352902412415,0.09583152830600739,False
train,0.714107096195221,0.0,0.010317781008780003,8.880654786480591e-05,0.0022282598074525595,-0.002368556335568428,-0.0937829539179802,0.09381286054849625,False
train,0.7145238518714905,0.0,0.01026876550167799,8.869271550793201e-05,0.002285079564899206,-0.002422124147415161,-0.09180428087711334,0.09183622896671295,False
train,0.71494060754776,0.0,0.010220620781183243,8.8580469309818e-05,0.0023431838490068913,-0.0024770344607532024,-0.08986668288707733,0.08990081399679184,False
train,0.7153573632240295,0.0,0.010173304937779903,8.847005665302277e-05,0.0024025808088481426,-0.002533294027671218,-0.08796906471252441,0.08800553530454636,False
train,0.7157741189002991,0.0,0.010126850567758083,8.836053893901408e-05,0.0024633032735437155,-0.0025909338146448135,-0.08611093461513519,0.0861499011516571,False
train,0.7161908745765686,0.0,0.010081185959279537,8.825223630992696e-05,0.00252535380423069,-0.0026499552186578512,-0.08429102599620819,0.0843326672911644,False
train,0.7166076302528381,0.0,0.010036335326731205,8.8145759946201e-05,0.002588772214949131,-0.0027103980537503958,-0.08250879496335983,0.08255329728126526,False
train,0.7170243859291077,0.0,0.009992247447371483,8.804025856079534e-05,0.002653558040037751,-0.0027722588274627924,-0.0807630866765976,0.08081065118312836,False
train,0.7174411416053772,0.0,0.009948927909135818,8.793621964287013e-05,0.0027197448071092367,-0.002835571300238371,-0.07905326783657074,0.07910410314798355,False
train,0.7178578972816467,0.0,0.00990639254450798,8.783321391092613e-05,0.0027873367071151733,-0.002900338266044855,-0.07737881690263748,0.07743315398693085,False
train,0.7182746529579163,0.0,0.009864548221230507,8.773151057539508e-05,0.0028563695959746838,-0.002966594882309437,-0.07573847472667694,0.07579655200242996,False
train,0.7186914086341858,0.0,0.009823444299399853,8.763084042584524e-05,0.0029268465004861355,-0.003034342313185334,-0.07413169741630554,0.07419376820325851,False
train,0.7191081643104553,0.0,0.00978301651775837,8.753162546781823e-05,0.002998799318447709,-0.003103612456470728,-0.07255750894546509,0.0726238563656807,False
train,0.7195249199867249,0.0,0.00974330399185419,8.743377111386508e-05,0.0030722261872142553,-0.003174401819705963,-0.0710156038403511,0.07108651846647263,False
train,0.7199416756629944,0.0,0.009704281575977802,8.733619324630126e-05,0.0031471694819629192,-0.0032467511482536793,-0.06950514018535614,0.06958092749118805,False
train,0.7203584313392639,0.0,0.009665883146226406,8.724071085453033e-05,0.0032236245460808277,-0.0033206562511622906,-0.06802508234977722,0.06810608506202698,False
train,0.7207751870155334,0.0,0.009628179483115673,8.714609430171549e-05,0.0033016225788742304,-0.0033961469307541847,-0.06657539308071136,0.06666196137666702,False
train,0.721191942691803,0.0,0.009591072797775269,8.705232903594151e-05,0.003381163813173771,-0.0034732217900455,-0.06515458971261978,0.06524709612131119,False
train,0.7216086387634277,0.0,0.009554615244269371,8.695973519934341e-05,0.003462273394688964,-0.0035519064404070377,-0.0637628361582756,0.06386169046163559,False
train,0.7220253944396973,0.0,0.009518765844404697,8.686840010341257e-05,0.0035449808929115534,-0.003632228821516037,-0.06239897012710571,0.0625045970082283,False
train,0.7224421501159668,0.0,0.009483501315116882,8.67778217070736e-05,0.0036292753648012877,-0.003714176593348384,-0.061062492430210114,0.06117534637451172,False
train,0.7228589057922363,0.0,0.009448842145502567,8.66884074639529e-05,0.0037151954602450132,-0.0037977886386215687,-0.059752870351076126,0.059873439371585846,False
train,0.7232756614685059,0.0,0.009414753876626492,8.660000457894057e-05,0.0038027295377105474,-0.0038830519188195467,-0.0584694966673851,0.058598294854164124,False
train,0.7236924171447754,0.0,0.009381226263940334,8.651267853565514e-05,0.0038919204380363226,-0.003970008343458176,-0.05721166729927063,0.05734924599528313,False
train,0.7241091728210449,0.0,0.009348255582153797,8.642626198707148e-05,0.003982749301940203,-0.00405863905325532,-0.05597897619009018,0.05612591281533241,False
train,0.7245259284973145,0.0,0.009315794333815575,8.634059486212209e-05,0.004075255710631609,-0.004148982465267181,-0.05477061867713928,0.05492754280567169,False
train,0.724942684173584,0.0,0.009283926337957382,8.625599730294198e-05,0.004169425927102566,-0.0042410241439938545,-0.05358666926622391,0.053754232823848724,False
train,0.7253594398498535,0.0,0.009252535179257393,8.617255662102252e-05,0.004265299066901207,-0.004334802273660898,-0.05242583900690079,0.05260474607348442,False
train,0.725776195526123,0.0,0.009221669286489487,8.608993084635586e-05,0.004362854640930891,-0.004430295899510384,-0.05128804221749306,0.0514790341258049,False
train,0.7261929512023926,0.0,0.009191303513944149,8.60078725963831e-05,0.004462127108126879,-0.004527538549154997,-0.05017274245619774,0.05037660896778107,False
train,0.7266097068786621,0.0,0.009161440655589104,8.59272840898484e-05,0.0045631020329892635,-0.0046265157870948315,-0.049079496413469315,0.04929707571864128,False
train,0.7270264625549316,0.0,0.009132022969424725,8.584726310800761e-05,0.004665818996727467,-0.004727265797555447,-0.048007410019636154,0.04823959618806839,False
train,0.7274432182312012,0.0,0.00910311657935381,8.576797699788585e-05,0.004770244006067514,-0.004829754121601582,-0.046956587582826614,0.04720431938767433,False
train,0.7278599739074707,0.0,0.009074650704860687,8.568982593715191e-05,0.004876419901847839,-0.004934023600071669,-0.045926205813884735,0.04619048535823822,False
train,0.7282767295837402,0.0,0.00904664397239685,8.561239519622177e-05,0.004984318278729916,-0.00504004443064332,-0.04491595923900604,0.04519784823060036,False
train,0.7286934852600098,0.0,0.009019059129059315,8.553560473956168e-05,0.0050939819775521755,-0.005147859454154968,-0.0439252108335495,0.04422583431005478,False
train,0.7291102409362793,0.0,0.008991961367428303,8.545978198526427e-05,0.005205371882766485,-0.005257428623735905,-0.04295400530099869,0.04327455535531044,False
train,0.7295269966125488,0.0,0.00896525476127863,8.538476686226204e-05,0.005318525712937117,-0.005368789192289114,-0.042001403868198395,0.0423431433737278,False
train,0.7299437522888184,0.0,0.00893897470086813,8.53106175782159e-05,0.005433414597064257,-0.005481911823153496,-0.04106728732585907,0.041431549936532974,False
train,0.7303605079650879,0.0,0.00891311839222908,8.523694123141468e-05,0.005550073459744453,-0.0055968305096030235,-0.04015124589204788,0.04053945094347,False
train,0.7307772636413574,0.0,0.008887674659490585,8.51643126225099e-05,0.0056684562005102634,-0.005713500082492828,-0.03925285488367081,0.039666492491960526,False
train,0.731194019317627,0.0,0.008862609975039959,8.509246254106984e-05,0.005788602866232395,-0.005831957794725895,-0.03837161883711815,0.03881227970123291,False
train,0.7316107749938965,0.0,0.008837942965328693,8.502117270836607e-05,0.005910475738346577,-0.005952166859060526,-0.03750734031200409,0.037976689636707306,False
train,0.732027530670166,0.0,0.008813654072582722,8.495082875015214e-05,0.006034109741449356,-0.006074162200093269,-0.03665955364704132,0.03715936467051506,False
train,0.7324442863464355,0.0,0.008789722807705402,8.488119055982679e-05,0.006159449461847544,-0.006197887007147074,-0.03582777827978134,0.036359917372465134,False
train,0.7328610420227051,0.0,0.008766178041696548,8.481193071929738e-05,0.0062865293584764,-0.006323374807834625,-0.03501196205615997,0.035578399896621704,False
train,0.7332777380943298,0.0,0.008742998354136944,8.474393689539284e-05,0.0064152926206588745,-0.006450569722801447,-0.034211769700050354,0.03481458127498627,False
train,0.7336944937705994,0.0,0.008720148354768753,8.467616862617433e-05,0.0065458049066364765,-0.006579536013305187,-0.0334264412522316,0.03406783565878868,False
train,0.7341112494468689,0.0,0.008697664365172386,8.460925164399669e-05,0.006677985191345215,-0.006710192188620567,-0.03265600651502609,0.033338285982608795,False
train,0.7345280051231384,0.0,0.0086755296215415,8.454272028757259e-05,0.006811870727688074,-0.006842575501650572,-0.03190020099282265,0.03262581303715706,False
train,0.734944760799408,0.0,0.008653709664940834,8.447736036032438e-05,0.006947407964617014,-0.006976631935685873,-0.03115854226052761,0.03193005174398422,False
train,0.7353615164756775,0.0,0.008632239885628223,8.441229874733835e-05,0.007084618788212538,-0.007112382911145687,-0.030430780723690987,0.03125089406967163,False
train,0.735778272151947,0.0,0.008611081168055534,8.434792107436806e-05,0.0072234454564750195,-0.007249769754707813,-0.029716594144701958,0.03058815374970436,False
train,0.7361950278282166,0.0,0.008590239100158215,8.428416185779497e-05,0.007363912183791399,-0.007388817612081766,-0.029015731066465378,0.029941732063889503,False
train,0.7366117835044861,0.0,0.008569687604904175,8.422125392826274e-05,0.007505957968533039,-0.007529463618993759,-0.028327910229563713,0.029311487451195717,False
train,0.7370285391807556,0.0,0.00854948814958334,8.415887714363635e-05,0.007649611681699753,-0.00767173757776618,-0.027652909979224205,0.028697369620203972,False
train,0.7374452948570251,0.0,0.008529536426067352,8.409702422795817e-05,0.007794792298227549,-0.007815556600689888,-0.02699027583003044,0.028099073097109795,False
train,0.7378620505332947,0.0,0.008509904146194458,8.403562242165208e-05,0.007941529154777527,-0.007960951887071133,-0.026340005919337273,0.027516771107912064,False
train,0.7382788062095642,0.0,0.008490554988384247,8.397505735047162e-05,0.008089753799140453,-0.008107852190732956,-0.02570168673992157,0.026950212195515633,False
train,0.7386955618858337,0.0,0.008471515960991383,8.391509618377313e-05,0.008239484392106533,-0.00825627613812685,-0.025075139477849007,0.026399407535791397,False
train,0.7391123175621033,0.0,0.008452719077467918,8.385566616198048e-05,0.008390640839934349,-0.008406144566833973,-0.024460017681121826,0.02586417831480503,False
train,0.7395290732383728,0.0,0.008434217423200607,8.379683276871219e-05,0.008543243631720543,-0.008557477034628391,-0.02385609783232212,0.025344502180814743,False
train,0.7399458289146423,0.0,0.008415982127189636,8.373836317332461e-05,0.00869721733033657,-0.008710196241736412,-0.02326330356299877,0.024840466678142548,False
train,0.7403625845909119,0.0,0.008397990837693214,8.368048293050379e-05,0.008852572180330753,-0.00886431336402893,-0.022681232541799545,0.02435188554227352,False
train,0.7407793402671814,0.0,0.008380272425711155,8.362337393919006e-05,0.009009252302348614,-0.009019773453474045,-0.022109705954790115,0.02387876622378826,False
train,0.7411960959434509,0.0,0.008362800814211369,8.356677426490933e-05,0.009167191572487354,-0.009176507592201233,-0.021548500284552574,0.023421062156558037,False
train,0.7416128516197205,0.0007936508045531809,0.008345591835677624,8.35105383885093e-05,0.009326407685875893,-0.009334534406661987,-0.020997462794184685,0.02297883667051792,False
train,0.74202960729599,0.0,0.008328604511916637,8.345488458871841e-05,0.009486819617450237,-0.009493773803114891,-0.02045632340013981,0.02255200408399105,False
train,0.7424463629722595,0.0,0.008311884477734566,8.339951455127448e-05,0.009648414328694344,-0.00965421088039875,-0.01992492750287056,0.022140607237815857,False
train,0.742863118648529,0.0,0.008295374922454357,8.334529411513358e-05,0.00981111265718937,-0.009815765544772148,-0.019403012469410896,0.021744566038250923,False
train,0.7432798743247986,0.0,0.008279121480882168,8.329127012984827e-05,0.009974924847483635,-0.00997845083475113,-0.018890460953116417,0.021363964304327965,False
train,0.7436966300010681,0.0,0.00826309248805046,8.323743531946093e-05,0.01013975404202938,-0.010142166167497635,-0.018387045711278915,0.02099873684346676,False
train,0.7441133856773376,0.0,0.008247299119830132,8.318450272781774e-05,0.010305595584213734,-0.010306907817721367,-0.017892612144351006,0.02064892090857029,False
train,0.7445300817489624,0.0,0.008231674320995808,8.31318466225639e-05,0.010472328402101994,-0.0104725556448102,-0.0174068883061409,0.020314382389187813,False
train,0.7449468374252319,0.0,0.008216307498514652,8.307978714583442e-05,0.010640007443726063,-0.010639162734150887,-0.016929807141423225,0.019995253533124924,False
train,0.7453635931015015,0.0,0.008201146498322487,8.302806236315519e-05,0.010808506049215794,-0.010806603357195854,-0.016461072489619255,0.019691357389092445,False
train,0.745780348777771,0.0,0.008186185732483864,8.297709428006783e-05,0.010977815836668015,-0.010974868200719357,-0.016000617295503616,0.019402770325541496,False
train,0.7461971044540405,0.0,0.008171441964805126,8.292630809592083e-05,0.011147838085889816,-0.011143859475851059,-0.015548212453722954,0.01912936381995678,False
train,0.7466138601303101,0.0,0.008156898431479931,8.287611126434058e-05,0.0113185690715909,-0.011313571594655514,-0.015103766694664955,0.018871160224080086,False
train,0.7470306158065796,0.0,0.008142562583088875,8.282602357212454e-05,0.011489898897707462,-0.011483894661068916,-0.014667045325040817,0.018627991899847984,False
train,0.7474473714828491,0.0,0.00812840647995472,8.277667075162753e-05,0.011661818251013756,-0.011654820293188095,-0.014237942174077034,0.018399832770228386,False
train,0.7478641271591187,0.0,0.008114440366625786,8.272790000773966e-05,0.011834212578833103,-0.011826233007013798,-0.013816272839903831,0.01818651147186756,False
train,0.7482808828353882,0.0,0.008100687526166439,8.267947850981727e-05,0.012007074430584908,-0.011998124420642853,-0.013401929289102554,0.017987960949540138,False
train,0.7486976385116577,0.0,0.0080870995298028,8.263155905297026e-05,0.012180304154753685,-0.012170396745204926,-0.012994742020964622,0.017803983762860298,False
train,0.7491143941879272,0.0,0.008073682896792889,8.258390153059736e-05,0.012353872880339622,-0.012343019247055054,-0.012594535946846008,0.01763441041111946,False
train,0.7495311498641968,0.0,0.008060458116233349,8.253665873780847e-05,0.012527668848633766,-0.012515881098806858,-0.012201240286231041,0.01747906021773815,False
train,0.7499479055404663,0.0007936508045531809,0.00804738886654377,8.248976519098505e-05,0.012701685540378094,-0.012688974849879742,-0.011814592406153679,0.01733766682446003,False
train,0.7503646612167358,0.0,0.008034533821046352,8.244359923992306e-05,0.012875797227025032,-0.012862172909080982,-0.011434674263000488,0.017210092395544052,False
train,0.7507814168930054,0.0,0.008021825924515724,8.239754970418289e-05,0.013049987144768238,-0.013035462237894535,-0.011061187833547592,0.01709599792957306,False
train,0.7511981725692749,0.0015873016091063619,0.008009289391338825,8.235214772867039e-05,0.013224136084318161,-0.013208719901740551,-0.010694053024053574,0.016995089128613472,False
train,0.7516149282455444,0.0,0.007996898144483566,8.230684034060687e-05,0.013398226350545883,-0.013381930068135262,-0.010333126410841942,0.016907086595892906,False
train,0.752031683921814,0.0,0.007984704338014126,8.226219506468624e-05,0.013572144322097301,-0.013554977253079414,-0.009978324174880981,0.016831647604703903,False
train,0.7524484395980835,0.0015873016091063619,0.007972651161253452,8.221796451834962e-05,0.01374585647135973,-0.013727830722928047,-0.009629517793655396,0.016768451780080795,False
train,0.752865195274353,0.0,0.00796073954552412,8.217375579988584e-05,0.013919251039624214,-0.013900375925004482,-0.00928652472794056,0.016717055812478065,False
train,0.7532819509506226,0.0,0.00794901605695486,8.21302819531411e-05,0.014092296361923218,-0.014072581194341183,-0.00894935056567192,0.01667718216776848,False
train,0.7536987066268921,0.0031746032182127237,0.00793741550296545,8.208690269384533e-05,0.014264876022934914,-0.014244330115616322,-0.008617760613560677,0.016648324206471443,False
train,0.7541154623031616,0.003968254197388887,0.007925963029265404,8.204409823520109e-05,0.014436963945627213,-0.014415597543120384,-0.00829172320663929,0.016630155965685844,False
train,0.7545322179794312,0.0007936508045531809,0.007914680987596512,8.200154843507335e-05,0.014608423225581646,-0.014586244709789753,-0.007971122860908508,0.016622193157672882,False
train,0.7549489736557007,0.0,0.007903520949184895,8.195963891921565e-05,0.014779243618249893,-0.014756263233721256,-0.007655823603272438,0.016624046489596367,False
train,0.7553657293319702,0.0,0.007892514578998089,8.191760571207851e-05,0.014949308708310127,-0.014925535768270493,-0.007345773279666901,0.016635263338685036,False
train,0.755782425403595,0.0634920671582222,0.007881644181907177,8.187637286027893e-05,0.015118541195988655,-0.015093985013663769,-0.007040852680802345,0.016655389219522476,False
train,0.7561991810798645,0.05000000074505806,0.007870904169976711,8.183538739103824e-05,0.015286901965737343,-0.015261570923030376,-0.006740916520357132,0.01668398827314377,False
train,0.756615936756134,0.03650793805718422,0.007860301062464714,8.17945838207379e-05,0.015454264357686043,-0.015428167767822742,-0.00644591823220253,0.016720592975616455,False
train,0.7570326924324036,0.02460317499935627,0.007849846966564655,8.175396214937791e-05,0.015620614401996136,-0.015593758784234524,-0.00615575909614563,0.0167648047208786,False
train,0.7574494481086731,0.0476190485060215,0.007839507423341274,8.171421359293163e-05,0.01578579843044281,-0.015758194029331207,-0.005870318040251732,0.01681610196828842,False
train,0.7578662037849426,0.0436507947742939,0.00782929640263319,8.167455962393433e-05,0.015949808061122894,-0.015921462327241898,-0.005589529871940613,0.01687411591410637,False
train,0.7582829594612122,0.04920634999871254,0.007819202728569508,8.163516031345353e-05,0.016112523153424263,-0.01608344539999962,-0.005313321948051453,0.016938375309109688,False
train,0.7586997151374817,0.0515873022377491,0.007809270638972521,8.15960083855316e-05,0.016273902729153633,-0.016244100406765938,-0.005041573196649551,0.017008475959300995,False
train,0.7591164708137512,0.03888889029622078,0.007799407001584768,8.155734394676983e-05,0.016433818265795708,-0.01640329882502556,-0.004774184897542,0.017083941027522087,False
train,0.7595332264900208,0.04603174701333046,0.007789699360728264,8.151908696163446e-05,0.016592252999544144,-0.016561025753617287,-0.0045111533254384995,0.0171644426882267,False
train,0.7599499821662903,0.05238095298409462,0.007780114654451609,8.148077904479578e-05,0.016749082133173943,-0.016717152670025826,-0.0042523350566625595,0.01724950782954693,False
train,0.7603667378425598,0.0595238097012043,0.007770641706883907,8.144294406520203e-05,0.016904262825846672,-0.01687164232134819,-0.003997674211859703,0.017338791862130165,False
train,0.7607834935188293,0.04047619178891182,0.007761253975331783,8.140574936987832e-05,0.01705770194530487,-0.017024394124746323,-0.0037470702081918716,0.01743188314139843,False
train,0.7612002491950989,0.06031746044754982,0.007752025034278631,8.136841643135995e-05,0.017209338024258614,-0.017175352200865746,-0.0035004708915948868,0.017528435215353966,False
train,0.7616170048713684,0.0555555559694767,0.0077428799122571945,8.133181108860299e-05,0.017359068617224693,-0.017324410378932953,-0.00325777567923069,0.017628053203225136,False
train,0.7620337605476379,0.05476190522313118,0.007733837701380253,8.129513298626989e-05,0.017506873235106468,-0.017471550032496452,-0.003018926829099655,0.017730453982949257,False
train,0.7624505162239075,0.05714285746216774,0.007724930997937918,8.125885506160557e-05,0.017652617767453194,-0.01761663891375065,-0.0027838796377182007,0.01783524453639984,False
train,0.762867271900177,0.0555555559694767,0.007716110907495022,8.122314466163516e-05,0.017796287313103676,-0.01775965839624405,-0.0025525111705064774,0.017942151054739952,False
train,0.7632840275764465,0.0555555559694767,0.007707392796874046,8.118720870697871e-05,0.017937758937478065,-0.017900487408041954,-0.002324797213077545,0.018050819635391235,False
train,0.7637007832527161,0.05079365149140358,0.007698790170252323,8.115200034808367e-05,0.018077010288834572,-0.018039101734757423,-0.0021006688475608826,0.018161002546548843,False
train,0.7641175389289856,0.05793650820851326,0.007690285332500935,8.111695206025615e-05,0.01821393333375454,-0.01817539520561695,-0.001880008727312088,0.018272366374731064,False
train,0.7645342946052551,0.05317460373044014,0.007681888062506914,8.108206384349614e-05,0.018348490819334984,-0.018309328705072403,-0.0016628522425889969,0.01838468387722969,False
train,0.7649510502815247,0.05793650820851326,0.007673558313399553,8.104743756121024e-05,0.018480587750673294,-0.018440809100866318,-0.00144902803003788,0.0184976514428854,False
train,0.7653678059577942,0.05079365149140358,0.0076653542928397655,8.101343701127917e-05,0.018610196188092232,-0.018569806590676308,-0.0012385118752717972,0.018611062318086624,False
train,0.7657845616340637,0.05793650820851326,0.007657242473214865,8.097945101326331e-05,0.01873720809817314,-0.018696215003728867,-0.001031273975968361,0.018724635243415833,False
train,0.7662013173103333,0.0634920671582222,0.007649218663573265,8.094563236227259e-05,0.018861593678593636,-0.018820002675056458,-0.0008272472769021988,0.018838174641132355,False
train,0.7666180729866028,0.04920634999871254,0.007641294971108437,8.091245399555191e-05,0.0189832616597414,-0.018941080197691917,-0.0006263479590415955,0.018951432779431343,False
train,0.7670348286628723,0.05634920671582222,0.007633443921804428,8.087912283372134e-05,0.019102195277810097,-0.019059427082538605,-0.00042853131890296936,0.019064243882894516,False
train,0.7674515247344971,0.010317460633814335,0.007625699043273926,8.084627916105092e-05,0.01921827904880047,-0.019174933433532715,-0.00023375637829303741,0.019176358357071877,False
train,0.7678682804107666,0.0015873016091063619,0.007618048693984747,8.08137483545579e-05,0.019331520423293114,-0.019287599250674248,-4.194304347038269e-05,0.01928764395415783,False
train,0.7682850360870361,0.0015873016091063619,0.0076104565523564816,8.078115934040397e-05,0.019441813230514526,-0.019397325813770294,0.00014694035053253174,0.019397882744669914,False
train,0.7687017917633057,0.008730159141123295,0.007602984085679054,8.074911602307111e-05,0.019549138844013214,-0.019504088908433914,0.00033297576010227203,0.01950693130493164,False
train,0.7691185474395752,0.02619047649204731,0.007595584262162447,8.071708725765347e-05,0.01965342089533806,-0.01960781402885914,0.0005161743611097336,0.019614607095718384,False
train,0.7695353031158447,0.02063492126762867,0.007588237524032593,8.068561874097213e-05,0.01975463144481182,-0.019708475098013878,0.0006966125220060349,0.019720783457159996,False
train,0.7699520587921143,0.0,0.00758100301027298,8.06543102953583e-05,0.019852695986628532,-0.019805993884801865,0.0008743442595005035,0.0198252834379673,False
train,0.7703688144683838,0.0,0.007573861628770828,8.062308916123584e-05,0.01994759403169155,-0.019900351762771606,0.0010494068264961243,0.01992800273001194,False
train,0.7707855701446533,0.0,0.007566784042865038,8.059211540967226e-05,0.020039254799485207,-0.019991477951407433,0.0012218225747346878,0.02002877928316593,False
train,0.7712023258209229,0.0,0.007559785153716803,8.056152728386223e-05,0.020127668976783752,-0.020079363137483597,0.0013916771858930588,0.02012753300368786,False
train,0.7716190814971924,0.0,0.007552857510745525,8.053141937125474e-05,0.02021276019513607,-0.02016393095254898,0.0015589948743581772,0.020224109292030334,False
train,0.7720358371734619,0.0,0.007546018343418837,8.050101314438507e-05,0.02029452472925186,-0.020245175808668137,0.0017238389700651169,0.02031843364238739,False
train,0.7724525928497314,0.0,0.007539256941527128,8.047131268540397e-05,0.020372897386550903,-0.02032303623855114,0.0018862392753362656,0.020410381257534027,False
train,0.772869348526001,0.0015873016091063619,0.007532548159360886,8.044153946684673e-05,0.020447861403226852,-0.02039749175310135,0.0020462311804294586,0.02049987204372883,False
train,0.7732861042022705,0.0,0.0075259278528392315,8.041209366638213e-05,0.020519383251667023,-0.02046850696206093,0.00220387801527977,0.020586812868714333,False
train,0.77370285987854,0.0,0.007519384380429983,8.03830407676287e-05,0.020587431266903877,-0.020536057651042938,0.0023591946810483932,0.020671125501394272,False
train,0.7741196155548096,0.0015873016091063619,0.00751290051266551,8.035391510929912e-05,0.020651960745453835,-0.02060009352862835,0.0025122342631220818,0.020752714946866035,False
train,0.7745363712310791,0.04285714402794838,0.0075064897537231445,8.032494952203706e-05,0.02071298100054264,-0.020660623908042908,0.0026630405336618423,0.02083154208958149,False
train,0.7749531269073486,0.011904762126505375,0.007500140927731991,8.029653690755367e-05,0.020770439878106117,-0.020717598497867584,0.0028116321191191673,0.020907513797283173,False
train,0.7753698825836182,0.0,0.007493873126804829,8.026821160456166e-05,0.020824337378144264,-0.02077101729810238,0.0029580816626548767,0.0209805965423584,False
train,0.7757866382598877,0.0,0.007487674243748188,8.023997361306101e-05,0.0208746287971735,-0.02082083374261856,0.0031024161726236343,0.021050702780485153,False
train,0.7762033939361572,0.0,0.007481522858142853,8.021205576369539e-05,0.02092132717370987,-0.020867059007287025,0.0032446393743157387,0.021117808297276497,False
train,0.7766201496124268,0.0007936508045531809,0.007475454825907946,8.018437074497342e-05,0.020964404568076134,-0.02090967260301113,0.0033848267048597336,0.0211818665266037,False
train,0.7770369052886963,0.0,0.007469445001333952,8.015669300220907e-05,0.021003838628530502,-0.02094864286482334,0.0035229986533522606,0.021242814138531685,False
train,0.7774536609649658,0.0007936508045531809,0.007463496178388596,8.012948092073202e-05,0.021039636805653572,-0.02098398469388485,0.0036591719835996628,0.02130063809454441,False
train,0.7778704166412354,0.0007936508045531809,0.00745761301368475,8.010236342670396e-05,0.02107178419828415,-0.021015677601099014,0.0037934063002467155,0.021355295553803444,False
train,0.7782871723175049,0.0,0.00745178060606122,8.007563155842945e-05,0.021100278943777084,-0.021043725311756134,0.003925727680325508,0.021406767889857292,False
train,0.7787038683891296,0.0,0.007446019444614649,8.004898700164631e-05,0.021125102415680885,-0.02106810361146927,0.004056151956319809,0.021455008536577225,False
train,0.7791206240653992,0.0015873016091063619,0.007440323010087013,8.00225097918883e-05,0.021146288141608238,-0.021088849753141403,0.004184730350971222,0.021500036120414734,False
train,0.7795373797416687,0.0,0.0074346624314785,7.999610534170642e-05,0.021163806319236755,-0.02110593020915985,0.004311498254537582,0.02154180407524109,False
train,0.7799541354179382,0.0,0.007429094985127449,7.997002103365958e-05,0.02117767557501793,-0.021119367331266403,0.004436483606696129,0.021580316126346588,False
train,0.7803708910942078,0.0,0.007423566188663244,7.99443296273239e-05,0.021187899634242058,-0.02112916298210621,0.004559703171253204,0.021615559235215187,False
train,0.7807876467704773,0.0007936508045531809,0.007418087683618069,7.991863822098821e-05,0.021194489672780037,-0.021135328337550163,0.004681196063756943,0.021647533401846886,False
train,0.7812044024467468,0.0,0.007412665989249945,7.989311416167766e-05,0.02119744010269642,-0.021137859672307968,0.0048009734600782394,0.021676218137145042,False
train,0.7816211581230164,0.0007936508045531809,0.007407308090478182,7.986759737832472e-05,0.021196790039539337,-0.02113679237663746,0.004919080063700676,0.021701643243432045,False
train,0.7820379137992859,0.0,0.0074020070023834705,7.984276453498751e-05,0.021192530170083046,-0.021132120862603188,0.005035563372075558,0.021723797544836998,False
train,0.7824546694755554,0.0031746032182127237,0.007396741304546595,7.981764792930335e-05,0.021184692159295082,-0.021123873069882393,0.00515039823949337,0.021742690354585648,False
train,0.782871425151825,0.0063492064364254475,0.007391545455902815,7.979290967341512e-05,0.021173300221562386,-0.021112076938152313,0.005263658240437508,0.02175835147500038,False
train,0.7832881808280945,0.0015873016091063619,0.007386395707726479,7.976841880008578e-05,0.021158356219530106,-0.0210967306047678,0.005375358276069164,0.021770771592855453,False
train,0.783704936504364,0.0007936508045531809,0.007381285075098276,7.97441607574001e-05,0.02113988995552063,-0.021077865734696388,0.0054855067282915115,0.021779973059892654,False
train,0.7841216921806335,0.0,0.007376258261501789,7.971990271471441e-05,0.021117936819791794,-0.021055519580841064,0.005594166927039623,0.021785994991660118,False
train,0.7845384478569031,0.0,0.007371244486421347,7.969595753820613e-05,0.021092522889375687,-0.02102971449494362,0.0057013025507330894,0.02178884483873844,False
train,0.7849552035331726,0.0,0.0073663159273564816,7.967202691361308e-05,0.021063661202788353,-0.021000467240810394,0.005807013250887394,0.021788552403450012,False
train,0.7853719592094421,0.0,0.0073614041320979595,7.964824908412993e-05,0.021031400188803673,-0.020967820659279823,0.005911253392696381,0.02178514190018177,False
train,0.7857887148857117,0.0,0.007356561720371246,7.962478412082419e-05,0.02099575661122799,-0.020931797102093697,0.0060140956193208694,0.021778646856546402,False
train,0.7862054705619812,0.0,0.007351764477789402,7.96015519881621e-05,0.02095678448677063,-0.020892448723316193,0.0061155445873737335,0.021769113838672638,False
train,0.7866222262382507,0.003968254197388887,0.007346991449594498,7.957839989103377e-05,0.020914506167173386,-0.020849797874689102,0.006215590052306652,0.021756554022431374,False
train,0.7870389819145203,0.0,0.007342298049479723,7.955540786497295e-05,0.020868949592113495,-0.020803870633244514,0.006314331665635109,0.021741017699241638,False
train,0.7874557375907898,0.0015873016091063619,0.007337621878832579,7.95326559455134e-05,0.02082017995417118,-0.020754734054207802,0.006411716341972351,0.021722547709941864,False
train,0.7878724932670593,0.0007936508045531809,0.007333022076636553,7.95099840615876e-05,0.020768219605088234,-0.020702410489320755,0.0065078167244791985,0.021701186895370483,False
train,0.7882892489433289,0.0,0.00732843205332756,7.948738493723795e-05,0.020713122561573982,-0.020646952092647552,0.006602596491575241,0.021676966920495033,False
train,0.7887060046195984,0.004761904943734407,0.007323906756937504,7.946510595502332e-05,0.02065492421388626,-0.02058839611709118,0.006696135737001896,0.021649949252605438,False
train,0.7891227602958679,0.0007936508045531809,0.007319412659853697,7.944290700834244e-05,0.02059366926550865,-0.020526787266135216,0.006788421422243118,0.021620167419314384,False
train,0.7895395159721375,0.0,0.0073149907402694225,7.942116644699126e-05,0.020529408007860184,-0.020462175831198692,0.006879505701363087,0.021587686613202095,False
train,0.7899562120437622,0.0007936508045531809,0.007310567889362574,7.939920760691166e-05,0.02046220563352108,-0.02039462700486183,0.0069693392142653465,0.02155255153775215,False
train,0.7903729677200317,0.0,0.007306217215955257,7.937755435705185e-05,0.020392080768942833,-0.020324155688285828,0.007058029994368553,0.021514810621738434,False
train,0.7907897233963013,0.0,0.007301896810531616,7.935590838314965e-05,0.020319104194641113,-0.0202508382499218,0.007145539857447147,0.021474525332450867,False
train,0.7912064790725708,0.0,0.00729761365801096,7.933480083011091e-05,0.020243315026164055,-0.02017471008002758,0.0072318874299526215,0.021431731060147285,False
train,0.7916232347488403,0.0,0.007293371483683586,7.931346772238612e-05,0.02016478404402733,-0.020095841959118843,0.007317116484045982,0.021386515349149704,False
train,0.7920399904251099,0.0,0.007289172615855932,7.929229468572885e-05,0.020083539187908173,-0.020014263689517975,0.007401240989565849,0.02133890986442566,False
train,0.7924567461013794,0.0,0.007285011000931263,7.927149999886751e-05,0.019999664276838303,-0.01993005909025669,0.007484247907996178,0.02128899283707142,False
train,0.7928735017776489,0.0,0.0072809006087481976,7.925079262349755e-05,0.019913192838430405,-0.019843261688947678,0.007566217333078384,0.021236823871731758,False
train,0.7932902574539185,0.0,0.00727681303396821,7.923001248855144e-05,0.019824199378490448,-0.019753944128751755,0.007647084072232246,0.021182449534535408,False
train,0.793707013130188,0.0,0.007272755261510611,7.920977077446878e-05,0.019732719287276268,-0.019662141799926758,0.007726907730102539,0.021125931292772293,False
train,0.7941237688064575,0.0,0.007268744986504316,7.918915071059018e-05,0.01963884010910988,-0.01956794410943985,0.0078057218343019485,0.021067362278699875,False
train,0.794540524482727,0.0,0.007264778017997742,7.916921458672732e-05,0.019542595371603966,-0.019471382722258568,0.007883522659540176,0.02100677601993084,False
train,0.7949572801589966,0.0,0.007260833401232958,7.914906018413603e-05,0.019444063305854797,-0.01937253586947918,0.00796030554920435,0.020944250747561455,False
train,0.7953740358352661,0.0007936508045531809,0.007256960961967707,7.912958972156048e-05,0.019343283027410507,-0.019271446391940117,0.008036155253648758,0.02087985724210739,False
train,0.7957907915115356,0.0,0.007253086660057306,7.91095953900367e-05,0.01924033835530281,-0.019168192520737648,0.00811100099235773,0.020813647657632828,False
train,0.7962075471878052,0.0,0.007249251939356327,7.908998668426648e-05,0.01913527213037014,-0.019062820822000504,0.008184891194105148,0.020745687186717987,False
train,0.7966243028640747,0.0,0.007245457731187344,7.907060353318229e-05,0.01902816630899906,-0.01895541325211525,0.008257857523858547,0.02067607082426548,False
train,0.7970410585403442,0.0,0.007241712883114815,7.905122765805572e-05,0.018919045105576515,-0.018845992162823677,0.008329914882779121,0.020604826509952545,False
train,0.7974578142166138,0.0,0.0072379638440907,7.90320846135728e-05,0.018808020278811455,-0.01873466931283474,0.008401017636060715,0.020532045513391495,False
train,0.7978745698928833,0.0,0.007234285119920969,7.901301432866603e-05,0.01869511418044567,-0.018621468916535378,0.00847128126770258,0.020457802340388298,False
train,0.7982913255691528,0.0007936508045531809,0.007230604533106089,7.899403863120824e-05,0.018580423668026924,-0.018506484106183052,0.00854060985147953,0.020382149145007133,False
train,0.7987080812454224,0.0,0.007226984947919846,7.897535397205502e-05,0.018463969230651855,-0.018389739096164703,0.008609113283455372,0.020305154845118523,False
train,0.7991248369216919,0.0007936508045531809,0.007223404478281736,7.895660382928327e-05,0.018345853313803673,-0.01827133446931839,0.00867676455527544,0.020226910710334778,False
train,0.7995415925979614,0.0007936508045531809,0.0072198123671114445,7.893808651715517e-05,0.01822611689567566,-0.018151313066482544,0.008743519894778728,0.02014743909239769,False
train,0.799958348274231,0.004761904943734407,0.007216303609311581,7.891964196460322e-05,0.018104836344718933,-0.018029749393463135,0.008809518069028854,0.020066874101758003,False
test,0.8003751039505005,0.10555555671453476,0.0072127836756408215,7.890151027822867e-05,0.017982054501771927,-0.017906686291098595,0.008874637074768543,0.01998521015048027,False
test,0.80079185962677,0.0031746032182127237,0.007209316361695528,7.888345135143027e-05,0.017857858911156654,-0.017782211303710938,0.008938989602029324,0.019902577623724937,False
test,0.8012085556983948,0.210317462682724,0.007205860689282417,7.886540697654709e-05,0.01773230917751789,-0.017656385898590088,0.009002510458230972,0.01981901004910469,False
test,0.8016253113746643,0.1190476194024086,0.007202458567917347,7.884758088039234e-05,0.017605450004339218,-0.017529252916574478,0.009065295569598675,0.019734596833586693,False
test,0.8020420670509338,0.09285714477300644,0.0071990713477134705,7.882968930061907e-05,0.01747734658420086,-0.01740087755024433,0.009127287194132805,0.01964937523007393,False
test,0.8024588227272034,0.18968254327774048,0.007195733953267336,7.881209603510797e-05,0.01734806038439274,-0.01727132312953472,0.009188547730445862,0.01956343464553356,False
test,0.8028755784034729,0.0063492064364254475,0.007192397490143776,7.879474287619814e-05,0.01721765473484993,-0.017140649259090424,0.009249028749763966,0.019476816058158875,False
test,0.8032923340797424,0.010317460633814335,0.007189090829342604,7.877738971728832e-05,0.01708620972931385,-0.017008939757943153,0.009308777749538422,0.019389620050787926,False
test,0.803709089756012,0.008730159141123295,0.007185842841863632,7.876003655837849e-05,0.016953755170106888,-0.016876220703125,0.009367831982672215,0.019301893189549446,False
test,0.8041258454322815,0.11825396865606308,0.007182606961578131,7.87429089541547e-05,0.016820376738905907,-0.016742583364248276,0.009426172822713852,0.019213715568184853,False
test,0.804542601108551,0.19603174924850464,0.00717936921864748,7.872594142099842e-05,0.01668611541390419,-0.016608063131570816,0.009483754634857178,0.01912509836256504,False
test,0.8049593567848206,0.02222222276031971,0.007176187355071306,7.870897388784215e-05,0.016551045700907707,-0.01647273823618889,0.00954069010913372,0.019036171957850456,False
test,0.8053761124610901,0.011111111380159855,0.007173020392656326,7.869209366617724e-05,0.016415204852819443,-0.01633664034307003,0.009596917778253555,0.018946943804621696,False
test,0.8057928681373596,0.004761904943734407,0.007169902324676514,7.867551175877452e-05,0.016278667375445366,-0.016199851408600807,0.009652510285377502,0.018857521936297417,False
test,0.8062096238136292,0.10952381044626236,0.007166786585003138,7.86589298513718e-05,0.016141487285494804,-0.01606242172420025,0.009707408025860786,0.018767928704619408,False
test,0.8066263794898987,0.15952381491661072,0.007163705304265022,7.864266081014648e-05,0.016003726050257683,-0.01592441089451313,0.009761657565832138,0.018678244203329086,False
test,0.8070431351661682,0.01904761977493763,0.007160656154155731,7.862623169785365e-05,0.015865420922636986,-0.015785861760377884,0.009815279394388199,0.01858852058649063,False
test,0.8074598908424377,0.2698412835597992,0.007157625164836645,7.86098898970522e-05,0.015726663172245026,-0.015646858140826225,0.00986824743449688,0.018498823046684265,False
test,0.8078766465187073,0.26825398206710815,0.007154619321227074,7.859377365093678e-05,0.015587464906275272,-0.015507417730987072,0.009920600801706314,0.018409190699458122,False
test,0.8082934021949768,0.26428571343421936,0.007151622325181961,7.857766468077898e-05,0.015447903424501419,-0.015367615967988968,0.009972303174436092,0.01831967383623123,False
test,0.8087101578712463,0.30793651938438416,0.0071486798115074635,7.856186130084097e-05,0.0153080178424716,-0.015227492898702621,0.010023449547588825,0.018230361863970757,False
test,0.8091269135475159,0.31904762983322144,0.007145752664655447,7.85461234045215e-05,0.015167880803346634,-0.015087118372321129,0.01007397472858429,0.018141282722353935,False
test,0.8095436692237854,0.36666667461395264,0.0071428436785936356,7.853054557926953e-05,0.015027517452836037,-0.014946520328521729,0.01012391597032547,0.0180524829775095,False
test,0.8099604249000549,0.33095237612724304,0.007139959372580051,7.851489499444142e-05,0.014887005090713501,-0.014805776067078114,0.01017326395958662,0.01796402782201767,False
test,0.8103771805763245,0.3730158805847168,0.007137103471904993,7.849954999983311e-05,0.014746359549462795,-0.014664899557828903,0.010222055949270725,0.017875952646136284,False
test,0.810793936252594,0.3365079462528229,0.00713426573202014,7.84842050052248e-05,0.014605670236051083,-0.014523981139063835,0.010270273312926292,0.017788326367735863,False
test,0.8112106919288635,0.37857142090797424,0.007131442427635193,7.84688672865741e-05,0.014464938081800938,-0.01438302081078291,0.0103179095312953,0.017701145261526108,False
test,0.8116274476051331,0.3103174567222595,0.007128647528588772,7.845374784665182e-05,0.014324262738227844,-0.014242121018469334,0.010365006513893604,0.017614521086215973,False
test,0.8120442032814026,0.3579365015029907,0.0071258810348808765,7.843864295864478e-05,0.014183629304170609,-0.014101263135671616,0.010411582887172699,0.017528453841805458,False
test,0.8124609589576721,0.369047611951828,0.007123128976672888,7.842375634936616e-05,0.01404312439262867,-0.013960536569356918,0.0104575976729393,0.017442990094423294,False
test,0.8128776550292969,0.3126984238624573,0.0071204048581421375,7.840887701604515e-05,0.013902815990149975,-0.013820008374750614,0.010503096505999565,0.017358215525746346,False
test,0.8132944107055664,0.3920634984970093,0.007117702160030603,7.839422323741019e-05,0.013762668706476688,-0.013679642230272293,0.01054808497428894,0.017274105921387672,False
test,0.8137111663818359,0.3174603283405304,0.007115017157047987,7.837949669919908e-05,0.013622787781059742,-0.013539544306695461,0.010592547245323658,0.017190733924508095,False
test,0.8141279220581055,0.3722222149372101,0.007112357299774885,7.836499571567401e-05,0.01348316390067339,-0.013399706222116947,0.01063651405274868,0.017108114436268806,False
test,0.814544677734375,0.29603174328804016,0.007109721656888723,7.83505747676827e-05,0.013343886472284794,-0.013260215520858765,0.010679992847144604,0.017026320099830627,False
test,0.8149614334106445,0.3603174686431885,0.0071070874109864235,7.8336161095649e-05,0.01320495642721653,-0.013121073134243488,0.010722939856350422,0.01694532483816147,False
test,0.8153781890869141,0.25634920597076416,0.007104491349309683,7.832203846191987e-05,0.01306644082069397,-0.01298234798014164,0.010765442624688148,0.016865232959389687,False
test,0.8157949447631836,0.3650793731212616,0.007101919036358595,7.830777758499607e-05,0.01292833499610424,-0.012844033539295197,0.010807466693222523,0.01678602211177349,False
test,0.8162117004394531,0.230158731341362,0.00709936860948801,7.82938877819106e-05,0.012790728360414505,-0.012706220149993896,0.010849017649888992,0.016707759350538254,False
test,0.8166284561157227,0.369047611951828,0.007096828892827034,7.827985245967284e-05,0.012653617188334465,-0.012568904086947441,0.01089010201394558,0.016630444675683975,False
test,0.8170452117919922,0.34761905670166016,0.007094300352036953,7.826596993254498e-05,0.012517053633928299,-0.012432136572897434,0.01093070674687624,0.016554104164242744,False
test,0.8174619674682617,0.2587301731109619,0.00709179975092411,7.825208740541711e-05,0.012381038628518581,-0.012295919470489025,0.010970871895551682,0.01647876389324665,False
test,0.8178787231445312,0.3539682626724243,0.007089309860020876,7.823851046850905e-05,0.012245645746588707,-0.012160326354205608,0.011010576039552689,0.01640446111559868,False
test,0.8182954788208008,0.26428571343421936,0.007086864672601223,7.822492625564337e-05,0.012110874988138676,-0.012025357224047184,0.011049885302782059,0.016331233084201813,False
test,0.8187122344970703,0.3531745970249176,0.007084410637617111,7.821158214937896e-05,0.011976766400039196,-0.011891051195561886,0.011088707484304905,0.016259044408798218,False
test,0.8191289901733398,0.2507936656475067,0.007081997115164995,7.819815800758079e-05,0.011843343265354633,-0.011757432483136654,0.011127153411507607,0.016187982633709908,False
test,0.8195457458496094,0.3452380895614624,0.007079588249325752,7.818473386578262e-05,0.011710654012858868,-0.011624549515545368,0.011165148578584194,0.016118023544549942,False
test,0.8199625015258789,0.24682539701461792,0.007077197078615427,7.817161531420425e-05,0.011578689329326153,-0.011492392048239708,0.011202719062566757,0.016049174591898918,False
test,0.8203792572021484,0.3373015820980072,0.007074826862663031,7.815849676262587e-05,0.011447504162788391,-0.011361015029251575,0.011239892803132534,0.015981484204530716,False
test,0.820796012878418,0.2706349194049835,0.007072480861097574,7.814529817551374e-05,0.011317098513245583,-0.011230419389903545,0.011276667937636375,0.015914948657155037,False
test,0.8212127685546875,0.341269850730896,0.007070138584822416,7.813241245457903e-05,0.011187518015503883,-0.011100650765001774,0.011313014663755894,0.015849566087126732,False
test,0.821629524230957,0.27539682388305664,0.0070678177289664745,7.811959949322045e-05,0.011058773845434189,-0.010971719399094582,0.011348980478942394,0.015785371884703636,False
test,0.8220462799072266,0.3460317552089691,0.007065517827868462,7.810678653186187e-05,0.010930884629487991,-0.010843644849956036,0.011384561657905579,0.01572236977517605,False
test,0.8224630355834961,0.2984127104282379,0.007063228636980057,7.80939735705033e-05,0.010803873650729656,-0.010716450400650501,0.011419746093451977,0.01566055230796337,False
test,0.8228797912597656,0.3920634984970093,0.007060956675559282,7.80816117185168e-05,0.010677766986191273,-0.010590161196887493,0.011454545892775059,0.015599939972162247,False
test,0.8232965469360352,0.41031745076179504,0.007058708928525448,7.806895882822573e-05,0.010552565567195415,-0.010464778169989586,0.01148899458348751,0.015540546737611294,False
test,0.8237133026123047,0.5515872836112976,0.007056489121168852,7.805652421666309e-05,0.010428314097225666,-0.010340346023440361,0.011523088440299034,0.015482387505471706,False
test,0.8241299986839294,0.49444442987442017,0.007054269779473543,7.804409688105807e-05,0.010305019095540047,-0.01021687313914299,0.011556779965758324,0.015425422228872776,False
test,0.824546754360199,0.6095238327980042,0.007052064407616854,7.803181506460533e-05,0.010182672180235386,-0.010094348341226578,0.011590130627155304,0.015369677916169167,False
test,0.8249635100364685,0.541269838809967,0.007049886509776115,7.801962055964395e-05,0.010061327368021011,-0.009972828440368176,0.011623134836554527,0.015315174125134945,False
test,0.825380265712738,0.6460317373275757,0.007047709543257952,7.80074842623435e-05,0.009940958581864834,-0.009852285496890545,0.011655762791633606,0.015261858701705933,False
test,0.8257970213890076,0.5507936477661133,0.007045560050755739,7.799551531206816e-05,0.009821607731282711,-0.009732760488986969,0.011688068509101868,0.015209785662591457,False
test,0.8262137770652771,0.44999998807907104,0.007043431047350168,7.798361912136897e-05,0.009703278541564941,-0.009614259004592896,0.011720040813088417,0.015158936381340027,False
test,0.8266305327415466,0.32301586866378784,0.007041303440928459,7.79714246164076e-05,0.009585984982550144,-0.009496795944869518,0.011751649901270866,0.015109281986951828,False
test,0.8270472884178162,0.3769841194152832,0.007039185613393784,7.795974670443684e-05,0.00946972519159317,-0.009380366653203964,0.011782919988036156,0.01506082620471716,False
test,0.8274640440940857,0.31507936120033264,0.007037105038762093,7.794822886353359e-05,0.00935453176498413,-0.009265005588531494,0.011813899502158165,0.015013612806797028,False
test,0.8278807997703552,0.3936507999897003,0.007035022601485252,7.793663098709658e-05,0.00924039538949728,-0.009150701574981213,0.011844524182379246,0.014967568218708038,False
test,0.8282975554466248,0.33571428060531616,0.007032956928014755,7.792504038661718e-05,0.009127342142164707,-0.009037482552230358,0.011874832212924957,0.014922725036740303,False
test,0.8287143111228943,0.3976190388202667,0.0070309084840118885,7.791329699102789e-05,0.00901535339653492,-0.008925329893827438,0.011904832907021046,0.01487906463444233,False
test,0.8291310667991638,0.36269840598106384,0.00702888797968626,7.790193194523454e-05,0.008904465474188328,-0.008814279921352863,0.011934544891119003,0.014836606569588184,False
test,0.8295478224754333,0.5468254089355469,0.007026867941021919,7.789071241859347e-05,0.008794660679996014,-0.008704313077032566,0.011963924393057823,0.014795288443565369,False
test,0.8299645781517029,0.5373015999794006,0.007024860940873623,7.787950016791001e-05,0.00868596974760294,-0.008595461025834084,0.011992995627224445,0.014755130745470524,False
test,0.8303813338279724,0.6404761672019958,0.007022875361144543,7.786806236254051e-05,0.008578374050557613,-0.008487705141305923,0.012021791189908981,0.014716134406626225,False
test,0.8307980895042419,0.5690476298332214,0.007020896766334772,7.78570756665431e-05,0.008471889421343803,-0.008381063118577003,0.012050262652337551,0.01467825099825859,False
test,0.8312148451805115,0.617460310459137,0.007018932141363621,7.784586341585964e-05,0.008366518653929234,-0.008275534957647324,0.012078456580638885,0.014641502872109413,False
test,0.831631600856781,0.33888888359069824,0.007016981020569801,7.783480396028608e-05,0.008262271992862225,-0.008171132765710354,0.012106357142329216,0.014605864882469177,False
test,0.8320483565330505,0.4007936418056488,0.007015037816017866,7.78240428189747e-05,0.008159133605659008,-0.008067839778959751,0.012133954092860222,0.014571303501725197,False
test,0.8324651122093201,0.3531745970249176,0.007013130933046341,7.781335443723947e-05,0.008057132363319397,-0.007965684868395329,0.012161321938037872,0.014537877403199673,False
test,0.8328818678855896,0.4396825432777405,0.007011215202510357,7.780252053635195e-05,0.007956242188811302,-0.007864642888307571,0.012188367545604706,0.01450547855347395,False
test,0.8332986235618591,0.43095237016677856,0.007009313441812992,7.77916211518459e-05,0.00785648263990879,-0.0077647315338253975,0.012215140275657177,0.014474139548838139,False
test,0.8337153792381287,0.553174614906311,0.007007434964179993,7.778108556522056e-05,0.007757836952805519,-0.007665935438126326,0.01224166713654995,0.014443856664001942,False
test,0.8341321349143982,0.6261904835700989,0.0070055644027888775,7.77703316998668e-05,0.007660331204533577,-0.007568281143903732,0.01226790901273489,0.014414592646062374,False
test,0.8345488905906677,0.5777778029441833,0.007003717124462128,7.776009442750365e-05,0.007563937921077013,-0.007471739314496517,0.012293906882405281,0.01438634842634201,False
test,0.8349656462669373,0.6626983880996704,0.007001873105764389,7.774956611683592e-05,0.007468678522855043,-0.007376333232969046,0.012319632805883884,0.014359096065163612,False
test,0.835382342338562,0.5349206328392029,0.007000043522566557,7.773926336085424e-05,0.007374547887593508,-0.007282056380063295,0.012345097959041595,0.01433282159268856,False
test,0.8357990980148315,0.6373015642166138,0.00699820788577199,7.772896060487255e-05,0.0072815269231796265,-0.007188891060650349,0.012370274402201176,0.014307474717497826,False
test,0.8362158536911011,0.6634920835494995,0.006996412295848131,7.771873060846701e-05,0.007189616560935974,-0.007096836809068918,0.012395258992910385,0.01428312063217163,False
test,0.8366326093673706,0.5944444537162781,0.006994613911956549,7.770842785248533e-05,0.007098828442394733,-0.007005906198173761,0.012419966980814934,0.014259674586355686,False
test,0.8370493650436401,0.5825396776199341,0.006992843002080917,7.769835065118968e-05,0.007009146735072136,-0.006916082929819822,0.012444457039237022,0.014237159863114357,False
test,0.8374661207199097,0.629365086555481,0.0069910683669149876,7.768849900458008e-05,0.006920580752193928,-0.006827376317232847,0.012468669563531876,0.014215512201189995,False
test,0.8378828763961792,0.5626984238624573,0.006989301647990942,7.767842180328444e-05,0.006833110470324755,-0.006739766336977482,0.012492639943957329,0.014194735325872898,False
test,0.8382996320724487,0.6428571343421936,0.006987554486840963,7.766842463752255e-05,0.006746748462319374,-0.006653266493231058,0.01251639798283577,0.014174842275679111,False
test,0.8387163877487183,0.4722222089767456,0.006985828280448914,7.765872578602284e-05,0.006661477033048868,-0.006567857228219509,0.012539926916360855,0.014155794866383076,False
test,0.8391331434249878,0.44206348061561584,0.00698409928008914,7.764894689898938e-05,0.006577298976480961,-0.006483542732894421,0.012563200667500496,0.014137550257146358,False
test,0.8395498991012573,0.3968254029750824,0.006982400547713041,7.763909525237978e-05,0.006494199391454458,-0.0064003076404333115,0.012586289085447788,0.014120149426162243,False
test,0.8399666547775269,0.3484126925468445,0.006980698090046644,7.762954919598997e-05,0.006412189453840256,-0.006318163126707077,0.012609117664396763,0.014103511348366737,False
test,0.8403834104537964,0.39444443583488464,0.00697900028899312,7.761985034449026e-05,0.006331253796815872,-0.006237093824893236,0.012631719000637531,0.014087642543017864,False
test,0.8408001661300659,0.4079365134239197,0.006977332290261984,7.761030428810045e-05,0.006251378450542688,-0.006157086230814457,0.012654131278395653,0.014072553254663944,False
test,0.8412169218063354,0.4682539701461792,0.006975668016821146,7.760090375086293e-05,0.006172566208988428,-0.006078142207115889,0.012676311656832695,0.01405818946659565,False
test,0.841633677482605,0.36349207162857056,0.00697398791089654,7.759151048958302e-05,0.006094816606491804,-0.0060002622194588184,0.012698228470981121,0.014044506475329399,False
test,0.8420504331588745,0.4317460358142853,0.006972347851842642,7.758218998787925e-05,0.006018106825649738,-0.005923422519117594,0.012719993479549885,0.014031577855348587,False
test,0.842467188835144,0.46587300300598145,0.006970708258450031,7.757286948617548e-05,0.005942441523075104,-0.005847628228366375,0.01274152658879757,0.014019317924976349,False
test,0.8428839445114136,0.5888888835906982,0.006969091948121786,7.756361446809024e-05,0.005867808125913143,-0.005772867240011692,0.012762881815433502,0.014007753692567348,False
test,0.8433007001876831,0.6000000238418579,0.006967458873987198,7.755459228064865e-05,0.005794203374534845,-0.005699135363101959,0.012783970683813095,0.013996787369251251,False
test,0.8437174558639526,0.5373015999794006,0.006965866778045893,7.754535181447864e-05,0.005721611436456442,-0.005626417696475983,0.012804925441741943,0.013986518606543541,False
test,0.8441342115402222,0.591269850730896,0.006964281667023897,7.753647514618933e-05,0.005650039296597242,-0.005554720293730497,0.01282566785812378,0.013976862654089928,False
test,0.8445509672164917,0.4563491940498352,0.006962683517485857,7.75275329942815e-05,0.005579464137554169,-0.0054840208031237125,0.012846172787249088,0.013967772014439106,False
test,0.8449677228927612,0.4158730208873749,0.006961124949157238,7.751843804726377e-05,0.005509892478585243,-0.005414326209574938,0.012866536155343056,0.013959323056042194,False
test,0.8453844785690308,0.3095238208770752,0.00695955753326416,7.750964869046584e-05,0.005441292654722929,-0.005345603451132774,0.01288667693734169,0.013951413333415985,False
test,0.8458012342453003,0.42301586270332336,0.006957999896258116,7.750077202217653e-05,0.005373683292418718,-0.005277873016893864,0.012906624004244804,0.013944062404334545,False
test,0.8462179899215698,0.4595237970352173,0.006956455763429403,7.749190990580246e-05,0.005307037383317947,-0.00521110650151968,0.01292638760060072,0.01393725723028183,False
test,0.8466346859931946,0.5507936477661133,0.006954919546842575,7.748326606815681e-05,0.005241363309323788,-0.005145312752574682,0.012945963069796562,0.013930980116128922,False
test,0.8470514416694641,0.41428571939468384,0.006953399162739515,7.747446943540126e-05,0.0051766373217105865,-0.00508046755567193,0.012965369038283825,0.013925227336585522,False
test,0.8474681973457336,0.5492063760757446,0.006951896008104086,7.74659711169079e-05,0.005112842191010714,-0.0050165546126663685,0.012984612956643105,0.013919985853135586,False
test,0.8478849530220032,0.5563492178916931,0.006950389593839645,7.745755283394828e-05,0.005049990024417639,-0.004953585099428892,0.013003643602132797,0.013915198855102062,False
test,0.8483017086982727,0.44682538509368896,0.006948887370526791,7.744913455098867e-05,0.004988060798496008,-0.004891538992524147,0.013022489845752716,0.013910872861742973,False
test,0.8487184643745422,0.3420634865760803,0.006947401445358992,7.744056347291917e-05,0.004927052650600672,-0.004830415826290846,0.013041174039244652,0.013907017186284065,False
test,0.8491352200508118,0.5761904716491699,0.006945919245481491,7.74322179495357e-05,0.004866942297667265,-0.004770190455019474,0.013059677556157112,0.013903592713177204,False
test,0.8495519757270813,0.553174614906311,0.006944447290152311,7.742387970210984e-05,0.0048077343963086605,-0.0047108689323067665,0.013078007847070694,0.013900595717132092,False
test,0.8499687314033508,0.5706349015235901,0.006942995823919773,7.741561421426013e-05,0.00474940799176693,-0.00465242937207222,0.013096194714307785,0.013898036442697048,False
test,0.8503854870796204,0.4214285612106323,0.006941560655832291,7.740748696960509e-05,0.004691972862929106,-0.0045948815532028675,0.01311422511935234,0.013895892538130283,False
test,0.8508022427558899,0.3722222149372101,0.00694010267034173,7.739930151728913e-05,0.004635398276150227,-0.004538195673376322,0.013132034800946712,0.01389408390969038,False
test,0.8512189984321594,0.5777778029441833,0.006938665173947811,7.739103602943942e-05,0.004579691216349602,-0.004482377786189318,0.013149697333574295,0.01389266923069954,False
test,0.851635754108429,0.5436508059501648,0.006937240716069937,7.738298882031813e-05,0.004524825140833855,-0.004427401348948479,0.013167211785912514,0.013891628943383694,False
test,0.8520525097846985,0.4801587164402008,0.006935836747288704,7.737515988992527e-05,0.004470803774893284,-0.004373271018266678,0.013184582814574242,0.01389095839112997,False
test,0.852469265460968,0.4690476059913635,0.006934432778507471,7.736704719718546e-05,0.004417619202286005,-0.004319978412240744,0.01320178247988224,0.013890618458390236,False
test,0.8528860211372375,0.4246031641960144,0.00693304231390357,7.735930557828397e-05,0.004365246742963791,-0.004267497919499874,0.013218836858868599,0.013890614733099937,False
test,0.8533027768135071,0.5952380895614624,0.006931645795702934,7.735141116427258e-05,0.004313690587878227,-0.004215835127979517,0.013235709629952908,0.013890905305743217,False
test,0.8537195324897766,0.5841270089149475,0.006930268835276365,7.734344399068505e-05,0.004262947011739016,-0.004164985381066799,0.013252452947199345,0.013891530223190784,False
test,0.8541362881660461,0.47857141494750977,0.006928892806172371,7.73356223362498e-05,0.004212989937514067,-0.004114923067390919,0.01326902024447918,0.01389242522418499,False
test,0.8545530438423157,0.5365079641342163,0.006927542854100466,7.73280335124582e-05,0.0041638207621872425,-0.00406564911827445,0.013285482302308083,0.013893650844693184,False
test,0.8549697995185852,0.5658730268478394,0.006926167290657759,7.732035737717524e-05,0.004115420393645763,-0.0040171449072659016,0.013301725499331951,0.013895084150135517,False
test,0.8553865551948547,0.43809524178504944,0.006924840621650219,7.73126957938075e-05,0.004067788831889629,-0.0039694104343652725,0.013317909091711044,0.013896867632865906,False
test,0.8558033108711243,0.42222222685813904,0.0069234916009008884,7.73050996940583e-05,0.004020917695015669,-0.003922436852008104,0.013333883136510849,0.013898846693336964,False
test,0.8562200665473938,0.5865079164505005,0.0069221495650708675,7.72975108702667e-05,0.003974787890911102,-0.0038762050680816174,0.013349714688956738,0.01390107348561287,False
test,0.8566368222236633,0.5507936477661133,0.006920843850821257,7.729013304924592e-05,0.003929393831640482,-0.0038307099603116512,0.013365466147661209,0.013903597369790077,False
test,0.8570535778999329,0.37460318207740784,0.006919515319168568,7.728268974460661e-05,0.0038847385440021753,-0.0037859545554965734,0.013381009921431541,0.013906288892030716,False
test,0.8574703335762024,0.5492063760757446,0.006918229628354311,7.727532647550106e-05,0.0038407910615205765,-0.0037419074214994907,0.01339649222791195,0.013909272849559784,False
test,0.8578870892524719,0.5507936477661133,0.006916908547282219,7.726810144959018e-05,0.0037975606974214315,-0.0036985778715461493,0.013411741703748703,0.013912378810346127,False
test,0.8583037853240967,0.5246031880378723,0.006915636360645294,7.726081094006076e-05,0.0037550339475274086,-0.003655953099951148,0.013426942750811577,0.013915774412453175,False
test,0.8587205410003662,0.4571428596973419,0.006914341822266579,7.72534403949976e-05,0.0037131942808628082,-0.0036140161100775003,0.013441952876746655,0.01391931064426899,False
test,0.8591372966766357,0.5785714387893677,0.006913070101290941,7.724622264504433e-05,0.003672038670629263,-0.003572763642296195,0.013456862419843674,0.013923066668212414,False
test,0.8595540523529053,0.5841270089149475,0.006911809090524912,7.723893213551491e-05,0.0036315596662461758,-0.0035321887116879225,0.013471649959683418,0.013927013613283634,False
test,0.8599708080291748,0.5515872836112976,0.006910524796694517,7.723185990471393e-05,0.0035917398054152727,-0.0034922733902931213,0.013486241921782494,0.013931069523096085,False
test,0.8603875637054443,0.3896825313568115,0.006909267045557499,7.72248677094467e-05,0.0035525772254914045,-0.0034530158154666424,0.01350074540823698,0.013935331255197525,False
test,0.8608043193817139,0.5857142806053162,0.006908029783517122,7.7217940997798e-05,0.0035140682011842728,-0.003414412494748831,0.01351514644920826,0.01393977738916874,False
test,0.8612210750579834,0.5722222328186035,0.0069067818112671375,7.721086876699701e-05,0.003476189449429512,-0.0033764406107366085,0.013529391959309578,0.013944346457719803,False
test,0.8616378307342529,0.4952380955219269,0.00690555851906538,7.720394933130592e-05,0.003438945859670639,-0.0033391041215509176,0.013543549925088882,0.013949098996818066,False
test,0.8620545864105225,0.37063491344451904,0.006904314272105694,7.719702989561483e-05,0.003402325790375471,-0.0033023918513208628,0.013557523488998413,0.01395393256098032,False
test,0.862471342086792,0.5476190447807312,0.006903097499161959,7.718996494077146e-05,0.003366317832842469,-0.003266292391344905,0.013571422547101974,0.013958945870399475,False
test,0.8628880977630615,0.5563492178916931,0.006901880260556936,7.71834165789187e-05,0.003330913605168462,-0.003230797126889229,0.013585178181529045,0.013964065350592136,False
test,0.863304853439331,0.4515872895717621,0.006900676991790533,7.717664266237989e-05,0.0032961072865873575,-0.0031959007028490305,0.013598836958408356,0.013969329185783863,False
test,0.8637216091156006,0.5047619342803955,0.00689947372302413,7.716957770753652e-05,0.0032618860714137554,-0.0031615898478776217,0.01361236535012722,0.013974696397781372,False
test,0.8641383647918701,0.5809524059295654,0.006898296996951103,7.716302934568375e-05,0.0032282518222928047,-0.003127866657450795,0.013625817373394966,0.013980216346681118,False
test,0.8645551204681396,0.5571428537368774,0.006897113285958767,7.715640822425485e-05,0.003195184050127864,-0.003094710409641266,0.013639124110341072,0.013985811732709408,False
test,0.8649718761444092,0.5388888716697693,0.006895937025547028,7.714970706729218e-05,0.003162682056427002,-0.0030621206387877464,0.013652320951223373,0.013991513289511204,False
test,0.8653886318206787,0.6063492298126221,0.0068947672843933105,7.714323874097317e-05,0.0031307395547628403,-0.0030300908256322145,0.013665401376783848,0.013997308909893036,False
test,0.8658053874969482,0.5976190567016602,0.0068935914896428585,7.713677041465417e-05,0.0030993404798209667,-0.0029986051376909018,0.013678345829248428,0.014003169722855091,False
test,0.8662221431732178,0.5055555701255798,0.006892438046634197,7.713014201726764e-05,0.003068489721044898,-0.0029676686972379684,0.013691218569874763,0.014009158127009869,False
test,0.8666388988494873,0.6111111044883728,0.006891288794577122,7.712381921010092e-05,0.0030381670221686363,-0.002937260316684842,0.013703973032534122,0.014015219174325466,False
test,0.8670556545257568,0.5611110925674438,0.006890132557600737,7.711742364335805e-05,0.003008369356393814,-0.00290737790055573,0.013716591522097588,0.014021331444382668,False
test,0.8674724102020264,0.5484126806259155,0.006889003328979015,7.711094804108143e-05,0.0029790950939059258,-0.0028780195862054825,0.013729148544371128,0.01402756292372942,False
test,0.8678891658782959,0.6404761672019958,0.006887876894325018,7.71047780290246e-05,0.002950327005237341,-0.0028491676785051823,0.013741590082645416,0.014033854007720947,False
test,0.8683059215545654,0.5063492059707642,0.006886741146445274,7.70985207054764e-05,0.0029220646247267723,-0.002820822177454829,0.013753898441791534,0.014040184207260609,False
test,0.868722677230835,0.43095237016677856,0.006885618902742863,7.709212513873354e-05,0.002894301200285554,-0.0027929763309657574,0.013766119256615639,0.014046592637896538,False
test,0.8691394329071045,0.5015873312950134,0.0068845259957015514,7.708588236710057e-05,0.0028670222964137793,-0.00276561570353806,0.013778283260762691,0.014053103514015675,False
test,0.8695561289787292,0.49444442987442017,0.006883404217660427,7.707970507908612e-05,0.0028402358293533325,-0.0027387479785829782,0.013790272176265717,0.014059599488973618,False
test,0.8699728846549988,0.5166666507720947,0.0068823182955384254,7.707346230745316e-05,0.002813916187733412,-0.0027123475447297096,0.013802225701510906,0.014066210016608238,False
test,0.8703896403312683,0.5928571224212646,0.006881203036755323,7.706750329816714e-05,0.002788069425150752,-0.0026864204555749893,0.01381400041282177,0.014072791673243046,False
test,0.8708063960075378,0.64682537317276,0.006880118045955896,7.706126052653417e-05,0.002762680873274803,-0.002660952275618911,0.013825736939907074,0.014079476706683636,False
test,0.8712231516838074,0.5111111402511597,0.006879029329866171,7.705522875767201e-05,0.0027377528604120016,-0.002635945100337267,0.013837352395057678,0.014086182229220867,False
test,0.8716399073600769,0.6507936716079712,0.0068779634311795235,7.704942981945351e-05,0.0027132690884172916,-0.002611382631585002,0.013848906382918358,0.014092960394918919,False
test,0.8720566630363464,0.6809523701667786,0.006876897998154163,7.704340532654896e-05,0.0026892267633229494,-0.0025872623082250357,0.01386035606265068,0.014099765568971634,False
test,0.872473418712616,0.5753968358039856,0.00687582278624177,7.703745359322056e-05,0.002665626583620906,-0.0025635845959186554,0.013871677219867706,0.014106572605669498,False
test,0.8728901743888855,0.6682539582252502,0.006874770857393742,7.70315746194683e-05,0.0026424501556903124,-0.0025403311010450125,0.013882944360375404,0.014113448560237885,False
test,0.873306930065155,0.6507936716079712,0.006873712409287691,7.702576840529218e-05,0.0026197005063295364,-0.002517505083233118,0.0138940941542387,0.014120328240096569,False
test,0.8737236857414246,0.5484126806259155,0.006872664205729961,7.701996946707368e-05,0.0025973704177886248,-0.0024950990919023752,0.013905159197747707,0.014127242378890514,False
test,0.8741404414176941,0.6579365134239197,0.0068716187961399555,7.701431604800746e-05,0.002575448714196682,-0.002473101718351245,0.013916130177676678,0.014134175144135952,False
test,0.8745571970939636,0.670634925365448,0.006870580837130547,7.700837159063667e-05,0.0025539356283843517,-0.0024515141267329454,0.013927016407251358,0.014141134917736053,False
test,0.8749739527702332,0.5682539939880371,0.00686954241245985,7.700278365518898e-05,0.002532816492021084,-0.0024303204845637083,0.013937802985310555,0.014148103073239326,False
test,0.8753907084465027,0.6563491821289062,0.006868524011224508,7.699705747654662e-05,0.0025120945647358894,-0.0024095247499644756,0.013948528096079826,0.014155114069581032,False
test,0.8758074641227722,0.5476190447807312,0.006867499090731144,7.699133129790425e-05,0.002491764957085252,-0.002389121800661087,0.013959145173430443,0.014162120409309864,False
test,0.8762242197990417,0.6722221970558167,0.0068664844147861,7.698560511926189e-05,0.0024718136992305517,-0.0023690976668149233,0.013969684019684792,0.014169146306812763,False
test,0.8766409754753113,0.6253968477249146,0.006865466944873333,7.69801699789241e-05,0.002452239627018571,-0.0023494514171034098,0.013980120420455933,0.01417616568505764,False
test,0.8770577311515808,0.5825396776199341,0.006864468101412058,7.697458931943402e-05,0.002433040179312229,-0.002330180024728179,0.013990500941872597,0.01418322417885065,False
test,0.8774744868278503,0.6714285612106323,0.006863470189273357,7.69690886954777e-05,0.002414204878732562,-0.00231127324514091,0.014000790193676949,0.014190281741321087,False
test,0.8778912425041199,0.5888888835906982,0.006862478796392679,7.696351531194523e-05,0.0023957365192472935,-0.0022927341051399708,0.014011004939675331,0.014197355136275291,False
test,0.8783079981803894,0.6650793552398682,0.006861493922770023,7.695808017160743e-05,0.0023776176385581493,-0.002274544909596443,0.014021134935319424,0.014204428531229496,False
test,0.8787247538566589,0.6023809313774109,0.006860509514808655,7.695271779084578e-05,0.002359851263463497,-0.002256708452478051,0.014031171798706055,0.014211492612957954,False
test,0.8791415095329285,0.6555555462837219,0.006859524641185999,7.694722444284707e-05,0.002342435298487544,-0.0022392231039702892,0.01404112484306097,0.014218554832041264,False
test,0.879558265209198,0.6611111164093018,0.0068585569970309734,7.694201485719532e-05,0.002325356937944889,-0.0022220758255571127,0.014051014557480812,0.014225632883608341,False
test,0.8799750208854675,0.579365074634552,0.0068575856275856495,7.69367252360098e-05,0.002308615017682314,-0.0022052652202546597,0.014060813933610916,0.0142326969653368,False
test,0.8803917765617371,0.6666666865348816,0.00685662729665637,7.693129737162963e-05,0.002292206510901451,-0.00218878872692585,0.014070549979805946,0.014239774085581303,False
test,0.8808084726333618,0.5714285969734192,0.006855656858533621,7.692608778597787e-05,0.002276127925142646,-0.002172642620280385,0.014080172404646873,0.014246812090277672,False
test,0.8812252283096313,0.6666666865348816,0.006854712031781673,7.692087820032611e-05,0.002260367851704359,-0.002156815491616726,0.014089765958487988,0.014253889210522175,False
test,0.8816419839859009,0.6571428775787354,0.006853754632174969,7.69157413742505e-05,0.002244922798126936,-0.002141303615644574,0.01409924030303955,0.014260916970670223,False
test,0.8820587396621704,0.5992063283920288,0.00685281353071332,7.69106118241325e-05,0.0022297981195151806,-0.0021261125802993774,0.014108670875430107,0.014267968945205212,False
test,0.8824754953384399,0.6801587343215942,0.006851888261735439,7.69054822740145e-05,0.0022149772848933935,-0.00211122608743608,0.014118051156401634,0.014275035820901394,False
test,0.8828922510147095,0.6142857074737549,0.006850957404822111,7.690034544793889e-05,0.0022004658821970224,-0.002096649492159486,0.014127334579825401,0.014282070100307465,False
test,0.883309006690979,0.6301587224006653,0.0068500228226184845,7.689543417654932e-05,0.002186253434047103,-0.0020823718514293432,0.014136524870991707,0.014289072714745998,False
test,0.8837257623672485,0.6714285612106323,0.006849105004221201,7.689015183132142e-05,0.002172332489863038,-0.0020683868788182735,0.014145673252642155,0.01429609302431345,False
test,0.8841425180435181,0.6714285612106323,0.006848174147307873,7.688538607908413e-05,0.002158711664378643,-0.00205470179207623,0.014154707081615925,0.014303060248494148,False
test,0.8845592737197876,0.6214285492897034,0.006847260054200888,7.688025652896613e-05,0.002145374659448862,-0.0020413014572113752,0.014163704589009285,0.014310046099126339,False
test,0.8849760293960571,0.6769841313362122,0.006846361793577671,7.687549077672884e-05,0.0021323207765817642,-0.0020281842444092035,0.014172649011015892,0.014317035675048828,False
test,0.8853927850723267,0.5920634865760803,0.006845447700470686,7.687043398618698e-05,0.002119555603712797,-0.00201535620726645,0.014181483536958694,0.01432397123426199,False
test,0.8858095407485962,0.6650793552398682,0.006844543386250734,7.686552271479741e-05,0.002107058884575963,-0.00200279732234776,0.01419026032090187,0.014330899342894554,False
test,0.8862262964248657,0.6722221970558167,0.006843659095466137,7.686075696256012e-05,0.0020948396995663643,-0.0019905162043869495,0.01419900357723236,0.014337847009301186,False
test,0.8866430521011353,0.5761904716491699,0.0068427580408751965,7.685599848628044e-05,0.00208288780413568,-0.001978502608835697,0.014207635074853897,0.014344732277095318,False
test,0.8870598077774048,0.629365086555481,0.006841873750090599,7.68511526985094e-05,0.002071201102808118,-0.0019667549058794975,0.01421622559428215,0.014351626858115196,False
test,0.8874765634536743,0.4952380955219269,0.0068410057574510574,7.684631418669596e-05,0.002059782389551401,-0.001955275656655431,0.01422477699816227,0.014358529821038246,False
test,0.8878933191299438,0.5849206447601318,0.006840111687779427,7.684162846999243e-05,0.002048616297543049,-0.001944049377925694,0.014233195222914219,0.014365346170961857,False
test,0.8883100748062134,0.632539689540863,0.006839240435510874,7.683664443902671e-05,0.0020377072505652905,-0.0019330809591338038,0.014241592958569527,0.014372187666594982,False
test,0.8887268304824829,0.5920634865760803,0.006838392000645399,7.68321770010516e-05,0.002027053851634264,-0.0019223678391426802,0.014249960891902447,0.014379043132066727,False
test,0.8891435861587524,0.5984126925468445,0.006837514694780111,7.682748400839046e-05,0.0020166446920484304,-0.0019118996569886804,0.014258190989494324,0.01438580360263586,False
test,0.889560341835022,0.5960317254066467,0.006836647167801857,7.68229438108392e-05,0.002006484428420663,-0.0019016806036233902,0.014266377314925194,0.014392564073204994,False
test,0.8899770975112915,0.6452381014823914,0.006835805717855692,7.681833085371181e-05,0.001996565843001008,-0.0018917038105428219,0.01427454873919487,0.014399350620806217,False
test,0.890393853187561,0.5785714387893677,0.006834941916167736,7.681379065616056e-05,0.0019868863746523857,-0.0018819666001945734,0.014282598160207272,0.0144060542806983,False
test,0.8908106088638306,0.5809524059295654,0.006834094412624836,7.680925045860931e-05,0.001977443927899003,-0.0018724666442722082,0.014290613122284412,0.01441276352852583,False
test,0.8912273645401001,0.5857142806053162,0.006833239924162626,7.680485578021035e-05,0.001968235010281205,-0.0018632005667313933,0.014298543334007263,0.014419426210224628,False
test,0.8916441202163696,0.629365086555481,0.006832411978393793,7.680017006350681e-05,0.001959253568202257,-0.0018541626632213593,0.014306463301181793,0.014426114968955517,False
test,0.8920608162879944,0.5888888835906982,0.0068315682001411915,7.679584086872637e-05,0.0019505054224282503,-0.0018453580560162663,0.014314278028905392,0.014432737603783607,False
test,0.8924775719642639,0.6039682626724243,0.006830746773630381,7.679108966840431e-05,0.001941979513503611,-0.0018367766169831157,0.014322077855467796,0.01443937886506319,False
test,0.8928943276405334,0.6142857074737549,0.006829905789345503,7.678698602830991e-05,0.0019336739787831903,-0.001828415086492896,0.014329762198030949,0.014445940032601357,False
test,0.893311083316803,0.5968254208564758,0.006829091347754002,7.678244583075866e-05,0.0019255876541137695,-0.001820273813791573,0.014337446540594101,0.014452535659074783,False
test,0.8937278389930725,0.5968254208564758,0.006828270386904478,7.677812391193584e-05,0.0019177229842171073,-0.0018123543122783303,0.01434504333883524,0.014459076337516308,False
test,0.894144594669342,0.605555534362793,0.006827452685683966,7.677373650949448e-05,0.0019100671634078026,-0.0018046442419290543,0.0143525879830122,0.01446559838950634,False
test,0.8945613503456116,0.6452381014823914,0.006826651282608509,7.67694873502478e-05,0.001902625779621303,-0.0017971486086025834,0.014360100030899048,0.014472118578851223,False
test,0.8949781060218811,0.6365079283714294,0.006825830787420273,7.676523819100112e-05,0.00189539126586169,-0.0017898604273796082,0.01436750777065754,0.014478566125035286,False
test,0.8953948616981506,0.641269862651825,0.0068250359036028385,7.676098903175443e-05,0.0018883640877902508,-0.0017827798146754503,0.014374904334545135,0.014485033228993416,False
test,0.8958116173744202,0.6238095164299011,0.006824234966188669,7.675667438888922e-05,0.0018815421499311924,-0.0017759050242602825,0.014382228255271912,0.014491456560790539,False
test,0.8962283730506897,0.5928571224212646,0.0068234340287745,7.67523524700664e-05,0.001874919980764389,-0.001769230468198657,0.014389489777386189,0.01449784729629755,False
test,0.8966451287269592,0.6039682626724243,0.006822646129876375,7.674818334635347e-05,0.0018684982787817717,-0.0017627563793212175,0.014396718703210354,0.014504234306514263,False
test,0.8970618844032288,0.6039682626724243,0.006821877788752317,7.674386870348826e-05,0.001862275879830122,-0.0017564822919666767,0.014403927139937878,0.014510628767311573,False
test,0.8974786400794983,0.6261904835700989,0.00682108337059617,7.673969957977533e-05,0.001856244052760303,-0.0017503990093246102,0.01441102009266615,0.014516934752464294,False
test,0.8978953957557678,0.6253968477249146,0.006820295937359333,7.67358869779855e-05,0.0018504097824916244,-0.0017445130506530404,0.014418062753975391,0.01452321745455265,False
test,0.8983121514320374,0.579365074634552,0.00681952154263854,7.67315796110779e-05,0.0018447624752297997,-0.001738815102726221,0.014425081200897694,0.01452950295060873,False
test,0.8987289071083069,0.5730158686637878,0.00681874668225646,7.672762149013579e-05,0.0018393032951280475,-0.001733305281959474,0.014432035386562347,0.014535748399794102,False
test,0.8991456627845764,0.5365079641342163,0.006817985791712999,7.672367064515129e-05,0.0018340331735089421,-0.0017279848689213395,0.014438958838582039,0.014541990123689175,False
test,0.899562418460846,0.5309523940086365,0.006817230489104986,7.671964704059064e-05,0.0018289446597918868,-0.0017228464130312204,0.014445839449763298,0.01454821228981018,False
test,0.8999791741371155,0.4761904776096344,0.006816456094384193,7.671547791687772e-05,0.0018240396166220307,-0.0017178921261802316,0.014452620409429073,0.014554359950125217,False
test,0.900395929813385,0.43492063879966736,0.006815695203840733,7.671159983146936e-05,0.0018193176947534084,-0.0017131208442151546,0.014459370635449886,0.014560501091182232,False
test,0.9008126854896545,0.4373015761375427,0.006814937107264996,7.670750346733257e-05,0.0018147703958675265,-0.001708524883724749,0.014466076157987118,0.014566619880497456,False
test,0.9012294411659241,0.4238095283508301,0.006814189255237579,7.670369814150035e-05,0.0018104035407304764,-0.0017041092505678535,0.014472747221589088,0.014572728425264359,False
test,0.9016461968421936,0.3642857074737549,0.006813440937548876,7.6699820056092e-05,0.0018062081653624773,-0.001699865679256618,0.014479357749223709,0.014578797854483128,False
test,0.9020629525184631,0.35158729553222656,0.006812699604779482,7.669609476579353e-05,0.0018021863652393222,-0.0016957956831902266,0.01448593009263277,0.014584851451218128,False
test,0.9024797081947327,0.3380952477455139,0.00681196479126811,7.669214392080903e-05,0.001798338140361011,-0.0016919000772759318,0.014492461457848549,0.014590886421501637,False
test,0.9028964638710022,0.3499999940395355,0.006811227183789015,7.668819307582453e-05,0.0017946561565622687,-0.0016881709452718496,0.014498933218419552,0.014596882276237011,False
test,0.9033132195472717,0.3444444537162781,0.006810498423874378,7.668439502594993e-05,0.0017911421600729227,-0.0016846100334078074,0.01450536958873272,0.01460286509245634,False
test,0.9037299156188965,0.32777777314186096,0.006809744983911514,7.668058970011771e-05,0.001787796849384904,-0.001681218040175736,0.014511700719594955,0.014608762226998806,False
test,0.904146671295166,0.3444444537162781,0.006809009704738855,7.667700992897153e-05,0.0017846159171313047,-0.001677990541793406,0.014518016017973423,0.014614664949476719,False
test,0.9045634269714355,0.3420634865760803,0.006808291655033827,7.667313184356317e-05,0.0017815950559452176,-0.0016749236965551972,0.014524316415190697,0.014620572328567505,False
test,0.9049801826477051,0.33095237612724304,0.006807576399296522,7.666918827453628e-05,0.0017787370597943664,-0.0016720204148441553,0.014530574902892113,0.0146264573559165,False
test,0.9053969383239746,0.32698413729667664,0.006806875113397837,7.666560122743249e-05,0.001776039251126349,-0.0016692769713699818,0.01453680731356144,0.014632335864007473,False
test,0.9058136940002441,0.3206349313259125,0.0068061500787734985,7.666194869671017e-05,0.0017734975554049015,-0.0016666901065036654,0.014542938210070133,0.01463813241571188,False
test,0.9062304496765137,0.32698413729667664,0.006805442273616791,7.665828889003024e-05,0.0017711165128275752,-0.0016642643604427576,0.014549057930707932,0.014643936417996883,False
test,0.9066472053527832,0.3246031701564789,0.006804733537137508,7.665456359973177e-05,0.0017688869265839458,-0.0016619903035461903,0.014555124565958977,0.014649705961346626,False
test,0.9070639610290527,0.3222222328186035,0.006804035045206547,7.665090379305184e-05,0.0017668117070570588,-0.001659870846197009,0.014561164192855358,0.014655465260148048,False
test,0.9074807167053223,0.3404761850833893,0.006803339812904596,7.664725126232952e-05,0.0017648893408477306,-0.0016579048242419958,0.014567159116268158,0.014661199413239956,False
test,0.9078974723815918,0.33492064476013184,0.006802638527005911,7.664382428629324e-05,0.0017631178488954902,-0.0016560894437134266,0.014573093503713608,0.014666890725493431,False
test,0.9083142280578613,0.3222222328186035,0.006801933981478214,7.664030999876559e-05,0.001761494786478579,-0.001654422958381474,0.014578971080482006,0.014672542922198772,False
test,0.9087309837341309,0.33492064476013184,0.006801245268434286,7.663680298719555e-05,0.0017600227147340775,-0.0016529078129678965,0.01458483561873436,0.014678198844194412,False
test,0.9091477394104004,0.31190475821495056,0.006800573319196701,7.663307769689709e-05,0.0017586941830813885,-0.0016515367897227407,0.014590691775083542,0.014683864079415798,False
test,0.9095644950866699,0.289682537317276,0.006799884606152773,7.66294906497933e-05,0.0017575148958712816,-0.0016503152437508106,0.014596463181078434,0.014689461328089237,False
test,0.9099812507629395,0.27222222089767456,0.006799212656915188,7.662599091418087e-05,0.0017564768204465508,-0.0016492349095642567,0.014602220617234707,0.0146950613707304,False
test,0.910398006439209,0.26031747460365295,0.006798517890274525,7.66227749409154e-05,0.0017555825179442763,-0.0016482984647154808,0.01460788119584322,0.014700580388307571,False
test,0.9108147621154785,0.2817460298538208,0.006797839421778917,7.661926792934537e-05,0.001754830707795918,-0.0016475049778819084,0.014613533392548561,0.014706107787787914,False
test,0.911231517791748,0.2547619044780731,0.006797171197831631,7.661575364181772e-05,0.0017542188288643956,-0.0016468520043417811,0.014619164168834686,0.014711631461977959,False
test,0.9116482734680176,0.24047619104385376,0.006796505767852068,7.66122539062053e-05,0.001753744320012629,-0.0016463365172967315,0.014624753966927528,0.01471712812781334,False
test,0.9120650291442871,0.29206350445747375,0.006795836612582207,7.660896517336369e-05,0.0017534118378534913,-0.0016459630569443107,0.014630288816988468,0.01472258660942316,False
test,0.9124817848205566,0.27222222089767456,0.006795178167521954,7.660574920009822e-05,0.001753213000483811,-0.0016457235906273127,0.014635804109275341,0.014728040434420109,False
test,0.9128985404968262,0.2769841253757477,0.006794503424316645,7.66024604672566e-05,0.0017531536286696792,-0.001645623822696507,0.014641234651207924,0.014733425341546535,False
test,0.9133152961730957,0.2650793790817261,0.0067938449792563915,7.659888069611043e-05,0.0017532246420159936,-0.0016456552548334002,0.014646662399172783,0.014738822355866432,False
test,0.9137320518493652,0.26825398206710815,0.006793186068534851,7.659567199880257e-05,0.0017534301150590181,-0.0016458207974210382,0.014652044512331486,0.014744189567863941,False
test,0.9141488075256348,0.2547619044780731,0.006792537402361631,7.65924560255371e-05,0.0017537693493068218,-0.0016461205668747425,0.014657405205070972,0.014749550260603428,False
test,0.9145655632019043,0.25634920597076416,0.006791885010898113,7.658902177354321e-05,0.0017542397836223245,-0.0016465520020574331,0.014662714675068855,0.01475487556308508,False
test,0.914982259273529,0.28412699699401855,0.006791240070015192,7.65857330407016e-05,0.001754840835928917,-0.0016471141716465354,0.014667997136712074,0.014760186895728111,False
test,0.9153990149497986,0.2650793790817261,0.006790597457438707,7.658259710296988e-05,0.0017555683152750134,-0.0016478028846904635,0.014673242345452309,0.014765476807951927,False
test,0.9158157706260681,0.25952380895614624,0.006789958570152521,7.657930837012827e-05,0.0017564266454428434,-0.0016486227978020906,0.01467845868319273,0.01477075181901455,False
test,0.9162325263023376,0.21984127163887024,0.0067893327213823795,7.657601963728666e-05,0.0017574093071743846,-0.0016495675081387162,0.014683657325804234,0.014776023104786873,False
test,0.9166492819786072,0.24365079402923584,0.006788690574467182,7.657288369955495e-05,0.0017585190944373608,-0.001650639227591455,0.014688778668642044,0.014781231991946697,False
test,0.9170660376548767,0.24761904776096344,0.006788051687180996,7.656981324544176e-05,0.0017597543774172664,-0.0016518366755917668,0.014693866483867168,0.01478642225265503,False
test,0.9174827933311462,0.25238096714019775,0.006787426304072142,7.656653178855777e-05,0.0017611122457310557,-0.0016531574074178934,0.014698944985866547,0.01479161623865366,False
test,0.9178995490074158,0.23968254029750824,0.006786797195672989,7.656353409402072e-05,0.001762594562023878,-0.0016546024708077312,0.014703973196446896,0.014796774834394455,False
test,0.9183163046836853,0.22777777910232544,0.006786158308386803,7.656068919459358e-05,0.0017641958547756076,-0.0016561663942411542,0.01470893807709217,0.01480188313871622,False
test,0.9187330603599548,0.25,0.006785552483052015,7.655748049728572e-05,0.001765919616445899,-0.001657853601500392,0.014713939279317856,0.014807041734457016,False
test,0.9191498160362244,0.23650793731212616,0.006784926634281874,7.655419176444411e-05,0.0017677630530670285,-0.0016596609493717551,0.01471885945647955,0.014812133274972439,False
test,0.9195665717124939,0.27936509251594543,0.006784311030060053,7.655104855075479e-05,0.0017697256989777088,-0.001661587506532669,0.014723760075867176,0.014817219227552414,False
test,0.9199833273887634,0.2888889014720917,0.006783698219805956,7.654805813217536e-05,0.0017718052258715034,-0.001663631061092019,0.014728627167642117,0.014822284691035748,False
test,0.920400083065033,0.24523809552192688,0.0067830923944711685,7.654499495401978e-05,0.0017740011680871248,-0.0016657913802191615,0.014733473770320415,0.014827343635261059,False
test,0.9208168387413025,0.2769841253757477,0.006782486569136381,7.654199725948274e-05,0.0017763134092092514,-0.0016680682310834527,0.01473828125745058,0.01483237650245428,False
test,0.921233594417572,0.2809523940086365,0.006781886797398329,7.653894135728478e-05,0.0017787404358386993,-0.001670459983870387,0.014743066392838955,0.014837400056421757,False
test,0.9216503500938416,0.26825398206710815,0.006781284231692553,7.653608918190002e-05,0.0017812810838222504,-0.0016729654744267464,0.014747800305485725,0.014842386357486248,False
test,0.9220671057701111,0.2857142984867096,0.006780671887099743,7.653280772501603e-05,0.0017839324427768588,-0.0016755826072767377,0.014752482064068317,0.01484733261168003,False
test,0.9224838614463806,0.3142857253551483,0.0067800856195390224,7.653003558516502e-05,0.0017866984708234668,-0.0016783138271421194,0.014757183380424976,0.014852313324809074,False
test,0.9229006171226501,0.2769841253757477,0.006779479794204235,7.652703789062798e-05,0.0017895727651193738,-0.0016811540117487311,0.014761802740395069,0.014857224188745022,False
test,0.9233173727989197,0.2547619044780731,0.006778893526643515,7.652404747204855e-05,0.0017925583524629474,-0.0016841054894030094,0.014766433276236057,0.01486215926706791,False
test,0.9237341284751892,0.2777777910232544,0.0067783137783408165,7.652142085134983e-05,0.0017956516239792109,-0.0016871646512299776,0.014771034941077232,0.014867077581584454,False
test,0.9241508841514587,0.3055555522441864,0.0067777205258607864,7.65184304327704e-05,0.0017988539766520262,-0.0016903334762901068,0.014775575138628483,0.014871948398649693,False
test,0.9245676398277283,0.33095237612724304,0.006777128204703331,7.651544001419097e-05,0.001802162267267704,-0.001693608588539064,0.014780084602534771,0.014876801520586014,False
test,0.9249843955039978,0.38650792837142944,0.006776548456400633,7.651259511476383e-05,0.001805576728656888,-0.001696989987976849,0.014784583821892738,0.014881656505167484,False
test,0.9254011511802673,0.41428571939468384,0.0067759626545012,7.650989573448896e-05,0.0018090939847752452,-0.0017004740657284856,0.014789034612476826,0.01488647609949112,False
test,0.9258179068565369,0.3880952298641205,0.006775392219424248,7.65070435591042e-05,0.0018127174116671085,-0.0017040647799149156,0.014793486334383488,0.014891308732330799,False
test,0.9262346029281616,0.2571428716182709,0.0067748259752988815,7.650419865967706e-05,0.0018164406064897776,-0.001707755378447473,0.014797910116612911,0.01489612553268671,False
test,0.9266513586044312,0.2738095223903656,0.006774246226996183,7.650157931493595e-05,0.0018202688079327345,-0.0017115511000156403,0.014802267774939537,0.014900890178978443,False
test,0.9270681142807007,0.2547619044780731,0.00677367951720953,7.649865437997505e-05,0.0018241943325847387,-0.0017154448432847857,0.014806625433266163,0.014905666932463646,False
test,0.9274848699569702,0.18015873432159424,0.006773107219487429,7.649588224012405e-05,0.0018282217206433415,-0.001719440333545208,0.014810936525464058,0.014910409227013588,False
test,0.9279016256332397,0.24047619104385376,0.006772540509700775,7.649332837900147e-05,0.0018323477124795318,-0.0017235344275832176,0.014815221540629864,0.014915138483047485,False
test,0.9283183813095093,0.2023809552192688,0.006771967280656099,7.649063627468422e-05,0.0018365688156336546,-0.0017277239821851254,0.014819463714957237,0.01491983700543642,False
test,0.9287351369857788,0.18174603581428528,0.006771408021450043,7.648771133972332e-05,0.0018408899195492268,-0.0017320142360404134,0.014823703095316887,0.014924544841051102,False
test,0.9291518926620483,0.18174603581428528,0.006770854350179434,7.648501923540607e-05,0.0018453021766617894,-0.00173639552667737,0.014827921986579895,0.014929244294762611,False
test,0.9295686483383179,0.1865079402923584,0.006770307198166847,7.648217433597893e-05,0.0018498121062293649,-0.001740874839015305,0.01483212597668171,0.014933940954506397,False
test,0.9299854040145874,0.17698413133621216,0.0067697311751544476,7.647962047485635e-05,0.0018544126069173217,-0.0017454444896429777,0.01483622845262289,0.014938549138605595,False
test,0.9304021596908569,0.17301587760448456,0.006769171450287104,7.647684833500534e-05,0.0018591060070320964,-0.0017501077381893992,0.014840337447822094,0.01494317501783371,False
test,0.9308189153671265,0.14047619700431824,0.006768630817532539,7.64743672334589e-05,0.0018638895126059651,-0.0017548607429489493,0.014844457618892193,0.01494782418012619,False
test,0.931235671043396,0.16349206864833832,0.006768090650439262,7.647174061276019e-05,0.001868764404207468,-0.0017597055993974209,0.01484854519367218,0.014952452853322029,False
test,0.9316524267196655,0.170634925365448,0.006767543964087963,7.646919402759522e-05,0.0018737254431471229,-0.001764636836014688,0.014852588064968586,0.014957048930227757,False
test,0.9320691823959351,0.22301587462425232,0.006767003796994686,7.646642188774422e-05,0.001878776354715228,-0.001769658294506371,0.014856618829071522,0.014961645007133484,False
test,0.9324859380722046,0.22857142984867096,0.0067664701491594315,7.646394078619778e-05,0.0018839100375771523,-0.0017747624078765512,0.014860628172755241,0.014966229908168316,False
test,0.9329026937484741,0.25,0.00676591694355011,7.646139420103282e-05,0.0018891324289143085,-0.0017799555789679289,0.014864563941955566,0.014970755204558372,False
test,0.9333194494247437,0.20396825671195984,0.006765382830053568,7.645884033991024e-05,0.0018944361945614219,-0.0017852303571999073,0.014868512749671936,0.014975303784012794,False
test,0.9337362051010132,0.24841269850730896,0.006764849182218313,7.645628647878766e-05,0.0018998226150870323,-0.0017905879067257047,0.014872430823743343,0.014979833737015724,False
test,0.9341529607772827,0.22857142984867096,0.006764325313270092,7.645373261766508e-05,0.0019052906427532434,-0.0017960272962227464,0.014876345172524452,0.014984370209276676,False
test,0.9345697164535522,0.20873016119003296,0.006763804238289595,7.645125879207626e-05,0.0019108389969915152,-0.0018015471287071705,0.014880235306918621,0.014988895505666733,False
test,0.9349864721298218,0.2611111104488373,0.006763264536857605,7.644848665222526e-05,0.0019164645345881581,-0.0018071448430418968,0.014884051866829395,0.014993357472121716,False
test,0.9354032278060913,0.2809523940086365,0.006762743927538395,7.644629658898339e-05,0.0019221699330955744,-0.0018128218362107873,0.014887883327901363,0.014997846446931362,False
test,0.9358199834823608,0.2587301731109619,0.006762210745364428,7.644375000381842e-05,0.0019279501866549253,-0.0018185742665082216,0.014891655184328556,0.015002286992967129,False
test,0.9362367391586304,0.2579365074634552,0.006761692930012941,7.644119614269584e-05,0.0019338038982823491,-0.0018244005041196942,0.01489543542265892,0.015006746165454388,False
test,0.9366534948348999,0.24365079402923584,0.006761172786355019,7.643878780072555e-05,0.0019397317664697766,-0.0018303007818758488,0.014899180270731449,0.015011181123554707,False
test,0.9370702505111694,0.23174603283405304,0.0067606582306325436,7.643631397513673e-05,0.0019457315793260932,-0.001836273237131536,0.014902911148965359,0.015015613287687302,False
test,0.937487006187439,0.23571428656578064,0.006760144606232643,7.643397839274257e-05,0.0019518029876053333,-0.0018423174042254686,0.01490661222487688,0.015020027756690979,False
test,0.9379037022590637,0.2587301731109619,0.006759630516171455,7.643143180757761e-05,0.0019579418003559113,-0.0018484294414520264,0.014910287223756313,0.015024425461888313,False
test,0.9383204579353333,0.24761904776096344,0.006759138777852058,7.642909622518346e-05,0.001964148599654436,-0.001854609465226531,0.01491398736834526,0.015028858557343483,False
test,0.9387372136116028,0.27142858505249023,0.006758605595678091,7.642669515917078e-05,0.001970422687008977,-0.0018608570098876953,0.014917561784386635,0.01503317803144455,False
test,0.9391539692878723,0.2666666805744171,0.006758104544132948,7.642443233635277e-05,0.0019767603371292353,-0.0018671680008992553,0.014921181835234165,0.015037552453577518,False
test,0.9395707249641418,0.2531746029853821,0.00675759743899107,7.642195123480633e-05,0.00198316085152328,-0.001873542438261211,0.014924762770533562,0.015041898004710674,False
test,0.9399874806404114,0.25238096714019775,0.00675710616633296,7.641976844752207e-05,0.0019896235316991806,-0.0018799788085743785,0.014928353019058704,0.015046264044940472,False
test,0.9404042363166809,0.2746031880378723,0.006756605114787817,7.641728734597564e-05,0.0019961472135037184,-0.0018864768790081143,0.014931893907487392,0.01505059003829956,False
test,0.9408209919929504,0.2420634925365448,0.006756098009645939,7.64149590395391e-05,0.0020027279388159513,-0.0018930318765342236,0.014935394749045372,0.015054886229336262,False
test,0.94123774766922,0.2666666805744171,0.0067556132562458515,7.641269621672109e-05,0.0020093664061278105,-0.0018996447324752808,0.014938917942345142,0.0150592140853405,False
test,0.9416545033454895,0.24523809552192688,0.006755125243216753,7.641029515070841e-05,0.0020160586573183537,-0.0019063117215409875,0.014942408539354801,0.015063518658280373,False
test,0.942071259021759,0.24920634925365448,0.006754617672413588,7.64080323278904e-05,0.002022805856540799,-0.0019130336586385965,0.014945830218493938,0.015067764557898045,False
test,0.9424880146980286,0.2626984119415283,0.006754126399755478,7.640577678103e-05,0.002029604744166136,-0.0019198075169697404,0.014949258416891098,0.015072026289999485,False
test,0.9429047703742981,0.28412699699401855,0.006753644905984402,7.64035212341696e-05,0.0020364534575492144,-0.001926631317473948,0.014952687546610832,0.015076298266649246,False
test,0.9433215260505676,0.2587301731109619,0.0067531634122133255,7.640125841135159e-05,0.0020433487370610237,-0.00193350191693753,0.014956091530621052,0.015080554410815239,False
test,0.9437382817268372,0.3182539641857147,0.006752672605216503,7.639893010491505e-05,0.002050294540822506,-0.0019404232734814286,0.014959448017179966,0.015084771439433098,False
test,0.9441550374031067,0.3206349313259125,0.006752185057848692,7.639666728209704e-05,0.0020572817884385586,-0.0019473863067105412,0.014962787739932537,0.015088980086147785,False
test,0.9445717930793762,0.23730158805847168,0.006751704029738903,7.63943389756605e-05,0.00206431420519948,-0.0019543946254998446,0.014966116286814213,0.015093186870217323,False
test,0.9449885487556458,0.2825396955013275,0.006751225795596838,7.639222894795239e-05,0.00207138666883111,-0.0019614428747445345,0.014969426207244396,0.01509738340973854,False
test,0.9454053044319153,0.2825396955013275,0.006750750821083784,7.639003888471052e-05,0.0020784970838576555,-0.0019685295410454273,0.014972716569900513,0.015101567842066288,False
test,0.9458220601081848,0.28730159997940063,0.006750269327312708,7.638778333785012e-05,0.0020856456831097603,-0.0019756543915718794,0.01497597061097622,0.015105724334716797,False
test,0.9462388157844543,0.289682537317276,0.0067497980780899525,7.638574606971815e-05,0.0020928310696035624,-0.0019828160293400288,0.014979223720729351,0.015109887346625328,False
test,0.9466555714607239,0.2777777910232544,0.006749329622834921,7.6383410487324e-05,0.0021000471897423267,-0.0019900090992450714,0.01498245820403099,0.015114039182662964,False
test,0.9470723271369934,0.2865079343318939,0.0067488583736121655,7.638144597876817e-05,0.0021072980016469955,-0.001997236395254731,0.014985661953687668,0.015118168666958809,False
test,0.9474890828132629,0.2730158865451813,0.006748389918357134,7.63792559155263e-05,0.002114575821906328,-0.002004491165280342,0.014988850802183151,0.015122289769351482,False
test,0.9479058384895325,0.2817460298538208,0.006747918669134378,7.637708040419966e-05,0.0021218827459961176,-0.0020117750391364098,0.014992007054388523,0.015126384794712067,False
test,0.948322594165802,0.2817460298538208,0.006747456733137369,7.637496310053393e-05,0.0021292129531502724,-0.00201908266171813,0.01499516237527132,0.015130485408008099,False
test,0.9487393498420715,0.26349207758903503,0.006746982224285603,7.637285307282582e-05,0.002136567607522011,-0.0020264144986867905,0.01499826367944479,0.0151345394551754,False
test,0.9491560459136963,0.28730159997940063,0.006746530067175627,7.637080852873623e-05,0.0021439434494823217,-0.002033767756074667,0.015001394785940647,0.015138627961277962,False
test,0.9495728015899658,0.2690476179122925,0.00674607465043664,7.636869850102812e-05,0.0021513374522328377,-0.002041139639914036,0.015004497021436691,0.015142694115638733,False
test,0.9499895572662354,0.21984127163887024,0.006745609920471907,7.636644295416772e-05,0.002158748684450984,-0.0020485289860516787,0.015007554553449154,0.01514672115445137,False
test,0.9504063129425049,0.16111111640930176,0.006745148450136185,7.636469672434032e-05,0.002166174119338393,-0.0020559318363666534,0.015010593459010124,0.015150735154747963,False
test,0.9508230686187744,0.2571428716182709,0.0067447093315422535,7.636214286321774e-05,0.0021736128255724907,-0.002063349587842822,0.01501366775482893,0.015154789201915264,False
test,0.951239824295044,0.29126983880996704,0.006744254380464554,7.636040390934795e-05,0.0021810613106936216,-0.0020707757212221622,0.015016674995422363,0.015158780850470066,False
test,0.9516565799713135,0.2507936656475067,0.006743789650499821,7.635843212483451e-05,0.002188517479225993,-0.002078210236504674,0.015019641257822514,0.015162737108767033,False
test,0.952073335647583,0.3722222149372101,0.006743347272276878,7.635624933755025e-05,0.0021959783043712378,-0.002085649874061346,0.015022638253867626,0.01516672596335411,False
test,0.9524900913238525,0.4555555582046509,0.006742902100086212,7.635443034814671e-05,0.0022034444846212864,-0.0020930946338921785,0.015025606378912926,0.015170691534876823,False
test,0.9529068470001221,0.36349207162857056,0.00674245972186327,7.635246583959088e-05,0.002210908802226186,-0.002100537531077862,0.015028557740151882,0.015174643136560917,False
test,0.9533236026763916,0.23492063581943512,0.006742014084011316,7.635027577634901e-05,0.0022183728870004416,-0.0021079808939248323,0.015031483955681324,0.015178573317825794,False
test,0.9537403583526611,0.26825398206710815,0.006741565652191639,7.634838402736932e-05,0.002225833712145686,-0.002115420764312148,0.015034379437565804,0.015182475559413433,False
test,0.9541571140289307,0.2706349194049835,0.006741126533597708,7.634641951881349e-05,0.002233287552371621,-0.0021228536497801542,0.015037276782095432,0.015186382457613945,False
test,0.9545738697052002,0.23333333432674408,0.00674067810177803,7.634445501025766e-05,0.0022407323122024536,-0.002130277920514345,0.01504012756049633,0.015190244652330875,False
test,0.9549906253814697,0.25,0.006740245968103409,7.634241774212569e-05,0.0022481672931462526,-0.0021376926451921463,0.015042999759316444,0.015194129198789597,False
test,0.9554073810577393,0.2690476179122925,0.006739825941622257,7.634044595761225e-05,0.0022555862087756395,-0.0021450913045555353,0.015045875683426857,0.015198019333183765,False
test,0.9558241367340088,0.27222222089767456,0.0067393844947218895,7.633869972778484e-05,0.0022629897575825453,-0.0021524743642657995,0.015048683620989323,0.015201842412352562,False
test,0.9562408924102783,0.25,0.006738951895385981,7.633673521922901e-05,0.002270373050123453,-0.002159837633371353,0.015051489695906639,0.015205664560198784,False
test,0.9566576480865479,0.25634920597076416,0.006738522555679083,7.633469795109704e-05,0.0022777363192290068,-0.002167181111872196,0.015054285526275635,0.015209476463496685,False
test,0.9570744037628174,0.26746031641960144,0.006738084368407726,7.633280620211735e-05,0.0022850774694234133,-0.0021745027042925358,0.015057038515806198,0.015213246457278728,False
test,0.9574911594390869,0.2809523940086365,0.006737661547958851,7.633076893398538e-05,0.0022923897486180067,-0.002181795658543706,0.01505980733782053,0.015217031352221966,False
test,0.9579079151153564,0.2698412835597992,0.006737235467880964,7.632909546373412e-05,0.0022996729239821434,-0.002189059043303132,0.0150625454261899,0.015220783650875092,False
test,0.958324670791626,0.2690476179122925,0.006736809853464365,7.632712367922068e-05,0.002306924667209387,-0.0021962912287563086,0.01506526954472065,0.015224521048367023,False
test,0.9587414264678955,0.261904776096344,0.00673638703301549,7.632530468981713e-05,0.002314141485840082,-0.0022034889552742243,0.015067978762090206,0.015228241682052612,False
test,0.959158182144165,0.22698412835597992,0.006735960952937603,7.63233401812613e-05,0.0023213233798742294,-0.0022106519900262356,0.015070662833750248,0.015231935307383537,False
test,0.9595749378204346,0.2658730149269104,0.0067355516366660595,7.632144843228161e-05,0.0023284610360860825,-0.002217770554125309,0.015073363669216633,0.015235642902553082,False
test,0.9599916934967041,0.2531746029853821,0.006735132075846195,7.631970220245421e-05,0.0023355584125965834,-0.0022248488385230303,0.01507602073252201,0.01523930300027132,False
test,0.9604083895683289,0.24444444477558136,0.006734719034284353,7.631781772943214e-05,0.0023426103871315718,-0.00223188241943717,0.015078675001859665,0.015242956578731537,False
test,0.9608251452445984,0.2706349194049835,0.006734296679496765,7.631599146407098e-05,0.0023496164940297604,-0.0022388698998838663,0.01508128922432661,0.015246567316353321,False
test,0.9612419009208679,0.25158730149269104,0.006733883637934923,7.631424523424357e-05,0.002356569515541196,-0.002245804527774453,0.015083902515470982,0.015250172466039658,False
test,0.9616586565971375,0.2380952388048172,0.0067334710620343685,7.631235348526388e-05,0.0023634687531739473,-0.002252685371786356,0.015086502768099308,0.015253758989274502,False
test,0.962075412273407,0.2531746029853821,0.006733049172908068,7.631060725543648e-05,0.002370313508436084,-0.0022595117334276438,0.015089060179889202,0.015257297083735466,False
test,0.9624921679496765,0.24920634925365448,0.006732648704200983,7.630900654476136e-05,0.002377099124714732,-0.002266279188916087,0.015091647394001484,0.01526085939258337,False
test,0.962908923625946,0.2222222238779068,0.006732248701155186,7.630704203620553e-05,0.0023838221095502377,-0.002272984478622675,0.015094220638275146,0.015264401212334633,False
test,0.9633256793022156,0.26428571343421936,0.0067318459041416645,7.630536856595427e-05,0.0023904822301119566,-0.002279626438394189,0.01509676594287157,0.015267908573150635,False
test,0.9637424349784851,0.25158730149269104,0.006731458939611912,7.630354957655072e-05,0.0023970718029886484,-0.0022861985489726067,0.015099333599209785,0.015271429903805256,False
test,0.9641591906547546,0.2809523940086365,0.006731046363711357,7.630165782757103e-05,0.0024035947863012552,-0.0022927040699869394,0.015101822093129158,0.015274865552783012,False
test,0.9645759463310242,0.2738095223903656,0.0067306398414075375,7.629991159774363e-05,0.0024100439622998238,-0.002299135783687234,0.015104305930435658,0.015278288163244724,False
test,0.9649927020072937,0.230158731341362,0.006730230059474707,7.629831088706851e-05,0.002416415838524699,-0.0023054901976138353,0.015106763690710068,0.0152816753834486,False
test,0.9654094576835632,0.15396825969219208,0.006729830522090197,7.629663741681725e-05,0.002422712044790387,-0.002311769174411893,0.015109227038919926,0.015285058878362179,False
test,0.9658262133598328,0.06111111119389534,0.006729450076818466,7.62948184274137e-05,0.0024289253633469343,-0.0023179654963314533,0.015111720189452171,0.01528846099972725,False
test,0.9662429690361023,0.003968254197388887,0.0067290342412889,7.629314495716244e-05,0.002435054862871766,-0.0023240779992192984,0.015114109963178635,0.015291751362383366,False
test,0.9666597247123718,0.16984127461910248,0.006728647276759148,7.629147148691118e-05,0.002441100077703595,-0.002330105984583497,0.015116551890969276,0.01529508177191019,False
test,0.9670764803886414,0.15317460894584656,0.006728253792971373,7.628987077623606e-05,0.0024470502976328135,-0.0023360394407063723,0.015118959359824657,0.01529836654663086,False
test,0.9674932360649109,0.06031746044754982,0.006727867294102907,7.628805178683251e-05,0.002452913438901305,-0.0023418862838298082,0.015121369622647762,0.015301642008125782,False
test,0.9679099917411804,0.02142857201397419,0.006727477069944143,7.628630555700511e-05,0.0024586785584688187,-0.0023476348724216223,0.015123751945793629,0.015304877422749996,False
test,0.96832674741745,0.011111111380159855,0.006727077532559633,7.628470484632999e-05,0.0024643477518111467,-0.0023532873019576073,0.015126095153391361,0.015308060683310032,False
test,0.9687435030937195,0.004761904943734407,0.0067266845144331455,7.628295861650258e-05,0.0024699170608073473,-0.0023588407784700394,0.01512843742966652,0.015311229042708874,False
test,0.969160258769989,0.0023809524718672037,0.00672631012275815,7.628113962709904e-05,0.0024753797333687544,-0.0023642871528863907,0.01513080857694149,0.01531441230326891,False
test,0.9695770144462585,0.0833333358168602,0.006725926883518696,7.627961895195767e-05,0.0024807387962937355,-0.0023696301504969597,0.015133138746023178,0.015317539684474468,False
test,0.9699937701225281,0.2658730149269104,0.006725539918988943,7.627801096532494e-05,0.002485990058630705,-0.002374865347519517,0.015135443769395351,0.015320627950131893,False
test,0.9704105257987976,0.2785714268684387,0.006725165992975235,7.627641025464982e-05,0.002491126535460353,-0.0023799859918653965,0.015137764625251293,0.015323715284466743,False
test,0.9708272814750671,0.23492063581943512,0.006724772974848747,7.627488230355084e-05,0.0024961521849036217,-0.002384995808824897,0.015140022151172161,0.015326724387705326,False
test,0.9712440371513367,0.27222222089767456,0.0067244116216897964,7.627321610925719e-05,0.0025010586250573397,-0.00238988664932549,0.01514233835041523,0.015329773537814617,False
test,0.9716607332229614,0.2857142984867096,0.006724015809595585,7.627146987942979e-05,0.002505847718566656,-0.0023946603760123253,0.015144560486078262,0.015332713723182678,False
test,0.972077488899231,0.26428571343421936,0.0067236353643238544,7.626994192833081e-05,0.002510513411834836,-0.0023993104696273804,0.015146799385547638,0.01533565204590559,False
test,0.9724942445755005,0.22142857313156128,0.006723261438310146,7.626848673680797e-05,0.002515058498829603,-0.0024038399569690228,0.015149039216339588,0.015338573604822159,False
test,0.97291100025177,0.29126983880996704,0.006722887512296438,7.626688602613285e-05,0.002519471338018775,-0.002408237662166357,0.015151262283325195,0.015341458842158318,False
test,0.9733277559280396,0.22063492238521576,0.006722507067024708,7.626521255588159e-05,0.0025237584486603737,-0.002412509871646762,0.015153455547988415,0.015344295650720596,False
test,0.9737445116043091,0.2611111104488373,0.006722136866301298,7.626368460478261e-05,0.002527911914512515,-0.002416647970676422,0.01515565812587738,0.015347122214734554,False
test,0.9741612672805786,0.2746031880378723,0.006721769459545612,7.626208389410749e-05,0.0025319315027445555,-0.0024206528905779123,0.015157848596572876,0.0153499161824584,False
test,0.9745780229568481,0.23888888955116272,0.0067214020527899265,7.626062870258465e-05,0.002535813255235553,-0.002424519741907716,0.015160026960074902,0.015352677553892136,False
test,0.9749947786331177,0.22777777910232544,0.006721022073179483,7.625888974871486e-05,0.0025395560078322887,-0.002428248059004545,0.015162160620093346,0.015355373732745647,False
test,0.9754115343093872,0.26746031641960144,0.006720654666423798,7.625720900250599e-05,0.002543157897889614,-0.002431835513561964,0.015164308249950409,0.015358062461018562,False
test,0.9758282899856567,0.2531746029853821,0.006720299832522869,7.625576108694077e-05,0.0025466156657785177,-0.002435278845950961,0.015166467055678368,0.015360739082098007,False
test,0.9762450456619263,0.22380952537059784,0.006719936151057482,7.625430589541793e-05,0.002549925120547414,-0.002438573632389307,0.015168591402471066,0.0153633588925004,False
test,0.9766618013381958,0.2769841253757477,0.006719581782817841,7.625277794431895e-05,0.0025530890561640263,-0.0024417233653366566,0.015170725993812084,0.015365966595709324,False
test,0.9770785570144653,0.2777777910232544,0.006719220895320177,7.625124999321997e-05,0.00255610141903162,-0.0024447215255349874,0.015172827988862991,0.01536851841956377,False
test,0.9774953126907349,0.27539682388305664,0.006718860007822514,7.624972204212099e-05,0.0025589587166905403,-0.0024475648533552885,0.015174915082752705,0.015371032059192657,False
test,0.9779120683670044,0.2706349194049835,0.006718505173921585,7.624826685059816e-05,0.0025616632774472237,-0.002450255211442709,0.015177000313997269,0.015373519621789455,False
test,0.9783288240432739,0.3063492178916931,0.006718132179230452,7.624681893503293e-05,0.0025642116088420153,-0.0024527895729988813,0.01517903059720993,0.015375927090644836,False
test,0.9787455797195435,0.28412699699401855,0.006717803422361612,7.624521822435781e-05,0.002566596493124962,-0.002455160953104496,0.01518115121871233,0.01537839975208044,False
test,0.979162335395813,0.2579365074634552,0.006717429496347904,7.624369027325884e-05,0.0025688244495540857,-0.0024573751725256443,0.01518314890563488,0.015380725264549255,False
test,0.9795790910720825,0.3182539641857147,0.0067170592956244946,7.624230784131214e-05,0.002570885233581066,-0.002459422219544649,0.015185141935944557,0.015383020043373108,False
test,0.979995846748352,0.2738095223903656,0.006716710980981588,7.624070713063702e-05,0.002572784898802638,-0.002461308380588889,0.015187172219157219,0.015385325066745281,False
test,0.9804126024246216,0.29603174328804016,0.0067163631319999695,7.623933197464794e-05,0.0025745166931301355,-0.0024630266707390547,0.015189191326498985,0.015387593768537045,False
test,0.9808293581008911,0.2738095223903656,0.006716015283018351,7.623780402354896e-05,0.0025760780554264784,-0.002464574994519353,0.015191193670034409,0.015389817766845226,False
test,0.9812461137771606,0.2380952388048172,0.006715661380439997,7.623641431564465e-05,0.002577470615506172,-0.0024659542832523584,0.015193168073892593,0.01539198774844408,False
test,0.9816628694534302,0.3460317552089691,0.006715319585055113,7.623496640007943e-05,0.002578693674877286,-0.0024671643041074276,0.015195157378911972,0.015394145622849464,False
test,0.9820796251296997,0.2380952388048172,0.006714972201734781,7.623343844898045e-05,0.0025797374546527863,-0.0024681948125362396,0.015197121538221836,0.01539624948054552,False
test,0.9824963808059692,0.28333333134651184,0.006714624352753162,7.623205601703376e-05,0.0025806124322116375,-0.00246905698440969,0.015199069865047932,0.015398310497403145,False
test,0.9829131364822388,0.24682539701461792,0.006714269984513521,7.623030978720635e-05,0.0025813032407313585,-0.0024697354529052973,0.015200991183519363,0.015400315634906292,False
test,0.9833298325538635,0.23333333432674408,0.006713928654789925,7.622900739079341e-05,0.002581819659098983,-0.002470238832756877,0.015202927403151989,0.015402307733893394,False
test,0.9837465882301331,0.21904762089252472,0.006713593378663063,7.622755219927058e-05,0.0025821600575000048,-0.0024705668911337852,0.01520486455410719,0.015404271893203259,False
test,0.9841633439064026,0.23968254029750824,0.0067132520489394665,7.622624252690002e-05,0.0025823162868618965,-0.0024707100819796324,0.015206773765385151,0.015406180173158646,False
test,0.9845800995826721,0.30714285373687744,0.006712916772812605,7.622478733537719e-05,0.002582291839644313,-0.002470673294737935,0.015208684839308262,0.01540805958211422,False
test,0.9849968552589417,0.2380952388048172,0.006712581962347031,7.622355042258278e-05,0.0025820827577263117,-0.002470451407134533,0.015210581943392754,0.015409897081553936,False
test,0.9854136109352112,0.22063492238521576,0.006712247151881456,7.622210250701755e-05,0.0025816941633820534,-0.0024700507055968046,0.015212468802928925,0.015411695465445518,False
test,0.9858303666114807,0.2825396955013275,0.006711896043270826,7.622064731549472e-05,0.002581113949418068,-0.002469458384439349,0.015214304439723492,0.01541341282427311,False
test,0.9862471222877502,0.28730159997940063,0.006711561232805252,7.621948316227645e-05,0.002580351894721389,-0.0024686839897185564,0.0152161605656147,0.01541511993855238,False
test,0.9866638779640198,0.2658730149269104,0.006711220368742943,7.621802797075361e-05,0.0025793984532356262,-0.002467718441039324,0.015217995271086693,0.01541677676141262,False
test,0.9870806336402893,0.30714285373687744,0.0067108855582773685,7.621664553880692e-05,0.002578262472525239,-0.0024665705859661102,0.01521982904523611,0.0154184028506279,False
test,0.9874973893165588,0.30793651938438416,0.006710550282150507,7.621512486366555e-05,0.0025769355706870556,-0.002465232042595744,0.015221649780869484,0.01541998703032732,False
test,0.9879141449928284,0.26349207758903503,0.00671022804453969,7.621403347002342e-05,0.0025754193775355816,-0.0024637037422508,0.015223484486341476,0.015421553514897823,False
test,0.9883309006690979,0.2785714268684387,0.006709899753332138,7.621257100254297e-05,0.002573712496086955,-0.0024619854521006346,0.015225298702716827,0.015423069708049297,False
test,0.9887476563453674,0.2817460298538208,0.006709564942866564,7.621134136570618e-05,0.002571818418800831,-0.002460079500451684,0.015227082185447216,0.01542452722787857,False
test,0.989164412021637,0.25952380895614624,0.0067092361859977245,7.620982069056481e-05,0.002569726202636957,-0.0024579758755862713,0.015228869393467903,0.01542595587670803,False
test,0.9895811676979065,0.2777777910232544,0.006708907894790173,7.620835822308436e-05,0.0025674495846033096,-0.0024556880816817284,0.01523064449429512,0.015427343547344208,False
test,0.989997923374176,0.25,0.006708592642098665,7.620719406986609e-05,0.002564978552982211,-0.0024532051756978035,0.015232437290251255,0.015428719110786915,False
test,0.9904146790504456,0.24682539701461792,0.006708264350891113,7.620581891387701e-05,0.002562314737588167,-0.002450530184432864,0.015234186314046383,0.015430020168423653,False
test,0.9908314347267151,0.25634920597076416,0.006707948632538319,7.620450924150646e-05,0.00255945953540504,-0.002447664039209485,0.015235953032970428,0.01543130911886692,False
test,0.9912481904029846,0.22460317611694336,0.006707620341330767,7.62031995691359e-05,0.0025564120151102543,-0.0024446051102131605,0.015237681567668915,0.01543253194540739,False
test,0.9916649460792542,0.2579365074634552,0.006707285530865192,7.620203541591763e-05,0.0025531717110425234,-0.0024413536302745342,0.015239376574754715,0.015433690510690212,False
test,0.9920817017555237,0.2690476179122925,0.00670697633177042,7.620058750035241e-05,0.0025497442111372948,-0.0024379154201596975,0.015241125598549843,0.015434874221682549,False
test,0.9924984574317932,0.23650793731212616,0.006706641521304846,7.619927782798186e-05,0.0025461174082010984,-0.0024342776741832495,0.015242800116539001,0.015435953624546528,False
test,0.9929152131080627,0.2984127104282379,0.00670634163543582,7.619811367476359e-05,0.0025423052720725536,-0.002430454595014453,0.015244546346366405,0.01543707586824894,False
test,0.9933319687843323,0.23968254029750824,0.006706020329147577,7.619688403792679e-05,0.002538298722356558,-0.0024264371022582054,0.01524623017758131,0.015438106842339039,False
test,0.9937487244606018,0.2587301731109619,0.006705698557198048,7.619542884640396e-05,0.0025341003201901913,-0.002422228455543518,0.015247901901602745,0.015439096838235855,False
test,0.9941654801368713,0.2539682686328888,0.006705382838845253,7.619426469318569e-05,0.002529711462557316,-0.002417828654870391,0.015249572694301605,0.015440057031810284,False
test,0.9945821762084961,0.2626984119415283,0.006705067586153746,7.619310053996742e-05,0.0025251349434256554,-0.002413241658359766,0.015251236036419868,0.015440981835126877,False
test,0.9949989318847656,0.2857142984867096,0.006704745348542929,7.619157258886844e-05,0.0025203628465533257,-0.002408459549769759,0.015252874232828617,0.015441853553056717,False
test,0.9954156875610352,0.2706349194049835,0.006704436615109444,7.619048847118393e-05,0.0025154107715934515,-0.002403496764600277,0.015254529193043709,0.015442715026438236,False
test,0.9958324432373047,0.2587301731109619,0.006704146508127451,7.618917879881337e-05,0.00251026451587677,-0.0023983402643352747,0.015256216749548912,0.015443581156432629,False
test,0.9962491989135742,0.2222222238779068,0.006703824736177921,7.618786912644282e-05,0.0025049312971532345,-0.002392997033894062,0.015257821418344975,0.015444337390363216,False
test,0.9966659545898438,0.25238096714019775,0.006703509017825127,7.618670497322455e-05,0.002499412978067994,-0.002387468470260501,0.015259427018463612,0.015445067547261715,False
test,0.9970827102661133,0.05238095298409462,0.006703193765133619,7.618532981723547e-05,0.0024937118869274855,-0.002381757600232959,0.015261024236679077,0.015445764176547527,False
test,0.9974994659423828,0.0015873016091063619,0.006702891085296869,7.61841656640172e-05,0.0024878187105059624,-0.0023758544120937586,0.015262636356055737,0.015446447767317295,False
test,0.9979162216186523,0.0,0.006702582351863384,7.618292875122279e-05,0.0024817518424242735,-0.0023697775322943926,0.01526422705501318,0.015447085723280907,False
test,0.9983329772949219,0.0007936508045531809,0.006702279672026634,7.618169911438599e-05,0.0024754940532147884,-0.002363509964197874,0.015265821479260921,0.015447701327502728,False
test,0.9987497329711914,0.0007936508045531809,0.006701976992189884,7.618046220159158e-05,0.0024690632708370686,-0.0023570694029331207,0.015267403796315193,0.015448281541466713,False
test,0.9991664886474609,0.0,0.00670167151838541,7.617937080794945e-05,0.002462447155267,-0.002350443508476019,0.015268967486917973,0.015448817051947117,False
test,0.9995832443237305,0.0007936508045531809,0.00670136883854866,7.617798837600276e-05,0.0024556557182222605,-0.0023436425253748894,0.015270528383553028,0.015449327416718006,False
test,1.0,0.0007936508045531809,0.006701060105115175,7.617697701789439e-05,0.0024486870970577,-0.0023366641253232956,0.015272061340510845,0.015449784696102142,False
