part,t,D_obs,D_pred,I_pred,u_pred,r_I,r_D,R,is_anomaly
train,0.0002083767467411235,0.0,0.00530396169051528,0.04932587221264839,0.04037889838218689,0.028525905683636665,-0.40952813625335693,0.41052043437957764,False
train,0.0006251302547752857,0.0,0.005305432248860598,0.0493353009223938,0.04005812481045723,0.02891111932694912,-0.40959665179252625,0.4106157124042511,False
train,0.0010418837191537023,0.0,0.005306911189109087,0.049344535917043686,0.03972072899341583,0.02931283973157406,-0.40966346859931946,0.410710871219635,False
test,0.0014586371835321188,0.0,0.005308395251631737,0.04935392364859581,0.039367616176605225,0.02973070740699768,-0.40973156690597534,0.410808801651001,False
train,0.0018753907643258572,0.0,0.005309877451509237,0.04936330392956734,0.03899969533085823,0.030163558200001717,-0.40979957580566406,0.41090819239616394,False
train,0.002292144112288952,0.0,0.005311360117048025,0.049372751265764236,0.03861786425113678,0.03061061166226864,-0.409868061542511,0.4110095500946045,False
train,0.0027088976930826902,0.0,0.0053128632716834545,0.049382150173187256,0.038223057985305786,0.031070740893483162,-0.4099361002445221,0.41111189126968384,False
train,0.0031256512738764286,0.0,0.00531435152515769,0.04939165338873863,0.037816211581230164,0.03154326230287552,-0.41000497341156006,0.4112165570259094,False
test,0.0035424046218395233,0.0,0.005315850488841534,0.04940108209848404,0.03739825636148453,0.0320269912481308,-0.4100731909275055,0.4113219380378723,False
train,0.003959157969802618,0.0,0.005317355040460825,0.049410630017519,0.0369701124727726,0.03252125158905983,-0.41014236211776733,0.41142967343330383,False
train,0.004375911783427,0.0,0.005318872164934874,0.04942017421126366,0.0365326926112175,0.03302499279379845,-0.410211443901062,0.41153866052627563,False
train,0.004792665131390095,0.0,0.0053203827701509,0.04942974075675011,0.03608693554997444,0.03353726863861084,-0.410280704498291,0.4116491377353668,False
train,0.0052094184793531895,0.0,0.005321903619915247,0.04943932592868805,0.03563372790813446,0.03405722975730896,-0.4103500545024872,0.41176092624664307,False
test,0.0056261722929775715,0.0,0.005323424935340881,0.04944891855120659,0.03517397865653038,0.03458395227789879,-0.41041940450668335,0.4118739366531372,False
train,0.006042925640940666,0.0,0.005324949510395527,0.0494585856795311,0.03470853343605995,0.03511665761470795,-0.41048941016197205,0.411988765001297,False
train,0.006459678988903761,0.0,0.0053264787420630455,0.04946820065379143,0.0342382937669754,0.035654276609420776,-0.41055887937545776,0.41210415959358215,False
train,0.006876432802528143,0.0,0.005328014492988586,0.04947790876030922,0.033764056861400604,0.03619623929262161,-0.41062912344932556,0.41222137212753296,False
train,0.007293186150491238,0.0,0.005329552572220564,0.04948757588863373,0.03328666090965271,0.03674151003360748,-0.41069892048835754,0.41233912110328674,False
test,0.007709939498454332,0.0,0.0053310939110815525,0.04949728026986122,0.032806891947984695,0.03728938102722168,-0.4107690155506134,0.4124580919742584,False
train,0.008126692846417427,0.0,0.005332645960152149,0.04950704798102379,0.032325491309165955,0.03783920407295227,-0.41083961725234985,0.4125784933567047,False
train,0.008543446660041809,0.0,0.005334198009222746,0.049516890197992325,0.03184325248003006,0.038390152156353,-0.41091078519821167,0.41270023584365845,False
train,0.008960200473666191,0.0,0.005335745867341757,0.04952666163444519,0.03136082738637924,0.0389414057135582,-0.41098132729530334,0.41282209753990173,False
train,0.009376953355967999,0.0,0.0053373114205896854,0.049536485224962234,0.030878927558660507,0.03949238359928131,-0.41105225682258606,0.412945032119751,False
test,0.00979370716959238,0.0,0.005338883027434349,0.04954630881547928,0.030398210510611534,0.04004240036010742,-0.411123126745224,0.413068562746048,False
train,0.010210460051894188,0.0,0.00534044997766614,0.04955623298883438,0.029919300228357315,0.040590956807136536,-0.4111948013305664,0.41319340467453003,False
train,0.01062721386551857,0.0,0.0053420220501720905,0.049566082656383514,0.029442759230732918,0.04113725200295448,-0.4112658202648163,0.41331809759140015,False
train,0.011043967679142952,0.0,0.0053436122834682465,0.0495760440826416,0.028969191014766693,0.04168093577027321,-0.4113377034664154,0.41344407200813293,False
train,0.01146072056144476,0.0,0.005345185752958059,0.04958604648709297,0.028499092906713486,0.042221397161483765,-0.4114099442958832,0.4135707914829254,False
test,0.011877474375069141,0.0,0.00534676993265748,0.049595944583415985,0.028032978996634483,0.04275796189904213,-0.41148120164871216,0.4136967658996582,False
train,0.012294228188693523,0.0,0.005348362028598785,0.04960595816373825,0.027571307495236397,0.04329044371843338,-0.41155341267585754,0.4138239622116089,False
train,0.01271098107099533,0.0,0.005349964369088411,0.0496160164475441,0.027114523574709892,0.04381831735372543,-0.4116259515285492,0.4139516353607178,False
train,0.013127734884619713,0.0,0.0053515625186264515,0.049626048654317856,0.0266630370169878,0.0443410649895668,-0.41169819235801697,0.41407912969589233,False
train,0.013544488698244095,0.0,0.005353165790438652,0.049636129289865494,0.026217222213745117,0.0448584109544754,-0.4117708206176758,0.4142070412635803,False
test,0.013961241580545902,0.0,0.005354775115847588,0.04964619129896164,0.025777408853173256,0.045369960367679596,-0.4118432402610779,0.4143347442150116,False
train,0.014377995394170284,0.0,0.005356387235224247,0.049656376242637634,0.025343947112560272,0.04587555676698685,-0.41191667318344116,0.4144634008407593,False
train,0.014794749207794666,0.0,0.005358005408197641,0.04966653510928154,0.024917121976614,0.04637465998530388,-0.41198980808258057,0.41459161043167114,False
train,0.015211502090096474,0.0,0.0053596338257193565,0.049676671624183655,0.02449718303978443,0.04686708375811577,-0.41206270456314087,0.41471943259239197,False
train,0.015628255903720856,0.0,0.005361262708902359,0.049686916172504425,0.024084385484457016,0.04735272377729416,-0.4121364951133728,0.41484788060188293,False
test,0.016045009717345238,0.0,0.005362892057746649,0.049697183072566986,0.023678941652178764,0.047831278294324875,-0.4122104346752167,0.41497623920440674,False
train,0.01646176353096962,0.0,0.005364532116800547,0.04970741271972656,0.02328103594481945,0.048302456736564636,-0.41228392720222473,0.41510382294654846,False
train,0.016878515481948853,0.0,0.005366180557757616,0.04971766099333763,0.022890830412507057,0.04876616597175598,-0.4123575687408447,0.4152311384677887,False
train,0.017295269295573235,0.0,0.005367826670408249,0.04972805082798004,0.022508475929498672,0.04922246187925339,-0.41243240237236023,0.4153592884540558,False
train,0.017712023109197617,0.0,0.005369463004171848,0.049738358706235886,0.0221340861171484,0.04967086389660835,-0.41250646114349365,0.4154861867427826,False
test,0.018128776922822,0.0,0.005371131002902985,0.04974877089262009,0.021767789497971535,0.05011157691478729,-0.41258135437965393,0.41561344265937805,False
train,0.01854553073644638,0.0,0.005372791551053524,0.04975917562842369,0.021409643813967705,0.05054434388875961,-0.41265609860420227,0.415740042924881,False
train,0.018962284550070763,0.0,0.005374460481107235,0.049769558012485504,0.021059725433588028,0.05096908658742905,-0.4127306342124939,0.41586586833000183,False
train,0.019379036501049995,0.0,0.005376129411160946,0.04978001117706299,0.020718079060316086,0.051385872066020966,-0.4128057062625885,0.4159916341304779,False
train,0.019795790314674377,0.0,0.0053777992725372314,0.04979050159454346,0.02038474753499031,0.051794618368148804,-0.412881076335907,0.4161171317100525,False
test,0.02021254412829876,0.0,0.005379494745284319,0.04980103671550751,0.020059728994965553,0.05219534784555435,-0.41295671463012695,0.41624224185943604,False
train,0.02062929794192314,0.0,0.005381168331950903,0.049811553210020065,0.019743043929338455,0.052587948739528656,-0.413032203912735,0.4163665473461151,False
train,0.021046051755547523,0.0,0.005382854957133532,0.049822092056274414,0.01943468116223812,0.052972469478845596,-0.4131077826023102,0.41649022698402405,False
train,0.021462805569171906,0.0,0.005384557880461216,0.04983273893594742,0.019134607166051865,0.05334910750389099,-0.4131842255592346,0.4166141152381897,False
train,0.02187955752015114,0.0,0.005386263597756624,0.04984327033162117,0.01884279027581215,0.05371753126382828,-0.4132596552371979,0.41673627495765686,False
test,0.02229631133377552,0.0,0.005387964192777872,0.04985394328832626,0.01855919510126114,0.05407817289233208,-0.41333624720573425,0.41685885190963745,False
train,0.022713065147399902,0.0,0.005389678757637739,0.04986460879445076,0.01828376203775406,0.05443090945482254,-0.4134126603603363,0.4169805347919464,False
train,0.023129818961024284,0.0,0.005391393788158894,0.049875352531671524,0.018016433343291283,0.054775841534137726,-0.4134897291660309,0.4171020984649658,False
train,0.023546572774648666,0.0,0.005393111612647772,0.049886029213666916,0.017757143825292587,0.05511288344860077,-0.4135661721229553,0.4172222316265106,False
train,0.02396332658827305,0.0,0.005394830368459225,0.049896806478500366,0.01750580407679081,0.05544237792491913,-0.4136434495449066,0.41734248399734497,False
test,0.02438007853925228,0.0,0.005396557506173849,0.04990752786397934,0.017262334004044533,0.05576413869857788,-0.41372016072273254,0.4174613952636719,False
train,0.024796832352876663,0.0,0.005398305598646402,0.049918435513973236,0.017026638612151146,0.05607863515615463,-0.41379836201667786,0.4175809919834137,False
train,0.025213586166501045,0.0,0.005400046240538359,0.04992924630641937,0.016798630356788635,0.05638553947210312,-0.4138757288455963,0.41769900918006897,False
train,0.025630339980125427,0.0,0.005401792470365763,0.049940139055252075,0.01657821424305439,0.056685224175453186,-0.4139537215232849,0.41781681776046753,False
train,0.02604709379374981,0.0,0.005403542425483465,0.04995100945234299,0.016365276649594307,0.05697762221097946,-0.4140314757823944,0.4179336428642273,False
test,0.026463845744729042,0.0,0.0054052951745688915,0.04996192827820778,0.01615970768034458,0.057262957096099854,-0.41410958766937256,0.41804999113082886,False
train,0.026880599558353424,0.0,0.00540706142783165,0.049972906708717346,0.015961401164531708,0.057541392743587494,-0.4141881465911865,0.41816604137420654,False
train,0.027297353371977806,0.0,0.005408817902207375,0.049983903765678406,0.015770234167575836,0.057812921702861786,-0.41426679491996765,0.4182813763618469,False
train,0.027714107185602188,0.0,0.0054105957970023155,0.04999494180083275,0.015586107037961483,0.058077745139598846,-0.41434571146965027,0.4183962345123291,False
train,0.02813086099922657,0.0,0.005412363447248936,0.0500059612095356,0.015408883802592754,0.05833587422966957,-0.41442447900772095,0.4185101091861725,False
test,0.028547614812850952,0.0,0.005414157640188932,0.050017014145851135,0.015238460153341293,0.05858748033642769,-0.41450339555740356,0.4186234176158905,False
train,0.028964366763830185,0.0,0.005415939725935459,0.050028152763843536,0.015074694529175758,0.0588328056037426,-0.4145830273628235,0.41873666644096375,False
train,0.029381120577454567,0.0,0.005417743232101202,0.05003925412893295,0.014917489141225815,0.05907177925109863,-0.41466224193573,0.4188487231731415,False
train,0.02979787439107895,0.0,0.005419539287686348,0.05005042254924774,0.01476670615375042,0.05930468067526817,-0.41474202275276184,0.4189606010913849,False
train,0.03021462820470333,0.0,0.005421333014965057,0.05006158724427223,0.014622224494814873,0.059531521052122116,-0.41482171416282654,0.41907167434692383,False
test,0.030631382018327713,0.0,0.005423148162662983,0.05007283762097359,0.014483911916613579,0.05975255370140076,-0.4149020314216614,0.41918259859085083,False
train,0.031048135831952095,0.0,0.005424953531473875,0.05008409917354584,0.014351652935147285,0.05996780842542648,-0.414982408285141,0.4192928969860077,False
train,0.03146488964557648,0.0,0.005426780786365271,0.05009539797902107,0.014225326478481293,0.06017746403813362,-0.4150630235671997,0.41940271854400635,False
train,0.03188164159655571,0.0,0.005428597796708345,0.05010666698217392,0.014104792848229408,0.06038152053952217,-0.41514334082603455,0.4195115268230438,False
train,0.03229839727282524,0.0,0.005430441349744797,0.05011802911758423,0.013989935629069805,0.06058026850223541,-0.4152243435382843,0.4196203052997589,False
test,0.032715149223804474,0.0,0.005432272795587778,0.050129398703575134,0.013880640268325806,0.060773760080337524,-0.4153054356575012,0.419728547334671,False
train,0.03313190117478371,0.0,0.00543410936370492,0.05014082416892052,0.013776772655546665,0.06096212938427925,-0.4153868854045868,0.41983646154403687,False
train,0.03354865685105324,0.0,0.005435970611870289,0.05015222355723381,0.013678204268217087,0.06114545091986656,-0.4154680073261261,0.41994336247444153,False
train,0.03396540880203247,0.0,0.005437819287180901,0.050163742154836655,0.013584813103079796,0.06132400780916214,-0.4155501425266266,0.4200506806373596,False
train,0.034382164478302,0.0,0.0054396684281528,0.05017518997192383,0.013496492058038712,0.061497677117586136,-0.41563162207603455,0.4201566278934479,False
test,0.034798916429281235,0.0,0.005441538989543915,0.050186753273010254,0.013413097709417343,0.061666831374168396,-0.41571396589279175,0.42026287317276,False
train,0.03521566838026047,0.0,0.005443400237709284,0.05019829049706459,0.013334509916603565,0.06183141842484474,-0.4157961308956146,0.42036834359169006,False
train,0.03563242405653,0.0,0.005445281974971294,0.0502098947763443,0.01326061226427555,0.06199168413877487,-0.41587868332862854,0.4204736053943634,False
train,0.03604917600750923,0.0,0.005447162315249443,0.05022154003381729,0.013191282749176025,0.06214766204357147,-0.4159615635871887,0.42057859897613525,False
train,0.03646593168377876,0.0,0.0054490454494953156,0.0502331480383873,0.013126391917467117,0.0622994601726532,-0.41604408621788025,0.4206826388835907,False
test,0.036882683634757996,0.0,0.00545093510299921,0.05024486780166626,0.013065815903246403,0.06244739145040512,-0.416127473115921,0.4207870662212372,False
train,0.03729943558573723,0.0,0.005452840588986874,0.050256598740816116,0.013009438291192055,0.06259134411811829,-0.4162108600139618,0.4208909273147583,False
train,0.03771619126200676,0.0,0.005454746540635824,0.050268299877643585,0.012957142665982246,0.06273148953914642,-0.4162939488887787,0.4209939241409302,False
train,0.03813294321298599,0.0,0.0054566641338169575,0.05028011277318001,0.012908786535263062,0.062868133187294,-0.4163779318332672,0.42109736800193787,False
train,0.038549698889255524,0.0,0.005458564031869173,0.050291936844587326,0.012864260002970695,0.06300121545791626,-0.4164620041847229,0.42120036482810974,False
test,0.038966450840234756,0.0,0.005460492800921202,0.05030379071831703,0.012823434546589851,0.0631309300661087,-0.41654616594314575,0.42130300402641296,False
train,0.03938320651650429,0.0,0.005462414585053921,0.05031566321849823,0.012786184437572956,0.0632573664188385,-0.41663047671318054,0.4214053452014923,False
train,0.03979995846748352,0.0,0.005464345216751099,0.050327569246292114,0.012752382084727287,0.06338068842887878,-0.41671496629714966,0.4215073883533478,False
train,0.04021671041846275,0.0,0.005466292146593332,0.05033952370285988,0.012721899896860123,0.0635010227560997,-0.4167998135089874,0.42160937190055847,False
train,0.040633466094732285,0.0,0.005468239076435566,0.05035147815942764,0.012694609351456165,0.06361845880746841,-0.4168846011161804,0.42171087861061096,False
test,0.04105021804571152,0.0,0.005470184609293938,0.05036347359418869,0.012670392170548439,0.06373317539691925,-0.4169696569442749,0.4218122959136963,False
train,0.04146697372198105,0.0,0.005472135730087757,0.05037549510598183,0.012649108655750751,0.06384526193141937,-0.4170548915863037,0.4219135046005249,False
train,0.04188372567296028,0.0,0.005474111530929804,0.05038759857416153,0.012630626559257507,0.06395493447780609,-0.41714075207710266,0.422014981508255,False
train,0.042300477623939514,0.0,0.005476068705320358,0.05039965361356735,0.012614807114005089,0.06406217813491821,-0.4172261357307434,0.42211562395095825,False
train,0.042717233300209045,0.0,0.0054780407808721066,0.05041186511516571,0.012601525522768497,0.06416739523410797,-0.41731274127960205,0.4222172200679779,False
test,0.04313398525118828,0.0,0.005480028688907623,0.05042404681444168,0.012590639293193817,0.06427045166492462,-0.4173990488052368,0.4223181903362274,False
train,0.04355074092745781,0.0,0.00548200961202383,0.050436217337846756,0.012582003138959408,0.06437154859304428,-0.41748520731925964,0.4224187433719635,False
train,0.04396749287843704,0.0,0.005484009627252817,0.0504484623670578,0.012575495056807995,0.06447089463472366,-0.41757187247276306,0.4225195348262787,False
train,0.044384248554706573,0.0,0.005486007314175367,0.05046074092388153,0.012570948339998722,0.06456862390041351,-0.41765880584716797,0.42262038588523865,False
train,0.044801000505685806,0.0,0.0054880110546946526,0.05047309771180153,0.012568238191306591,0.06466493010520935,-0.41774633526802063,0.42272159457206726,False
test,0.04521775245666504,0.0,0.005490029230713844,0.05048539489507675,0.012567201629281044,0.06475977599620819,-0.41783323884010315,0.4228219985961914,False
train,0.04563450813293457,0.0,0.005492039490491152,0.05049780756235123,0.012567701749503613,0.06485353410243988,-0.41792112588882446,0.42292320728302,False
train,0.0460512600839138,0.0,0.005494071636348963,0.05051020160317421,0.01256957184523344,0.06494618952274323,-0.4180086851119995,0.4230239689350128,False
train,0.046468015760183334,0.0,0.005496096797287464,0.05052264779806137,0.012572682462632656,0.06503798067569733,-0.4180966913700104,0.4231249988079071,False
train,0.04688476771116257,0.0,0.005498138722032309,0.0505351722240448,0.012576846405863762,0.06512914597988129,-0.418185293674469,0.42322659492492676,False
test,0.0473015196621418,0.0,0.005500175524502993,0.050547655671834946,0.012581931427121162,0.06521962583065033,-0.4182734489440918,0.42332762479782104,False
train,0.04771827533841133,0.0,0.00550222909078002,0.050560206174850464,0.012587757781147957,0.06530976295471191,-0.4183620810508728,0.42342910170555115,False
train,0.048135027289390564,0.0,0.005504288710653782,0.050572797656059265,0.012594171799719334,0.0653996616601944,-0.4184509515762329,0.42353078722953796,False
train,0.048551782965660095,0.0,0.0055063460022211075,0.05058541148900986,0.01260101143270731,0.06548945605754852,-0.41854003071784973,0.4236326515674591,False
train,0.04896853491663933,0.0,0.0055084205232560635,0.05059804767370224,0.01260809600353241,0.065579354763031,-0.41862916946411133,0.4237346351146698,False
test,0.04938528686761856,0.0,0.005510479677468538,0.050610803067684174,0.012615278363227844,0.06566966325044632,-0.4187193214893341,0.42383766174316406,False
train,0.04980204254388809,0.0,0.005512573756277561,0.05062347650527954,0.012622364796698093,0.06576023995876312,-0.41880860924720764,0.42393991351127625,False
train,0.050218794494867325,0.0,0.005514663644134998,0.05063629895448685,0.01262920256704092,0.0658516138792038,-0.4188991189002991,0.42404353618621826,False
train,0.050635550171136856,0.0,0.005516748409718275,0.05064910277724266,0.012635607272386551,0.06594368070363998,-0.4189894199371338,0.4241470396518707,False
train,0.05105230212211609,0.0,0.005518855527043343,0.05066193640232086,0.01264141034334898,0.06603668630123138,-0.41907986998558044,0.42425084114074707,False
test,0.05146905779838562,0.0,0.005520965903997421,0.050674837082624435,0.012646431103348732,0.06613092124462128,-0.4191707968711853,0.42435532808303833,False
train,0.05188580974936485,0.0,0.005523082334548235,0.05068769305944443,0.012650500051677227,0.06622631847858429,-0.41926130652427673,0.4244596064090729,False
train,0.052302561700344086,0.0,0.005525191780179739,0.05070064961910248,0.012653437443077564,0.06632334738969803,-0.41935262084007263,0.4245649576187134,False
train,0.05271931737661362,0.0,0.005527317523956299,0.050713662058115005,0.012655068188905716,0.06642208993434906,-0.4194442629814148,0.42467090487480164,False
train,0.05313606932759285,0.0,0.005529462825506926,0.050726648420095444,0.012655219063162804,0.06652256101369858,-0.4195356070995331,0.4247768819332123,False
test,0.05355282500386238,0.0,0.005531603470444679,0.050739675760269165,0.01265371311455965,0.06662510335445404,-0.41962721943855286,0.4248834252357483,False
train,0.053969576954841614,0.0,0.005533755756914616,0.050752829760313034,0.012650386430323124,0.06672994792461395,-0.4197198450565338,0.42499133944511414,False
train,0.05438632890582085,0.0,0.005535903386771679,0.05076590180397034,0.012645059265196323,0.06683701276779175,-0.4198116958141327,0.42509886622428894,False
train,0.05480308458209038,0.0,0.005538075231015682,0.05077911540865898,0.01263755839318037,0.06694677472114563,-0.4199046790599823,0.4252079725265503,False
train,0.05521983653306961,0.0,0.005540240556001663,0.050792355090379715,0.012627730146050453,0.0670592188835144,-0.41999778151512146,0.4253176152706146,False
test,0.05563659220933914,0.0,0.005542414262890816,0.050805576145648956,0.012615397572517395,0.0671745091676712,-0.4200906753540039,0.42542755603790283,False
train,0.056053344160318375,0.0,0.005544594489037991,0.05081882327795029,0.012600415386259556,0.06729277968406677,-0.4201837182044983,0.4255380928516388,False
train,0.05647009611129761,0.0,0.005546785891056061,0.05083213374018669,0.01258261688053608,0.0674142986536026,-0.4202772080898285,0.42564964294433594,False
train,0.05688685178756714,0.0,0.005548988934606314,0.05084548518061638,0.012561855837702751,0.06753917038440704,-0.4203709065914154,0.4257619380950928,False
train,0.05730360373854637,0.0,0.005551190115511417,0.05085890740156174,0.012537979520857334,0.06766760349273682,-0.4204651713371277,0.4258754253387451,False
test,0.0577203594148159,0.0,0.005553402006626129,0.0508723258972168,0.012510867789387703,0.06779957562685013,-0.4205593168735504,0.4259893596172333,False
train,0.058137111365795135,0.0,0.0055556208826601505,0.05088583007454872,0.012480361387133598,0.06793544441461563,-0.4206541180610657,0.4261045753955841,False
train,0.05855386704206467,0.0,0.005557837896049023,0.05089929699897766,0.012446342036128044,0.06807509809732437,-0.4207485020160675,0.42622002959251404,False
train,0.0589706189930439,0.0,0.005560079123824835,0.050912920385599136,0.012408705428242683,0.06821891665458679,-0.42084407806396484,0.4263373911380768,False
train,0.05938737094402313,0.0,0.005562313832342625,0.05092649534344673,0.012367317453026772,0.06836676597595215,-0.42093926668167114,0.426455020904541,False
test,0.059804126620292664,0.0,0.005564557388424873,0.05094009265303612,0.012322076596319675,0.06851884722709656,-0.42103448510169983,0.42657339572906494,False
train,0.060220878571271896,0.0,0.005566812120378017,0.050953738391399384,0.012272905558347702,0.06867527961730957,-0.42113009095191956,0.4266929030418396,False
train,0.06063763424754143,0.0,0.005569080822169781,0.05096748471260071,0.012219708412885666,0.06883622705936432,-0.4212263822555542,0.42681387066841125,False
train,0.06105438619852066,0.0,0.005571348126977682,0.050981197506189346,0.012162403203547001,0.06900158524513245,-0.4213223457336426,0.4269352853298187,False
train,0.06147113814949989,0.0,0.005573621951043606,0.05099502205848694,0.012100926600396633,0.06917163729667664,-0.4214191734790802,0.4270583689212799,False
test,0.061887893825769424,0.0,0.005575904157012701,0.051008787006139755,0.012035227380692959,0.06934616714715958,-0.42151540517807007,0.427181601524353,False
train,0.06230464577674866,0.0,0.005578200798481703,0.05102268606424332,0.011965259909629822,0.06952550262212753,-0.4216126799583435,0.42730674147605896,False
train,0.06272140145301819,0.0,0.005580487661063671,0.05103662237524986,0.011890983209013939,0.06970956921577454,-0.42171022295951843,0.42743295431137085,False
train,0.06313815712928772,0.0,0.005582799669355154,0.05105050280690193,0.011812387965619564,0.06989822536706924,-0.4218071401119232,0.42755937576293945,False
train,0.06355490535497665,0.0,0.005585107021033764,0.05106455087661743,0.01172945462167263,0.07009181380271912,-0.42190542817115784,0.42768803238868713,False
test,0.06397166103124619,0.0,0.005587441846728325,0.051078520715236664,0.011642186902463436,0.0702899917960167,-0.422002911567688,0.4278167188167572,False
train,0.06438841670751572,0.0,0.005589775275439024,0.05109259486198425,0.01155059039592743,0.07049302756786346,-0.4221012592315674,0.42794713377952576,False
train,0.06480516493320465,0.0,0.005592106841504574,0.051106736063957214,0.011454702354967594,0.07070079445838928,-0.4222000539302826,0.42807886004447937,False
train,0.06522192060947418,0.0,0.005594443995505571,0.051120877265930176,0.01135456096380949,0.0709131732583046,-0.422298789024353,0.4282113313674927,False
train,0.06563867628574371,0.0,0.00559679651632905,0.05113505572080612,0.011250199750065804,0.07113020867109299,-0.4223977327346802,0.4283449053764343,False
test,0.06605542451143265,0.0,0.005599160213023424,0.05114923045039177,0.011141697876155376,0.07135172188282013,-0.422496497631073,0.4284791350364685,False
train,0.06647218018770218,0.0,0.005601522047072649,0.051163554191589355,0.011029114946722984,0.07157793641090393,-0.4225965142250061,0.4286154508590698,False
train,0.06688893586397171,0.0,0.005603901110589504,0.05117785558104515,0.010912544094026089,0.07180847227573395,-0.42269617319107056,0.42875227332115173,False
train,0.06730569154024124,0.0,0.005606281571090221,0.051192235201597214,0.010792079381644726,0.07204337418079376,-0.42279645800590515,0.42889055609703064,False
train,0.06772243976593018,0.0,0.005608668085187674,0.05120662972331047,0.0106678307056427,0.07228244841098785,-0.42289677262306213,0.429029643535614,False
test,0.06813919544219971,0.0,0.005611068569123745,0.0512210875749588,0.010539904236793518,0.07252570986747742,-0.42299753427505493,0.42917001247406006,False
train,0.06855595111846924,0.0,0.005613475572317839,0.051235537976026535,0.010408435948193073,0.07277282327413559,-0.4230981171131134,0.42931097745895386,False
train,0.06897269934415817,0.0,0.005615883972495794,0.05125007405877113,0.010273574851453304,0.07302388548851013,-0.423199325799942,0.4294533133506775,False
train,0.0693894550204277,0.0,0.005618317052721977,0.05126461014151573,0.010135449469089508,0.07327859103679657,-0.4233004152774811,0.42959630489349365,False
train,0.06980621069669724,0.0,0.00562073802575469,0.05127927288413048,0.009994229301810265,0.0735369399189949,-0.4234025478363037,0.4297410845756531,False
test,0.07022296637296677,0.0,0.005623175762593746,0.05129390209913254,0.00985006708651781,0.07379856705665588,-0.4235042929649353,0.4298861622810364,False
train,0.0706397145986557,0.0,0.005625623278319836,0.051308613270521164,0.009703153744339943,0.07406346499919891,-0.42360660433769226,0.43003249168395996,False
train,0.07105647027492523,0.0,0.005628079175949097,0.051323357969522476,0.009553649462759495,0.0743313804268837,-0.42370909452438354,0.4301796853542328,False
train,0.07147322595119476,0.0,0.00563054159283638,0.05133817344903946,0.009401742368936539,0.07460220903158188,-0.4238121211528778,0.43032804131507874,False
train,0.0718899741768837,0.0,0.0056330133229494095,0.05135300010442734,0.009247630834579468,0.07487563043832779,-0.4239150881767273,0.4304768741130829,False
test,0.07230672985315323,0.0,0.005635502282530069,0.05136779695749283,0.009091504849493504,0.07515140622854233,-0.42401769757270813,0.4306259751319885,False
train,0.07272348552942276,0.0,0.0056379735469818115,0.05138276517391205,0.008933565579354763,0.07542967796325684,-0.42412176728248596,0.43077710270881653,False
train,0.07314024120569229,0.0,0.00564047833904624,0.05139775574207306,0.008774013258516788,0.0757099986076355,-0.4242258667945862,0.4309287369251251,False
train,0.07355698943138123,0.0,0.005642975214868784,0.051412731409072876,0.008613052777945995,0.07599206268787384,-0.4243297278881073,0.4310806393623352,False
train,0.07397374510765076,0.0,0.005645493045449257,0.05142774432897568,0.00845089741051197,0.0762757807970047,-0.42443376779556274,0.43123313784599304,False
test,0.07439050078392029,0.0,0.005648014135658741,0.05144285783171654,0.008287743665277958,0.0765610784292221,-0.42453858256340027,0.4313868284225464,False
train,0.07480724900960922,0.0,0.005650546867400408,0.0514579676091671,0.008123817853629589,0.07684752345085144,-0.42464330792427063,0.4315408170223236,False
train,0.07522400468587875,0.0,0.0056530786678195,0.05147319659590721,0.007959303446114063,0.07713513821363449,-0.4247489273548126,0.4316960573196411,False
train,0.07564076036214828,0.0,0.005655619315803051,0.05148843675851822,0.007794414181262255,0.0774235874414444,-0.4248545169830322,0.4318515658378601,False
train,0.07605750858783722,0.0,0.005658177193254232,0.05150369182229042,0.007629365660250187,0.07771258801221848,-0.4249601364135742,0.432007372379303,False
test,0.07647426426410675,0.0,0.0056607527658343315,0.05151905491948128,0.0074643478728830814,0.07800215482711792,-0.4250665009021759,0.43216416239738464,False
train,0.07689101994037628,0.0,0.005663318559527397,0.05153435468673706,0.007299552205950022,0.07829182595014572,-0.4251722991466522,0.43232059478759766,False
train,0.07730777561664581,0.0,0.0056658959947526455,0.05154982954263687,0.007135181222110987,0.07858173549175262,-0.42527949810028076,0.4324786067008972,False
train,0.07772452384233475,0.0,0.005668486002832651,0.05156524106860161,0.006971423514187336,0.07887130975723267,-0.4253860414028168,0.4326360523700714,False
train,0.07814127951860428,0.0,0.005671082064509392,0.051580820232629776,0.006808456499129534,0.07916083931922913,-0.42549386620521545,0.4327949583530426,False
test,0.07855803519487381,0.0,0.005673695355653763,0.05159635841846466,0.0066464561969041824,0.07944972813129425,-0.42560121417045593,0.432953417301178,False
train,0.07897478342056274,0.0,0.0056763156317174435,0.05161192640662193,0.006485606078058481,0.07973793148994446,-0.42570871114730835,0.4331120252609253,False
train,0.07939153909683228,0.0,0.00567894522100687,0.051627565175294876,0.006326055619865656,0.08002538979053497,-0.42581674456596375,0.43327122926712036,False
train,0.0798082947731018,0.0,0.005681572947651148,0.05164329335093498,0.006167975720018148,0.08031192421913147,-0.4259253740310669,0.4334309995174408,False
train,0.08022505044937134,0.0,0.0056842234916985035,0.05165901407599449,0.006011507008224726,0.08059725910425186,-0.4260338544845581,0.4335905611515045,False
test,0.08064179867506027,0.0,0.0056868651881814,0.051674798130989075,0.005856795702129602,0.08088135719299316,-0.4261428117752075,0.4337504804134369,False
train,0.0810585543513298,0.0,0.00568952364847064,0.05169067904353142,0.005703972186893225,0.0811641737818718,-0.42625242471694946,0.433910995721817,False
train,0.08147531002759933,0.0,0.005692204926162958,0.051706526428461075,0.005553167313337326,0.08144533634185791,-0.426361620426178,0.4340709149837494,False
train,0.08189205825328827,0.0,0.005694887600839138,0.051722463220357895,0.005404498428106308,0.08172492682933807,-0.4264715015888214,0.43423140048980713,False
train,0.0823088139295578,0.0,0.005697572138160467,0.051738448441028595,0.005258073564618826,0.08200279623270035,-0.4265816807746887,0.43439197540283203,False
test,0.08272556960582733,0.0,0.005700263194739819,0.05175450071692467,0.005113992840051651,0.08227886259555817,-0.42669233679771423,0.4345528185367584,False
train,0.08314231783151627,0.0,0.005702981725335121,0.05177059397101402,0.004972352646291256,0.08255301415920258,-0.4268031418323517,0.4347136318683624,False
train,0.0835590735077858,0.0,0.005705691408365965,0.051786649972200394,0.004833233077079058,0.08282499015331268,-0.4269135892391205,0.4348737597465515,False
train,0.08397582918405533,0.0,0.0057084267027676105,0.05180281028151512,0.004696716088801622,0.0830950140953064,-0.4270247519016266,0.4350343942642212,False
train,0.08439258486032486,0.0,0.005711149889975786,0.0518190898001194,0.004562860820442438,0.08336298167705536,-0.4271368980407715,0.4351957142353058,False
test,0.0848093330860138,0.0,0.005713901482522488,0.051835399121046066,0.004431736655533314,0.08362872898578644,-0.42724907398223877,0.4353567957878113,False
train,0.08522608876228333,0.0,0.005716659594327211,0.05185171589255333,0.004303387366235256,0.08389215171337128,-0.42736124992370605,0.4355175495147705,False
train,0.08564284443855286,0.0,0.005719413515180349,0.05186808109283447,0.004177860449999571,0.08415328711271286,-0.4274737238883972,0.43567827343940735,False
train,0.08605959266424179,0.0,0.005722185596823692,0.051884520798921585,0.004055193159729242,0.08441214263439178,-0.4275866746902466,0.43583914637565613,False
train,0.08647634834051132,0.0,0.0057249669916927814,0.05190097913146019,0.003935408312827349,0.08466857671737671,-0.4276997148990631,0.4359997808933258,False
test,0.08689310401678085,0.0,0.005727768409997225,0.05191754549741745,0.0038185331504791975,0.08492277562618256,-0.42781347036361694,0.4361608028411865,False
train,0.08730985969305038,0.0,0.005730574019253254,0.05193410813808441,0.0037045800127089024,0.08517446368932724,-0.4279271364212036,0.43632134795188904,False
train,0.08772660791873932,0.0,0.005733384285122156,0.05195069685578346,0.003593562636524439,0.08542371541261673,-0.42804089188575745,0.43648162484169006,False
train,0.08814336359500885,0.0,0.005736192688345909,0.05196738615632057,0.0034854747354984283,0.08567069470882416,-0.42815539240837097,0.43664228916168213,False
train,0.08856011927127838,0.0,0.005739043466746807,0.05198410153388977,0.0033803205005824566,0.0859152227640152,-0.4282699227333069,0.4368026554584503,False
test,0.08897686749696732,0.0,0.005741882137954235,0.05200088396668434,0.003278089687228203,0.08615744113922119,-0.4283849596977234,0.43696314096450806,False
train,0.08939362317323685,0.0,0.005744735710322857,0.05201774090528488,0.003178761573508382,0.08639730513095856,-0.4285005033016205,0.43712374567985535,False
train,0.08981037884950638,0.0,0.005747599061578512,0.05203462764620781,0.0030823235865682364,0.08663483709096909,-0.42861613631248474,0.43728411197662354,False
train,0.09022712707519531,0.0,0.00575046893209219,0.05205156281590462,0.002988753141835332,0.08687004446983337,-0.42873209714889526,0.43744441866874695,False
train,0.09064388275146484,0.0,0.005753351841121912,0.05206852778792381,0.0028980134520679712,0.08710293471813202,-0.42884817719459534,0.43760448694229126,False
test,0.09106063842773438,0.0,0.00575624406337738,0.052085619419813156,0.002810083795338869,0.08733373880386353,-0.42896518111228943,0.4377651512622833,False
train,0.0914773941040039,0.0,0.005759148392826319,0.052102699875831604,0.002724922262132168,0.0875622034072876,-0.4290819466114044,0.43792515993118286,False
train,0.09189414232969284,0.0,0.0057620517909526825,0.05211983993649483,0.0026424939278513193,0.08778850734233856,-0.42919912934303284,0.43808528780937195,False
train,0.09231089800596237,0.0,0.0057649812661111355,0.05213706195354462,0.002562754089012742,0.08801275491714478,-0.42931684851646423,0.43824559450149536,False
train,0.0927276536822319,0.0,0.0057679093442857265,0.052154358476400375,0.002485661068931222,0.08823496103286743,-0.429435133934021,0.4384061396121979,False
test,0.09314440190792084,0.0,0.005770860705524683,0.05217161402106285,0.0024111689999699593,0.08845502138137817,-0.4295528531074524,0.43856579065322876,False
train,0.09356115758419037,0.0,0.005773811601102352,0.052188996225595474,0.0023392278235405684,0.0886731892824173,-0.4296715557575226,0.4387260973453522,False
train,0.0939779132604599,0.0,0.005776769015938044,0.052206385880708694,0.002269789343699813,0.08888937532901764,-0.429790198802948,0.43888601660728455,False
train,0.09439466893672943,0.0,0.005779755301773548,0.05222388356924057,0.002202802337706089,0.08910378068685532,-0.4299095869064331,0.43904638290405273,False
train,0.09481141716241837,0.0,0.005782737862318754,0.05224136263132095,0.0021382158156484365,0.08931629359722137,-0.4300287067890167,0.43920621275901794,False
test,0.0952281728386879,0.0,0.005785735324025154,0.05225900933146477,0.002075974131003022,0.0895271971821785,-0.430149108171463,0.43936702609062195,False
train,0.09564492851495743,0.0,0.0057887486182153225,0.052276644855737686,0.0020160202402621508,0.08973631262779236,-0.4302692413330078,0.4395272731781006,False
train,0.09606167674064636,0.0,0.005791765637695789,0.052294328808784485,0.001958307344466448,0.0899437665939331,-0.4303897023200989,0.439687579870224,False
train,0.0964784324169159,0.0,0.005794786848127842,0.052311986684799194,0.001902774441987276,0.09014948457479477,-0.4305097758769989,0.4398472309112549,False
train,0.09689518809318542,0.0,0.005797835066914558,0.052329886704683304,0.0018493679817765951,0.09035401791334152,-0.4306317865848541,0.44000861048698425,False
test,0.09731193631887436,0.0,0.005800876300781965,0.052347708493471146,0.0017980330158025026,0.09055688232183456,-0.4307529926300049,0.44016891717910767,False
train,0.09772869199514389,0.0,0.005803941749036312,0.05236565321683884,0.0017487165750935674,0.09075839817523956,-0.43087509274482727,0.440329909324646,False
train,0.09814544767141342,0.0,0.005807024892419577,0.05238357558846474,0.0017013627802953124,0.09095847606658936,-0.430996835231781,0.4404903054237366,False
train,0.09856220334768295,0.0,0.005810101516544819,0.05240162834525108,0.0016559179639443755,0.09115737676620483,-0.43111956119537354,0.4406515061855316,False
train,0.09897895157337189,0.0,0.005813182331621647,0.05241971090435982,0.0016123282257467508,0.09135496616363525,-0.431242436170578,0.4408126175403595,False
test,0.09939570724964142,0.0,0.0058163003996014595,0.05243786796927452,0.0015705432742834091,0.09155143797397614,-0.4313657879829407,0.44097405672073364,False
train,0.09981246292591095,0.0,0.0058194235898554325,0.0524560920894146,0.0015305097913369536,0.09174679219722748,-0.431489497423172,0.4411356449127197,False
train,0.10022921115159988,0.0,0.005822550971060991,0.05247434228658676,0.001492178300395608,0.0919409990310669,-0.43161332607269287,0.4412972033023834,False
train,0.10064596682786942,0.0,0.005825685802847147,0.05249263718724251,0.001455499674193561,0.09213419258594513,-0.43173742294311523,0.4414588510990143,False
train,0.10106272250413895,0.0,0.005828838795423508,0.05251103267073631,0.001420424086973071,0.09232646971940994,-0.4318621754646301,0.44162100553512573,False
test,0.10147947818040848,0.0,0.005831999238580465,0.052529435604810715,0.0013869063695892692,0.09251776337623596,-0.43198686838150024,0.44178298115730286,False
train,0.10189622640609741,0.0,0.005835166200995445,0.052547961473464966,0.0013548992574214935,0.09270826727151871,-0.4321124851703644,0.44194573163986206,False
train,0.10231298208236694,0.0,0.0058383634313941,0.0525665208697319,0.001324359094724059,0.09289789199829102,-0.4322381913661957,0.4421084523200989,False
train,0.10272973775863647,0.0,0.005841548088937998,0.05258510261774063,0.00129524280782789,0.09308670461177826,-0.43236395716667175,0.4422711133956909,False
train,0.10314648598432541,0.0,0.00584476487711072,0.052603792399168015,0.0012675091857090592,0.09327485412359238,-0.4324904680252075,0.4424344003200531,False
test,0.10356324166059494,0.0,0.0058479891158640385,0.05262250825762749,0.0012411156203597784,0.09346221387386322,-0.43261703848838806,0.4425976574420929,False
train,0.10397999733686447,0.0,0.005851218476891518,0.05264129117131233,0.0012160268379375339,0.0936490148305893,-0.4327440559864044,0.44276130199432373,False
train,0.104396753013134,0.0,0.005854460410773754,0.05266014114022255,0.0011922025587409735,0.09383520483970642,-0.4328714907169342,0.44292524456977844,False
train,0.10481350123882294,0.0,0.0058577232994139194,0.05267905071377754,0.0011696103028953075,0.09402081370353699,-0.43299922347068787,0.44308945536613464,False
train,0.10523025691509247,0.0,0.005860993638634682,0.052698008716106415,0.0011482123518362641,0.094205841422081,-0.4331272542476654,0.4432538151741028,False
test,0.105647012591362,0.0,0.005864271894097328,0.05271703749895096,0.0011279790196567774,0.09439041465520859,-0.43325573205947876,0.44341862201690674,False
train,0.10606376081705093,0.0,0.005867557134479284,0.052736155688762665,0.001108877477236092,0.09457457810640335,-0.43338480591773987,0.44358396530151367,False
train,0.10648051649332047,0.0,0.005870861001312733,0.05275527760386467,0.0010908797848969698,0.09475824236869812,-0.4335137605667114,0.4437491297721863,False
train,0.10689727216959,0.0,0.005874177906662226,0.05277446284890175,0.001073957420885563,0.09494145214557648,-0.43364307284355164,0.44391462206840515,False
train,0.10731402039527893,0.0,0.005877516232430935,0.05279373750090599,0.0010580838425084949,0.09512439370155334,-0.4337729811668396,0.4440806806087494,False
test,0.10773077607154846,0.0,0.0058808536268770695,0.0528130903840065,0.001043233904056251,0.09530699998140335,-0.43390339612960815,0.44424721598625183,False
train,0.108147531747818,0.0,0.005884201265871525,0.052832525223493576,0.0010293852537870407,0.09548934549093246,-0.4340343773365021,0.44441428780555725,False
train,0.10856428742408752,0.0,0.0058875735849142075,0.052851974964141846,0.0010165164712816477,0.09567128121852875,-0.43416526913642883,0.4445812404155731,False
train,0.10898103564977646,0.0,0.005890955682843924,0.05287151411175728,0.0010046078823506832,0.0958530455827713,-0.43429678678512573,0.44474881887435913,False
train,0.10939779132604599,0.0,0.005894337315112352,0.05289106443524361,0.0009936396963894367,0.0960344523191452,-0.43442821502685547,0.4449162781238556,False
test,0.10981454700231552,0.0,0.005897743161767721,0.052910737693309784,0.0009835960809141397,0.09621573984622955,-0.43456053733825684,0.4450846314430237,False
train,0.11023129522800446,0.0,0.005901165306568146,0.05293041467666626,0.0009744628332555294,0.09639670699834824,-0.43469271063804626,0.44525280594825745,False
train,0.11064805090427399,0.0,0.0059046028181910515,0.05295027047395706,0.0009662252850830555,0.09657768905162811,-0.43482622504234314,0.44542238116264343,False
train,0.11106480658054352,0.0,0.005908031482249498,0.0529700368642807,0.0009588723769411445,0.09675824642181396,-0.4349588453769684,0.4455910325050354,False
train,0.11148156225681305,0.0,0.005911498796194792,0.05298998951911926,0.0009523938642814755,0.0969388484954834,-0.43509283661842346,0.4457610547542572,False
test,0.11189831048250198,0.0,0.005914956331253052,0.05300995334982872,0.0009467800846323371,0.09711919724941254,-0.43522679805755615,0.4459310472011566,False
train,0.11231506615877151,0.0,0.005918439012020826,0.053029969334602356,0.0009420241694897413,0.09729942679405212,-0.43536096811294556,0.4461013078689575,False
train,0.11273182183504105,0.0,0.005921931937336922,0.05305008590221405,0.0009381216368637979,0.09747958183288574,-0.43549585342407227,0.44627222418785095,False
train,0.11314857006072998,0.0,0.005925429984927177,0.05307024344801903,0.0009350682958029211,0.09765953570604324,-0.4356309473514557,0.4464433789253235,False
train,0.11356532573699951,0.0,0.0059289634227752686,0.05309050902724266,0.0009328621672466397,0.09783953428268433,-0.43576672673225403,0.4466152787208557,False
test,0.11398208141326904,0.0,0.005932490807026625,0.0531107597053051,0.0009315035422332585,0.09801919758319855,-0.4359022080898285,0.44678688049316406,False
train,0.11439882963895798,0.0,0.005936034489423037,0.05313115566968918,0.0009309931192547083,0.09819892048835754,-0.4360387921333313,0.44695958495140076,False
train,0.11481558531522751,0.0,0.005939600057899952,0.05315154790878296,0.0009313348564319313,0.09837839752435684,-0.4361751079559326,0.44713202118873596,False
train,0.11523234099149704,0.0,0.005943175870925188,0.053172070533037186,0.0009325332357548177,0.09855788201093674,-0.43631237745285034,0.4473054111003876,False
train,0.11564909666776657,0.0,0.005946765653789043,0.05319265276193619,0.0009345960570499301,0.09873723983764648,-0.43644994497299194,0.44747915863990784,False
test,0.1160658448934555,0.0,0.0059503656812012196,0.05321330949664116,0.0009375307126902044,0.09891651570796967,-0.43658798933029175,0.4476533830165863,False
train,0.11648260056972504,0.0,0.0059539759531617165,0.05323399603366852,0.0009413491352461278,0.09909559041261673,-0.43672609329223633,0.44782766699790955,False
train,0.11689935624599457,0.0,0.005957612302154303,0.05325477570295334,0.000946063722949475,0.09927456080913544,-0.43686482310295105,0.44800257682800293,False
train,0.1173161044716835,0.0,0.005961243994534016,0.05327564850449562,0.0009516878635622561,0.09945346415042877,-0.4370041489601135,0.44817811250686646,False
train,0.11773286014795303,0.0,0.0059649040922522545,0.0532965250313282,0.0009582409984432161,0.09963208436965942,-0.4371432662010193,0.4483534097671509,False
test,0.11814961582422256,0.0,0.005968583282083273,0.05331754311919212,0.0009657400660216808,0.09981061518192291,-0.4372834265232086,0.44852977991104126,False
train,0.1185663715004921,0.0,0.005972264334559441,0.053338535130023956,0.0009742074180394411,0.09998883306980133,-0.4374231994152069,0.4487057328224182,False
train,0.11898311972618103,0.0,0.005975954234600067,0.053359657526016235,0.0009836651151999831,0.100166916847229,-0.4375639259815216,0.4488826096057892,False
train,0.11939987540245056,0.0,0.005979668349027634,0.05338089168071747,0.0009941408643499017,0.10034488141536713,-0.4377053380012512,0.44906020164489746,False
train,0.11981663107872009,0.0,0.005983408074826002,0.05340215191245079,0.0010056617902591825,0.10052250325679779,-0.4378468096256256,0.44923779368400574,False
test,0.12023337930440903,0.0,0.005987135693430901,0.053423427045345306,0.0010182601399719715,0.10069975256919861,-0.43798819184303284,0.44941526651382446,False
train,0.12065013498067856,0.0,0.005990888457745314,0.053444817662239075,0.0010319689754396677,0.10087674111127853,-0.4381304085254669,0.44959357380867004,False
train,0.12106689065694809,0.0,0.005994660314172506,0.053466252982616425,0.0010468248510733247,0.10105332732200623,-0.43827277421951294,0.4497719407081604,False
train,0.12148363888263702,0.0,0.005998446140438318,0.053487855941057205,0.0010628658346831799,0.10122974216938019,-0.43841633200645447,0.44995149970054626,False
train,0.12190039455890656,0.0,0.0060022431425750256,0.05350952595472336,0.001080136513337493,0.10140570998191833,-0.4385603368282318,0.4501314163208008,False
test,0.12231715023517609,0.0,0.006006062030792236,0.05353110656142235,0.0010986814741045237,0.10158093273639679,-0.4387032985687256,0.45031020045280457,False
train,0.12273390591144562,0.0,0.006009895354509354,0.05355290323495865,0.0011185500770807266,0.10175593197345734,-0.4388478994369507,0.4504905641078949,False
train,0.12315065413713455,0.0,0.006013736594468355,0.05357474088668823,0.0011397941270843148,0.10193031281232834,-0.4389927089214325,0.4506710469722748,False
train,0.12356740981340408,0.0,0.006017589010298252,0.0535966157913208,0.0011624698527157307,0.10210401564836502,-0.4391375780105591,0.4508514702320099,False
train,0.12398416548967361,0.0,0.006021457724273205,0.05361860617995262,0.0011866375571116805,0.10227711498737335,-0.4392832815647125,0.4510326087474823,False
test,0.12440091371536255,0.0,0.006025344133377075,0.05364071577787399,0.0012123608030378819,0.10244959592819214,-0.43942978978157043,0.45121443271636963,False
train,0.12481766939163208,0.0,0.006029255222529173,0.053662799298763275,0.0012397087411955,0.10262109339237213,-0.43957579135894775,0.45139557123184204,False
train,0.1252344250679016,0.0,0.00603318028151989,0.0536850169301033,0.001268750405870378,0.10279189795255661,-0.4397227466106415,0.4515775442123413,False
train,0.12565118074417114,0.0,0.0060371169820427895,0.05370727553963661,0.0012995650758966804,0.10296165943145752,-0.43986985087394714,0.4517594277858734,False
train,0.12606793642044067,0.0,0.006041055545210838,0.053729571402072906,0.0013322349404916167,0.10313038527965546,-0.44001707434654236,0.45194125175476074,False
test,0.126484677195549,0.0,0.0060450234450399876,0.053752023726701736,0.001366842770949006,0.10329815000295639,-0.4401654005050659,0.4521239697933197,False
train,0.12690143287181854,0.0,0.006048998795449734,0.05377449095249176,0.0014034847263246775,0.10346463322639465,-0.4403136372566223,0.4523063600063324,False
train,0.12731818854808807,0.0,0.006052985787391663,0.0537971593439579,0.001442256849259138,0.10363014042377472,-0.44046342372894287,0.45249003171920776,False
train,0.1277349442243576,0.0,0.006057013291865587,0.053819771856069565,0.0014832621673122048,0.10379397869110107,-0.44061240553855896,0.4526726007461548,False
train,0.12815169990062714,0.0,0.006061045452952385,0.05384247750043869,0.0015266089467331767,0.10395639389753342,-0.4407619833946228,0.4528554677963257,False
test,0.12856845557689667,0.0,0.00606507807970047,0.053865350782871246,0.0015724122058600187,0.10411743819713593,-0.4409128427505493,0.453039288520813,False
train,0.1289852112531662,0.0,0.00606913585215807,0.05388817936182022,0.001620794297195971,0.10427647829055786,-0.4410630762577057,0.45322203636169434,False
train,0.12940195202827454,0.0,0.006073208525776863,0.053911156952381134,0.0016718830447643995,0.10443390905857086,-0.44121432304382324,0.4534054696559906,False
train,0.12981870770454407,0.0,0.006077309604734182,0.05393415689468384,0.0017258144216611981,0.10458923131227493,-0.441365510225296,0.4535883963108063,False
train,0.1302354633808136,0.0,0.006081410683691502,0.05395734682679176,0.0017827320843935013,0.10474270582199097,-0.4415181577205658,0.45377233624458313,False
test,0.13065221905708313,0.0,0.006085546221584082,0.05398049205541611,0.0018427860923111439,0.10489370673894882,-0.44167011976242065,0.4539550542831421,False
train,0.13106897473335266,0.0,0.006089675705879927,0.054003793746232986,0.0019061348866671324,0.1050424724817276,-0.441823273897171,0.45413845777511597,False
train,0.1314857304096222,0.0,0.006093843374401331,0.05402715131640434,0.001972944475710392,0.10518866032361984,-0.4419765770435333,0.45432141423225403,False
train,0.13190248608589172,0.0,0.006098007783293724,0.05405057594180107,0.00204339437186718,0.10533203184604645,-0.44213026762008667,0.454504132270813,False
train,0.13231922686100006,0.0,0.006102206651121378,0.05407411977648735,0.0021176631562411785,0.10547266900539398,-0.4422847032546997,0.4546869695186615,False
test,0.1327359825372696,0.0,0.006106414366513491,0.05409771949052811,0.0021959489677101374,0.10561010241508484,-0.44243940711021423,0.4548693597316742,False
train,0.13315273821353912,0.0,0.006110628135502338,0.05412137135863304,0.002278456697240472,0.10574422031641006,-0.4425943195819855,0.4550511837005615,False
train,0.13356949388980865,0.0,0.006114867515861988,0.054145123809576035,0.0023653965909034014,0.10587484389543533,-0.44274985790252686,0.4552328288555145,False
train,0.13398624956607819,0.0,0.006119127850979567,0.0541689395904541,0.0024569937959313393,0.10600178688764572,-0.4429056644439697,0.4554138779640198,False
train,0.13440300524234772,0.0,0.0061234054155647755,0.054192814975976944,0.0025534832384437323,0.1061246395111084,-0.4430617392063141,0.4555942714214325,False
test,0.13481976091861725,0.0,0.006127694621682167,0.054216865450143814,0.002655107993632555,0.10624353587627411,-0.4432190954685211,0.45577502250671387,False
train,0.13523650169372559,0.0,0.0061320043168962,0.05424094572663307,0.002762123243883252,0.1063578799366951,-0.44337642192840576,0.4559546411037445,False
train,0.13565325736999512,0.0,0.006136328913271427,0.05426511913537979,0.0028748034965246916,0.1064675822854042,-0.44353434443473816,0.45613381266593933,False
train,0.13607001304626465,0.0,0.0061406828463077545,0.054289400577545166,0.002993424190208316,0.10657233744859695,-0.4436928629875183,0.4563124179840088,False
train,0.13648676872253418,0.0,0.006145040038973093,0.05431368201971054,0.003118279855698347,0.10667164623737335,-0.44385117292404175,0.45648953318595886,False
test,0.1369035243988037,0.0,0.006149417255073786,0.05433814972639084,0.0032496678177267313,0.10676558315753937,-0.444010853767395,0.4566667675971985,False
train,0.13732028007507324,0.0,0.00615380983799696,0.05436262488365173,0.0033879077527672052,0.10685355216264725,-0.4441702961921692,0.4568423628807068,False
train,0.13773703575134277,0.0,0.006158222444355488,0.05438721179962158,0.00353332981467247,0.10693532228469849,-0.44433045387268066,0.457017183303833,False
train,0.1381537765264511,0.0,0.006162650417536497,0.054411839693784714,0.0036862667184323072,0.10701048374176025,-0.4444907009601593,0.4571905732154846,False
train,0.13857053220272064,0.0,0.006167110521346331,0.05443662405014038,0.0038470844738185406,0.10707894712686539,-0.4446519613265991,0.45736339688301086,False
test,0.13898728787899017,0.0,0.006171577610075474,0.05446149408817291,0.004016144201159477,0.10714011639356613,-0.4448137879371643,0.4575350284576416,False
train,0.1394040435552597,0.0,0.006176058668643236,0.054486408829689026,0.004193820524960756,0.10719364881515503,-0.44497567415237427,0.45770496129989624,False
train,0.13982079923152924,0.0,0.006180584896355867,0.0545114129781723,0.004380512051284313,0.10723911970853806,-0.44513800740242004,0.4578734338283539,False
train,0.14023755490779877,0.0,0.006185093428939581,0.05453653261065483,0.0045766159892082214,0.10727625340223312,-0.4453011453151703,0.458040714263916,False
train,0.1406542956829071,0.0,0.006189634557813406,0.05456170439720154,0.004782547242939472,0.10730457305908203,-0.44546443223953247,0.45820608735084534,False
test,0.14107105135917664,0.0,0.006194199435412884,0.054586995393037796,0.004998743999749422,0.10732365399599075,-0.44562846422195435,0.45837002992630005,False
train,0.14148780703544617,0.0,0.006198774091899395,0.05461234971880913,0.005225640255957842,0.10733303427696228,-0.4457927942276001,0.4585320055484772,False
train,0.1419045627117157,0.0,0.00620337575674057,0.054637812077999115,0.005463679786771536,0.10733236372470856,-0.4459577202796936,0.45869219303131104,False
train,0.14232131838798523,0.0,0.006208007223904133,0.05466332286596298,0.005713331047445536,0.10732102394104004,-0.44612276554107666,0.45885002613067627,False
train,0.14273807406425476,0.0,0.006212630309164524,0.0546889528632164,0.005975064821541309,0.10729873180389404,-0.4462886154651642,0.45900604128837585,False
test,0.1431548297405243,0.0,0.006217283196747303,0.05471466854214668,0.00624935794621706,0.10726490616798401,-0.4464549124240875,0.45915982127189636,False
train,0.14357157051563263,0.0,0.006221963558346033,0.05474049597978592,0.006536680273711681,0.1072191596031189,-0.4466218650341034,0.45931148529052734,False
train,0.14398832619190216,0.0,0.006226658821105957,0.05476638302206993,0.006837560795247555,0.10716085880994797,-0.44678905606269836,0.45946043729782104,False
train,0.1444050818681717,0.0,0.006231363862752914,0.05479244142770767,0.007152481470257044,0.10708976536989212,-0.44695740938186646,0.4596076011657715,False
train,0.14482183754444122,0.0,0.006236105225980282,0.05481845885515213,0.007481956388801336,0.10700488090515137,-0.44712507724761963,0.4597508907318115,False
test,0.14523859322071075,0.0,0.006240858696401119,0.054844699800014496,0.007826479151844978,0.10690632462501526,-0.4472943842411041,0.4598926305770874,False
train,0.14565534889698029,0.0,0.006245630793273449,0.05487091839313507,0.008186575025320053,0.10679306089878082,-0.4474632441997528,0.46003055572509766,False
train,0.14607210457324982,0.0,0.006250412669032812,0.054897308349609375,0.008562744595110416,0.10666495561599731,-0.447633296251297,0.46016624569892883,False
train,0.14648884534835815,0.0,0.00625523691996932,0.05492376163601875,0.008955505676567554,0.10652127861976624,-0.4478035569190979,0.4602985978126526,False
train,0.14690560102462769,0.0,0.006260070484131575,0.0549502857029438,0.009365363046526909,0.10636163502931595,-0.4479740858078003,0.4604276120662689,False
test,0.14732235670089722,0.0,0.006264922674745321,0.05497695505619049,0.009792820550501347,0.10618557780981064,-0.4481455981731415,0.4605538547039032,False
train,0.14773911237716675,0.0,0.006269802339375019,0.055003728717565536,0.010238368064165115,0.10599254071712494,-0.4483177065849304,0.4606768786907196,False
train,0.14815586805343628,0.0,0.00627469178289175,0.05503052845597267,0.010702485218644142,0.1057819202542305,-0.4484897255897522,0.46079590916633606,False
train,0.1485726237297058,0.0,0.006279600318521261,0.05505744740366936,0.01118565071374178,0.10555346310138702,-0.44866248965263367,0.46091166138648987,False
train,0.14898937940597534,0.0,0.006284530274569988,0.0550844706594944,0.01168831903487444,0.10530665516853333,-0.4488358199596405,0.4610239565372467,False
test,0.14940612018108368,0.0,0.006289488635957241,0.0551116056740284,0.01221091952174902,0.10504104197025299,-0.4490097463130951,0.4611327052116394,False
train,0.1498228758573532,0.0,0.00629446841776371,0.05513884127140045,0.012753886170685291,0.10475622862577438,-0.44918426871299744,0.4612378776073456,False
train,0.15023963153362274,0.0,0.0062994579784572124,0.055166058242321014,0.013317618519067764,0.10445157438516617,-0.4493583142757416,0.4613382816314697,False
train,0.15065638720989227,0.0,0.006304469425231218,0.05519350245594978,0.013902480714023113,0.10412721335887909,-0.44953399896621704,0.46143612265586853,False
train,0.1510731428861618,0.0,0.0063095297664403915,0.0552210658788681,0.014508808963000774,0.10378262400627136,-0.44971027970314026,0.46153023838996887,False
test,0.15148989856243134,0.0,0.006314585451036692,0.055248670279979706,0.015136918053030968,0.10341726988554001,-0.44988664984703064,0.46162012219429016,False
train,0.15190665423870087,0.0,0.00631966907531023,0.055276378989219666,0.015787098556756973,0.10303106904029846,-0.4500636160373688,0.4617062509059906,False
train,0.1523233950138092,0.0,0.006324781104922295,0.05530419945716858,0.016459517180919647,0.1026238426566124,-0.4502411484718323,0.4617886245250702,False
train,0.15274015069007874,0.0,0.006329894065856934,0.05533209815621376,0.01715446636080742,0.10219518840312958,-0.450419157743454,0.46186715364456177,False
train,0.15315690636634827,0.0,0.006335050333291292,0.05536005273461342,0.017872042953968048,0.10174502432346344,-0.4505971670150757,0.4619413912296295,False
test,0.1535736620426178,0.0,0.006340231746435165,0.05538816750049591,0.018612375482916832,0.10127346962690353,-0.45077624917030334,0.46201249957084656,False
train,0.15399041771888733,0.0,0.006345408037304878,0.05541641637682915,0.019375501200556755,0.10078033804893494,-0.45095622539520264,0.4620802700519562,False
train,0.15440717339515686,0.0,0.006350625306367874,0.055444713681936264,0.020161425694823265,0.10026556253433228,-0.45113620162010193,0.46214398741722107,False
train,0.1548239290714264,0.0,0.0063558644615113735,0.05547311529517174,0.020970085635781288,0.09972928464412689,-0.4513167440891266,0.4622042179107666,False
train,0.15524066984653473,0.0,0.006361114326864481,0.05550161376595497,0.02180136926472187,0.09917159378528595,-0.4514978229999542,0.46226105093955994,False
test,0.15565742552280426,0.0,0.0063663991168141365,0.055530205368995667,0.022655107080936432,0.09859265387058258,-0.4516792893409729,0.4623144865036011,False
train,0.1560741811990738,0.0,0.006371702998876572,0.0555589459836483,0.02353108860552311,0.09799278527498245,-0.451861709356308,0.46236521005630493,False
train,0.15649093687534332,0.0,0.006377035286277533,0.0555877760052681,0.02442897856235504,0.09737224131822586,-0.4520445168018341,0.4624128043651581,False
train,0.15690769255161285,0.0,0.006382378283888102,0.055616721510887146,0.025348398834466934,0.09673146903514862,-0.45222800970077515,0.46245771646499634,False
train,0.15732444822788239,0.0,0.00638775946572423,0.05564570426940918,0.026288941502571106,0.09607069939374924,-0.45241138339042664,0.46249935030937195,False
test,0.15774118900299072,0.0,0.006393156945705414,0.05567493289709091,0.027250045910477638,0.09539090096950531,-0.4525965750217438,0.46253982186317444,False
train,0.15815794467926025,0.0,0.006398586556315422,0.05570409446954727,0.028231250122189522,0.0946919322013855,-0.4527807831764221,0.4625764787197113,False
train,0.15857470035552979,0.0,0.006404014304280281,0.05573342368006706,0.029231786727905273,0.09397503733634949,-0.4529661536216736,0.46261176466941833,False
train,0.15899145603179932,0.0,0.006409496068954468,0.05576292797923088,0.03025100566446781,0.09324096143245697,-0.45315253734588623,0.4626457691192627,False
train,0.15940821170806885,0.0,0.006414985284209251,0.05579250305891037,0.03128804638981819,0.09249021857976913,-0.45333924889564514,0.4626779854297638,False
test,0.15982496738433838,0.0,0.006420485209673643,0.055822163820266724,0.032342128455638885,0.09172368049621582,-0.4535263776779175,0.46270880103111267,False
train,0.1602417230606079,0.0,0.006426035426557064,0.055851973593235016,0.03341229632496834,0.09094250202178955,-0.4537142813205719,0.4627387821674347,False
train,0.16065846383571625,0.0,0.006431590765714645,0.05588188022375107,0.03449752926826477,0.09014751762151718,-0.4539027214050293,0.4627680480480194,False
train,0.16107521951198578,0.0,0.006437177769839764,0.05591186136007309,0.03559677302837372,0.08933978527784348,-0.4540913999080658,0.46279650926589966,False
train,0.1614919751882553,0.0,0.006442807149142027,0.055941950529813766,0.03670891746878624,0.08852052688598633,-0.4542805254459381,0.46282467246055603,False
test,0.16190873086452484,0.0,0.006448435131460428,0.05597218498587608,0.03783273696899414,0.08769094944000244,-0.4544706642627716,0.46285340189933777,False
train,0.16232548654079437,0.0,0.006454098504036665,0.056002505123615265,0.038967035710811615,0.08685218542814255,-0.4546610713005066,0.46288225054740906,False
train,0.1627422422170639,0.0,0.006459775846451521,0.056032951921224594,0.040110405534505844,0.08600576221942902,-0.45485222339630127,0.46291202306747437,False
train,0.16315899789333344,0.0,0.006465486250817776,0.05606350302696228,0.04126163572072983,0.08515287935733795,-0.4550437927246094,0.46294260025024414,False
train,0.16357573866844177,0.0,0.006471241824328899,0.05609418451786041,0.04241914302110672,0.08429507911205292,-0.4552361071109772,0.4629746973514557,False
test,0.1639924943447113,0.0,0.006476993206888437,0.05612492933869362,0.043581657111644745,0.08343350142240524,-0.4554286301136017,0.46300798654556274,False
train,0.16440925002098083,0.0,0.0064827799797058105,0.05615582317113876,0.04474760219454765,0.08257001638412476,-0.45562195777893066,0.4630433917045593,False
train,0.16482600569725037,0.0,0.0064886026084423065,0.05618680268526077,0.045915503054857254,0.08170586824417114,-0.4558156728744507,0.4630807638168335,False
train,0.1652427613735199,0.0,0.006494434550404549,0.05621795356273651,0.04708373546600342,0.08084295690059662,-0.4560104310512543,0.46312105655670166,False
train,0.16565951704978943,0.0,0.006500295829027891,0.0562492311000824,0.04825083911418915,0.07998260110616684,-0.4562058746814728,0.46316415071487427,False
test,0.16607627272605896,0.0,0.006506192963570356,0.056280482560396194,0.049415115267038345,0.07912614941596985,-0.45640066266059875,0.4632089138031006,False
train,0.1664930135011673,0.0,0.006512108258903027,0.05631198361515999,0.050574954599142075,0.0782759040594101,-0.4565971791744232,0.46325814723968506,False
train,0.16690976917743683,0.0,0.006518066395074129,0.05634359270334244,0.05172888934612274,0.07743294537067413,-0.45679420232772827,0.46331068873405457,False
train,0.16732652485370636,0.0,0.006524029187858105,0.05637526512145996,0.052875205874443054,0.07659890502691269,-0.4569913446903229,0.46336644887924194,False
train,0.1677432805299759,0.0,0.0065300134010612965,0.05640710890293121,0.05401238799095154,0.0757756233215332,-0.4571895897388458,0.4634266495704651,False
test,0.16816003620624542,0.0,0.0065360465086996555,0.056439049541950226,0.0551387295126915,0.07496456801891327,-0.45738816261291504,0.46349069476127625,False
train,0.16857679188251495,0.0,0.0065421005710959435,0.05647110193967819,0.056252770125865936,0.07416728138923645,-0.45758727192878723,0.46355894207954407,False
train,0.16899354755878448,0.0,0.0065481821075081825,0.0565033033490181,0.05735291168093681,0.07338538765907288,-0.45778724551200867,0.46363192796707153,False
train,0.16941028833389282,0.0,0.006554288323968649,0.05653555318713188,0.05843770131468773,0.0726201981306076,-0.4579872190952301,0.46370893716812134,False
train,0.16982704401016235,0.0,0.006560430862009525,0.05656801909208298,0.05950560048222542,0.07187362015247345,-0.458188533782959,0.46379148960113525,False
test,0.17024379968643188,0.0,0.006566579453647137,0.05660053715109825,0.06055523827672005,0.07114660739898682,-0.45838993787765503,0.4638783931732178,False
train,0.17066055536270142,0.0,0.00657277088612318,0.056633204221725464,0.06158512085676193,0.07044093310832977,-0.45859211683273315,0.4639705419540405,False
train,0.17107731103897095,0.0,0.0065789902582764626,0.056666050106287,0.06259406358003616,0.0697578564286232,-0.4587953984737396,0.46406829357147217,False
train,0.17149406671524048,0.0,0.006585231516510248,0.05669892579317093,0.06358066201210022,0.06909842789173126,-0.45899850130081177,0.4641704559326172,False
train,0.17191080749034882,0.0,0.006591515615582466,0.056731920689344406,0.06454377621412277,0.06846404075622559,-0.4592021107673645,0.46427783370018005,False
test,0.17232756316661835,0.0,0.0065978155471384525,0.05676509067416191,0.06548220664262772,0.06785590946674347,-0.4594068229198456,0.4643910527229309,False
train,0.17274431884288788,0.0,0.006604137364774942,0.05679834261536598,0.0663948580622673,0.0672750324010849,-0.45961180329322815,0.46450933814048767,False
train,0.1731610745191574,0.0,0.006610505282878876,0.05683175474405289,0.0672808289527893,0.06672252714633942,-0.45981764793395996,0.46463337540626526,False
train,0.17357783019542694,0.0,0.0066168955527246,0.05686526745557785,0.06813912838697433,0.06619918346405029,-0.4600238502025604,0.4647625982761383,False
train,0.17399458587169647,0.0,0.0066233049146831036,0.056898947805166245,0.06896885484457016,0.06570611149072647,-0.46023112535476685,0.4648978114128113,False
test,0.174411341547966,0.0,0.006629758048802614,0.05693268030881882,0.06976933032274246,0.0652436763048172,-0.46043822169303894,0.4650377333164215,False
train,0.17482808232307434,0.0,0.0066362423822283745,0.0569666251540184,0.07053976505994797,0.0648130401968956,-0.46064674854278564,0.4651840031147003,False
train,0.17524483799934387,0.0,0.006642739288508892,0.057000719010829926,0.0712796226143837,0.06441463530063629,-0.4608560800552368,0.4653359651565552,False
train,0.1756615936756134,0.0,0.006649277172982693,0.05703485384583473,0.0719883069396019,0.06404886394739151,-0.46106526255607605,0.4654926657676697,False
train,0.17607834935188293,0.0,0.0066558439284563065,0.057069163769483566,0.07266545295715332,0.06371632218360901,-0.46127545833587646,0.46565526723861694,False
test,0.17649510502815247,0.0,0.006662446074187756,0.057103585451841354,0.0733107477426529,0.06341724097728729,-0.4614860713481903,0.46582308411598206,False
train,0.176911860704422,0.0,0.006669066846370697,0.05713817849755287,0.07392378151416779,0.06315213441848755,-0.4616977274417877,0.46599677205085754,False
train,0.17732861638069153,0.0,0.006675726268440485,0.057172805070877075,0.07450453191995621,0.06292076408863068,-0.46190914511680603,0.4661749303340912,False
train,0.17774535715579987,0.0,0.006682423409074545,0.05720765143632889,0.07505284249782562,0.06272363662719727,-0.4621219038963318,0.4663591980934143,False
train,0.1781621128320694,0.0,0.006689141038805246,0.057242631912231445,0.07556868344545364,0.06256072223186493,-0.46233534812927246,0.4665488302707672,False
test,0.17857886850833893,0.0,0.00669589638710022,0.05727773904800415,0.07605205476284027,0.06243189424276352,-0.4625493288040161,0.4667436480522156,False
train,0.17899562418460846,0.0,0.006702684331685305,0.057312946766614914,0.07650310546159744,0.062337011098861694,-0.4627636671066284,0.4669433832168579,False
train,0.179412379860878,0.0,0.0067094918340444565,0.057348303496837616,0.07692219316959381,0.06227581948041916,-0.4629788100719452,0.46714842319488525,False
train,0.17982913553714752,0.0,0.006716334726661444,0.05738381668925285,0.07730952650308609,0.06224816292524338,-0.46319475769996643,0.4673587679862976,False
train,0.18024589121341705,0.0,0.006723216734826565,0.057419437915086746,0.07766547799110413,0.06225355342030525,-0.4634110927581787,0.4675739109516144,False
test,0.1806626319885254,0.0,0.006730131339281797,0.057455167174339294,0.07799053937196732,0.06229139491915703,-0.46362781524658203,0.467793732881546,False
train,0.18107938766479492,0.0,0.006737068761140108,0.05749103054404259,0.07828515022993088,0.062361545860767365,-0.4638451039791107,0.46801841259002686,False
train,0.18149614334106445,0.0,0.006744055543094873,0.057527173310518265,0.0785498395562172,0.06246358901262283,-0.4640643000602722,0.46824926137924194,False
train,0.18191289901733398,0.0,0.006751055363565683,0.05756331607699394,0.0787852481007576,0.06259642541408539,-0.4642829895019531,0.46848371624946594,False
train,0.18232965469360352,0.0,0.006758107803761959,0.05759964883327484,0.07899218052625656,0.06275954842567444,-0.4645026922225952,0.46872326731681824,False
test,0.18274641036987305,0.0,0.006765177007764578,0.057636138051748276,0.07917121797800064,0.06295240670442581,-0.46472325921058655,0.4689677357673645,False
train,0.18316316604614258,0.0,0.006772279739379883,0.05767274647951126,0.07932329922914505,0.06317397952079773,-0.4649442434310913,0.4692164659500122,False
train,0.18357990682125092,0.0,0.006779424846172333,0.05770943686366081,0.07944904267787933,0.06342355906963348,-0.4651653468608856,0.46946921944618225,False
train,0.18399666249752045,0.0,0.00678660674020648,0.05774632468819618,0.07954946905374527,0.0637003555893898,-0.46538761258125305,0.46972692012786865,False
train,0.18441341817378998,0.0,0.006793825421482325,0.0577833466231823,0.07962534576654434,0.06400354206562042,-0.4656103849411011,0.46998879313468933,False
test,0.1848301738500595,0.0,0.006801064591854811,0.05782057344913483,0.07967770844697952,0.06433212757110596,-0.46583446860313416,0.47025564312934875,False
train,0.18524692952632904,0.0,0.006808340083807707,0.05785789713263512,0.07970739901065826,0.06468524038791656,-0.46605873107910156,0.47052621841430664,False
train,0.18566368520259857,0.0,0.006815646775066853,0.05789535492658615,0.07971557974815369,0.06506159901618958,-0.4662836492061615,0.47080087661743164,False
train,0.1860804259777069,0.0,0.006823002826422453,0.05793296918272972,0.07970324903726578,0.06546039879322052,-0.4665091931819916,0.4710794985294342,False
train,0.18649718165397644,0.0,0.006830389611423016,0.05797070637345314,0.07967120409011841,0.065880686044693,-0.46673527359962463,0.4713619351387024,False
test,0.18691393733024597,0.0,0.006837817374616861,0.05800861865282059,0.07962068170309067,0.06632143259048462,-0.46696221828460693,0.4716484546661377,False
train,0.1873306930065155,0.0,0.006845272146165371,0.05804668739438057,0.07955265045166016,0.06678162515163422,-0.4671899080276489,0.47193875908851624,False
train,0.18774744868278503,0.0,0.006852754391729832,0.058084867894649506,0.07946816086769104,0.06726004183292389,-0.4674180746078491,0.47223255038261414,False
train,0.18816420435905457,0.0,0.006860287394374609,0.05812322720885277,0.07936830818653107,0.06775586307048798,-0.4676470160484314,0.47252997756004333,False
train,0.1885809600353241,0.0,0.006867851596325636,0.05816173180937767,0.0792541578412056,0.0682678297162056,-0.467876672744751,0.4728309214115143,False
test,0.18899770081043243,0.0,0.0068754474632442,0.05820038542151451,0.07912680506706238,0.06879496574401855,-0.4681069850921631,0.47313517332077026,False
train,0.18941445648670197,0.0,0.006883077323436737,0.05823913961648941,0.07898729294538498,0.06933610886335373,-0.4683375358581543,0.4734422266483307,False
train,0.1898312121629715,0.0,0.006890751421451569,0.058278102427721024,0.07883665710687637,0.06989041715860367,-0.46856921911239624,0.47375285625457764,False
train,0.19024796783924103,0.0,0.006898457184433937,0.05831719934940338,0.07867589592933655,0.0704568475484848,-0.46880146861076355,0.47406643629074097,False
train,0.19066472351551056,0.0,0.0069062113761901855,0.05835646390914917,0.07850614190101624,0.0710342600941658,-0.46903446316719055,0.4743829369544983,False
test,0.1910814791917801,0.0,0.006913990247994661,0.05839584395289421,0.07832839339971542,0.07162154465913773,-0.4692678451538086,0.47470197081565857,False
train,0.19149823486804962,0.0,0.006921823602169752,0.058435410261154175,0.07814355194568634,0.07221803069114685,-0.46950212121009827,0.47502389550209045,False
train,0.19191497564315796,0.0,0.006929679308086634,0.05847518518567085,0.07795283943414688,0.07282251864671707,-0.46973758935928345,0.4753488302230835,False
train,0.1923317313194275,0.0,0.006937590427696705,0.05851507559418678,0.0777570828795433,0.07343398779630661,-0.4699733257293701,0.4756757915019989,False
train,0.19274848699569702,0.0,0.00694551644846797,0.058555059134960175,0.07755724340677261,0.07405146956443787,-0.47020936012268066,0.4760046899318695,False
test,0.19316524267196655,0.0,0.006953495088964701,0.05859529972076416,0.07735424488782883,0.07467436790466309,-0.47044679522514343,0.4763364791870117,False
train,0.19358199834823608,0.0,0.006961522623896599,0.05863572657108307,0.07714909315109253,0.07530155032873154,-0.47068512439727783,0.4766705632209778,False
train,0.19399875402450562,0.0,0.0069695753045380116,0.058676183223724365,0.07694263011217117,0.07593175768852234,-0.4709230959415436,0.4770054519176483,False
train,0.19441550970077515,0.0,0.006977670360356569,0.05871685966849327,0.07673566788434982,0.07656483352184296,-0.47116225957870483,0.4773426949977875,False
train,0.19483225047588348,0.0,0.006985802203416824,0.05875773727893829,0.07652924209833145,0.07719944417476654,-0.47140249609947205,0.477681964635849,False
test,0.19524900615215302,0.0,0.006993979215621948,0.058798693120479584,0.07632403820753098,0.07783475518226624,-0.47164270281791687,0.4780220687389374,False
train,0.19566576182842255,0.0,0.007002196274697781,0.05883990228176117,0.07612088322639465,0.07847040891647339,-0.4718843400478363,0.47836434841156006,False
train,0.19608251750469208,0.0,0.007010449189692736,0.058881163597106934,0.07592053711414337,0.07910510897636414,-0.47212570905685425,0.4787069261074066,False
train,0.1964992731809616,0.0,0.007018761709332466,0.05892270803451538,0.0757238119840622,0.07973866909742355,-0.4723688066005707,0.47905170917510986,False
train,0.19691602885723114,0.0,0.00702709099277854,0.058964382857084274,0.07553138583898544,0.0803699865937233,-0.4726123809814453,0.47939732670783997,False
test,0.19733278453350067,0.0,0.007035473827272654,0.05900616943836212,0.075344018638134,0.08099827170372009,-0.4728560745716095,0.47974324226379395,False
train,0.197749525308609,0.0,0.0070438929833471775,0.05904821678996086,0.0751623585820198,0.08162328600883484,-0.473101407289505,0.4800909161567688,False
train,0.19816628098487854,0.0,0.007052373141050339,0.05909035727381706,0.074987031519413,0.08224399387836456,-0.47334668040275574,0.4804385006427765,False
train,0.19858303666114807,0.0,0.00706087239086628,0.05913275107741356,0.07481874525547028,0.0828600823879242,-0.47359347343444824,0.480787456035614,False
train,0.1989997923374176,0.0,0.007069429848343134,0.05917521193623543,0.0746581107378006,0.08347047865390778,-0.47383999824523926,0.4811358153820038,False
test,0.19941654801368713,0.0,0.007078013848513365,0.05921792984008789,0.07450566440820694,0.08407515287399292,-0.4740881323814392,0.48148539662361145,False
train,0.19983330368995667,0.0,0.007086662575602531,0.059260766953229904,0.07436198741197586,0.08467322587966919,-0.4743363559246063,0.4818345606327057,False
train,0.2002500593662262,0.004761904943734407,0.007095335517078638,0.059303753077983856,0.07422762364149094,0.085264191031456,-0.4745852053165436,0.48218366503715515,False
train,0.20066680014133453,0.0,0.007104058749973774,0.05934695899486542,0.07410310208797455,0.08584769070148468,-0.47483521699905396,0.48253321647644043,False
train,0.20108355581760406,0.0,0.007112827152013779,0.05939033254981041,0.07398894429206848,0.0864231139421463,-0.4750857651233673,0.48288244009017944,False
test,0.2015003114938736,0.0031746032182127237,0.007121643517166376,0.05943389981985092,0.07388558238744736,0.0869901180267334,-0.4753372371196747,0.4832316040992737,False
train,0.20191706717014313,0.0,0.007130504120141268,0.05947759002447128,0.07379351556301117,0.08754796534776688,-0.47558897733688354,0.4835799038410187,False
train,0.20233382284641266,0.0007936508045531809,0.007139393128454685,0.05952148884534836,0.07371313124895096,0.08809667825698853,-0.47584179043769836,0.4839281439781189,False
train,0.2027505785226822,0.0,0.007148350588977337,0.05956559255719185,0.07364489138126373,0.08863554894924164,-0.4760954678058624,0.4842759072780609,False
train,0.20316731929779053,0.0,0.0071573262102901936,0.05960985645651817,0.07358916848897934,0.08916424214839935,-0.476349800825119,0.48462292551994324,False
test,0.20358407497406006,0.0,0.00716637447476387,0.059654269367456436,0.07354637235403061,0.08968234062194824,-0.47660455107688904,0.4849688708782196,False
train,0.2040008306503296,0.0,0.007175454404205084,0.05969890207052231,0.07351688295602798,0.09018967300653458,-0.476860374212265,0.4853143095970154,False
train,0.20441758632659912,0.0,0.007184583228081465,0.059743672609329224,0.07350098341703415,0.09068566560745239,-0.47711655497550964,0.4856584072113037,False
train,0.20483434200286865,0.0,0.007193771656602621,0.05978867784142494,0.07349902391433716,0.0911702960729599,-0.4773738384246826,0.4860018491744995,False
train,0.20525109767913818,0.0,0.007202985696494579,0.059833820909261703,0.07351134717464447,0.09164293110370636,-0.4776315689086914,0.4863438606262207,False
test,0.20566785335540771,0.0,0.007212272845208645,0.05987922474741936,0.07353825122117996,0.09210371226072311,-0.47789064049720764,0.48668527603149414,False
train,0.20608459413051605,0.0,0.007221575360745192,0.059924766421318054,0.07357994467020035,0.09255202114582062,-0.4781500995159149,0.48702505230903625,False
train,0.20650134980678558,0.0,0.007230948191136122,0.059970416128635406,0.07363677769899368,0.09298747777938843,-0.4784095585346222,0.48736268281936646,False
train,0.20691810548305511,0.0007936508045531809,0.007240371312946081,0.060016363859176636,0.07370900362730026,0.09341032058000565,-0.47867074608802795,0.48769986629486084,False
train,0.20733486115932465,0.0,0.007249837275594473,0.060062434524297714,0.0737968385219574,0.09381993114948273,-0.4789320230484009,0.4880349040031433,False
test,0.20775161683559418,0.0,0.00725935073569417,0.06010877713561058,0.0739004909992218,0.09421642869710922,-0.47919484972953796,0.4883691668510437,False
train,0.2081683725118637,0.0,0.0072689177468419075,0.060155220329761505,0.07402022182941437,0.09459920227527618,-0.47945764660835266,0.4887009859085083,False
train,0.20858512818813324,0.0,0.007278510369360447,0.06020190939307213,0.07415617257356644,0.09496848285198212,-0.47972166538238525,0.489031583070755,False
train,0.20900186896324158,0.0,0.007288182619959116,0.06024879962205887,0.07430858165025711,0.0953238308429718,-0.47998642921447754,0.48936042189598083,False
train,0.2094186246395111,0.0007936508045531809,0.007297891192138195,0.06029586121439934,0.07447759062051773,0.09566514939069748,-0.4802517890930176,0.4896872341632843,False
test,0.20983538031578064,0.003968254197388887,0.007307654246687889,0.06034308671951294,0.07466339319944382,0.09599234163761139,-0.4805176854133606,0.4900120198726654,False
train,0.21025213599205017,0.0063492064364254475,0.007317469455301762,0.06039053201675415,0.07486613094806671,0.09630510956048965,-0.48078447580337524,0.49033498764038086,False
train,0.2106688916683197,0.0023809524718672037,0.007327341940253973,0.06043816730380058,0.07508593052625656,0.09660353511571884,-0.4810519814491272,0.49065592885017395,False
train,0.21108564734458923,0.0015873016091063619,0.007337270304560661,0.060486048460006714,0.07532291859388351,0.0968874990940094,-0.4813206195831299,0.4909752905368805,False
train,0.21150240302085876,0.0031746032182127237,0.007347242906689644,0.06053405627608299,0.07557722181081772,0.09715671837329865,-0.4815894365310669,0.49129197001457214,False
test,0.2119191437959671,0.0023809524718672037,0.007357256952673197,0.06058229133486748,0.07584892958402634,0.09741120040416718,-0.4818592667579651,0.49160686135292053,False
train,0.21233589947223663,0.0023809524718672037,0.007367327343672514,0.06063074618577957,0.07613814622163773,0.09765102714300156,-0.4821300208568573,0.49191978573799133,False
train,0.21275265514850616,0.0015873016091063619,0.007377466652542353,0.06067937612533569,0.07644493132829666,0.09787587821483612,-0.48240119218826294,0.49223023653030396,False
train,0.2131694108247757,0.0031746032182127237,0.0073876348324120045,0.06072818115353584,0.07676944881677628,0.09808565676212311,-0.4826730489730835,0.4925383925437927,False
train,0.21358616650104523,0.0031746032182127237,0.007397872861474752,0.060777246952056885,0.0771116092801094,0.09828081727027893,-0.48294609785079956,0.4928448498249054,False
test,0.21400292217731476,0.0031746032182127237,0.007408163044601679,0.06082652136683464,0.07747151702642441,0.09846089780330658,-0.4832199215888977,0.4931491017341614,False
train,0.2144196778535843,0.0031746032182127237,0.007418517488986254,0.06087597459554672,0.07784922420978546,0.09862598776817322,-0.48349425196647644,0.4934508800506592,False
train,0.21483641862869263,0.0063492064364254475,0.007428914308547974,0.06092565134167671,0.0782446637749672,0.09877610951662064,-0.4837695360183716,0.4937506318092346,False
train,0.21525317430496216,0.004761904943734407,0.0074393791146576405,0.06097550317645073,0.07865793257951736,0.09891120344400406,-0.48404520750045776,0.49404776096343994,False
train,0.2156699299812317,0.0055555556900799274,0.007449890021234751,0.061025626957416534,0.07908899337053299,0.09903158247470856,-0.4843221604824066,0.49434322118759155,False
test,0.21608668565750122,0.003968254197388887,0.00746045121923089,0.06107589602470398,0.07953786104917526,0.09913672506809235,-0.4845994710922241,0.4946359694004059,False
train,0.21650344133377075,0.003968254197388887,0.007471073884516954,0.06112638860940933,0.08000432699918747,0.09922725707292557,-0.4848776161670685,0.4949266016483307,False
train,0.21692019701004028,0.0031746032182127237,0.007481760811060667,0.061177123337984085,0.08048856258392334,0.0993029847741127,-0.4851566553115845,0.49521517753601074,False
train,0.21733693778514862,0.0031746032182127237,0.0074924989603459835,0.06122802570462227,0.08099032193422318,0.0993640124797821,-0.48543617129325867,0.49550125002861023,False
train,0.21775369346141815,0.0015873016091063619,0.007503298576921225,0.06127918139100075,0.08150959014892578,0.09941048920154572,-0.4857167899608612,0.49578550457954407,False
test,0.21817044913768768,0.0015873016091063619,0.007514149881899357,0.061330556869506836,0.08204633742570877,0.09944246709346771,-0.48599815368652344,0.4960675537586212,False
train,0.21858720481395721,0.0023809524718672037,0.007525066379457712,0.061382148414850235,0.08260031789541245,0.09946025162935257,-0.48628029227256775,0.4963475167751312,False
train,0.21900396049022675,0.0015873016091063619,0.007536034565418959,0.06143394857645035,0.08317144215106964,0.09946382790803909,-0.48656320571899414,0.4966254234313965,False
train,0.21942071616649628,0.0015873016091063619,0.0075470684096217155,0.061485908925533295,0.083759605884552,0.09945325553417206,-0.4868462085723877,0.4969005584716797,False
train,0.2198374718427658,0.0007936508045531809,0.007558166049420834,0.06153819337487221,0.08436457812786102,0.09942912310361862,-0.48713093996047974,0.4971747100353241,False
test,0.22025421261787415,0.0015873016091063619,0.007569326087832451,0.06159061938524246,0.084986113011837,0.09939131140708923,-0.4874158203601837,0.49744629859924316,False
train,0.22067096829414368,0.0015873016091063619,0.0075805350206792355,0.061643339693546295,0.08562413603067398,0.09934025257825851,-0.48770201206207275,0.4977165460586548,False
train,0.2210877239704132,0.0015873016091063619,0.007591810543090105,0.06169627234339714,0.08627842366695404,0.09927596151828766,-0.4879888892173767,0.4979848265647888,False
train,0.22150447964668274,0.0023809524718672037,0.007603150326758623,0.06174935773015022,0.08694858849048615,0.09919866919517517,-0.4882758855819702,0.4982506334781647,False
train,0.22192123532295227,0.0023809524718672037,0.007614543195813894,0.06180272996425629,0.0876343846321106,0.09910916537046432,-0.48856428265571594,0.4985154867172241,False
test,0.2223379909992218,0.0015873016091063619,0.007626010105013847,0.061856336891651154,0.08833568543195724,0.099007248878479,-0.488853394985199,0.4987785816192627,False
train,0.22275474667549133,0.0031746032182127237,0.0076375314965844154,0.06191016733646393,0.08905202150344849,0.09889344871044159,-0.4891432225704193,0.4990400969982147,False
train,0.22317148745059967,0.0015873016091063619,0.007649132050573826,0.06196417659521103,0.08978301286697388,0.09876803308725357,-0.4894334077835083,0.49929970502853394,False
train,0.2235882431268692,0.0023809524718672037,0.00766077870503068,0.06201845407485962,0.09052842110395432,0.09863145649433136,-0.48972469568252563,0.4995582401752472,False
train,0.22400499880313873,0.0031746032182127237,0.007672486826777458,0.06207296624779701,0.09128789603710175,0.09848414361476898,-0.4900168478488922,0.49981558322906494,False
test,0.22442175447940826,0.003968254197388887,0.007684267591685057,0.06212776526808739,0.09206084161996841,0.09832677245140076,-0.4903101325035095,0.500072181224823,False
train,0.2248385101556778,0.003968254197388887,0.007696110755205154,0.0621827058494091,0.09284707903862,0.09815904498100281,-0.49060341715812683,0.5003268122673035,False
train,0.22525526583194733,0.0031746032182127237,0.007708033546805382,0.06223796308040619,0.09364598244428635,0.09798218309879303,-0.49089810252189636,0.5005811452865601,False
train,0.22567202150821686,0.0031746032182127237,0.00772001501172781,0.06229342520236969,0.0944572240114212,0.09779617190361023,-0.4911932945251465,0.5008342266082764,False
train,0.2260887622833252,0.003968254197388887,0.00773206353187561,0.062349095940589905,0.09528005123138428,0.09760181605815887,-0.4914890229701996,0.501086413860321,False
test,0.22650551795959473,0.003968254197388887,0.007744163740426302,0.062405046075582504,0.09611417353153229,0.09739968925714493,-0.49178585410118103,0.5013382434844971,False
train,0.22692227363586426,0.0031746032182127237,0.007756344974040985,0.06246119737625122,0.09695903956890106,0.09718998521566391,-0.49208322167396545,0.501589298248291,False
train,0.2273390293121338,0.004761904943734407,0.007768596988171339,0.06251761317253113,0.09781388193368912,0.09697382897138596,-0.49238139390945435,0.5018399953842163,False
train,0.22775578498840332,0.0031746032182127237,0.007780920714139938,0.06257428973913193,0.0986783355474472,0.09675151109695435,-0.49268049001693726,0.502090573310852,False
train,0.22817254066467285,0.003968254197388887,0.0077933045104146,0.06263116002082825,0.09955166280269623,0.09652365744113922,-0.49297988414764404,0.5023404955863953,False
test,0.22858929634094238,0.003968254197388887,0.007805759087204933,0.06268841028213501,0.10043331980705261,0.09629126638174057,-0.4932812750339508,0.5025916695594788,False
train,0.22900603711605072,0.003968254197388887,0.007818293757736683,0.06274572759866714,0.1013224795460701,0.0960543155670166,-0.4935818612575531,0.5028414130210876,False
train,0.22942279279232025,0.0023809524718672037,0.007830888032913208,0.06280346214771271,0.10221856087446213,0.09581449627876282,-0.4938846230506897,0.503092885017395,False
train,0.22983954846858978,0.003968254197388887,0.007843549363315105,0.06286133080720901,0.10312086343765259,0.09557154029607773,-0.49418726563453674,0.5033437609672546,False
train,0.23025630414485931,0.0055555556900799274,0.00785628892481327,0.0629194900393486,0.1040286049246788,0.09532691538333893,-0.49449095129966736,0.5035955905914307,False
test,0.23067305982112885,0.0063492064364254475,0.00786910206079483,0.06297793984413147,0.10494116693735123,0.09508106112480164,-0.49479565024375916,0.5038483738899231,False
train,0.23108981549739838,0.007936508394777775,0.00788199994713068,0.06303660571575165,0.10585764795541763,0.0948348343372345,-0.4951007068157196,0.5041015148162842,False
train,0.2315065711736679,0.0063492064364254475,0.007894959300756454,0.06309548020362854,0.10677728056907654,0.09458890557289124,-0.49540621042251587,0.5043554306030273,False
train,0.23192331194877625,0.0055555556900799274,0.007907985709607601,0.0631546601653099,0.10769928991794586,0.094344362616539,-0.49571293592453003,0.5046108961105347,False
train,0.23234006762504578,0.0055555556900799274,0.007921097800135612,0.06321411579847336,0.10862274467945099,0.09410209953784943,-0.49602049589157104,0.5048678517341614,False
test,0.2327568233013153,0.0055555556900799274,0.007934276014566422,0.06327380985021591,0.10954699665307999,0.09386267513036728,-0.4963286817073822,0.5051261186599731,False
train,0.23317357897758484,0.0031746032182127237,0.007947539910674095,0.06333380192518234,0.11047107726335526,0.09362725168466568,-0.4966379404067993,0.5053862929344177,False
train,0.23359033465385437,0.003968254197388887,0.007960875518620014,0.06339401006698608,0.11139412969350815,0.0933963805437088,-0.4969474971294403,0.5056477785110474,False
train,0.2340070903301239,0.0015873016091063619,0.00797429122030735,0.06345448642969131,0.11231523007154465,0.09317123889923096,-0.4972578287124634,0.5059112906455994,False
train,0.23442383110523224,0.0023809524718672037,0.007987785153090954,0.06351528316736221,0.11323361843824387,0.09295283257961273,-0.49756935238838196,0.5061773061752319,False
test,0.23484058678150177,0.0,0.008001339621841908,0.06357629597187042,0.11414839327335358,0.09274163842201233,-0.49788135290145874,0.5064453482627869,False
train,0.2352573424577713,0.0007936508045531809,0.008014990016818047,0.0636376217007637,0.11505839973688126,0.0925392434000969,-0.49819427728652954,0.5067159533500671,False
train,0.23567409813404083,0.0015873016091063619,0.008028708398342133,0.06369923800230026,0.11596311628818512,0.09234598278999329,-0.4985082745552063,0.5069894194602966,False
train,0.23609085381031036,0.0007936508045531809,0.008042520843446255,0.06376106292009354,0.11686133593320847,0.09216289222240448,-0.498822420835495,0.507265031337738,False
train,0.2365076094865799,0.0023809524718672037,0.008056405000388622,0.06382311880588531,0.11775226145982742,0.09199094772338867,-0.49913692474365234,0.5075430870056152,False
test,0.23692436516284943,0.0007936508045531809,0.008070374839007854,0.06388555467128754,0.11863484978675842,0.0918315201997757,-0.4994530975818634,0.5078251957893372,False
train,0.23734110593795776,0.0007936508045531809,0.008084415458142757,0.06394819170236588,0.11950842291116714,0.09168480336666107,-0.499769389629364,0.5081098079681396,False
train,0.2377578616142273,0.0007936508045531809,0.008098552003502846,0.06401115655899048,0.1203719824552536,0.09155230224132538,-0.500086784362793,0.5083980560302734,False
train,0.23817461729049683,0.0015873016091063619,0.008112761192023754,0.06407436728477478,0.12122442573308945,0.09143483638763428,-0.5004047155380249,0.5086897015571594,False
train,0.23859137296676636,0.0015873016091063619,0.008127056062221527,0.06413789093494415,0.12206525355577469,0.09133309125900269,-0.5007236003875732,0.508985161781311,False
test,0.2390081286430359,0.0007936508045531809,0.00814144965261221,0.0642017051577568,0.12289329618215561,0.09124824404716492,-0.5010432004928589,0.5092843174934387,False
train,0.23942488431930542,0.0007936508045531809,0.008155911229550838,0.06426579505205154,0.12370767444372177,0.09118112921714783,-0.5013635754585266,0.5095875263214111,False
train,0.23984163999557495,0.0,0.00817046407610178,0.06433018296957016,0.12450770288705826,0.0911325216293335,-0.5016847252845764,0.5098947882652283,False
train,0.2402583807706833,0.0,0.008185089565813541,0.06439477950334549,0.12529250979423523,0.09110291302204132,-0.5020061135292053,0.5102057456970215,False
train,0.24067513644695282,0.0,0.008199822157621384,0.06445973366498947,0.12606120109558105,0.09109389036893845,-0.5023285746574402,0.510521411895752,False
test,0.24109189212322235,0.0007936508045531809,0.008214625529944897,0.0645250454545021,0.1268129199743271,0.09110623598098755,-0.5026524662971497,0.5108422636985779,False
train,0.24150864779949188,0.0,0.008229528553783894,0.06459052115678787,0.12754717469215393,0.09113988280296326,-0.5029759407043457,0.5111665725708008,False
train,0.2419254034757614,0.0,0.008244513534009457,0.06465642899274826,0.12826283276081085,0.09119680523872375,-0.5033012628555298,0.5114968419075012,False
train,0.24234215915203094,0.0007936508045531809,0.008259609341621399,0.06472248584032059,0.12895949184894562,0.09127655625343323,-0.5036259889602661,0.5118305683135986,False
train,0.24275891482830048,0.0023809524718672037,0.008274766616523266,0.06478885561227798,0.12963634729385376,0.09138043224811554,-0.5039517879486084,0.5121696591377258,False
test,0.2431756556034088,0.0015873016091063619,0.008290034718811512,0.0648556500673294,0.13029265403747559,0.09150967001914978,-0.5042791366577148,0.5125148296356201,False
train,0.24359241127967834,0.0,0.008305366151034832,0.06492266803979874,0.13092800974845886,0.09166382253170013,-0.5046067237854004,0.5128647089004517,False
train,0.24400916695594788,0.0007936508045531809,0.008320816792547703,0.06499002128839493,0.13154159486293793,0.09184440970420837,-0.5049351453781128,0.5132201313972473,False
train,0.2444259226322174,0.0015873016091063619,0.00833635963499546,0.06505761295557022,0.1321331113576889,0.09205123037099838,-0.5052636861801147,0.5135803818702698,False
train,0.24484267830848694,0.0071428571827709675,0.008351987227797508,0.06512550264596939,0.13270162045955658,0.09228550642728806,-0.505592942237854,0.5139463543891907,False
test,0.24525943398475647,0.011904762126505375,0.008367698639631271,0.065193772315979,0.13324712216854095,0.09254738688468933,-0.5059236288070679,0.5143187046051025,False
train,0.245676189661026,0.0,0.008383535780012608,0.06526240706443787,0.13376888632774353,0.09283776581287384,-0.5062552690505981,0.514697253704071,False
train,0.24609293043613434,0.0063492064364254475,0.00839944276958704,0.06533122807741165,0.13426649570465088,0.09315644204616547,-0.5065866112709045,0.5150806903839111,False
train,0.24650968611240387,0.0023809524718672037,0.008415467105805874,0.06540043652057648,0.13473980128765106,0.09350420534610748,-0.5069192051887512,0.5154707431793213,False
train,0.2469264417886734,0.003968254197388887,0.008431566879153252,0.06546993553638458,0.1351882964372635,0.09388130903244019,-0.5072523355484009,0.5158668756484985,False
test,0.24734319746494293,0.010317460633814335,0.00844777561724186,0.06553972512483597,0.135611891746521,0.09428790211677551,-0.5075860023498535,0.5162690877914429,False
train,0.24775995314121246,0.0063492064364254475,0.008464077487587929,0.06560983508825302,0.13601014018058777,0.09472443163394928,-0.5079202651977539,0.5166775584220886,False
train,0.248176708817482,0.0063492064364254475,0.008480479009449482,0.06568034738302231,0.13638314604759216,0.09519121795892715,-0.5082559585571289,0.517093300819397,False
train,0.24859344959259033,0.01746031828224659,0.008496992290019989,0.06575112789869308,0.13673053681850433,0.09568814933300018,-0.5085917711257935,0.5175150632858276,False
train,0.24901020526885986,0.008730159141123295,0.008513597771525383,0.06582225114107132,0.13705237209796906,0.09621550142765045,-0.5089284181594849,0.5179436206817627,False
test,0.2494269609451294,0.0071428571827709675,0.008530321530997753,0.06589363515377045,0.13734857738018036,0.09677298367023468,-0.5092650651931763,0.5183781385421753,False
train,0.24984371662139893,0.02619047649204731,0.008547134697437286,0.06596539169549942,0.13761919736862183,0.09736105799674988,-0.5096028447151184,0.51882004737854,False
train,0.25026047229766846,0.009523809887468815,0.008564057759940624,0.06603752821683884,0.13786418735980988,0.09797978401184082,-0.5099417567253113,0.5192693471908569,False
train,0.250677227973938,0.02857142873108387,0.00858108326792717,0.06610989570617676,0.13808366656303406,0.09862848371267319,-0.5102803707122803,0.5197245478630066,False
train,0.2510939836502075,0.01587301678955555,0.0085982084274292,0.0661826804280281,0.13827791810035706,0.09930772334337234,-0.5106204152107239,0.5201877355575562,False
test,0.25151073932647705,0.014285714365541935,0.008615433238446712,0.06625572592020035,0.13844703137874603,0.10001682490110397,-0.5109604597091675,0.5206572413444519,False
train,0.2519274950027466,0.03730158880352974,0.00863279402256012,0.06632920354604721,0.1385912150144577,0.10075598955154419,-0.5113017559051514,0.521134614944458,False
train,0.2523442506790161,0.01746031828224659,0.008650234900414944,0.06640293449163437,0.1387108713388443,0.10152456909418106,-0.51164311170578,0.5216185450553894,False
train,0.25276100635528564,0.04444444552063942,0.008667810820043087,0.06647711992263794,0.1388062685728073,0.1023227795958519,-0.5119858980178833,0.5221105813980103,False
train,0.2531777322292328,0.04682539775967598,0.008685469627380371,0.06655152887105942,0.1388777494430542,0.10314954817295074,-0.5123283863067627,0.5226090550422668,False
test,0.2535944879055023,0.0515873022377491,0.008703253231942654,0.06662630289793015,0.1389257311820984,0.10400498658418655,-0.5126715898513794,0.5231149196624756,False
train,0.25401124358177185,0.02936507947742939,0.008721154183149338,0.06670144200325012,0.13895069062709808,0.10488877445459366,-0.5130155086517334,0.5236282348632812,False
train,0.2544279992580414,0.05079365149140358,0.008739154785871506,0.06677695363759995,0.13895320892333984,0.10580012202262878,-0.513360321521759,0.5241492986679077,False
train,0.2548447549343109,0.04523809626698494,0.008757288567721844,0.06685277074575424,0.13893364369869232,0.10673882067203522,-0.5137051939964294,0.5246772766113281,False
train,0.25526151061058044,0.05793650820851326,0.008775521069765091,0.06692899018526077,0.13889272511005402,0.10770416259765625,-0.5140511393547058,0.5252130627632141,False
test,0.25567826628685,0.06507936865091324,0.008793871849775314,0.06700561195611954,0.13883082568645477,0.1086958721280098,-0.5143980383872986,0.5257567167282104,False
train,0.2560950219631195,0.03650793805718422,0.008812343701720238,0.0670824721455574,0.1387489140033722,0.10971255600452423,-0.5147445201873779,0.526306688785553,False
train,0.25651177763938904,0.04523809626698494,0.008830922655761242,0.06715976446866989,0.13864737749099731,0.11075461655855179,-0.5150920748710632,0.5268647074699402,False
train,0.25692853331565857,0.06904762238264084,0.00884963572025299,0.06723739206790924,0.13852699100971222,0.11182069778442383,-0.515440046787262,0.5274298787117004,False
train,0.2573452889919281,0.03809523954987526,0.008868451230227947,0.06731542944908142,0.1383884847164154,0.11291054636240005,-0.5157889127731323,0.5280028581619263,False
test,0.25776204466819763,0.06269841641187668,0.008887400850653648,0.0673937276005745,0.1382327526807785,0.11402265727519989,-0.516137421131134,0.5285820960998535,False
train,0.25817880034446716,0.05079365149140358,0.0089064696803689,0.06747251749038696,0.1380603164434433,0.11515744030475616,-0.5164874196052551,0.5291696190834045,False
train,0.2585955262184143,0.07857143133878708,0.00892565120011568,0.06755166500806808,0.137872114777565,0.11631351709365845,-0.5168379545211792,0.5297643542289734,False
train,0.25901228189468384,0.0595238097012043,0.008944968692958355,0.06763110309839249,0.13766907155513763,0.11748968809843063,-0.5171881914138794,0.5303654074668884,False
train,0.25942903757095337,0.0357142873108387,0.00896439142525196,0.0677110105752945,0.13745173811912537,0.11868613213300705,-0.517539918422699,0.5309745669364929,False
test,0.2598457932472229,0.0555555559694767,0.008983969688415527,0.06779114902019501,0.13722123205661774,0.11990093439817429,-0.5178906321525574,0.5315890908241272,False
train,0.26026254892349243,0.04126984253525734,0.009003647603094578,0.0678718313574791,0.13697832822799683,0.121134452521801,-0.5182434916496277,0.5322122573852539,False
train,0.26067930459976196,0.02777777798473835,0.009023457765579224,0.06795286387205124,0.13672399520874023,0.12238498777151108,-0.5185964107513428,0.5328417420387268,False
train,0.2610960602760315,0.02857142873108387,0.009043405763804913,0.06803416460752487,0.13645900785923004,0.12365146726369858,-0.5189487934112549,0.5334768295288086,False
train,0.261512815952301,0.05396825447678566,0.009063479490578175,0.06811591237783432,0.13618426024913788,0.12493372708559036,-0.5193021893501282,0.5341190695762634,False
test,0.26192957162857056,0.02857142873108387,0.0090837012976408,0.06819815188646317,0.13590089976787567,0.12623101472854614,-0.519656777381897,0.5347685813903809,False
train,0.2623463273048401,0.01984127052128315,0.009104037657380104,0.06828069686889648,0.13560955226421356,0.12754172086715698,-0.5200112462043762,0.535423755645752,False
train,0.2627630829811096,0.02222222276031971,0.009124500676989555,0.06836363673210144,0.13531143963336945,0.12886522710323334,-0.5203661322593689,0.5360850095748901,False
train,0.26317983865737915,0.004761904943734407,0.009145109914243221,0.06844694167375565,0.13500720262527466,0.13020068407058716,-0.5207211375236511,0.5367519855499268,False
train,0.2635965943336487,0.02619047649204731,0.009165847674012184,0.06853066384792328,0.1346980631351471,0.13154707849025726,-0.5210767984390259,0.5374250411987305,False
test,0.2640133500099182,0.01666666753590107,0.009186740964651108,0.06861481070518494,0.13438472151756287,0.13290390372276306,-0.5214328765869141,0.5381038188934326,False
train,0.26443007588386536,0.003968254197388887,0.009207739494740963,0.06869938969612122,0.1340683102607727,0.13426998257637024,-0.5217897891998291,0.5387884378433228,False
train,0.2648468315601349,0.011904762126505375,0.009228898212313652,0.06878426671028137,0.13374970853328705,0.135643869638443,-0.5221460461616516,0.5394772887229919,False
train,0.2652635872364044,0.011111111380159855,0.009250207804143429,0.06886960566043854,0.13342970609664917,0.1370256543159485,-0.5225030779838562,0.54017174243927,False
train,0.26568034291267395,0.009523809887468815,0.009271635673940182,0.06895536184310913,0.13310952484607697,0.13841398060321808,-0.5228606462478638,0.5408712029457092,False
test,0.2660970985889435,0.0031746032182127237,0.00929322000592947,0.06904154270887375,0.1327897608280182,0.13980811834335327,-0.5232186317443848,0.5415754914283752,False
train,0.266513854265213,0.0023809524718672037,0.0093149458989501,0.0691281333565712,0.13247168064117432,0.14120686054229736,-0.5235767364501953,0.5422840118408203,False
train,0.26693060994148254,0.0007936508045531809,0.009336816146969795,0.06921514123678207,0.1321558952331543,0.14260974526405334,-0.5239353775978088,0.5429970622062683,False
train,0.2673473656177521,0.0007936508045531809,0.009358830749988556,0.06930258870124817,0.1318434625864029,0.14401564002037048,-0.524294376373291,0.543714165687561,False
train,0.2677641212940216,0.003968254197388887,0.009380999952554703,0.0693904384970665,0.13153524696826935,0.14542372524738312,-0.5246534943580627,0.5444349050521851,False
test,0.26818087697029114,0.004761904943734407,0.009403305128216743,0.06947867572307587,0.13123205304145813,0.1468331217765808,-0.5250126123428345,0.545158863067627,False
train,0.26859763264656067,0.0007936508045531809,0.009425770491361618,0.06956737488508224,0.13093499839305878,0.14824306964874268,-0.5253722071647644,0.5458863973617554,False
train,0.2690143883228302,0.0015873016091063619,0.00944838859140873,0.06965652108192444,0.13064466416835785,0.14965295791625977,-0.5257322192192078,0.5466172099113464,False
train,0.26943114399909973,0.0031746032182127237,0.009471150115132332,0.06974610686302185,0.13036207854747772,0.1510617733001709,-0.5260925889015198,0.5473510026931763,False
train,0.26984789967536926,0.0031746032182127237,0.009494074620306492,0.0698360800743103,0.1300879865884781,0.1524685025215149,-0.5264526605606079,0.5480867028236389,False
test,0.2702646255493164,0.0055555556900799274,0.00951714999973774,0.06992646306753159,0.12982328236103058,0.15387240052223206,-0.5268127918243408,0.5488246083259583,False
train,0.27068138122558594,0.0071428571827709675,0.009540383704006672,0.07001738250255585,0.12956885993480682,0.1552732288837433,-0.5271738171577454,0.549565315246582,False
train,0.27109813690185547,0.0023809524718672037,0.00956378411501646,0.07010863721370697,0.1293252408504486,0.15666964650154114,-0.5275341868400574,0.5503069162368774,False
train,0.271514892578125,0.0007936508045531809,0.009587335400283337,0.07020044326782227,0.12909358739852905,0.15806128084659576,-0.5278955101966858,0.5510508418083191,False
train,0.27193164825439453,0.0007936508045531809,0.009611056186258793,0.07029261440038681,0.12887434661388397,0.1594472974538803,-0.528256356716156,0.551795482635498,False
test,0.27234840393066406,0.0,0.009634948335587978,0.07038535177707672,0.12866851687431335,0.16082704067230225,-0.5286180973052979,0.5525417923927307,False
train,0.2727651596069336,0.0015873016091063619,0.009658978320658207,0.0704784169793129,0.1284767985343933,0.16219955682754517,-0.5289790630340576,0.553287923336029,False
train,0.2731819152832031,0.0,0.009683176875114441,0.07057198137044907,0.1282997876405716,0.16356424987316132,-0.5293405055999756,0.5540348887443542,False
train,0.27359867095947266,0.0,0.009707566350698471,0.07066599279642105,0.12813840806484222,0.1649203598499298,-0.529701828956604,0.5547817349433899,False
train,0.2740154266357422,0.0,0.009732094593346119,0.07076043635606766,0.12799306213855743,0.16626766324043274,-0.5300630331039429,0.5555283427238464,False
test,0.2744321823120117,0.0,0.009756827726960182,0.07085544615983963,0.12786486744880676,0.16760537028312683,-0.5304248332977295,0.5562751293182373,False
train,0.27484893798828125,0.0,0.009781711734831333,0.07095089554786682,0.12775413691997528,0.1689327359199524,-0.5307866334915161,0.5570212602615356,False
train,0.2752656936645508,0.0,0.009806775487959385,0.07104679942131042,0.1276618391275406,0.17024871706962585,-0.5311482548713684,0.5577661991119385,False
train,0.2756824195384979,0.0,0.009832010604441166,0.07114315032958984,0.12758833169937134,0.17155325412750244,-0.5315096378326416,0.5585096478462219,False
train,0.27609917521476746,0.0,0.00985740777105093,0.07123994827270508,0.1275344043970108,0.1728455126285553,-0.5318708419799805,0.5592514276504517,False
test,0.276515930891037,0.0007936508045531809,0.009882998652756214,0.0713372603058815,0.12750095129013062,0.17412498593330383,-0.5322321057319641,0.5599915385246277,False
train,0.2769326865673065,0.0,0.009908775798976421,0.07143504172563553,0.12748807668685913,0.17539113759994507,-0.5325931906700134,0.560729444026947,False
train,0.27734944224357605,0.0007936508045531809,0.00993472058326006,0.07153336703777313,0.1274968683719635,0.17664359509944916,-0.5329546928405762,0.5614656805992126,False
train,0.2777661979198456,0.0,0.009960849769413471,0.07163215428590775,0.12752754986286163,0.17788156867027283,-0.5333158373832703,0.5621989369392395,False
train,0.2781829535961151,0.0,0.009987185709178448,0.07173135876655579,0.12758095562458038,0.17910423874855042,-0.533676028251648,0.5629284381866455,False
test,0.27859970927238464,0.0,0.010013699531555176,0.07183120399713516,0.12765757739543915,0.18031194806098938,-0.5340373516082764,0.5636561512947083,False
train,0.2790164649486542,0.0,0.010040393099188805,0.07193148881196976,0.12775802612304688,0.18150343000888824,-0.534398078918457,0.5643800497055054,False
train,0.2794332206249237,0.0,0.010067276656627655,0.07203219085931778,0.12788283824920654,0.1826779544353485,-0.5347579121589661,0.5650993585586548,False
train,0.27984997630119324,0.0,0.01009435672312975,0.07213347405195236,0.12803241610527039,0.18383599817752838,-0.535118043422699,0.5658153295516968,False
train,0.28026673197746277,0.0,0.010121614672243595,0.07223523408174515,0.12820754945278168,0.1849762499332428,-0.5354777574539185,0.5665268301963806,False
test,0.2806834876537323,0.0,0.010149085894227028,0.07233753055334091,0.12840843200683594,0.18609890341758728,-0.5358372330665588,0.5672339200973511,False
train,0.28110024333000183,0.0,0.010176741518080235,0.07244032621383667,0.12863610684871674,0.18720263242721558,-0.5361964702606201,0.56793612241745,False
train,0.281516969203949,0.0,0.010204608552157879,0.07254358381032944,0.12889041006565094,0.18828769028186798,-0.536554753780365,0.5686327815055847,False
train,0.2819337248802185,0.0,0.010232657194137573,0.07264739274978638,0.12917229533195496,0.18935340642929077,-0.5369130969047546,0.5693244934082031,False
train,0.28235048055648804,0.0,0.01026093028485775,0.0727517306804657,0.12948235869407654,0.19039921462535858,-0.5372709035873413,0.5700104236602783,False
test,0.28276723623275757,0.0,0.010289392434060574,0.07285664975643158,0.12982065975666046,0.19142532348632812,-0.5376288294792175,0.5706911683082581,False
train,0.2831839919090271,0.0,0.010318075306713581,0.07296203076839447,0.13018810749053955,0.19243024289608002,-0.537985622882843,0.5713649392127991,False
train,0.28360074758529663,0.0,0.01034696027636528,0.07306794077157974,0.1305847316980362,0.19341444969177246,-0.5383419990539551,0.5720325708389282,False
train,0.28401750326156616,0.0,0.010376043617725372,0.07317442446947098,0.1310114562511444,0.19437724351882935,-0.5386982560157776,0.572693943977356,False
train,0.2844342589378357,0.0,0.01040535606443882,0.07328147441148758,0.13146835565567017,0.19531837105751038,-0.5390540361404419,0.5733485221862793,False
test,0.2848510146141052,0.0,0.010434890165925026,0.07338892668485641,0.13195618987083435,0.19623658061027527,-0.5394079685211182,0.5739945769309998,False
train,0.28526777029037476,0.0,0.010464606806635857,0.07349702715873718,0.13247530162334442,0.19713257253170013,-0.5397624969482422,0.5746344923973083,False
train,0.2856845259666443,0.0,0.010494566522538662,0.07360569387674332,0.13302579522132874,0.19800594449043274,-0.5401163101196289,0.5752668976783752,False
train,0.2861012816429138,0.0,0.010524751618504524,0.07371484488248825,0.1336085945367813,0.19885551929473877,-0.5404688119888306,0.5758906602859497,False
train,0.28651803731918335,0.0,0.010555163025856018,0.07382462173700333,0.13422363996505737,0.19968190789222717,-0.5408211946487427,0.5765070915222168,False
test,0.2869347631931305,0.0,0.010585772804915905,0.0739348977804184,0.13487161695957184,0.20048391819000244,-0.5411725640296936,0.5771148204803467,False
train,0.2873515188694,0.0,0.010616626590490341,0.07404575496912003,0.13555306196212769,0.2012615203857422,-0.5415230989456177,0.5777140259742737,False
train,0.28776827454566956,0.0,0.010647716000676155,0.07415720075368881,0.13626809418201447,0.2020147442817688,-0.5418729782104492,0.578304648399353,False
train,0.2881850302219391,0.0,0.010679013095796108,0.07426917552947998,0.13701729476451874,0.20274263620376587,-0.5422218441963196,0.578886091709137,False
train,0.2886017858982086,0.0,0.010710564441978931,0.07438183575868607,0.13780073821544647,0.20344586670398712,-0.5425706505775452,0.5794593095779419,False
test,0.28901854157447815,0.0,0.010742340236902237,0.07449496537446976,0.13861921429634094,0.20412272214889526,-0.5429177284240723,0.5800222158432007,False
train,0.2894352972507477,0.0,0.010774374008178711,0.07460863143205643,0.13947251439094543,0.2047739028930664,-0.5432631969451904,0.5805749297142029,False
train,0.2898520529270172,0.0,0.01080662477761507,0.07472303509712219,0.14036168158054352,0.2053993046283722,-0.5436092615127563,0.5811195373535156,False
train,0.29026880860328674,0.0,0.010839137248694897,0.07483790814876556,0.14128637313842773,0.20599797368049622,-0.5439530611038208,0.5816528797149658,False
train,0.2906855642795563,0.0,0.010871890000998974,0.07495337724685669,0.14224740862846375,0.2065696120262146,-0.5442959666252136,0.582176148891449,False
test,0.2911023199558258,0.0,0.010904877446591854,0.07506944239139557,0.1432446390390396,0.20711487531661987,-0.5446377396583557,0.5826892852783203,False
train,0.29151907563209534,0.0,0.010938134044408798,0.07518617063760757,0.14427883923053741,0.20763278007507324,-0.5449788570404053,0.5831923484802246,False
train,0.29193583130836487,0.0,0.010971627198159695,0.07530345767736435,0.14534999430179596,0.20812347531318665,-0.5453183650970459,0.5836844444274902,False
train,0.2923525869846344,0.0,0.011005374602973461,0.07542131841182709,0.1464582234621048,0.20858639478683472,-0.5456565022468567,0.5841655135154724,False
train,0.29276931285858154,0.0,0.01103939674794674,0.07553987205028534,0.14760378003120422,0.20902229845523834,-0.5459938645362854,0.5846363306045532,False
test,0.2931860685348511,0.0,0.01107366569340229,0.07565895467996597,0.14878740906715393,0.20942962169647217,-0.5463292002677917,0.5850951671600342,False
train,0.2936028242111206,0.0,0.0111082149669528,0.07577864080667496,0.1500086486339569,0.20980927348136902,-0.5466629266738892,0.5855427384376526,False
train,0.29401957988739014,0.0,0.011143002659082413,0.07589902728796005,0.15126822888851166,0.2101607322692871,-0.5469961166381836,0.5859797596931458,False
train,0.29443633556365967,0.0,0.01117807999253273,0.07601998001337051,0.1525658667087555,0.2104840874671936,-0.5473271608352661,0.5864048004150391,False
train,0.2948530912399292,0.0,0.01121343020349741,0.0761415883898735,0.15390218794345856,0.21077904105186462,-0.547656774520874,0.5868183374404907,False
test,0.29526984691619873,0.0,0.011249031871557236,0.0762639045715332,0.1552766114473343,0.21104639768600464,-0.5479857921600342,0.5872214436531067,False
train,0.29568660259246826,0.0,0.01128490548580885,0.07638663798570633,0.15668989717960358,0.21128414571285248,-0.5483112335205078,0.5876106023788452,False
train,0.2961033582687378,0.0,0.011321080848574638,0.07651019841432571,0.15814170241355896,0.21149469912052155,-0.5486363768577576,0.5879896879196167,False
train,0.2965201139450073,0.0,0.011357549577951431,0.07663445919752121,0.15963241457939148,0.21167704463005066,-0.5489601492881775,0.5883573889732361,False
train,0.29693686962127686,0.0,0.011394280940294266,0.07675930857658386,0.16116145253181458,0.21183131635189056,-0.5492817163467407,0.5887129306793213,False
test,0.2973536252975464,0.0,0.011431319639086723,0.07688477635383606,0.16272945702075958,0.2119569480419159,-0.5496010780334473,0.589056134223938,False
train,0.2977703809738159,0.0,0.011468608863651752,0.07701088488101959,0.16433613002300262,0.21205449104309082,-0.5499186515808105,0.5893874764442444,False
train,0.29818713665008545,0.0,0.011506226845085621,0.07713764905929565,0.16598103940486908,0.21212445199489594,-0.5502340197563171,0.5897068977355957,False
train,0.2986038625240326,0.0,0.011544130742549896,0.07726511359214783,0.16766420006752014,0.21216723322868347,-0.55054771900177,0.5900150537490845,False
train,0.2990206182003021,0.0015873016091063619,0.01158231869339943,0.07739321887493134,0.1693858951330185,0.2121821939945221,-0.5508591532707214,0.5903110504150391,False
test,0.29943737387657166,0.0031746032182127237,0.01162084098905325,0.07752203196287155,0.17114539444446564,0.21217045187950134,-0.5511684417724609,0.5905954241752625,False
train,0.2998541295528412,0.0015873016091063619,0.011659645475447178,0.07765152305364609,0.17294302582740784,0.21213169395923615,-0.5514758825302124,0.5908684134483337,False
train,0.3002708852291107,0.0071428571827709675,0.011698761954903603,0.07778161019086838,0.17477791011333466,0.21206647157669067,-0.551780104637146,0.591128945350647,False
train,0.30068764090538025,0.0,0.01173820998519659,0.07791252434253693,0.17665012180805206,0.21197575330734253,-0.5520830154418945,0.5913792252540588,False
train,0.3011043965816498,0.0,0.011777962557971478,0.07804404944181442,0.17855887115001678,0.21185939013957977,-0.5523830056190491,0.5916176438331604,False
test,0.3015211522579193,0.0,0.011818011291325092,0.0781763345003128,0.1805044561624527,0.21171782910823822,-0.5526812076568604,0.5918453931808472,False
train,0.30193790793418884,0.0,0.01185840368270874,0.07830926775932312,0.18248571455478668,0.21155184507369995,-0.5529763102531433,0.5920616388320923,False
train,0.3023546636104584,0.0,0.011899147182703018,0.07844289392232895,0.1845025271177292,0.21136176586151123,-0.5532684326171875,0.5922666192054749,False
train,0.3027714192867279,0.0,0.011940178461372852,0.07857729494571686,0.18655399978160858,0.21114882826805115,-0.553558886051178,0.5924620628356934,False
train,0.30318817496299744,0.0,0.011981558986008167,0.07871230691671371,0.18864022195339203,0.21091249585151672,-0.5538454055786133,0.5926455855369568,False
test,0.30360493063926697,0.0,0.01202325988560915,0.07884815335273743,0.19075971841812134,0.21065515279769897,-0.5541303157806396,0.592820405960083,False
train,0.3040216565132141,0.0,0.012065298855304718,0.07898464798927307,0.19291231036186218,0.21037617325782776,-0.5544117093086243,0.5929843783378601,False
train,0.30443841218948364,0.0,0.012107683345675468,0.0791219100356102,0.19509682059288025,0.21007752418518066,-0.5546904802322388,0.5931391716003418,False
train,0.3048551678657532,0.0,0.012150448746979237,0.07925985008478165,0.19731305539608002,0.20975874364376068,-0.5549653768539429,0.593283474445343,False
train,0.3052719235420227,0.0,0.012193518690764904,0.07939855754375458,0.1995597779750824,0.20942199230194092,-0.5552378296852112,0.5934194326400757,False
test,0.30568867921829224,0.0,0.012236984446644783,0.07953803241252899,0.20183604955673218,0.20906785130500793,-0.5555068850517273,0.5935463309288025,False
train,0.30610543489456177,0.0,0.012280778959393501,0.07967827469110489,0.20414073765277863,0.2086976170539856,-0.5557730793952942,0.5936652421951294,False
train,0.3065221905708313,0.0,0.012324932962656021,0.07981918752193451,0.2064731866121292,0.20831182599067688,-0.5560352802276611,0.5937752723693848,False
train,0.30693894624710083,0.0,0.012369462288916111,0.07996094226837158,0.20883218944072723,0.20791223645210266,-0.5562946200370789,0.5938780903816223,False
train,0.30735570192337036,0.0,0.012414363212883472,0.08010343462228775,0.21121667325496674,0.2074996531009674,-0.556550145149231,0.5939732193946838,False
test,0.3077724575996399,0.0,0.01245962642133236,0.08024667948484421,0.21362505853176117,0.20707571506500244,-0.5568021535873413,0.5940614342689514,False
train,0.3081892132759094,0.0,0.012505285441875458,0.08039074391126633,0.21605680882930756,0.2066415250301361,-0.5570504665374756,0.5941430330276489,False
train,0.30860596895217896,0.0,0.012551306746900082,0.08053555339574814,0.21850985288619995,0.20619860291481018,-0.5572949647903442,0.5942184329032898,False
train,0.3090227246284485,0.0,0.012597722001373768,0.08068114519119263,0.22098352015018463,0.20574790239334106,-0.5575355291366577,0.5942878723144531,False
train,0.309439480304718,0.0,0.012644525617361069,0.080827496945858,0.22347578406333923,0.20529161393642426,-0.5577718019485474,0.5943517684936523,False
test,0.30985620617866516,0.0,0.012691711075603962,0.08097456395626068,0.22598563134670258,0.20483016967773438,-0.5580035448074341,0.5944101214408875,False
train,0.3102729618549347,0.0,0.01273929513990879,0.08112256973981857,0.22851131856441498,0.20436713099479675,-0.558232307434082,0.5944654941558838,False
train,0.3106897175312042,0.0,0.012787304818630219,0.08127132058143616,0.23105210065841675,0.20390203595161438,-0.5584558844566345,0.5945158004760742,False
train,0.31110647320747375,0.0,0.012835713103413582,0.08142086118459702,0.23360513150691986,0.2034377157688141,-0.5586750507354736,0.5945626497268677,False
train,0.3115232288837433,0.0,0.012884524650871754,0.08157127350568771,0.23616962134838104,0.20297592878341675,-0.5588902831077576,0.5946071147918701,False
test,0.3119399845600128,0.0,0.012933751568198204,0.08172247558832169,0.2387436330318451,0.20251812040805817,-0.5591006875038147,0.5946487784385681,False
train,0.31235674023628235,0.0,0.01298339944332838,0.08187451958656311,0.24132554233074188,0.20206612348556519,-0.5593065023422241,0.5946885943412781,False
train,0.3127734959125519,0.0,0.013033484108746052,0.0820273831486702,0.24391329288482666,0.20162194967269897,-0.5595072507858276,0.5947266221046448,False
train,0.3131902515888214,0.0,0.01308397762477398,0.08218109607696533,0.24650564789772034,0.20118723809719086,-0.5597034096717834,0.594763994216919,False
train,0.31360700726509094,0.0,0.013134926557540894,0.08233556151390076,0.2491001933813095,0.20076361298561096,-0.5598937273025513,0.5947999954223633,False
test,0.3140237629413605,0.0,0.013186284340918064,0.08249104768037796,0.25169578194618225,0.20035427808761597,-0.5600804090499878,0.5948377251625061,False
train,0.31444051861763,0.0,0.013238118961453438,0.08264729380607605,0.2542896568775177,0.19996000826358795,-0.5602607727050781,0.594874918460846,False
train,0.31485727429389954,0.0,0.013290400616824627,0.08280427753925323,0.25688064098358154,0.19958260655403137,-0.5604346990585327,0.5949119925498962,False
train,0.31527402997016907,0.0,0.013343133963644505,0.08296223729848862,0.25946661829948425,0.1992250680923462,-0.5606040954589844,0.5949517488479614,False
train,0.3156907558441162,0.0,0.013396330177783966,0.08312100172042847,0.2620457410812378,0.19888834655284882,-0.5607672929763794,0.5949928760528564,False
test,0.31610751152038574,0.0,0.013449977152049541,0.08328074961900711,0.26461535692214966,0.198576420545578,-0.5609257221221924,0.5950379967689514,False
train,0.3165242671966553,0.0,0.01350407488644123,0.0834413394331932,0.26717472076416016,0.19828933477401733,-0.5610780715942383,0.5950859189033508,False
train,0.3169410228729248,0.0,0.013558690436184406,0.08360281586647034,0.26972082257270813,0.19803035259246826,-0.5612238645553589,0.5951371788978577,False
train,0.31735777854919434,0.0,0.013613744638860226,0.08376514166593552,0.2722528278827667,0.1977999210357666,-0.5613636374473572,0.5951923727989197,False
train,0.31777453422546387,0.0,0.0136693324893713,0.08392839133739471,0.27476754784584045,0.19760209321975708,-0.5614966750144958,0.5952521562576294,False
test,0.3181912899017334,0.0,0.013725386001169682,0.08409258723258972,0.2772639989852905,0.19743786752223969,-0.5616239309310913,0.5953176617622375,False
train,0.31860804557800293,0.0,0.013781927525997162,0.08425763249397278,0.27973949909210205,0.19730950891971588,-0.5617440938949585,0.5953885316848755,False
train,0.31902480125427246,0.0,0.013838976621627808,0.08442357927560806,0.28219297528266907,0.19721832871437073,-0.5618573427200317,0.5954651236534119,False
train,0.319441556930542,0.0,0.013896563090384007,0.08459046483039856,0.28462180495262146,0.19716744124889374,-0.5619635581970215,0.5955485105514526,False
train,0.3198583126068115,0.0,0.01395462453365326,0.08475829660892487,0.28702449798583984,0.19715818762779236,-0.5620632171630859,0.5956394672393799,False
test,0.32027506828308105,0.0,0.014013240113854408,0.08492708951234818,0.2893989086151123,0.19719332456588745,-0.5621553659439087,0.5957380533218384,False
train,0.3206918239593506,0.0,0.01407235860824585,0.0850967988371849,0.2917439043521881,0.19727322459220886,-0.5622403025627136,0.5958446860313416,False
train,0.32110854983329773,0.0,0.014132020063698292,0.08526742458343506,0.29405689239501953,0.19740068912506104,-0.5623173713684082,0.5959596037864685,False
train,0.32152530550956726,0.0,0.014192215166985989,0.08543900400400162,0.29633694887161255,0.19757741689682007,-0.5623865723609924,0.5960834622383118,False
train,0.3219420611858368,0.0,0.014252947643399239,0.08561161160469055,0.2985815405845642,0.19780609011650085,-0.5624487400054932,0.596217930316925,False
test,0.3223588168621063,0.0,0.014314256608486176,0.08578507602214813,0.30078959465026855,0.19808679819107056,-0.5625016093254089,0.596360981464386,False
train,0.32277557253837585,0.0,0.014376113191246986,0.08595959097146988,0.30295971035957336,0.1984221637248993,-0.5625468492507935,0.5965151190757751,False
train,0.3231923282146454,0.0,0.014438502490520477,0.08613496273756027,0.3050900101661682,0.19881322979927063,-0.5625832080841064,0.5966796278953552,False
train,0.3236090838909149,0.0,0.014501510187983513,0.08631154149770737,0.307178795337677,0.19926373660564423,-0.5626120567321777,0.5968570709228516,False
train,0.32402583956718445,0.0,0.014565085992217064,0.0864889845252037,0.3092251718044281,0.19977252185344696,-0.5626313090324402,0.5970452427864075,False
test,0.324442595243454,0.0,0.014629244804382324,0.08666732907295227,0.3112279772758484,0.20034123957157135,-0.5626406669616699,0.5972446203231812,False
train,0.3248593509197235,0.0,0.01469398383051157,0.08684688806533813,0.31318533420562744,0.20097336173057556,-0.5626427531242371,0.5974588990211487,False
train,0.32527610659599304,0.0,0.014759327284991741,0.08702724426984787,0.315096378326416,0.20166753232479095,-0.5626336336135864,0.5976842045783997,False
train,0.3256928622722626,0.0,0.014825268648564816,0.08720875531435013,0.31696006655693054,0.20242716372013092,-0.562616229057312,0.5979245901107788,False
train,0.3261096179485321,0.0,0.014891833066940308,0.08739122003316879,0.3187754154205322,0.20325198769569397,-0.5625882148742676,0.598177969455719,False
test,0.32652637362480164,0.0,0.014959034509956837,0.08757483214139938,0.3205414414405823,0.2041442096233368,-0.5625509023666382,0.5984466671943665,False
train,0.3269430994987488,0.0,0.015026848763227463,0.0877593457698822,0.3222571015357971,0.20510345697402954,-0.5625025033950806,0.5987290740013123,False
train,0.3273598551750183,0.0,0.015095283277332783,0.08794493228197098,0.32392188906669617,0.2061314731836319,-0.5624440908432007,0.599027156829834,False
train,0.32777661085128784,0.0,0.01516437903046608,0.0881316065788269,0.3255349099636078,0.2072291374206543,-0.5623750686645508,0.5993410348892212,False
train,0.3281933665275574,0.0,0.015234127640724182,0.08831936866044998,0.3270959258079529,0.20839686691761017,-0.5622953772544861,0.5996710062026978,False
test,0.3286101222038269,0.0,0.015304533764719963,0.08850814402103424,0.3286041021347046,0.20963522791862488,-0.562204122543335,0.6000170111656189,False
train,0.32902687788009644,0.0,0.015375605784356594,0.08869796991348267,0.33005908131599426,0.21094486117362976,-0.5621012449264526,0.6003795266151428,False
train,0.32944363355636597,0.0,0.015447363257408142,0.08888893574476242,0.33146071434020996,0.21232619881629944,-0.5619872212409973,0.6007595658302307,False
train,0.3298603892326355,0.0,0.015519775450229645,0.08908091485500336,0.3328089714050293,0.21377897262573242,-0.5618610978126526,0.6011566519737244,False
train,0.33027714490890503,0.0,0.015592901967465878,0.08927402645349503,0.334102988243103,0.21530477702617645,-0.5617228746414185,0.6015719175338745,False
test,0.33069390058517456,0.0,0.015666725113987923,0.08946823328733444,0.33534345030784607,0.2169027030467987,-0.561572253704071,0.602005124092102,False
train,0.3311106562614441,0.0,0.015741268172860146,0.08966362476348877,0.33653026819229126,0.21857351064682007,-0.561409592628479,0.6024575233459473,False
train,0.3315274119377136,0.0,0.01581653580069542,0.08986003696918488,0.33766329288482666,0.22031652927398682,-0.5612329840660095,0.6029277443885803,False
train,0.33194416761398315,0.0,0.01589249260723591,0.0900576040148735,0.33874326944351196,0.22213143110275269,-0.5610442161560059,0.6034177541732788,False
train,0.3323609232902527,0.0,0.015969203785061836,0.09025628864765167,0.33976998925209045,0.2240191400051117,-0.5608413815498352,0.6039268374443054,False
test,0.33277764916419983,0.0,0.016046686097979546,0.09045608341693878,0.34074434638023376,0.2259780764579773,-0.5606244206428528,0.6044549942016602,False
train,0.33319440484046936,0.0,0.016124896705150604,0.09065716713666916,0.34166696667671204,0.2280089557170868,-0.5603948831558228,0.6050045490264893,False
train,0.3336111605167389,0.0,0.016203878447413445,0.09085924923419952,0.34253808856010437,0.23011016845703125,-0.5601497888565063,0.6055728197097778,False
train,0.3340279161930084,0.0007936508045531809,0.01628362014889717,0.09106254577636719,0.3433588147163391,0.2322816252708435,-0.5598903894424438,0.6061617136001587,False
train,0.33444467186927795,0.0,0.016364170238375664,0.09126707166433334,0.3441294729709625,0.23452329635620117,-0.5596166253089905,0.60677170753479,False
test,0.3348614275455475,0.0,0.016445519402623177,0.09147267043590546,0.34485137462615967,0.2368333339691162,-0.5593262910842896,0.6074009537696838,False
train,0.335278183221817,0.0,0.016527660191059113,0.09167953580617905,0.34552520513534546,0.23921170830726624,-0.559021532535553,0.6080520749092102,False
train,0.33569493889808655,0.0,0.016610609367489815,0.09188758581876755,0.34615200757980347,0.24165737628936768,-0.5587007999420166,0.6087239384651184,False
train,0.3361116945743561,0.0,0.01669439487159252,0.09209682792425156,0.3467331826686859,0.24416899681091309,-0.5583636164665222,0.6094164848327637,False
train,0.3365284502506256,0.0,0.016778983175754547,0.0923072099685669,0.347269743680954,0.24674537777900696,-0.5580096244812012,0.6101295351982117,False
test,0.33694520592689514,0.0,0.016864458099007607,0.09251885116100311,0.34776291251182556,0.24938583374023438,-0.5576387047767639,0.6108635067939758,False
train,0.3373619616031647,0.0,0.01695079728960991,0.09273173660039902,0.3482140898704529,0.25208941102027893,-0.5572504997253418,0.6116185188293457,False
train,0.3377787172794342,0.0,0.017037954181432724,0.09294582903385162,0.3486247658729553,0.2548539638519287,-0.5568451881408691,0.6123945713043213,False
train,0.33819544315338135,0.0,0.017126023769378662,0.09316127002239227,0.3489963710308075,0.25767946243286133,-0.5564222931861877,0.6131920218467712,False
train,0.3386121988296509,0.0,0.017214976251125336,0.09337784349918365,0.34933027625083923,0.2605630159378052,-0.5559802055358887,0.6140090227127075,False
test,0.3390289545059204,0.0,0.017304861918091774,0.09359575062990189,0.34962835907936096,0.2635042667388916,-0.5555195212364197,0.6148467063903809,False
train,0.33944571018218994,0.0,0.01739560067653656,0.09381482750177383,0.3498920500278473,0.266500860452652,-0.555039644241333,0.6157042384147644,False
train,0.3398624658584595,0.0,0.017487287521362305,0.09403520077466965,0.35012298822402954,0.2695521116256714,-0.5545400381088257,0.6165816783905029,False
train,0.340279221534729,0.0,0.017579929903149605,0.0942569300532341,0.3503231704235077,0.27265578508377075,-0.5540211200714111,0.6174792051315308,False
train,0.34069597721099854,0.0,0.017673524096608162,0.09447986632585526,0.3504943549633026,0.2758101522922516,-0.5534809827804565,0.6183950304985046,False
test,0.34111273288726807,0.0,0.017768075689673424,0.09470422565937042,0.35063812136650085,0.2790147066116333,-0.5529211759567261,0.6193311214447021,False
train,0.3415294885635376,0.0,0.017863599583506584,0.09492985159158707,0.35075661540031433,0.2822663187980652,-0.5523399114608765,0.620285153388977,False
train,0.34194624423980713,0.0,0.017960108816623688,0.0951567143201828,0.35085174441337585,0.2855631411075592,-0.5517362952232361,0.6212561726570129,False
train,0.34236299991607666,0.0,0.01805763877928257,0.09538492560386658,0.35092535614967346,0.288904070854187,-0.551110565662384,0.622244656085968,False
train,0.3427797555923462,0.0,0.0181561466306448,0.09561451524496078,0.35097941756248474,0.2922873795032501,-0.550463080406189,0.6232507824897766,False
test,0.3431965112686157,0.0,0.018255727365612984,0.09584544599056244,0.3510158360004425,0.29571110010147095,-0.5497919321060181,0.6242725253105164,False
train,0.34361326694488525,0.0,0.018356317654252052,0.09607775509357452,0.35103684663772583,0.2991732358932495,-0.5490978956222534,0.6253104209899902,False
train,0.3440299928188324,0.0,0.01845797710120678,0.0963113009929657,0.35104435682296753,0.30267125368118286,-0.5483787059783936,0.6263617873191833,False
train,0.34444674849510193,0.0,0.018560700118541718,0.09654635936021805,0.3510405123233795,0.30620455741882324,-0.5476362705230713,0.6274286508560181,False
train,0.34486350417137146,0.0,0.018664497882127762,0.09678279608488083,0.3510272800922394,0.3097705543041229,-0.5468690395355225,0.628508985042572,False
test,0.345280259847641,0.0,0.018769443035125732,0.09702054411172867,0.3510066568851471,0.3133668303489685,-0.5460748672485352,0.6296002864837646,False
train,0.3456970155239105,0.0,0.018875466659665108,0.09725964069366455,0.3509812653064728,0.31699132919311523,-0.545254647731781,0.6307029128074646,False
train,0.34611377120018005,0.0,0.01898263581097126,0.09750033915042877,0.3509525954723358,0.32064417004585266,-0.5444093346595764,0.6318181753158569,False
train,0.3465305268764496,0.0,0.01909092627465725,0.09774226695299149,0.35092324018478394,0.3243202567100525,-0.5435357093811035,0.6329413056373596,False
train,0.3469472825527191,0.0,0.019200406968593597,0.09798572212457657,0.35089486837387085,0.3280199468135834,-0.5426346659660339,0.6340736746788025,False
test,0.34736403822898865,0.0,0.019311046227812767,0.09823068976402283,0.3508695363998413,0.3317413628101349,-0.5417064428329468,0.6352150440216064,False
train,0.3477807939052582,0.0,0.01942290924489498,0.09847698360681534,0.350849986076355,0.33548083901405334,-0.5407476425170898,0.6363610625267029,False
train,0.3481975495815277,0.0,0.019535936415195465,0.09872478991746902,0.35083794593811035,0.3392374515533447,-0.5397605895996094,0.6375135779380798,False
train,0.34861430525779724,0.0,0.01965024322271347,0.09897398948669434,0.35083532333374023,0.34300854802131653,-0.538742184638977,0.638668954372406,False
train,0.3490310609340668,0.0,0.01976574771106243,0.09922470897436142,0.35084429383277893,0.3467934727668762,-0.5376941561698914,0.6398286819458008,False
test,0.3494477868080139,0.0,0.01988253928720951,0.0994768962264061,0.35086721181869507,0.3505888879299164,-0.536614179611206,0.640989363193512,False
train,0.34986454248428345,0.0,0.020000578835606575,0.09973055124282837,0.35090601444244385,0.35439351201057434,-0.5355024933815002,0.6421508193016052,False
train,0.350281298160553,0.0,0.020119978114962578,0.09998579323291779,0.35096269845962524,0.358206182718277,-0.5343577861785889,0.6433116793632507,False
train,0.3506980538368225,0.0,0.02024063467979431,0.1002424955368042,0.35103896260261536,0.36202409863471985,-0.5331802368164062,0.6444708108901978,False
train,0.35111480951309204,0.0,0.02036265842616558,0.10050080716609955,0.3511374592781067,0.36584579944610596,-0.5319688320159912,0.6456268429756165,False
test,0.3515315651893616,0.0,0.020486021414399147,0.10076054185628891,0.35125988721847534,0.3696684241294861,-0.5307221412658691,0.6467771530151367,False
train,0.3519483208656311,0.0,0.020610759034752846,0.10102187097072601,0.35140836238861084,0.37349140644073486,-0.5294400453567505,0.6479217410087585,False
train,0.35236507654190063,0.0,0.020736880600452423,0.10128480195999146,0.3515842854976654,0.37731289863586426,-0.5281224250793457,0.649059534072876,False
train,0.35278183221817017,0.0007936508045531809,0.020864415913820267,0.10154920071363449,0.3517903685569763,0.38112974166870117,-0.5267670154571533,0.6501871943473816,False
train,0.3531985878944397,0.0031746032182127237,0.020993385463953018,0.10181517153978348,0.35202816128730774,0.38494113087654114,-0.5253737568855286,0.6513042449951172,False
test,0.35361534357070923,0.0007936508045531809,0.021123820915818214,0.10208282619714737,0.35229963064193726,0.3887459337711334,-0.5239425897598267,0.6524103283882141,False
train,0.35403209924697876,0.0007936508045531809,0.02125570736825466,0.10235199332237244,0.35260626673698425,0.39254146814346313,-0.5224717259407043,0.6535024642944336,False
train,0.3544488549232483,0.004761904943734407,0.02138914354145527,0.1026228740811348,0.35295066237449646,0.39632660150527954,-0.5209607481956482,0.6545799374580383,False
train,0.3548656105995178,0.0,0.02152402698993683,0.10289530456066132,0.35333406925201416,0.40009909868240356,-0.5194094181060791,0.6556412577629089,False
train,0.35528233647346497,0.0,0.021660499274730682,0.10316937416791916,0.35375863313674927,0.40385720133781433,-0.5178155303001404,0.6566838026046753,False
test,0.3556990921497345,0.0007936508045531809,0.021798474714159966,0.10344503819942474,0.35422590374946594,0.40759947896003723,-0.5161795616149902,0.657707154750824,False
train,0.35611584782600403,0.0,0.021938053891062737,0.10372229665517807,0.3547378480434418,0.41132402420043945,-0.5144991874694824,0.6587085127830505,False
train,0.35653260350227356,0.007936508394777775,0.02207929454743862,0.10400138795375824,0.35529571771621704,0.41503122448921204,-0.5127747058868408,0.659688413143158,False
train,0.3569493591785431,0.0,0.02222207561135292,0.10428208112716675,0.3559018671512604,0.41871699690818787,-0.5110059380531311,0.6606443524360657,False
train,0.3573661148548126,0.0007936508045531809,0.022366579622030258,0.10456446558237076,0.3565577268600464,0.4223807454109192,-0.5091897249221802,0.6615736484527588,False
test,0.35778287053108215,0.0015873016091063619,0.02251274883747101,0.10484844446182251,0.3572644293308258,0.42602086067199707,-0.5073253512382507,0.6624747514724731,False
train,0.3581996262073517,0.0,0.02266060933470726,0.10513421148061752,0.3580242991447449,0.42963647842407227,-0.5054135322570801,0.6633478403091431,False
train,0.3586163818836212,0.0,0.022810226306319237,0.10542165488004684,0.3588390350341797,0.433224618434906,-0.5034517049789429,0.6641891598701477,False
train,0.35903313755989075,0.0,0.0229615680873394,0.10571080446243286,0.35970935225486755,0.43678510189056396,-0.5014399886131287,0.6649987101554871,False
train,0.3594498932361603,0.0,0.023114701732993126,0.10600174963474274,0.36063745617866516,0.4403168857097626,-0.49937695264816284,0.6657750010490417,False
test,0.3598666489124298,0.0007936508045531809,0.02326962538063526,0.10629440099000931,0.36162471771240234,0.4438173770904541,-0.49726155400276184,0.6665154695510864,False
train,0.36028340458869934,0.0,0.02342640608549118,0.1065889224410057,0.3626726567745209,0.44728678464889526,-0.49509280920028687,0.667219877243042,False
train,0.36070016026496887,0.0,0.023585040122270584,0.10688510537147522,0.3637827932834625,0.45072174072265625,-0.49286866188049316,0.6678844094276428,False
train,0.361116886138916,0.0,0.02374553680419922,0.10718300193548203,0.3649558126926422,0.4541218876838684,-0.4905887246131897,0.668508768081665,False
train,0.36153364181518555,0.0,0.023907989263534546,0.10748282819986343,0.3661942780017853,0.4574865400791168,-0.4882521629333496,0.6690919995307922,False
test,0.3619503974914551,0.0,0.02407238259911537,0.10778439044952393,0.36749887466430664,0.4608137607574463,-0.4858568608760834,0.6696314215660095,False
train,0.3623671531677246,0.0,0.02423875778913498,0.10808774083852768,0.3688710927963257,0.46410253643989563,-0.48340171575546265,0.6701256632804871,False
train,0.36278390884399414,0.0,0.024407146498560905,0.10839304327964783,0.3703120946884155,0.4673523008823395,-0.4808868169784546,0.6705746054649353,False
train,0.36320066452026367,0.0,0.024577569216489792,0.10870002955198288,0.37182313203811646,0.4705602824687958,-0.47830870747566223,0.67097407579422,False
train,0.3636174201965332,0.0,0.024750037118792534,0.10900901257991791,0.3734058737754822,0.47372740507125854,-0.47566893696784973,0.6713259816169739,False
test,0.36403417587280273,0.0,0.024924656376242638,0.109319768846035,0.37506136298179626,0.47685056924819946,-0.472962886095047,0.6716251373291016,False
train,0.36445093154907227,0.0,0.02510136365890503,0.1096324473619461,0.3767900764942169,0.4799303412437439,-0.4701922833919525,0.6718734502792358,False
train,0.3648676872253418,0.0,0.02528022788465023,0.10994687676429749,0.37859413027763367,0.4829636812210083,-0.46735310554504395,0.6720660924911499,False
train,0.36528444290161133,0.0023809524718672037,0.025461368262767792,0.11026336997747421,0.3804742991924286,0.48595234751701355,-0.46444517374038696,0.6722045540809631,False
train,0.36570119857788086,0.0007936508045531809,0.025644667446613312,0.11058167368173599,0.3824310898780823,0.4888934791088104,-0.4614675045013428,0.6722864508628845,False
test,0.3661179542541504,0.0,0.025830239057540894,0.11090192198753357,0.38446635007858276,0.49178627133369446,-0.45841825008392334,0.6723102331161499,False
train,0.36653468012809753,0.0,0.0260181687772274,0.11122411489486694,0.3865806460380554,0.4946305751800537,-0.45529505610466003,0.6722744703292847,False
train,0.36695143580436707,0.0,0.02620840258896351,0.11154821515083313,0.3887750804424286,0.49742433428764343,-0.45209744572639465,0.6721778512001038,False
train,0.3673681914806366,0.0,0.02640100196003914,0.11187438666820526,0.39105039834976196,0.5001688003540039,-0.44882434606552124,0.6720209121704102,False
train,0.36778494715690613,0.0007936508045531809,0.026596099138259888,0.11220236867666245,0.39340701699256897,0.5028612017631531,-0.4454704523086548,0.671798586845398,False
test,0.36820170283317566,0.0023809524718672037,0.026793571189045906,0.11253233999013901,0.3958463668823242,0.5055011510848999,-0.4420386552810669,0.6715129017829895,False
train,0.3686184585094452,0.06507936865091324,0.026993555948138237,0.11286435276269913,0.3983694016933441,0.5080885887145996,-0.4385252594947815,0.6711620092391968,False
train,0.3690352141857147,0.40317460894584656,0.027196088805794716,0.11319836974143982,0.4009765088558197,0.5106223225593567,-0.43492886424064636,0.6707445383071899,False
train,0.36945196986198425,0.5563492178916931,0.02740117721259594,0.11353439837694168,0.4036681354045868,0.5131027102470398,-0.4312475621700287,0.6702603101730347,False
train,0.3698687255382538,0.5579364895820618,0.02760889381170273,0.11387244611978531,0.4064449965953827,0.515528678894043,-0.42747926712036133,0.6697076559066772,False
test,0.3702854812145233,0.46269840002059937,0.02781929448246956,0.11421259492635727,0.40930789709091187,0.5178996920585632,-0.42362260818481445,0.6690860986709595,False
train,0.37070223689079285,0.5563492178916931,0.028032345697283745,0.11455459892749786,0.41225719451904297,0.5202133655548096,-0.4196748733520508,0.6683928370475769,False
train,0.3711189925670624,0.4436507821083069,0.028248148038983345,0.11489896476268768,0.4152928590774536,0.522473931312561,-0.4156373143196106,0.6676326990127563,False
train,0.3715357482433319,0.08015873283147812,0.02846677042543888,0.11524520069360733,0.4184155762195587,0.5246773958206177,-0.4115030765533447,0.6667991876602173,False
train,0.37195250391960144,0.0674603208899498,0.028688207268714905,0.11559353768825531,0.42162618041038513,0.5268235802650452,-0.40727269649505615,0.6658934950828552,False
test,0.3723692297935486,0.12619048357009888,0.028912516310811043,0.11594392359256744,0.4249240458011627,0.5289130210876465,-0.4029442071914673,0.6649158000946045,False
train,0.3727859854698181,0.28015872836112976,0.029139753431081772,0.11629662662744522,0.42830973863601685,0.5309478044509888,-0.39851659536361694,0.663868248462677,False
train,0.37320274114608765,0.48968252539634705,0.029369980096817017,0.116651251912117,0.4317828118801117,0.5329245924949646,-0.3939846158027649,0.6627461910247803,False
train,0.3736194968223572,0.49841269850730896,0.02960321493446827,0.11700806766748428,0.43534421920776367,0.534844160079956,-0.38934850692749023,0.6615515947341919,False
train,0.3740362524986267,0.45079365372657776,0.029839513823390007,0.11736705154180527,0.4389937222003937,0.5367074012756348,-0.38460588455200195,0.6602851748466492,False
test,0.37445300817489624,0.3849206268787384,0.030078964307904243,0.11772821098566055,0.4427306056022644,0.5385140180587769,-0.37975358963012695,0.6589462161064148,False
train,0.37486976385116577,0.0396825410425663,0.030321568250656128,0.11809146404266357,0.44655463099479675,0.5402647256851196,-0.3747890591621399,0.6575354337692261,False
train,0.3752865195274353,0.0023809524718672037,0.03056742623448372,0.11845701187849045,0.45046550035476685,0.5419600009918213,-0.36971116065979004,0.6560540795326233,False
train,0.37570327520370483,0.003968254197388887,0.030816584825515747,0.11882470548152924,0.45446309447288513,0.5435994863510132,-0.3645157217979431,0.6545014381408691,False
train,0.37612003087997437,0.003968254197388887,0.031069019809365273,0.11919458955526352,0.45854640007019043,0.5451840162277222,-0.3592027425765991,0.6528799533843994,False
test,0.3765367865562439,0.0,0.031324852257966995,0.11956672370433807,0.4627150297164917,0.5467143058776855,-0.35376840829849243,0.6511901617050171,False
train,0.3769535422325134,0.0,0.031584180891513824,0.11994098126888275,0.4669681787490845,0.5481904149055481,-0.34820836782455444,0.6494318842887878,False
train,0.37737029790878296,0.0,0.031846966594457626,0.12031759321689606,0.4713054597377777,0.5496139526367188,-0.3425230383872986,0.6476091146469116,False
train,0.3777870535850525,0.0,0.032113343477249146,0.12069639563560486,0.47572556138038635,0.5509854555130005,-0.33670705556869507,0.6457217931747437,False
train,0.37820377945899963,0.0,0.03238331899046898,0.1210775375366211,0.4802272319793701,0.5523064136505127,-0.330760657787323,0.6437740325927734,False
test,0.37862053513526917,0.0,0.03265700861811638,0.1214609295129776,0.4848088324069977,0.5535780191421509,-0.32467782497406006,0.6417665481567383,False
train,0.3790372908115387,0.0,0.03293446823954582,0.12184660881757736,0.48947036266326904,0.5548002123832703,-0.3184569478034973,0.6397015452384949,False
train,0.3794540464878082,0.0,0.03321569785475731,0.12223459035158157,0.4942097067832947,0.5559751391410828,-0.3120957016944885,0.6375830173492432,False
train,0.37987080216407776,0.0,0.03350084647536278,0.12262488901615143,0.49902576208114624,0.5571039915084839,-0.3055899143218994,0.6354132890701294,False
train,0.3802875578403473,0.0,0.033789876848459244,0.12301751971244812,0.5039158463478088,0.558188796043396,-0.29893845319747925,0.6331973671913147,False
test,0.3807043135166168,0.0,0.03408299759030342,0.12341248244047165,0.5088794231414795,0.5592309832572937,-0.2921348810195923,0.6309374570846558,False
train,0.38112106919288635,0.0,0.03438013419508934,0.12380972504615784,0.5139139294624329,0.56023108959198,-0.28517913818359375,0.6286382079124451,False
train,0.3815378248691559,0.0,0.03468145430088043,0.1242094412446022,0.5190169811248779,0.561193585395813,-0.2780667543411255,0.6263061165809631,False
train,0.3819545805454254,0.0,0.03498699888586998,0.1246115192770958,0.5241873264312744,0.5621191263198853,-0.2707936763763428,0.6239448189735413,False
train,0.38237133622169495,0.0,0.03529684990644455,0.12501586973667145,0.5294226408004761,0.5630077719688416,-0.26335620880126953,0.621557891368866,False
test,0.3827880918979645,0.0,0.03561104089021683,0.12542273104190826,0.5347198247909546,0.5638648271560669,-0.2557538151741028,0.6191555261611938,False
train,0.383204847574234,0.0,0.035929739475250244,0.1258319467306137,0.5400770902633667,0.5646907091140747,-0.24797850847244263,0.6167405843734741,False
train,0.38362157344818115,0.0,0.036252882331609726,0.12624362111091614,0.5454912781715393,0.5654887557029724,-0.240031898021698,0.614323079586029,False
train,0.3840383291244507,0.0,0.0365806482732296,0.1266576498746872,0.550959050655365,0.5662617683410645,-0.23190557956695557,0.6119089722633362,False
train,0.3844550848007202,0.0,0.03691311180591583,0.12707412242889404,0.5564789175987244,0.5670115947723389,-0.2235972285270691,0.6095062494277954,False
test,0.38487184047698975,0.0,0.0372503399848938,0.12749308347702026,0.5620474219322205,0.5677409768104553,-0.21510332822799683,0.6071237921714783,False
train,0.3852885961532593,0.0,0.03759245201945305,0.12791448831558228,0.5676606893539429,0.5684537291526794,-0.2064189910888672,0.6047713756561279,False
train,0.3857053518295288,0.0,0.03793944790959358,0.12833839654922485,0.5733160376548767,0.5691526532173157,-0.1975424885749817,0.6024597883224487,False
train,0.38612210750579834,0.0,0.03829147294163704,0.1287647783756256,0.5790100693702698,0.5698404312133789,-0.18846732378005981,0.6001983284950256,False
train,0.38653886318206787,0.0,0.038648657500743866,0.12919366359710693,0.5847394466400146,0.5705199837684631,-0.17918944358825684,0.5979982018470764,False
test,0.3869556188583374,0.0,0.03901102393865585,0.12962497770786285,0.5904989242553711,0.5711957216262817,-0.16970473527908325,0.595872700214386,False
train,0.38737237453460693,0.0,0.039378635585308075,0.13005895912647247,0.5962873101234436,0.5718703269958496,-0.1600116491317749,0.5938345193862915,False
train,0.38778913021087646,0.0,0.03975168615579605,0.1304953694343567,0.6020992398262024,0.5725469589233398,-0.15010106563568115,0.5918955206871033,False
train,0.388205885887146,0.0,0.040130190551280975,0.13093429803848267,0.6079314947128296,0.5732290744781494,-0.13997101783752441,0.5900707244873047,False
train,0.3886226415634155,0.0,0.04051430523395538,0.1313757449388504,0.6137794852256775,0.5739209055900574,-0.1296154260635376,0.5883752107620239,False
test,0.38903939723968506,0.0,0.040904052555561066,0.13181978464126587,0.6196390986442566,0.5746262669563293,-0.11903226375579834,0.5868253707885742,False
train,0.3894561231136322,0.0,0.04129965975880623,0.1322663426399231,0.6255053281784058,0.5753487348556519,-0.10821282863616943,0.5854367613792419,False
train,0.38987287878990173,0.0,0.04170108586549759,0.13271556794643402,0.6313761472702026,0.5760924816131592,-0.09715580940246582,0.5842275023460388,False
train,0.39028963446617126,0.0,0.04210860654711723,0.1331673115491867,0.6372455358505249,0.5768609046936035,-0.08585107326507568,0.583214282989502,False
train,0.3907063901424408,0.0,0.042522117495536804,0.13362163305282593,0.6431095004081726,0.5776575803756714,-0.07430022954940796,0.5824163556098938,False
test,0.3911231458187103,0.0,0.04294189065694809,0.13407857716083527,0.6489632725715637,0.578487753868103,-0.062493085861206055,0.581853449344635,False
train,0.39153990149497986,0.0,0.04336802288889885,0.13453802466392517,0.6548023819923401,0.5793540477752686,-0.05042386054992676,0.5815442204475403,False
train,0.3919566571712494,0.0,0.04380050674080849,0.13500016927719116,0.6606222987174988,0.5802624821662903,-0.038091301918029785,0.581511378288269,False
train,0.3923734128475189,0.0,0.0442395880818367,0.13546496629714966,0.6664174199104309,0.58121657371521,-0.025487065315246582,0.5817751288414001,False
train,0.39279016852378845,0.0,0.04468541964888573,0.1359323263168335,0.672184407711029,0.5822189450263977,-0.012602686882019043,0.5823553204536438,False
test,0.393206924200058,0.0,0.04513796791434288,0.1364024132490158,0.6779182553291321,0.583275556564331,0.0005617141723632812,0.5832758545875549,False
train,0.3936236798763275,0.0,0.045597437769174576,0.13687504827976227,0.6836137771606445,0.5843888521194458,0.014015674591064453,0.5845568776130676,False
train,0.39404043555259705,0.0,0.046064022928476334,0.13735035061836243,0.6892665028572083,0.5855640172958374,0.02776658535003662,0.5862219929695129,False
train,0.3944571912288666,0.0,0.046537719666957855,0.13782836496829987,0.6948708891868591,0.586806058883667,0.0418165922164917,0.5882940888404846,False
train,0.3948739469051361,0.0,0.04701872169971466,0.1383090317249298,0.7004233002662659,0.5881173014640808,0.05617380142211914,0.5907939076423645,False
test,0.39529067277908325,0.0,0.04750719666481018,0.13879233598709106,0.7059168815612793,0.5895034670829773,0.07084596157073975,0.5937452912330627,False
train,0.3957074284553528,0.0,0.04800322651863098,0.1392783373594284,0.7113497257232666,0.590967059135437,0.0858374834060669,0.5971684455871582,False
train,0.3961241841316223,0.0,0.048506978899240494,0.13976696133613586,0.716715395450592,0.5925124883651733,0.10115742683410645,0.6010856032371521,False
train,0.39654093980789185,0.0,0.049018632620573044,0.1402582824230194,0.7220097780227661,0.5941431522369385,0.11681151390075684,0.6055171489715576,False
train,0.3969576954841614,0.0,0.049538273364305496,0.14075231552124023,0.7272277474403381,0.5958644151687622,0.1328061819076538,0.6104849576950073,False
test,0.3973744511604309,0.0,0.050066083669662476,0.14124909043312073,0.7323652505874634,0.5976788997650146,0.14914822578430176,0.6160075068473816,False
train,0.39779120683670044,0.0,0.05060217157006264,0.14174853265285492,0.7374165654182434,0.5995911359786987,0.16584515571594238,0.6221045851707458,False
train,0.39820796251296997,0.0,0.051146719604730606,0.142250657081604,0.7423787713050842,0.6016035676002502,0.18290424346923828,0.6287931203842163,False
train,0.3986247181892395,0.0,0.05169989541172981,0.14275553822517395,0.7472466826438904,0.603720486164093,0.20033228397369385,0.6360907554626465,False
train,0.39904147386550903,0.0,0.052261803299188614,0.143263041973114,0.7520158290863037,0.6059443950653076,0.21813750267028809,0.6440128684043884,False
test,0.39945822954177856,0.0,0.052832748740911484,0.14377334713935852,0.7566823363304138,0.6082799434661865,0.2363286018371582,0.652576208114624,False
train,0.3998749852180481,0.0015873016091063619,0.05341269448399544,0.14428628981113434,0.7612422704696655,0.6107282638549805,0.2549102306365967,0.6617916822433472,False
train,0.4002917408943176,0.009523809887468815,0.054001957178115845,0.14480185508728027,0.7656907439231873,0.6132928133010864,0.27389395236968994,0.6716740131378174,False
train,0.40070846676826477,0.0,0.05460058152675629,0.14532038569450378,0.770024836063385,0.6159783601760864,0.29328036308288574,0.6822336316108704,False
train,0.4011252224445343,0.012698412872850895,0.05520890653133392,0.14584143459796906,0.7742400169372559,0.6187855005264282,0.31308794021606445,0.6934836506843567,False
test,0.40154197812080383,0.0,0.05582698807120323,0.14636525511741638,0.778333306312561,0.6217167973518372,0.3333181142807007,0.7054308652877808,False
train,0.40195873379707336,0.0,0.0564550943672657,0.14689183235168457,0.7823007106781006,0.6247758865356445,0.3539820909500122,0.7180865406990051,False
train,0.4023754894733429,0.01984127052128315,0.05709337443113327,0.14742106199264526,0.7861390709877014,0.6279633045196533,0.3750871419906616,0.7314562797546387,False
train,0.4027922451496124,0.0,0.05774189159274101,0.14795298874378204,0.789844810962677,0.6312816739082336,0.3966388702392578,0.7455460429191589,False
train,0.40320900082588196,0.0,0.05840107426047325,0.14848770201206207,0.7934151887893677,0.6347340941429138,0.4186514616012573,0.7603659629821777,False
test,0.4036257565021515,0.0,0.05907094478607178,0.1490250527858734,0.7968472838401794,0.638319730758667,0.44113004207611084,0.7759174108505249,False
train,0.404042512178421,0.0,0.05975181236863136,0.1495652049779892,0.8001385927200317,0.6420416831970215,0.4640847444534302,0.7922071814537048,False
train,0.40445926785469055,0.0,0.06044366955757141,0.15010805428028107,0.803286075592041,0.6459007859230042,0.4875204563140869,0.8092367053031921,False
train,0.4048760235309601,0.0,0.06114702299237251,0.15065345168113708,0.8062881231307983,0.6498955488204956,0.5114542245864868,0.8270124793052673,False
train,0.4052927792072296,0.02777777798473835,0.06186183914542198,0.15120169520378113,0.8091418147087097,0.6540293097496033,0.5358866453170776,0.8455346822738647,False
test,0.40570953488349915,0.0,0.06258846819400787,0.1517525613307953,0.8118448853492737,0.6583026647567749,0.560833215713501,0.8648099899291992,False
train,0.4061262905597687,0.0,0.0633271262049675,0.15230606496334076,0.8143959641456604,0.6627140045166016,0.5863015651702881,0.8848386406898499,False
train,0.4065430164337158,0.007936508394777775,0.06407782435417175,0.15286225080490112,0.8167932629585266,0.6672648191452026,0.6122952699661255,0.9056201577186584,False
train,0.40695977210998535,0.09841269999742508,0.06484108418226242,0.15342119336128235,0.8190358281135559,0.671954333782196,0.638831615447998,0.9271615147590637,False
train,0.4073765277862549,0.08968254178762436,0.0656169131398201,0.15398268401622772,0.8211215138435364,0.6767818927764893,0.6659140586853027,0.9494605660438538,False
test,0.4077932834625244,0.02857142873108387,0.0664057657122612,0.15454688668251038,0.8230500817298889,0.6817469000816345,0.6935588121414185,0.9725238680839539,False
train,0.40821003913879395,0.009523809887468815,0.06720765680074692,0.15511372685432434,0.8248206377029419,0.6868478655815125,0.7217681407928467,0.996347963809967,False
train,0.4086267948150635,0.011904762126505375,0.0680229514837265,0.15568320453166962,0.826431155204773,0.6920856833457947,0.7505558729171753,1.0209391117095947,False
train,0.409043550491333,0.003968254197388887,0.0688517838716507,0.15625518560409546,0.8278826475143433,0.6974547505378723,0.7799280881881714,1.0462939739227295,False
train,0.40946030616760254,0.0071428571827709675,0.06969452649354935,0.15682995319366455,0.8291745185852051,0.7029582262039185,0.8098964691162109,1.0724190473556519,False
test,0.40987706184387207,0.009523809887468815,0.070551298558712,0.15740728378295898,0.8303066492080688,0.7085912227630615,0.8404687643051147,1.0993131399154663,False
train,0.4102938175201416,0.012698412872850895,0.0714225172996521,0.15798704326152802,0.8312788605690002,0.7143504023551941,0.8716578483581543,1.126979947090149,False
train,0.41071057319641113,0.0071428571827709675,0.07230832427740097,0.15856947004795074,0.8320916295051575,0.7202350497245789,0.9034692049026489,1.1554198265075684,False
train,0.41112732887268066,0.011111111380159855,0.07320890575647354,0.15915447473526,0.8327457308769226,0.7262426018714905,0.9359087944030762,1.1846323013305664,False
train,0.4115440845489502,0.0071428571827709675,0.07412480562925339,0.15974199771881104,0.8332411646842957,0.7323700189590454,0.9689961671829224,1.2146272659301758,False
test,0.41196081042289734,0.011111111380159855,0.07505589723587036,0.16033193469047546,0.8335797786712646,0.7386116981506348,1.002727746963501,1.245395541191101,False
train,0.41237756609916687,0.007936508394777775,0.07600278407335281,0.16092438995838165,0.833761990070343,0.7449662685394287,1.0371211767196655,1.2769474983215332,False
train,0.4127943217754364,0.0071428571827709675,0.07696564495563507,0.161519393324852,0.8337898850440979,0.7514301538467407,1.072184443473816,1.3092848062515259,False
train,0.41321107745170593,0.004761904943734407,0.07794472575187683,0.1621168553829193,0.8336639404296875,0.7579984664916992,1.1079206466674805,1.3424044847488403,False
train,0.41362783312797546,0.0071428571827709675,0.07894031703472137,0.16271670162677765,0.8333864212036133,0.7646666765213013,1.144342064857483,1.3763116598129272,False
test,0.414044588804245,0.0031746032182127237,0.07995263487100601,0.163318932056427,0.8329589366912842,0.7714297771453857,1.1814533472061157,1.4110053777694702,False
train,0.4144613444805145,0.004761904943734407,0.08098210394382477,0.16392351686954498,0.8323838710784912,0.7782834768295288,1.2192654609680176,1.4464900493621826,False
train,0.41487810015678406,0.004761904943734407,0.08202897012233734,0.16453053057193756,0.8316620588302612,0.7852239608764648,1.257784366607666,1.482767105102539,False
train,0.4152948558330536,0.0055555556900799274,0.08309344202280045,0.16513986885547638,0.8307980298995972,0.7922433018684387,1.297013521194458,1.5198334455490112,False
train,0.4157116115093231,0.011904762126505375,0.08417586237192154,0.16575150191783905,0.8297922015190125,0.799338161945343,1.3369618654251099,1.557693362236023,False
test,0.41612836718559265,0.010317460633814335,0.08527660369873047,0.1663653701543808,0.8286485075950623,0.8065016269683838,1.377638339996338,1.5963495969772339,False
train,0.4165451228618622,0.008730159141123295,0.08639588207006454,0.166981503367424,0.8273691534996033,0.8137274384498596,1.4190421104431152,1.6357972621917725,False
train,0.4169618785381317,0.009523809887468815,0.08753398805856705,0.16760002076625824,0.8259577751159668,0.8210103511810303,1.4611787796020508,1.6760374307632446,False
train,0.41737863421440125,0.007936508394777775,0.08869123458862305,0.16822050511837006,0.8244159817695618,0.8283423781394958,1.5040549039840698,1.7170708179473877,False
train,0.4177953600883484,0.011904762126505375,0.0898679569363594,0.1688431352376938,0.8227489590644836,0.8357162475585938,1.5476716756820679,1.7588943243026733,False
test,0.4182121157646179,0.007936508394777775,0.0910644456744194,0.16946789622306824,0.8209580779075623,0.8431271910667419,1.5920329093933105,1.8015083074569702,False
train,0.41862887144088745,0.009523809887468815,0.09228105843067169,0.1700948178768158,0.8190482258796692,0.8505668044090271,1.6371417045593262,1.8449110984802246,False
train,0.419045627117157,0.01984127052128315,0.0935179740190506,0.17072363197803497,0.8170214891433716,0.8580275177955627,1.6829946041107178,1.8890955448150635,False
train,0.4194623827934265,0.01825396902859211,0.09477557986974716,0.1713544875383377,0.8148832321166992,0.8655000329017639,1.7295928001403809,1.9340583086013794,False
train,0.41987913846969604,0.01587301678955555,0.09605417400598526,0.17198729515075684,0.8126354217529297,0.8729795813560486,1.7769352197647095,1.9797959327697754,False
test,0.4202958941459656,0.02619047649204731,0.09735415875911713,0.17262202501296997,0.810283362865448,0.8804555535316467,1.8250219821929932,2.026303768157959,False
train,0.4207126498222351,0.01825396902859211,0.09867560118436813,0.17325857281684875,0.8078299164772034,0.887920618057251,1.873842716217041,2.0735692977905273,False
train,0.42112940549850464,0.01587301678955555,0.1000189259648323,0.17389695346355438,0.8052799701690674,0.8953644633293152,1.923393726348877,2.12158465385437,False
train,0.42154616117477417,0.015079365111887455,0.1013844832777977,0.17453710734844208,0.8026363849639893,0.9027804136276245,1.9736708402633667,2.1703431606292725,False
train,0.4219629168510437,0.010317460633814335,0.10277250409126282,0.1751789152622223,0.7999046444892883,0.9101577401161194,2.024665355682373,2.2198326587677,False
test,0.42237967252731323,0.0055555556900799274,0.10418339818716049,0.1758224070072174,0.7970877289772034,0.9174880981445312,2.0763673782348633,2.270040988922119,False
train,0.42279642820358276,0.003968254197388887,0.10561718046665192,0.1764674335718155,0.794190526008606,0.9247606992721558,2.1287589073181152,2.3209474086761475,False
train,0.4232131838798523,0.003968254197388887,0.1070743203163147,0.17711392045021057,0.7912165522575378,0.931966245174408,2.1818299293518066,2.3725392818450928,False
train,0.42362990975379944,0.004761904943734407,0.10855486243963242,0.1777619868516922,0.7881706357002258,0.9390947818756104,2.2355539798736572,2.4247887134552,False
train,0.42404666543006897,0.003968254197388887,0.11005944758653641,0.17841152846813202,0.7850573062896729,0.9461368918418884,2.289928913116455,2.4776902198791504,False
test,0.4244634211063385,0.0063492064364254475,0.11158803850412369,0.17906233668327332,0.7818804383277893,0.9530801773071289,2.344921112060547,2.5312085151672363,False
train,0.42488017678260803,0.0063492064364254475,0.11314109712839127,0.1797143518924713,0.7786440849304199,0.9599141478538513,2.400515556335449,2.5853259563446045,False
train,0.42529693245887756,0.008730159141123295,0.11471858620643616,0.1803675889968872,0.7753517627716064,0.9666299223899841,2.4566726684570312,2.640002727508545,False
train,0.4257136881351471,0.004761904943734407,0.11632098257541656,0.18102209270000458,0.7720102071762085,0.9732138514518738,2.513373374938965,2.695216178894043,False
train,0.4261304438114166,0.0031746032182127237,0.11794842034578323,0.1816774606704712,0.7686215043067932,0.9796549081802368,2.5705795288085938,2.750927686691284,False
test,0.42654719948768616,0.004761904943734407,0.11960089951753616,0.1823338270187378,0.7651907205581665,0.9859405159950256,2.6282479763031006,2.8070921897888184,False
train,0.4269639551639557,0.0031746032182127237,0.12127885222434998,0.18299107253551483,0.7617212533950806,0.9920604228973389,2.686347007751465,2.8636767864227295,False
train,0.4273807108402252,0.009523809887468815,0.12298224121332169,0.1836491972208023,0.7582189440727234,0.9980003833770752,2.744821548461914,2.9206249713897705,False
train,0.42779746651649475,0.0063492064364254475,0.12471121549606323,0.18430796265602112,0.7546868920326233,1.0037486553192139,2.803626298904419,2.9778904914855957,False
train,0.4282142221927643,0.0071428571827709675,0.1264660656452179,0.18496736884117126,0.7511289119720459,1.0092918872833252,2.86271071434021,3.035421371459961,False
test,0.4286309778690338,0.004761904943734407,0.12824666500091553,0.18562716245651245,0.7475484013557434,1.01461660861969,2.922008514404297,3.0931506156921387,False
train,0.42904770374298096,0.003968254197388887,0.13005320727825165,0.18628743290901184,0.743952214717865,1.0197081565856934,2.981459140777588,3.1510162353515625,False
train,0.4294644594192505,0.003968254197388887,0.13188567757606506,0.18694797158241272,0.7403410077095032,1.0245540142059326,3.040989637374878,3.2089450359344482,False
train,0.42988121509552,0.0063492064364254475,0.1337440311908722,0.18760867416858673,0.7367199659347534,1.0291393995285034,3.100524663925171,3.2668612003326416,False
train,0.43029797077178955,0.0023809524718672037,0.13562846183776855,0.18826965987682343,0.733092725276947,1.0334508419036865,3.1599855422973633,3.3246848583221436,False
test,0.4307147264480591,0.004761904943734407,0.13753864169120789,0.18893037736415863,0.729463517665863,1.0374687910079956,3.2192797660827637,3.382322311401367,False
train,0.4311314821243286,0.02301587350666523,0.13947464525699615,0.1895909309387207,0.7258344888687134,1.041182279586792,3.2783126831054688,3.4396796226501465,False
train,0.43154823780059814,0.07619047909975052,0.14143607020378113,0.19025129079818726,0.7222108840942383,1.0445725917816162,3.336970329284668,3.4966416358947754,False
train,0.4319649934768677,0.04603174701333046,0.1434229463338852,0.19091126322746277,0.7185955047607422,1.0476248264312744,3.395153760910034,3.5531094074249268,False
train,0.4323817491531372,0.01984127052128315,0.14543502032756805,0.19157055020332336,0.714991569519043,1.0503208637237549,3.4527413845062256,3.6089606285095215,False
test,0.43279850482940674,0.0071428571827709675,0.1474718302488327,0.1922289878129959,0.7114019393920898,1.0526427030563354,3.5095980167388916,3.66405987739563,False
train,0.43321526050567627,0.0071428571827709675,0.1495331972837448,0.19288676977157593,0.7078301310539246,1.0545744895935059,3.5655879974365234,3.7182717323303223,False
train,0.4336320161819458,0.0063492064364254475,0.15161876380443573,0.1935434639453888,0.7042794823646545,1.0560967922210693,3.6205737590789795,3.7714579105377197,False
train,0.43404877185821533,0.0055555556900799274,0.15372785925865173,0.19419895112514496,0.7007522583007812,1.0571914911270142,3.6743855476379395,3.82344913482666,False
train,0.43446552753448486,0.0055555556900799274,0.1558600813150406,0.1948530375957489,0.6972509622573853,1.057838797569275,3.7268638610839844,3.8740854263305664,False
test,0.434882253408432,0.0055555556900799274,0.15801452100276947,0.19550557434558868,0.6937800645828247,1.0580174922943115,3.7778172492980957,3.92317533493042,False
train,0.43529900908470154,0.0055555556900799274,0.16019104421138763,0.19615644216537476,0.6903406381607056,1.0577083826065063,3.8270740509033203,3.9705469608306885,False
train,0.43571576476097107,0.0055555556900799274,0.1623883694410324,0.19680534303188324,0.6869345903396606,1.0568903684616089,3.874417304992676,4.015984058380127,False
train,0.4361325204372406,0.0055555556900799274,0.16460590064525604,0.1974520981311798,0.6835657954216003,1.0555413961410522,3.9196393489837646,4.05927848815918,False
train,0.43654927611351013,0.008730159141123295,0.16684259474277496,0.1980966031551361,0.6802359223365784,1.053639531135559,3.9625115394592285,4.100201606750488,False
test,0.43696603178977966,0.0063492064364254475,0.16909758746623993,0.19873839616775513,0.6769459247589111,1.0511611700057983,4.002800464630127,4.13852071762085,False
train,0.4373827874660492,0.011111111380159855,0.17136943340301514,0.19937755167484283,0.6736997365951538,1.0480847358703613,4.040244102478027,4.173973560333252,False
train,0.4377995431423187,0.0071428571827709675,0.17365692555904388,0.20001351833343506,0.6704984307289124,1.0443837642669678,4.0745720863342285,4.206290245056152,False
train,0.43821629881858826,0.008730159141123295,0.17595891654491425,0.2006463259458542,0.6673439741134644,1.040035605430603,4.105518341064453,4.235204219818115,False
train,0.4386330544948578,0.009523809887468815,0.17827358841896057,0.20127567648887634,0.6642362475395203,1.0350167751312256,4.132771968841553,4.260406494140625,False
test,0.4390498101711273,0.011111111380159855,0.1805996298789978,0.2019011378288269,0.6611788868904114,1.029299020767212,4.156036376953125,4.281599521636963,False
train,0.43946656584739685,0.013492063619196415,0.18293504416942596,0.20252276957035065,0.6581724882125854,1.0228604078292847,4.174980640411377,4.298454284667969,False
train,0.4398833215236664,0.010317460633814335,0.18527817726135254,0.20313982665538788,0.6552180647850037,1.015669822692871,4.189270496368408,4.310635089874268,False
train,0.4403000771999359,0.008730159141123295,0.18762677907943726,0.20375223457813263,0.6523160338401794,1.007704496383667,4.198551654815674,4.317789554595947,False
train,0.44071680307388306,0.009523809887468815,0.18997859954833984,0.20435981452465057,0.6494702696800232,0.9989369511604309,4.202463150024414,4.319556713104248,False
test,0.4411335587501526,0.013492063619196415,0.19233167171478271,0.20496225357055664,0.6466782093048096,0.9893399477005005,4.200617790222168,4.315551280975342,False
train,0.4415503144264221,0.012698412872850895,0.19468317925930023,0.2055589258670807,0.6439414024353027,0.9788873195648193,4.19263219833374,4.305390357971191,False
train,0.44196707010269165,0.02063492126762867,0.19703061878681183,0.20614971220493317,0.6412617564201355,0.9675519466400146,4.178106307983398,4.288674354553223,False
train,0.4423838257789612,0.012698412872850895,0.1993710696697235,0.206734299659729,0.6386383771896362,0.9553090929985046,4.156622886657715,4.264988899230957,False
train,0.4428005814552307,0.02142857201397419,0.2017015516757965,0.2073121815919876,0.6360720992088318,0.9421309232711792,4.127758026123047,4.23391056060791,False
test,0.44321733713150024,0.015079365111887455,0.2040189653635025,0.20788311958312988,0.6335635781288147,0.9279921054840088,4.091082572937012,4.195012092590332,False
train,0.4436340928077698,0.02619047649204731,0.20631980895996094,0.20844680070877075,0.6311129927635193,0.9128695726394653,4.046161651611328,4.147861480712891,False
train,0.4440508484840393,0.02142857201397419,0.20860084891319275,0.20900270342826843,0.6287192106246948,0.8967412710189819,3.9925613403320312,4.09202766418457,False
train,0.44446760416030884,0.02301587350666523,0.21085776388645172,0.2095504254102707,0.626382052898407,0.8795839548110962,3.929826021194458,4.0270586013793945,False
train,0.44488435983657837,0.02063492126762867,0.21308709681034088,0.2100895643234253,0.6241024732589722,0.8613749146461487,3.857520818710327,3.9525222778320312,False
test,0.4453011155128479,0.04206349328160286,0.2152848094701767,0.2106197327375412,0.6218798160552979,0.8421003222465515,3.7752273082733154,3.868006467819214,False
train,0.44571787118911743,0.07460317760705948,0.21744629740715027,0.21114052832126617,0.6197125315666199,0.8217442035675049,3.682504653930664,3.773076295852661,False
train,0.4461345970630646,0.08888889104127884,0.21956738829612732,0.21165144443511963,0.6176015138626099,0.8002920150756836,3.578948736190796,3.6673343181610107,False
train,0.4465513527393341,0.06587301939725876,0.2216433882713318,0.21215225756168365,0.6155442595481873,0.7777360677719116,3.4641506671905518,3.550382137298584,False
train,0.44696810841560364,0.0515873022377491,0.22366945445537567,0.21264226734638214,0.6135408878326416,0.7540677189826965,3.337735652923584,3.4218556880950928,False
test,0.44738486409187317,0.1746031790971756,0.22564086318016052,0.2131212204694748,0.6115893721580505,0.7292898297309875,3.199369192123413,3.2814366817474365,False
train,0.4478016197681427,0.14920635521411896,0.22755254805088043,0.21358858048915863,0.6096900701522827,0.703402042388916,3.0487327575683594,3.1288249492645264,False
train,0.44821837544441223,0.19206349551677704,0.22939911484718323,0.21404394507408142,0.6078410148620605,0.6764159202575684,2.8855462074279785,2.9637670516967773,False
train,0.44863513112068176,0.6634920835494995,0.23117557168006897,0.21448685228824615,0.6060401201248169,0.6483469009399414,2.7095940113067627,2.7860822677612305,False
train,0.4490518867969513,0.8611111044883728,0.23287610709667206,0.21491698920726776,0.6042880415916443,0.6192141771316528,2.5206751823425293,2.5956172943115234,False
test,0.4494686424732208,0.5992063283920288,0.2344958335161209,0.21533381938934326,0.6025811433792114,0.5890489816665649,2.318697929382324,2.3923499584198,False
train,0.44988539814949036,0.1944444477558136,0.2360290288925171,0.21573711931705475,0.6009179949760437,0.5578905344009399,2.1036088466644287,2.1763298511505127,False
train,0.4503021538257599,0.22142857313156128,0.2374703288078308,0.21612627804279327,0.5992966294288635,0.5257806181907654,1.8754161596298218,1.9477245807647705,False
train,0.4507189095020294,0.5825396776199341,0.23881404101848602,0.21650101244449615,0.5977160930633545,0.49277669191360474,1.63424813747406,1.706925868988037,False
train,0.45113566517829895,0.7690476179122925,0.2400551289319992,0.21686115860939026,0.5961734652519226,0.4589434862136841,1.3802789449691772,1.4545787572860718,False
test,0.4515524208545685,0.48174601793289185,0.24118824303150177,0.217206209897995,0.5946666598320007,0.42435938119888306,1.113834261894226,1.1919344663619995,False
train,0.4519691467285156,0.6246031522750854,0.24220824241638184,0.21753588318824768,0.5931941270828247,0.38911014795303345,0.83530592918396,0.921489417552948,False
train,0.45238590240478516,0.4253968298435211,0.2431102991104126,0.21785002946853638,0.5917524695396423,0.3532945513725281,0.5451852083206177,0.6496490836143494,False
train,0.4528026580810547,0.3301587402820587,0.24388965964317322,0.2181483954191208,0.5903394818305969,0.3170229494571686,0.244085431098938,0.40010154247283936,False
train,0.4532194137573242,0.2984127104282379,0.24454189836978912,0.21843084692955017,0.588952362537384,0.28042030334472656,-0.06722307205200195,0.2883651852607727,False
test,0.45363616943359375,0.3206349313259125,0.24506303668022156,0.2186974138021469,0.5875890851020813,0.24362385272979736,-0.38789045810699463,0.4580519497394562,False
train,0.4540529251098633,0.2571428716182709,0.2454492747783661,0.21894802153110504,0.5862463712692261,0.20678198337554932,-0.716925323009491,0.7461506128311157,False
train,0.4544696807861328,0.4722222089767456,0.24569767713546753,0.21918247640132904,0.5849219560623169,0.17005646228790283,-1.0532135963439941,1.0668543577194214,False
train,0.45488643646240234,0.682539701461792,0.24580517411231995,0.21940100193023682,0.5836108922958374,0.1336246132850647,-1.3955034017562866,1.4018863439559937,False
train,0.4553031921386719,0.6523809432983398,0.24576981365680695,0.2196040153503418,0.5823120474815369,0.09767115116119385,-1.7424529790878296,1.7451882362365723,False
test,0.4557199478149414,0.7031745910644531,0.24558976292610168,0.21979133784770966,0.5810213088989258,0.06239128112792969,-2.0925984382629395,2.0935285091400146,False
train,0.45613670349121094,0.6650793552398682,0.24526436626911163,0.2199636548757553,0.5797352194786072,0.02799484133720398,-2.4443626403808594,2.4445230960845947,False
train,0.45655345916748047,0.7190476059913635,0.24479301273822784,0.22012124955654144,0.5784509778022766,-0.00530126690864563,-2.796055555343628,2.796060562133789,False
train,0.45697021484375,0.40317460894584656,0.24417641758918762,0.2202647179365158,0.5771650671958923,-0.03727349638938904,-3.1459600925445557,3.1461808681488037,False
train,0.45738694071769714,0.5206349492073059,0.24341575801372528,0.2203943431377411,0.5758739709854126,-0.0676918625831604,-3.4922027587890625,3.49285888671875,False
test,0.4578036963939667,0.39126983284950256,0.24251262843608856,0.2205113023519516,0.574573278427124,-0.09632650017738342,-3.8330068588256836,3.834217071533203,False
train,0.4582204520702362,0.4214285612106323,0.24147005379199982,0.22061601281166077,0.5732598900794983,-0.12294319272041321,-4.166433811187744,4.168247222900391,False
train,0.45863720774650574,0.20317460596561432,0.2402915358543396,0.22070953249931335,0.5719296932220459,-0.14730705320835114,-4.490586280822754,4.493001937866211,False
train,0.45905396342277527,0.05000000074505806,0.238981232047081,0.22079281508922577,0.5705788135528564,-0.16919393837451935,-4.803617477416992,4.806596279144287,False
train,0.4594707190990448,0.0071428571827709675,0.2375441938638687,0.22086694836616516,0.5692043304443359,-0.18838196992874146,-5.103643417358398,5.107119083404541,False
test,0.45988747477531433,0.007936508394777775,0.23598679900169373,0.22093315422534943,0.5678010582923889,-0.20465928316116333,-5.388920783996582,5.392805576324463,False
train,0.46030423045158386,0.011904762126505375,0.2343147248029709,0.22099244594573975,0.5663653612136841,-0.21783360838890076,-5.6577582359313965,5.66195011138916,False
train,0.4607209861278534,0.004761904943734407,0.23253598809242249,0.22104646265506744,0.5648927092552185,-0.22772297263145447,-5.90859317779541,5.912979602813721,False
train,0.4611377418041229,0.0063492064364254475,0.23065795004367828,0.2210962176322937,0.5633798241615295,-0.23416772484779358,-6.139979362487793,6.144443511962891,False
train,0.46155449748039246,0.0055555556900799274,0.22868920862674713,0.22114349901676178,0.561822235584259,-0.23703250288963318,-6.350652694702148,6.355074882507324,False
test,0.461971253156662,0.0023809524718672037,0.22663886845111847,0.2211896777153015,0.5602155327796936,-0.23620659112930298,-6.539491653442383,6.543756008148193,False
train,0.4623880088329315,0.0055555556900799274,0.22451573610305786,0.2212361842393875,0.5585557222366333,-0.23160740733146667,-6.70560359954834,6.709602355957031,False
train,0.46280476450920105,0.013492063619196415,0.2223300337791443,0.22128474712371826,0.5568391680717468,-0.22318251430988312,-6.848288536071777,6.851924419403076,False
train,0.4632214903831482,0.007936508394777775,0.22009165585041046,0.22133684158325195,0.5550605654716492,-0.21091215312480927,-6.967010498046875,6.9702019691467285,False
train,0.4636382460594177,0.004761904943734407,0.21781054139137268,0.22139428555965424,0.5532167553901672,-0.19480940699577332,-7.061538219451904,7.064225196838379,False
test,0.46405500173568726,0.0396825410425663,0.21549665927886963,0.22145819664001465,0.5513026118278503,-0.1749182492494583,-7.13177490234375,7.133919715881348,False
train,0.4644717574119568,0.04603174701333046,0.21316032111644745,0.22153034806251526,0.5493146181106567,-0.15132059156894684,-7.177867889404297,7.179462909698486,False
train,0.4648885130882263,0.14365079998970032,0.21081148087978363,0.22161218523979187,0.5472486615180969,-0.12412939965724945,-7.200174331665039,7.201244354248047,False
train,0.46530526876449585,0.15317460894584656,0.20846043527126312,0.22170531749725342,0.5451000332832336,-0.09348855912685394,-7.199238300323486,7.199845314025879,False
train,0.4657220244407654,0.07222222536802292,0.20611616969108582,0.22181080281734467,0.5428653359413147,-0.05957600474357605,-7.175776481628418,7.176023483276367,False
test,0.4661387801170349,0.0007936508045531809,0.20378810167312622,0.22193007171154022,0.5405402183532715,-0.02259191870689392,-7.13067626953125,7.130712032318115,False
train,0.46655553579330444,0.014285714365541935,0.20148535072803497,0.22206446528434753,0.5381205081939697,0.017233937978744507,-7.064981460571289,7.06500244140625,False
train,0.466972291469574,0.012698412872850895,0.19921596348285675,0.22221483290195465,0.5356032252311707,0.059650719165802,-6.979824542999268,6.980079174041748,False
train,0.4673890471458435,0.0071428571827709675,0.196988046169281,0.22238220274448395,0.5329840183258057,0.1043882966041565,-6.876468658447266,6.877261161804199,False
train,0.46780580282211304,0.011111111380159855,0.19480881094932556,0.22256754338741302,0.5302592515945435,0.15116602182388306,-6.756233215332031,6.7579240798950195,False
test,0.46822255849838257,0.0063492064364254475,0.19268499314785004,0.22277143597602844,0.5274266600608826,0.19968602061271667,-6.620523929595947,6.623534679412842,False
train,0.4686393141746521,0.0023809524718672037,0.1906229555606842,0.22299455106258392,0.5244809985160828,0.249650239944458,-6.4707441329956055,6.475558280944824,False
train,0.46905604004859924,0.0023809524718672037,0.18862837553024292,0.22323746979236603,0.5214198231697083,0.3007481098175049,-6.308357238769531,6.315522193908691,False
train,0.4694727957248688,0.0,0.1867058426141739,0.22350044548511505,0.5182399749755859,0.3526853322982788,-6.134747505187988,6.144876956939697,False
train,0.4698895514011383,0.0031746032182127237,0.18486003577709198,0.22378365695476532,0.5149389505386353,0.40515458583831787,-5.951350212097168,5.96512508392334,False
test,0.47030630707740784,0.0015873016091063619,0.18309462070465088,0.2240874022245407,0.5115140676498413,0.4578656554222107,-5.759522438049316,5.777693271636963,False
train,0.47072306275367737,0.004761904943734407,0.18141311407089233,0.22441145777702332,0.5079615116119385,0.5105371475219727,-5.560592174530029,5.583980083465576,False
train,0.4711398184299469,0.0,0.17981794476509094,0.22475571930408478,0.5042802095413208,0.5628955364227295,-5.355813503265381,5.385312557220459,False
train,0.47155657410621643,0.0015873016091063619,0.1783115416765213,0.22512000799179077,0.5004678964614868,0.6146894693374634,-5.146353721618652,5.182933807373047,False
train,0.47197332978248596,0.0023809524718672037,0.17689530551433563,0.22550399601459503,0.49652230739593506,0.6656746864318848,-4.933333396911621,4.978041648864746,False
test,0.4723900854587555,0.0,0.1755707710981369,0.22590719163417816,0.49244144558906555,0.7156330347061157,-4.717751502990723,4.771719932556152,False
train,0.472806841135025,0.0031746032182127237,0.17433899641036987,0.2263289988040924,0.4882248044013977,0.7643561959266663,-4.500557899475098,4.565003871917725,False
train,0.47322359681129456,0.02857142873108387,0.1731998473405838,0.2267688810825348,0.4838707447052002,0.811658501625061,-4.282591819763184,4.358828067779541,False
train,0.4736403524875641,0.0396825410425663,0.17215421795845032,0.2272261381149292,0.4793785810470581,0.8573697805404663,-4.064603328704834,4.154044151306152,False
train,0.4740571081638336,0.01666666753590107,0.17120155692100525,0.22769992053508759,0.4747474789619446,0.9013370275497437,-3.847259759902954,3.951432228088379,False
test,0.47447383403778076,0.04682539775967598,0.1703416407108307,0.22818943858146667,0.46997761726379395,0.9434276819229126,-3.63112735748291,3.75168514251709,False
train,0.4748905897140503,0.12063492089509964,0.169573575258255,0.22869406640529633,0.465067982673645,0.9835255742073059,-3.416693687438965,3.5554349422454834,False
train,0.4753073453903198,0.11587301641702652,0.16889695823192596,0.22921249270439148,0.4600200355052948,1.0215201377868652,-3.204375982284546,3.3632616996765137,False
train,0.47572410106658936,0.03333333507180214,0.16831058263778687,0.22974415123462677,0.45483410358428955,1.0573253631591797,-2.9945011138916016,3.175684928894043,False
train,0.4761408567428589,0.15555556118488312,0.16781334578990936,0.23028777539730072,0.4495105743408203,1.090861439704895,-2.787322998046875,2.9931836128234863,False
test,0.4765576124191284,0.1349206417798996,0.16740398108959198,0.23084235191345215,0.44405093789100647,1.12205970287323,-2.583040714263916,2.8162238597869873,False
train,0.47697436809539795,0.04206349328160286,0.1670815348625183,0.23140688240528107,0.43845775723457336,1.1508619785308838,-2.381774663925171,2.645247459411621,False
train,0.4773911237716675,0.0015873016091063619,0.16684451699256897,0.23198050260543823,0.4327321946620941,1.1772207021713257,-2.1835877895355225,2.4807064533233643,False
train,0.477807879447937,0.0015873016091063619,0.16669151186943054,0.23256166279315948,0.42687690258026123,1.2010924816131592,-1.9884932041168213,2.3230860233306885,False
train,0.47822463512420654,0.03650793805718422,0.16662146151065826,0.23314975202083588,0.4208940863609314,1.2224453687667847,-1.796440839767456,2.1729178428649902,False
test,0.4786413908004761,0.0031746032182127237,0.16663296520709991,0.23374326527118683,0.41478806734085083,1.241245150566101,-1.6073516607284546,2.030829429626465,False
train,0.4790581464767456,0.0031746032182127237,0.16672469675540924,0.23434144258499146,0.4085611402988434,1.257468342781067,-1.4211095571517944,1.8975719213485718,False
train,0.47947490215301514,0.007936508394777775,0.1668955385684967,0.23494283854961395,0.40221700072288513,1.2710951566696167,-1.2375307083129883,1.7740250825881958,False
train,0.47989165782928467,0.011111111380159855,0.1671442836523056,0.23554649949073792,0.39576080441474915,1.2821085453033447,-1.056429386138916,1.661278247833252,False
train,0.4803083837032318,0.0063492064364254475,0.16747009754180908,0.23615121841430664,0.38919711112976074,1.2904943227767944,-0.8776081204414368,1.5606318712234497,False
test,0.48072513937950134,0.01746031828224659,0.16787198185920715,0.23675595223903656,0.38252905011177063,1.296247959136963,-0.7007962465286255,1.4735583066940308,False
train,0.4811418950557709,0.004761904943734407,0.16834892332553864,0.2373594045639038,0.37576332688331604,1.299360752105713,-0.5257471799850464,1.401694893836975,False
train,0.4815586507320404,0.010317460633814335,0.168900266289711,0.23796048760414124,0.36890509724617004,1.2998348474502563,-0.35219812393188477,1.3467049598693848,False
train,0.48197540640830994,0.009523809887468815,0.16952551901340485,0.23855823278427124,0.3619600534439087,1.2976784706115723,-0.1798774003982544,1.3100860118865967,False
train,0.48239216208457947,0.02857142873108387,0.17022398114204407,0.2391512244939804,0.3549337685108185,1.292905569076538,-0.008531570434570312,1.292933702468872,False
test,0.482808917760849,0.02539682574570179,0.17099529504776,0.23973868787288666,0.3478338420391083,1.285536289215088,0.1621077060699463,1.2957168817520142,False
train,0.48322567343711853,0.09444444626569748,0.17183922231197357,0.24031904339790344,0.3406665027141571,1.2756003141403198,0.33228206634521484,1.31816828250885,False
train,0.48364242911338806,0.11349206417798996,0.17275552451610565,0.2408917397260666,0.333438515663147,1.2631434202194214,0.5022127628326416,1.3593193292617798,False
train,0.4840591847896576,0.010317460633814335,0.17374397814273834,0.24145527184009552,0.3261568248271942,1.2482181787490845,0.6720832586288452,1.4176546335220337,False
train,0.4844759404659271,0.013492063619196415,0.17480453848838806,0.2420089989900589,0.3188295066356659,1.2308950424194336,0.8420389890670776,1.4913525581359863,False
test,0.48489269614219666,0.02301587350666523,0.17593711614608765,0.24255169928073883,0.31146395206451416,1.2112592458724976,1.0121797323226929,1.5784982442855835,False
train,0.4853094518184662,0.0023809524718672037,0.17714186012744904,0.24308235943317413,0.3040679097175598,1.1894170045852661,1.1825470924377441,1.677238941192627,False
train,0.4857262074947357,0.0007936508045531809,0.17841872572898865,0.24360017478466034,0.29664868116378784,1.1654878854751587,1.353141188621521,1.785875916481018,False
train,0.48614293336868286,0.0007936508045531809,0.17976751923561096,0.24410438537597656,0.28921619057655334,1.1396223306655884,1.5238232612609863,1.9028337001800537,False
train,0.4865596890449524,0.0055555556900799274,0.1811884343624115,0.24459406733512878,0.2817762792110443,1.1119823455810547,1.6944608688354492,2.0267467498779297,False
test,0.4869764447212219,0.03888889029622078,0.1826811283826828,0.24506855010986328,0.2743387520313263,1.082756519317627,1.864781141281128,2.156332492828369,False
train,0.48739320039749146,0.011111111380159855,0.18424531817436218,0.24552741646766663,0.2669113874435425,1.0521619319915771,2.034416913986206,2.2903923988342285,False
train,0.487809956073761,0.03492063656449318,0.18588046729564667,0.24596987664699554,0.25950247049331665,1.0204298496246338,2.2029128074645996,2.427777051925659,False
train,0.4882267117500305,0.04682539775967598,0.18758587539196014,0.24639567732810974,0.25211960077285767,0.9878157377243042,2.3697314262390137,2.567373514175415,False
train,0.48864346742630005,0.05714285746216774,0.18936096131801605,0.24680453538894653,0.24477246403694153,0.9545938968658447,2.534226417541504,2.7080533504486084,False
test,0.4890602231025696,0.04285714402794838,0.19120407104492188,0.2471962869167328,0.23746831715106964,0.9210537672042847,2.695636749267578,2.8486483097076416,False
train,0.4894769787788391,0.01587301678955555,0.19311366975307465,0.24757078289985657,0.23021523654460907,0.8874961137771606,2.853147268295288,2.987992525100708,False
train,0.48989373445510864,0.011904762126505375,0.19508810341358185,0.24792826175689697,0.223020538687706,0.8542283773422241,3.0058629512786865,3.124886989593506,False
train,0.4903104901313782,0.02698412723839283,0.1971248835325241,0.24826881289482117,0.21589317917823792,0.8215590715408325,3.1528267860412598,3.2581093311309814,False
train,0.4907272458076477,0.05317460373044014,0.19922128319740295,0.2485927790403366,0.2088397890329361,0.7897912263870239,3.293039560317993,3.386425733566284,False
test,0.49114400148391724,0.04682539775967598,0.20137429237365723,0.24890083074569702,0.20186790823936462,0.7592158317565918,3.4254889488220215,3.508615493774414,False
train,0.4915607273578644,0.09603174775838852,0.20358026027679443,0.2491932362318039,0.19498465955257416,0.7301063537597656,3.5491867065429688,3.623504161834717,False
train,0.4919774830341339,0.20555555820465088,0.20583535730838776,0.24947099387645721,0.18819640576839447,0.7027066946029663,3.6631736755371094,3.7299647331237793,False
train,0.49239423871040344,0.11746031790971756,0.20813524723052979,0.24973474442958832,0.18150919675827026,0.6772289276123047,3.7665557861328125,3.8269546031951904,False
train,0.492810994386673,0.05793650820851326,0.21047529578208923,0.24998560547828674,0.17493027448654175,0.6538476347923279,3.858550548553467,3.9135570526123047,False
test,0.4932277500629425,0.012698412872850895,0.21285051107406616,0.250224232673645,0.16846470534801483,0.6326907873153687,3.9384942054748535,3.9889891147613525,False
train,0.49364450573921204,0.02301587350666523,0.2152557075023651,0.25045186281204224,0.16211803257465363,0.6138443350791931,4.0058794021606445,4.052638053894043,False
train,0.49406126141548157,0.02142857201397419,0.21768535673618317,0.2506692111492157,0.15589451789855957,0.5973403453826904,4.0603718757629395,4.1040754318237305,False
train,0.4944780170917511,0.01825396902859211,0.22013422846794128,0.25087764859199524,0.14980004727840424,0.5831576585769653,4.1018385887146,4.14308500289917,False
train,0.49489477276802063,0.02698412723839283,0.2225966453552246,0.2510780990123749,0.143838033080101,0.5712281465530396,4.13034725189209,4.169660568237305,False
test,0.49531152844429016,0.02460317499935627,0.22506752610206604,0.2512713074684143,0.1380125880241394,0.5614385604858398,4.146180152893066,4.184020042419434,False
train,0.4957282841205597,0.0436507947742939,0.2275412678718567,0.2514585256576538,0.13232636451721191,0.5536292195320129,4.149812698364258,4.186579704284668,False
train,0.4961450397968292,0.02777777798473835,0.2300133854150772,0.25164052844047546,0.12678320705890656,0.5476047992706299,4.141940116882324,4.177982807159424,False
train,0.49656179547309875,0.05238095298409462,0.2324787974357605,0.2518177926540375,0.12138523161411285,0.543136715888977,4.123416423797607,4.15903377532959,False
train,0.4969785511493683,0.03333333507180214,0.23493345081806183,0.2519912123680115,0.1161346435546875,0.5399750471115112,4.095269203186035,4.130714416503906,False
test,0.49739527702331543,0.05714285746216774,0.2373735010623932,0.2521614134311676,0.11103295534849167,0.5378537178039551,4.058664798736572,4.094147682189941,False
train,0.49781203269958496,0.07301587611436844,0.2397957593202591,0.2523287236690521,0.10608133673667908,0.5364912748336792,4.01485538482666,4.050541400909424,False
train,0.4982287883758545,0.13015873730182648,0.24219752848148346,0.25249338150024414,0.10128040611743927,0.5356146097183228,3.9651875495910645,4.001199245452881,False
train,0.498645544052124,0.3888888955116272,0.2445765882730484,0.2526558041572571,0.09663116186857224,0.5349499583244324,3.911044120788574,3.9474596977233887,False
train,0.49906229972839355,0.5833333134651184,0.24693132936954498,0.252815842628479,0.09213350713253021,0.5342388153076172,3.853832960128784,3.890686273574829,False
test,0.4994790554046631,0.6436507701873779,0.2492610365152359,0.252973735332489,0.08778686076402664,0.5332378149032593,3.7949273586273193,3.8322079181671143,False
train,0.4998958110809326,0.7277777791023254,0.25156503915786743,0.2531292736530304,0.08359050005674362,0.531726598739624,3.735684871673584,3.7733373641967773,False
train,0.5003125667572021,0.658730149269104,0.25384336709976196,0.25328218936920166,0.07954385131597519,0.5295066237449646,3.6773698329925537,3.7152962684631348,False
train,0.5007293224334717,0.43412697315216064,0.25609681010246277,0.25343233346939087,0.07564550638198853,0.5264096856117249,3.6212053298950195,3.659266948699951,False
train,0.5011460781097412,0.1825396865606308,0.25832676887512207,0.253579318523407,0.07189355790615082,0.5222916603088379,3.5682923793792725,3.606313943862915,False
test,0.5015628337860107,0.17301587760448456,0.2605343163013458,0.25372275710105896,0.06828601658344269,0.5170435905456543,3.5196409225463867,3.557415723800659,False
train,0.5019795894622803,0.16825397312641144,0.262721985578537,0.2538621723651886,0.06482110172510147,0.5105794668197632,3.4761643409729004,3.5134613513946533,False
train,0.5023963451385498,0.17936508357524872,0.26489144563674927,0.25399723649024963,0.061496272683143616,0.5028387308120728,3.4386353492736816,3.4752063751220703,False
train,0.5028131008148193,0.21111111342906952,0.2670460343360901,0.2541273832321167,0.05830879881978035,0.49379026889801025,3.407744884490967,3.4433348178863525,False
train,0.5032298564910889,0.11428571492433548,0.26918795704841614,0.2542521059513092,0.05525564029812813,0.48342353105545044,3.38405179977417,3.4184067249298096,False
test,0.5036466121673584,0.10079365223646164,0.2713207006454468,0.2543708384037018,0.052334267646074295,0.4717501401901245,3.368032932281494,3.4009108543395996,False
train,0.5040633678436279,0.13650794327259064,0.27344751358032227,0.2544833719730377,0.04954129457473755,0.45880138874053955,3.3600544929504395,3.3912336826324463,False
train,0.5044801235198975,0.04047619178891182,0.2755715250968933,0.2545889914035797,0.04687326401472092,0.4446220099925995,3.360398769378662,3.38968563079834,False
train,0.504896879196167,0.02222222276031971,0.27769654989242554,0.2546873688697815,0.04432710260152817,0.42927026748657227,3.369265556335449,3.3965015411376953,False
train,0.5053136348724365,0.011111111380159855,0.2798260748386383,0.2547779977321625,0.04189913719892502,0.41282233595848083,3.386784553527832,3.411851644515991,False
test,0.5057303309440613,0.009523809887468815,0.2819630801677704,0.2548605501651764,0.039586085826158524,0.39535248279571533,3.412996768951416,3.435818672180176,False
train,0.5061470866203308,0.03650793805718422,0.2841120958328247,0.2549346089363098,0.037383679300546646,0.37694627046585083,3.4479269981384277,3.468470811843872,False
train,0.5065638422966003,0.02460317499935627,0.2862761914730072,0.25499996542930603,0.0352884866297245,0.3576931953430176,3.491515874862671,3.5097901821136475,False
train,0.5069805979728699,0.02063492126762867,0.28845900297164917,0.2550561726093292,0.033297039568424225,0.3376895487308502,3.54367733001709,3.5597307682037354,False
train,0.5073973536491394,0.3087301552295685,0.2906641960144043,0.25510314106941223,0.0314054973423481,0.3170284926891327,3.604281425476074,3.618197202682495,False
test,0.5078141093254089,0.3261904716491699,0.29289495944976807,0.2551405429840088,0.029610134661197662,0.29579901695251465,3.6731629371643066,3.685053825378418,False
train,0.5082308650016785,0.12777778506278992,0.295154869556427,0.2551683187484741,0.027907196432352066,0.2740941345691681,3.7501416206359863,3.7601449489593506,False
train,0.508647620677948,0.05476190522313118,0.29744696617126465,0.25518617033958435,0.0262931976467371,0.2520078122615814,3.83500337600708,3.8432743549346924,False
train,0.5090643763542175,0.02460317499935627,0.29977452754974365,0.2551940679550171,0.024764467030763626,0.2296176701784134,3.9275150299072266,3.9342212677001953,False
train,0.5094811320304871,0.15714286267757416,0.3021407425403595,0.2551920413970947,0.023317420855164528,0.2070094794034958,4.02745246887207,4.032769203186035,False
test,0.5098978877067566,0.17539682984352112,0.3045484125614166,0.2551799416542053,0.0219484381377697,0.18426112830638885,4.1345343589782715,4.138638019561768,False
train,0.5103146433830261,0.02063492126762867,0.30700045824050903,0.2551578879356384,0.020654305815696716,0.16143541038036346,4.248498916625977,4.251564979553223,False
train,0.5107313990592957,0.015079365111887455,0.30949974060058594,0.25512582063674927,0.019431501626968384,0.13860154151916504,4.369077682495117,4.371275901794434,False
train,0.5111481547355652,0.0396825410425663,0.31204864382743835,0.25508373975753784,0.01827678643167019,0.11581427603960037,4.495969772338867,4.497461318969727,False
train,0.5115649104118347,0.4444444477558136,0.3146499693393707,0.25503167510032654,0.017186922952532768,0.09312893450260162,4.6288957595825195,4.6298322677612305,False
test,0.5119816660881042,0.22460317611694336,0.3173060119152069,0.2549697458744049,0.01615891233086586,0.07058726251125336,4.7675395011901855,4.768062114715576,False
train,0.5123984217643738,0.33095237612724304,0.32001861929893494,0.2548981010913849,0.015189646743237972,0.04823051393032074,4.911601543426514,4.911838531494141,False
train,0.5128151774406433,0.09444444626569748,0.32279059290885925,0.25481683015823364,0.014276240020990372,0.026087582111358643,5.060771942138672,5.0608391761779785,False
train,0.5132319331169128,0.07380952686071396,0.32562345266342163,0.2547260522842407,0.013415792025625706,0.004185974597930908,5.214728355407715,5.2147297859191895,False
train,0.5136486887931824,0.10634920746088028,0.3285191059112549,0.2546257972717285,0.012605736032128334,-0.017456576228141785,5.373136043548584,5.373164176940918,False
test,0.5140654444694519,0.0023809524718672037,0.3314793109893799,0.2545164227485657,0.011843348853290081,-0.038827359676361084,5.535682201385498,5.535818099975586,False
train,0.5144822001457214,0.0023809524718672037,0.33450591564178467,0.2543978691101074,0.011126122437417507,-0.05991527438163757,5.702032089233398,5.7023468017578125,False
train,0.514898955821991,0.05873015895485878,0.3375997841358185,0.2542704939842224,0.01045162882655859,-0.08072611689567566,5.871816635131836,5.872371196746826,False
train,0.5153157114982605,1.0,0.34076276421546936,0.25413405895233154,0.009817601181566715,-0.10126177966594696,6.044733047485352,6.045581340789795,False
train,0.51573246717453,0.6515873074531555,0.34399542212486267,0.2539891004562378,0.009221778251230717,-0.12153100967407227,6.220396518707275,6.221583843231201,False
test,0.5161492228507996,0.2023809552192688,0.34729963541030884,0.25383543968200684,0.008662054315209389,-0.1415521204471588,6.398489475250244,6.400054931640625,False
train,0.5165659785270691,0.009523809887468815,0.3506753146648407,0.2536734342575073,0.00813635066151619,-0.16134540736675262,6.578628063201904,6.580606460571289,False
train,0.5169827342033386,0.02777777798473835,0.3541235029697418,0.2535029947757721,0.007642815820872784,-0.1809343695640564,6.76045560836792,6.762876510620117,False
train,0.5173994302749634,0.0055555556900799274,0.357644647359848,0.2533244490623474,0.007179621607065201,-0.2003466635942459,6.943614482879639,6.94650411605835,False
train,0.5178161859512329,0.18412698805332184,0.36123961210250854,0.2531375586986542,0.006744895130395889,-0.2196241170167923,7.127781391143799,7.131164073944092,False
test,0.5182329416275024,0.3682539761066437,0.3649086356163025,0.25294265151023865,0.006337016820907593,-0.2387997955083847,7.312575340270996,7.316473484039307,False
train,0.518649697303772,0.0055555556900799274,0.368651419878006,0.25273969769477844,0.005954449065029621,-0.25791826844215393,7.497648239135742,7.502082824707031,False
train,0.5190664529800415,0.02698412723839283,0.3724678158760071,0.2525286078453064,0.005595673806965351,-0.27702653408050537,7.682653427124023,7.687646389007568,False
train,0.519483208656311,0.0063492064364254475,0.3763582706451416,0.25230956077575684,0.005259258672595024,-0.29617178440093994,7.867268085479736,7.872840881347656,False
train,0.5198999643325806,0.0007936508045531809,0.38032180070877075,0.2520824074745178,0.004943838343024254,-0.31540971994400024,8.051155090332031,8.057331085205078,False
test,0.5203167200088501,0.0,0.3843587636947632,0.2518472373485565,0.004648188129067421,-0.33479318022727966,8.234016418457031,8.240819931030273,False
train,0.5207334756851196,0.0007936508045531809,0.3884676694869995,0.2516039311885834,0.004371082875877619,-0.35438722372055054,8.415558815002441,8.423017501831055,False
train,0.5211502313613892,0.007936508394777775,0.39264845848083496,0.2513524293899536,0.004111374728381634,-0.37425148487091064,8.5955171585083,8.603660583496094,False
train,0.5215669870376587,0.0007936508045531809,0.39690014719963074,0.2510925829410553,0.0038679838180541992,-0.3944515883922577,8.77365779876709,8.782520294189453,False
train,0.5219837427139282,0.0007936508045531809,0.4012218117713928,0.25082412362098694,0.0036399266682565212,-0.4150596857070923,8.949764251708984,8.959383964538574,False
test,0.5224004983901978,0.011904762126505375,0.4056127667427063,0.25054705142974854,0.003426238428801298,-0.4361470341682434,9.12369441986084,9.134113311767578,False
train,0.5228172540664673,0.0015873016091063619,0.410071462392807,0.25026124715805054,0.0032260133884847164,-0.4577866792678833,9.295297622680664,9.306563377380371,False
train,0.5232340097427368,0.0,0.41459739208221436,0.24996620416641235,0.00303839985281229,-0.48005974292755127,9.46451187133789,9.476678848266602,False
train,0.5236507654190063,0.0015873016091063619,0.4191893935203552,0.24966184794902802,0.002862621797248721,-0.5030493140220642,9.63133430480957,9.644462585449219,False
train,0.5240675210952759,0.0007936508045531809,0.42384564876556396,0.24934783577919006,0.0026979243848472834,-0.5268441438674927,9.795767784118652,9.809925079345703,False
test,0.5244842767715454,0.004761904943734407,0.4285661578178406,0.24902360141277313,0.0025435963179916143,-0.551530122756958,9.957979202270508,9.973240852355957,False
train,0.5249010324478149,0.008730159141123295,0.4333493709564209,0.24868911504745483,0.002398974495008588,-0.5771989822387695,10.118133544921875,10.134583473205566,False
train,0.5253177881240845,0.02142857201397419,0.43819475173950195,0.24834366142749786,0.0022634577471762896,-0.6039563417434692,10.27652645111084,10.294258117675781,False
train,0.525734543800354,0.03015873022377491,0.4431011974811554,0.2479870617389679,0.002136456547304988,-0.6318979263305664,10.433513641357422,10.452630996704102,False
train,0.5261512994766235,0.04285714402794838,0.44806820154190063,0.24761857092380524,0.0020174228120595217,-0.661135733127594,10.589581489562988,10.610199928283691,False
test,0.5265680551528931,0.26428571343421936,0.4530954957008362,0.24723763763904572,0.001905842567794025,-0.6917767524719238,10.745304107666016,10.767549514770508,False
train,0.5269848108291626,0.3182539641857147,0.45818307995796204,0.2468438744544983,0.0018012465443462133,-0.7239379286766052,10.901374816894531,10.925386428833008,False
train,0.5274015665054321,0.1587301641702652,0.46333128213882446,0.24643656611442566,0.0017031794413924217,-0.7577391266822815,11.05862045288086,11.084549903869629,False
train,0.5278183221817017,0.380952388048172,0.4685403108596802,0.24601474404335022,0.001611220883205533,-0.7933050990104675,11.217947006225586,11.245962142944336,False
train,0.5282350778579712,0.6095238327980042,0.47381114959716797,0.24557799100875854,0.0015249776188284159,-0.8307670950889587,11.380426406860352,11.4107084274292,False
test,0.528651773929596,0.5706349015235901,0.47914496064186096,0.24512529373168945,0.0014440991217270494,-0.8702470064163208,11.547215461730957,11.579961776733398,False
train,0.5290685296058655,0.8849206566810608,0.48454469442367554,0.24465587735176086,0.0013682085555046797,-0.9118856191635132,11.719647407531738,11.755069732666016,True
train,0.529485285282135,0.8420634865760803,0.4900127649307251,0.2441687285900116,0.0012970019597560167,-0.9558129906654358,11.899124145507812,11.937450408935547,True
train,0.5299020409584045,0.6007936596870422,0.4955514967441559,0.2436630129814148,0.0012301728129386902,-1.0021593570709229,12.087130546569824,12.1286039352417,True
train,0.5303187966346741,0.21587301790714264,0.5011653900146484,0.24313756823539734,0.001167445327155292,-1.051051378250122,12.285269737243652,12.330148696899414,True
test,0.5307355523109436,0.25555557012557983,0.5068583488464355,0.24259154498577118,0.0011085515143349767,-1.1026060581207275,12.495152473449707,12.543706893920898,True
train,0.5311523079872131,0.3896825313568115,0.5126360654830933,0.2420235574245453,0.0010532484157010913,-1.1569381952285767,12.718436241149902,12.77094841003418,True
train,0.5315690636634827,0.3619047701358795,0.518503725528717,0.24143263697624207,0.0010013009887188673,-1.2141305208206177,12.956735610961914,13.013497352600098,True
train,0.5319858193397522,0.2944444417953491,0.5244683027267456,0.24081727862358093,0.0009524986962787807,-1.2742661237716675,13.211609840393066,13.272918701171875,True
train,0.5324025750160217,0.1785714328289032,0.5305361747741699,0.24017666280269623,0.0009066389175131917,-1.3373756408691406,13.484431266784668,13.550588607788086,True
test,0.5328193306922913,0.0912698432803154,0.5367153882980347,0.23950950801372528,0.0008635346894152462,-1.4034875631332397,13.776386260986328,13.847692489624023,True
train,0.5332360863685608,0.17777778208255768,0.5430142283439636,0.23881419003009796,0.0008230090606957674,-1.4725645780563354,14.088376998901367,14.165125846862793,True
train,0.5336528420448303,0.2579365074634552,0.5494402050971985,0.23808981478214264,0.0007848999230191112,-1.5445313453674316,14.420849800109863,14.503326416015625,True
train,0.5340695977210999,0.4039682447910309,0.5560022592544556,0.23733524978160858,0.0007490544230677187,-1.619267463684082,14.773852348327637,14.862325668334961,True
train,0.5344863533973694,0.1547619104385376,0.5627081990242004,0.23654919862747192,0.0007153280894272029,-1.6965769529342651,15.14674186706543,15.241461753845215,True
test,0.5349031090736389,0.06190476194024086,0.5695664286613464,0.2357308268547058,0.0006835880922153592,-1.7762131690979004,15.538285255432129,15.639476776123047,True
train,0.5353198647499084,0.12619048357009888,0.5765836238861084,0.23487912118434906,0.0006537095759995282,-1.8578484058380127,15.946375846862793,16.054235458374023,True
train,0.535736620426178,0.1388888955116272,0.5837661027908325,0.23399344086647034,0.0006255778134800494,-1.9410918951034546,16.36814308166504,16.482837677001953,True
train,0.5361533761024475,0.03412698581814766,0.5911184549331665,0.2330731600522995,0.0005990821518935263,-2.025480270385742,16.79974937438965,16.921411514282227,True
train,0.536570131778717,0.02222222276031971,0.5986437201499939,0.2321179211139679,0.000574121018871665,-2.110491991043091,17.23647117614746,17.365198135375977,True
test,0.5369868874549866,0.0015873016091063619,0.6063424348831177,0.23112764954566956,0.0005506015149876475,-2.195542335510254,17.672649383544922,17.808507919311523,True
train,0.5374036431312561,0.003968254197388887,0.6142130494117737,0.23010239005088806,0.0005284331273287535,-2.2800023555755615,18.101829528808594,18.244853973388672,True
train,0.5378203988075256,0.01825396902859211,0.6222509741783142,0.2290426641702652,0.000507534365169704,-2.3632335662841797,18.516841888427734,18.667037963867188,True
train,0.5382371544837952,0.8357142806053162,0.6304479837417603,0.2279488742351532,0.0004878263862337917,-2.4445667266845703,18.90995979309082,19.06731414794922,True
train,0.5386539101600647,0.9396825432777405,0.6387935876846313,0.2268223762512207,0.0004692381771747023,-2.5233750343322754,19.27313995361328,19.4376277923584,True
test,0.5390706658363342,0.46587300300598145,0.6472731232643127,0.22566407918930054,0.00045170204248279333,-2.5990474224090576,19.59831428527832,19.769901275634766,True
train,0.5394874215126038,0.02460317499935627,0.6558690071105957,0.2244754433631897,0.00043515500146895647,-2.6710588932037354,19.877674102783203,20.056331634521484,True
train,0.5399041175842285,0.09047619253396988,0.6645597815513611,0.22325822710990906,0.00041953951586037874,-2.7389488220214844,20.10392951965332,20.289648056030273,True
train,0.540320873260498,0.44603174924850464,0.6733230352401733,0.22201398015022278,0.0004047971742693335,-2.802391290664673,20.27069091796875,20.46348762512207,True
train,0.5407376289367676,0.7865079641342163,0.6821325421333313,0.22074484825134277,0.00039087861659936607,-2.861159324645996,20.372661590576172,20.57259178161621,True
test,0.5411543846130371,0.711904764175415,0.6909597516059875,0.21945279836654663,0.00037773518124595284,-2.9151594638824463,20.405908584594727,20.61308479309082,True
train,0.5415711402893066,0.6166666746139526,0.6997755765914917,0.21813960373401642,0.00036532196099869907,-2.9644224643707275,20.368030548095703,20.582626342773438,True
train,0.5419878959655762,0.1071428582072258,0.7085500955581665,0.21680742502212524,0.0003535973373800516,-3.0091137886047363,20.258256912231445,20.48052215576172,True
train,0.5424046516418457,0.32301586866378784,0.7172530889511108,0.21545810997486115,0.0003425221366342157,-3.0495100021362305,20.077362060546875,20.307632446289062,True
train,0.5428214073181152,0.8682539463043213,0.7258562445640564,0.2140933871269226,0.0003320587275084108,-3.0859928131103516,19.827720642089844,20.066436767578125,True
test,0.5432381629943848,0.938095211982727,0.7343305349349976,0.2127147614955902,0.0003221734659746289,-3.119009256362915,19.51311683654785,19.760818481445312,True
train,0.5436549186706543,0.9595237970352173,0.7426507472991943,0.21132341027259827,0.000312834104988724,-3.149083137512207,19.138463973999023,19.395811080932617,True
train,0.5440716743469238,0.9730158448219299,0.7507931590080261,0.2099207490682602,0.0003040102601516992,-3.176764488220215,18.709753036499023,18.97753143310547,True
train,0.5444884300231934,0.9785714149475098,0.758736252784729,0.20850756764411926,0.00029567425372079015,-3.2026188373565674,18.233583450317383,18.512706756591797,True
train,0.5449051856994629,0.9634920358657837,0.7664618492126465,0.2070842832326889,0.00028779887361451983,-3.2272043228149414,17.71699333190918,18.00851821899414,True
test,0.5453219413757324,0.9674603343009949,0.7739549875259399,0.20565180480480194,0.00028036089497618377,-3.251058578491211,17.16727066040039,17.472393035888672,True
train,0.545738697052002,0.973809540271759,0.7812031507492065,0.20420993864536285,0.00027333578327670693,-3.27467942237854,16.591596603393555,16.911670684814453,True
train,0.5461554527282715,0.9642857313156128,0.7881975769996643,0.20275865495204926,0.0002667030494194478,-3.2985174655914307,15.99688720703125,16.333419799804688,True
train,0.546572208404541,0.9579365253448486,0.7949314713478088,0.20129795372486115,0.00026044173864647746,-3.322972297668457,15.389684677124023,15.744349479675293,True
train,0.5469889640808105,0.9658730030059814,0.801400899887085,0.1998276710510254,0.00025453409762121737,-3.348371982574463,14.776043891906738,15.150678634643555,True
test,0.5474057197570801,0.9698412418365479,0.8076051473617554,0.19834686815738678,0.00024896120885387063,-3.3749988079071045,14.161293029785156,14.557912826538086,True
train,0.5478224754333496,0.9904761910438538,0.8135440349578857,0.19685545563697815,0.0002437072980683297,-3.403059244155884,13.550246238708496,13.971040725708008,True
train,0.5482392311096191,0.9833333492279053,0.8192209005355835,0.19535252451896667,0.00023875678016338497,-3.4327187538146973,12.946969985961914,13.394311904907227,True
train,0.5486559867858887,0.9690476059913635,0.8246393799781799,0.19383759796619415,0.00023409469577018172,-3.464076042175293,12.35489273071289,12.83133602142334,True
train,0.5490727424621582,0.9690476059913635,0.8298050165176392,0.19230981171131134,0.0002297080063726753,-3.497187614440918,11.776823997497559,12.285109519958496,True
test,0.5494894981384277,0.970634937286377,0.834724485874176,0.19076859951019287,0.00022558453201781958,-3.5320687294006348,11.214981079101562,11.758031845092773,True
train,0.5499062538146973,0.9817460179328918,0.8394042253494263,0.18921290338039398,0.00022171135060489178,-3.5686914920806885,10.671032905578613,11.251955032348633,False
train,0.5503230094909668,0.9857142567634583,0.8438530564308167,0.1876424252986908,0.0002180780138587579,-3.607001304626465,10.146251678466797,10.768327713012695,False
train,0.5507397651672363,0.9865079522132874,0.8480785489082336,0.18605613708496094,0.00021467445185407996,-3.6469125747680664,9.641397476196289,10.308079719543457,False
train,0.5511564612388611,0.9801587462425232,0.8520892858505249,0.18445399403572083,0.00021149133681319654,-3.6883115768432617,9.156993865966797,9.871889114379883,False
test,0.5515732169151306,0.970634937286377,0.8558945655822754,0.18283456563949585,0.00020851840963587165,-3.7310798168182373,8.693033218383789,9.459903717041016,False
train,0.5519899725914001,0.9714285731315613,0.8595020771026611,0.18119770288467407,0.0002057476667687297,-3.7750725746154785,8.249516487121582,9.072248458862305,False
train,0.5524067282676697,0.9714285731315613,0.8629210591316223,0.17954297363758087,0.00020317141024861485,-3.8201394081115723,7.826104640960693,8.708695411682129,False
train,0.5528234839439392,0.9801587462425232,0.866159200668335,0.17786994576454163,0.0002007828006753698,-3.866114616394043,7.422338962554932,8.368867874145508,False
train,0.5532402396202087,0.9658730030059814,0.8692254424095154,0.1761784553527832,0.00019857482402585447,-3.912837505340576,7.03759765625,8.052209854125977,False
test,0.5536569952964783,0.9785714149475098,0.8721268773078918,0.17446793615818024,0.0001965408300748095,-3.960134744644165,6.6711883544921875,7.758055210113525,False
train,0.5540737509727478,0.9690476059913635,0.874871551990509,0.17273828387260437,0.00019467556558083743,-4.007824897766113,6.322332382202148,7.485622406005859,False
train,0.5544905066490173,0.9730158448219299,0.8774659633636475,0.17098931968212128,0.0001929729332914576,-4.055736064910889,5.990220069885254,7.234067440032959,False
train,0.5549072623252869,0.9666666388511658,0.8799178600311279,0.16922129690647125,0.0001914288295665756,-4.103695392608643,5.673974990844727,7.002450466156006,False
train,0.5553240180015564,0.9634920358657837,0.8822329044342041,0.1674339771270752,0.00019003762281499803,-4.15152645111084,5.372756004333496,6.789821624755859,False
test,0.5557407736778259,0.9785714149475098,0.884417712688446,0.1656273454427719,0.0001887956605060026,-4.199052810668945,5.085659980773926,6.595148086547852,False
train,0.5561575293540955,0.9777777791023254,0.8864777088165283,0.1638018786907196,0.00018769848975352943,-4.246108531951904,4.81182336807251,6.417404651641846,False
train,0.556574285030365,0.9849206209182739,0.8884180784225464,0.16195765137672424,0.0001867431856226176,-4.2925214767456055,4.550390720367432,6.2555413246154785,False
train,0.5569910407066345,0.9753968119621277,0.8902442455291748,0.16009509563446045,0.00018592653214000165,-4.338131427764893,4.300503730773926,6.108495235443115,False
train,0.557407796382904,0.9801587462425232,0.8919609189033508,0.15821440517902374,0.00018524467304814607,-4.382777690887451,4.0613203048706055,5.975203990936279,False
test,0.5578245520591736,0.970634937286377,0.8935718536376953,0.15631605684757233,0.0001846955856308341,-4.4263014793396,3.8320417404174805,5.8546295166015625,False
train,0.5582413077354431,0.9817460179328918,0.8950814008712769,0.15440061688423157,0.00018427740724291652,-4.468558311462402,3.611877202987671,5.745752334594727,False
train,0.5586580634117126,0.9801587462425232,0.8964931964874268,0.152468740940094,0.00018398664542473853,-4.509397983551025,3.4000678062438965,5.64757776260376,False
train,0.5590748190879822,0.9833333492279053,0.8978102207183838,0.15052078664302826,0.00018382231064606458,-4.54868221282959,3.1958718299865723,5.559146404266357,False
train,0.5594915747642517,0.9571428298950195,0.8990364074707031,0.14855779707431793,0.00018378270033281296,-4.586278438568115,2.998569965362549,5.479541301727295,False
test,0.5599083304405212,0.9642857313156128,0.9001732468605042,0.14658024907112122,0.00018386614101473242,-4.622058391571045,2.8074593544006348,5.407887935638428,False
train,0.5603250861167908,0.9603174328804016,0.9012245535850525,0.1445888876914978,0.00018407193419989198,-4.655903339385986,2.621856689453125,5.343366622924805,False
train,0.5607418417930603,0.4126984179019928,0.9021912217140198,0.14258472621440887,0.00018439817358739674,-4.687699317932129,2.441120147705078,5.285223960876465,False
train,0.5611585974693298,0.3698412775993347,0.9030753970146179,0.1405685544013977,0.00018484464089851826,-4.7173357009887695,2.264610528945923,5.232754230499268,False
train,0.5615753531455994,0.908730149269104,0.9038795232772827,0.1385413557291031,0.0001854116708273068,-4.744719505310059,2.09169340133667,5.185319900512695,False
test,0.5619921088218689,0.9920634627342224,0.9046045541763306,0.13650403916835785,0.0001860975316958502,-4.769760608673096,1.921769380569458,5.142354965209961,False
train,0.5624088644981384,0.9722222089767456,0.9052512645721436,0.13445760309696198,0.00018690263095777482,-4.792377948760986,1.754223108291626,5.103350639343262,False
train,0.5628255605697632,0.9753968119621277,0.9058205485343933,0.1324033886194229,0.0001878275943454355,-4.812492370605469,1.588517189025879,5.0678863525390625,False
train,0.5632423162460327,0.9825396537780762,0.9063140153884888,0.13034187257289886,0.00018887182523030788,-4.83005428314209,1.424009919166565,5.035595893859863,False
train,0.5636590719223022,0.9817460179328918,0.906731128692627,0.12827442586421967,0.00019003635679837316,-4.845000267028809,1.2601600885391235,5.006199359893799,False
test,0.5640758275985718,0.9849206209182739,0.9070723652839661,0.12620209157466888,0.00019132133456878364,-4.857290744781494,1.0964075326919556,4.979496479034424,False
train,0.5644925832748413,0.9722222089767456,0.9073378443717957,0.12412606179714203,0.00019272780627943575,-4.866888046264648,0.9321779012680054,4.955356121063232,False
train,0.5649093389511108,0.9873015880584717,0.907526969909668,0.12204734981060028,0.00019425738719291985,-4.873767852783203,0.7669355869293213,4.933741092681885,False
train,0.5653260946273804,0.9825396537780762,0.9076393246650696,0.11996728926897049,0.0001959100627573207,-4.877923488616943,0.6001061797142029,4.914698600769043,False
train,0.5657428503036499,0.9896825551986694,0.9076747298240662,0.11788696050643921,0.00019768835045397282,-4.87934684753418,0.4311444163322449,4.89835786819458,False
test,0.5661596059799194,0.9920634627342224,0.9076317548751831,0.11580734699964523,0.00019959275959990919,-4.878040790557861,0.2594817280769348,4.884937286376953,False
train,0.566576361656189,0.9888888597488403,0.9075086712837219,0.11372972279787064,0.00020162585133221,-4.874029159545898,0.084562748670578,4.874762535095215,False
train,0.5669931173324585,0.9888888597488403,0.9073049426078796,0.11165511608123779,0.00020378960471134633,-4.86733865737915,-0.09418332576751709,4.868249893188477,False
train,0.567409873008728,0.9833333492279053,0.9070183038711548,0.10958465188741684,0.00020608541672118008,-4.858004093170166,-0.27733314037323,4.8659138679504395,False
train,0.5678266286849976,0.9888888597488403,0.9066475033760071,0.10751953721046448,0.0002085156156681478,-4.846076965332031,-0.4654698967933655,4.868380069732666,False
test,0.5682433843612671,0.9801587462425232,0.9061900973320007,0.10546069592237473,0.0002110841596731916,-4.83160924911499,-0.6591811776161194,4.876368522644043,False
train,0.5686601400375366,0.9849206209182739,0.9056434631347656,0.10340933501720428,0.00021379173267632723,-4.814681053161621,-0.8590773344039917,4.890722751617432,False
train,0.5690768957138062,0.9682539701461792,0.9050052762031555,0.10136625170707703,0.00021664246742147952,-4.795353412628174,-1.0657941102981567,4.912365436553955,False
train,0.5694936513900757,0.9698412418365479,0.904272735118866,0.09933257102966309,0.0002196388377342373,-4.773716449737549,-1.2799205780029297,4.942323684692383,False
train,0.5699104070663452,0.9865079522132874,0.9034428000450134,0.09730904549360275,0.0002227845398010686,-4.749858379364014,-1.5021167993545532,4.981717586517334,False
test,0.5703271627426147,0.9841269850730896,0.9025113582611084,0.0952969342470169,0.000226082862354815,-4.7238945960998535,-1.7330613136291504,5.03176736831665,False
train,0.5707439184188843,0.9793650507926941,0.9014759063720703,0.09329675137996674,0.00022953742882236838,-4.695915699005127,-1.9734158515930176,5.093721389770508,False
train,0.5711606740951538,0.9801587462425232,0.9003311991691589,0.09130945801734924,0.00023315235739573836,-4.666039943695068,-2.2238636016845703,5.1688971519470215,False
train,0.5715774297714233,0.9666666388511658,0.8990740776062012,0.08933580666780472,0.0002369321882724762,-4.634387493133545,-2.4851062297821045,5.258640289306641,False
train,0.5719941854476929,0.9865079522132874,0.8976990580558777,0.08737637102603912,0.0002408800646662712,-4.601073265075684,-2.7578957080841064,5.364314079284668,False
test,0.5724109411239624,0.9746031761169434,0.8962025046348572,0.08543208986520767,0.0002450018946547061,-4.566234111785889,-3.0429458618164062,5.487259387969971,False
train,0.5728276968002319,0.9865079522132874,0.8945778608322144,0.08350329846143723,0.00024930137442424893,-4.529989719390869,-3.3410325050354004,5.628792762756348,False
train,0.5732444524765015,0.9674603343009949,0.8928208947181702,0.08159060031175613,0.0002537844702601433,-4.49247407913208,-3.652930736541748,5.7901835441589355,False
train,0.573661208152771,0.9785714149475098,0.890925407409668,0.07969462871551514,0.0002584568574093282,-4.453818321228027,-3.979419231414795,5.97262716293335,False
train,0.5740779042243958,0.9809523820877075,0.8888852596282959,0.07781597226858139,0.0002633219410199672,-4.414151191711426,-4.321214199066162,6.177185535430908,False
test,0.5744946599006653,0.9730158448219299,0.8866937756538391,0.07595452666282654,0.0002683885977603495,-4.373598575592041,-4.679265975952148,6.404989719390869,False
train,0.5749114155769348,0.9777777791023254,0.8843449950218201,0.07411088794469833,0.0002736620372161269,-4.332278728485107,-5.054268836975098,6.656896591186523,False
train,0.5753281712532043,0.9904761910438538,0.8818309307098389,0.07228545844554901,0.00027914767269976437,-4.290321350097656,-5.447059154510498,6.933780193328857,False
train,0.5757449269294739,0.9865079522132874,0.8791446089744568,0.07047811150550842,0.00028485379880294204,-4.247815132141113,-5.858380317687988,7.236335754394531,False
train,0.5761616826057434,0.973809540271759,0.8762784004211426,0.06868944317102432,0.00029078603256493807,-4.204887390136719,-6.2890448570251465,7.565260410308838,False
test,0.5765784382820129,0.976190447807312,0.8732238411903381,0.06691939383745193,0.00029695333796553314,-4.161617279052734,-6.739749908447266,7.921065807342529,False
train,0.5769951939582825,0.9785714149475098,0.8699734210968018,0.06516823172569275,0.00030336304917000234,-4.118097305297852,-7.211180210113525,8.304206848144531,False
train,0.577411949634552,0.9746031761169434,0.8665177226066589,0.063435859978199,0.00031002252944745123,-4.0743818283081055,-7.703977584838867,8.715036392211914,False
train,0.5778287053108215,0.9912698268890381,0.8628487586975098,0.06172250583767891,0.0003169414703734219,-4.030534267425537,-8.218676567077637,9.153789520263672,False
train,0.5782454609870911,0.9801587462425232,0.8589569330215454,0.06002795323729515,0.00032412854488939047,-3.9865760803222656,-8.75576400756836,9.620613098144531,False
test,0.5786622166633606,0.9849206209182739,0.8548330664634705,0.05835254490375519,0.00033159268787130713,-3.942539930343628,-9.315546989440918,10.115485191345215,False
train,0.5790789723396301,0.9753968119621277,0.8504683375358582,0.05669615417718887,0.00033934382372535765,-3.8984148502349854,-9.898240089416504,10.638270378112793,False
train,0.5794957280158997,0.9849206209182739,0.8458528518676758,0.05505882948637009,0.00034739237162284553,-3.8541793823242188,-10.50387954711914,11.188663482666016,False
train,0.5799124836921692,0.9777777791023254,0.8409775495529175,0.05344066768884659,0.0003557491581887007,-3.8097827434539795,-11.1322660446167,11.766128540039062,True
train,0.5803292393684387,0.9746031761169434,0.8358334898948669,0.05184166878461838,0.00036442538839764893,-3.7651498317718506,-11.782991409301758,12.369932174682617,True
test,0.5807459950447083,0.973809540271759,0.8304110765457153,0.05026184767484665,0.0003734320926014334,-3.7201831340789795,-12.455467224121094,12.999170303344727,True
train,0.5811627507209778,0.9714285731315613,0.8247025609016418,0.048701584339141846,0.00038278321153484285,-3.6747655868530273,-13.148624420166016,13.652481079101562,True
train,0.5815795063972473,0.9698412418365479,0.8186992406845093,0.04716096818447113,0.0003924900956917554,-3.628749370574951,-13.861198425292969,14.328315734863281,True
train,0.5819962620735168,0.9730158448219299,0.8123944401741028,0.045640330761671066,0.000402566249249503,-3.581965923309326,-14.591490745544434,15.024715423583984,True
train,0.5824130177497864,0.988095223903656,0.8057798743247986,0.04413994401693344,0.0004130262532271445,-3.5342204570770264,-15.33742904663086,15.739358901977539,True
test,0.5828297734260559,0.9793650507926941,0.7988513112068176,0.04266028478741646,0.00042388407746329904,-3.485304594039917,-16.09646987915039,16.4694766998291,True
train,0.5832465291023254,0.9730158448219299,0.7916038036346436,0.041201941668987274,0.0004351562529336661,-3.4349939823150635,-16.8656005859375,17.21184730529785,True
train,0.583663284778595,0.9769841432571411,0.7840340733528137,0.03976546227931976,0.00044685808825306594,-3.3830533027648926,-17.64139175415039,17.96284294128418,True
train,0.5840800404548645,0.9785714149475098,0.7761400938034058,0.038351524621248245,0.0004590057651512325,-3.3292324542999268,-18.419832229614258,18.718280792236328,True
train,0.584496796131134,0.976190447807312,0.7679221034049988,0.03696095198392868,0.000471618928713724,-3.2732996940612793,-19.196542739868164,19.473615646362305,True
test,0.5849135518074036,0.9785714149475098,0.7593829035758972,0.0355948768556118,0.0004847140226047486,-3.215026617050171,-19.966434478759766,20.223623275756836,True
train,0.5853302478790283,0.9746031761169434,0.750527024269104,0.03425423800945282,0.000498308043461293,-3.1541976928710938,-20.724185943603516,20.962844848632812,True
train,0.5857470035552979,0.9801587462425232,0.7413589954376221,0.03293990716338158,0.0005124272429384291,-3.0906176567077637,-21.464244842529297,21.685611724853516,True
train,0.5861637592315674,0.973809540271759,0.7318888306617737,0.03165319189429283,0.0005270886467769742,-3.0241355895996094,-22.180431365966797,22.38564109802246,True
train,0.5865805149078369,0.9698412418365479,0.7221276164054871,0.030395202338695526,0.0005423162365332246,-2.9546315670013428,-22.866554260253906,23.056652069091797,True
test,0.5869972705841064,0.9730158448219299,0.7120906114578247,0.02916746959090233,0.00055813102517277,-2.8820605278015137,-23.516111373901367,23.692062377929688,True
train,0.587414026260376,0.9714285731315613,0.7017937302589417,0.027970990166068077,0.0005745579837821424,-2.806401014328003,-24.122907638549805,24.28560447692871,True
train,0.5878307819366455,0.9555555582046509,0.6912569999694824,0.026807209476828575,0.0005916240043006837,-2.727721691131592,-24.680679321289062,24.830957412719727,True
train,0.588247537612915,0.932539701461792,0.6805017590522766,0.025677267462015152,0.000609354698099196,-2.646141767501831,-25.183650970458984,25.322288513183594,True
train,0.5886642932891846,0.9285714030265808,0.6695523262023926,0.024582333862781525,0.000627777655608952,-2.5618507862091064,-25.626476287841797,25.75421142578125,True
test,0.5890810489654541,0.8007936477661133,0.6584357619285583,0.023523544892668724,0.0006469220388680696,-2.475111961364746,-26.004438400268555,26.121963500976562,True
train,0.5894978046417236,0.7404761910438538,0.6471792459487915,0.022501705214381218,0.0006668172427453101,-2.3862316608428955,-26.313690185546875,26.42166519165039,True
train,0.5899145603179932,0.7126984000205994,0.6358125805854797,0.021517716348171234,0.0006874983664602041,-2.295590400695801,-26.551206588745117,26.650259017944336,True
train,0.5903313159942627,0.18174603581428528,0.6243665814399719,0.020572178065776825,0.0007089963764883578,-2.203608274459839,-26.71512794494629,26.805856704711914,True
train,0.5907480716705322,0.13809524476528168,0.6128720641136169,0.01966557838022709,0.0007313477108255029,-2.1107447147369385,-26.804590225219727,26.887569427490234,True
test,0.5911648273468018,0.16031746566295624,0.6013602614402771,0.018798142671585083,0.0007545896805822849,-2.0174813270568848,-26.819934844970703,26.895708084106445,True
train,0.5915815830230713,0.05476190522313118,0.5898616313934326,0.017969852313399315,0.0007787600043229759,-1.9243046045303345,-26.762649536132812,26.831741333007812,True
train,0.5919983386993408,0.0793650820851326,0.5784069299697876,0.017180662602186203,0.0008039003587327898,-1.831722378730774,-26.63535499572754,26.698265075683594,True
train,0.5924150943756104,0.04047619178891182,0.567023515701294,0.01643015816807747,0.0008300513727590442,-1.740210771560669,-26.441650390625,26.49885368347168,True
train,0.5928318500518799,0.06904762238264084,0.5557391047477722,0.01571778580546379,0.0008572602528147399,-1.6502290964126587,-26.186113357543945,26.238059997558594,True
test,0.5932486057281494,0.10952381044626236,0.544577956199646,0.015042799524962902,0.0008855733321979642,-1.5622022151947021,-25.874042510986328,25.921159744262695,True
train,0.593665361404419,0.12936508655548096,0.5335628390312195,0.014404285699129105,0.000915038282983005,-1.4765130281448364,-25.511438369750977,25.55413055419922,True
train,0.5940821170806885,0.15000000596046448,0.5227130055427551,0.013801204971969128,0.0009457071428187191,-1.3934977054595947,-25.104644775390625,25.14328956604004,True
train,0.594498872756958,0.15158730745315552,0.512046217918396,0.013232356868684292,0.0009776358492672443,-1.313439130783081,-24.660354614257812,24.6953067779541,True
train,0.5949156284332275,0.17619048058986664,0.5015762448310852,0.012696441262960434,0.0010108815040439367,-1.2365669012069702,-24.18529510498047,24.216888427734375,True
test,0.5953323841094971,0.27142858505249023,0.4913146197795868,0.012192094698548317,0.0010455026058480144,-1.1630569696426392,-23.686147689819336,23.714685440063477,True
train,0.5957491397857666,0.3174603283405304,0.48126962780952454,0.011717848479747772,0.0010815602727234364,-1.0930300951004028,-23.169313430786133,23.19508171081543,True
train,0.5961658954620361,0.2650793790817261,0.4714476764202118,0.011272279545664787,0.0011191233061254025,-1.026565670967102,-22.64090347290039,22.664165496826172,True
train,0.5965826511383057,0.28730159997940063,0.46185240149497986,0.01085381768643856,0.0011582605075091124,-0.9636856317520142,-22.106542587280273,22.12753677368164,True
train,0.5969993472099304,0.18412698805332184,0.4524860084056854,0.010461037047207355,0.0011990376515313983,-0.9043882489204407,-21.57140350341797,21.59035301208496,True
test,0.5974161028862,0.1349206417798996,0.44334596395492554,0.010092344135046005,0.0012415415840223432,-0.8486098051071167,-21.039857864379883,21.056964874267578,True
train,0.5978328585624695,0.1865079402923584,0.43443089723587036,0.00974635686725378,0.001285850303247571,-0.796284019947052,-20.515907287597656,20.531354904174805,True
train,0.598249614238739,0.22063492238521576,0.4257359504699707,0.009421641007065773,0.001332045067101717,-0.7473048567771912,-20.002775192260742,20.01673126220703,True
train,0.5986663699150085,0.04920634999871254,0.4172571003437042,0.009116767905652523,0.001380215398967266,-0.7015470862388611,-19.503190994262695,19.515804290771484,True
train,0.5990831255912781,0.0555555559694767,0.40898793935775757,0.008830444887280464,0.0014304547803476453,-0.6588758230209351,-19.019248962402344,19.030658721923828,True
test,0.5994998812675476,0.09841269999742508,0.4009212851524353,0.008561466820538044,0.0014828628627583385,-0.6191462278366089,-18.55251693725586,18.56284523010254,True
train,0.5999166369438171,0.03730158880352974,0.39304929971694946,0.00830854568630457,0.0015375411603599787,-0.5821947455406189,-18.104019165039062,18.113378524780273,True
train,0.6003333926200867,0.0,0.38536518812179565,0.008070606738328934,0.0015945933992043138,-0.5478678345680237,-17.67443084716797,17.682920455932617,True
train,0.6007501482963562,0.0,0.3778602182865143,0.00784655474126339,0.0016541359946131706,-0.5160021781921387,-17.263965606689453,17.27167510986328,True
train,0.6011669039726257,0.0,0.3705262541770935,0.007635418325662613,0.0017162897856906056,-0.48644083738327026,-16.872512817382812,16.87952423095703,True
test,0.6015836596488953,0.0,0.3633556365966797,0.007436259649693966,0.001781184459105134,-0.45902740955352783,-16.499723434448242,16.506107330322266,True
train,0.6020004153251648,0.0,0.35634103417396545,0.007248201873153448,0.0018489407375454903,-0.43361127376556396,-16.14499855041504,16.150819778442383,True
train,0.6024171710014343,0.0,0.34947407245635986,0.0070704505778849125,0.0019197056535631418,-0.41004678606987,-15.807536125183105,15.812853813171387,True
train,0.6028339266777039,0.0,0.3427485525608063,0.006902259308844805,0.0019936233293265104,-0.3881966471672058,-15.486444473266602,15.49130916595459,True
train,0.6032506823539734,0.0,0.33615726232528687,0.006742935627698898,0.002070847898721695,-0.36792880296707153,-15.180685043334961,15.18514347076416,True
test,0.6036674380302429,0.0,0.32969439029693604,0.006591831799596548,0.002151536289602518,-0.34911906719207764,-14.889213562011719,14.893305778503418,True
train,0.6040841937065125,0.0,0.32335376739501953,0.006448377389460802,0.0022358600981533527,-0.3316521644592285,-14.61090087890625,14.614665031433105,True
train,0.604500949382782,0.0,0.31713005900382996,0.0063120462000370026,0.0023239983711391687,-0.3154199719429016,-14.344635009765625,14.348102569580078,True
train,0.6049177050590515,0.0,0.3110189139842987,0.00618231063708663,0.002416144125163555,-0.30032071471214294,-14.089335441589355,14.092535972595215,True
train,0.605334460735321,0.0,0.3050157129764557,0.006058756727725267,0.0025124775711447,-0.286262571811676,-13.843921661376953,13.846880912780762,True
test,0.6057512164115906,0.0,0.2991165220737457,0.005940945353358984,0.002613226417452097,-0.27315807342529297,-13.607367515563965,13.610108375549316,True
train,0.6061679720878601,0.0,0.2933174669742584,0.005828493740409613,0.00271858973428607,-0.26092666387557983,-13.378676414489746,13.381220817565918,True
train,0.6065847277641296,0.0,0.287615567445755,0.005721033550798893,0.0028288119938224554,-0.24949458241462708,-13.156953811645508,13.159318923950195,True
train,0.6070014834403992,0.0007936508045531809,0.28200817108154297,0.005618310067802668,0.0029441218357533216,-0.2387973964214325,-12.941349983215332,12.94355297088623,True
train,0.6074182391166687,0.0,0.2764933407306671,0.005519972648471594,0.003064775373786688,-0.22877106070518494,-12.731119155883789,12.733174324035645,True
test,0.6078349947929382,0.0,0.27106788754463196,0.005425785202533007,0.0031910385005176067,-0.21935944259166718,-12.525497436523438,12.52741813659668,True
train,0.608251690864563,0.0,0.26573145389556885,0.005335481371730566,0.0033231782726943493,-0.2105114907026291,-12.323917388916016,12.325715065002441,True
train,0.6086684465408325,0.0,0.2604805827140808,0.0052488455548882484,0.0034615201875567436,-0.2021784484386444,-12.125739097595215,12.127425193786621,True
train,0.609085202217102,0.0,0.25531503558158875,0.005165674723684788,0.0036063522566109896,-0.19431833922863007,-11.93050765991211,11.932089805603027,True
train,0.6095019578933716,0.0007936508045531809,0.25023335218429565,0.005085773766040802,0.003757998114451766,-0.1868916153907776,-11.737776756286621,11.739264488220215,True
test,0.6099187135696411,0.0,0.24523460865020752,0.00500900112092495,0.003916791174560785,-0.17986340820789337,-11.547178268432617,11.548579216003418,False
train,0.6103354692459106,0.0,0.24031808972358704,0.004935162607580423,0.004083119332790375,-0.17320023477077484,-11.35840892791748,11.359729766845703,False
train,0.6107522249221802,0.0007936508045531809,0.23548275232315063,0.004864129237830639,0.004257322289049625,-0.1668727993965149,-11.171184539794922,11.172430992126465,False
train,0.6111689805984497,0.0031746032182127237,0.23072797060012817,0.004795763175934553,0.00443981122225523,-0.16085399687290192,-10.985304832458496,10.986482620239258,False
train,0.6115857362747192,0.0,0.22605350613594055,0.004729975946247578,0.004631012212485075,-0.15512055158615112,-10.800606727600098,10.80172061920166,False
test,0.6120024919509888,0.0007936508045531809,0.22145868837833405,0.004666606429964304,0.004831327591091394,-0.1496485024690628,-10.61697006225586,10.618024826049805,False
train,0.6124192476272583,0.0,0.21694272756576538,0.004605574533343315,0.005041242577135563,-0.1444181501865387,-10.434288024902344,10.435287475585938,False
train,0.6128360033035278,0.0007936508045531809,0.21250572800636292,0.004546791315078735,0.005261225160211325,-0.13941137492656708,-10.25252914428711,10.253477096557617,False
train,0.6132527589797974,0.0031746032182127237,0.2081470787525177,0.0044901748187839985,0.005491802003234625,-0.13461165130138397,-10.071659088134766,10.072558403015137,False
train,0.6136695146560669,0.0015873016091063619,0.2038659304380417,0.00443563237786293,0.0057334634475409985,-0.13000285625457764,-9.891661643981934,9.892516136169434,False
test,0.6140862703323364,0.0031746032182127237,0.1996624916791916,0.004383102059364319,0.005986771546304226,-0.1255718618631363,-9.712578773498535,9.713390350341797,False
train,0.614503026008606,0.0,0.1955360770225525,0.0043325056321918964,0.006252323277294636,-0.12130526453256607,-9.534445762634277,9.53521728515625,False
train,0.6149197816848755,0.0031746032182127237,0.19148610532283783,0.004283796064555645,0.00653074262663722,-0.11719205230474472,-9.357312202453613,9.35804557800293,False
train,0.615336537361145,0.0031746032182127237,0.18751244246959686,0.004236901178956032,0.006822616793215275,-0.11322109401226044,-9.181266784667969,9.181964874267578,False
train,0.6157532930374146,0.0023809524718672037,0.18361404538154602,0.004191779065877199,0.0071286545135080814,-0.10938309133052826,-9.006359100341797,9.007022857666016,False
test,0.6161700487136841,0.0015873016091063619,0.1797908991575241,0.004148384556174278,0.007449536584317684,-0.10566902160644531,-8.832708358764648,8.833340644836426,False
train,0.6165868043899536,0.0,0.17604215443134308,0.004106657579541206,0.007786037400364876,-0.10207049548625946,-8.660386085510254,8.660987854003906,False
train,0.6170035600662231,0.0007936508045531809,0.17236734926700592,0.004066565539687872,0.008138866163790226,-0.0985800102353096,-8.489508628845215,8.490080833435059,False
train,0.6174203157424927,0.0023809524718672037,0.16876579821109772,0.004028081428259611,0.008508849889039993,-0.09519097208976746,-8.320167541503906,8.320712089538574,False
train,0.6178370714187622,0.0015873016091063619,0.16523657739162445,0.003991159610450268,0.008896838873624802,-0.09189678728580475,-8.152458190917969,8.152976036071777,False
test,0.6182538270950317,0.003968254197388887,0.16177892684936523,0.003955760505050421,0.009303736500442028,-0.08869114518165588,-7.986481666564941,7.986974239349365,False
train,0.6186705827713013,0.0023809524718672037,0.15839239954948425,0.00392187898978591,0.009730399586260319,-0.0855688825249672,-7.822351455688477,7.822819232940674,False
train,0.6190873384475708,0.0015873016091063619,0.15507589280605316,0.003889474319294095,0.010177823714911938,-0.08252488821744919,-7.660149574279785,7.6605939865112305,False
train,0.6195040345191956,0.0007936508045531809,0.15182919800281525,0.0038585327565670013,0.010646943934261799,-0.07955484837293625,-7.500003337860107,7.500425338745117,False
train,0.6199207901954651,0.0023809524718672037,0.1486504226922989,0.0038290205411612988,0.01113894023001194,-0.07665318250656128,-7.341952323913574,7.342352390289307,False
test,0.6203375458717346,0.0007936508045531809,0.1455390453338623,0.0038009323179721832,0.01165488176047802,-0.07381632179021835,-7.186106204986572,7.186485290527344,False
train,0.6207543015480042,0.0,0.14249403774738312,0.0037742333952337503,0.012195824645459652,-0.07103975117206573,-7.032536506652832,7.032895088195801,False
train,0.6211710572242737,0.0023809524718672037,0.13951446115970612,0.003748923772946,0.012763014063239098,-0.06832018494606018,-6.881321907043457,6.881661415100098,False
train,0.6215878129005432,0.0023809524718672037,0.13659921288490295,0.003724982962012291,0.013357659801840782,-0.06565351784229279,-6.732523441314697,6.73284387588501,False
train,0.6220045685768127,0.0015873016091063619,0.13374723494052887,0.0037024093326181173,0.013981114141643047,-0.06303685903549194,-6.586212158203125,6.586513996124268,False
test,0.6224213242530823,0.003968254197388887,0.1309577077627182,0.003681194270029664,0.014634647406637669,-0.06046658381819725,-6.442447662353516,6.4427313804626465,False
train,0.6228380799293518,0.0023809524718672037,0.12822918593883514,0.0036613279953598976,0.0153196407482028,-0.057939477264881134,-6.301267623901367,6.301534175872803,False
train,0.6232548356056213,0.0031746032182127237,0.12556059658527374,0.003642814699560404,0.016037624329328537,-0.05545242875814438,-6.162713050842285,6.162962436676025,False
train,0.6236715912818909,0.0063492064364254475,0.12295114248991013,0.0036256329622119665,0.016790110617876053,-0.053002435714006424,-6.0268425941467285,6.027075290679932,False
train,0.6240883469581604,0.0063492064364254475,0.12039923667907715,0.0036097888369113207,0.017578549683094025,-0.050586290657520294,-5.893661022186279,5.89387845993042,False
test,0.6245051026344299,0.004761904943734407,0.1179039478302002,0.0035952881444245577,0.018404655158519745,-0.0482015423476696,-5.763213157653809,5.7634148597717285,False
train,0.6249218583106995,0.0031746032182127237,0.11546395719051361,0.003582148812711239,0.019270112738013268,-0.045844949781894684,-5.63550329208374,5.635689735412598,False
train,0.625338613986969,0.0031746032182127237,0.11307832598686218,0.0035703410394489765,0.02017660066485405,-0.043513551354408264,-5.510560512542725,5.510732173919678,False
train,0.6257553696632385,0.0,0.11074559390544891,0.0035599081311374903,0.02112595923244953,-0.04120464622974396,-5.388376712799072,5.388534069061279,False
train,0.6261721253395081,0.0015873016091063619,0.10846464335918427,0.0035508230794221163,0.022120017558336258,-0.038915351033210754,-5.268959045410156,5.269102573394775,False
test,0.6265888810157776,0.004761904943734407,0.10623449087142944,0.0035431196447461843,0.023160824552178383,-0.03664284944534302,-5.15231990814209,5.152450084686279,False
train,0.6270056366920471,0.0015873016091063619,0.10405371338129044,0.00353682367131114,0.024250196292996407,-0.03438412398099899,-5.03843355178833,5.038550853729248,False
train,0.6274223923683167,0.0023809524718672037,0.10192130506038666,0.0035319167654961348,0.025390205904841423,-0.03213606774806976,-4.92730188369751,4.927406311035156,False
train,0.6278391480445862,0.0015873016091063619,0.0998360738158226,0.003528446424752474,0.02658306248486042,-0.029895899817347527,-4.818906307220459,4.81899881362915,False
train,0.6282559037208557,0.0023809524718672037,0.09779661893844604,0.0035264031030237675,0.027830973267555237,-0.027660436928272247,-4.713213920593262,4.713294982910156,False
test,0.6286726593971252,0.0,0.09580226242542267,0.0035258266143500805,0.029135940596461296,-0.025426439940929413,-4.610226631164551,4.610296726226807,False
train,0.6290894150733948,0.0,0.09385144710540771,0.003526747925207019,0.030500367283821106,-0.023190688341856003,-4.5098958015441895,4.509955406188965,False
train,0.6295061707496643,0.0,0.09194323420524597,0.003529178909957409,0.03192657232284546,-0.020949795842170715,-4.4121994972229,4.4122490882873535,False
train,0.6299229264259338,0.0,0.09007640182971954,0.003533136798068881,0.033417124301195145,-0.018700536340475082,-4.317098140716553,4.317138671875,False
train,0.6303396821022034,0.0,0.0882498100399971,0.003538694465532899,0.03497423231601715,-0.01643858291208744,-4.22455358505249,4.22458553314209,False
test,0.6307563781738281,0.0,0.0864628478884697,0.0035458409693092108,0.03660017251968384,-0.01416131854057312,-4.13454532623291,4.1345696449279785,False
train,0.6311731338500977,0.0,0.08471374213695526,0.0035546328872442245,0.038298100233078,-0.011864030733704567,-4.046998977661133,4.047016620635986,False
train,0.6315898895263672,0.0,0.08300196379423141,0.0035650981590151787,0.0400703065097332,-0.009542834013700485,-3.9618914127349854,3.9619028568267822,False
train,0.6320066452026367,0.0,0.0813261866569519,0.003577301511541009,0.041919589042663574,-0.007193621248006821,-3.879160165786743,3.879166841506958,False
train,0.6324234008789062,0.0,0.07968566566705704,0.003591263899579644,0.0438484326004982,-0.0048120953142642975,-3.798769474029541,3.7987725734710693,False
test,0.6328401565551758,0.0,0.07807931303977966,0.003607040736824274,0.04585947096347809,-0.002393607050180435,-3.7206592559814453,3.7206599712371826,False
train,0.6332569122314453,0.0,0.07650603353977203,0.0036246892996132374,0.047955598682165146,6.683915853500366e-05,-3.6447739601135254,3.6447739601135254,False
train,0.6336736679077148,0.0,0.07496502995491028,0.003644253360107541,0.05013968050479889,0.0025738440454006195,-3.571058511734009,3.571059465408325,False
train,0.6340904235839844,0.0,0.07345543056726456,0.0036658013705164194,0.05241423472762108,0.0051329247653484344,-3.4994595050811768,3.4994633197784424,False
train,0.6345071792602539,0.0,0.07197631895542145,0.003689373843371868,0.054782141000032425,0.007749084383249283,-3.4299142360687256,3.4299230575561523,False
test,0.6349239349365234,0.0,0.07052689045667648,0.003715049009770155,0.05724617838859558,0.010428354144096375,-3.362370014190674,3.3623862266540527,False
train,0.635340690612793,0.0,0.06910617649555206,0.0037428964860737324,0.059809405356645584,0.013176009058952332,-3.2967498302459717,3.296776294708252,False
train,0.6357574462890625,0.0,0.06771352142095566,0.0037729914765805006,0.06247418001294136,0.015999067574739456,-3.2330057621002197,3.2330453395843506,False
train,0.636174201965332,0.0,0.06634803861379623,0.003805381478741765,0.06524336338043213,0.018902841955423355,-3.171067237854004,3.171123743057251,False
train,0.6365909576416016,0.0,0.06500903517007828,0.003840179182589054,0.0681200698018074,0.021894432604312897,-3.110869884490967,3.1109468936920166,False
test,0.6370077133178711,0.0,0.06369582563638687,0.003877433016896248,0.07110647857189178,0.024980537593364716,-3.0523533821105957,3.0524556636810303,False
train,0.6374244689941406,0.0,0.06240757927298546,0.003917256370186806,0.07420559972524643,0.0281679704785347,-2.995443344116211,2.9955759048461914,False
train,0.6378412246704102,0.0,0.06114374101161957,0.003959733992815018,0.07741951197385788,0.0314648374915123,-2.9400808811187744,2.94024920463562,False
train,0.6382579803466797,0.0,0.05990368127822876,0.004004950635135174,0.08075171709060669,0.03487648814916611,-2.8861987590789795,2.886409282684326,False
train,0.6386747360229492,0.0,0.058686837553977966,0.004053007811307907,0.08420342952013016,0.03841251879930496,-2.8337349891662598,2.8339953422546387,False
test,0.6390914916992188,0.0,0.05749237909913063,0.004104002378880978,0.08777812123298645,0.04207908362150192,-2.7826087474823,2.7829267978668213,False
train,0.6395082473754883,0.0,0.05632008984684944,0.004158063791692257,0.09147695451974869,0.045885808765888214,-2.732774019241333,2.733159303665161,False
train,0.6399250030517578,0.0007936508045531809,0.05516912788152695,0.004215299617499113,0.09530352056026459,0.0498390793800354,-2.6841495037078857,2.6846120357513428,False
train,0.6403417587280273,0.0,0.05403929576277733,0.004275785759091377,0.09925815463066101,0.05394693464040756,-2.6366841793060303,2.6372361183166504,False
train,0.6407585144042969,0.0,0.05292987450957298,0.0043396842665970325,0.10334416478872299,0.05821780860424042,-2.5903046131134033,2.590958833694458,False
test,0.6411752700805664,0.0,0.05184059962630272,0.004407107830047607,0.1075621247291565,0.06265950947999954,-2.544955015182495,2.5457262992858887,False
train,0.6415920257568359,0.0,0.050770968198776245,0.004478164948523045,0.11191520094871521,0.06727852672338486,-2.5005743503570557,2.501479387283325,False
train,0.6420087814331055,0.0,0.049720652401447296,0.004553002770990133,0.11640284955501556,0.07208415865898132,-2.4571034908294678,2.458160638809204,False
train,0.6424254775047302,0.0,0.048689309507608414,0.004631747025996447,0.12102706730365753,0.07708238810300827,-2.414486885070801,2.4157168865203857,False
train,0.6428422331809998,0.0,0.04767640307545662,0.004714541602879763,0.12578926980495453,0.08228100091218948,-2.3726608753204346,2.37408709526062,False
test,0.6432589888572693,0.0,0.04668175056576729,0.004801538307219744,0.13069066405296326,0.08768653869628906,-2.3315811157226562,2.3332295417785645,False
train,0.6436757445335388,0.0,0.045705001801252365,0.004892864264547825,0.13573116064071655,0.09330442547798157,-2.2911911010742188,2.2930901050567627,False
train,0.6440925002098083,0.0,0.04474600404500961,0.0049886563792824745,0.1409115195274353,0.09913930296897888,-2.251452922821045,2.2536346912384033,False
train,0.6445092558860779,0.0,0.043804462999105453,0.005089075304567814,0.14623090624809265,0.1051977276802063,-2.2123148441314697,2.2148146629333496,False
train,0.6449260115623474,0.0,0.042879942804574966,0.005194293800741434,0.15169066190719604,0.11148309707641602,-2.1737313270568848,2.1765880584716797,False
test,0.6453427672386169,0.0,0.041972484439611435,0.005304437596350908,0.15728943049907684,0.11799794435501099,-2.135671854019165,2.1389291286468506,False
train,0.6457595229148865,0.0,0.04108171537518501,0.005419651512056589,0.16302745044231415,0.12474304437637329,-2.0980963706970215,2.1018013954162598,False
train,0.646176278591156,0.0,0.04020759463310242,0.0055401017889380455,0.1689024120569229,0.1317211538553238,-2.060978412628174,2.065183401107788,False
train,0.6465930342674255,0.0,0.03934985771775246,0.005665933713316917,0.17491498589515686,0.13893000781536102,-2.024286985397339,2.0290489196777344,False
train,0.6470097899436951,0.0,0.0385083369910717,0.00579731073230505,0.18106241524219513,0.14636942744255066,-1.987996220588684,1.9933773279190063,False
test,0.6474265456199646,0.0,0.03768283873796463,0.005934367887675762,0.18734373152256012,0.15403495728969574,-1.9520846605300903,1.9581525325775146,False
train,0.6478433012962341,0.0,0.03687335178256035,0.006077265832573175,0.1937558352947235,0.1619230955839157,-1.9165410995483398,1.9233691692352295,False
train,0.6482600569725037,0.0,0.03607965260744095,0.006226120516657829,0.2002982348203659,0.17002467811107635,-1.8813481330871582,1.8890154361724854,False
train,0.6486768126487732,0.0,0.03530155122280121,0.006381103303283453,0.2069665938615799,0.1783350259065628,-1.8464939594268799,1.855085849761963,False
train,0.6490935683250427,0.0,0.034539032727479935,0.006542338524013758,0.21375952661037445,0.18684183061122894,-1.8119786977767944,1.8215863704681396,False
test,0.6495103240013123,0.0,0.03379189223051071,0.006709924433380365,0.220672145485878,0.19553418457508087,-1.7777950763702393,1.7885158061981201,False
train,0.6499270796775818,0.0,0.03306000679731369,0.006884015630930662,0.22770361602306366,0.20439796149730682,-1.7439438104629517,1.7558811902999878,False
train,0.6503438353538513,0.0,0.03234332054853439,0.007064737845212221,0.2348472625017166,0.21342147886753082,-1.710434079170227,1.7236976623535156,False
train,0.6507605910301208,0.0,0.0316416397690773,0.007252162322402,0.24210143089294434,0.22258415818214417,-1.6772692203521729,1.6919739246368408,False
train,0.6511773467063904,0.0,0.030954837799072266,0.007446416188031435,0.24945999681949615,0.2318711280822754,-1.6444592475891113,1.6607258319854736,False
test,0.6515941023826599,0.0,0.030282819643616676,0.007647560443729162,0.256920725107193,0.24125859141349792,-1.6120184659957886,1.6299721002578735,False
train,0.6520108580589294,0.0,0.02962540090084076,0.007855691947042942,0.26447615027427673,0.2507297098636627,-1.5799598693847656,1.5997308492660522,False
train,0.652427613735199,0.0,0.028982367366552353,0.008070862852036953,0.2721240818500519,0.2602587640285492,-1.5482978820800781,1.5700194835662842,False
train,0.6528443694114685,0.0,0.028353707864880562,0.008293150924146175,0.27985674142837524,0.2698260247707367,-1.5170576572418213,1.5408666133880615,False
train,0.653261125087738,0.0,0.027739208191633224,0.008522532880306244,0.28767165541648865,0.27940091490745544,-1.4862576723098755,1.5122919082641602,False
test,0.6536778211593628,0.0,0.027138803154230118,0.008759106509387493,0.29555943608283997,0.2889665365219116,-1.4559251070022583,1.48432457447052,False
train,0.6540945768356323,0.0,0.02655203267931938,0.009002875536680222,0.30351656675338745,0.2984958589076996,-1.4260667562484741,1.4569716453552246,False
train,0.6545113325119019,0.0,0.025978917255997658,0.009253855794668198,0.3115381598472595,0.3079637587070465,-1.3967186212539673,1.430267333984375,False
train,0.6549280881881714,0.0,0.025419171899557114,0.009511994197964668,0.3196154832839966,0.3173457682132721,-1.367897868156433,1.4042267799377441,False
train,0.6553448438644409,0.0,0.02487262897193432,0.00977730005979538,0.3277450501918793,0.32661786675453186,-1.33963143825531,1.378873348236084,False
test,0.6557615995407104,0.0,0.024339083582162857,0.01004974078387022,0.33591729402542114,0.33576104044914246,-1.311943531036377,1.3542271852493286,False
train,0.65617835521698,0.0,0.023818261921405792,0.010329273529350758,0.3441283404827118,0.3447524607181549,-1.2848538160324097,1.330302119255066,False
train,0.6565951108932495,0.0,0.02330993302166462,0.010615812614560127,0.3523693084716797,0.35357335209846497,-1.2583858966827393,1.307114839553833,False
train,0.657011866569519,0.0,0.02281387336552143,0.010909347794950008,0.36063703894615173,0.3622075617313385,-1.2325620651245117,1.2846803665161133,False
train,0.6574286222457886,0.0,0.02232985757291317,0.011209761723876,0.36892038583755493,0.3706430196762085,-1.2074041366577148,1.2630126476287842,False
test,0.6578453779220581,0.0,0.02185758203268051,0.011516999453306198,0.3772163987159729,0.37886661291122437,-1.1829288005828857,1.242119312286377,False
train,0.6582621335983276,0.0,0.02139674685895443,0.011830924078822136,0.385515034198761,0.38687071204185486,-1.1591507196426392,1.2220063209533691,False
train,0.6586788892745972,0.0,0.020947158336639404,0.012151462025940418,0.393812894821167,0.39464911818504333,-1.136092185974121,1.202685832977295,False
train,0.6590956449508667,0.0007936508045531809,0.0205084178596735,0.012478530406951904,0.4020993113517761,0.4022062122821808,-1.1137596368789673,1.1841580867767334,False
train,0.6595124006271362,0.0,0.020080307498574257,0.012812062166631222,0.4103713929653168,0.40954309701919556,-1.0921688079833984,1.1664297580718994,False
test,0.6599291563034058,0.0007936508045531809,0.01966254599392414,0.013151888735592365,0.41861942410469055,0.41666650772094727,-1.0713297128677368,1.1495035886764526,False
train,0.6603459119796753,0.0007936508045531809,0.019254805520176888,0.013497952371835709,0.4268394708633423,0.42358678579330444,-1.0512478351593018,1.1333788633346558,False
train,0.6607626676559448,0.0,0.018856782466173172,0.01385015994310379,0.4350220263004303,0.43032318353652954,-1.0319277048110962,1.1180576086044312,False
train,0.6611794233322144,0.0007936508045531809,0.01846814714372158,0.014208341017365456,0.44316360354423523,0.43688732385635376,-1.013370156288147,1.1035350561141968,False
train,0.6615961790084839,0.0,0.018088648095726967,0.014572522602975368,0.4512551426887512,0.4433116316795349,-0.9955776929855347,1.0898165702819824,False
test,0.6620129346847534,0.0,0.017717935144901276,0.014942558482289314,0.45929285883903503,0.44961661100387573,-0.9785435795783997,1.0768948793411255,False
train,0.662429690361023,0.0,0.01735577918589115,0.015318361110985279,0.4672675132751465,0.4558355510234833,-0.9622652530670166,1.0647724866867065,False
train,0.6628464460372925,0.0007936508045531809,0.017001846805214882,0.01569993607699871,0.4751771092414856,0.4620008170604706,-0.9467326402664185,1.0534454584121704,False
train,0.663263201713562,0.0023809524718672037,0.01665583625435829,0.01608719862997532,0.4830126464366913,0.4681504964828491,-0.9319331645965576,1.042911410331726,False
train,0.6636799573898315,0.0007936508045531809,0.016317419707775116,0.01648014225065708,0.4907712936401367,0.4743210971355438,-0.9178490042686462,1.0331636667251587,False
test,0.6640967130661011,0.0023809524718672037,0.01598639041185379,0.016878683120012283,0.49844422936439514,0.48055288195610046,-0.9044651985168457,1.0242012739181519,False
train,0.6645134687423706,0.0007936508045531809,0.01566242054104805,0.017282942309975624,0.5060301423072815,0.4868893623352051,-0.8917586207389832,1.0160189867019653,False
train,0.6649301648139954,0.0007936508045531809,0.01534531731158495,0.01769271306693554,0.5135185122489929,0.493368536233902,-0.8797054290771484,1.0086100101470947,False
train,0.6653469204902649,0.0,0.015034744516015053,0.018108248710632324,0.5209113955497742,0.5000337362289429,-0.8682774305343628,1.0019677877426147,False
train,0.6657636761665344,0.0,0.014730495400726795,0.01852952130138874,0.5281993746757507,0.5069270730018616,-0.8574425578117371,0.9960837364196777,False
test,0.666180431842804,0.0,0.014432385563850403,0.01895655132830143,0.5353807210922241,0.5140829682350159,-0.8471694588661194,0.9909477233886719,False
train,0.6665971875190735,0.0,0.014140138402581215,0.019389430060982704,0.5424482822418213,0.521541178226471,-0.8374195098876953,0.9865478277206421,False
train,0.667013943195343,0.0007936508045531809,0.013853637501597404,0.01982821151614189,0.5494019985198975,0.5293286442756653,-0.8281556367874146,0.9828685522079468,False
train,0.6674306988716125,0.0,0.013572626747190952,0.02027304284274578,0.5562341213226318,0.5374789834022522,-0.8193334341049194,0.9798933267593384,False
train,0.6678474545478821,0.0,0.013297006487846375,0.02072400227189064,0.5629453063011169,0.5460090637207031,-0.8109118342399597,0.9776010513305664,False
test,0.6682642102241516,0.0,0.013026619330048561,0.021181143820285797,0.5695300102233887,0.5549356937408447,-0.8028444051742554,0.9759675860404968,False
train,0.6686809659004211,0.0007936508045531809,0.012761339545249939,0.02164468728005886,0.575984001159668,0.5642730593681335,-0.7950854897499084,0.9749692678451538,False
train,0.6690977215766907,0.0,0.01250107865780592,0.022114640101790428,0.5823075771331787,0.5740160346031189,-0.7875878810882568,0.9745712280273438,False
train,0.6695144772529602,0.0,0.012245756573975086,0.02259119041264057,0.5884953737258911,0.5841622948646545,-0.7803037166595459,0.974740743637085,False
train,0.6699312329292297,0.0,0.011995293200016022,0.02307436615228653,0.5945475101470947,0.5946910381317139,-0.773185670375824,0.9754350781440735,False
test,0.6703479886054993,0.0,0.011749695055186749,0.023564402014017105,0.6004599928855896,0.6055871844291687,-0.7661910057067871,0.9766188859939575,False
train,0.6707647442817688,0.0,0.011508888565003872,0.02406119927763939,0.6062333583831787,0.6168049573898315,-0.7592712640762329,0.9782336950302124,False
train,0.6711814999580383,0.0007936508045531809,0.011272898875176907,0.024564899504184723,0.6118638515472412,0.6283074617385864,-0.7523872256278992,0.9802330136299133,False
train,0.6715982556343079,0.0,0.011041768826544285,0.025075633078813553,0.6173528432846069,0.6400427222251892,-0.745501697063446,0.9825617074966431,False
train,0.6720150113105774,0.0,0.010815470479428768,0.025593305006623268,0.6226958632469177,0.6519482135772705,-0.7385762929916382,0.985155463218689,False
test,0.6724317669868469,0.0,0.010594070889055729,0.0261179618537426,0.6278957724571228,0.663952648639679,-0.7315813899040222,0.9879496097564697,False
train,0.6728485226631165,0.0,0.010377643629908562,0.0266495980322361,0.6329483389854431,0.6759859323501587,-0.7244921922683716,0.9908813834190369,False
train,0.673265278339386,0.0,0.010166251100599766,0.027188047766685486,0.637856662273407,0.6879567503929138,-0.7172859311103821,0.9938730597496033,False
train,0.6736820340156555,0.0,0.009959961287677288,0.027733279392123222,0.6426175236701965,0.699783444404602,-0.7099472284317017,0.9968560338020325,False
train,0.674098789691925,0.0,0.009758823551237583,0.028285162523388863,0.6472343802452087,0.7113720774650574,-0.7024646997451782,0.9997534155845642,False
test,0.6745155453681946,0.0,0.009562957100570202,0.02884344570338726,0.6517041325569153,0.7226296663284302,-0.6948346495628357,1.0024912357330322,False
train,0.6749323010444641,0.0,0.009372414089739323,0.02940797060728073,0.6560299396514893,0.733462393283844,-0.6870567202568054,1.004994511604309,False
train,0.6753490567207336,0.0,0.009187311865389347,0.0299784354865551,0.6602099537849426,0.7437785863876343,-0.6791381239891052,1.007191777229309,False
train,0.6757658123970032,0.0,0.009007696062326431,0.030554594472050667,0.6642482876777649,0.7534868717193604,-0.6710886359214783,1.0090105533599854,False
train,0.6761825084686279,0.0,0.008833671920001507,0.03113590180873871,0.6681414842605591,0.7625024318695068,-0.6629247665405273,1.0103856325149536,False
test,0.6765992641448975,0.0,0.008665218017995358,0.031722404062747955,0.6718962788581848,0.7707539200782776,-0.6546633243560791,1.0112594366073608,False
train,0.677016019821167,0.0,0.008502456359565258,0.03231335058808327,0.675509512424469,0.7781630158424377,-0.6463285684585571,1.0115721225738525,False
train,0.6774327754974365,0.0,0.008345366455614567,0.03290850296616554,0.6789851188659668,0.784674346446991,-0.637944221496582,1.0112797021865845,False
train,0.677849531173706,0.0,0.008194006979465485,0.03350735828280449,0.6823238730430603,0.7902364134788513,-0.6295391917228699,1.010343074798584,False
train,0.6782662868499756,0.0,0.00804839376360178,0.034109458327293396,0.6855294704437256,0.7948084473609924,-0.6211426854133606,1.0087312459945679,False
test,0.6786830425262451,0.0,0.007908541709184647,0.03471431881189346,0.6886005401611328,0.798365592956543,-0.612784206867218,1.006425380706787,False
train,0.6790997982025146,0.0,0.007774370722472668,0.03532140702009201,0.6915431618690491,0.8008868098258972,-0.6044908165931702,1.0034085512161255,False
train,0.6795165538787842,0.0,0.0076459310948848724,0.035930339246988297,0.694355845451355,0.8023794293403625,-0.5962961316108704,0.9996908903121948,False
train,0.6799333095550537,0.0,0.007523107808083296,0.03654059022665024,0.6970447897911072,0.8028438687324524,-0.5882242918014526,0.9952718615531921,False
train,0.6803500652313232,0.0,0.007405893877148628,0.03715166449546814,0.6996086835861206,0.8023056983947754,-0.5803041458129883,0.9901754260063171,False
test,0.6807668209075928,0.0,0.007294182199984789,0.0377630852162838,0.7020531892776489,0.8007924556732178,-0.5725593566894531,0.9844250679016113,False
train,0.6811835765838623,0.0,0.007187912240624428,0.03837445378303528,0.7043793797492981,0.7983472943305969,-0.5650129914283752,0.9780583381652832,False
train,0.6816003322601318,0.0,0.007086965721100569,0.03898535668849945,0.7065914869308472,0.7950196862220764,-0.557685375213623,0.9711175560951233,False
train,0.6820170879364014,0.0,0.0069912876933813095,0.03959532454609871,0.7086895108222961,0.7908676862716675,-0.5505950450897217,0.9636527895927429,False
train,0.6824338436126709,0.0,0.0069007426500320435,0.04020402580499649,0.7106807827949524,0.785954475402832,-0.543757438659668,0.9557178616523743,False
test,0.6828505992889404,0.0,0.006815205793827772,0.04081108421087265,0.7125646471977234,0.7803483009338379,-0.5371837615966797,0.9473699331283569,False
train,0.68326735496521,0.0,0.006734578404575586,0.04141617938876152,0.7143470048904419,0.7741207480430603,-0.5308858752250671,0.9386707544326782,False
train,0.6836841106414795,0.0,0.006658713798969984,0.04201910272240639,0.7160277366638184,0.7673510909080505,-0.5248709917068481,0.9296866059303284,False
train,0.684100866317749,0.0,0.0065874941647052765,0.04261946678161621,0.7176132798194885,0.7601093053817749,-0.5191438794136047,0.9204762578010559,False
train,0.6845176219940186,0.0,0.006520755589008331,0.043217238038778305,0.7191054821014404,0.7524783611297607,-0.5137084722518921,0.9111092686653137,False
test,0.6849343776702881,0.0,0.006458416115492582,0.04381205514073372,0.7205087542533875,0.7445279955863953,-0.5085662007331848,0.9016438126564026,False
train,0.6853511333465576,0.0,0.006400304846465588,0.044403884559869766,0.7218241095542908,0.7363361120223999,-0.5037158727645874,0.8921437859535217,False
train,0.6857678890228271,0.0,0.006346291862428188,0.04499246925115585,0.7230581045150757,0.7279711961746216,-0.49915558099746704,0.8826654553413391,False
train,0.6861846446990967,0.0,0.0062962486408650875,0.04557791352272034,0.724211573600769,0.7195040583610535,-0.4948817491531372,0.8732662796974182,False
train,0.6866014003753662,0.0,0.006250038277357817,0.046159978955984116,0.7252889275550842,0.7109972238540649,-0.49088913202285767,0.8639960885047913,False
test,0.6870181560516357,0.0,0.006207526195794344,0.04673880711197853,0.7262930274009705,0.7025128602981567,-0.48717206716537476,0.854904055595398,False
train,0.6874349117279053,0.0,0.006168588530272245,0.04731416329741478,0.7272290587425232,0.6941032409667969,-0.48372340202331543,0.8460305333137512,False
train,0.68785160779953,0.0,0.00613310607150197,0.04788615554571152,0.7280998826026917,0.6858215928077698,-0.4805358946323395,0.8374162316322327,False
train,0.6882683634757996,0.0,0.006100953556597233,0.048454973846673965,0.7289069890975952,0.6777167916297913,-0.4776013195514679,0.8290977478027344,False
train,0.6886851191520691,0.0,0.006072001997381449,0.049020517617464066,0.7296556234359741,0.6698274612426758,-0.4749108552932739,0.8211024403572083,False
test,0.6891018748283386,0.0,0.006046169903129339,0.04958285391330719,0.7303488254547119,0.6621910333633423,-0.47245535254478455,0.8134562373161316,False
train,0.6895186305046082,0.0,0.006023290101438761,0.05014219507575035,0.7309908270835876,0.654841423034668,-0.4702266454696655,0.8061826229095459,False
train,0.6899353861808777,0.0,0.006003339309245348,0.05069849267601967,0.7315837144851685,0.6478055119514465,-0.468214750289917,0.7992978096008301,False
train,0.6903521418571472,0.0,0.005986145231872797,0.051252126693725586,0.7321320176124573,0.6411108374595642,-0.46641167998313904,0.792819619178772,False
train,0.6907688975334167,0.0,0.005971642676740885,0.05180290341377258,0.7326371669769287,0.6347730159759521,-0.46480634808540344,0.7867538928985596,False
test,0.6911856532096863,0.0,0.005959728267043829,0.05235110968351364,0.7331053614616394,0.6288084983825684,-0.46339088678359985,0.7811089754104614,False
train,0.6916024088859558,0.0,0.005950328893959522,0.052896879613399506,0.7335377931594849,0.6232322454452515,-0.4621560275554657,0.7758908271789551,False
train,0.6920191645622253,0.0,0.005943362135440111,0.053440388292074203,0.7339387536048889,0.6180525422096252,-0.4610934555530548,0.7711005806922913,False
train,0.6924359202384949,0.0,0.005938730202615261,0.053981803357601166,0.7343103289604187,0.6132778525352478,-0.46019473671913147,0.7667391300201416,False
train,0.6928526759147644,0.0,0.005936353467404842,0.05452120304107666,0.7346574068069458,0.6089088320732117,-0.4594510495662689,0.762800931930542,False
test,0.6932694315910339,0.0007936508045531809,0.005936192348599434,0.0550587996840477,0.7349808812141418,0.6049505472183228,-0.45885488390922546,0.759284496307373,False
train,0.6936861872673035,0.0,0.005938162561506033,0.05559472367167473,0.7352864742279053,0.6013989448547363,-0.4583985209465027,0.7561811208724976,False
train,0.694102942943573,0.0,0.005942195188254118,0.05612916499376297,0.7355743050575256,0.5982548594474792,-0.4580744802951813,0.7534859776496887,False
train,0.6945196986198425,0.0,0.00594821572303772,0.05666239187121391,0.7358502745628357,0.5955122709274292,-0.45787671208381653,0.7511897087097168,False
train,0.6949364542961121,0.0,0.005956207402050495,0.05719433352351189,0.7361154556274414,0.5931649804115295,-0.45779672265052795,0.7492813467979431,False
test,0.6953532099723816,0.0,0.0059660980477929115,0.05772533640265465,0.7363725900650024,0.5912086963653564,-0.4578295648097992,0.7477537393569946,False
train,0.6957699656486511,0.0,0.005977832246571779,0.05825550854206085,0.7366253733634949,0.5896334052085876,-0.45796874165534973,0.7465941905975342,False
train,0.6961867213249207,0.0,0.005991347134113312,0.05878497287631035,0.736876368522644,0.5884288549423218,-0.4582078754901886,0.7457901239395142,False
train,0.6966034770011902,0.0,0.006006645038723946,0.05931387096643448,0.7371281981468201,0.587587833404541,-0.4585418105125427,0.7453321814537048,False
train,0.6970202326774597,0.0,0.006023642607033253,0.05984249338507652,0.7373837828636169,0.5870991349220276,-0.4589657783508301,0.7452080249786377,False
test,0.6974369883537292,0.0,0.006042316555976868,0.06037076935172081,0.7376440763473511,0.586952805519104,-0.45947372913360596,0.7454057335853577,False
train,0.6978537440299988,0.0,0.0060626245103776455,0.060899026691913605,0.7379139065742493,0.5871361494064331,-0.4600619971752167,0.7459127902984619,False
train,0.6982704997062683,0.0,0.006084545515477657,0.06142720952630043,0.7381938099861145,0.5876363515853882,-0.4607243239879608,0.7467150688171387,False
train,0.6986872553825378,0.0,0.006108037196099758,0.061955731362104416,0.7384883165359497,0.5884454846382141,-0.46145910024642944,0.7478051781654358,False
train,0.6991039514541626,0.0,0.006133062765002251,0.06248447671532631,0.7387973666191101,0.5895503759384155,-0.4622606635093689,0.7491692304611206,False
test,0.6995207071304321,0.0,0.006159630604088306,0.06301365792751312,0.7391246557235718,0.5909368395805359,-0.46312451362609863,0.7507933378219604,False
train,0.6999374628067017,0.0,0.006187687162309885,0.0635434091091156,0.7394713759422302,0.5925962924957275,-0.4640478789806366,0.752669095993042,False
train,0.7003542184829712,0.0,0.006217227317392826,0.06407386809587479,0.7398414015769958,0.5945138335227966,-0.46502721309661865,0.7547827363014221,False
train,0.7007709741592407,0.0,0.00624820264056325,0.0646052360534668,0.7402341961860657,0.5966830849647522,-0.4660604000091553,0.757128119468689,False
train,0.7011877298355103,0.0,0.006280615460127592,0.0651373490691185,0.7406541705131531,0.5990845561027527,-0.4671417474746704,0.7596865892410278,False
test,0.7016044855117798,0.0,0.006314432248473167,0.06567052006721497,0.7411012649536133,0.6017134189605713,-0.46827012300491333,0.7624538540840149,False
train,0.7020212411880493,0.0,0.006349653471261263,0.06620483100414276,0.7415791153907776,0.6045551300048828,-0.4694421589374542,0.7654168009757996,False
train,0.7024379968643188,0.0,0.006386268883943558,0.06674038618803024,0.7420880198478699,0.6076011657714844,-0.47065579891204834,0.7685675621032715,False
train,0.7028547525405884,0.0,0.006424254737794399,0.06727725267410278,0.7426301836967468,0.6108397245407104,-0.47190752625465393,0.7718949913978577,False
train,0.7032715082168579,0.0,0.006463590543717146,0.06781547516584396,0.7432074546813965,0.6142591238021851,-0.473195344209671,0.7753890156745911,False
test,0.7036882638931274,0.0,0.006504276301711798,0.0683552622795105,0.7438218593597412,0.617851197719574,-0.4745173752307892,0.7790422439575195,False
train,0.704105019569397,0.0,0.006546296179294586,0.06889662891626358,0.7444733381271362,0.6216064095497131,-0.4758710563182831,0.7828459739685059,False
train,0.7045217752456665,0.0,0.006589661817997694,0.06943958252668381,0.7451645135879517,0.6255124807357788,-0.4772535264492035,0.7867889404296875,False
train,0.704938530921936,0.0,0.006634347140789032,0.06998428702354431,0.7458961009979248,0.6295620799064636,-0.47866347432136536,0.7908647656440735,False
train,0.7053552865982056,0.0,0.006680356338620186,0.07053080201148987,0.7466708421707153,0.6337457299232483,-0.48009875416755676,0.7950651049613953,False
test,0.7057720422744751,0.0,0.006727675441652536,0.07107928395271301,0.7474886178970337,0.6380558013916016,-0.4815584123134613,0.7993833422660828,False
train,0.7061887979507446,0.0,0.006776297464966774,0.07162965089082718,0.7483498454093933,0.6424834132194519,-0.48303940892219543,0.8038109540939331,False
train,0.7066055536270142,0.0,0.006826242431998253,0.0721820518374443,0.7492580413818359,0.6470187902450562,-0.4845404624938965,0.808339536190033,False
train,0.7070223093032837,0.0,0.006877499166876078,0.07273655384778976,0.7502118349075317,0.651656985282898,-0.48605987429618835,0.8129643201828003,False
train,0.7074390649795532,0.0,0.00693005183711648,0.07329309731721878,0.7512140870094299,0.656386137008667,-0.48759567737579346,0.8176749348640442,False
test,0.7078558206558228,0.0,0.0069839064963161945,0.07385196536779404,0.7522648572921753,0.6612039804458618,-0.489147424697876,0.8224694132804871,False
train,0.7082725763320923,0.0,0.007039105053991079,0.074413001537323,0.7533648610115051,0.6661000847816467,-0.4907115697860718,0.827337384223938,False
train,0.7086893320083618,0.0,0.007095584645867348,0.0749763771891594,0.7545155882835388,0.6710694432258606,-0.4922889471054077,0.8322755694389343,False
train,0.7091060876846313,0.0,0.007153362035751343,0.07554208487272263,0.7557175159454346,0.6761035323143005,-0.4938770532608032,0.8372756242752075,False
train,0.7095228433609009,0.0,0.007212498690932989,0.07611017674207687,0.7569699287414551,0.6811980605125427,-0.4954735040664673,0.8423329591751099,False
test,0.7099395990371704,0.0,0.007272928021848202,0.0766807496547699,0.7582758069038391,0.686347484588623,-0.4970788061618805,0.8474433422088623,False
train,0.7103562951087952,0.0,0.007334670051932335,0.07725365459918976,0.7596340179443359,0.6915417313575745,-0.49869000911712646,0.8525969982147217,False
train,0.7107730507850647,0.0,0.007397760171443224,0.07782919704914093,0.7610462307929993,0.6967805624008179,-0.5003067255020142,0.8577936887741089,False
train,0.7111898064613342,0.0,0.007462202571332455,0.07840736210346222,0.7625119090080261,0.7020567059516907,-0.5019276738166809,0.8630266189575195,False
train,0.7116065621376038,0.0,0.007527951616793871,0.07898804545402527,0.7640316486358643,0.7073644995689392,-0.5035513639450073,0.8682906031608582,False
test,0.7120233178138733,0.0,0.007595100440084934,0.07957138121128082,0.7656065821647644,0.7126991152763367,-0.5051757097244263,0.8735803365707397,False
train,0.7124400734901428,0.0,0.007663548458367586,0.08015738427639008,0.7672368288040161,0.7180551886558533,-0.5068014860153198,0.8788918852806091,False
train,0.7128568291664124,0.0,0.007733426056802273,0.08074609935283661,0.7689210176467896,0.7234312295913696,-0.5084250569343567,0.884222149848938,False
train,0.7132735848426819,0.0,0.00780463544651866,0.08133748173713684,0.7706617712974548,0.7288181185722351,-0.5100470781326294,0.8895638585090637,False
train,0.7136903405189514,0.0,0.007877261377871037,0.0819317102432251,0.7724575996398926,0.7342168092727661,-0.5116655826568604,0.8949167132377625,False
test,0.714107096195221,0.0,0.007951262407004833,0.08252861350774765,0.7743095755577087,0.7396184802055359,-0.5132794380187988,0.9002729058265686,False
train,0.7145238518714905,0.0,0.008026722818613052,0.0831284150481224,0.7762166261672974,0.7450230121612549,-0.5148867964744568,0.9056311249732971,False
train,0.71494060754776,0.0,0.008103550411760807,0.08373090624809265,0.7781793475151062,0.7504236698150635,-0.5164873600006104,0.9109856486320496,False
train,0.7153573632240295,0.0,0.008181852288544178,0.0843362882733345,0.7801982760429382,0.7558189630508423,-0.5180792808532715,0.9163342714309692,False
train,0.7157741189002991,0.0,0.008261589333415031,0.08494454622268677,0.7822726368904114,0.7612048983573914,-0.5196620225906372,0.9216732382774353,False
test,0.7161908745765686,0.0,0.008342775516211987,0.08555573970079422,0.7844023704528809,0.7665799260139465,-0.5212348699569702,0.9270008206367493,False
train,0.7166076302528381,0.0,0.008425426669418812,0.08616970479488373,0.7865872979164124,0.7719370722770691,-0.5227950811386108,0.9323098063468933,False
train,0.7170243859291077,0.0,0.008509589359164238,0.0867866650223732,0.788827657699585,0.7772765755653381,-0.5243425369262695,0.9376001358032227,False
train,0.7174411416053772,0.0,0.008595236577093601,0.0874064713716507,0.7911224961280823,0.782593846321106,-0.5258755087852478,0.9428669810295105,False
train,0.7178578972816467,0.0,0.008682402782142162,0.08802919089794159,0.7934721112251282,0.7878863215446472,-0.5273929834365845,0.9481077194213867,False
test,0.7182746529579163,0.0,0.008771114982664585,0.08865495026111603,0.7958747148513794,0.7931546568870544,-0.5288941860198975,0.9533222913742065,False
train,0.7186914086341858,0.0,0.008861398324370384,0.08928356319665909,0.7983323931694031,0.7983904480934143,-0.5303763151168823,0.9585021138191223,False
train,0.7191081643104553,0.0,0.008953223004937172,0.0899152159690857,0.8008426427841187,0.8035967350006104,-0.5318405032157898,0.9636503458023071,False
train,0.7195249199867249,0.0,0.00904664397239685,0.09054981172084808,0.8034056425094604,0.808768630027771,-0.5332841873168945,0.9687614440917969,False
train,0.7199416756629944,0.0,0.009141664020717144,0.09118739515542984,0.8060210943222046,0.8139046430587769,-0.5347061157226562,0.9738333225250244,False
test,0.7203584313392639,0.0,0.009238320402801037,0.0918278768658638,0.8086883425712585,0.8190005421638489,-0.5361044406890869,0.9788615107536316,False
train,0.7207751870155334,0.0,0.00933663360774517,0.09247148036956787,0.8114067912101746,0.8240594863891602,-0.5374791622161865,0.983848512172699,False
train,0.721191942691803,0.0,0.009436574764549732,0.09311795234680176,0.8141751885414124,0.8290736675262451,-0.5388283133506775,0.9887866973876953,False
train,0.7216086387634277,0.0,0.009538206271827221,0.09376735240221024,0.8169931769371033,0.8340441584587097,-0.5401502847671509,0.9936760067939758,False
train,0.7220253944396973,0.0,0.009641570970416069,0.09441986680030823,0.8198614120483398,0.8389697670936584,-0.5414441823959351,0.9985149502754211,False
test,0.7224421501159668,0.0,0.009746638126671314,0.09507524967193604,0.8227772116661072,0.8438467383384705,-0.542708158493042,1.0032992362976074,False
train,0.7228589057922363,0.0,0.009853451512753963,0.09573367983102798,0.8257410526275635,0.8486754894256592,-0.5439416766166687,1.0080291032791138,False
train,0.7232756614685059,0.0,0.009962045587599277,0.09639506787061691,0.8287519812583923,0.8534536361694336,-0.5451425313949585,1.0127010345458984,False
train,0.7236924171447754,0.0,0.010072426870465279,0.09705951064825058,0.8318086862564087,0.8581799864768982,-0.5463104248046875,1.017314076423645,False
train,0.7241091728210449,0.0,0.010184639133512974,0.0977269634604454,0.8349100351333618,0.8628557920455933,-0.5474430918693542,1.0218678712844849,False
test,0.7245259284973145,0.0,0.010298690758645535,0.09839732199907303,0.8380566835403442,0.8674747347831726,-0.5485385060310364,1.0263561010360718,False
train,0.724942684173584,0.0,0.010414615273475647,0.09907056391239166,0.8412455916404724,0.8720372915267944,-0.5495951771736145,1.0307782888412476,False
train,0.7253594398498535,0.0,0.010532442480325699,0.09974686801433563,0.8444780707359314,0.8765433430671692,-0.5506128072738647,1.035134196281433,False
train,0.725776195526123,0.0,0.010652150958776474,0.10042615234851837,0.8477509617805481,0.8809942007064819,-0.5515904426574707,1.0394243001937866,False
train,0.7261929512023926,0.0,0.010773847810924053,0.10110829025506973,0.8510643243789673,0.8853837251663208,-0.5525233745574951,1.0436409711837769,False
test,0.7266097068786621,0.0,0.010897484607994556,0.1017933264374733,0.8544176816940308,0.8897129893302917,-0.5534126162528992,1.0477856397628784,False
train,0.7270264625549316,0.0,0.01102311722934246,0.10248139500617981,0.8578094840049744,0.8939825892448425,-0.5542570352554321,1.0518581867218018,False
train,0.7274432182312012,0.0,0.01115080900490284,0.10317230969667435,0.8612380623817444,0.8981905579566956,-0.5550522208213806,1.0558547973632812,False
train,0.7278599739074707,0.0,0.011280556209385395,0.10386618971824646,0.8647030591964722,0.902336597442627,-0.5557990074157715,1.0597753524780273,False
train,0.7282767295837402,0.0,0.011412376537919044,0.1045629233121872,0.8682023882865906,0.9064188599586487,-0.556494951248169,1.06361722946167,False
test,0.7286934852600098,0.0,0.011546319350600243,0.10526248067617416,0.8717360496520996,0.9104369878768921,-0.5571373105049133,1.0673787593841553,False
train,0.7291102409362793,0.0,0.011682423762977123,0.10596495866775513,0.8753027319908142,0.9143909215927124,-0.5577254891395569,1.0710595846176147,False
train,0.7295269966125488,0.0,0.011820700950920582,0.10667023807764053,0.8788998126983643,0.9182810187339783,-0.5582571029663086,1.0746585130691528,False
train,0.7299437522888184,0.0,0.01196119375526905,0.10737839341163635,0.882527232170105,0.9221051931381226,-0.558730959892273,1.0781735181808472,False
train,0.7303605079650879,0.0,0.012103925459086895,0.10808927565813065,0.8861836194992065,0.9258617758750916,-0.5591440200805664,1.081601619720459,False
test,0.7307772636413574,0.0,0.012248949147760868,0.10880303382873535,0.889867901802063,0.9295536875724792,-0.5594954490661621,1.0849448442459106,False
train,0.731194019317627,0.0,0.012396291829645634,0.10951957106590271,0.893578290939331,0.9331786036491394,-0.559782862663269,1.0881999731063843,False
train,0.7316107749938965,0.0,0.012545990757644176,0.11023879796266556,0.8973144888877869,0.9367347955703735,-0.5600032210350037,1.0913641452789307,False
train,0.732027530670166,0.0,0.01269807480275631,0.11096084862947464,0.901073694229126,0.9402249455451965,-0.5601565837860107,1.0944397449493408,False
train,0.7324442863464355,0.0,0.012852570042014122,0.11168557405471802,0.9048557281494141,0.9436461329460144,-0.5602395534515381,1.0974225997924805,False
test,0.7328610420227051,0.0,0.013009542599320412,0.1124129667878151,0.9086583256721497,0.9470000267028809,-0.5602495670318604,1.1003129482269287,False
train,0.7332777380943298,0.0,0.013169012032449245,0.11314304172992706,0.9124810099601746,0.9502844214439392,-0.5601853132247925,1.103108286857605,False
train,0.7336944937705994,0.0,0.01333098579198122,0.11387575417757034,0.9163224697113037,0.9535005688667297,-0.5600450038909912,1.1058090925216675,False
train,0.7341112494468689,0.0,0.013495603576302528,0.11461111158132553,0.9201794266700745,0.956648588180542,-0.559823751449585,1.1084128618240356,False
train,0.7345280051231384,0.0,0.013662808574736118,0.11534908413887024,0.9240517616271973,0.959728479385376,-0.559522271156311,1.1109203100204468,False
test,0.734944760799408,0.0,0.013832679949700832,0.11608979851007462,0.9279378652572632,0.962742030620575,-0.5591378211975098,1.11333167552948,False
train,0.7353615164756775,0.0,0.014005239121615887,0.1168329268693924,0.9318366050720215,0.9656840562820435,-0.5586670637130737,1.1156408786773682,False
train,0.735778272151947,0.0,0.014180601574480534,0.11757870763540268,0.935746967792511,0.9685596227645874,-0.5581066608428955,1.11785089969635,False
train,0.7361950278282166,0.0,0.014358713291585445,0.11832690238952637,0.9396653771400452,0.9713650941848755,-0.5574554204940796,1.1199582815170288,False
train,0.7366117835044861,0.0,0.014539694413542747,0.11907758563756943,0.9435920119285583,0.9741026163101196,-0.5567095279693604,1.1219632625579834,False
test,0.7370285391807556,0.0,0.014723531901836395,0.11983084678649902,0.9475246071815491,0.9767739772796631,-0.5558691024780273,1.123867392539978,False
train,0.7374452948570251,0.0,0.014910338446497917,0.12058641016483307,0.9514623284339905,0.9793738722801208,-0.5549271106719971,1.1256630420684814,False
train,0.7378620505332947,0.0,0.01510009914636612,0.1213444247841835,0.9554024338722229,0.9819085001945496,-0.5538843870162964,1.1273562908172607,False
train,0.7382788062095642,0.0,0.015292936004698277,0.12210477888584137,0.9593448042869568,0.9843733906745911,-0.5527349710464478,1.1289405822753906,False
train,0.7386955618858337,0.0,0.015488802455365658,0.12286757677793503,0.9632875919342041,0.9867724180221558,-0.5514803528785706,1.130420446395874,False
test,0.7391123175621033,0.0,0.015687834471464157,0.12363259494304657,0.9672275185585022,0.9891037940979004,-0.5501132011413574,1.1317909955978394,False
train,0.7395290732383728,0.0,0.01589008793234825,0.12439998984336853,0.971163809299469,0.9913707375526428,-0.5486317873001099,1.1330546140670776,False
train,0.7399458289146423,0.0,0.016095535829663277,0.1251695454120636,0.9750949144363403,0.9935694336891174,-0.5470341444015503,1.1342074871063232,False
train,0.7403625845909119,0.0,0.01630430482327938,0.1259414702653885,0.9790187478065491,0.9957046508789062,-0.545316755771637,1.1352524757385254,False
train,0.7407793402671814,0.0,0.01651640050113201,0.12671545147895813,0.9829335808753967,0.9977725744247437,-0.5434758067131042,1.1361849308013916,False
test,0.7411960959434509,0.0,0.01673193648457527,0.12749163806438446,0.9868389368057251,0.999775767326355,-0.541507363319397,1.1370056867599487,False
train,0.7416128516197205,0.0007936508045531809,0.016950909048318863,0.1282700151205063,0.9907311201095581,1.0017168521881104,-0.5394105315208435,1.1377172470092773,False
train,0.74202960729599,0.0,0.017173439264297485,0.12905055284500122,0.9946092963218689,1.0035946369171143,-0.5371794104576111,1.13831627368927,False
train,0.7424463629722595,0.0,0.017399562522768974,0.12983296811580658,0.9984718561172485,1.0054064989089966,-0.5348097085952759,1.1387991905212402,False
train,0.742863118648529,0.0,0.017629306763410568,0.13061749935150146,1.002316951751709,1.0071561336517334,-0.5323008894920349,1.1391698122024536,False
test,0.7432798743247986,0.0,0.017862796783447266,0.13140395283699036,1.0061423778533936,1.008843183517456,-0.529645562171936,1.1394249200820923,False
train,0.7436966300010681,0.0,0.018100088462233543,0.13219252228736877,1.0099455118179321,1.0104725360870361,-0.5268428325653076,1.1395692825317383,False
train,0.7441133856773376,0.0,0.018341224640607834,0.13298290967941284,1.01372492313385,1.012040615081787,-0.5238869190216064,1.13959801197052,False
train,0.7445300817489624,0.0,0.01858622580766678,0.13377511501312256,1.0174814462661743,1.0135455131530762,-0.520776093006134,1.139509677886963,False
train,0.7449468374252319,0.0,0.018835289403796196,0.13456936180591583,1.0212085247039795,1.0149942636489868,-0.5175036787986755,1.1393083333969116,False
test,0.7453635931015015,0.0,0.019088387489318848,0.135365292429924,1.024906873703003,1.0163840055465698,-0.5140659809112549,1.138990879058838,False
train,0.745780348777771,0.0,0.019345629960298538,0.13616307079792023,1.0285730361938477,1.0177172422409058,-0.5104600191116333,1.1385595798492432,False
train,0.7461971044540405,0.0,0.01960710808634758,0.13696251809597015,1.0322060585021973,1.0189917087554932,-0.5066787004470825,1.1380102634429932,False
train,0.7466138601303101,0.0,0.01987282931804657,0.13776375353336334,1.0358036756515503,1.020211935043335,-0.5027217864990234,1.1373485326766968,False
train,0.7470306158065796,0.0,0.02014293149113655,0.13856670260429382,1.0393630266189575,1.0213786363601685,-0.4985818862915039,1.136573076248169,False
test,0.7474473714828491,0.0,0.020417513325810432,0.13937127590179443,1.0428822040557861,1.022491455078125,-0.4942534565925598,1.1356828212738037,False
train,0.7478641271591187,0.0,0.020696571096777916,0.14017729461193085,1.0463603734970093,1.0235482454299927,-0.4897332787513733,1.1346760988235474,False
train,0.7482808828353882,0.0,0.02098027989268303,0.14098483324050903,1.0497932434082031,1.0245532989501953,-0.4850144386291504,1.1335556507110596,False
train,0.7486976385116577,0.0,0.02126866765320301,0.14179401099681854,1.0531797409057617,1.025508999824524,-0.48009490966796875,1.1323250532150269,False
train,0.7491143941879272,0.0,0.021561797708272934,0.1426045447587967,1.0565167665481567,1.0264127254486084,-0.47496873140335083,1.1309810876846313,False
test,0.7495311498641968,0.0,0.021859897300601006,0.143416628241539,1.0598045587539673,1.027267575263977,-0.46962714195251465,1.1295257806777954,False
train,0.7499479055404663,0.0007936508045531809,0.022162888199090958,0.1442299485206604,1.0630372762680054,1.0280730724334717,-0.46406877040863037,1.1279600858688354,False
train,0.7503646612167358,0.0,0.022470921277999878,0.14504463970661163,1.0662128925323486,1.028833270072937,-0.45828723907470703,1.1262881755828857,False
train,0.7507814168930054,0.0,0.022784175351262093,0.1458607167005539,1.0693293809890747,1.0295484066009521,-0.4522743225097656,1.1245096921920776,False
train,0.7511981725692749,0.0015873016091063619,0.023102644830942154,0.14667795598506927,1.0723868608474731,1.0302155017852783,-0.4460269808769226,1.1226238012313843,False
test,0.7516149282455444,0.0,0.023426475003361702,0.14749644696712494,1.0753787755966187,1.0308403968811035,-0.4395379424095154,1.120636224746704,False
train,0.752031683921814,0.0,0.023755766451358795,0.14831598103046417,1.0783050060272217,1.0314202308654785,-0.4328001141548157,1.1185452938079834,False
train,0.7524484395980835,0.0015873016091063619,0.024090610444545746,0.14913664758205414,1.0811612606048584,1.0319584608078003,-0.4258086681365967,1.1163562536239624,False
train,0.752865195274353,0.0,0.024431128054857254,0.14995847642421722,1.083946943283081,1.032456636428833,-0.4185572862625122,1.1140722036361694,False
train,0.7532819509506226,0.0,0.024777434766292572,0.15078119933605194,1.0866581201553345,1.0329128503799438,-0.4110375642776489,1.1116927862167358,False
test,0.7536987066268921,0.0031746032182127237,0.025129586458206177,0.15160496532917023,1.089290976524353,1.0333322286605835,-0.40324586629867554,1.109226107597351,False
train,0.7541154623031616,0.003968254197388887,0.025487743318080902,0.15242959558963776,1.0918443202972412,1.0337116718292236,-0.39517301321029663,1.1066713333129883,False
train,0.7545322179794312,0.0007936508045531809,0.02585209347307682,0.15325503051280975,1.0943150520324707,1.0340536832809448,-0.3868092894554138,1.1040328741073608,False
train,0.7549489736557007,0.0,0.02622264437377453,0.1540813148021698,1.0966984033584595,1.0343607664108276,-0.37815195322036743,1.1013178825378418,False
train,0.7553657293319702,0.0,0.02659955993294716,0.1549084484577179,1.0989938974380493,1.0346320867538452,-0.3691927194595337,1.0985294580459595,False
test,0.755782425403595,0.0634920671582222,0.026982909068465233,0.15573611855506897,1.1011971235275269,1.0348694324493408,-0.3599240779876709,1.0956733226776123,False
train,0.7561991810798645,0.05000000074505806,0.02737295813858509,0.15656457841396332,1.103304147720337,1.0350748300552368,-0.35033470392227173,1.0927554368972778,False
train,0.756615936756134,0.03650793805718422,0.02776976302266121,0.15739363431930542,1.105315089225769,1.0352447032928467,-0.3404192328453064,1.0897783041000366,False
train,0.7570326924324036,0.02460317499935627,0.0281734187155962,0.1582232415676117,1.1072213649749756,1.0353871583938599,-0.3301706314086914,1.0867562294006348,False
train,0.7574494481086731,0.0476190485060215,0.028584131971001625,0.15905331075191498,1.109026551246643,1.0354936122894287,-0.31957733631134033,1.0836865901947021,False
test,0.7578662037849426,0.0436507947742939,0.02900196798145771,0.15988370776176453,1.1107208728790283,1.0355720520019531,-0.30863356590270996,1.0805851221084595,False
train,0.7582829594612122,0.04920634999871254,0.0294271782040596,0.16071464121341705,1.1123048067092896,1.0356223583221436,-0.2973281145095825,1.0774589776992798,False
train,0.7586997151374817,0.0515873022377491,0.029859798029065132,0.1615457534790039,1.1137733459472656,1.0356420278549194,-0.28565406799316406,1.074315071105957,False
train,0.7591164708137512,0.03888889029622078,0.030300064012408257,0.1623772382736206,1.1151243448257446,1.0356354713439941,-0.27359986305236816,1.0711665153503418,False
train,0.7595332264900208,0.04603174701333046,0.030748151242733,0.16320893168449402,1.1163522005081177,1.0356014966964722,-0.2611560821533203,1.0680228471755981,False
test,0.7599499821662903,0.05238095298409462,0.03120410069823265,0.16404059529304504,1.1174589395523071,1.0355355739593506,-0.24831485748291016,1.0648916959762573,False
train,0.7603667378425598,0.0595238097012043,0.031668175011873245,0.16487251222133636,1.1184316873550415,1.0354492664337158,-0.23506510257720947,1.0617960691452026,False
train,0.7607834935188293,0.04047619178891182,0.03214045614004135,0.16570423543453217,1.1192747354507446,1.0353312492370605,-0.2213972806930542,1.0587385892868042,False
train,0.7612002491950989,0.06031746044754982,0.03262118622660637,0.16653598845005035,1.1199798583984375,1.035191297531128,-0.20729923248291016,1.0557433366775513,False
train,0.7616170048713684,0.0555555559694767,0.03311058133840561,0.167367622256279,1.1205458641052246,1.0350229740142822,-0.19275951385498047,1.0528194904327393,False
test,0.7620337605476379,0.05476190522313118,0.03360868990421295,0.16819898784160614,1.120967149734497,1.034830093383789,-0.17776966094970703,1.0499882698059082,False
train,0.7624505162239075,0.05714285746216774,0.03411582484841347,0.16903012990951538,1.1212420463562012,1.0346105098724365,-0.162314772605896,1.0472655296325684,False
train,0.762867271900177,0.0555555559694767,0.0346321165561676,0.1698608696460724,1.1213639974594116,1.034365177154541,-0.14638495445251465,1.0446721315383911,False
train,0.7632840275764465,0.0555555559694767,0.035157736390829086,0.17069122195243835,1.1213332414627075,1.0340912342071533,-0.1299682855606079,1.0422266721725464,False
train,0.7637007832527161,0.05079365149140358,0.035692907869815826,0.17152093350887299,1.1211398839950562,1.033790946006775,-0.11305105686187744,1.0399539470672607,False
test,0.7641175389289856,0.05793650820851326,0.03623781353235245,0.17235024273395538,1.1207870244979858,1.0334645509719849,-0.09562301635742188,1.0378788709640503,False
train,0.7645342946052551,0.05317460373044014,0.036792684346437454,0.1731788069009781,1.1202645301818848,1.0331090688705444,-0.07766830921173096,1.0360244512557983,False
train,0.7649510502815247,0.05793650820851326,0.03735770657658577,0.1740066260099411,1.119572401046753,1.0327239036560059,-0.05917477607727051,1.0344178676605225,False
train,0.7653678059577942,0.05079365149140358,0.037933215498924255,0.17483371496200562,1.1187036037445068,1.0323113203048706,-0.04012417793273926,1.0330908298492432,False
train,0.7657845616340637,0.05793650820851326,0.03851925581693649,0.17565980553627014,1.11765718460083,1.0318655967712402,-0.0205080509185791,1.0320693254470825,False
test,0.7662013173103333,0.0634920671582222,0.03911621868610382,0.17648494243621826,1.116428256034851,1.0313880443572998,-0.00030624866485595703,1.0313881635665894,False
train,0.7666180729866028,0.04920634999871254,0.03972414508461952,0.17730887234210968,1.115012764930725,1.0308736562728882,0.02049112319946289,1.031077265739441,False
train,0.7670348286628723,0.05634920671582222,0.04034344479441643,0.17813166975975037,1.113402247428894,1.0303285121917725,0.041904449462890625,1.0311802625656128,False
train,0.7674515247344971,0.010317460633814335,0.04097424075007439,0.178953155875206,1.1116013526916504,1.0297424793243408,0.06394600868225098,1.0317261219024658,False
train,0.7678682804107666,0.0015873016091063619,0.04161689803004265,0.17977319657802582,1.1095985174179077,1.0291179418563843,0.08663833141326904,1.0327584743499756,False
test,0.7682850360870361,0.0015873016091063619,0.042271677404642105,0.18059185147285461,1.1073944568634033,1.0284502506256104,0.10999691486358643,1.034315824508667,False
train,0.7687017917633057,0.008730159141123295,0.042938824743032455,0.1814090460538864,1.1049820184707642,1.0277403593063354,0.13403987884521484,1.0364444255828857,False
train,0.7691185474395752,0.02619047649204731,0.043618518859148026,0.18222439289093018,1.1023601293563843,1.0269808769226074,0.15878379344940186,1.0391833782196045,False
train,0.7695353031158447,0.02063492126762867,0.04431118443608284,0.18303798139095306,1.0995224714279175,1.026172161102295,0.18425250053405762,1.0425825119018555,False
train,0.7699520587921143,0.0,0.0450170524418354,0.18384967744350433,1.0964677333831787,1.0253076553344727,0.21046459674835205,1.046685814857483,False
test,0.7703688144683838,0.0,0.04573642462491989,0.18465931713581085,1.0931874513626099,1.0243910551071167,0.2374415397644043,1.0515490770339966,False
train,0.7707855701446533,0.0,0.046469490975141525,0.18546688556671143,1.0896854400634766,1.0234092473983765,0.2651991844177246,1.057211995124817,False
train,0.7712023258209229,0.0,0.04721682891249657,0.18627209961414337,1.0859506130218506,1.0223655700683594,0.2937737703323364,1.063736081123352,False
train,0.7716190814971924,0.0,0.047978512942790985,0.18707500398159027,1.081984281539917,1.0212488174438477,0.3231769800186157,1.0711641311645508,False
train,0.7720358371734619,0.0,0.048755016177892685,0.1878754049539566,1.0777791738510132,1.0200620889663696,0.35343873500823975,1.07955801486969,False
test,0.7724525928497314,0.0,0.04954661801457405,0.18867310881614685,1.0733367204666138,1.018792748451233,0.3845851421356201,1.088964819908142,False
train,0.772869348526001,0.0015873016091063619,0.05035365745425224,0.18946804106235504,1.0686503648757935,1.017439603805542,0.41664016246795654,1.0994417667388916,False
train,0.7732861042022705,0.0,0.051176518201828,0.19026003777980804,1.0637179613113403,1.0159955024719238,0.4496341943740845,1.1110434532165527,False
train,0.77370285987854,0.0,0.05201566591858864,0.1910490244626999,1.0585336685180664,1.0144586563110352,0.4835996627807617,1.1238305568695068,False
train,0.7741196155548096,0.0015873016091063619,0.0528714582324028,0.19183488190174103,1.0531002283096313,1.0128170251846313,0.5185655355453491,1.1378525495529175,False
test,0.7745363712310791,0.04285714402794838,0.05374423786997795,0.19261737167835236,1.0474098920822144,1.0110667943954468,0.5545644760131836,1.1531685590744019,False
train,0.7749531269073486,0.011904762126505375,0.05463435500860214,0.19339622557163239,1.041465163230896,1.009197473526001,0.5916260480880737,1.1698294878005981,False
train,0.7753698825836182,0.0,0.05554237589240074,0.19417151808738708,1.0352565050125122,1.007206916809082,0.629791259765625,1.1878985166549683,False
train,0.7757866382598877,0.0,0.056468669325113297,0.19494307041168213,1.0287891626358032,1.0050841569900513,0.6690951585769653,1.2074280977249146,False
train,0.7762033939361572,0.0,0.05741359665989876,0.19571056962013245,1.0220568180084229,1.0028201341629028,0.7095732688903809,1.2284715175628662,False
test,0.7766201496124268,0.0007936508045531809,0.058377910405397415,0.1964738965034485,1.0150573253631592,1.0004081726074219,0.7512768507003784,1.2510929107666016,False
train,0.7770369052886963,0.0,0.059361863881349564,0.19723288714885712,1.0077922344207764,0.9978352189064026,0.7942423820495605,1.275341510772705,False
train,0.7774536609649658,0.0007936508045531809,0.060365982353687286,0.1979873925447464,1.0002588033676147,0.9950969219207764,0.8385136127471924,1.3012773990631104,False
train,0.7778704166412354,0.0007936508045531809,0.06139088422060013,0.198737233877182,0.9924575686454773,0.9921784400939941,0.8841426372528076,1.3289568424224854,False
train,0.7782871723175049,0.0,0.06243708357214928,0.199482262134552,0.9843844175338745,0.9890736937522888,0.9311772584915161,1.358439564704895,False
test,0.7787038683891296,0.0,0.0635049045085907,0.20022203028202057,0.9760439395904541,0.9857675433158875,0.9796608686447144,1.3897744417190552,False
train,0.7791206240653992,0.0015873016091063619,0.06459535658359528,0.20095668733119965,0.9674286842346191,0.9822554588317871,1.0296663045883179,1.4230384826660156,False
train,0.7795373797416687,0.0,0.06570892035961151,0.20168590545654297,0.9585468173027039,0.9785169959068298,1.081244707107544,1.4582817554473877,False
train,0.7799541354179382,0.0,0.06684600561857224,0.2024092972278595,0.9493919610977173,0.9745472073554993,1.1344512701034546,1.4955674409866333,False
train,0.7803708910942078,0.0,0.06800749897956848,0.20312710106372833,0.939970850944519,0.9703307151794434,1.1893539428710938,1.5349607467651367,False
test,0.7807876467704773,0.0007936508045531809,0.06919407099485397,0.20383857190608978,0.9302791357040405,0.965855062007904,1.2460227012634277,1.5765305757522583,False
train,0.7812044024467468,0.0,0.07040625810623169,0.20454391837120056,0.9203246235847473,0.9611086845397949,1.3045146465301514,1.6203358173370361,False
train,0.7816211581230164,0.0007936508045531809,0.07164493203163147,0.20524263381958008,0.9101035594940186,0.9560762643814087,1.36491060256958,1.666452169418335,False
train,0.7820379137992859,0.0,0.07291082292795181,0.20593461394309998,0.8996226787567139,0.9507448077201843,1.4272831678390503,1.7149498462677002,False
train,0.7824546694755554,0.0031746032182127237,0.07420478761196136,0.20661960542201996,0.8888818025588989,0.9451032876968384,1.4917104244232178,1.7659049034118652,False
test,0.782871425151825,0.0063492064364254475,0.07552749663591385,0.20729725062847137,0.8778888583183289,0.9391331672668457,1.5582689046859741,1.8193881511688232,False
train,0.7832881808280945,0.0015873016091063619,0.07687992602586746,0.20796756446361542,0.8666411638259888,0.9328259825706482,1.6270431280136108,1.875482201576233,False
train,0.783704936504364,0.0007936508045531809,0.07826303690671921,0.20863011479377747,0.8551487326622009,0.9261637330055237,1.6981210708618164,1.9342684745788574,False
train,0.7841216921806335,0.0,0.07967768609523773,0.20928478240966797,0.8434119820594788,0.9191379547119141,1.7715880870819092,1.9958304166793823,False
train,0.7845384478569031,0.0,0.08112482726573944,0.2099311798810959,0.8314400911331177,0.9117286205291748,1.8475306034088135,2.0602471828460693,False
test,0.7849552035331726,0.0,0.08260540664196014,0.21056918799877167,0.81923508644104,0.9039298295974731,1.9260295629501343,2.1275994777679443,False
train,0.7853719592094421,0.0,0.08412052690982819,0.21119815111160278,0.8068057894706726,0.8957233428955078,2.0071864128112793,2.1979804039001465,False
train,0.7857887148857117,0.0,0.0856713056564331,0.21181845664978027,0.7941569685935974,0.8871031999588013,2.0910849571228027,2.271472692489624,False
train,0.7862054705619812,0.0,0.08725861459970474,0.21242940425872803,0.7813000082969666,0.8780514597892761,2.177804470062256,2.348149538040161,False
train,0.7866222262382507,0.003968254197388887,0.08888394385576248,0.21303091943264008,0.7682365775108337,0.8685657978057861,2.267444133758545,2.4281082153320312,False
test,0.7870389819145203,0.0,0.09054812788963318,0.21362251043319702,0.7549810409545898,0.858629584312439,2.3600707054138184,2.5114097595214844,False
train,0.7874557375907898,0.0015873016091063619,0.09225264936685562,0.21420419216156006,0.7415369153022766,0.8482413291931152,2.455775022506714,2.598142385482788,False
train,0.7878724932670593,0.0007936508045531809,0.09399855881929398,0.21477535367012024,0.7279183864593506,0.8373916149139404,2.5546181201934814,2.688363552093506,False
train,0.7882892489433289,0.0,0.09578719735145569,0.21533624827861786,0.7141323089599609,0.8260772824287415,2.656663417816162,2.782133102416992,False
train,0.7887060046195984,0.004761904943734407,0.09761974215507507,0.21588604152202606,0.700191855430603,0.8142932653427124,2.761964797973633,2.879500389099121,False
test,0.7891227602958679,0.0007936508045531809,0.09949768334627151,0.21642494201660156,0.6861050724983215,0.8020427823066711,2.870567560195923,2.980508327484131,False
train,0.7895395159721375,0.0,0.10142220556735992,0.21695245802402496,0.6718876361846924,0.7893229722976685,2.982497215270996,3.085177421569824,False
train,0.7899562120437622,0.0007936508045531809,0.10339431464672089,0.21746842563152313,0.6575486660003662,0.7761418223381042,3.097745656967163,3.1934971809387207,False
train,0.7903729677200317,0.0,0.10541591048240662,0.21797260642051697,0.6430996656417847,0.7625029683113098,3.2163443565368652,3.305492639541626,False
train,0.7907897233963013,0.0,0.1074879914522171,0.2184646874666214,0.6285562515258789,0.7484146952629089,3.3382434844970703,3.421109914779663,False
test,0.7912064790725708,0.0,0.10961182415485382,0.21894465386867523,0.6139295101165771,0.7338903546333313,3.4633967876434326,3.5402984619140625,False
train,0.7916232347488403,0.0,0.11178889125585556,0.21941207349300385,0.599236786365509,0.7189406156539917,3.5917463302612305,3.6629929542541504,False
train,0.7920399904251099,0.0,0.11402025073766708,0.21986694633960724,0.5844869017601013,0.7035881280899048,3.723175525665283,3.7890727519989014,False
train,0.7924567461013794,0.0,0.11630713939666748,0.22030888497829437,0.5697013735771179,0.6878457069396973,3.8575668334960938,3.918412208557129,False
train,0.7928735017776489,0.0,0.11865057051181793,0.22073794901371002,0.5548895597457886,0.67174232006073,3.994749069213867,4.0508341789245605,False
test,0.7932902574539185,0.0,0.12105155736207962,0.22115376591682434,0.5400709509849548,0.655293345451355,4.134532451629639,4.186140060424805,False
train,0.793707013130188,0.0,0.12351139634847641,0.2215564101934433,0.5252571105957031,0.6385325789451599,4.276706218719482,4.324111461639404,False
train,0.7941237688064575,0.0,0.12603047490119934,0.2219456434249878,0.5104676485061646,0.6214867830276489,4.42099142074585,4.464460849761963,False
train,0.794540524482727,0.0,0.12860973179340363,0.22232133150100708,0.4957145154476166,0.6041849255561829,4.567102432250977,4.606893062591553,False
train,0.7949572801589966,0.0,0.13124987483024597,0.22268357872962952,0.4810173809528351,0.5866563320159912,4.714720249176025,4.751079082489014,False
test,0.7953740358352661,0.0007936508045531809,0.13395127654075623,0.22303223609924316,0.46638864278793335,0.5689353942871094,4.8634843826293945,4.896648406982422,False
train,0.7957907915115356,0.0,0.13671420514583588,0.2233671247959137,0.45184797048568726,0.5510475635528564,5.013003826141357,5.04319953918457,False
train,0.7962075471878052,0.0,0.13953885436058044,0.22368848323822021,0.4374074637889862,0.5330312252044678,5.162868499755859,5.190311431884766,False
train,0.7966243028640747,0.0,0.14242540299892426,0.22399607300758362,0.4230864644050598,0.5149065852165222,5.312645435333252,5.3375396728515625,False
train,0.7970410585403442,0.0,0.14537309110164642,0.2242901623249054,0.40889668464660645,0.49671414494514465,5.46185302734375,5.4843926429748535,False
test,0.7974578142166138,0.0,0.14838193356990814,0.22457054257392883,0.39485758543014526,0.4784662425518036,5.610042572021484,5.630409240722656,False
train,0.7978745698928833,0.0,0.15145112574100494,0.224837526679039,0.38098010420799255,0.4601972699165344,5.756712913513184,5.775077819824219,False
train,0.7982913255691528,0.0007936508045531809,0.15458007156848907,0.225090891122818,0.3672814667224884,0.4419180154800415,5.9013991355896,5.917922496795654,False
train,0.7987080812454224,0.0,0.1577673852443695,0.22533094882965088,0.35377392172813416,0.42365139722824097,6.04359245300293,6.058423042297363,False
train,0.7991248369216919,0.0007936508045531809,0.16101209819316864,0.22555755078792572,0.3404737412929535,0.40540456771850586,6.182832717895508,6.196109294891357,False
test,0.7995415925979614,0.0007936508045531809,0.16431273519992828,0.22577114403247833,0.3273908197879791,0.38718923926353455,6.318655490875244,6.330507278442383,False
train,0.799958348274231,0.004761904943734407,0.16766786575317383,0.22597169876098633,0.3145403563976288,0.36900249123573303,6.450624465942383,6.461170196533203,False
train,0.8003751039505005,0.10555555671453476,0.17107565701007843,0.22615914046764374,0.3019309639930725,0.3508495092391968,6.578330039978027,6.587679386138916,False
train,0.80079185962677,0.0031746032182127237,0.17453384399414062,0.22633394598960876,0.2895766496658325,0.3327192962169647,6.70136833190918,6.709622859954834,False
train,0.8012085556983948,0.210317462682724,0.17804019153118134,0.22649572789669037,0.2774870991706848,0.3146081864833832,6.819405555725098,6.826658725738525,False
test,0.8016253113746643,0.1190476194024086,0.18159309029579163,0.2266451120376587,0.2656697630882263,0.2964954674243927,6.932148456573486,6.938486576080322,False
train,0.8020420670509338,0.09285714477300644,0.18519017100334167,0.22678199410438538,0.2541329860687256,0.2783631682395935,7.039335250854492,7.04483699798584,False
train,0.8024588227272034,0.18968254327774048,0.18882890045642853,0.2269064486026764,0.24288634955883026,0.26019179821014404,7.1407470703125,7.145485877990723,False
train,0.8028755784034729,0.0063492064364254475,0.19250625371932983,0.22701884806156158,0.23193441331386566,0.2419612556695938,7.2361955642700195,7.24023962020874,False
train,0.8032923340797424,0.010317460633814335,0.19622041285037994,0.2271188199520111,0.22128605842590332,0.2236369252204895,7.325589179992676,7.3290019035339355,False
test,0.803709089756012,0.008730159141123295,0.1999680995941162,0.22720685601234436,0.2109432816505432,0.2051963210105896,7.408819198608398,7.411660194396973,False
train,0.8041258454322815,0.11825396865606308,0.20374736189842224,0.22728300094604492,0.20091216266155243,0.18660792708396912,7.485876083374023,7.48820161819458,False
train,0.804542601108551,0.19603174924850464,0.2075549215078354,0.22734710574150085,0.19119395315647125,0.16784359514713287,7.556743144989014,7.55860710144043,False
train,0.8049593567848206,0.02222222276031971,0.2113884836435318,0.22739920020103455,0.18179258704185486,0.14887218177318573,7.621477127075195,7.622931003570557,False
train,0.8053761124610901,0.011111111380159855,0.21524541079998016,0.22743971645832062,0.17270739376544952,0.12966543436050415,7.680147647857666,7.681241989135742,False
test,0.8057928681373596,0.004761904943734407,0.21912294626235962,0.2274683564901352,0.1639401912689209,0.11019688844680786,7.73286247253418,7.733647346496582,False
train,0.8062096238136292,0.10952381044626236,0.2230188101530075,0.22748513519763947,0.1554892659187317,0.09043819457292557,7.779760360717773,7.780285835266113,False
train,0.8066263794898987,0.15952381491661072,0.2269301861524582,0.22749017179012299,0.14735452830791473,0.07036746293306351,7.820981025695801,7.821297645568848,False
train,0.8070431351661682,0.01904761977493763,0.23085537552833557,0.2274836003780365,0.13953213393688202,0.04996189475059509,7.856711387634277,7.856870174407959,False
train,0.8074598908424377,0.2698412835597992,0.2347916215658188,0.22746507823467255,0.13202087581157684,0.029201656579971313,7.8871307373046875,7.887185096740723,False
test,0.8078766465187073,0.26825398206710815,0.23873670399188995,0.22743497788906097,0.12481563538312912,0.008071579039096832,7.912419319152832,7.912423610687256,False
train,0.8082934021949768,0.26428571343421936,0.24268874526023865,0.22739285230636597,0.11791343986988068,-0.013442948460578918,7.93278694152832,7.932798385620117,False
train,0.8087101578712463,0.30793651938438416,0.24664519727230072,0.2273390144109726,0.11130797863006592,-0.03534966707229614,7.948413372039795,7.948492050170898,False
train,0.8091269135475159,0.31904762983322144,0.25060445070266724,0.22727321088314056,0.10499470680952072,-0.05765830725431442,7.959498882293701,7.959707736968994,False
train,0.8095436692237854,0.36666667461395264,0.25456443428993225,0.22719548642635345,0.09896722435951233,-0.08037084341049194,7.966241836547852,7.966647148132324,False
test,0.8099604249000549,0.33095237612724304,0.2585235834121704,0.22710585594177246,0.09321968257427216,-0.10349178314208984,7.968818187713623,7.969490051269531,False
train,0.8103771805763245,0.3730158805847168,0.2624800503253937,0.22700423002243042,0.08774395287036896,-0.12701554596424103,7.967406272888184,7.968418598175049,False
train,0.810793936252594,0.3365079462528229,0.2664320170879364,0.2268904745578766,0.08253415673971176,-0.1509397327899933,7.962169647216797,7.963600158691406,False
train,0.8112106919288635,0.37857142090797424,0.2703778147697449,0.22676458954811096,0.0775815024971962,-0.17525488138198853,7.95326042175293,7.955191135406494,False
train,0.8116274476051331,0.3103174567222595,0.27431628108024597,0.2266266644001007,0.07287921011447906,-0.199957475066185,7.940826416015625,7.943343639373779,False
test,0.8120442032814026,0.3579365015029907,0.2782455086708069,0.22647632658481598,0.06841832399368286,-0.22503149509429932,7.924993991851807,7.928188323974609,False
train,0.8124609589576721,0.369047611951828,0.28216445446014404,0.22631382942199707,0.06419118493795395,-0.25046536326408386,7.905891418457031,7.909857749938965,False
train,0.8128776550292969,0.3126984238624573,0.2860710620880127,0.22613899409770966,0.060190390795469284,-0.27623820304870605,7.883628845214844,7.888467311859131,False
train,0.8132944107055664,0.3920634984970093,0.28996506333351135,0.22595182061195374,0.056405358016490936,-0.3023451566696167,7.858290672302246,7.864104747772217,False
train,0.8137111663818359,0.3174603283405304,0.29384443163871765,0.22575218975543976,0.052829399704933167,-0.3287590742111206,7.8299784660339355,7.836877346038818,False
test,0.8141279220581055,0.3722222149372101,0.2977081835269928,0.22554010152816772,0.0494532585144043,-0.3554666042327881,7.798758506774902,7.806855201721191,False
train,0.814544677734375,0.29603174328804016,0.30155515670776367,0.22531555593013763,0.046269241720438004,-0.3824438750743866,7.764710903167725,7.774123668670654,False
train,0.8149614334106445,0.3603174686431885,0.3053838312625885,0.22507871687412262,0.04326852783560753,-0.40967369079589844,7.727887153625488,7.738738536834717,False
train,0.8153781890869141,0.25634920597076416,0.3091931641101837,0.22482921183109283,0.04044333100318909,-0.43713057041168213,7.688349723815918,7.700766563415527,False
train,0.8157949447631836,0.3650793731212616,0.3129819631576538,0.22456714510917664,0.03778510168194771,-0.46479761600494385,7.646137714385986,7.660252094268799,False
test,0.8162117004394531,0.230158731341362,0.3167494237422943,0.2242927998304367,0.03528653085231781,-0.49264901876449585,7.601309776306152,7.617257595062256,False
train,0.8166284561157227,0.369047611951828,0.32049375772476196,0.2240055501461029,0.03293938934803009,-0.5206630229949951,7.55389404296875,7.571816444396973,False
train,0.8170452117919922,0.34761905670166016,0.3242146074771881,0.2237059324979782,0.030736485496163368,-0.5488220453262329,7.503922939300537,7.523965835571289,False
train,0.8174619674682617,0.2587301731109619,0.32791051268577576,0.22339385747909546,0.02867010235786438,-0.5771016478538513,7.451432228088379,7.4737467765808105,False
train,0.8178787231445312,0.3539682626724243,0.33158040046691895,0.22306914627552032,0.026733485981822014,-0.6054776906967163,7.3964643478393555,7.421205043792725,False
test,0.8182954788208008,0.26428571343421936,0.33522313833236694,0.2227320373058319,0.024919452145695686,-0.6339308619499207,7.339035987854004,7.366364002227783,False
train,0.8187122344970703,0.3531745970249176,0.3388376533985138,0.22238245606422424,0.02322152629494667,-0.6624372601509094,7.279187202453613,7.309267520904541,False
train,0.8191289901733398,0.2507936656475067,0.34242355823516846,0.22202037274837494,0.02163313888013363,-0.6909828186035156,7.216938018798828,7.249941825866699,False
train,0.8195457458496094,0.3452380895614624,0.3459790349006653,0.2216460108757019,0.02014828473329544,-0.7195397615432739,7.152338981628418,7.188441276550293,False
train,0.8199625015258789,0.24682539701461792,0.34950345754623413,0.2212592214345932,0.01876075565814972,-0.7480925917625427,7.085399627685547,7.124783039093018,False
test,0.8203792572021484,0.3373015820980072,0.35299569368362427,0.22086010873317719,0.01746516488492489,-0.7766193151473999,7.016172409057617,7.059023857116699,False
train,0.820796012878418,0.2706349194049835,0.35645490884780884,0.22044889628887177,0.01625591702759266,-0.8051003813743591,6.944696426391602,6.991208553314209,False
train,0.8212127685546875,0.341269850730896,0.3598800003528595,0.2200254648923874,0.015127930790185928,-0.8335213661193848,6.87099552154541,6.92136812210083,False
train,0.821629524230957,0.27539682388305664,0.3632703721523285,0.21959000825881958,0.014076130464673042,-0.861861526966095,6.795125484466553,6.849564552307129,False
train,0.8220462799072266,0.3460317552089691,0.3666246235370636,0.21914221346378326,0.013095889240503311,-0.8901057243347168,6.717125415802002,6.775844097137451,False
test,0.8224630355834961,0.2984127104282379,0.36994245648384094,0.21868272125720978,0.012182722799479961,-0.9182327389717102,6.637063026428223,6.70028018951416,False
train,0.8228797912597656,0.3920634984970093,0.3732221722602844,0.21821139752864838,0.011332444846630096,-0.9462312459945679,6.5549726486206055,6.622916221618652,False
train,0.8232965469360352,0.41031745076179504,0.37646380066871643,0.21772821247577667,0.010540928691625595,-0.9740852117538452,6.470911502838135,6.543816566467285,False
train,0.8237133026123047,0.5515872836112976,0.3796660006046295,0.2172333002090454,0.009804473258554935,-1.0017763376235962,6.384953498840332,6.4630632400512695,False
train,0.8241299986839294,0.49444442987442017,0.3828273117542267,0.21672683954238892,0.009119512513279915,-1.029289722442627,6.297161102294922,6.3807268142700195,False
test,0.824546754360199,0.6095238327980042,0.3859485983848572,0.21620890498161316,0.008482491597533226,-1.05661940574646,6.207586765289307,6.296870231628418,False
train,0.8249635100364685,0.541269838809967,0.38902828097343445,0.21567955613136292,0.007890370674431324,-1.0837454795837402,6.1163201332092285,6.211591720581055,False
train,0.825380265712738,0.6460317373275757,0.39206525683403015,0.2151389867067337,0.007340052165091038,-1.1106561422348022,6.0234222412109375,6.124963283538818,False
train,0.8257970213890076,0.5507936477661133,0.39505958557128906,0.21458706259727478,0.006828770041465759,-1.1373425722122192,5.928981304168701,6.037082672119141,False
train,0.8262137770652771,0.44999998807907104,0.3980104327201843,0.21402432024478912,0.006353841163218021,-1.1637901067733765,5.8330793380737305,5.9480438232421875,False
test,0.8266305327415466,0.32301586866378784,0.4009166955947876,0.21345053613185883,0.0059127891436219215,-1.1899878978729248,5.735801696777344,5.857943058013916,False
train,0.8270472884178162,0.3769841194152832,0.4037781059741974,0.21286584436893463,0.005503241438418627,-1.215924620628357,5.637241363525391,5.766884803771973,False
train,0.8274640440940857,0.31507936120033264,0.4065946042537689,0.21227076649665833,0.005123036913573742,-1.2415945529937744,5.537476062774658,5.674962043762207,False
train,0.8278807997703552,0.3936507999897003,0.4093650281429291,0.21166487038135529,0.004770112223923206,-1.266979694366455,5.436626434326172,5.582306385040283,False
train,0.8282975554466248,0.33571428060531616,0.412089079618454,0.2110486477613449,0.00444256654009223,-1.2920774221420288,5.334775924682617,5.489016056060791,False
test,0.8287143111228943,0.3976190388202667,0.4147668778896332,0.21042212843894958,0.004138572607189417,-1.3168786764144897,5.232032775878906,5.395214080810547,False
train,0.8291310667991638,0.36269840598106384,0.4173973798751831,0.20978568494319916,0.0038564850110560656,-1.3413738012313843,5.128484725952148,5.301003456115723,False
train,0.8295478224754333,0.5468254089355469,0.4199807047843933,0.2091389000415802,0.003594732843339443,-1.3655531406402588,5.024258613586426,5.206525802612305,False
train,0.8299645781517029,0.5373015999794006,0.4225162863731384,0.2084825187921524,0.0033518685959279537,-1.389412522315979,4.919452667236328,5.11189603805542,False
train,0.8303813338279724,0.6404761672019958,0.4250043034553528,0.20781631767749786,0.003126515308395028,-1.4129424095153809,4.814179420471191,5.017243385314941,False
test,0.8307980895042419,0.5690476298332214,0.427444189786911,0.2071405053138733,0.002917421283200383,-1.436136245727539,4.7085466384887695,4.92269229888916,False
train,0.8312148451805115,0.617460310459137,0.42983579635620117,0.20645543932914734,0.0027234097942709923,-1.458988070487976,4.602680206298828,4.828386306762695,False
train,0.831631600856781,0.33888888359069824,0.43217939138412476,0.2057611644268036,0.0025433965492993593,-1.481490969657898,4.496691703796387,4.7344536781311035,False
train,0.8320483565330505,0.4007936418056488,0.4344748258590698,0.20505772531032562,0.002376331714913249,-1.5036406517028809,4.39069128036499,4.641024112701416,False
train,0.8324651122093201,0.3531745970249176,0.4367220103740692,0.2043454349040985,0.0022213112097233534,-1.5254322290420532,4.284801006317139,4.548237323760986,False
test,0.8328818678855896,0.4396825432777405,0.4389213025569916,0.20362414419651031,0.0020774242002516985,-1.546859860420227,4.179135799407959,4.456226348876953,False
train,0.8332986235618591,0.43095237016677856,0.4410722553730011,0.2028944492340088,0.001943873125128448,-1.5679173469543457,4.07382869720459,4.365139961242676,False
train,0.8337153792381287,0.553174614906311,0.4431755244731903,0.2021562159061432,0.0018198828911408782,-1.5886017084121704,3.9689884185791016,4.275104999542236,False
train,0.8341321349143982,0.6261904835700989,0.44523125886917114,0.20140978693962097,0.0017047722358256578,-1.6089091300964355,3.8647384643554688,4.186262130737305,False
train,0.8345488905906677,0.5777778029441833,0.44723960757255554,0.20065516233444214,0.001597875845618546,-1.6288350820541382,3.761197566986084,4.098744869232178,False
test,0.8349656462669373,0.6626983880996704,0.4492008686065674,0.19989246129989624,0.0014986025635153055,-1.64837646484375,3.658494234085083,4.0126953125,False
train,0.835382342338562,0.5349206328392029,0.4511153995990753,0.1991223692893982,0.001406387542374432,-1.6675275564193726,3.5567567348480225,3.9282524585723877,False
train,0.8357990980148315,0.6373015642166138,0.45298388600349426,0.19834430515766144,0.0013206986477598548,-1.6862906217575073,3.456078052520752,3.8455235958099365,False
train,0.8362158536911011,0.6634920835494995,0.4548065662384033,0.1975589245557785,0.0012410671915858984,-1.7046613693237305,3.3565926551818848,3.7646493911743164,False
train,0.8366326093673706,0.5944444537162781,0.4565843343734741,0.1967662274837494,0.001167052541859448,-1.7226359844207764,3.2584283351898193,3.685760498046875,False
test,0.8370493650436401,0.5825396776199341,0.45831719040870667,0.19596630334854126,0.0010982354870066047,-1.7402122020721436,3.161691665649414,3.6089656352996826,False
train,0.8374661207199097,0.629365086555481,0.46000614762306213,0.19515962898731232,0.0010342368623241782,-1.7573907375335693,3.0665054321289062,3.5343852043151855,False
train,0.8378828763961792,0.5626984238624573,0.4616517722606659,0.194346085190773,0.0009747070726007223,-1.7741669416427612,2.972987651824951,3.462127208709717,False
train,0.8382996320724487,0.6428571343421936,0.46325501799583435,0.1935259848833084,0.0009193205623887479,-1.790542721748352,2.8812496662139893,3.392291784286499,False
train,0.8387163877487183,0.4722222089767456,0.4648161232471466,0.19269931316375732,0.0008677712175995111,-1.8065143823623657,2.791412591934204,3.3249778747558594,False
test,0.8391331434249878,0.44206348061561584,0.4663364589214325,0.19186659157276154,0.0008197814458981156,-1.822082757949829,2.703589677810669,3.2602734565734863,False
train,0.8395498991012573,0.3968254029750824,0.467816561460495,0.19102764129638672,0.0007750930381007493,-1.8372493982315063,2.6178717613220215,3.198239803314209,False
train,0.8399666547775269,0.3484126925468445,0.4692574441432953,0.1901828795671463,0.0007334696128964424,-1.8520113229751587,2.534391403198242,3.138962507247925,False
train,0.8403834104537964,0.39444443583488464,0.4706600606441498,0.18933233618736267,0.0006946863140910864,-1.8663694858551025,2.4532439708709717,3.082489490509033,False
train,0.8408001661300659,0.4079365134239197,0.47202548384666443,0.1884763091802597,0.0006585392402485013,-1.880326271057129,2.374535322189331,3.0288686752319336,False
test,0.8412169218063354,0.4682539701461792,0.4733545184135437,0.1876147985458374,0.0006248416611924767,-1.893879771232605,2.2983694076538086,2.9781339168548584,False
train,0.841633677482605,0.36349207162857056,0.47464847564697266,0.18674802780151367,0.000593419186770916,-1.9070308208465576,2.2248504161834717,2.930311441421509,False
train,0.8420504331588745,0.4317460358142853,0.47590816020965576,0.18587626516819,0.0005641071475110948,-1.9197850227355957,2.1540558338165283,2.885399580001831,False
train,0.842467188835144,0.46587300300598145,0.47713547945022583,0.18499957025051117,0.0005367571138776839,-1.9321413040161133,2.0860979557037354,2.8434088230133057,False
train,0.8428839445114136,0.5888888835906982,0.4783308207988739,0.18411828577518463,0.0005112321814522147,-1.9441040754318237,2.02105712890625,2.8043203353881836,False
test,0.8433007001876831,0.6000000238418579,0.4794957637786865,0.18323224782943726,0.0004874047008343041,-1.9556713104248047,1.959022879600525,2.7681078910827637,False
train,0.8437174558639526,0.5373015999794006,0.4806317687034607,0.1823420226573944,0.0004651525232475251,-1.966851830482483,1.9000778198242188,2.7347397804260254,False
train,0.8441342115402222,0.591269850730896,0.48173972964286804,0.18144743144512177,0.0004443721263669431,-1.97764253616333,1.8443100452423096,2.7041726112365723,False
train,0.8445509672164917,0.4563491940498352,0.4828212261199951,0.18054886162281036,0.0004249588819220662,-1.988052248954773,1.7917780876159668,2.676344633102417,False
train,0.8449677228927612,0.4158730208873749,0.48387759923934937,0.1796463578939438,0.00040682079270482063,-1.9980813264846802,1.7425713539123535,2.6512043476104736,False
test,0.8453844785690308,0.3095238208770752,0.48491033911705017,0.17874003946781158,0.00038986801519058645,-2.007737159729004,1.6967411041259766,2.628676176071167,False
train,0.8458012342453003,0.42301586270332336,0.4859209656715393,0.1778302937746048,0.00037402540328912437,-2.017021656036377,1.6543612480163574,2.608694553375244,False
train,0.8462179899215698,0.4595237970352173,0.48691046237945557,0.17691707611083984,0.00035921568633057177,-2.0259413719177246,1.615488052368164,2.5911850929260254,False
train,0.8466346859931946,0.5507936477661133,0.48788049817085266,0.1760006844997406,0.00034537340980023146,-2.034499168395996,1.5801749229431152,2.576070547103882,False
train,0.8470514416694641,0.41428571939468384,0.48883259296417236,0.17508111894130707,0.00033243128564208746,-2.04270601272583,1.548463225364685,2.563276529312134,False
test,0.8474681973457336,0.5492063760757446,0.48976850509643555,0.1741584688425064,0.00032033093157224357,-2.0505645275115967,1.52039635181427,2.5527279376983643,False
train,0.8478849530220032,0.5563492178916931,0.4906897246837616,0.17323289811611176,0.0003090214158874005,-2.058079957962036,1.4960110187530518,2.5443549156188965,False
train,0.8483017086982727,0.44682538509368896,0.4915974736213684,0.17230483889579773,0.0002984501770697534,-2.06526517868042,1.4753284454345703,2.538092613220215,False
train,0.8487184643745422,0.3420634865760803,0.49249374866485596,0.17137423157691956,0.0002885718713514507,-2.0721254348754883,1.4583818912506104,2.533886671066284,False
train,0.8491352200508118,0.5761904716491699,0.49337953329086304,0.17044101655483246,0.0002793431340251118,-2.078662872314453,1.445194125175476,2.531684398651123,False
test,0.8495519757270813,0.553174614906311,0.49425679445266724,0.1695057600736618,0.00027072348166257143,-2.0848944187164307,1.4357547760009766,2.531437635421753,False
train,0.8499687314033508,0.5706349015235901,0.4951270520687103,0.16856810450553894,0.0002626769128255546,-2.090823173522949,1.430074691772461,2.533111810684204,False
train,0.8503854870796204,0.4214285612106323,0.4959915280342102,0.1676284372806549,0.00025517126778140664,-2.096461772918701,1.428154468536377,2.5366861820220947,False
train,0.8508022427558899,0.3722222149372101,0.49685221910476685,0.1666870266199112,0.000248171912971884,-2.101820707321167,1.4299662113189697,2.542135715484619,False
train,0.8512189984321594,0.5777778029441833,0.49771061539649963,0.16574381291866302,0.00024165330978576094,-2.106907367706299,1.4354958534240723,2.549452304840088,False
test,0.851635754108429,0.5436508059501648,0.4985683262348175,0.16479888558387756,0.00023558498651254922,-2.11173415184021,1.4447135925292969,2.558635950088501,False
train,0.8520525097846985,0.4801587164402008,0.49942636489868164,0.16385222971439362,0.00022994446044322103,-2.116312026977539,1.4575755596160889,2.5696892738342285,False
train,0.852469265460968,0.4690476059913635,0.5002865791320801,0.162904292345047,0.0002247098891530186,-2.120655059814453,1.4740190505981445,2.5826170444488525,False
train,0.8528860211372375,0.4246031641960144,0.5011506676673889,0.161954864859581,0.00021985740750096738,-2.124772548675537,1.4940056800842285,2.5974433422088623,False
train,0.8533027768135071,0.5952380895614624,0.5020195841789246,0.16100412607192993,0.00021536913118325174,-2.1286773681640625,1.517449975013733,2.6141769886016846,False
test,0.8537195324897766,0.5841270089149475,0.5028950572013855,0.1600523740053177,0.00021122873295098543,-2.1323843002319336,1.5442752838134766,2.632840394973755,False
train,0.8541362881660461,0.47857141494750977,0.5037784576416016,0.15909937024116516,0.00020741717889904976,-2.135906219482422,1.5743892192840576,2.653449773788452,False
train,0.8545530438423157,0.5365079641342163,0.5046715140342712,0.15814529359340668,0.00020392196893226355,-2.139256000518799,1.607692003250122,2.6760213375091553,False
train,0.8549697995185852,0.5658730268478394,0.5055744647979736,0.1571902632713318,0.00020072670304216444,-2.142451763153076,1.6440458297729492,2.7005529403686523,False
train,0.8553865551948547,0.43809524178504944,0.5064893960952759,0.15623429417610168,0.00019782035087700933,-2.145503044128418,1.6833521127700806,2.727060317993164,False
test,0.8558033108711243,0.42222222685813904,0.5074173808097839,0.1552775502204895,0.0001951926969923079,-2.148428440093994,1.7254639863967896,2.7555346488952637,False
train,0.8562200665473938,0.5865079164505005,0.5083593726158142,0.15431994199752808,0.00019283074652776122,-2.1512410640716553,1.7702311277389526,2.785957098007202,False
train,0.8566368222236633,0.5507936477661133,0.5093164443969727,0.15336158871650696,0.00019072621944360435,-2.1539604663848877,1.8174614906311035,2.818281650543213,False
train,0.8570535778999329,0.37460318207740784,0.5102896094322205,0.15240249037742615,0.00018887182523030788,-2.156597137451172,1.8670036792755127,2.8524749279022217,False
train,0.8574703335762024,0.5492063760757446,0.5112800598144531,0.1514427810907364,0.0001872578141046688,-2.159173011779785,1.9186630249023438,2.8884763717651367,False
test,0.8578870892524719,0.5507936477661133,0.5122880339622498,0.15048231184482574,0.00018587849626783282,-2.1616978645324707,1.9722254276275635,2.926193952560425,False
train,0.8583037853240967,0.5246031880378723,0.5133146643638611,0.1495213806629181,0.00018472886586096138,-2.164191722869873,2.0274829864501953,2.9655375480651855,False
train,0.8587205410003662,0.4571428596973419,0.5143604874610901,0.14855949580669403,0.000183803029358387,-2.1666688919067383,2.0841829776763916,3.0063719749450684,False
train,0.8591372966766357,0.5785714387893677,0.5154261589050293,0.14759710431098938,0.00018309507868252695,-2.1691484451293945,2.142099618911743,3.0485727787017822,False
train,0.8595540523529053,0.5841270089149475,0.5165121555328369,0.14663411676883698,0.00018260336946696043,-2.1716461181640625,2.200955629348755,3.091965913772583,False
test,0.8599708080291748,0.5515872836112976,0.5176184773445129,0.1456703394651413,0.0001823228958528489,-2.1741724014282227,2.2605104446411133,3.1363885402679443,False
train,0.8603875637054443,0.3896825313568115,0.5187456011772156,0.14470599591732025,0.0001822521589929238,-2.1767497062683105,2.3204257488250732,3.181605815887451,False
train,0.8608043193817139,0.5857142806053162,0.5198935866355896,0.1437409371137619,0.00018239002383779734,-2.1793899536132812,2.3804383277893066,3.2274179458618164,False
train,0.8612210750579834,0.5722222328186035,0.521062433719635,0.14277511835098267,0.00018273368186783046,-2.1821067333221436,2.440225839614868,3.2735748291015625,False
train,0.8616378307342529,0.4952380955219269,0.5222517848014832,0.1418086588382721,0.00018328287114854902,-2.184917688369751,2.4994587898254395,3.3198132514953613,False
test,0.8620545864105225,0.37063491344451904,0.5234612226486206,0.1408412754535675,0.00018403893045615405,-2.1878316402435303,2.557809591293335,3.3658576011657715,False
train,0.862471342086792,0.5476190447807312,0.5246904492378235,0.13987301290035248,0.00018500069563742727,-2.1908645629882812,2.6149048805236816,3.4113948345184326,False
train,0.8628880977630615,0.5563492178916931,0.5259391665458679,0.13890397548675537,0.00018617030582390726,-2.194028377532959,2.6704235076904297,3.4561426639556885,False
train,0.863304853439331,0.4515872895717621,0.5272061824798584,0.1379338800907135,0.0001875476591521874,-2.197330951690674,2.723982095718384,3.499763011932373,False
train,0.8637216091156006,0.5047619342803955,0.5284908413887024,0.13696283102035522,0.0001891362335300073,-2.2007875442504883,2.775193929672241,3.5419156551361084,False
test,0.8641383647918701,0.5809524059295654,0.529792070388794,0.13599063456058502,0.00019093840091954917,-2.2044014930725098,2.82368540763855,3.5822598934173584,False
train,0.8645551204681396,0.5571428537368774,0.5311079621315002,0.13501735031604767,0.0001929571299115196,-2.2081825733184814,2.8690614700317383,3.6204397678375244,False
train,0.8649718761444092,0.5388888716697693,0.5324385166168213,0.1340429037809372,0.00019519585475791246,-2.2121357917785645,2.9109463691711426,3.656111717224121,False
train,0.8653886318206787,0.6063492298126221,0.5337808728218079,0.1330670714378357,0.0001976600760826841,-2.2162668704986572,2.948920726776123,3.6888985633850098,False
train,0.8658053874969482,0.5976190567016602,0.5351337790489197,0.13208995759487152,0.00020035247143823653,-2.2205796241760254,2.982597827911377,3.718449115753174,False
test,0.8662221431732178,0.5055555701255798,0.5364957451820374,0.13111133873462677,0.00020328012760728598,-2.2250728607177734,3.0115745067596436,3.7444000244140625,False
train,0.8666388988494873,0.6111111044883728,0.5378638505935669,0.13013121485710144,0.00020644751202780753,-2.2297470569610596,3.035451889038086,3.7663960456848145,False
train,0.8670556545257568,0.5611110925674438,0.5392365455627441,0.12914954125881195,0.000209861493203789,-2.2345995903015137,3.053867816925049,3.7841172218322754,False
train,0.8674724102020264,0.5484126806259155,0.5406112670898438,0.12816616892814636,0.00021352952171582729,-2.239628791809082,3.0663905143737793,3.797194719314575,False
train,0.8678891658782959,0.6404761672019958,0.5419858694076538,0.1271810233592987,0.00021745773847214878,-2.2448246479034424,3.072676658630371,3.805335760116577,False
test,0.8683059215545654,0.5063492059707642,0.5433565974235535,0.12619422376155853,0.00022165469999890774,-2.250182867050171,3.0723440647125244,3.8082306385040283,False
train,0.868722677230835,0.43095237016677856,0.5447216629981995,0.12520535290241241,0.00022612986504100263,-2.2556889057159424,3.065049171447754,3.8056087493896484,False
train,0.8691394329071045,0.5015873312950134,0.5460779666900635,0.12421467900276184,0.0002308903494849801,-2.2613344192504883,3.050436019897461,3.797208547592163,False
train,0.8695561289787292,0.49444442987442017,0.5474217534065247,0.1232222467660904,0.00023594625236000866,-2.2671055793762207,3.028200149536133,3.782824754714966,False
train,0.8699728846549988,0.5166666507720947,0.5487505793571472,0.1222274973988533,0.00024130860401783139,-2.272979974746704,2.9980363845825195,3.76226806640625,False
test,0.8703896403312683,0.5928571224212646,0.5500603914260864,0.12123074382543564,0.00024698866764083505,-2.2789461612701416,2.959658622741699,3.7353949546813965,False
train,0.8708063960075378,0.64682537317276,0.5513482689857483,0.12023194879293442,0.0002529960765969008,-2.2849817276000977,2.9127984046936035,3.702098846435547,False
train,0.8712231516838074,0.5111111402511597,0.5526105761528015,0.1192309632897377,0.00025934434961527586,-2.2910618782043457,2.8572559356689453,3.6623594760894775,False
train,0.8716399073600769,0.6507936716079712,0.5538433790206909,0.11822786927223206,0.00026604466256685555,-2.297163248062134,2.792816638946533,3.6161837577819824,False
train,0.8720566630363464,0.6809523701667786,0.5550426840782166,0.11722266674041748,0.0002731114800553769,-2.3032596111297607,2.7192957401275635,3.5636463165283203,False
test,0.872473418712616,0.5753968358039856,0.5562058687210083,0.11621534824371338,0.00028055746224708855,-2.3093223571777344,2.6365716457366943,3.5049221515655518,False
train,0.8728901743888855,0.6682539582252502,0.5573275089263916,0.11520584672689438,0.00028839692822657526,-2.3153233528137207,2.544529914855957,3.4402549266815186,False
train,0.873306930065155,0.6507936716079712,0.5584045648574829,0.11419433355331421,0.00029664597241207957,-2.3212296962738037,2.443103313446045,3.3699941635131836,False
train,0.8737236857414246,0.5484126806259155,0.5594334602355957,0.1131807267665863,0.0003053192631341517,-2.3270103931427,2.3322699069976807,3.2946107387542725,False
train,0.8741404414176941,0.6579365134239197,0.560409665107727,0.11216523498296738,0.0003144322254229337,-2.3326308727264404,2.2120285034179688,3.214690923690796,False
test,0.8745571970939636,0.670634925365448,0.5613295435905457,0.11114783585071564,0.0003240024670958519,-2.3380563259124756,2.082430362701416,3.1309781074523926,False
train,0.8749739527702332,0.5682539939880371,0.5621894598007202,0.11012857407331467,0.0003340467228554189,-2.3432493209838867,1.9435441493988037,3.0443687438964844,False
train,0.8753907084465027,0.6563491821289062,0.5629853010177612,0.10910772532224655,0.00034458329901099205,-2.3481783866882324,1.79551362991333,2.9559788703918457,False
train,0.8758074641227722,0.5476190447807312,0.5637133717536926,0.10808518528938293,0.00035563044366426766,-2.352800130844116,1.6384921073913574,2.8671107292175293,False
train,0.8762242197990417,0.6722221970558167,0.5643699765205383,0.1070612296462059,0.0003672067541629076,-2.357081651687622,1.4726927280426025,2.779326915740967,False
test,0.8766409754753113,0.6253968477249146,0.5649518966674805,0.10603605210781097,0.0003793319338001311,-2.3609864711761475,1.2983593940734863,2.6944375038146973,False
train,0.8770577311515808,0.5825396776199341,0.5654553771018982,0.10500975698232651,0.0003920262970495969,-2.36447811126709,1.115767478942871,2.614516019821167,False
train,0.8774744868278503,0.6714285612106323,0.5658767819404602,0.10398241132497787,0.0004053088778164238,-2.3675127029418945,0.9252477884292603,2.541888952255249,False
train,0.8778912425041199,0.5888888835906982,0.5662137269973755,0.1029544249176979,0.00041920284274965525,-2.3700637817382812,0.7271617650985718,2.4791059494018555,False
train,0.8783079981803894,0.6650793552398682,0.5664623975753784,0.10192574560642242,0.0004337263526394963,-2.3720862865448,0.5218950510025024,2.4288203716278076,False
test,0.8787247538566589,0.6023809313774109,0.5666205883026123,0.1008969247341156,0.0004489044367801398,-2.373553991317749,0.3098784387111664,2.3936965465545654,False
train,0.8791415095329285,0.6555555462837219,0.566685140132904,0.09986785054206848,0.0004647557798307389,-2.3744287490844727,0.09156881272792816,2.3761937618255615,False
train,0.879558265209198,0.6611111164093018,0.5666539072990417,0.09883914887905121,0.00048130573122762144,-2.374683141708374,-0.13254503905773163,2.3783793449401855,False
train,0.8799750208854675,0.579365074634552,0.5665245056152344,0.09781081229448318,0.0004985727136954665,-2.3742835521698,-0.3619520664215088,2.401714324951172,False
train,0.8803917765617371,0.6666666865348816,0.5662950277328491,0.09678325057029724,0.0005165821057744324,-2.373202323913574,-0.596125066280365,2.446927547454834,False
test,0.8808084726333618,0.5714285969734192,0.5659635066986084,0.09575685858726501,0.0005353526794351637,-2.371412515640259,-0.8344525694847107,2.5139427185058594,False
train,0.8812252283096313,0.6666666865348816,0.5655286908149719,0.09473156183958054,0.0005549113266170025,-2.368889808654785,-1.0764479637145996,2.6019952297210693,False
train,0.8816419839859009,0.6571428775787354,0.5649887323379517,0.09370794892311096,0.0005752809811383486,-2.3656115531921387,-1.3214560747146606,2.7096798419952393,False
train,0.8820587396621704,0.5992063283920288,0.5643431544303894,0.09268616884946823,0.0005964793381281197,-2.361555576324463,-1.5689048767089844,2.8352084159851074,False
train,0.8824754953384399,0.6801587343215942,0.5635907053947449,0.09166678041219711,0.0006185329984873533,-2.3567094802856445,-1.818185806274414,2.9765548706054688,False
test,0.8828922510147095,0.6142857074737549,0.5627310872077942,0.09065007418394089,0.0006414586096070707,-2.3510570526123047,-2.068673849105835,3.131593942642212,False
train,0.883309006690979,0.6301587224006653,0.5617638826370239,0.08963613212108612,0.0006652824231423438,-2.3445775508880615,-2.31974196434021,3.2982187271118164,False
train,0.8837257623672485,0.6714285612106323,0.5606890916824341,0.08862554281949997,0.0006900237058289349,-2.337268829345703,-2.5707905292510986,3.4744482040405273,False
train,0.8841425180435181,0.6714285612106323,0.5595068335533142,0.08761858195066452,0.0007156984065659344,-2.3291211128234863,-2.8211965560913086,3.6584088802337646,False
train,0.8845592737197876,0.6214285492897034,0.5582180619239807,0.0866156592965126,0.0007423280621878803,-2.3201303482055664,-3.070362091064453,3.8483927249908447,False
test,0.8849760293960571,0.6769841313362122,0.5568227767944336,0.08561699092388153,0.0007699321140535176,-2.310291051864624,-3.3176753520965576,4.042822360992432,False
train,0.8853927850723267,0.5920634865760803,0.555322527885437,0.0846230685710907,0.0007985225529409945,-2.299607992172241,-3.5625948905944824,4.240315914154053,False
train,0.8858095407485962,0.6650793552398682,0.553718090057373,0.0836341455578804,0.0008281209738925099,-2.2880806922912598,-3.8045120239257812,4.439552307128906,False
train,0.8862262964248657,0.6722221970558167,0.5520114898681641,0.08265067636966705,0.0008587365737184882,-2.2757182121276855,-4.042925834655762,4.639411926269531,False
train,0.8866430521011353,0.5761904716491699,0.5502035617828369,0.08167281746864319,0.0008903863490559161,-2.2625234127044678,-4.277260780334473,4.838798522949219,False
test,0.8870598077774048,0.629365086555481,0.5482969880104065,0.08070116490125656,0.0009230779833160341,-2.2485125064849854,-4.507060527801514,5.036805152893066,False
train,0.8874765634536743,0.4952380955219269,0.5462933778762817,0.07973583042621613,0.0009568216628395021,-2.2336924076080322,-4.731807231903076,5.2325310707092285,False
train,0.8878933191299438,0.5849206447601318,0.5441957116127014,0.0787772461771965,0.0009916232666000724,-2.218080759048462,-4.9510650634765625,5.4252119064331055,False
train,0.8883100748062134,0.632539689540863,0.5420050024986267,0.07782572507858276,0.0010274932719767094,-2.201695203781128,-5.1644062995910645,5.614138603210449,False
train,0.8887268304824829,0.5920634865760803,0.5397252440452576,0.07688158005475998,0.0010644246358424425,-2.1845526695251465,-5.371429443359375,5.798666000366211,False
test,0.8891435861587524,0.5984126925468445,0.537358820438385,0.0759451761841774,0.001102427369914949,-2.1666767597198486,-5.57177734375,5.978226184844971,False
train,0.889560341835022,0.5960317254066467,0.5349087119102478,0.07501674443483353,0.0011414901819080114,-2.148088216781616,-5.765116214752197,6.152304172515869,False
train,0.8899770975112915,0.6452381014823914,0.5323777794837952,0.07409653812646866,0.0011816174956038594,-2.128810405731201,-5.95112943649292,6.320425510406494,False
train,0.890393853187561,0.5785714387893677,0.529769241809845,0.07318492978811264,0.0012227966217324138,-2.1088716983795166,-6.129560470581055,6.482194900512695,False
train,0.8908106088638306,0.5809524059295654,0.5270865559577942,0.0722820982336998,0.0012650145217776299,-2.08829665184021,-6.3001604080200195,6.637243747711182,False
test,0.8912273645401001,0.5857142806053162,0.5243331789970398,0.0713883712887764,0.0013082564109936357,-2.0671136379241943,-6.462734699249268,6.785271167755127,False
train,0.8916441202163696,0.629365086555481,0.5215124487876892,0.07050404697656631,0.0013525125104933977,-2.0453567504882812,-6.617064476013184,6.925967216491699,False
train,0.8920608162879944,0.5888888835906982,0.5186281204223633,0.06962931156158447,0.001397746498696506,-2.0230519771575928,-6.763024806976318,7.059124946594238,False
train,0.8924775719642639,0.6039682626724243,0.5156834125518799,0.06876424700021744,0.0014439470833167434,-2.000227689743042,-6.900534152984619,7.184586524963379,False
train,0.8928943276405334,0.6142857074737549,0.5126818418502808,0.06790906935930252,0.0014910923782736063,-1.976916790008545,-7.0294928550720215,7.302189350128174,False
test,0.893311083316803,0.5968254208564758,0.5096272826194763,0.06706415116786957,0.0015391376800835133,-1.9531550407409668,-7.149824142456055,7.411801338195801,False
train,0.8937278389930725,0.5968254208564758,0.5065234899520874,0.06622953712940216,0.0015880540013313293,-1.9289710521697998,-7.261504173278809,7.513346195220947,False
train,0.894144594669342,0.605555534362793,0.5033742785453796,0.06540553271770477,0.0016378024592995644,-1.9044020175933838,-7.364544868469238,7.606791019439697,False
train,0.8945613503456116,0.6452381014823914,0.5001830458641052,0.06459204852581024,0.001688342890702188,-1.8794735670089722,-7.458983421325684,7.692129135131836,False
train,0.8949781060218811,0.6365079283714294,0.4969535768032074,0.06378951668739319,0.0017396260518580675,-1.8542264699935913,-7.5448479652404785,7.769355773925781,False
test,0.8953948616981506,0.641269862651825,0.49368923902511597,0.06299778074026108,0.001791608170606196,-1.828685998916626,-7.6222076416015625,7.838503837585449,False
train,0.8958116173744202,0.6238095164299011,0.49039357900619507,0.06221706047654152,0.001844219397753477,-1.8028870820999146,-7.691171646118164,7.899653434753418,False
train,0.8962283730506897,0.5928571224212646,0.48707059025764465,0.061447564512491226,0.0018974302802234888,-1.7768652439117432,-7.751865386962891,7.952902793884277,False
train,0.8966451287269592,0.6039682626724243,0.483723521232605,0.06068922206759453,0.0019511596765369177,-1.7506473064422607,-7.804408550262451,7.998347282409668,False
train,0.8970618844032288,0.6039682626724243,0.48035603761672974,0.05994226410984993,0.002005352173000574,-1.7242695093154907,-7.84896183013916,8.036125183105469,False
test,0.8974786400794983,0.6261904835700989,0.47697073221206665,0.059206560254096985,0.0020599421113729477,-1.6977559328079224,-7.885676860809326,8.066367149353027,False
train,0.8978953957557678,0.6253968477249146,0.47357165813446045,0.05848224461078644,0.002114857779815793,-1.6711394786834717,-7.914774417877197,8.089274406433105,False
train,0.8983121514320374,0.579365074634552,0.4701616168022156,0.05776925012469292,0.0021700335200875998,-1.644446611404419,-7.9364142417907715,8.10499095916748,False
train,0.8987289071083069,0.5730158686637878,0.46674421429634094,0.05706789344549179,0.0022253936622291803,-1.6177122592926025,-7.950833797454834,8.113738059997559,False
train,0.8991456627845764,0.5365079641342163,0.4633215069770813,0.05637791007757187,0.0022808476351201534,-1.590958595275879,-7.958221435546875,8.115691184997559,False
test,0.899562418460846,0.5309523940086365,0.45989707112312317,0.05569927766919136,0.002336341654881835,-1.5642088651657104,-7.958840370178223,8.111096382141113,False
train,0.8999791741371155,0.4761904776096344,0.4564738869667053,0.05503213778138161,0.0023917758371680975,-1.5374950170516968,-7.952901840209961,8.100156784057617,False
train,0.900395929813385,0.43492063879966736,0.45305442810058594,0.05437643826007843,0.0024470759090036154,-1.5108405351638794,-7.940656661987305,8.083109855651855,False
train,0.9008126854896545,0.4373015761375427,0.44964122772216797,0.053732093423604965,0.0025021617766469717,-1.4842653274536133,-7.922353267669678,8.06019401550293,False
train,0.9012294411659241,0.4238095283508301,0.446236789226532,0.05309904366731644,0.0025569365825504065,-1.4577933549880981,-7.8982367515563965,8.031643867492676,False
test,0.9016461968421936,0.3642857074737549,0.4428434371948242,0.052477311342954636,0.0026113279163837433,-1.4314475059509277,-7.868558406829834,7.9977030754089355,False
train,0.9020629525184631,0.35158729553222656,0.43946394324302673,0.051866766065359116,0.002665252424776554,-1.4052460193634033,-7.8335957527160645,7.958639144897461,False
train,0.9024797081947327,0.3380952477455139,0.43609970808029175,0.0512673482298851,0.002718610456213355,-1.3792074918746948,-7.793571949005127,7.914668560028076,False
train,0.9028964638710022,0.3499999940395355,0.4327537715435028,0.0506790466606617,0.0027713400777429342,-1.3533540964126587,-7.748767852783203,7.866064548492432,False
train,0.9033132195472717,0.3444444537162781,0.4294275939464569,0.050101738423109055,0.0028233351185917854,-1.3277009725570679,-7.699429035186768,7.813066005706787,False
test,0.9037299156188965,0.32777777314186096,0.4261229634284973,0.049535393714904785,0.0028745229355990887,-1.302267074584961,-7.645811557769775,7.755922794342041,False
train,0.904146671295166,0.3444444537162781,0.42284178733825684,0.048979751765728,0.002924823435023427,-1.2770599126815796,-7.588162422180176,7.694874286651611,False
train,0.9045634269714355,0.3420634865760803,0.4195854663848877,0.048434846103191376,0.0029741714242845774,-1.252099633216858,-7.526723861694336,7.6301589012146,False
train,0.9049801826477051,0.33095237612724304,0.41635575890541077,0.04790043085813522,0.003022473771125078,-1.2273937463760376,-7.461742877960205,7.562017440795898,False
train,0.9053969383239746,0.32698413729667664,0.41315412521362305,0.04737655445933342,0.003069658763706684,-1.2029598951339722,-7.3934526443481445,7.490677833557129,False
test,0.9058136940002441,0.3206349313259125,0.4099818766117096,0.04686299338936806,0.003115659113973379,-1.1788071393966675,-7.32209587097168,7.416378974914551,False
train,0.9062304496765137,0.32698413729667664,0.40684008598327637,0.04635969549417496,0.003160403110086918,-1.1549451351165771,-7.247889041900635,7.33933162689209,False
train,0.9066472053527832,0.3246031701564789,0.403730183839798,0.04586649313569069,0.0032038327772170305,-1.1313849687576294,-7.1710615158081055,7.259762763977051,False
train,0.9070639610290527,0.3222222328186035,0.40065327286720276,0.04538324847817421,0.0032458892092108727,-1.1081318855285645,-7.091822147369385,7.177875518798828,False
train,0.9074807167053223,0.3404761850833893,0.3976099491119385,0.04490981623530388,0.00328649184666574,-1.0851950645446777,-7.010382652282715,7.093878746032715,False
test,0.9078974723815918,0.33492064476013184,0.3946014642715454,0.04444611445069313,0.0033256281167268753,-1.0625813007354736,-6.92694616317749,7.007971286773682,False
train,0.9083142280578613,0.3222222328186035,0.39162853360176086,0.04399191960692406,0.0033632232807576656,-1.0402947664260864,-6.841704368591309,6.920341968536377,False
train,0.9087309837341309,0.33492064476013184,0.38869166374206543,0.043547142297029495,0.003399228909984231,-1.0183417797088623,-6.754849433898926,6.831179618835449,False
train,0.9091477394104004,0.31190475821495056,0.38579174876213074,0.043111685663461685,0.0034336315002292395,-0.9967278242111206,-6.666555404663086,6.740654945373535,False
train,0.9095644950866699,0.289682537317276,0.38292935490608215,0.04268529638648033,0.0034663763362914324,-0.9754535555839539,-6.577004432678223,6.648947238922119,False
test,0.9099812507629395,0.27222222089767456,0.3801048994064331,0.04226791113615036,0.0034974440932273865,-0.9545245170593262,-6.486356258392334,6.55621337890625,False
train,0.910398006439209,0.26031747460365295,0.3773189187049866,0.04185936972498894,0.003526817075908184,-0.9339423775672913,-6.394775867462158,6.462615966796875,False
train,0.9108147621154785,0.2817460298538208,0.3745712637901306,0.041459448635578156,0.0035544545389711857,-0.9137057065963745,-6.302395343780518,6.368284225463867,False
train,0.911231517791748,0.2547619044780731,0.3718627393245697,0.04106805846095085,0.0035803818609565496,-0.8938191533088684,-6.209391117095947,6.273392200469971,False
train,0.9116482734680176,0.24047619104385376,0.36919379234313965,0.04068506881594658,0.0036045603919774294,-0.8742833733558655,-6.115878582000732,6.178053379058838,False
test,0.9120650291442871,0.29206350445747375,0.3665641248226166,0.04031026363372803,0.0036269889678806067,-0.8550959825515747,-6.021993637084961,6.082400798797607,False
train,0.9124817848205566,0.27222222089767456,0.3639742136001587,0.0399436317384243,0.0036476808600127697,-0.8362607955932617,-5.927870273590088,5.986566543579102,False
train,0.9128985404968262,0.2769841253757477,0.3614238500595093,0.03958485275506973,0.0036666402593255043,-0.8177708983421326,-5.833600044250488,5.890639781951904,False
train,0.9133152961730957,0.2650793790817261,0.3589134216308594,0.03923394903540611,0.0036838778760284185,-0.7996320724487305,-5.739330291748047,5.794766902923584,False
train,0.9137320518493652,0.26825398206710815,0.3564421236515045,0.03889058902859688,0.0036994260735809803,-0.7818354368209839,-5.645120620727539,5.699004650115967,False
test,0.9141488075256348,0.2547619044780731,0.3540109395980835,0.03855470195412636,0.0037132720462977886,-0.7643835544586182,-5.551106929779053,5.603487491607666,False
train,0.9145655632019043,0.25634920597076416,0.3516194224357605,0.03822626546025276,0.0037254816852509975,-0.7472748160362244,-5.457365036010742,5.508289337158203,False
train,0.914982259273529,0.28412699699401855,0.34926724433898926,0.03790491074323654,0.0037360626738518476,-0.730503261089325,-5.363985061645508,5.413498878479004,False
train,0.9153990149497986,0.2650793790817261,0.346954345703125,0.03759064897894859,0.0037450494710355997,-0.7140673995018005,-5.271038055419922,5.319185256958008,False
train,0.9158157706260681,0.25952380895614624,0.34468016028404236,0.03728329762816429,0.0037524932995438576,-0.697964072227478,-5.1785993576049805,5.2254228591918945,False
test,0.9162325263023376,0.21984127163887024,0.3424452245235443,0.036982689052820206,0.0037584274541586637,-0.6821888089179993,-5.086747169494629,5.132287979125977,False
train,0.9166492819786072,0.24365079402923584,0.3402484655380249,0.03668873384594917,0.0037629057187587023,-0.6667395830154419,-4.995535373687744,5.039833068847656,False
train,0.9170660376548767,0.24761904776096344,0.3380899727344513,0.03640119358897209,0.003765958594158292,-0.6516106128692627,-4.905026912689209,4.948119640350342,False
train,0.9174827933311462,0.25238096714019775,0.33596962690353394,0.03612004965543747,0.00376766175031662,-0.6367997527122498,-4.815276622772217,4.857201099395752,False
train,0.9178995490074158,0.23968254029750824,0.33388668298721313,0.035845182836055756,0.0037680561654269695,-0.6223032474517822,-4.72633695602417,4.767129421234131,False
test,0.9183163046836853,0.22777777910232544,0.33184143900871277,0.03557629510760307,0.0037672098260372877,-0.6081145405769348,-4.6382598876953125,4.677954196929932,False
train,0.9187330603599548,0.25,0.32983288168907166,0.03531346097588539,0.0037651665043085814,-0.5942313075065613,-4.551076889038086,4.589707374572754,False
train,0.9191498160362244,0.23650793731212616,0.3278607428073883,0.03505638614296913,0.0037619995418936014,-0.5806471705436707,-4.464822292327881,4.502420425415039,False
train,0.9195665717124939,0.27936509251594543,0.32592493295669556,0.03480503335595131,0.0037577657494693995,-0.5673590302467346,-4.379539489746094,4.416136741638184,False
train,0.9199833273887634,0.2888889014720917,0.3240247964859009,0.034559257328510284,0.003752543358132243,-0.5543612241744995,-4.295256614685059,4.330883026123047,False
test,0.920400083065033,0.24523809552192688,0.3221599757671356,0.03431889787316322,0.0037463796325027943,-0.5416491031646729,-4.211999416351318,4.246683597564697,False
train,0.9208168387413025,0.2769841253757477,0.32033011317253113,0.034083906561136246,0.003739353734999895,-0.5292181968688965,-4.129791736602783,4.163562297821045,False
train,0.921233594417572,0.2809523940086365,0.3185344636440277,0.03385408595204353,0.0037315222434699535,-0.5170629024505615,-4.048652172088623,4.081536293029785,False
train,0.9216503500938416,0.26825398206710815,0.3167729675769806,0.03362942487001419,0.0037229734007269144,-0.5051800012588501,-3.9686074256896973,4.000631332397461,False
train,0.9220671057701111,0.2857142984867096,0.3150447905063629,0.0334097295999527,0.003713752841576934,-0.493562787771225,-3.8896613121032715,3.9208507537841797,False
test,0.9224838614463806,0.3142857253551483,0.31334978342056274,0.0331948846578598,0.003703945316374302,-0.4822074770927429,-3.811838388442993,3.8422176837921143,False
train,0.9229006171226501,0.2769841253757477,0.3116873800754547,0.03298477455973625,0.0036936113610863686,-0.471107542514801,-3.7351415157318115,3.7647342681884766,False
train,0.9233173727989197,0.2547619044780731,0.31005674600601196,0.03277932479977608,0.0036828329320997,-0.4602593183517456,-3.6595752239227295,3.6884047985076904,False
train,0.9237341284751892,0.2777777910232544,0.3084580600261688,0.032578449696302414,0.003671655897051096,-0.4496581554412842,-3.585156202316284,3.6132447719573975,False
train,0.9241508841514587,0.3055555522441864,0.3068903088569641,0.032381970435380936,0.00366017478518188,-0.4392983615398407,-3.5118844509124756,3.5392534732818604,False
test,0.9245676398277283,0.33095237612724304,0.3053532838821411,0.03218983858823776,0.0036484275478869677,-0.42917510867118835,-3.4397635459899902,3.4664340019226074,False
train,0.9249843955039978,0.38650792837142944,0.3038462996482849,0.032002005726099014,0.0036365101113915443,-0.4192848801612854,-3.3687915802001953,3.3947837352752686,False
train,0.9254011511802673,0.41428571939468384,0.3023691475391388,0.03181827440857887,0.003624476259574294,-0.40962091088294983,-3.298969030380249,3.3243024349212646,False
train,0.9258179068565369,0.3880952298641205,0.3009210228919983,0.03163861483335495,0.003612382337450981,-0.40018022060394287,-3.2302961349487305,3.2549896240234375,False
train,0.9262346029281616,0.2571428716182709,0.29950186610221863,0.0314628966152668,0.0036003044806420803,-0.3909575939178467,-3.162773847579956,3.1868460178375244,False
test,0.9266513586044312,0.2738095223903656,0.29811081290245056,0.031291037797927856,0.003588305087760091,-0.38194748759269714,-3.0963876247406006,3.1198556423187256,False
train,0.9270681142807007,0.2547619044780731,0.2967473268508911,0.03112291730940342,0.003576440503820777,-0.37314480543136597,-3.0311295986175537,3.054011106491089,False
train,0.9274848699569702,0.18015873432159424,0.2954113781452179,0.03095853514969349,0.0035647712647914886,-0.36454692482948303,-2.967000961303711,2.9893124103546143,False
train,0.9279016256332397,0.24047619104385376,0.29410189390182495,0.030797693878412247,0.0035533634945750237,-0.3561474680900574,-2.9039864540100098,2.925743818283081,False
train,0.9283183813095093,0.2023809552192688,0.2928188741207123,0.030640432611107826,0.003542277030646801,-0.3479442596435547,-2.842088460922241,2.8633079528808594,False
test,0.9287351369857788,0.18174603581428528,0.29156169295310974,0.030486581847071648,0.0035315542481839657,-0.3399309515953064,-2.781287431716919,2.8019838333129883,False
train,0.9291518926620483,0.18174603581428528,0.2903299927711487,0.03033607080578804,0.003521271515637636,-0.3321038782596588,-2.7215771675109863,2.741765022277832,False
train,0.9295686483383179,0.1865079402923584,0.2891232967376709,0.030188873410224915,0.0035114665515720844,-0.3244591951370239,-2.662947416305542,2.68264102935791,False
train,0.9299854040145874,0.17698413133621216,0.2879408895969391,0.03004487231373787,0.0035022119991481304,-0.31699255108833313,-2.605384349822998,2.6245975494384766,False
train,0.9304021596908569,0.17301587760448456,0.28678271174430847,0.029903972521424294,0.0034935541916638613,-0.30969947576522827,-2.5488765239715576,2.567622423171997,False
test,0.9308189153671265,0.14047619700431824,0.28564783930778503,0.0297661405056715,0.003485529450699687,-0.3025762438774109,-2.4934096336364746,2.5117013454437256,False
train,0.931235671043396,0.16349206864833832,0.2845362424850464,0.0296312365680933,0.003478212282061577,-0.2956181466579437,-2.438971519470215,2.4568214416503906,False
train,0.9316524267196655,0.170634925365448,0.28344765305519104,0.029499312862753868,0.003471645526587963,-0.28882312774658203,-2.385554552078247,2.402975082397461,False
train,0.9320691823959351,0.22301587462425232,0.2823810577392578,0.029370293021202087,0.0034658629447221756,-0.282186359167099,-2.333134174346924,2.3501369953155518,False
train,0.9324859380722046,0.22857142984867096,0.28133636713027954,0.029243983328342438,0.0034609404392540455,-0.2757035195827484,-2.2817037105560303,2.298300266265869,False
test,0.9329026937484741,0.25,0.2803132236003876,0.029120342805981636,0.0034568964038044214,-0.2693709433078766,-2.231243371963501,2.2474446296691895,False
train,0.9333194494247437,0.20396825671195984,0.27931126952171326,0.028999436646699905,0.003453807672485709,-0.2631864845752716,-2.181749105453491,2.197566032409668,False
train,0.9337362051010132,0.24841269850730896,0.27832990884780884,0.02888110838830471,0.0034517135936766863,-0.2571455240249634,-2.133195400238037,2.1486382484436035,False
train,0.9341529607772827,0.22857142984867096,0.2773686349391937,0.028765298426151276,0.0034506425727158785,-0.25124484300613403,-2.085571527481079,2.1006505489349365,False
train,0.9345697164535522,0.20873016119003296,0.2764275074005127,0.028651924803853035,0.0034506621304899454,-0.24548105895519257,-2.0388646125793457,2.0535895824432373,False
test,0.9349864721298218,0.2611111104488373,0.27550575137138367,0.028541071340441704,0.0034518137108534575,-0.23985160887241364,-1.9930564165115356,2.007436990737915,False
train,0.9354032278060913,0.2809523940086365,0.2746029794216156,0.028432518243789673,0.0034541264176368713,-0.23435217142105103,-1.9481337070465088,1.9621788263320923,False
train,0.9358199834823608,0.2587301731109619,0.27371928095817566,0.02832627110183239,0.003457676386460662,-0.2289799302816391,-1.9040793180465698,1.9177981615066528,False
train,0.9362367391586304,0.2579365074634552,0.27285370230674744,0.028222283348441124,0.0034624794498085976,-0.22373192012310028,-1.8608776330947876,1.8742789030075073,False
train,0.9366534948348999,0.24365079402923584,0.2720063626766205,0.028120506554841995,0.0034686075523495674,-0.21860504150390625,-1.8185162544250488,1.8316084146499634,False
test,0.9370702505111694,0.23174603283405304,0.2711765766143799,0.02802088111639023,0.003476100042462349,-0.2135964035987854,-1.776977777481079,1.789769172668457,False
train,0.937487006187439,0.23571428656578064,0.27036401629447937,0.027923377230763435,0.0034849836956709623,-0.20870348811149597,-1.7362490892410278,1.7487475872039795,False
train,0.9379037022590637,0.2587301731109619,0.26956868171691895,0.027827907353639603,0.00349532556720078,-0.20392389595508575,-1.696323275566101,1.7085367441177368,False
train,0.9383204579353333,0.24761904776096344,0.26878997683525085,0.02773446775972843,0.003507186658680439,-0.19925352931022644,-1.6571694612503052,1.6691052913665771,False
train,0.9387372136116028,0.27142858505249023,0.2680274248123169,0.0276429895311594,0.003520600963383913,-0.19469024240970612,-1.6187771558761597,1.6304428577423096,False
test,0.9391539692878723,0.2666666805744171,0.2672809958457947,0.027553444728255272,0.0035356045700609684,-0.19023200869560242,-1.5811402797698975,1.5925427675247192,False
train,0.9395707249641418,0.2531746029853821,0.2665502727031708,0.027465753257274628,0.003552277572453022,-0.1858755648136139,-1.5442363023757935,1.5553827285766602,False
train,0.9399874806404114,0.25238096714019775,0.2658349573612213,0.027379922568798065,0.0035706658381968737,-0.18161886930465698,-1.5080543756484985,1.518951416015625,False
train,0.9404042363166809,0.2746031880378723,0.2651348114013672,0.027295853942632675,0.0035907996352761984,-0.17745935916900635,-1.472579836845398,1.4832340478897095,False
train,0.9408209919929504,0.2420634925365448,0.2644493579864502,0.0272135678678751,0.0036127690691500902,-0.17339475452899933,-1.4377975463867188,1.4482152462005615,False
test,0.94123774766922,0.2666666805744171,0.26377856731414795,0.027132956311106682,0.003636592999100685,-0.1694229692220688,-1.4036964178085327,1.413883924484253,False
train,0.9416545033454895,0.24523809552192688,0.26312175393104553,0.027054091915488243,0.0036623759660869837,-0.16554152965545654,-1.3702600002288818,1.380223274230957,False
train,0.942071259021759,0.24920634925365448,0.26247918605804443,0.026976795867085457,0.0036901531275361776,-0.16174791753292084,-1.3374744653701782,1.347219467163086,False
train,0.9424880146980286,0.2626984119415283,0.2618500292301178,0.026901142671704292,0.003719969419762492,-0.15804091095924377,-1.3053299188613892,1.3148623704910278,False
train,0.9429047703742981,0.28412699699401855,0.261234313249588,0.02682705968618393,0.0037519289180636406,-0.15441766381263733,-1.2738087177276611,1.2831342220306396,False
test,0.9433215260505676,0.2587301731109619,0.26063206791877747,0.02675452083349228,0.0037860830780118704,-0.1508767306804657,-1.242903232574463,1.252027153968811,False
train,0.9437382817268372,0.3182539641857147,0.2600423991680145,0.026683460921049118,0.0038224682211875916,-0.14741578698158264,-1.212597370147705,1.2215251922607422,False
train,0.9441550374031067,0.3206349313259125,0.2594655752182007,0.02661389671266079,0.0038612119387835264,-0.14403322339057922,-1.1828796863555908,1.1916165351867676,False
train,0.9445717930793762,0.23730158805847168,0.25890108942985535,0.026545731350779533,0.00390234193764627,-0.14072681963443756,-1.1537364721298218,1.1622873544692993,False
train,0.9449885487556458,0.2825396955013275,0.258348673582077,0.02647898532450199,0.003945985343307257,-0.13749507069587708,-1.1251567602157593,1.1335266828536987,False
test,0.9454053044319153,0.2825396955013275,0.2578083574771881,0.026413626968860626,0.003992185927927494,-0.13433623313903809,-1.0971271991729736,1.105320930480957,False
train,0.9458220601081848,0.28730159997940063,0.25727948546409607,0.026349645107984543,0.0040410300716757774,-0.13124871253967285,-1.069639801979065,1.0776619911193848,False
train,0.9462388157844543,0.289682537317276,0.2567620873451233,0.026286916807293892,0.004092616494745016,-0.12823040783405304,-1.0426769256591797,1.050532341003418,False
train,0.9466555714607239,0.2777777910232544,0.256256103515625,0.02622552216053009,0.004147033207118511,-0.12528032064437866,-1.0162330865859985,1.0239262580871582,False
train,0.9470723271369934,0.2865079343318939,0.25576111674308777,0.026165366172790527,0.0042043523862957954,-0.1223963126540184,-0.9902930855751038,0.9978282451629639,False
test,0.9474890828132629,0.2730158865451813,0.2552770674228668,0.026106467470526695,0.004264706280082464,-0.11957759410142899,-0.9648511409759521,0.9722327589988708,False
train,0.9479058384895325,0.2817460298538208,0.2548033595085144,0.026048772037029266,0.004328160546720028,-0.11682213842868805,-0.9398901462554932,0.9471224546432495,False
train,0.948322594165802,0.2817460298538208,0.25434014201164246,0.025992246344685555,0.004394860006868839,-0.11412850022315979,-0.9154021143913269,0.9224892258644104,False
train,0.9487393498420715,0.26349207758903503,0.2538872957229614,0.0259369108825922,0.0044648838229477406,-0.11149579286575317,-0.8913792967796326,0.8983253240585327,False
train,0.9491560459136963,0.28730159997940063,0.25344449281692505,0.025882702320814133,0.004538325127214193,-0.10892259329557419,-0.8678120374679565,0.8746209740638733,False
test,0.9495728015899658,0.2690476179122925,0.2530113756656647,0.02582959085702896,0.004615341313183308,-0.10640721023082733,-0.8446860909461975,0.8513619303703308,False
train,0.9499895572662354,0.21984127163887024,0.2525879144668579,0.025777587667107582,0.0046960460022091866,-0.1039486825466156,-0.8219925165176392,0.8285390734672546,False
train,0.9504063129425049,0.16111111640930176,0.2521740198135376,0.02572663128376007,0.004780575633049011,-0.1015455573797226,-0.7997227311134338,0.8061438798904419,False
train,0.9508230686187744,0.2571428716182709,0.2517692446708679,0.025676755234599113,0.0048689935356378555,-0.09919705986976624,-0.7778680920600891,0.7841675877571106,False
train,0.951239824295044,0.29126983880996704,0.2513737678527832,0.025627871975302696,0.00496151577681303,-0.09690175950527191,-0.7564183473587036,0.7625999450683594,False
test,0.9516565799713135,0.2507936656475067,0.2509870231151581,0.025580013170838356,0.0050582499243319035,-0.09465871751308441,-0.7353649735450745,0.7414323091506958,False
train,0.952073335647583,0.3722222149372101,0.25060907006263733,0.025533130392432213,0.0051592993550002575,-0.09246668219566345,-0.7146992683410645,0.7206560373306274,False
train,0.9524900913238525,0.4555555582046509,0.25023993849754333,0.025487208738923073,0.005264884792268276,-0.09032495319843292,-0.6944144368171692,0.7002642154693604,False
train,0.9529068470001221,0.36349207162857056,0.24987900257110596,0.02544221840798855,0.005375078413635492,-0.08823227882385254,-0.6744992733001709,0.6802456974983215,False
train,0.9533236026763916,0.23492063581943512,0.24952666461467743,0.025398174300789833,0.005490102339535952,-0.08618779480457306,-0.6549469232559204,0.6605935096740723,False
test,0.9537403583526611,0.26825398206710815,0.24918214976787567,0.02535499818623066,0.005610124208033085,-0.0841904878616333,-0.6357483863830566,0.6412987112998962,False
train,0.9541571140289307,0.2706349194049835,0.24884599447250366,0.025312775745987892,0.005735194310545921,-0.08223985135555267,-0.6168986558914185,0.6223562955856323,False
train,0.9545738697052002,0.23333333432674408,0.2485174834728241,0.02527141012251377,0.005865652114152908,-0.08033476769924164,-0.5983875393867493,0.6037560105323792,False
train,0.9549906253814697,0.25,0.2481965571641922,0.025230877101421356,0.006001561414450407,-0.07847416400909424,-0.5802048444747925,0.5854877233505249,False
train,0.9554073810577393,0.2690476179122925,0.24788358807563782,0.025191228836774826,0.006143094040453434,-0.07665790617465973,-0.5623509883880615,0.5675517916679382,False
test,0.9558241367340088,0.27222222089767456,0.24757783114910126,0.02515232376754284,0.006290520075708628,-0.07488438487052917,-0.5448105335235596,0.5499328970909119,False
train,0.9562408924102783,0.25,0.24727918207645416,0.02511429786682129,0.0064439186826348305,-0.07315351068973541,-0.527580201625824,0.5326277017593384,False
train,0.9566576480865479,0.25634920597076416,0.24698801338672638,0.025077056139707565,0.006603584624826908,-0.07146453857421875,-0.510654866695404,0.5156312584877014,False
train,0.9570744037628174,0.26746031641960144,0.24670381844043732,0.025040576234459877,0.00676967017352581,-0.06981660425662994,-0.49402564764022827,0.4989345669746399,False
train,0.9574911594390869,0.2809523940086365,0.2464265674352646,0.025004832074046135,0.006942302454262972,-0.06820876151323318,-0.4776836037635803,0.48252883553504944,False
test,0.9579079151153564,0.2698412835597992,0.24615609645843506,0.02496989257633686,0.007121829316020012,-0.06664111465215683,-0.4616270363330841,0.46641242504119873,False
train,0.958324670791626,0.2690476179122925,0.24589234590530396,0.0249356459826231,0.0073083387687802315,-0.0651123970746994,-0.4458453357219696,0.4505748450756073,False
train,0.9587414264678955,0.261904776096344,0.2456350326538086,0.024902116507291794,0.007502037100493908,-0.06362230330705643,-0.43033474683761597,0.4350124001502991,False
train,0.959158182144165,0.22698412835597992,0.2453843057155609,0.024869339540600777,0.0077032167464494705,-0.062170546501874924,-0.4150906503200531,0.4197206497192383,False
train,0.9595749378204346,0.2658730149269104,0.24514000117778778,0.02483721822500229,0.007911994121968746,-0.06075594574213028,-0.4001026749610901,0.40468931198120117,False
test,0.9599916934967041,0.2531746029853821,0.24490177631378174,0.024805834516882896,0.008128650486469269,-0.05937870219349861,-0.38537031412124634,0.3899180591106415,False
train,0.9604083895683289,0.24444444477558136,0.24466979503631592,0.02477503940463066,0.00835333950817585,-0.05803787335753441,-0.370885968208313,0.37539952993392944,False
train,0.9608251452445984,0.2706349194049835,0.24444371461868286,0.024744953960180283,0.008586333133280277,-0.05673312395811081,-0.3566429615020752,0.36112719774246216,False
train,0.9612419009208679,0.25158730149269104,0.24422383308410645,0.024715514853596687,0.00882779061794281,-0.05546378344297409,-0.3426341712474823,0.34709423780441284,False
train,0.9616586565971375,0.2380952388048172,0.24400947988033295,0.02468668855726719,0.009077973663806915,-0.05422963201999664,-0.32885682582855225,0.3332981765270233,False
test,0.962075412273407,0.2531746029853821,0.24380099773406982,0.02465849556028843,0.00933705922216177,-0.053030312061309814,-0.3153073191642761,0.31973570585250854,False
train,0.9624921679496765,0.24920634925365448,0.24359804391860962,0.024630924686789513,0.009605200961232185,-0.05186517536640167,-0.30197906494140625,0.3064006567001343,False
train,0.962908923625946,0.2222222238779068,0.24340085685253143,0.02460397593677044,0.009882697835564613,-0.050734035670757294,-0.28886646032333374,0.29328787326812744,False
train,0.9633256793022156,0.26428571343421936,0.24320892989635468,0.024577561765909195,0.010169710032641888,-0.04963627830147743,-0.2759639620780945,0.2803923487663269,False
train,0.9637424349784851,0.25158730149269104,0.2430223971605301,0.02455173432826996,0.010466313920915127,-0.04857162758708,-0.26326966285705566,0.2677127718925476,False
test,0.9641591906547546,0.2809523940086365,0.2428411841392517,0.024526525288820267,0.010772841051220894,-0.04753974825143814,-0.2507769465446472,0.2552432417869568,False
train,0.9645759463310242,0.2738095223903656,0.24266527593135834,0.02450190857052803,0.011089367792010307,-0.046540386974811554,-0.2384839802980423,0.24298274517059326,False
train,0.9649927020072937,0.230158731341362,0.24249425530433655,0.024477776139974594,0.011416122317314148,-0.04557276517152786,-0.2263808697462082,0.23092244565486908,False
train,0.9654094576835632,0.15396825969219208,0.24232842028141022,0.024454232305288315,0.011753254570066929,-0.04463702067732811,-0.21447081863880157,0.21906664967536926,False
train,0.9658262133598328,0.06111111119389534,0.2421673685312271,0.024431198835372925,0.012100816704332829,-0.043732400983572006,-0.20274361968040466,0.20740661025047302,False
test,0.9662429690361023,0.003968254197388887,0.24201135337352753,0.024408694356679916,0.012459064833819866,-0.042858779430389404,-0.19119718670845032,0.19594192504882812,False
train,0.9666597247123718,0.16984127461910248,0.24186018109321594,0.024386737495660782,0.01282806508243084,-0.04201570898294449,-0.17982807755470276,0.18467120826244354,False
train,0.9670764803886414,0.15317460894584656,0.24171365797519684,0.024365229532122612,0.013207758776843548,-0.04120265692472458,-0.16863161325454712,0.17359228432178497,False
train,0.9674932360649109,0.06031746044754982,0.24157170951366425,0.02434428595006466,0.013598492369055748,-0.04041961580514908,-0.15760497748851776,0.16270548105239868,False
train,0.9679099917411804,0.02142857201397419,0.24143438041210175,0.02432381920516491,0.01400007400661707,-0.039665836840867996,-0.1467440128326416,0.1520104706287384,False
test,0.96832674741745,0.011111111380159855,0.24130165576934814,0.024303806945681572,0.014412769116461277,-0.03894111514091492,-0.1360434740781784,0.14150702953338623,False
train,0.9687435030937195,0.004761904943734407,0.24117323756217957,0.02428428642451763,0.014836442656815052,-0.03824494034051895,-0.1255011111497879,0.13119910657405853,False
train,0.969160258769989,0.0023809524718672037,0.24104930460453033,0.024265239015221596,0.015271075069904327,-0.037577152252197266,-0.1151159256696701,0.12109383940696716,False
train,0.9695770144462585,0.0833333358168602,0.24092967808246613,0.02424665354192257,0.01571674644947052,-0.036937031894922256,-0.10488094389438629,0.11119513213634491,False
train,0.9699937701225281,0.2658730149269104,0.2408142238855362,0.024228524416685104,0.016173364594578743,-0.03632432222366333,-0.09479489922523499,0.10151615738868713,False
test,0.9704105257987976,0.2785714268684387,0.2407030314207077,0.024210859090089798,0.016640665009617805,-0.03573830425739288,-0.08485303819179535,0.09207206219434738,False
train,0.9708272814750671,0.23492063581943512,0.24059584736824036,0.024193640798330307,0.017118794843554497,-0.035178765654563904,-0.0750533789396286,0.08288881182670593,False
train,0.9712440371513367,0.27222222089767456,0.2404927909374237,0.02417685277760029,0.017607329413294792,-0.03464497625827789,-0.06539332866668701,0.07400379329919815,False
train,0.9716607332229614,0.2857142984867096,0.2403937727212906,0.02416045032441616,0.018106291070580482,-0.03413665294647217,-0.05586947500705719,0.06547296792268753,False
train,0.972077488899231,0.26428571343421936,0.2402985692024231,0.024144483730196953,0.018615523353219032,-0.03365302085876465,-0.046476200222969055,0.057380858808755875,False
test,0.9724942445755005,0.22142857313156128,0.24020758271217346,0.024128995835781097,0.01913464441895485,-0.0331936776638031,-0.03721478581428528,0.049867428839206696,False
train,0.97291100025177,0.29126983880996704,0.24012018740177155,0.024113859981298447,0.019663233309984207,-0.03275766968727112,-0.02807922661304474,0.04314519837498665,False
train,0.9733277559280396,0.22063492238521576,0.24003654718399048,0.024099165573716164,0.020201273262500763,-0.03234482184052467,-0.019069984555244446,0.037547994405031204,False
train,0.9737445116043091,0.2611111104488373,0.23995672166347504,0.024084830656647682,0.02074817754328251,-0.03195405751466751,-0.010180890560150146,0.03353673219680786,False
train,0.9741612672805786,0.2746031880378723,0.23988059163093567,0.02407095953822136,0.021303506568074226,-0.03158491849899292,-0.0014123469591140747,0.03161648288369179,False
test,0.9745780229568481,0.23888888955116272,0.23980799317359924,0.024057380855083466,0.021867021918296814,-0.031236516311764717,0.007240891456604004,0.032064784318208694,False
train,0.9749947786331177,0.22777777910232544,0.23973917961120605,0.02404426410794258,0.02243800461292267,-0.030908124521374702,0.015778958797454834,0.0347028486430645,False
train,0.9754115343093872,0.26746031641960144,0.23967377841472626,0.024031462147831917,0.023016171529889107,-0.030599014833569527,0.024206295609474182,0.03901595249772072,False
train,0.9758282899856567,0.2531746029853821,0.23961158096790314,0.024019060656428337,0.023600788787007332,-0.03030826337635517,0.03252395987510681,0.04445670545101166,False
train,0.9762450456619263,0.22380952537059784,0.23955321311950684,0.024007048457860947,0.02419116348028183,-0.030034920200705528,0.04073399305343628,0.05060982704162598,False
test,0.9766618013381958,0.2769841253757477,0.23949818313121796,0.02399539202451706,0.024786971509456635,-0.02977840043604374,0.04883921146392822,0.05720159038901329,False
train,0.9770785570144653,0.2777777910232544,0.23944658041000366,0.023984063416719437,0.025387275964021683,-0.02953736111521721,0.056842878460884094,0.06405910104513168,False
train,0.9774953126907349,0.27539682388305664,0.23939809203147888,0.023973112925887108,0.025991270318627357,-0.029311032965779305,0.06474517285823822,0.07107090950012207,False
train,0.9779120683670044,0.2706349194049835,0.23935282230377197,0.02396252565085888,0.026598483324050903,-0.029098477214574814,0.07254983484745026,0.07816776633262634,False
train,0.9783288240432739,0.3063492178916931,0.23931090533733368,0.02395225130021572,0.027207957580685616,-0.02889861725270748,0.08025766909122467,0.0853019505739212,False
test,0.9787455797195435,0.28412699699401855,0.2392721027135849,0.023942286148667336,0.02781868726015091,-0.028709962964057922,0.08787399530410767,0.09244512021541595,False
train,0.979162335395813,0.2579365074634552,0.23923653364181519,0.023932727053761482,0.02843012474477291,-0.028532199561595917,0.09539492428302765,0.09957046806812286,False
train,0.9795790910720825,0.3182539641857147,0.23920395970344543,0.023923451080918312,0.029041005298495293,-0.028363604098558426,0.10282626748085022,0.10666646808385849,False
train,0.979995846748352,0.2738095223903656,0.23917454481124878,0.023914499208331108,0.02965082786977291,-0.02820325829088688,0.1101706400513649,0.11372332274913788,False
train,0.9804126024246216,0.29603174328804016,0.2391480803489685,0.023905908688902855,0.03025835007429123,-0.028050106018781662,0.11742641031742096,0.12073015421628952,False
test,0.9808293581008911,0.2738095223903656,0.23912473022937775,0.023897632956504822,0.03086249902844429,-0.027902647852897644,0.12459763139486313,0.12768369913101196,False
train,0.9812461137771606,0.2380952388048172,0.2391042709350586,0.023889634758234024,0.031462591141462326,-0.027759889140725136,0.13168826699256897,0.13458235561847687,False
train,0.9816628694534302,0.3460317552089691,0.23908676207065582,0.023881975561380386,0.03205742686986923,-0.027620691806077957,0.13869543373584747,0.1414189636707306,False
train,0.9820796251296997,0.2380952388048172,0.23907198011875153,0.023874586448073387,0.032645776867866516,-0.027483496814966202,0.14562451839447021,0.148195281624794,False
train,0.9824963808059692,0.28333333134651184,0.23906025290489197,0.02386752888560295,0.03322698175907135,-0.02734738402068615,0.15247640013694763,0.1549094319343567,False
test,0.9829131364822388,0.24682539701461792,0.23905128240585327,0.023860760033130646,0.03379959985613823,-0.027211032807826996,0.15924952924251556,0.16155758500099182,False
train,0.9833298325538635,0.23333333432674408,0.2390451580286026,0.023854324594140053,0.034362804144620895,-0.027073252946138382,0.1659480184316635,0.1681419163942337,False
train,0.9837465882301331,0.21904762089252472,0.23904173076152802,0.023848140612244606,0.034915633499622345,-0.0269327349960804,0.17257505655288696,0.17466402053833008,False
train,0.9841633439064026,0.23968254029750824,0.2390410602092743,0.023842252790927887,0.035456880927085876,-0.026788396760821342,0.17912963032722473,0.1811216175556183,False
train,0.9845800995826721,0.30714285373687744,0.2390429526567459,0.02383667789399624,0.035985369235277176,-0.02663867175579071,0.18561358749866486,0.18751539289951324,False
test,0.9849968552589417,0.2380952388048172,0.23904769122600555,0.023831361904740334,0.03650028631091118,-0.026482723653316498,0.19202998280525208,0.19384747743606567,False
train,0.9854136109352112,0.22063492238521576,0.23905497789382935,0.02382631041109562,0.0370006337761879,-0.026319336146116257,0.1983795166015625,0.2001178115606308,False
train,0.9858303666114807,0.2825396955013275,0.23906484246253967,0.02382158674299717,0.03748504817485809,-0.026147091761231422,0.2046615183353424,0.2063249945640564,False
train,0.9862471222877502,0.28730159997940063,0.23907732963562012,0.02381710149347782,0.037953030318021774,-0.02596520446240902,0.21088005602359772,0.2124725729227066,False
train,0.9866638779640198,0.2658730149269104,0.23909226059913635,0.023812878876924515,0.03840324282646179,-0.025772295892238617,0.21703435480594635,0.21855920553207397,False
test,0.9870806336402893,0.30714285373687744,0.23910987377166748,0.023808937519788742,0.03883511200547218,-0.025567632168531418,0.22312615811824799,0.22458624839782715,False
train,0.9874973893165588,0.30793651938438416,0.23912987112998962,0.023805253207683563,0.039247605949640274,-0.02534995973110199,0.2291589379310608,0.23055680096149445,False
train,0.9879141449928284,0.26349207758903503,0.2391524463891983,0.023801855742931366,0.03963974863290787,-0.025118358433246613,0.2351302057504654,0.23646806180477142,False
train,0.9883309006690979,0.2785714268684387,0.23917759954929352,0.02379869855940342,0.04001100733876228,-0.024871904402971268,0.24104449152946472,0.24232427775859833,False
train,0.9887476563453674,0.2817460298538208,0.23920488357543945,0.023795826360583305,0.040360547602176666,-0.024609852582216263,0.24690023064613342,0.24812369048595428,False
test,0.989164412021637,0.25952380895614624,0.23923465609550476,0.02379317209124565,0.04068751633167267,-0.02433113008737564,0.25270068645477295,0.25386932492256165,False
train,0.9895811676979065,0.2777777910232544,0.23926684260368347,0.02379077486693859,0.04099159687757492,-0.024035314098000526,0.25844690203666687,0.25956210494041443,False
train,0.989997923374176,0.25,0.23930135369300842,0.02378862537443638,0.041271984577178955,-0.02372147887945175,0.2641388177871704,0.2652018368244171,False
train,0.9904146790504456,0.24682539701461792,0.23933836817741394,0.023786772042512894,0.04152814298868179,-0.02338888868689537,0.2697778642177582,0.27078983187675476,False
train,0.9908314347267151,0.25634920597076416,0.23937766253948212,0.023785121738910675,0.041759759187698364,-0.023037288337945938,0.27536556124687195,0.27632755041122437,False
test,0.9912481904029846,0.22460317611694336,0.23941899836063385,0.023783687502145767,0.041966333985328674,-0.02266598492860794,0.28090208768844604,0.2818150818347931,False
train,0.9916649460792542,0.2579365074634552,0.23946285247802734,0.02378254197537899,0.04214761406183243,-0.022274503484368324,0.28638947010040283,0.2872543931007385,False
train,0.9920817017555237,0.2690476179122925,0.23950880765914917,0.023781588301062584,0.04230334609746933,-0.021862665191292763,0.29182830452919006,0.2926460802555084,False
train,0.9924984574317932,0.23650793731212616,0.23955674469470978,0.023780930787324905,0.04243319854140282,-0.021429914981126785,0.29721778631210327,0.2979893386363983,False
train,0.9929152131080627,0.2984127104282379,0.23960720002651215,0.02378045953810215,0.04253721982240677,-0.020976221188902855,0.3025624454021454,0.30328869819641113,False
test,0.9933319687843323,0.23968254029750824,0.23965984582901,0.023780254647135735,0.04261525347828865,-0.020501380786299706,0.30786025524139404,0.3085421323776245,False
train,0.9937487244606018,0.2587301731109619,0.2397146075963974,0.023780276998877525,0.04266732186079025,-0.020005224272608757,0.3131127655506134,0.3137511909008026,False
train,0.9941654801368713,0.2539682686328888,0.23977160453796387,0.023780489340424538,0.042693451046943665,-0.019487762823700905,0.31832295656204224,0.318918913602829,False
train,0.9945821762084961,0.2626984119415283,0.23983050882816315,0.023780953139066696,0.04269393905997276,-0.01894925907254219,0.3234875500202179,0.32404208183288574,False
train,0.9949989318847656,0.2857142984867096,0.23989172279834747,0.023781640455126762,0.04266880080103874,-0.018389403820037842,0.32861238718032837,0.3291265070438385,False
test,0.9954156875610352,0.2706349194049835,0.2399548888206482,0.02378254570066929,0.04261848330497742,-0.017808822914958,0.3336934745311737,0.33416834473609924,False
train,0.9958324432373047,0.2587301731109619,0.24002006649971008,0.023783665150403976,0.04254321753978729,-0.01720750890672207,0.33873438835144043,0.3391711711883545,False
train,0.9962491989135742,0.2222222238779068,0.24008747935295105,0.023785000666975975,0.042443450540304184,-0.016585804522037506,0.3437367081642151,0.34413662552833557,False
train,0.9966659545898438,0.25238096714019775,0.2401568591594696,0.023786582052707672,0.04231949523091316,-0.015943974256515503,0.3486987352371216,0.34906306862831116,False
train,0.9970827102661133,0.05238095298409462,0.240228071808815,0.02378835342824459,0.04217217490077019,-0.015282822772860527,0.35362207889556885,0.35395216941833496,False
test,0.9974994659423828,0.0015873016091063619,0.24030159413814545,0.02379032038152218,0.042001623660326004,-0.01460229977965355,0.3585093319416046,0.3588065803050995,False
train,0.9979162216186523,0.0,0.24037693440914154,0.023792508989572525,0.041808824986219406,-0.01390344649553299,0.36335915327072144,0.36362507939338684,False
train,0.9983329772949219,0.0007936508045531809,0.24045430123806,0.023794909939169884,0.04159420356154442,-0.01318650133907795,0.36817193031311035,0.3684079945087433,False
train,0.9987497329711914,0.0007936508045531809,0.24053367972373962,0.023797547444701195,0.04135854169726372,-0.012452135793864727,0.3729502260684967,0.3731580376625061,False
train,0.9991664886474609,0.0,0.2406148463487625,0.02380034513771534,0.0411025695502758,-0.01170117687433958,0.37769269943237305,0.37787389755249023,False
test,0.9995832443237305,0.0007936508045531809,0.24069784581661224,0.0238033514469862,0.04082702100276947,-0.010934123769402504,0.38240134716033936,0.38255763053894043,False
train,1.0,0.0007936508045531809,0.24078305065631866,0.023806586861610413,0.040532778948545456,-0.010151904076337814,0.3870757818222046,0.38720887899398804,False
