part,t,D_obs,D_pred,I_pred,u_pred,r_I,r_D,R,is_anomaly
train,0.0002083767467411235,0.0,0.0038806272204965353,0.04896993562579155,0.018242832273244858,-0.14690320193767548,-0.47582918405532837,0.4979899227619171,False
train,0.0006251302547752857,0.0,0.0038529972080141306,0.048886772245168686,0.01764919050037861,-0.16495490074157715,-0.47258394956588745,0.5005454421043396,False
train,0.0010418837191537023,0.0,0.003826435888186097,0.04879599064588547,0.017070036381483078,-0.18231266736984253,-0.46929436922073364,0.5034631490707397,False
train,0.0014586371835321188,0.0,0.0038009367417544127,0.04869791492819786,0.016505545005202293,-0.19892698526382446,-0.465968519449234,0.5066543221473694,False
test,0.0018753907643258572,0.0,0.0037764981389045715,0.048592910170555115,0.01595587655901909,-0.21475297212600708,-0.4626149535179138,0.5100308060646057,False
train,0.002292144112288952,0.0,0.003753091674298048,0.04848136007785797,0.01542111486196518,-0.22975105047225952,-0.4592413306236267,0.513505756855011,False
train,0.0027088976930826902,0.0,0.0037307124584913254,0.0483635850250721,0.014901315793395042,-0.2438877820968628,-0.45585548877716064,0.5169966220855713,False
train,0.0031256512738764286,0.0,0.0037093295250087976,0.04823985695838928,0.014396504499018192,-0.25713491439819336,-0.4524637758731842,0.5204246640205383,False
train,0.0035424046218395233,0.0,0.003688924014568329,0.04811069369316101,0.013906648382544518,-0.2694675922393799,-0.4490751624107361,0.5237187147140503,False
test,0.003959157969802618,0.0,0.0036694826558232307,0.04797651618719101,0.01343169342726469,-0.2808699607849121,-0.44569694995880127,0.5268146991729736,False
train,0.004375911783427,0.0,0.0036509688943624496,0.04783759266138077,0.012971533462405205,-0.291325181722641,-0.44233542680740356,0.5296517610549927,False
train,0.004792665131390095,0.0,0.0036333785392344,0.04769441485404968,0.012526054866611958,-0.3008285164833069,-0.4389980733394623,0.532181441783905,False
train,0.0052094184793531895,0.0,0.0036166678182780743,0.04754739999771118,0.012095100246369839,-0.30938002467155457,-0.4356920123100281,0.5343627333641052,False
train,0.0056261722929775715,0.0,0.00360081042163074,0.04739685729146004,0.011678492650389671,-0.31697723269462585,-0.4324226677417755,0.5361566543579102,False
test,0.006042925640940666,0.0,0.003585788421332836,0.04724328592419624,0.011276036500930786,-0.323630154132843,-0.4291970729827881,0.5375375151634216,False
train,0.006459678988903761,0.0,0.003571554785594344,0.04708707705140114,0.010887504555284977,-0.3293515741825104,-0.4260209798812866,0.5384852290153503,False
train,0.006876432802528143,0.0,0.0035580855328589678,0.04692851006984711,0.010512652806937695,-0.3341566324234009,-0.4228990972042084,0.5389845371246338,False
train,0.007293186150491238,0.0,0.003545363899320364,0.04676814749836922,0.010151233524084091,-0.3380660116672516,-0.4198378920555115,0.5390292406082153,False
train,0.007709939498454332,0.0,0.003533336566761136,0.04660626873373985,0.00980297476053238,-0.3411045968532562,-0.4168415367603302,0.5386178493499756,False
test,0.008126692846417427,0.0,0.003521983977407217,0.046443287283182144,0.009467590600252151,-0.3433012068271637,-0.4139145612716675,0.5377554893493652,False
train,0.008543446660041809,0.0,0.003511265851557255,0.046279408037662506,0.009144788607954979,-0.3446865677833557,-0.4110596776008606,0.5364502668380737,False
train,0.008960200473666191,0.0,0.0035011419095098972,0.046115122735500336,0.008834272623062134,-0.3452953100204468,-0.40828147530555725,0.534717321395874,False
train,0.009376953355967999,0.0,0.0034915923606604338,0.045950714498758316,0.008535725995898247,-0.3451627790927887,-0.40558263659477234,0.5325735807418823,False
train,0.00979370716959238,0.0,0.0034825773909687996,0.04578639939427376,0.008248849771916866,-0.34433048963546753,-0.4029647707939148,0.5300416350364685,False
test,0.010210460051894188,0.0,0.0034740655682981014,0.04562259465456009,0.007973309606313705,-0.3428386449813843,-0.4004307687282562,0.5271462202072144,False
train,0.01062721386551857,0.0,0.003466009860858321,0.04545953869819641,0.007708798628300428,-0.3407304584980011,-0.397981733083725,0.5239148139953613,False
train,0.011043967679142952,0.0,0.003458393970504403,0.045297425240278244,0.007455002516508102,-0.33805060386657715,-0.39561793208122253,0.5203765630722046,False
train,0.01146072056144476,0.0,0.0034511846024543047,0.04513649642467499,0.007211590651422739,-0.3348437547683716,-0.3933398425579071,0.516562283039093,False
train,0.011877474375069141,0.0,0.0034443391487002373,0.044977009296417236,0.006978250574320555,-0.3311568796634674,-0.391147255897522,0.5125046968460083,False
test,0.012294228188693523,0.0,0.003437842708081007,0.0448191836476326,0.006754668895155191,-0.32703471183776855,-0.3890398144721985,0.5082358717918396,False
train,0.01271098107099533,0.0,0.0034316477831453085,0.044663093984127045,0.006540530826896429,-0.3225247859954834,-0.3870154023170471,0.5037887692451477,False
train,0.013127734884619713,0.0,0.0034257443621754646,0.04450901597738266,0.006335528567433357,-0.3176730275154114,-0.38507288694381714,0.4991966187953949,False
train,0.013544488698244095,0.0,0.0034200919326394796,0.04435697942972183,0.006139357574284077,-0.31252503395080566,-0.3832094073295593,0.49449101090431213,False
train,0.013961241580545902,0.0,0.0034146765246987343,0.0442071296274662,0.005951726343482733,-0.30712634325027466,-0.38142234086990356,0.48970359563827515,False
test,0.014377995394170284,0.0,0.0034094660077244043,0.044059574604034424,0.005772331729531288,-0.30151981115341187,-0.37970849871635437,0.48486360907554626,False
train,0.014794749207794666,0.0,0.0034044384956359863,0.043914373964071274,0.0056008994579315186,-0.29574960470199585,-0.37806445360183716,0.4800005853176117,False
train,0.015211502090096474,0.0,0.003399580018594861,0.0437716506421566,0.005437144078314304,-0.2898557484149933,-0.3764863908290863,0.47514036297798157,False
train,0.015628255903720856,0.0,0.003394870785996318,0.04363144189119339,0.005280795972794294,-0.2838805913925171,-0.37497034668922424,0.47030943632125854,False
train,0.016045009717345238,0.0,0.0033902940340340137,0.043493710458278656,0.005131589248776436,-0.27786076068878174,-0.3735109865665436,0.46552878618240356,False
test,0.01646176353096962,0.0,0.0033858329989016056,0.043358489871025085,0.004989268723875284,-0.2718319296836853,-0.3721039295196533,0.4608187675476074,False
train,0.016878515481948853,0.0,0.0033814823254942894,0.0432257242500782,0.004853588528931141,-0.26583006978034973,-0.37074366211891174,0.4561978578567505,False
train,0.017295269295573235,0.0,0.0033772289752960205,0.04309558868408203,0.004724300932139158,-0.2598879039287567,-0.36942678689956665,0.45168337225914,False
train,0.017712023109197617,0.0,0.0033730659633874893,0.042967863380908966,0.004601180553436279,-0.2540339529514313,-0.3681464195251465,0.44728630781173706,False
train,0.018128776922822,0.0,0.0033689821138978004,0.04284259304404259,0.004483998287469149,-0.24829795956611633,-0.3668980896472931,0.4430192708969116,False
test,0.01854553073644638,0.0,0.00336497207172215,0.042719751596450806,0.0043725427240133286,-0.24270480871200562,-0.3656766712665558,0.4388906955718994,False
train,0.018962284550070763,0.0,0.0033610446844249964,0.04259907081723213,0.004266601987183094,-0.23727697134017944,-0.3644753694534302,0.43490535020828247,False
train,0.019379036501049995,0.0,0.0033571927342563868,0.042480744421482086,0.004165977239608765,-0.23203638195991516,-0.3632911145687103,0.4310699701309204,False
train,0.019795790314674377,0.0,0.0033534264657646418,0.042364560067653656,0.004070479888468981,-0.22700312733650208,-0.3621179759502411,0.4273872375488281,False
train,0.02021254412829876,0.0,0.0033497409895062447,0.04225050285458565,0.003979922737926245,-0.22219128906726837,-0.36095136404037476,0.4238571226596832,False
test,0.02062929794192314,0.0,0.00334614678286016,0.04213838279247284,0.0038941344246268272,-0.2176174819469452,-0.3597860336303711,0.4204798936843872,False
train,0.021046051755547523,0.0,0.0033426459413021803,0.04202808812260628,0.0038129473105072975,-0.21329180896282196,-0.35861727595329285,0.4172526001930237,False
train,0.021462805569171906,0.0,0.003339251969009638,0.04191964492201805,0.0037361979484558105,-0.20922452211380005,-0.35744205117225647,0.41417354345321655,False
train,0.02187955752015114,0.0,0.0033359662629663944,0.04181281849741936,0.0036637375596910715,-0.20542271435260773,-0.35625532269477844,0.41123756766319275,False
train,0.02229631133377552,0.0,0.0033328011631965637,0.04170758277177811,0.0035954241175204515,-0.20189236104488373,-0.3550541400909424,0.40844088792800903,False
test,0.022713065147399902,0.0,0.0033297832123935223,0.041603751480579376,0.003531113965436816,-0.19863781332969666,-0.3538346290588379,0.405778169631958,False
train,0.023129818961024284,0.0,0.0033269233535975218,0.04150122404098511,0.00347068696282804,-0.1956605613231659,-0.35259386897087097,0.4032437205314636,False
train,0.023546572774648666,0.0,0.0033242194913327694,0.041399989277124405,0.0034140150528401136,-0.1929599642753601,-0.3513301610946655,0.4008321762084961,False
train,0.02396332658827305,0.0,0.0033216914162039757,0.04129980877041817,0.003360982518643141,-0.19053493440151215,-0.35004016757011414,0.39853692054748535,False
train,0.02438007853925228,0.0,0.003319357056170702,0.041200585663318634,0.0033114859834313393,-0.1883809119462967,-0.3487221300601959,0.39635148644447327,False
test,0.024796832352876663,0.0,0.0033172322437167168,0.04110228270292282,0.003265417879447341,-0.18649443984031677,-0.3473752737045288,0.3942711651325226,False
train,0.025213586166501045,0.0,0.0033153281547129154,0.04100470617413521,0.0032226883340626955,-0.1848689764738083,-0.3459976315498352,0.39228931069374084,False
train,0.025630339980125427,0.0,0.003313671564683318,0.0409078374505043,0.003183206310495734,-0.1834968477487564,-0.34458935260772705,0.3904009759426117,False
train,0.02604709379374981,0.0,0.0033122601453214884,0.04081149771809578,0.003146890550851822,-0.1823698878288269,-0.3431493043899536,0.38860031962394714,False
train,0.026463845744729042,0.0,0.0033111232332885265,0.04071561247110367,0.003113663289695978,-0.18147945404052734,-0.3416779041290283,0.3868831694126129,False
test,0.026880599558353424,0.0,0.0033102547749876976,0.040620122104883194,0.0030834567733108997,-0.1808130145072937,-0.340175598859787,0.38524380326271057,False
train,0.027297353371977806,0.0,0.0033096985425800085,0.04052489250898361,0.003056206041947007,-0.18036067485809326,-0.338642954826355,0.38367828726768494,False
train,0.027714107185602188,0.0,0.0033094449900090694,0.04042975604534149,0.00303185498341918,-0.1801099330186844,-0.33708032965660095,0.3821815550327301,False
train,0.02813086099922657,0.0,0.0033095143735408783,0.04033481702208519,0.003010348416864872,-0.18004941940307617,-0.33549070358276367,0.3807516396045685,False
train,0.028547614812850952,0.0,0.0033099129796028137,0.04023987427353859,0.0029916404746472836,-0.1801653802394867,-0.3338748514652252,0.3793836832046509,False
test,0.028964366763830185,0.0,0.0033106585033237934,0.0401449091732502,0.00297569134272635,-0.18044394254684448,-0.3322348892688751,0.37807413935661316,False
train,0.029381120577454567,0.0,0.0033117460552603006,0.040049850940704346,0.002962463768199086,-0.18087324500083923,-0.330573707818985,0.37682104110717773,False
train,0.02979787439107895,0.0,0.003313202876597643,0.03995461389422417,0.0029519260860979557,-0.18143707513809204,-0.3288932144641876,0.37561967968940735,False
train,0.03021462820470333,0.0,0.0033150252420455217,0.03985912725329399,0.002944057108834386,-0.18212221562862396,-0.327196329832077,0.37446755170822144,False
train,0.030631382018327713,0.0,0.0033172164112329483,0.039763420820236206,0.0029388347174972296,-0.18291565775871277,-0.32548677921295166,0.37336280941963196,False
test,0.031048135831952095,0.0,0.0033197912853211164,0.03966743126511574,0.0029362428467720747,-0.18380287289619446,-0.3237675130367279,0.37230217456817627,False
train,0.03146488964557648,0.0,0.0033227272797375917,0.03957108035683632,0.0029362752102315426,-0.18476949632167816,-0.3220420181751251,0.3712826669216156,False
train,0.03188164159655571,0.0,0.0033260430209338665,0.03947436437010765,0.0029389255214482546,-0.18580202758312225,-0.320313960313797,0.3703018128871918,False
train,0.03229839727282524,0.0,0.0033297420013695955,0.03937726467847824,0.0029441933147609234,-0.18688639998435974,-0.31858736276626587,0.36935678124427795,False
train,0.032715149223804474,0.0,0.0033338055945932865,0.03927971050143242,0.0029520865064114332,-0.18800976872444153,-0.316865473985672,0.368444561958313,False
test,0.03313190117478371,0.0,0.0033382379915565252,0.039181776344776154,0.002962614642456174,-0.18915964663028717,-0.31515347957611084,0.36756372451782227,False
train,0.03354865685105324,0.0,0.003343034302815795,0.03908342868089676,0.0029757919255644083,-0.19032275676727295,-0.31345492601394653,0.36671069264411926,False
train,0.03396540880203247,0.0,0.0033481833525002003,0.03898462653160095,0.0029916404746472836,-0.19148686528205872,-0.3117738962173462,0.3658827543258667,False
train,0.034382164478302,0.0,0.003353669075295329,0.038885436952114105,0.003010186366736889,-0.19264061748981476,-0.310115247964859,0.3650779128074646,False
train,0.034798916429281235,0.0,0.003359488444402814,0.038785818964242935,0.00303145800717175,-0.1937732994556427,-0.30848246812820435,0.3642931878566742,False
test,0.03521566838026047,0.0,0.0033656335435807705,0.03868578374385834,0.003055491717532277,-0.1948714554309845,-0.3068801760673523,0.363524854183197,False
train,0.03563242405653,0.0,0.003372077364474535,0.038585372269153595,0.0030823294073343277,-0.19592759013175964,-0.3053126335144043,0.3627718687057495,False
train,0.03604917600750923,0.0,0.003378803376108408,0.0384846106171608,0.0031120136845856905,-0.1969306766986847,-0.30378392338752747,0.36203089356422424,False
train,0.03646593168377876,0.0,0.003385786199942231,0.03838348016142845,0.0031445976346731186,-0.19787119328975677,-0.3022977113723755,0.36129891872406006,False
train,0.036882683634757996,0.0,0.0033930290956050158,0.038282014429569244,0.003180132945999503,-0.1987406313419342,-0.3008579611778259,0.3605736494064331,False
test,0.03729943558573723,0.0,0.0034004978369921446,0.03818032518029213,0.0032186834141612053,-0.19953110814094543,-0.2994692623615265,0.35985344648361206,False
train,0.03771619126200676,0.0,0.003408161224797368,0.038078393787145615,0.003260313533246517,-0.20023378729820251,-0.29813477396965027,0.3591349720954895,False
train,0.03813294321298599,0.0,0.003416006453335285,0.03797624632716179,0.003305091755464673,-0.2008429765701294,-0.2968575358390808,0.3584163784980774,False
train,0.038549698889255524,0.0,0.003424012800678611,0.03787394240498543,0.0033530958462506533,-0.20135115087032318,-0.29564130306243896,0.35769549012184143,False
train,0.038966450840234756,0.0,0.0034321395214647055,0.03777152672410011,0.0034044075291603804,-0.20175224542617798,-0.2944889962673187,0.3569701910018921,False
test,0.03938320651650429,0.0,0.0034403589088469744,0.037668999284505844,0.003459107130765915,-0.20204108953475952,-0.2934029996395111,0.35623857378959656,False
train,0.03979995846748352,0.0,0.003448647214099765,0.037566546350717545,0.003517291508615017,-0.20221155881881714,-0.29238682985305786,0.3554990291595459,False
train,0.04021671041846275,0.0,0.0034569886047393084,0.037464041262865067,0.003579049604013562,-0.20226022601127625,-0.29144126176834106,0.35474950075149536,False
train,0.040633466094732285,0.0,0.0034653383772820234,0.03736165165901184,0.0036444913130253553,-0.20218265056610107,-0.2905691862106323,0.3539890944957733,False
train,0.04105021804571152,0.0,0.003473663702607155,0.03725939244031906,0.003713715821504593,-0.20197492837905884,-0.28977200388908386,0.3532162010669708,False
test,0.04146697372198105,0.0,0.0034819410648196936,0.037157319486141205,0.003786834655329585,-0.20163409411907196,-0.2890505790710449,0.35242947936058044,False
train,0.04188372567296028,0.0,0.0034901334438472986,0.037055522203445435,0.003863969352096319,-0.201158344745636,-0.2884063720703125,0.35162895917892456,False
train,0.042300477623939514,0.0,0.0034982182551175356,0.036953993141651154,0.00394523236900568,-0.20054498314857483,-0.28783929347991943,0.35081297159194946,False
train,0.042717233300209045,0.0,0.003506163600832224,0.036852918565273285,0.004030754789710045,-0.1997928023338318,-0.2873504161834717,0.34998202323913574,False
train,0.04313398525118828,0.0,0.0035139245446771383,0.03675227612257004,0.004120666533708572,-0.19889989495277405,-0.28693896532058716,0.3491348326206207,False
test,0.04355074092745781,0.0,0.0035214759409427643,0.03665204346179962,0.004215101711452007,-0.19786658883094788,-0.2866036593914032,0.3482712209224701,False
train,0.04396749287843704,0.0,0.0035288070794194937,0.036552444100379944,0.004314199555665255,-0.19669224321842194,-0.2863445580005646,0.3473917841911316,False
train,0.044384248554706573,0.0,0.003535877214744687,0.03645339608192444,0.004418104887008667,-0.19537705183029175,-0.2861590087413788,0.3464955687522888,False
train,0.044801000505685806,0.0,0.003542643040418625,0.036355067044496536,0.004526965320110321,-0.19392365217208862,-0.2860463261604309,0.34558483958244324,False
train,0.04521775245666504,0.0,0.0035491003654897213,0.03625744953751564,0.004640932194888592,-0.1923309862613678,-0.2860032320022583,0.34465786814689636,False
test,0.04563450813293457,0.0,0.0035552075132727623,0.03616061061620712,0.004760160576552153,-0.19060344994068146,-0.2860274016857147,0.34371697902679443,False
train,0.0460512600839138,0.0,0.0035609472543001175,0.03606465086340904,0.004884812515228987,-0.18874165415763855,-0.2861160635948181,0.3427620530128479,False
train,0.046468015760183334,0.0,0.003566295374184847,0.0359695702791214,0.005015044938772917,-0.1867499053478241,-0.28626519441604614,0.3417942225933075,False
train,0.04688476771116257,0.0,0.003571238601580262,0.03587551787495613,0.005151023622602224,-0.18463225662708282,-0.28647157549858093,0.3408152461051941,False
train,0.0473015196621418,0.0,0.0035757445730268955,0.03578237071633339,0.005292917601764202,-0.18239223957061768,-0.2867296636104584,0.33982470631599426,False
test,0.04771827533841133,0.0,0.0035798042081296444,0.03569035604596138,0.005440900102257729,-0.18003502488136292,-0.287036269903183,0.3388250768184662,False
train,0.048135027289390564,0.0,0.0035833963192999363,0.035599444061517715,0.0055951280519366264,-0.17756767570972443,-0.2873859405517578,0.3378179371356964,False
train,0.048551782965660095,0.0,0.0035865174140781164,0.035509683191776276,0.005755781661719084,-0.17499373853206635,-0.2877729535102844,0.33680272102355957,False
train,0.04896853491663933,0.0,0.0035891523584723473,0.035421133041381836,0.005923024378716946,-0.1723225712776184,-0.2881925404071808,0.3357826769351959,False
train,0.04938528686761856,0.0,0.0035912918392568827,0.03533390164375305,0.006097033619880676,-0.1695604920387268,-0.28863945603370667,0.3347588777542114,False
test,0.04980204254388809,0.0,0.003592941677197814,0.03524789586663246,0.0062779770232737064,-0.16671615839004517,-0.2891063392162323,0.3337315618991852,False
train,0.050218794494867325,0.0,0.003594082547351718,0.035163234919309616,0.0064660185016691685,-0.1637972593307495,-0.289588063955307,0.33270224928855896,False
train,0.050635550171136856,0.0,0.003594730980694294,0.035079892724752426,0.006661322433501482,-0.16081462800502777,-0.2900777757167816,0.33167222142219543,False
train,0.05105230212211609,0.0,0.003594879759475589,0.03499794378876686,0.00686405086889863,-0.15777599811553955,-0.2905696928501129,0.33064180612564087,False
train,0.05146905779838562,0.0,0.0035945274867117405,0.03491741046309471,0.007074359338730574,-0.15469428896903992,-0.29105719923973083,0.3296128213405609,False
test,0.05188580974936485,0.0,0.0035937062930315733,0.034838318824768066,0.007292390335351229,-0.15157923102378845,-0.2915343940258026,0.3285857141017914,False
train,0.052302561700344086,0.0,0.0035924098920077085,0.03476065397262573,0.00751830218359828,-0.14844289422035217,-0.29199448227882385,0.32756078243255615,False
train,0.05271931737661362,0.0,0.003590649226680398,0.03468441218137741,0.007752219680696726,-0.14529579877853394,-0.2924309968948364,0.32653751969337463,False
train,0.05313606932759285,0.0,0.0035884638782590628,0.034609660506248474,0.007994267158210278,-0.14215195178985596,-0.2928387224674225,0.32551759481430054,False
train,0.05355282500386238,0.0,0.0035858377814292908,0.034536298364400864,0.008244573138654232,-0.13902221620082855,-0.29321083426475525,0.324499249458313,False
test,0.053969576954841614,0.0,0.003582823323085904,0.034464407712221146,0.008503219112753868,-0.1359187513589859,-0.29354241490364075,0.3234826922416687,False
train,0.05438632890582085,0.0,0.00357942096889019,0.03439396247267723,0.008770319633185863,-0.1328565776348114,-0.2938280701637268,0.3224683105945587,False
train,0.05480308458209038,0.0,0.003575669601559639,0.03432496637105942,0.009045948274433613,-0.1298469603061676,-0.2940627634525299,0.3214547336101532,False
train,0.05521983653306961,0.0,0.003571593901142478,0.03425726667046547,0.00933015812188387,-0.1269020438194275,-0.2942407727241516,0.3204399347305298,False
train,0.05563659220933914,0.0,0.0035672292578965425,0.03419100120663643,0.009622999466955662,-0.12403661012649536,-0.2943592667579651,0.31942519545555115,False
test,0.056053344160318375,0.0,0.003562590107321739,0.03412603586912155,0.009924501180648804,-0.12126090377569199,-0.2944135069847107,0.3184077739715576,False
train,0.05647009611129761,0.0,0.003557721385732293,0.034062422811985016,0.010234663262963295,-0.1185869500041008,-0.29440078139305115,0.31738728284835815,False
train,0.05688685178756714,0.0,0.0035526531282812357,0.03399999439716339,0.01055347640067339,-0.11602750420570374,-0.2943171560764313,0.31636208295822144,False
train,0.05730360373854637,0.0,0.0035474319010972977,0.03393882140517235,0.010880902409553528,-0.11359354853630066,-0.29416128993034363,0.3153321444988251,False
train,0.0577203594148159,0.0,0.0035420628264546394,0.033878814429044724,0.01121688075363636,-0.11129382252693176,-0.2939305603504181,0.31429523229599,False
test,0.058137111365795135,0.0,0.003536611096933484,0.033819906413555145,0.011561322957277298,-0.10914002358913422,-0.29362377524375916,0.31325143575668335,False
train,0.05855386704206467,0.0,0.0035310988314449787,0.033762022852897644,0.011914115399122238,-0.10713893175125122,-0.2932400107383728,0.3121993839740753,False
train,0.0589706189930439,0.0,0.0035255616530776024,0.033705081790685654,0.01227511651813984,-0.1052989661693573,-0.29277825355529785,0.31113821268081665,False
train,0.05938737094402313,0.0,0.003520041471347213,0.03364912420511246,0.012644147500395775,-0.10362881422042847,-0.292239785194397,0.31006938219070435,False
train,0.059804126620292664,0.0,0.0035145750734955072,0.03359396383166313,0.013021017424762249,-0.1021314188838005,-0.29162415862083435,0.30899107456207275,False
test,0.060220878571271896,0.0,0.003509168978780508,0.033539608120918274,0.013405488803982735,-0.10081283003091812,-0.29093310236930847,0.3079046905040741,False
train,0.06063763424754143,0.0,0.0035039030481129885,0.033485930413007736,0.01379728689789772,-0.09967634081840515,-0.29016777873039246,0.30681055784225464,False
train,0.06105438619852066,0.0,0.0034987744875252247,0.03343289718031883,0.014196112751960754,-0.09872491657733917,-0.28933027386665344,0.3057100176811218,False
train,0.06147113814949989,0.0,0.003493830095976591,0.03338040038943291,0.014601626433432102,-0.09795881807804108,-0.2884228527545929,0.30460411310195923,False
train,0.061887893825769424,0.0,0.0034891001414507627,0.03332836553454399,0.015013477765023708,-0.09737788140773773,-0.2874482274055481,0.30349454283714294,False
test,0.06230464577674866,0.0,0.003484603948891163,0.0332767479121685,0.015431232750415802,-0.0969817265868187,-0.2864096164703369,0.30238375067710876,False
train,0.06272140145301819,0.0,0.0034803799353539944,0.03322547674179077,0.015854474157094955,-0.09676788747310638,-0.2853105962276459,0.30127424001693726,False
train,0.06313815712928772,0.0,0.0034764492884278297,0.033174507319927216,0.01628270372748375,-0.09673156589269638,-0.28415486216545105,0.3001682460308075,False
train,0.06355490535497665,0.0,0.003472825512290001,0.03312365338206291,0.01671542413532734,-0.09686990827322006,-0.2829456031322479,0.29906854033470154,False
train,0.06397166103124619,0.0,0.003469545627012849,0.03307294473052025,0.017152082175016403,-0.09717482328414917,-0.28168752789497375,0.29797786474227905,False
test,0.06438841670751572,0.0,0.003466623602434993,0.03302227333188057,0.01759209856390953,-0.09764134138822556,-0.2803846597671509,0.29689961671829224,False
train,0.06480516493320465,0.0,0.003464080160483718,0.03297159820795059,0.01803485117852688,-0.09826149791479111,-0.2790416181087494,0.29583701491355896,False
train,0.06522192060947418,0.0,0.003461917396634817,0.032920848578214645,0.018479693681001663,-0.09902734309434891,-0.2776627838611603,0.2947932183742523,False
train,0.06563867628574371,0.0,0.0034601660445332527,0.03286989405751228,0.018925953656435013,-0.09993012249469757,-0.27625203132629395,0.2937706708908081,False
train,0.06605542451143265,0.0,0.003458820516243577,0.03281880170106888,0.019372902810573578,-0.10095994919538498,-0.27481508255004883,0.29277336597442627,False
test,0.06647218018770218,0.0,0.0034579019993543625,0.032767534255981445,0.01981983333826065,-0.10210750997066498,-0.27335646748542786,0.2918042242527008,False
train,0.06688893586397171,0.0,0.0034574198070913553,0.03271585330367088,0.020265955477952957,-0.10336190462112427,-0.27187928557395935,0.2908642888069153,False
train,0.06730569154024124,0.0,0.003457368817180395,0.03266390413045883,0.02071048505604267,-0.1047133281826973,-0.2703896462917328,0.2899576425552368,False
train,0.06772243976593018,0.0,0.003457760438323021,0.03261159360408783,0.021152600646018982,-0.1061512753367424,-0.2688916027545929,0.28908613324165344,False
train,0.06813919544219971,0.0,0.003458581864833832,0.032558903098106384,0.02159150317311287,-0.10766494274139404,-0.2673895061016083,0.28825142979621887,False
test,0.06855595111846924,0.0,0.0034598498605191708,0.03250572085380554,0.022026337683200836,-0.10924447327852249,-0.2658868730068207,0.28745466470718384,False
train,0.06897269934415817,0.0,0.0034615497570484877,0.03245210275053978,0.022456228733062744,-0.11087934672832489,-0.2643887400627136,0.2866978049278259,False
train,0.0693894550204277,0.0,0.0034636761993169785,0.03239800035953522,0.022880343720316887,-0.11255892366170883,-0.2628987729549408,0.2859812378883362,False
train,0.06980621069669724,0.0,0.0034662375692278147,0.03234338387846947,0.023297784850001335,-0.11427585035562515,-0.2614206373691559,0.2853063642978668,False
train,0.07022296637296677,0.0,0.0034692087210714817,0.03228827938437462,0.023707691580057144,-0.11601968109607697,-0.2599585950374603,0.2846735715866089,False
test,0.0706397145986557,0.0,0.00347259733825922,0.0322326198220253,0.02410917542874813,-0.11778213083744049,-0.25851553678512573,0.2840825915336609,False
train,0.07105647027492523,0.0,0.003476376412436366,0.03217640146613121,0.024501396343111992,-0.1195545569062233,-0.2570948600769043,0.28353315591812134,False
train,0.07147322595119476,0.0,0.003480540821328759,0.03211962431669235,0.02488347329199314,-0.1213296502828598,-0.2556997239589691,0.2830251455307007,False
train,0.0718899741768837,0.0,0.0034850717056542635,0.03206229582428932,0.02525455690920353,-0.12310013175010681,-0.25433340668678284,0.2825581729412079,False
train,0.07230672985315323,0.0,0.003489965805783868,0.032004471868276596,0.02561383880674839,-0.12486085295677185,-0.252998948097229,0.28213241696357727,False
test,0.07272348552942276,0.0,0.00349519238807261,0.03194606304168701,0.02596050314605236,-0.12660281360149384,-0.2516983449459076,0.28174513578414917,False
train,0.07314024120569229,0.0,0.003500758670270443,0.03188711404800415,0.02629375271499157,-0.12832245230674744,-0.2504342198371887,0.28139641880989075,False
train,0.07355698943138123,0.0,0.003506614128127694,0.031827595084905624,0.026612861081957817,-0.1300140768289566,-0.24920862913131714,0.28108468651771545,False
train,0.07397374510765076,0.0,0.003512753639370203,0.03176754713058472,0.02691708132624626,-0.13167068362236023,-0.24802382290363312,0.2808077335357666,False
train,0.07439050078392029,0.0,0.0035191718488931656,0.03170701488852501,0.027205729857087135,-0.13329064846038818,-0.2468818724155426,0.2805655896663666,False
test,0.07480724900960922,0.0,0.0035258352290838957,0.03164591267704964,0.02747817151248455,-0.13486674427986145,-0.2457837164402008,0.2803545594215393,False
train,0.07522400468587875,0.0,0.003532723058015108,0.03158431500196457,0.027733786031603813,-0.13639557361602783,-0.24473123252391815,0.2801733911037445,False
train,0.07564076036214828,0.0,0.0035398195032030344,0.03152221441268921,0.027972020208835602,-0.13787132501602173,-0.2437254935503006,0.28001895546913147,False
train,0.07605750858783722,0.0,0.0035470856819301844,0.031459685415029526,0.028192367404699326,-0.13929206132888794,-0.24276819825172424,0.2798904776573181,False
train,0.07647426426410675,0.0,0.003554542548954487,0.03139663115143776,0.02839435450732708,-0.14065103232860565,-0.24185892939567566,0.27978286147117615,False
test,0.07689101994037628,0.0,0.0035621151328086853,0.03133322671055794,0.028577575460076332,-0.14194399118423462,-0.24100011587142944,0.27969473600387573,False
train,0.07730777561664581,0.0,0.003569809254258871,0.03126930817961693,0.028741678223013878,-0.14316648244857788,-0.24019044637680054,0.27962133288383484,False
train,0.07772452384233475,0.0,0.0035775983706116676,0.031205082312226295,0.028886349871754646,-0.14431361854076385,-0.23943179845809937,0.279560387134552,False
train,0.07814127951860428,0.0,0.0035854605957865715,0.03114042989909649,0.02901138924062252,-0.1453797072172165,-0.23872306942939758,0.279506653547287,False
train,0.07855803519487381,0.0,0.0035933780018240213,0.031075408682227135,0.029116565361618996,-0.14635950326919556,-0.2380644977092743,0.2794562876224518,False
test,0.07897478342056274,0.0,0.003601321019232273,0.031010136008262634,0.029201781377196312,-0.14724671840667725,-0.23745664954185486,0.2794051766395569,False
train,0.07939153909683228,0.0,0.003609261242672801,0.030944565311074257,0.02926696091890335,-0.1480361819267273,-0.2368985116481781,0.27934855222702026,False
train,0.0798082947731018,0.0,0.003617210080847144,0.030878756195306778,0.029312126338481903,-0.1487213522195816,-0.2363893836736679,0.2792811989784241,False
train,0.08022505044937134,0.0,0.0036250955890864134,0.030812673270702362,0.02933729626238346,-0.149295374751091,-0.23592865467071533,0.2791978418827057,False
train,0.08064179867506027,0.0,0.003632941050454974,0.03074646182358265,0.029342612251639366,-0.1497536301612854,-0.23551569879055023,0.2790946066379547,False
test,0.0810585543513298,0.0,0.003640706418082118,0.030680090188980103,0.029328206554055214,-0.15008795261383057,-0.2351492941379547,0.27896520495414734,False
train,0.08147531002759933,0.0,0.003648375393822789,0.03061363473534584,0.029294343665242195,-0.15029214322566986,-0.234828382730484,0.2788047790527344,False
train,0.08189205825328827,0.0,0.003655916079878807,0.030547168105840683,0.029241280630230904,-0.1503627747297287,-0.23455220460891724,0.27861031889915466,False
train,0.0823088139295578,0.0,0.0036633277777582407,0.030480697751045227,0.02916937693953514,-0.1502918004989624,-0.23431889712810516,0.2783755958080292,False
train,0.08272556960582733,0.0,0.003670593723654747,0.030414290726184845,0.029078971594572067,-0.15007349848747253,-0.23412707448005676,0.2780962884426117,False
test,0.08314231783151627,0.0,0.0036776831839233637,0.030347997322678566,0.02897053211927414,-0.14970454573631287,-0.2339753359556198,0.277769535779953,False
train,0.0835590735077858,0.0,0.0036845984868705273,0.03028186596930027,0.028844507411122322,-0.14918065071105957,-0.233862042427063,0.2773919999599457,False
train,0.08397582918405533,0.0,0.003691314486786723,0.030215956270694733,0.02870144508779049,-0.148497074842453,-0.23378564417362213,0.27696049213409424,False
train,0.08439258486032486,0.0,0.003697815351188183,0.030150361359119415,0.028541864827275276,-0.14765329658985138,-0.23374471068382263,0.27647438645362854,False
train,0.0848093330860138,0.0,0.0037040950264781713,0.030085118487477303,0.02836640179157257,-0.14664557576179504,-0.23373742401599884,0.27593135833740234,False
test,0.08522608876228333,0.0,0.0037101292982697487,0.03002029098570347,0.028175635263323784,-0.1454736441373825,-0.23376226425170898,0.27533140778541565,False
train,0.08564284443855286,0.0,0.003715915372595191,0.029955938458442688,0.02797025814652443,-0.14413878321647644,-0.23381735384464264,0.2746753394603729,False
train,0.08605959266424179,0.0,0.0037214444018900394,0.02989208698272705,0.027750926092267036,-0.1426423192024231,-0.23390088975429535,0.2739643454551697,False
train,0.08647634834051132,0.0,0.0037267052102833986,0.02982884831726551,0.027518346905708313,-0.14098569750785828,-0.23401159048080444,0.27320027351379395,False
train,0.08689310401678085,0.0,0.0037316945381462574,0.02976628951728344,0.027273263782262802,-0.13917577266693115,-0.23414823412895203,0.27238813042640686,False
test,0.08730985969305038,0.0,0.0037363828159868717,0.029704375192523003,0.027016399428248405,-0.1372155100107193,-0.23430848121643066,0.27153003215789795,False
train,0.08772660791873932,0.0,0.0037407868076115847,0.029643286019563675,0.026748521253466606,-0.13511133193969727,-0.23449181020259857,0.2706316411495209,False
train,0.08814336359500885,0.0,0.003744899993762374,0.029583021998405457,0.026470355689525604,-0.1328725516796112,-0.23469646275043488,0.26969897747039795,False
train,0.08856011927127838,0.0,0.003748707240447402,0.02952359989285469,0.026182709261775017,-0.1305079460144043,-0.23492100834846497,0.26873818039894104,False
train,0.08897686749696732,0.0,0.003752191551029682,0.02946513518691063,0.025886336341500282,-0.12802597880363464,-0.23516497015953064,0.2677558958530426,False
test,0.08939362317323685,0.0,0.003755373414605856,0.029407642781734467,0.02558198757469654,-0.12543848156929016,-0.23542656004428864,0.2667592167854309,False
train,0.08981037884950638,0.0,0.0037582521326839924,0.02935110591351986,0.025270462036132812,-0.1227586418390274,-0.23570463061332703,0.26575618982315063,False
train,0.09022712707519531,0.0,0.003760793013498187,0.029295628890395164,0.024952486157417297,-0.11999902129173279,-0.23599879443645477,0.264754980802536,False
train,0.09064388275146484,0.0,0.003763022134080529,0.029241174459457397,0.024628836661577225,-0.11717207729816437,-0.23630762100219727,0.26376235485076904,False
train,0.09106063842773438,0.0,0.003764919238165021,0.029187845066189766,0.024300239980220795,-0.11429233849048615,-0.23663102090358734,0.26278695464134216,False
test,0.0914773941040039,0.0,0.003766498062759638,0.029135586693882942,0.023967422544956207,-0.1113748550415039,-0.236967533826828,0.2618357837200165,False
train,0.09189414232969284,0.0,0.0037677548825740814,0.029084496200084686,0.02363111451268196,-0.1084347665309906,-0.2373172491788864,0.2609167993068695,False
train,0.09231089800596237,0.0,0.0037686731666326523,0.029034452512860298,0.023291971534490585,-0.10548575222492218,-0.23767851293087006,0.2600352168083191,False
train,0.0927276536822319,0.0,0.0037692671176046133,0.02898552082479,0.02295069769024849,-0.10254456102848053,-0.238051176071167,0.25919827818870544,False
train,0.09314440190792084,0.0,0.0037695341743528843,0.028937669470906258,0.022607941180467606,-0.0996239110827446,-0.23843446373939514,0.25841036438941956,False
test,0.09356115758419037,0.0,0.003769469680264592,0.028891000896692276,0.022264325991272926,-0.09674042463302612,-0.23882873356342316,0.2576778531074524,False
train,0.0939779132604599,0.0,0.003769082250073552,0.028845349326729774,0.021920455619692802,-0.09390636533498764,-0.239232137799263,0.2570027709007263,False
train,0.09439466893672943,0.0,0.003768361173570156,0.028800776228308678,0.02157692238688469,-0.09113476425409317,-0.23964479565620422,0.25638869404792786,False
train,0.09481141716241837,0.0,0.0037673155311495066,0.02875717170536518,0.021234286949038506,-0.08843865245580673,-0.24006536602973938,0.25583741068840027,False
train,0.0952281728386879,0.0,0.003765933681279421,0.028714565560221672,0.02089308202266693,-0.08582959324121475,-0.24049362540245056,0.2553505599498749,False
test,0.09564492851495743,0.0,0.0037642347160726786,0.02867293544113636,0.020553795620799065,-0.08331643790006638,-0.24092906713485718,0.254928320646286,False
train,0.09606167674064636,0.0,0.003762198379263282,0.028632190078496933,0.020216939970850945,-0.08090946823358536,-0.2413703352212906,0.2545701861381531,False
train,0.0964784324169159,0.0,0.0037598335184156895,0.028592338785529137,0.019882941618561745,-0.07861586660146713,-0.24181711673736572,0.254275381565094,False
train,0.09689518809318542,0.0,0.0037571487482637167,0.02855328842997551,0.019552242010831833,-0.07644233107566833,-0.24226799607276917,0.25404176115989685,False
train,0.09731193631887436,0.0,0.003754149191081524,0.028514977544546127,0.0192252304404974,-0.07439381629228592,-0.24272193014621735,0.25386685132980347,False
test,0.09772869199514389,0.0,0.0037508183158934116,0.0284773800522089,0.018902305513620377,-0.07247409224510193,-0.2431780844926834,0.2537480592727661,False
train,0.09814544767141342,0.0,0.0037471766117960215,0.02844049036502838,0.018583785742521286,-0.07068507373332977,-0.24363546073436737,0.25368213653564453,False
train,0.09856220334768295,0.0,0.003743208944797516,0.02840418368577957,0.018270013853907585,-0.06902799755334854,-0.24409237504005432,0.253665030002594,False
train,0.09897895157337189,0.0,0.0037389337085187435,0.028368385508656502,0.017961280420422554,-0.06750105321407318,-0.24454711377620697,0.2536921203136444,False
train,0.09939570724964142,0.0,0.0037343434523791075,0.028333134949207306,0.01765785925090313,-0.06610327214002609,-0.24499927461147308,0.25376030802726746,False
test,0.09981246292591095,0.0,0.0037294412031769753,0.028298277407884598,0.017360011115670204,-0.06483124196529388,-0.24544622004032135,0.25386402010917664,False
train,0.10022921115159988,0.0,0.003724238835275173,0.028263896703720093,0.017067963257431984,-0.06368055194616318,-0.2458876073360443,0.25399985909461975,False
train,0.10064596682786942,0.0,0.0037187407724559307,0.028229808434844017,0.016781918704509735,-0.06264304369688034,-0.24632079899311066,0.254161536693573,False
train,0.10106272250413895,0.0,0.0037129432894289494,0.0281960591673851,0.016502056270837784,-0.06171489879488945,-0.24674469232559204,0.254345566034317,False
train,0.10147947818040848,0.0,0.0037068603560328484,0.028162585571408272,0.016228552907705307,-0.06088743358850479,-0.24715739488601685,0.25454676151275635,False
test,0.10189622640609741,0.0,0.0037004987243562937,0.02812928333878517,0.01596156135201454,-0.06015251204371452,-0.24755682051181793,0.25476008653640747,False
train,0.10231298208236694,0.0,0.003693862585350871,0.02809622697532177,0.01570120081305504,-0.05949968472123146,-0.24794183671474457,0.2549811005592346,False
train,0.10272973775863647,0.0,0.0036869526375085115,0.028063371777534485,0.015447582118213177,-0.058920424431562424,-0.24831071496009827,0.2552054524421692,False
train,0.10314648598432541,0.0,0.0036797754000872374,0.02803059108555317,0.015200820751488209,-0.058404598385095596,-0.24866077303886414,0.25542762875556946,False
train,0.10356324166059494,0.0,0.003672356717288494,0.027997979894280434,0.01496096607297659,-0.05793946236371994,-0.2489912509918213,0.2556435465812683,False
test,0.10397999733686447,0.0,0.0036646828521043062,0.02796543389558792,0.01472811121493578,-0.05751800909638405,-0.24929961562156677,0.25584882497787476,False
train,0.104396753013134,0.0,0.0036567917559295893,0.02793298289179802,0.014502305537462234,-0.05712732672691345,-0.24958470463752747,0.25603917241096497,False
train,0.10481350123882294,0.0,0.003648668760433793,0.027900632470846176,0.01428359653800726,-0.05675628408789635,-0.24984470009803772,0.2562101483345032,False
train,0.10523025691509247,0.0,0.0036403373815119267,0.027868323028087616,0.014072013087570667,-0.05639718845486641,-0.2500775158405304,0.25635796785354614,False
train,0.105647012591362,0.0,0.0036318066995590925,0.027836168184876442,0.013867572881281376,-0.05603867769241333,-0.25028249621391296,0.2564793527126312,False
test,0.10606376081705093,0.0,0.003623089287430048,0.02780400589108467,0.013670302927494049,-0.05567101761698723,-0.25045669078826904,0.2565693259239197,False
train,0.10648051649332047,0.0,0.0036141984164714813,0.027772024273872375,0.013480200432240963,-0.05528457835316658,-0.25060009956359863,0.256625771522522,False
train,0.10689727216959,0.0,0.003605152480304241,0.027740100398659706,0.01329725794494152,-0.05487200617790222,-0.25071021914482117,0.2566447854042053,False
train,0.10731402039527893,0.0,0.0035959461238235235,0.027708284556865692,0.01312148105353117,-0.05442433059215546,-0.2507856786251068,0.25662320852279663,False
train,0.10773077607154846,0.0,0.0035866317339241505,0.027676666155457497,0.012952834367752075,-0.053935457020998,-0.2508258521556854,0.25655925273895264,False
test,0.108147531747818,0.0,0.0035771895200014114,0.027645140886306763,0.01279132254421711,-0.05339657515287399,-0.25082847476005554,0.25644904375076294,False
train,0.10856428742408752,0.0,0.0035676572006195784,0.027613839134573936,0.012636912055313587,-0.05280425027012825,-0.2507929503917694,0.25629162788391113,False
train,0.10898103564977646,0.0,0.0035580380354076624,0.02758275531232357,0.01248958520591259,-0.052150510251522064,-0.25071805715560913,0.2560844123363495,False
train,0.10939779132604599,0.0,0.0035483587998896837,0.027551893144845963,0.012349313125014305,-0.05143318325281143,-0.2506023645401001,0.2558259665966034,False
train,0.10981454700231552,0.0,0.003538635326549411,0.02752131037414074,0.012216053903102875,-0.050646014511585236,-0.25044503808021545,0.25551465153694153,False
test,0.11023129522800446,0.0,0.0035288892686367035,0.027491053566336632,0.012089787051081657,-0.04978819936513901,-0.2502453029155731,0.25515010952949524,False
train,0.11064805090427399,0.0,0.0035191369242966175,0.027461087331175804,0.011970484629273415,-0.04885420203208923,-0.25000154972076416,0.2547302544116974,False
train,0.11106480658054352,0.0,0.0035093827173113823,0.027431506663560867,0.011858117766678333,-0.0478425994515419,-0.24971337616443634,0.25425514578819275,False
train,0.11148156225681305,0.0,0.0034996839240193367,0.027402352541685104,0.01175264734774828,-0.0467514730989933,-0.24938033521175385,0.25372475385665894,False
train,0.11189831048250198,0.0,0.0034900205209851265,0.02737368457019329,0.011654048226773739,-0.04558040201663971,-0.24900168180465698,0.25313910841941833,False
test,0.11231506615877151,0.0,0.0034804430324584246,0.02734537422657013,0.0115622878074646,-0.04432736337184906,-0.24857544898986816,0.2524968683719635,False
train,0.11273182183504105,0.0,0.0034709563478827477,0.02731766179203987,0.011477339081466198,-0.04299100860953331,-0.2481030374765396,0.25180020928382874,False
train,0.11314857006072998,0.0,0.0034615860786288977,0.02729054167866707,0.011399192735552788,-0.041572555899620056,-0.2475835382938385,0.25104957818984985,False
train,0.11356532573699951,0.0,0.0034523478243499994,0.027263935655355453,0.011327819898724556,-0.04007016867399216,-0.24701571464538574,0.2502446472644806,False
train,0.11398208141326904,0.0,0.0034432802349328995,0.027238009497523308,0.011263201013207436,-0.038486845791339874,-0.24640057981014252,0.2493882179260254,False
test,0.11439882963895798,0.0,0.0034343881998211145,0.02721271477639675,0.011205330491065979,-0.036820441484451294,-0.24573729932308197,0.24848051369190216,False
train,0.11481558531522751,0.0,0.0034256954677402973,0.027188153937458992,0.011154195293784142,-0.035072386264801025,-0.24502655863761902,0.24752391874790192,False
train,0.11523234099149704,0.0,0.003417240921407938,0.027164341881871223,0.011109789833426476,-0.033244334161281586,-0.24426846206188202,0.24652031064033508,False
train,0.11564909666776657,0.0,0.0034090294502675533,0.027141254395246506,0.011072132736444473,-0.03133654221892357,-0.24346287548542023,0.2454712837934494,False
train,0.1160658448934555,0.0,0.0034010952804237604,0.02711900882422924,0.011041197925806046,-0.0293511301279068,-0.2426110953092575,0.24438008666038513,False
test,0.11648260056972504,0.0,0.003393442602828145,0.02709757722914219,0.011017014272511005,-0.027288589626550674,-0.24171312153339386,0.24324864149093628,False
train,0.11689935624599457,0.0,0.0033861217088997364,0.027077045291662216,0.010999603196978569,-0.02515195868909359,-0.24077057838439941,0.24208076298236847,False
train,0.1173161044716835,0.0,0.003379121655598283,0.027057437226176262,0.010988983325660229,-0.022942785173654556,-0.23978418111801147,0.24087928235530853,False
train,0.11773286014795303,0.0,0.0033724866807460785,0.02703877165913582,0.010985175147652626,-0.020662615075707436,-0.2387550324201584,0.23964746296405792,False
train,0.11814961582422256,0.0,0.0033662233036011457,0.027021050453186035,0.010988228023052216,-0.018314633518457413,-0.23768435418605804,0.23838892579078674,False
test,0.1185663715004921,0.0,0.0033603631891310215,0.027004359290003777,0.010998179204761982,-0.01590152457356453,-0.23657409846782684,0.23710791766643524,False
train,0.11898311972618103,0.0,0.003354917746037245,0.02698868326842785,0.011015070602297783,-0.013427289202809334,-0.2354254126548767,0.23580801486968994,False
train,0.11939987540245056,0.0,0.003349916310980916,0.02697412297129631,0.011038977652788162,-0.010894175618886948,-0.23424088954925537,0.23449409008026123,False
train,0.11981663107872009,0.0,0.0033453665673732758,0.026960555464029312,0.01106993854045868,-0.00830605998635292,-0.23302119970321655,0.23316918313503265,False
train,0.12023337930440903,0.0,0.0033412857446819544,0.026948146522045135,0.011108046397566795,-0.005668701604008675,-0.23176956176757812,0.2318388670682907,False
test,0.12065013498067856,0.0,0.00333769922144711,0.026936860755085945,0.011153374798595905,-0.002985157072544098,-0.23048770427703857,0.230507031083107,False
train,0.12106689065694809,0.0,0.003334605600684881,0.026926729828119278,0.011205999180674553,-0.0002612341195344925,-0.22917801141738892,0.22917816042900085,False
train,0.12148363888263702,0.0,0.0033320412039756775,0.026917755603790283,0.011266021989285946,0.0024989955127239227,-0.22784270346164703,0.22785639762878418,False
train,0.12190039455890656,0.0,0.0033300130162388086,0.026910006999969482,0.01133355125784874,0.00528891384601593,-0.22648468613624573,0.22654643654823303,False
train,0.12231715023517609,0.0,0.0033285263925790787,0.026903431862592697,0.011408697813749313,0.008102133870124817,-0.22510600090026855,0.22525174915790558,False
test,0.12273390591144562,0.0,0.003327601356431842,0.026898078620433807,0.011491571553051472,0.010933931916952133,-0.223709374666214,0.22397641837596893,False
train,0.12315065413713455,0.0,0.0033272369764745235,0.02689391002058983,0.011582313105463982,0.01377582736313343,-0.22229719161987305,0.22272363305091858,False
train,0.12356740981340408,0.0,0.0033274509478360415,0.02689102105796337,0.011681056581437588,0.01662270724773407,-0.2208726704120636,0.2214972972869873,False
train,0.12398416548967361,0.0,0.0033282602671533823,0.02688937447965145,0.011787950061261654,0.01946798712015152,-0.2194383144378662,0.22030019760131836,False
train,0.12440091371536255,0.0,0.003329662838950753,0.026888925582170486,0.011903148144483566,0.022302929311990738,-0.21799613535404205,0.21913404762744904,False
test,0.12481766939163208,0.0,0.0033316684421151876,0.026889700442552567,0.012026810087263584,0.025121744722127914,-0.2165491133928299,0.21800142526626587,False
train,0.1252344250679016,0.0,0.0033342817332595587,0.026891708374023438,0.012159118428826332,0.02791467495262623,-0.21510004997253418,0.21690380573272705,False
train,0.12565118074417114,0.0,0.003337497590109706,0.02689491957426071,0.012300250120460987,0.03067813068628311,-0.2136511355638504,0.21584242582321167,False
train,0.12606793642044067,0.0,0.0033413367345929146,0.026899326592683792,0.012450401671230793,0.03340297192335129,-0.2122049629688263,0.2148178368806839,False
train,0.126484677195549,0.0,0.0033457933459430933,0.02690494991838932,0.012609756551682949,0.036082979291677475,-0.21076437830924988,0.21383078396320343,False
test,0.12690143287181854,0.0,0.0033508557826280594,0.026911728084087372,0.012778553180396557,0.038711223751306534,-0.20933139324188232,0.2128807008266449,False
train,0.12731818854808807,0.0,0.0033565424382686615,0.026919646188616753,0.012957007624208927,0.04128129035234451,-0.20790840685367584,0.2119670957326889,False
train,0.1277349442243576,0.0,0.003362848423421383,0.026928706094622612,0.013145347125828266,0.04378688707947731,-0.20649778842926025,0.2110891491174698,False
train,0.12815169990062714,0.0,0.003369760001078248,0.026938877999782562,0.013343791477382183,0.04622241109609604,-0.20510202646255493,0.21024593710899353,False
train,0.12856845557689667,0.0,0.003377295099198818,0.026950165629386902,0.013552610762417316,0.04858248308300972,-0.20372328162193298,0.20943598449230194,False
test,0.1289852112531662,0.0,0.003385423682630062,0.02696239948272705,0.013772056438028812,0.05086201801896095,-0.2023628056049347,0.20865677297115326,False
train,0.12940195202827454,0.0,0.0033941580913960934,0.026975739747285843,0.014002380892634392,0.053056977689266205,-0.20102426409721375,0.20790813863277435,False
train,0.12981870770454407,0.0,0.0034034939017146826,0.026990072801709175,0.01424387376755476,0.05516401305794716,-0.1997089684009552,0.2071876972913742,False
train,0.1302354633808136,0.0,0.0034134071320295334,0.027005314826965332,0.014496814459562302,0.05717886984348297,-0.19841869175434113,0.2064930945634842,False
train,0.13065221905708313,0.0,0.0034239119850099087,0.027021516114473343,0.014761492609977722,0.059098709374666214,-0.19715607166290283,0.2058231681585312,False
test,0.13106897473335266,0.0,0.003434989834204316,0.02703854627907276,0.015038210898637772,0.06092310696840286,-0.1959223449230194,0.2051759958267212,False
train,0.1314857304096222,0.0,0.00344661227427423,0.027056464925408363,0.01532727014273405,0.06264953315258026,-0.19472059607505798,0.20455090701580048,False
train,0.13190248608589172,0.0,0.0034588072448968887,0.027075188234448433,0.015628989785909653,0.06427569687366486,-0.19355210661888123,0.20394553244113922,False
train,0.13231922686100006,0.0,0.0034715181682258844,0.027094662189483643,0.01594366692006588,0.0658026784658432,-0.1924193650484085,0.20335979759693146,False
train,0.1327359825372696,0.0,0.003484763205051422,0.027114927768707275,0.01627165637910366,0.0672309547662735,-0.19132447242736816,0.20279313623905182,False
test,0.13315273821353912,0.0,0.0034985248930752277,0.027135832235217094,0.01661328598856926,0.06855997443199158,-0.19026902318000793,0.2022443413734436,False
train,0.13356949388980865,0.0,0.003512770403176546,0.027157461270689964,0.016968872398138046,0.06979009509086609,-0.18925616145133972,0.20171403884887695,False
train,0.13398624956607819,0.0,0.003527510678395629,0.027179695665836334,0.017338771373033524,0.07092397660017014,-0.18828721344470978,0.20120210945606232,False
train,0.13440300524234772,0.0,0.003542705439031124,0.02720251865684986,0.01772332191467285,0.07196229696273804,-0.18736480176448822,0.20070908963680267,False
train,0.13481976091861725,0.0,0.0035583414137363434,0.02722596749663353,0.018122879788279533,0.07290684431791306,-0.18649190664291382,0.2002364546060562,False
test,0.13523650169372559,0.0,0.003574410220608115,0.027249881997704506,0.01853775791823864,0.07375989854335785,-0.1856696903705597,0.1997842639684677,False
train,0.13565325736999512,0.0,0.0035908762365579605,0.02727433852851391,0.01896834932267666,0.07452322542667389,-0.184901624917984,0.19935476779937744,False
train,0.13607001304626465,0.0,0.0036077394615858793,0.027299201115965843,0.019414985552430153,0.07519843429327011,-0.18418902158737183,0.1989482343196869,False
train,0.13648676872253418,0.0,0.003624948672950268,0.027324555441737175,0.019878005608916283,0.07578776031732559,-0.18353593349456787,0.1985679417848587,False
train,0.1369035243988037,0.0,0.0036425055004656315,0.027350295335054398,0.020357770845294,0.07629312574863434,-0.1829436868429184,0.1982146054506302,False
test,0.13732028007507324,0.0,0.003660369897261262,0.02737644501030445,0.020854607224464417,0.07671621441841125,-0.1824156790971756,0.1978910267353058,False
train,0.13773703575134277,0.0,0.0036785181146115065,0.02740294300019741,0.02136884443461895,0.07705704122781754,-0.18195421993732452,0.197598397731781,False
train,0.1381537765264511,0.0,0.003696935251355171,0.027429746463894844,0.021900810301303864,0.07731896638870239,-0.1815614402294159,0.1973392516374588,False
train,0.13857053220272064,0.0,0.003715579165145755,0.027456898242235184,0.022450843825936317,0.07750024646520615,-0.1812407523393631,0.1971154510974884,False
train,0.13898728787899017,0.0,0.003734414465725422,0.027484260499477386,0.02301923558115959,0.07760246843099594,-0.18099384009838104,0.1969286948442459,False
test,0.1394040435552597,0.0,0.003753429278731346,0.027511952444911003,0.023606283590197563,0.07762477546930313,-0.18082378804683685,0.1967812180519104,False
train,0.13982079923152924,0.0,0.0037725837901234627,0.027539854869246483,0.024212267249822617,0.07756607979536057,-0.18073250353336334,0.196674183011055,False
train,0.14023755490779877,0.0,0.0037918391171842813,0.027567904442548752,0.024837477132678032,0.07742562890052795,-0.18072204291820526,0.19660921394824982,False
train,0.1406542956829071,0.0,0.003811165690422058,0.02759614959359169,0.02548210881650448,0.07720153033733368,-0.18079476058483124,0.1965879499912262,False
train,0.14107105135917664,0.0,0.0038305448833853006,0.027624577283859253,0.02614644169807434,0.07689179480075836,-0.18095266819000244,0.19661183655261993,False
test,0.14148780703544617,0.0,0.0038499105721712112,0.027653079479932785,0.02683067135512829,0.07649336755275726,-0.18119680881500244,0.19668126106262207,False
train,0.1419045627117157,0.0,0.003869257867336273,0.027681715786457062,0.02753499709069729,0.0760033130645752,-0.18152925372123718,0.19679780304431915,False
train,0.14232131838798523,0.0,0.0038885213434696198,0.027710383757948875,0.028259551152586937,0.07541818916797638,-0.18195073306560516,0.19696186482906342,False
train,0.14273807406425476,0.0,0.003907682839781046,0.02773907780647278,0.02900446206331253,0.07473476231098175,-0.18246211111545563,0.1971742957830429,False
train,0.1431548297405243,0.0,0.003926695790141821,0.027767738327383995,0.02976985275745392,0.07394783943891525,-0.18306365609169006,0.19743500649929047,False
test,0.14357157051563263,0.0,0.003945528995245695,0.027796434238553047,0.030555743724107742,0.07305528223514557,-0.1837562918663025,0.1977459192276001,False
train,0.14398832619190216,0.0,0.003964144270867109,0.027825018391013145,0.03136223554611206,0.07205136120319366,-0.18453896045684814,0.19810611009597778,False
train,0.1444050818681717,0.0,0.003982510417699814,0.027853459119796753,0.032189298421144485,0.07093283534049988,-0.18541091680526733,0.19851619005203247,False
train,0.14482183754444122,0.0,0.004000572953373194,0.027881762012839317,0.03303688019514084,0.06969651579856873,-0.18637168407440186,0.19897741079330444,False
train,0.14523859322071075,0.0,0.004018304403871298,0.027909835800528526,0.033904895186424255,0.06833764165639877,-0.18741926550865173,0.19948938488960266,False
test,0.14565534889698029,0.0,0.004035662859678268,0.027937715873122215,0.03479321300983429,0.06685502827167511,-0.18855257332324982,0.20005416870117188,False
train,0.14607210457324982,0.0,0.004052623175084591,0.02796529233455658,0.035701684653759,0.06524475663900375,-0.18976831436157227,0.20067110657691956,False
train,0.14648884534835815,0.0,0.00406914995983243,0.027992524206638336,0.03663002699613571,0.06350626051425934,-0.191063791513443,0.20134153962135315,False
train,0.14690560102462769,0.0,0.004085192922502756,0.0280193742364645,0.037578046321868896,0.06163812801241875,-0.19243627786636353,0.20206677913665771,False
train,0.14732235670089722,0.0,0.004100739490240812,0.02804584801197052,0.03854537382721901,0.059639137238264084,-0.1938820630311966,0.2028474360704422,False
test,0.14773911237716675,0.0,0.004115744028240442,0.028071841225028038,0.0395316481590271,0.057512007653713226,-0.19539684057235718,0.2036849409341812,False
train,0.14815586805343628,0.0,0.004130187444388866,0.028097307309508324,0.04053644463419914,0.055258262902498245,-0.1969759166240692,0.20458002388477325,False
train,0.1485726237297058,0.0,0.004144042730331421,0.028122201561927795,0.04155924916267395,0.052880991250276566,-0.19861456751823425,0.20553381741046906,False
train,0.14898937940597534,0.0,0.004157274030148983,0.02814655750989914,0.04259954020380974,0.05038369446992874,-0.20030857622623444,0.20654791593551636,False
train,0.14940612018108368,0.0,0.004169870633631945,0.02817022241652012,0.04365669563412666,0.0477733351290226,-0.20205089449882507,0.20762190222740173,False
test,0.1498228758573532,0.0,0.004181802738457918,0.028193216770887375,0.04473010078072548,0.045056212693452835,-0.2038370817899704,0.20875732600688934,False
train,0.15023963153362274,0.0,0.0041930484585464,0.02821548841893673,0.0458189956843853,0.04224018752574921,-0.20566046237945557,0.20995347201824188,False
train,0.15065638720989227,0.0,0.0042036063969135284,0.028237050399184227,0.046922627836465836,0.039336614310741425,-0.20751555263996124,0.21121098101139069,False
train,0.1510731428861618,0.0,0.004213449079543352,0.028257789090275764,0.04804014787077904,0.03635391965508461,-0.2093953639268875,0.21252770721912384,False
train,0.15148989856243134,0.0,0.004222556948661804,0.02827778458595276,0.049170687794685364,0.03330732136964798,-0.211294487118721,0.21390357613563538,False
test,0.15190665423870087,0.0,0.004230956081300974,0.02829691953957081,0.05031324550509453,0.030207447707653046,-0.21320542693138123,0.2153347283601761,False
train,0.1523233950138092,0.0,0.004238600842654705,0.028315234929323196,0.05146675556898117,0.027069665491580963,-0.21512244641780853,0.2168188989162445,False
train,0.15274015069007874,0.0,0.004245514515787363,0.028332656249403954,0.05263032764196396,0.023908302187919617,-0.2170388549566269,0.21835172176361084,False
train,0.15315690636634827,0.0,0.004251676611602306,0.028349334374070168,0.05380269140005112,0.020742442458868027,-0.21894949674606323,0.21992982923984528,False
train,0.1535736620426178,0.0,0.004257103428244591,0.028365105390548706,0.054982736706733704,0.017587166279554367,-0.22084693610668182,0.22154611349105835,False
test,0.15399041771888733,0.0,0.0042617954313755035,0.028380095958709717,0.05616923049092293,0.014460667967796326,-0.2227262556552887,0.22319519519805908,False
train,0.15440717339515686,0.0,0.004265761934220791,0.028394261375069618,0.05736086145043373,0.011380195617675781,-0.22458121180534363,0.22486935555934906,False
train,0.1548239290714264,0.0,0.004268994554877281,0.028407642617821693,0.058556314557790756,0.0083664171397686,-0.22640667855739594,0.22656120359897614,False
train,0.15524066984653473,0.0,0.004271526355296373,0.02842029556632042,0.05975424498319626,0.005435202270746231,-0.22819767892360687,0.22826239466667175,False
train,0.15565742552280426,0.0,0.0042733619920909405,0.0284322127699852,0.06095326319336891,0.0026071518659591675,-0.2299492210149765,0.2299640029668808,False
test,0.1560741811990738,0.0,0.004274510778486729,0.028443463146686554,0.06215191259980202,-0.00010100379586219788,-0.23165692389011383,0.23165695369243622,False
train,0.15649093687534332,0.0,0.004274998791515827,0.02845413237810135,0.06334871053695679,-0.0026696138083934784,-0.23331716656684875,0.23333244025707245,False
train,0.15690769255161285,0.0,0.004274842329323292,0.028464270755648613,0.06454218178987503,-0.005082111805677414,-0.23492617905139923,0.23498114943504333,False
train,0.15732444822788239,0.0,0.004274057224392891,0.0284738726913929,0.06573077291250229,-0.007323469966650009,-0.23648028075695038,0.23659364879131317,False
train,0.15774118900299072,0.0,0.0042726765386760235,0.02848309651017189,0.06691289693117142,-0.00937563180923462,-0.2379773110151291,0.23816192150115967,False
test,0.15815794467926025,0.0,0.004270712845027447,0.028492053970694542,0.06808719038963318,-0.01122463122010231,-0.23941510915756226,0.23967808485031128,False
train,0.15857470035552979,0.0,0.004268200136721134,0.028500709682703018,0.0692518800497055,-0.012857746332883835,-0.24079114198684692,0.2411341816186905,False
train,0.15899145603179932,0.0,0.004265160765498877,0.028509212657809258,0.070405513048172,-0.014262385666370392,-0.2421044558286667,0.242524191737175,False
train,0.15940821170806885,0.0,0.004261618945747614,0.028517678380012512,0.07154642045497894,-0.015428055077791214,-0.24335388839244843,0.2438424527645111,False
train,0.15982496738433838,0.0,0.004257596097886562,0.028526129201054573,0.07267317920923233,-0.01634632796049118,-0.24453853070735931,0.2450842708349228,False
test,0.1602417230606079,0.0,0.0042531308718025684,0.028534740209579468,0.07378414273262024,-0.017009694129228592,-0.24565885961055756,0.2462470382452011,False
train,0.16065846383571625,0.0,0.004248244687914848,0.028543563559651375,0.07487786561250687,-0.017411496490240097,-0.246714785695076,0.24732841551303864,False
train,0.16107521951198578,0.0,0.004242955707013607,0.028552774339914322,0.0759526714682579,-0.01754692941904068,-0.2477072924375534,0.24832800030708313,False
train,0.1614919751882553,0.0,0.004237322602421045,0.028562350198626518,0.07700730115175247,-0.01741562783718109,-0.24863669276237488,0.24924588203430176,False
train,0.16190873086452484,0.0,0.004231342580169439,0.028572551906108856,0.07804010808467865,-0.017016980797052383,-0.24950578808784485,0.25008541345596313,False
test,0.16232548654079437,0.0,0.004225061275064945,0.02858332358300686,0.07904984056949615,-0.01635027676820755,-0.2503148913383484,0.25084832310676575,False
train,0.1627422422170639,0.0,0.0042184884659945965,0.02859487198293209,0.080035001039505,-0.015419021248817444,-0.251066654920578,0.2515396773815155,False
train,0.16315899789333344,0.0,0.004211666993796825,0.028607243672013283,0.08099439740180969,-0.014228656888008118,-0.25176385045051575,0.25216561555862427,False
train,0.16357573866844177,0.0,0.004204621072858572,0.028620583936572075,0.08192663639783859,-0.012784719467163086,-0.2524087429046631,0.2527323067188263,False
train,0.1639924943447113,0.0,0.004197370260953903,0.02863490581512451,0.08283066749572754,-0.011094316840171814,-0.2530040442943573,0.2532471716403961,False
test,0.16440925002098083,0.0,0.004189939238131046,0.02865036576986313,0.08370519429445267,-0.009165380150079727,-0.2535533308982849,0.25371894240379333,False
train,0.16482600569725037,0.0,0.0041823419742286205,0.028667045757174492,0.08454929292201996,-0.007011208683252335,-0.25406017899513245,0.2541569173336029,False
train,0.1652427613735199,0.0,0.004174613393843174,0.028685009106993675,0.08536180853843689,-0.004641499370336533,-0.25452762842178345,0.254569947719574,False
train,0.16565951704978943,0.0,0.004166772589087486,0.028704287484288216,0.08614195138216019,-0.0020684488117694855,-0.2549594044685364,0.2549677789211273,False
train,0.16607627272605896,0.0,0.004158825147897005,0.028725000098347664,0.08688875287771225,0.0006934888660907745,-0.25535938143730164,0.25536033511161804,False
test,0.1664930135011673,0.0,0.00415080226957798,0.02874719724059105,0.08760137110948563,0.0036297254264354706,-0.25573158264160156,0.25575733184814453,False
train,0.16690976917743683,0.0,0.0041427300311625,0.02877092733979225,0.0882793590426445,0.006725471466779709,-0.25607994198799133,0.2561682462692261,False
train,0.16732652485370636,0.0,0.0041345939971506596,0.02879623882472515,0.08892189711332321,0.009963784366846085,-0.25640836358070374,0.25660189986228943,False
train,0.1677432805299759,0.0,0.004126425366848707,0.02882319688796997,0.08952855318784714,0.013330448418855667,-0.25672101974487305,0.25706690549850464,False
train,0.16816003620624542,0.0,0.004118230193853378,0.028851794078946114,0.0900988057255745,0.016807470470666885,-0.2570214867591858,0.25757044553756714,False
test,0.16857679188251495,0.0,0.004110030829906464,0.028882084414362907,0.09063239395618439,0.020376883447170258,-0.2573140561580658,0.2581196427345276,False
train,0.16899354755878448,0.0,0.004101823084056377,0.028914088383316994,0.09112896770238876,0.02402237057685852,-0.2576023042201996,0.2587199807167053,False
train,0.16941028833389282,0.0,0.00409361906349659,0.028947772458195686,0.09158852696418762,0.027727384120225906,-0.25788986682891846,0.2593761682510376,False
train,0.16982704401016235,0.0,0.004085416439920664,0.028983205556869507,0.09201067686080933,0.031474921852350235,-0.2581803798675537,0.2600918710231781,False
train,0.17024379968643188,0.0,0.004077230580151081,0.029020342975854874,0.09239569306373596,0.035247284919023514,-0.2584773600101471,0.2608695328235626,False
test,0.17066055536270142,0.0,0.004069048911333084,0.029059182852506638,0.09274348616600037,0.0390273854136467,-0.2587836682796478,0.261709988117218,False
train,0.17107731103897095,0.0,0.004060893785208464,0.029099702835083008,0.09305431693792343,0.042802151292562485,-0.25910240411758423,0.2626139223575592,False
train,0.17149406671524048,0.0,0.0040527526289224625,0.029141899198293686,0.09332839399576187,0.046551819890737534,-0.25943654775619507,0.26357996463775635,False
train,0.17191080749034882,0.0,0.004044624045491219,0.029185742139816284,0.0935661718249321,0.05026519298553467,-0.2597882151603699,0.2646063268184662,False
train,0.17232756316661835,0.0,0.00403651362285018,0.029231181368231773,0.09376786649227142,0.05392496660351753,-0.2601599097251892,0.26568982005119324,False
test,0.17274431884288788,0.0,0.004028413910418749,0.02927817590534687,0.09393398463726044,0.05751872807741165,-0.260553240776062,0.2668265104293823,False
train,0.1731610745191574,0.0,0.004020314663648605,0.02932671271264553,0.09406530112028122,0.06103244796395302,-0.2609701156616211,0.2680118680000305,False
train,0.17357783019542694,0.0,0.00401220703497529,0.029376737773418427,0.09416233003139496,0.06445583701133728,-0.2614119052886963,0.2692410349845886,False
train,0.17399458587169647,0.0,0.004004108253866434,0.029428141191601753,0.09422570466995239,0.0677754357457161,-0.2618791162967682,0.270507276058197,False
train,0.174411341547966,0.0,0.003995995502918959,0.02948087453842163,0.09425637125968933,0.07098053395748138,-0.26237228512763977,0.2718040645122528,False
test,0.17482808232307434,0.0,0.0039878664538264275,0.029534928500652313,0.0942549929022789,0.07406129688024521,-0.26289239525794983,0.27312541007995605,False
train,0.17524483799934387,0.0,0.003979708533734083,0.02959018014371395,0.0942225307226181,0.07701029628515244,-0.26343873143196106,0.27446413040161133,False
train,0.1756615936756134,0.0,0.003971537109464407,0.0296466127038002,0.0941598191857338,0.0798163115978241,-0.26401177048683167,0.2758130729198456,False
train,0.17607834935188293,0.0,0.003963318187743425,0.029704099521040916,0.09406799077987671,0.08247624337673187,-0.2646099328994751,0.27716556191444397,False
train,0.17649510502815247,0.0,0.003955043386667967,0.029762564226984978,0.09394807368516922,0.08497969806194305,-0.2652324438095093,0.2785135507583618,False
test,0.176911860704422,0.0,0.003946734592318535,0.029822051525115967,0.09380105137825012,0.08732190728187561,-0.26587897539138794,0.2798512876033783,False
train,0.17732861638069153,0.0,0.003938359208405018,0.029882261529564857,0.09362810105085373,0.08949819207191467,-0.2665461003780365,0.2811703085899353,False
train,0.17774535715579987,0.0,0.00392993213608861,0.02994333952665329,0.09343048185110092,0.0915047824382782,-0.2672337293624878,0.2824659049510956,False
train,0.1781621128320694,0.0,0.003921425901353359,0.03000502847135067,0.09320918470621109,0.09333790838718414,-0.26793840527534485,0.2837304174900055,False
train,0.17857886850833893,0.0,0.003912860061973333,0.03006737492978573,0.09296534210443497,0.09499413520097733,-0.2686586380004883,0.28495848178863525,False
test,0.17899562418460846,0.0,0.00390421599149704,0.0301301721483469,0.09270031005144119,0.0964718833565712,-0.26939094066619873,0.28614383935928345,False
train,0.179412379860878,0.0,0.0038954855408519506,0.030193405225872993,0.09241534769535065,0.09777028858661652,-0.2701329290866852,0.2872817814350128,False
train,0.17982913553714752,0.0,0.0038866857066750526,0.030256981030106544,0.0921117290854454,0.09888856112957001,-0.27088144421577454,0.28836730122566223,False
train,0.18024589121341705,0.0,0.003877796931192279,0.03032088465988636,0.09179060161113739,0.09982521831989288,-0.2716338634490967,0.2893959879875183,False
train,0.1806626319885254,0.0,0.0038688252680003643,0.030384939163923264,0.09145345538854599,0.10058335959911346,-0.2723861336708069,0.29036393761634827,False
test,0.18107938766479492,0.0,0.003859780728816986,0.030449077486991882,0.09110137075185776,0.10116113722324371,-0.27313485741615295,0.2912665903568268,False
train,0.18149614334106445,0.0,0.003850645385682583,0.030513271689414978,0.09073565900325775,0.10156276822090149,-0.2738768458366394,0.2921018898487091,False
train,0.18191289901733398,0.0,0.0038414583541452885,0.03057733364403248,0.09035750478506088,0.10178825259208679,-0.2746078372001648,0.29286569356918335,False
train,0.18232965469360352,0.0,0.0038321842439472675,0.03064131736755371,0.08996837586164474,0.10184112191200256,-0.27532485127449036,0.29355645179748535,False
train,0.18274641036987305,0.0,0.003822857281193137,0.030705071985721588,0.08956939727067947,0.10172658413648605,-0.27602365612983704,0.2941723167896271,False
test,0.18316316604614258,0.0,0.003813466290012002,0.03076855093240738,0.0891619399189949,0.1014457643032074,-0.27670079469680786,0.29471099376678467,False
train,0.18357990682125092,0.0,0.0038040310610085726,0.03083164617419243,0.08874709904193878,0.10100509226322174,-0.2773522734642029,0.29517167806625366,False
train,0.18399666249752045,0.0,0.0037945653311908245,0.030894380062818527,0.08832620829343796,0.10041016340255737,-0.2779752016067505,0.29555439949035645,False
train,0.18441341817378998,0.0,0.0037850632797926664,0.030956575646996498,0.08790028095245361,0.09966444224119186,-0.27856478095054626,0.29585695266723633,False
train,0.1848301738500595,0.0,0.003775558201596141,0.031018231064081192,0.0874706506729126,0.09877532720565796,-0.2791183292865753,0.29608041048049927,False
test,0.18524692952632904,0.0,0.0037660447414964437,0.031079290434718132,0.08703835308551788,0.09774850308895111,-0.27963224053382874,0.2962245047092438,False
train,0.18566368520259857,0.0,0.003756558522582054,0.031139645725488663,0.08660472184419632,0.09659317135810852,-0.2801026701927185,0.29628998041152954,False
train,0.1860804259777069,0.0,0.00374709814786911,0.031199336051940918,0.08617084473371506,0.09531380236148834,-0.2805272340774536,0.29627731442451477,False
train,0.18649718165397644,0.0,0.0037376864347606897,0.0312582403421402,0.08573757112026215,0.0939217209815979,-0.2809021472930908,0.29618796706199646,False
train,0.18691393733024597,0.0,0.0037283427082002163,0.03131631389260292,0.08530615270137787,0.09242571145296097,-0.2812246084213257,0.29602330923080444,False
test,0.1873306930065155,0.0,0.003719087690114975,0.031373530626297,0.08487751334905624,0.09083208441734314,-0.28149178624153137,0.2957838475704193,False
train,0.18774744868278503,0.0,0.003709945594891906,0.03142983466386795,0.08445277810096741,0.08915353566408157,-0.2817009389400482,0.295472115278244,False
train,0.18816420435905457,0.0,0.0037009213119745255,0.03148529678583145,0.08403279632329941,0.08739916235208511,-0.2818504869937897,0.29509034752845764,False
train,0.1885809600353241,0.0,0.003692061174660921,0.03153977170586586,0.08361858874559402,0.08557990193367004,-0.2819371521472931,0.29463958740234375,False
train,0.18899770081043243,0.0,0.0036833693739026785,0.03159322589635849,0.08321114629507065,0.08370648324489594,-0.2819586396217346,0.29412147402763367,False
test,0.18941445648670197,0.0,0.003674874547868967,0.031645722687244415,0.08281130343675613,0.08178918063640594,-0.2819138467311859,0.29353857040405273,False
train,0.1898312121629715,0.0,0.0036665932275354862,0.03169725835323334,0.08241982758045197,0.07984183728694916,-0.28180089592933655,0.29289326071739197,False
train,0.19024796783924103,0.0,0.0036585810594260693,0.03174775093793869,0.08203762024641037,0.07787513732910156,-0.2816178500652313,0.29218682646751404,False
train,0.19066472351551056,0.0,0.0036508298944681883,0.031797245144844055,0.0816655308008194,0.07590058445930481,-0.2813636064529419,0.2914213240146637,False
train,0.1910814791917801,0.0,0.0036433793138712645,0.03184576705098152,0.08130434900522232,0.07393130660057068,-0.28103721141815186,0.29059895873069763,False
test,0.19149823486804962,0.0,0.003636248642578721,0.0318932868540287,0.08095469325780869,0.07197871804237366,-0.280637264251709,0.28972089290618896,False
train,0.19191497564315796,0.0,0.0036294825840741396,0.03193982318043709,0.08061754703521729,0.07005485147237778,-0.2801632285118103,0.2887890636920929,False
train,0.1923317313194275,0.0,0.003623082535341382,0.031985361129045486,0.08029332756996155,0.06817157566547394,-0.27961382269859314,0.28780418634414673,False
train,0.19274848699569702,0.0,0.003617112059146166,0.03203009068965912,0.07998286932706833,0.06634165346622467,-0.27899032831192017,0.2867696285247803,False
train,0.19316524267196655,0.0,0.0036115553230047226,0.032073769718408585,0.07968677580356598,0.06457492709159851,-0.27828994393348694,0.2856837511062622,False
test,0.19358199834823608,0.0,0.00360646890476346,0.03211669623851776,0.0794057697057724,0.06288422644138336,-0.2775147557258606,0.284550279378891,False
train,0.19399875402450562,0.0,0.003601878182962537,0.03215872123837471,0.0791403204202652,0.061279334127902985,-0.2766631543636322,0.28336843848228455,False
train,0.19441550970077515,0.0,0.003597813891246915,0.03220004215836525,0.07889103889465332,0.05977140739560127,-0.2757367789745331,0.28214073181152344,False
train,0.19483225047588348,0.0,0.003594296285882592,0.03224058449268341,0.07865861058235168,0.05836867913603783,-0.2747347056865692,0.2808666229248047,False
train,0.19524900615215302,0.0,0.0035913430619984865,0.03228047862648964,0.07844354212284088,0.0570812001824379,-0.27365803718566895,0.2795478105545044,False
test,0.19566576182842255,0.0,0.0035890103317797184,0.032319746911525726,0.07824622839689255,0.05591746047139168,-0.27250686287879944,0.2781847417354584,False
train,0.19608251750469208,0.0,0.0035873143933713436,0.03235843777656555,0.07806730270385742,0.05488461256027222,-0.27128177881240845,0.27677810192108154,False
train,0.1964992731809616,0.0,0.003586264792829752,0.03239665925502777,0.07790721207857132,0.05399123951792717,-0.2699839472770691,0.27532958984375,False
train,0.19691602885723114,0.0,0.0035859181080013514,0.03243446722626686,0.07776647061109543,0.05324152112007141,-0.2686139941215515,0.2738396227359772,False
train,0.19733278453350067,0.0,0.003586293663829565,0.03247186169028282,0.07764548808336258,0.05264239385724068,-0.267172247171402,0.2723090648651123,False
test,0.197749525308609,0.0,0.003587401704862714,0.032509028911590576,0.07754477113485336,0.052198611199855804,-0.26566076278686523,0.2707403302192688,False
train,0.19816628098487854,0.0,0.0035892976447939873,0.03254598006606102,0.0774647444486618,0.05191276967525482,-0.26407966017723083,0.2691338062286377,False
train,0.19858303666114807,0.0,0.0035919875372201204,0.03258280083537102,0.07740584015846252,0.05178920552134514,-0.2624303698539734,0.26749172806739807,False
train,0.1989997923374176,0.0,0.0035955130588263273,0.03261950984597206,0.07736846059560776,0.05182936042547226,-0.2607133984565735,0.26581528782844543,False
train,0.19941654801368713,0.0,0.003599884919822216,0.032656311988830566,0.07735300064086914,0.05203542485833168,-0.25893086194992065,0.26410770416259766,False
test,0.19983330368995667,0.0,0.00360513711348176,0.032693199813365936,0.0773598700761795,0.05240798741579056,-0.2570834159851074,0.26237088441848755,False
train,0.2002500593662262,0.004761904943734407,0.003611312946304679,0.03273021802306175,0.07738945633172989,0.052946675568819046,-0.2551717758178711,0.26060694456100464,False
train,0.20066680014133453,0.0,0.00361842243000865,0.03276751562952995,0.07744217664003372,0.05365294963121414,-0.25319787859916687,0.2588200271129608,False
train,0.20108355581760406,0.0,0.003626491641625762,0.032805185765028,0.07751838117837906,0.05452331528067589,-0.25116294622421265,0.25701287388801575,False
train,0.2015003114938736,0.0031746032182127237,0.0036355392076075077,0.03284318745136261,0.07761844247579575,0.05555719882249832,-0.24906732141971588,0.2551884353160858,False
test,0.20191706717014313,0.0,0.0036456084344536066,0.032881759107112885,0.07774271070957184,0.05675409361720085,-0.24691346287727356,0.2533520758152008,False
train,0.20233382284641266,0.0007936508045531809,0.003656727261841297,0.032920870929956436,0.07789154350757599,0.05810905620455742,-0.24470177292823792,0.2515066862106323,False
train,0.2027505785226822,0.0,0.0036688940599560738,0.03296060115098953,0.07806538790464401,0.05962046980857849,-0.24243366718292236,0.24965713918209076,False
train,0.20316731929779053,0.0,0.003682158188894391,0.03300107643008232,0.07826445251703262,0.06128562241792679,-0.2401108741760254,0.24780872464179993,False
train,0.20358407497406006,0.0,0.0036965343169867992,0.03304236754775047,0.07848918437957764,0.06310068070888519,-0.2377345710992813,0.24596630036830902,False
test,0.2040008306503296,0.0,0.003712047589942813,0.03308451175689697,0.07873999327421188,0.06506320834159851,-0.23530572652816772,0.24413521587848663,False
train,0.20441758632659912,0.0,0.00372872082516551,0.033127572387456894,0.07901708781719208,0.0671686977148056,-0.2328258603811264,0.24232110381126404,False
train,0.20483434200286865,0.0,0.0037465845234692097,0.033171653747558594,0.07932086288928986,0.06941528618335724,-0.23029644787311554,0.24053053557872772,False
train,0.20525109767913818,0.0,0.003765653818845749,0.03321681544184685,0.07965170592069626,0.07179747521877289,-0.22771891951560974,0.2387693077325821,False
train,0.20566785335540771,0.0,0.0037859550211578608,0.03326312080025673,0.08000992238521576,0.07431267946958542,-0.22509458661079407,0.23704418540000916,False
test,0.20608459413051605,0.0,0.003807505127042532,0.03331055864691734,0.08039578050374985,0.07695827633142471,-0.2224244922399521,0.23536191880702972,False
train,0.20650134980678558,0.0,0.0038303425535559654,0.0333593413233757,0.08080977201461792,0.07973204553127289,-0.2197110801935196,0.2337309569120407,False
train,0.20691810548305511,0.0007936508045531809,0.003854471957311034,0.03340946137905121,0.08125216513872147,0.08262942731380463,-0.21695557236671448,0.23215802013874054,False
train,0.20733486115932465,0.0,0.0038799180183559656,0.03346090018749237,0.08172327280044556,0.08564785867929459,-0.21415892243385315,0.2306503802537918,False
train,0.20775161683559418,0.0,0.003906706813722849,0.03351389616727829,0.08222346752882004,0.08878570050001144,-0.2113242745399475,0.22921790182590485,False
test,0.2081683725118637,0.0,0.003934844397008419,0.0335683599114418,0.08275305479764938,0.09203986823558807,-0.2084524929523468,0.22786790132522583,False
train,0.20858512818813324,0.0,0.0039643654599785805,0.03362439572811127,0.08331239968538284,0.0954098254442215,-0.20554545521736145,0.2266097217798233,False
train,0.20900186896324158,0.0,0.003995280247181654,0.03368208929896355,0.0839017704129219,0.0988902747631073,-0.20260536670684814,0.22545114159584045,False
train,0.2094186246395111,0.0007936508045531809,0.0040276204235851765,0.033741481602191925,0.08452156186103821,0.1024811789393425,-0.19963383674621582,0.2244015634059906,False
train,0.20983538031578064,0.003968254197388887,0.0040613883174955845,0.03380260989069939,0.08517204970121384,0.10618139803409576,-0.19663307070732117,0.22347047924995422,False
test,0.21025213599205017,0.0063492064364254475,0.004096618387848139,0.0338655449450016,0.08585356175899506,0.10998804867267609,-0.1936049908399582,0.22266624867916107,False
train,0.2106688916683197,0.0023809524718672037,0.004133293870836496,0.033930324018001556,0.08656644076108932,0.11389917880296707,-0.19055235385894775,0.22199824452400208,False
train,0.21108564734458923,0.0015873016091063619,0.004171464126557112,0.03399711474776268,0.08731091767549515,0.11791326105594635,-0.1874774694442749,0.22147536277770996,False
train,0.21150240302085876,0.0031746032182127237,0.004211138468235731,0.034065816551446915,0.08808739483356476,0.1220267117023468,-0.18438154458999634,0.2211042046546936,False
train,0.2119191437959671,0.0023809524718672037,0.004252303391695023,0.03413651883602142,0.0888960212469101,0.12623679637908936,-0.1812678873538971,0.22089312970638275,False
test,0.21233589947223663,0.0023809524718672037,0.004295010585337877,0.034209348261356354,0.08973722904920578,0.1305432766675949,-0.17813841998577118,0.22085027396678925,False
train,0.21275265514850616,0.0015873016091063619,0.004339249804615974,0.034284286201000214,0.09061115980148315,0.13493967056274414,-0.1749953031539917,0.22097979485988617,False
train,0.2131694108247757,0.0031746032182127237,0.004385041072964668,0.03436145931482315,0.09151829779148102,0.13942398130893707,-0.17184138298034668,0.2212882936000824,False
train,0.21358616650104523,0.0031746032182127237,0.004432381596416235,0.0344407893717289,0.0924585685133934,0.14399051666259766,-0.1686783730983734,0.22177840769290924,False
train,0.21400292217731476,0.0031746032182127237,0.004481293726712465,0.0345224030315876,0.09343244135379791,0.14863485097885132,-0.16550835967063904,0.22245299816131592,False
test,0.2144196778535843,0.0031746032182127237,0.004531783517450094,0.034606337547302246,0.09444005787372589,0.15335115790367126,-0.162334144115448,0.223313570022583,False
train,0.21483641862869263,0.0063492064364254475,0.004583865404129028,0.0346926748752594,0.09548155218362808,0.1581326127052307,-0.15915723145008087,0.22435897588729858,False
train,0.21525317430496216,0.004761904943734407,0.004637542180716991,0.03478139638900757,0.09655724465847015,0.16297149658203125,-0.1559794694185257,0.22558657824993134,False
train,0.2156699299812317,0.0055555556900799274,0.004692820832133293,0.034872524440288544,0.09766720235347748,0.16786006093025208,-0.1528024971485138,0.22699251770973206,False
train,0.21608668565750122,0.003968254197388887,0.004749699495732784,0.034966159611940384,0.09881170094013214,0.1727883517742157,-0.1496284455060959,0.22857052087783813,False
test,0.21650344133377075,0.003968254197388887,0.004808205179870129,0.03506225720047951,0.09999062865972519,0.1777462363243103,-0.1464572697877884,0.23031164705753326,False
train,0.21692019701004028,0.0031746032182127237,0.004868324380367994,0.03516088426113129,0.10120434314012527,0.1827230453491211,-0.14329136908054352,0.23220707476139069,False
train,0.21733693778514862,0.0031746032182127237,0.004930093418806791,0.03526206314563751,0.10245268791913986,0.18770568072795868,-0.14013013243675232,0.23424319922924042,False
train,0.21775369346141815,0.0015873016091063619,0.004993461072444916,0.03536573424935341,0.10373581945896149,0.19268304109573364,-0.13697549700737,0.23640863597393036,False
train,0.21817044913768768,0.0015873016091063619,0.005058492999523878,0.035472020506858826,0.10505380481481552,0.197640061378479,-0.1338263899087906,0.2386861890554428,False
test,0.21858720481395721,0.0023809524718672037,0.0051251426339149475,0.03558088466525078,0.10640648007392883,0.20256176590919495,-0.13068391382694244,0.24105922877788544,False
train,0.21900396049022675,0.0015873016091063619,0.005193470511585474,0.0356922522187233,0.1077938973903656,0.2074308842420578,-0.1275455802679062,0.2435065656900406,False
train,0.21942071616649628,0.0015873016091063619,0.005263432860374451,0.03580617904663086,0.1092158779501915,0.21223558485507965,-0.124412402510643,0.24601298570632935,False
train,0.2198374718427658,0.0007936508045531809,0.0053350660018622875,0.03592262789607048,0.11067240685224533,0.21695609390735626,-0.12128210067749023,0.24855442345142365,False
train,0.22025421261787415,0.0015873016091063619,0.005408360157161951,0.03604157641530037,0.11216314882040024,0.22157365083694458,-0.11815357208251953,0.2511078417301178,False
test,0.22067096829414368,0.0015873016091063619,0.005483328830450773,0.036163005977869034,0.11368806660175323,0.22607406973838806,-0.11502489447593689,0.25365373492240906,False
train,0.2210877239704132,0.0015873016091063619,0.0055599999614059925,0.0362868532538414,0.11524688452482224,0.23043479025363922,-0.11189286410808563,0.25616440176963806,False
train,0.22150447964668274,0.0023809524718672037,0.005638343282043934,0.036413103342056274,0.11683908849954605,0.23464280366897583,-0.10875639319419861,0.2586217522621155,False
train,0.22192123532295227,0.0023809524718672037,0.005718377884477377,0.03654159978032112,0.1184646412730217,0.23867438733577728,-0.1056116372346878,0.2609966993331909,False
train,0.2223379909992218,0.0015873016091063619,0.005800140555948019,0.03667238727211952,0.1201229840517044,0.24251368641853333,-0.10245497524738312,0.26326775550842285,False
test,0.22275474667549133,0.0031746032182127237,0.005883642006665468,0.0368054062128067,0.12181372940540314,0.24614354968070984,-0.09928382933139801,0.26541274785995483,False
train,0.22317148745059967,0.0015873016091063619,0.005968849640339613,0.03694043681025505,0.12353614717721939,0.24954435229301453,-0.09609462320804596,0.2674071192741394,False
train,0.2235882431268692,0.0023809524718672037,0.006055817939341068,0.03707756847143173,0.1252899318933487,0.25270208716392517,-0.09288354218006134,0.2692316770553589,False
train,0.22400499880313873,0.0031746032182127237,0.006144572515040636,0.03721662983298302,0.12707456946372986,0.2555972635746002,-0.08964602649211884,0.27086228132247925,False
train,0.22442175447940826,0.003968254197388887,0.006235106382519007,0.037357546389102936,0.1288890391588211,0.25821608304977417,-0.08637893199920654,0.27228084206581116,False
test,0.2248385101556778,0.003968254197388887,0.006327433045953512,0.03750007972121239,0.13073299825191498,0.26054173707962036,-0.08307762444019318,0.27346640825271606,False
train,0.22525526583194733,0.0031746032182127237,0.006421583238989115,0.037644222378730774,0.1326054036617279,0.26256442070007324,-0.07973821461200714,0.27440527081489563,False
train,0.22567202150821686,0.0031746032182127237,0.0065175858326256275,0.037789952009916306,0.13450562953948975,0.2642691731452942,-0.07635827362537384,0.2750795781612396,False
train,0.2260887622833252,0.003968254197388887,0.006615443155169487,0.0379369892179966,0.1364324390888214,0.2656484842300415,-0.07293331623077393,0.2754784822463989,False
train,0.22650551795959473,0.003968254197388887,0.006715185474604368,0.03808522969484329,0.13838526606559753,0.2666915953159332,-0.069459930062294,0.27558863162994385,False
test,0.22692227363586426,0.0031746032182127237,0.006816851440817118,0.03823460638523102,0.14036299288272858,0.26739197969436646,-0.06593544781208038,0.27540144324302673,False
train,0.2273390293121338,0.004761904943734407,0.006920452695339918,0.038384951651096344,0.1423642486333847,0.26774364709854126,-0.062357038259506226,0.27490919828414917,False
train,0.22775578498840332,0.0031746032182127237,0.007025996223092079,0.03853616490960121,0.144388347864151,0.26774412393569946,-0.058724403381347656,0.27410849928855896,False
train,0.22817254066467285,0.003968254197388887,0.007133536972105503,0.03868803754448891,0.1464337557554245,0.26739218831062317,-0.05503377318382263,0.2729968726634979,False
train,0.22858929634094238,0.003968254197388887,0.0072430893778800964,0.038840439170598984,0.1484995186328888,0.2666873335838318,-0.05128556489944458,0.27157384157180786,False
test,0.22900603711605072,0.003968254197388887,0.007354660890996456,0.03899332135915756,0.1505839079618454,0.2656329572200775,-0.04748070240020752,0.26984307169914246,False
train,0.22942279279232025,0.0023809524718672037,0.007468305993825197,0.03914640098810196,0.15268577635288239,0.26423418521881104,-0.04361787438392639,0.26781004667282104,False
train,0.22983954846858978,0.003968254197388887,0.0075840214267373085,0.03929968550801277,0.1548038125038147,0.26249754428863525,-0.03970113396644592,0.2654828429222107,False
train,0.23025630414485931,0.0055555556900799274,0.007701844908297062,0.039452966302633286,0.1569364368915558,0.2604333758354187,-0.03573086857795715,0.2628730535507202,False
train,0.23067305982112885,0.0063492064364254475,0.007821776904165745,0.03960612416267395,0.15908221900463104,0.25805217027664185,-0.0317130982875824,0.2599935531616211,False
test,0.23108981549739838,0.007936508394777775,0.00794387236237526,0.03975912556052208,0.16123929619789124,0.2553684413433075,-0.027650684118270874,0.2568610608577728,False
train,0.2315065711736679,0.0063492064364254475,0.008068102411925793,0.03991168737411499,0.1634063422679901,0.25239694118499756,-0.023550450801849365,0.2534932792186737,False
train,0.23192331194877625,0.0055555556900799274,0.008194462396204472,0.04006378725171089,0.16558139026165009,0.24915534257888794,-0.019420862197875977,0.2499110996723175,False
train,0.23234006762504578,0.0055555556900799274,0.00832302961498499,0.04021534323692322,0.16776278614997864,0.245664581656456,-0.015267610549926758,0.2461385428905487,False
train,0.2327568233013153,0.0055555556900799274,0.00845377892255783,0.04036616533994675,0.16994911432266235,0.24194353818893433,-0.011101096868515015,0.24219807982444763,False
test,0.23317357897758484,0.0031746032182127237,0.008586683310568333,0.040516290813684464,0.17213816940784454,0.238019198179245,-0.006933629512786865,0.2381201684474945,False
train,0.23359033465385437,0.003968254197388887,0.008721746504306793,0.04066551476716995,0.17432837188243866,0.23391126096248627,-0.0027776360511779785,0.23392775654792786,False
train,0.2340070903301239,0.0015873016091063619,0.008858996443450451,0.0408138670027256,0.176517516374588,0.22964859008789062,0.0013553798198699951,0.22965259850025177,False
train,0.23442383110523224,0.0023809524718672037,0.00899834930896759,0.04096119850873947,0.1787041574716568,0.22525620460510254,0.005447119474411011,0.22532205283641815,False
train,0.23484058678150177,0.0,0.009139823727309704,0.04110756516456604,0.18088631331920624,0.22076497972011566,0.009482085704803467,0.22096851468086243,False
test,0.2352573424577713,0.0007936508045531809,0.009283370338380337,0.04125291481614113,0.1830616593360901,0.2162036895751953,0.013442426919937134,0.21662117540836334,False
train,0.23567409813404083,0.0015873016091063619,0.009428983554244041,0.041397083550691605,0.18522882461547852,0.21159857511520386,0.017310380935668945,0.2123054563999176,False
train,0.23609085381031036,0.0007936508045531809,0.009576563723385334,0.0415402315557003,0.1873854696750641,0.20698189735412598,0.021062016487121582,0.20805074274539948,False
train,0.2365076094865799,0.0023809524718672037,0.009726093150675297,0.041682224720716476,0.18952982127666473,0.20238302648067474,0.024677634239196777,0.20388200879096985,False
train,0.23692436516284943,0.0007936508045531809,0.009877475909888744,0.04182317107915878,0.19165968894958496,0.19783419370651245,0.028132110834121704,0.19982437789440155,False
test,0.23734110593795776,0.0007936508045531809,0.010030636563897133,0.041963014751672745,0.19377347826957703,0.1933637261390686,0.03140056133270264,0.19589672982692719,False
train,0.2377578616142273,0.0007936508045531809,0.010185513645410538,0.04210183024406433,0.19586916267871857,0.188998743891716,0.034459590911865234,0.19211451709270477,False
train,0.23817461729049683,0.0015873016091063619,0.010341979563236237,0.04223965108394623,0.19794464111328125,0.1847728192806244,0.03728005290031433,0.18849614262580872,False
train,0.23859137296676636,0.0015873016091063619,0.01049995981156826,0.04237653315067291,0.19999843835830688,0.18071028590202332,0.03983619809150696,0.18504899740219116,False
train,0.2390081286430359,0.0007936508045531809,0.0106592932716012,0.04251254349946976,0.20202820003032684,0.17683643102645874,0.04209747910499573,0.181778222322464,False
test,0.23942488431930542,0.0007936508045531809,0.010819866321980953,0.04264771565794945,0.20403245091438293,0.17317995429039001,0.04403585195541382,0.17869094014167786,False
train,0.23984163999557495,0.0,0.01098153367638588,0.0427822545170784,0.20600919425487518,0.16976577043533325,0.04562130570411682,0.17578884959220886,False
train,0.2402583807706833,0.0,0.01114413421601057,0.04291612654924393,0.20795683562755585,0.16661188006401062,0.04682442545890808,0.17306658625602722,False
train,0.24067513644695282,0.0,0.011307545937597752,0.04304947704076767,0.20987364649772644,0.16374137997627258,0.04761573672294617,0.17052417993545532,False
train,0.24109189212322235,0.0007936508045531809,0.011471518315374851,0.04318239912390709,0.21175779402256012,0.16116921603679657,0.0479637086391449,0.1681547909975052,False
test,0.24150864779949188,0.0,0.011635890230536461,0.043315015733242035,0.21360807120800018,0.15891779959201813,0.047838836908340454,0.1659621000289917,False
train,0.2419254034757614,0.0,0.011800461448729038,0.04344753175973892,0.21542252600193024,0.15699714422225952,0.04721221327781677,0.1639423668384552,False
train,0.24234215915203094,0.0007936508045531809,0.011964993551373482,0.04357987642288208,0.21719999611377716,0.15541698038578033,0.0460548996925354,0.16209717094898224,False
train,0.24275891482830048,0.0023809524718672037,0.012129280716180801,0.043712373822927475,0.2189389169216156,0.15419164299964905,0.04434019327163696,0.1604403853416443,False
train,0.2431756556034088,0.0015873016091063619,0.012293093837797642,0.043845146894454956,0.22063790261745453,0.15332455933094025,0.04204067587852478,0.1589837670326233,False
test,0.24359241127967834,0.0,0.012456160970032215,0.043978143483400345,0.22229619324207306,0.15282095968723297,0.03913179039955139,0.15775151550769806,False
train,0.24400916695594788,0.0007936508045531809,0.012618232518434525,0.04411161690950394,0.22391197085380554,0.15268252789974213,0.03559073805809021,0.1567758172750473,False
train,0.2444259226322174,0.0015873016091063619,0.01277909241616726,0.04424577206373215,0.225484699010849,0.15290619432926178,0.03139537572860718,0.15609604120254517,False
train,0.24484267830848694,0.0071428571827709675,0.012938390485942364,0.04438066482543945,0.22701288759708405,0.1534937471151352,0.02652716636657715,0.15576912462711334,False
train,0.24525943398475647,0.011904762126505375,0.013095889240503311,0.04451650008559227,0.22849610447883606,0.1544368863105774,0.02096828818321228,0.15585385262966156,False
test,0.245676189661026,0.0,0.013251293450593948,0.04465324804186821,0.2299332320690155,0.15572629868984222,0.014705866575241089,0.15641912817955017,False
train,0.24609293043613434,0.0063492064364254475,0.0134043013677001,0.04479110240936279,0.23132365942001343,0.15735191106796265,0.007727593183517456,0.15754155814647675,False
train,0.24650968611240387,0.0023809524718672037,0.013554614037275314,0.044930171221494675,0.23266702890396118,0.15930044651031494,2.491474151611328e-05,0.15930044651031494,False
train,0.2469264417886734,0.003968254197388887,0.01370199117809534,0.04507066309452057,0.23396244645118713,0.16155566275119781,-0.008407056331634521,0.16177424788475037,False
train,0.24734319746494293,0.010317460633814335,0.013846076093614101,0.04521261900663376,0.23520949482917786,0.1641024351119995,-0.017570436000823975,0.16504038870334625,False
test,0.24775995314121246,0.0063492064364254475,0.013986584730446339,0.04535612091422081,0.23640820384025574,0.16692069172859192,-0.027464300394058228,0.1691650152206421,False
train,0.248176708817482,0.0063492064364254475,0.014123249799013138,0.045501209795475006,0.23755815625190735,0.1699865609407425,-0.03808248043060303,0.17420019209384918,False
train,0.24859344959259033,0.01746031828224659,0.014255735091865063,0.04564807936549187,0.23865914344787598,0.1732783317565918,-0.04941782355308533,0.1801874041557312,False
train,0.24901020526885986,0.008730159141123295,0.014383791945874691,0.0457967072725296,0.23971131443977356,0.17676708102226257,-0.06145778298377991,0.18714609742164612,False
train,0.2494269609451294,0.0071428571827709675,0.01450709905475378,0.04594717547297478,0.24071480333805084,0.18043150007724762,-0.07418760657310486,0.1950879991054535,False
test,0.24984371662139893,0.02619047649204731,0.01462545059621334,0.04609953239560127,0.24166971445083618,0.1842374950647354,-0.08758673071861267,0.20399728417396545,False
train,0.25026047229766846,0.009523809887468815,0.01473852340131998,0.046253789216279984,0.2425762563943863,0.1881577968597412,-0.10163471102714539,0.2138526886701584,False
train,0.250677227973938,0.02857142873108387,0.014846066944301128,0.04641007259488106,0.24343496561050415,0.19216051697731018,-0.1163046658039093,0.22461621463298798,False
train,0.2510939836502075,0.01587301678955555,0.014947837218642235,0.04656815528869629,0.24424651265144348,0.19621239602565765,-0.13156728446483612,0.23623982071876526,False
train,0.25151073932647705,0.014285714365541935,0.015043648891150951,0.046728283166885376,0.24501116573810577,0.20028270781040192,-0.1473916620016098,0.24867139756679535,False
test,0.2519274950027466,0.03730158880352974,0.015133250504732132,0.046890273690223694,0.24572961032390594,0.20433276891708374,-0.16374237835407257,0.2618462145328522,False
train,0.2523442506790161,0.01746031828224659,0.01521645300090313,0.04705420136451721,0.2464028149843216,0.20833289623260498,-0.1805826872587204,0.2757039964199066,False
train,0.25276100635528564,0.04444444552063942,0.015293058939278126,0.04721993952989578,0.24703161418437958,0.21224543452262878,-0.19787254929542542,0.2901752293109894,False
train,0.2531777322292328,0.04682539775967598,0.01536290068179369,0.047387413680553436,0.24761684238910675,0.21603505313396454,-0.21556887030601501,0.30519023537635803,False
train,0.2535944879055023,0.0515873022377491,0.01542582269757986,0.04755666106939316,0.24815957248210907,0.21966902911663055,-0.23363178968429565,0.3206841051578522,False
test,0.25401124358177185,0.02936507947742939,0.015481740236282349,0.04772742837667465,0.24866119027137756,0.22311098873615265,-0.252014696598053,0.33658567070961,False
train,0.2544279992580414,0.05079365149140358,0.015530500560998917,0.047899648547172546,0.24912263453006744,0.226326122879982,-0.27067112922668457,0.3528262674808502,False
train,0.2548447549343109,0.04523809626698494,0.015571985393762589,0.04807345196604729,0.24954524636268616,0.22928623855113983,-0.2895565330982208,0.36934423446655273,False
train,0.25526151061058044,0.05793650820851326,0.015606178902089596,0.04824830964207649,0.24993042647838593,0.23195229470729828,-0.30862078070640564,0.386068195104599,False
train,0.25567826628685,0.06507936865091324,0.0156329907476902,0.04842439666390419,0.2502792477607727,0.23429735004901886,-0.3278193473815918,0.40294015407562256,False
test,0.2560950219631195,0.03650793805718422,0.01565239019691944,0.04860131815075874,0.2505939304828644,0.23629555106163025,-0.3471040427684784,0.41990092396736145,False
train,0.25651177763938904,0.04523809626698494,0.01566432975232601,0.04877910017967224,0.25087520480155945,0.23792123794555664,-0.36642730236053467,0.4368929862976074,False
train,0.25692853331565857,0.06904762238264084,0.015668874606490135,0.04895750433206558,0.25112515687942505,0.23914673924446106,-0.38574522733688354,0.453861802816391,False
train,0.2573452889919281,0.03809523954987526,0.015665998682379723,0.049136366695165634,0.2513453960418701,0.2399543970823288,-0.40501198172569275,0.47075772285461426,False
train,0.25776204466819763,0.06269841641187668,0.01565575785934925,0.04931536316871643,0.2515376806259155,0.2403268963098526,-0.42418280243873596,0.4875326156616211,False
test,0.25817880034446716,0.05079365149140358,0.015638191252946854,0.04949445277452469,0.2517033517360687,0.24025237560272217,-0.4432162642478943,0.5041446685791016,False
train,0.2585955262184143,0.07857143133878708,0.015613372437655926,0.04967344552278519,0.2518447935581207,0.2397225797176361,-0.4620722532272339,0.5205551385879517,False
train,0.25901228189468384,0.0595238097012043,0.01558136660605669,0.04985199123620987,0.25196361541748047,0.23872709274291992,-0.48071131110191345,0.5367252230644226,False
train,0.25942903757095337,0.0357142873108387,0.015542350709438324,0.050030067563056946,0.2520614564418793,0.23727265000343323,-0.49909740686416626,0.55262690782547,False
train,0.2598457932472229,0.0555555559694767,0.01549635361880064,0.050207220017910004,0.25214043259620667,0.23535922169685364,-0.5171941518783569,0.5682286024093628,False
test,0.26026254892349243,0.04126984253525734,0.01544351875782013,0.05038362741470337,0.25220248103141785,0.23299971222877502,-0.5349707007408142,0.5835087895393372,False
train,0.26067930459976196,0.02777777798473835,0.015384054742753506,0.05055876448750496,0.2522498667240143,0.23021048307418823,-0.5523940324783325,0.5984447002410889,False
train,0.2610960602760315,0.02857142873108387,0.015318047255277634,0.05073259025812149,0.2522839307785034,0.2270115166902542,-0.5694368481636047,0.6130192279815674,False
train,0.261512815952301,0.05396825447678566,0.015245702117681503,0.05090495944023132,0.2523069977760315,0.22342966496944427,-0.5860724449157715,0.6272174715995789,False
train,0.26192957162857056,0.02857142873108387,0.01516714133322239,0.05107558146119118,0.2523210942745209,0.21949556469917297,-0.6022747159004211,0.6410250663757324,False
test,0.2623463273048401,0.01984127052128315,0.015082594007253647,0.051244497299194336,0.2523280680179596,0.2152460217475891,-0.6180243492126465,0.6544348001480103,False
train,0.2627630829811096,0.02222222276031971,0.014992211014032364,0.05141150951385498,0.252330482006073,0.2107272744178772,-0.6332992911338806,0.6674383878707886,False
train,0.26317983865737915,0.004761904943734407,0.014896266162395477,0.05157649889588356,0.2523297667503357,0.20598693192005157,-0.6480824947357178,0.6800305247306824,False
train,0.2635965943336487,0.02619047649204731,0.014794879592955112,0.05173931643366814,0.252328097820282,0.2010732740163803,-0.6623562574386597,0.692203938961029,False
train,0.2640133500099182,0.01666666753590107,0.014688350260257721,0.05190013349056244,0.2523277997970581,0.19604499638080597,-0.6761093139648438,0.7039583921432495,False
test,0.26443007588386536,0.003968254197388887,0.014576799236238003,0.05205861106514931,0.2523307204246521,0.19095979630947113,-0.6893233060836792,0.7152847647666931,False
train,0.2648468315601349,0.011904762126505375,0.014460515230894089,0.05221496522426605,0.25233879685401917,0.1858813762664795,-0.7019932270050049,0.7261861562728882,False
train,0.2652635872364044,0.011111111380159855,0.014339698478579521,0.052369095385074615,0.2523542046546936,0.180877685546875,-0.7141065001487732,0.7366578578948975,False
train,0.26568034291267395,0.009523809887468815,0.014214548282325268,0.052521079778671265,0.2523792088031769,0.17600855231285095,-0.7256557941436768,0.7466962933540344,False
train,0.2660970985889435,0.0031746032182127237,0.01408535148948431,0.05267103388905525,0.25241541862487793,0.17134281992912292,-0.7366361618041992,0.7563009858131409,False
test,0.266513854265213,0.0023809524718672037,0.013952312059700489,0.05281899496912956,0.25246506929397583,0.16694870591163635,-0.7470420598983765,0.7654696106910706,False
train,0.26693060994148254,0.0007936508045531809,0.013815678656101227,0.0529651939868927,0.2525298297405243,0.16289010643959045,-0.7568702697753906,0.7742000818252563,False
train,0.2673473656177521,0.0007936508045531809,0.013675698079168797,0.05310969427227974,0.2526121735572815,0.15923190116882324,-0.7661194801330566,0.7824920415878296,False
train,0.2677641212940216,0.003968254197388887,0.01353253424167633,0.05325279012322426,0.25271376967430115,0.15603168308734894,-0.7747873067855835,0.7903425097465515,False
train,0.26818087697029114,0.004761904943734407,0.01338654849678278,0.05339458957314491,0.25283658504486084,0.15335184335708618,-0.7828769087791443,0.7977550029754639,False
test,0.26859763264656067,0.0007936508045531809,0.013237874023616314,0.05353536084294319,0.2529825270175934,0.1512441337108612,-0.7903871536254883,0.8047276735305786,False
train,0.2690143883228302,0.0015873016091063619,0.01308684702962637,0.05367537960410118,0.253153532743454,0.1497538834810257,-0.7973246574401855,0.8112662434577942,False
train,0.26943114399909973,0.0031746032182127237,0.012933585792779922,0.053814928978681564,0.2533515393733978,0.1489255130290985,-0.8036898374557495,0.8173714876174927,False
train,0.26984789967536926,0.0031746032182127237,0.012778456322848797,0.05395433306694031,0.2535785138607025,0.1487933099269867,-0.8094918727874756,0.8230531811714172,False
train,0.2702646255493164,0.0055555556900799274,0.01262161135673523,0.054093729704618454,0.2538359463214874,0.1493879109621048,-0.8147332668304443,0.828315794467926,False
test,0.27068138122558594,0.0071428571827709675,0.012463276274502277,0.05423363670706749,0.25412604212760925,0.1507357656955719,-0.8194228410720825,0.8331716656684875,False
train,0.27109813690185547,0.0023809524718672037,0.012303754687309265,0.05437436327338219,0.25445032119750977,0.15284672379493713,-0.8235724568367004,0.8376357555389404,False
train,0.271514892578125,0.0007936508045531809,0.012143176980316639,0.054516151547431946,0.25481081008911133,0.15573051571846008,-0.8271857500076294,0.8417174816131592,False
train,0.27193164825439453,0.0007936508045531809,0.011981843039393425,0.05465947464108467,0.25520914793014526,0.15938958525657654,-0.8302778005599976,0.8454384803771973,False
train,0.27234840393066406,0.0,0.011819971725344658,0.054804522544145584,0.2556469142436981,0.16381427645683289,-0.8328583240509033,0.8488157391548157,False
test,0.2727651596069336,0.0015873016091063619,0.011657738126814365,0.05495169758796692,0.2561262845993042,0.16899250447750092,-0.8349380493164062,0.8518685698509216,False
train,0.2731819152832031,0.0,0.011495380662381649,0.05510124936699867,0.256648451089859,0.17490103840827942,-0.8365306854248047,0.8546191453933716,False
train,0.27359867095947266,0.0,0.011333132162690163,0.05525359511375427,0.2572154998779297,0.18151694536209106,-0.8376518487930298,0.857093334197998,False
train,0.2740154266357422,0.0,0.011171169579029083,0.05540894716978073,0.25782862305641174,0.18879905343055725,-0.8383123874664307,0.8593094348907471,False
train,0.2744321823120117,0.0,0.011009681038558483,0.055567666888237,0.2584898769855499,0.19671151041984558,-0.8385297060012817,0.8612940907478333,False
test,0.27484893798828125,0.0,0.010848882608115673,0.05573011189699173,0.2592005133628845,0.20520874857902527,-0.8383200168609619,0.8630707263946533,False
train,0.2752656936645508,0.0,0.01068894099444151,0.055896371603012085,0.25996264815330505,0.21424207091331482,-0.8376966714859009,0.8646591305732727,False
train,0.2756824195384979,0.0,0.010530100204050541,0.05606678128242493,0.2607768177986145,0.22375869750976562,-0.8366801738739014,0.866084098815918,False
train,0.27609917521476746,0.0,0.010372426360845566,0.0562414824962616,0.2616455852985382,0.23369917273521423,-0.8352829813957214,0.8673597574234009,False
train,0.276515930891037,0.0007936508045531809,0.01021617092192173,0.05642062798142433,0.2625703811645508,0.24400830268859863,-0.833524763584137,0.8685064911842346,False
test,0.2769326865673065,0.0,0.010061489418148994,0.05660450831055641,0.26355206966400146,0.2546199858188629,-0.8314242362976074,0.8695387244224548,False
train,0.27734944224357605,0.0007936508045531809,0.00990848895162344,0.056793130934238434,0.26459264755249023,0.2654759883880615,-0.8289960622787476,0.8704665303230286,False
train,0.2777661979198456,0.0,0.009757383726537228,0.05698671191930771,0.2656933665275574,0.27651217579841614,-0.8262625932693481,0.8713029623031616,False
train,0.2781829535961151,0.0,0.00960824266076088,0.057185206562280655,0.26685574650764465,0.2876613438129425,-0.8232370615005493,0.8720483183860779,False
train,0.27859970927238464,0.0,0.009461257606744766,0.05738886073231697,0.2680809497833252,0.2988671362400055,-0.8199418783187866,0.8727120161056519,False
test,0.2790164649486542,0.0,0.009316529147326946,0.05759746953845024,0.269370436668396,0.3100639879703522,-0.8163923025131226,0.8732903599739075,False
train,0.2794332206249237,0.0,0.009174169972538948,0.05781130865216255,0.270725816488266,0.32119324803352356,-0.8126084804534912,0.873783528804779,False
train,0.27984997630119324,0.0,0.009034314192831516,0.05803016945719719,0.27214810252189636,0.3321951925754547,-0.8086071610450745,0.8741848468780518,False
train,0.28026673197746277,0.0,0.008897045627236366,0.05825413763523102,0.2736387252807617,0.34302079677581787,-0.8044067621231079,0.8744904398918152,False
train,0.2806834876537323,0.0,0.00876245740801096,0.058482930064201355,0.27519872784614563,0.35361185669898987,-0.8000228404998779,0.8746873140335083,False
test,0.28110024333000183,0.0,0.008630641736090183,0.05871680751442909,0.27682968974113464,0.36392682790756226,-0.7954754829406738,0.8747708201408386,False
train,0.281516969203949,0.0,0.008501701056957245,0.05895526707172394,0.2785322070121765,0.37391117215156555,-0.7907787561416626,0.8747231364250183,False
train,0.2819337248802185,0.0,0.00837569311261177,0.059198617935180664,0.28030815720558167,0.3835301995277405,-0.7859518527984619,0.8745374083518982,False
train,0.28235048055648804,0.0,0.008252657949924469,0.059446413069963455,0.2821585536003113,0.39275062084198,-0.7810075283050537,0.8742001056671143,False
train,0.28276723623275757,0.0,0.008132677525281906,0.059698596596717834,0.28408390283584595,0.4015316963195801,-0.775962233543396,0.8736962080001831,False
test,0.2831839919090271,0.0,0.008015796542167664,0.05995508283376694,0.2860862910747528,0.4098537564277649,-0.7708314061164856,0.8730183839797974,False
train,0.28360074758529663,0.0,0.007902080193161964,0.060215700417757034,0.28816577792167664,0.4176816940307617,-0.7656301856040955,0.8721510767936707,False
train,0.28401750326156616,0.0,0.007791542448103428,0.060480181127786636,0.2903238832950592,0.42500537633895874,-0.7603700757026672,0.8710867762565613,False
train,0.2844342589378357,0.0,0.00768421683460474,0.060748353600502014,0.2925609052181244,0.43180400133132935,-0.7550649642944336,0.8698148131370544,False
train,0.2848510146141052,0.0,0.007580156903713942,0.06102004274725914,0.2948787212371826,0.4380676746368408,-0.7497273087501526,0.8683284521102905,False
test,0.28526777029037476,0.0,0.007479348219931126,0.06129511445760727,0.2972775399684906,0.4437885880470276,-0.7443685531616211,0.8666214942932129,False
train,0.2856845259666443,0.0,0.007381835486739874,0.061573326587677,0.2997579276561737,0.44896018505096436,-0.7390007972717285,0.8646892309188843,False
train,0.2861012816429138,0.0,0.007287611253559589,0.06185435876250267,0.30232104659080505,0.4535857141017914,-0.7336317300796509,0.8625285625457764,False
train,0.28651803731918335,0.0,0.007196691352874041,0.06213826313614845,0.30496713519096375,0.45766711235046387,-0.7282742261886597,0.8601409792900085,False
train,0.2869347631931305,0.0,0.007109076250344515,0.062424711883068085,0.3076970875263214,0.46121057868003845,-0.7229362726211548,0.8575267195701599,False
test,0.2873515188694,0.0,0.007024747785180807,0.06271350383758545,0.31051164865493774,0.46422773599624634,-0.7176246047019958,0.8546885251998901,False
train,0.28776827454566956,0.0,0.00694372458383441,0.06300445646047592,0.3134107291698456,0.466724693775177,-0.7123487591743469,0.8516294360160828,False
train,0.2881850302219391,0.0,0.006865959148854017,0.06329740583896637,0.31639522314071655,0.4687233567237854,-0.7071141004562378,0.8483583927154541,False
train,0.2886017858982086,0.0,0.006791485007852316,0.06359230726957321,0.3194649815559387,0.4702334403991699,-0.7019303441047668,0.844882071018219,False
train,0.28901854157447815,0.0,0.006720229517668486,0.06388883292675018,0.322620689868927,0.4712779223918915,-0.6968001127243042,0.8412094116210938,False
test,0.2894352972507477,0.0,0.0066522168926894665,0.06418685615062714,0.3258618116378784,0.47187504172325134,-0.6917304992675781,0.8373512625694275,False
train,0.2898520529270172,0.0,0.006587397772818804,0.06448624283075333,0.3291889727115631,0.4720458388328552,-0.6867256164550781,0.8333182334899902,False
train,0.29026880860328674,0.0,0.006525753531605005,0.064786896109581,0.3326016068458557,0.47181373834609985,-0.6817907094955444,0.8291240930557251,False
train,0.2906855642795563,0.0,0.00646726880222559,0.065088652074337,0.3361002504825592,0.4712012708187103,-0.6769295334815979,0.8247812986373901,False
train,0.2911023199558258,0.0,0.0064118970185518265,0.06539138406515121,0.33968374133110046,0.47023192048072815,-0.6721460223197937,0.8203037977218628,False
test,0.29151907563209534,0.0,0.006359612103551626,0.0656949132680893,0.34335237741470337,0.4689319431781769,-0.6674422025680542,0.8157059550285339,False
train,0.29193583130836487,0.0,0.006310369819402695,0.06599937379360199,0.3471054136753082,0.46732768416404724,-0.6628231406211853,0.8110053539276123,False
train,0.2923525869846344,0.0,0.006264157593250275,0.06630441546440125,0.3509417772293091,0.4654344916343689,-0.6582901477813721,0.8062103986740112,False
train,0.29276931285858154,0.0,0.006220925599336624,0.06661004573106766,0.35486069321632385,0.4632842242717743,-0.6538459658622742,0.801340639591217,False
train,0.2931860685348511,0.0,0.006180646363645792,0.06691629439592361,0.3588622212409973,0.46090614795684814,-0.6494934558868408,0.7964146137237549,False
test,0.2936028242111206,0.0,0.0061432491056621075,0.0672229528427124,0.3629443645477295,0.458319753408432,-0.6452332735061646,0.7914435863494873,False
train,0.29401957988739014,0.0,0.006108725443482399,0.06753014773130417,0.36710676550865173,0.4555506706237793,-0.6410689949989319,0.7864450812339783,False
train,0.29443633556365967,0.0,0.006077029276639223,0.0678376629948616,0.3713471293449402,0.452622652053833,-0.6370013952255249,0.7814332842826843,False
train,0.2948530912399292,0.0,0.006048110779374838,0.06814561784267426,0.37566477060317993,0.4495638310909271,-0.633033037185669,0.7764267325401306,False
train,0.29526984691619873,0.0,0.006021956447511911,0.06845390051603317,0.38005727529525757,0.44639265537261963,-0.6291651129722595,0.7714371085166931,False
test,0.29568660259246826,0.0,0.005998475011438131,0.06876248866319656,0.38452357053756714,0.44313886761665344,-0.625398576259613,0.7664825320243835,False
train,0.2961033582687378,0.0,0.005977667402476072,0.06907153874635696,0.3890610635280609,0.43982166051864624,-0.6217368841171265,0.7615771889686584,False
train,0.2965201139450073,0.0,0.005959447473287582,0.06938085705041885,0.3936682641506195,0.4364697337150574,-0.6181793808937073,0.756737470626831,False
train,0.29693686962127686,0.0,0.005943814758211374,0.06969054788351059,0.39834195375442505,0.4331004023551941,-0.6147283315658569,0.7519752979278564,False
train,0.2973536252975464,0.0,0.005930671934038401,0.07000064849853516,0.4030805826187134,0.42974531650543213,-0.6113847494125366,0.7473100423812866,False
test,0.2977703809738159,0.0,0.005920028779655695,0.07031106948852539,0.40788114070892334,0.42642325162887573,-0.6081491112709045,0.7427530884742737,False
train,0.29818713665008545,0.0,0.005911810323596001,0.07062208652496338,0.41274020075798035,0.4231583774089813,-0.6050247550010681,0.73832106590271,False
train,0.2986038625240326,0.0,0.0059059783816337585,0.07093361020088196,0.4176548421382904,0.41998010873794556,-0.6020110845565796,0.7340303659439087,False
train,0.2990206182003021,0.0015873016091063619,0.005902475211769342,0.0712457075715065,0.42262303829193115,0.4169127345085144,-0.5991083979606628,0.729895293712616,False
train,0.29943737387657166,0.0031746032182127237,0.005901285447180271,0.07155845314264297,0.42764008045196533,0.4139794707298279,-0.5963173508644104,0.725929319858551,False
test,0.2998541295528412,0.0015873016091063619,0.00590231828391552,0.07187201827764511,0.4327034056186676,0.411210298538208,-0.5936387777328491,0.7221502065658569,False
train,0.3002708852291107,0.0071428571827709675,0.00590556301176548,0.07218639552593231,0.43780842423439026,0.4086240828037262,-0.5910718441009521,0.7185677289962769,False
train,0.30068764090538025,0.0,0.005910967476665974,0.07250164449214935,0.44295185804367065,0.4062547981739044,-0.5886150002479553,0.7151997089385986,False
train,0.3011043965816498,0.0,0.005918475333601236,0.07281797379255295,0.4481285810470581,0.40412789583206177,-0.5862675905227661,0.712059736251831,False
train,0.3015211522579193,0.0,0.0059280418790876865,0.07313549518585205,0.45333582162857056,0.40227171778678894,-0.5840277671813965,0.709162175655365,False
test,0.30193790793418884,0.0,0.005939645227044821,0.07345426082611084,0.4585677981376648,0.4007105827331543,-0.5818918347358704,0.7065175771713257,False
train,0.3023546636104584,0.0,0.005953231826424599,0.07377453148365021,0.4638204872608185,0.3994773030281067,-0.5798569917678833,0.7041422128677368,False
train,0.3027714192867279,0.0,0.005968781653791666,0.07409631460905075,0.4690886437892914,0.3985973596572876,-0.5779170989990234,0.7020455598831177,False
train,0.30318817496299744,0.0,0.005986230913549662,0.07441996037960052,0.4743680953979492,0.3980971574783325,-0.5760682821273804,0.7002399563789368,False
train,0.30360493063926697,0.0,0.006005580071359873,0.07474534213542938,0.4796527624130249,0.39800596237182617,-0.5743010640144348,0.6987348794937134,False
test,0.3040216565132141,0.0,0.0060267820954322815,0.07507286965847015,0.4849383533000946,0.3983455002307892,-0.5726088285446167,0.6975384950637817,False
train,0.30443841218948364,0.0,0.006049827206879854,0.07540261000394821,0.49021828174591064,0.3991420269012451,-0.5709803104400635,0.6966583728790283,False
train,0.3048551678657532,0.0,0.0060746814124286175,0.07573495805263519,0.49548840522766113,0.40042367577552795,-0.5694065093994141,0.6961055397987366,False
train,0.3052719235420227,0.0,0.006101345177739859,0.07606983184814453,0.5007422566413879,0.40220361948013306,-0.5678720474243164,0.6958781480789185,False
train,0.30568867921829224,0.0,0.006129815708845854,0.07640761137008667,0.5059739947319031,0.4045059084892273,-0.5663636326789856,0.695983350276947,False
test,0.30610543489456177,0.0,0.0061600846238434315,0.07674835622310638,0.5111775994300842,0.40734562277793884,-0.5648643970489502,0.6964210271835327,False
train,0.3065221905708313,0.0,0.006192157045006752,0.07709258794784546,0.5163475871086121,0.4107380509376526,-0.5633587837219238,0.6971935629844666,False
train,0.30693894624710083,0.0,0.006226079072803259,0.07744015008211136,0.5214778780937195,0.4146879315376282,-0.5618247985839844,0.6982930302619934,False
train,0.30735570192337036,0.0,0.006261841394007206,0.07779144495725632,0.5265621542930603,0.41920724511146545,-0.560242772102356,0.6997190117835999,False
train,0.3077724575996399,0.0,0.006299508735537529,0.07814674079418182,0.531593382358551,0.424292653799057,-0.558590829372406,0.7014613151550293,False
test,0.3081892132759094,0.0,0.006339092273265123,0.07850603014230728,0.5365672707557678,0.42994141578674316,-0.5568440556526184,0.7035090327262878,False
train,0.30860596895217896,0.0,0.006380707025527954,0.0788697674870491,0.5414754748344421,0.4361530840396881,-0.5549782514572144,0.7058543562889099,False
train,0.3090227246284485,0.0,0.006424395367503166,0.07923802733421326,0.5463130474090576,0.44290947914123535,-0.5529670715332031,0.7084782123565674,False
train,0.309439480304718,0.0,0.006470211315900087,0.07961102575063705,0.5510725975036621,0.4501939117908478,-0.5507838726043701,0.7113630771636963,False
train,0.30985620617866516,0.0,0.006518280133605003,0.07998887449502945,0.5557485222816467,0.45797938108444214,-0.54840087890625,0.7144848704338074,False
test,0.3102729618549347,0.0,0.006568692624568939,0.08037183433771133,0.5603338479995728,0.46624553203582764,-0.5457897782325745,0.7178240418434143,False
train,0.3106897175312042,0.0,0.006621558219194412,0.08076013624668121,0.5648239850997925,0.4749535322189331,-0.5429240465164185,0.7213510870933533,False
train,0.31110647320747375,0.0,0.006677033379673958,0.08115362375974655,0.5692102313041687,0.4840579032897949,-0.5397716760635376,0.7250279188156128,False
train,0.3115232288837433,0.0,0.006735231727361679,0.08155262470245361,0.5734882950782776,0.49352532625198364,-0.5363073945045471,0.7288298010826111,False
train,0.3119399845600128,0.0,0.006796340923756361,0.08195710927248001,0.5776512622833252,0.5032947659492493,-0.5325021147727966,0.7327101230621338,False
test,0.31235674023628235,0.0,0.006860482972115278,0.08236731588840485,0.5816935896873474,0.5133127570152283,-0.528331458568573,0.7366302609443665,False
train,0.3127734959125519,0.0,0.0069278753362596035,0.0827832743525505,0.5856082439422607,0.5235239863395691,-0.5237675309181213,0.7405470013618469,False
train,0.3131902515888214,0.0,0.00699868006631732,0.08320469409227371,0.5893908143043518,0.5338608026504517,-0.5187844038009644,0.744408905506134,False
train,0.31360700726509094,0.0,0.0070730955339968204,0.08363178372383118,0.5930344462394714,0.544254720211029,-0.5133601427078247,0.7481656670570374,False
train,0.3140237629413605,0.0,0.007151322904974222,0.08406460285186768,0.5965350866317749,0.5546354055404663,-0.5074735879898071,0.7517645359039307,False
test,0.31444051861763,0.0,0.007233580574393272,0.08450287580490112,0.5998853445053101,0.5649280548095703,-0.5011022686958313,0.7551470994949341,False
train,0.31485727429389954,0.0,0.0073200976476073265,0.08494649082422256,0.6030816435813904,0.575058102607727,-0.4942269027233124,0.7582559585571289,False
train,0.31527402997016907,0.0,0.007411119993776083,0.08539534360170364,0.6061186790466309,0.5849501490592957,-0.48683029413223267,0.7610324621200562,False
train,0.3156907558441162,0.0,0.007506821304559708,0.08584938198328018,0.6089915037155151,0.594525933265686,-0.4789011776447296,0.7634182572364807,False
train,0.31610751152038574,0.0,0.007607521954923868,0.08630802482366562,0.6116950511932373,0.6037075519561768,-0.4704180061817169,0.7653469443321228,False
test,0.3165242671966553,0.0,0.0077134063467383385,0.08677145093679428,0.6142258048057556,0.6124241352081299,-0.46137529611587524,0.7667662501335144,False
train,0.3169410228729248,0.0,0.007824745960533619,0.08723903447389603,0.6165785193443298,0.620599627494812,-0.45175960659980774,0.7676135897636414,False
train,0.31735777854919434,0.0,0.007941808551549911,0.08771072328090668,0.6187514066696167,0.6281681656837463,-0.4415646195411682,0.7678375840187073,False
train,0.31777453422546387,0.0,0.008064811117947102,0.08818598091602325,0.62073814868927,0.6350682973861694,-0.430783748626709,0.7673893570899963,False
train,0.3181912899017334,0.0,0.008194022811949253,0.08866448700428009,0.6225374341011047,0.6412277221679688,-0.41941210627555847,0.7662111520767212,False
test,0.31860804557800293,0.0,0.008329708129167557,0.08914582431316376,0.6241452097892761,0.646599531173706,-0.4074469804763794,0.7642669677734375,False
train,0.31902480125427246,0.0,0.008472098968923092,0.08962968736886978,0.6255593299865723,0.6511344909667969,-0.39489033818244934,0.7615211606025696,False
train,0.319441556930542,0.0,0.008621452376246452,0.09011555463075638,0.6267771124839783,0.6547918915748596,-0.3817426860332489,0.7579445242881775,False
train,0.3198583126068115,0.0,0.008778017945587635,0.09060276299715042,0.6277961730957031,0.6575331687927246,-0.36800554394721985,0.7535104155540466,False
train,0.32027506828308105,0.0,0.008942035026848316,0.09109122306108475,0.6286143660545349,0.6593418121337891,-0.35368916392326355,0.7482163310050964,False
test,0.3206918239593506,0.0,0.00911374855786562,0.09158029407262802,0.6292312145233154,0.6601930856704712,-0.3387993276119232,0.7420511245727539,False
train,0.32110854983329773,0.0,0.009293343871831894,0.09206940978765488,0.6296448111534119,0.6600873470306396,-0.3233504593372345,0.7350311875343323,False
train,0.32152530550956726,0.0,0.009481147862970829,0.0925581306219101,0.6298540234565735,0.6590144038200378,-0.3073480725288391,0.7271608114242554,False
train,0.3219420611858368,0.0,0.009677283465862274,0.09304611384868622,0.6298582553863525,0.6569976806640625,-0.2908158004283905,0.7184844017028809,False
train,0.3223588168621063,0.0,0.00988202728331089,0.09353266656398773,0.6296576261520386,0.6540486812591553,-0.2737663984298706,0.7090329527854919,False
test,0.32277557253837585,0.0,0.010095496661961079,0.0940174087882042,0.6292530298233032,0.6502018570899963,-0.2562265396118164,0.698866605758667,False
train,0.3231923282146454,0.0,0.010317953303456306,0.09449993818998337,0.6286435127258301,0.6454988121986389,-0.23821669816970825,0.688052237033844,False
train,0.3236090838909149,0.0,0.01054955180734396,0.09497970342636108,0.6278299689292908,0.6399838924407959,-0.21976476907730103,0.6766653060913086,False
train,0.32402583956718445,0.0,0.010790426284074783,0.09545643627643585,0.6268146634101868,0.6337185502052307,-0.2009029984474182,0.6648016571998596,False
train,0.324442595243454,0.0,0.01104075275361538,0.09592971205711365,0.6255983710289001,0.6267629861831665,-0.18166416883468628,0.6525593400001526,False
test,0.3248593509197235,0.0,0.011300663463771343,0.09639913588762283,0.6241821646690369,0.619197428226471,-0.16208374500274658,0.6400598287582397,False
train,0.32527610659599304,0.0,0.011570255272090435,0.09686436504125595,0.6225690245628357,0.6110934615135193,-0.14220261573791504,0.6274207830429077,False
train,0.3256928622722626,0.0,0.011849582195281982,0.09732544422149658,0.6207606792449951,0.6025491952896118,-0.12206923961639404,0.6147897243499756,False
train,0.3261096179485321,0.0,0.01213879231363535,0.09778153151273727,0.618761420249939,0.593643307685852,-0.10171985626220703,0.6022950410842896,False
train,0.32652637362480164,0.0,0.012437923811376095,0.09823286533355713,0.616572380065918,0.5844794511795044,-0.08120810985565186,0.5900940299034119,False
test,0.3269430994987488,0.0,0.012746951542794704,0.09867909550666809,0.6141979098320007,0.575157880783081,-0.060588538646698,0.5783403515815735,False
train,0.3273598551750183,0.0,0.013065958395600319,0.09912014752626419,0.6116411089897156,0.5657682418823242,-0.0399090051651001,0.5671740770339966,False
train,0.32777661085128784,0.0,0.013394882902503014,0.09955597668886185,0.6089062690734863,0.5564279556274414,-0.019230186939239502,0.5567601323127747,False
train,0.3281933665275574,0.0,0.013733694329857826,0.09998667240142822,0.6059979796409607,0.5472368001937866,0.0013906359672546387,0.5472385883331299,False
train,0.3286101222038269,0.0,0.014082384295761585,0.10041187703609467,0.6029199361801147,0.5382773280143738,0.021900475025177002,0.5387226343154907,False
test,0.32902687788009644,0.0,0.014440813101828098,0.10083189606666565,0.5996767282485962,0.5296719670295715,0.04223513603210449,0.5313531756401062,False
train,0.32944363355636597,0.0,0.014808877371251583,0.10124702006578445,0.5962740182876587,0.521507740020752,0.06233394145965576,0.5252197980880737,False
train,0.3298603892326355,0.0,0.015186412259936333,0.10165704786777496,0.5927174091339111,0.5138777494430542,0.08213841915130615,0.5204008221626282,False
train,0.33027714490890503,0.0,0.015573354437947273,0.10206227004528046,0.5890108346939087,0.5068598389625549,0.10159587860107422,0.5169416069984436,False
train,0.33069390058517456,0.0,0.015969423577189445,0.10246305912733078,0.5851608514785767,0.500545859336853,0.12064343690872192,0.514879584312439,False
test,0.3311106562614441,0.0,0.016374491155147552,0.10285934805870056,0.5811736583709717,0.4949948191642761,0.13923382759094238,0.514204204082489,False
train,0.3315274119377136,0.0,0.016788221895694733,0.10325180739164352,0.5770546197891235,0.4902932643890381,0.15730756521224976,0.5149108171463013,False
train,0.33194416761398315,0.0,0.01721048541367054,0.10364027321338654,0.5728099346160889,0.4864702820777893,0.17482948303222656,0.5169320106506348,False
train,0.3323609232902527,0.0,0.017641043290495872,0.10402543097734451,0.5684454441070557,0.48358815908432007,0.19175493717193604,0.5202186703681946,False
train,0.33277764916419983,0.0,0.01807948760688305,0.10440761595964432,0.5639692544937134,0.48168015480041504,0.20804166793823242,0.524687647819519,False
test,0.33319440484046936,0.0,0.0185256190598011,0.10478717088699341,0.5593863129615784,0.48077183961868286,0.2236652374267578,0.5302525162696838,False
train,0.3336111605167389,0.0,0.018979161977767944,0.10516425967216492,0.554703950881958,0.4808867573738098,0.23860251903533936,0.536827027797699,False
train,0.3340279161930084,0.0007936508045531809,0.01943976618349552,0.10553954541683197,0.5499285459518433,0.4820178151130676,0.25283515453338623,0.5443039536476135,False
train,0.33444467186927795,0.0,0.01990717090666294,0.10591326653957367,0.5450672507286072,0.4841679334640503,0.2663570046424866,0.5525980591773987,False
train,0.3348614275455475,0.0,0.020381005480885506,0.10628591477870941,0.5401272177696228,0.48732608556747437,0.2791638970375061,0.5616219639778137,False
test,0.335278183221817,0.0,0.020860979333519936,0.10665766894817352,0.535114586353302,0.49145931005477905,0.2912660837173462,0.5712864398956299,False
train,0.33569493889808655,0.0,0.021346863359212875,0.1070292741060257,0.5300365686416626,0.4965295195579529,0.3026813864707947,0.5815131664276123,False
train,0.3361116945743561,0.0,0.021838339045643806,0.10740059614181519,0.5249002575874329,0.5024944543838501,0.3134375810623169,0.5922362804412842,False
train,0.3365284502506256,0.0,0.022335054352879524,0.10777255892753601,0.5197131037712097,0.5093020796775818,0.32355964183807373,0.6033899784088135,False
train,0.33694520592689514,0.0,0.02283686213195324,0.10814487189054489,0.5144810676574707,0.5168732404708862,0.3331019878387451,0.6149104833602905,False
test,0.3373619616031647,0.0,0.023343488574028015,0.10851821303367615,0.5092114210128784,0.5251477956771851,0.3421124815940857,0.6267544627189636,False
train,0.3377787172794342,0.0,0.02385474182665348,0.10889270901679993,0.503911018371582,0.5340384244918823,0.35065263509750366,0.63886958360672,False
train,0.33819544315338135,0.0,0.024370336905121803,0.10926861315965652,0.49858710169792175,0.5434576272964478,0.35878801345825195,0.6512104272842407,False
train,0.3386121988296509,0.0,0.024890288710594177,0.1096460372209549,0.4932459592819214,0.5533119440078735,0.36660242080688477,0.6637404561042786,False
train,0.3390289545059204,0.0,0.025414353236556053,0.11002539098262787,0.4878934919834137,0.5634875297546387,0.37417203187942505,0.6764044165611267,False
test,0.33944571018218994,0.0,0.025942515581846237,0.11040641367435455,0.48253726959228516,0.573885440826416,0.3815951347351074,0.6891729831695557,False
train,0.3398624658584595,0.0,0.026474766433238983,0.11078943312168121,0.47718268632888794,0.5843931436538696,0.38897067308425903,0.7020067572593689,False
train,0.340279221534729,0.0,0.027011023834347725,0.11117446422576904,0.47183749079704285,0.5949006080627441,0.39639800786972046,0.7148692607879639,False
train,0.34069597721099854,0.0,0.02755141071975231,0.11156147718429565,0.4665060043334961,0.6052748560905457,0.4039915204048157,0.727713406085968,False
train,0.34111273288726807,0.0,0.028095964342355728,0.1119501069188118,0.4611954092979431,0.6153994798660278,0.4118642210960388,0.7405056953430176,False
test,0.3415294885635376,0.0,0.028644904494285583,0.11234066635370255,0.4559110999107361,0.6251529455184937,0.42013901472091675,0.7532150745391846,False
train,0.34194624423980713,0.0,0.029198337346315384,0.1127326488494873,0.4506593346595764,0.634418785572052,0.4289379119873047,0.7658165097236633,False
train,0.34236299991607666,0.0,0.029756588861346245,0.11312606185674667,0.4454445242881775,0.6430622339248657,0.43839025497436523,0.7782769799232483,False
train,0.3427797555923462,0.0,0.03031989373266697,0.11352060735225677,0.44027310609817505,0.6509650945663452,0.44862622022628784,0.7905827164649963,False
train,0.3431965112686157,0.0,0.03088865801692009,0.1139158234000206,0.4351493716239929,0.6580086350440979,0.45978254079818726,0.8027299046516418,False
test,0.34361326694488525,0.0,0.031463272869586945,0.11431145668029785,0.4300791919231415,0.6640793085098267,0.4719966650009155,0.8147282600402832,False
train,0.3440299928188324,0.0,0.032044149935245514,0.11470711976289749,0.42506691813468933,0.6690518856048584,0.485404908657074,0.8265883922576904,False
train,0.34444674849510193,0.0,0.032631926238536835,0.11510220170021057,0.4201168119907379,0.6728165149688721,0.5001558065414429,0.8383542895317078,False
train,0.34486350417137146,0.0,0.03322708234190941,0.11549646407365799,0.4152337312698364,0.6752772331237793,0.5163881182670593,0.8500917553901672,False
train,0.345280259847641,0.0,0.03383030742406845,0.11588910967111588,0.41042181849479675,0.6763375997543335,0.5342535972595215,0.8618929386138916,False
test,0.3456970155239105,0.0,0.03444230929017067,0.11627989262342453,0.405685156583786,0.6759025454521179,0.553897500038147,0.8738688230514526,False
train,0.34611377120018005,0.0,0.035063836723566055,0.11666776239871979,0.4010276198387146,0.6738877296447754,0.5754762887954712,0.8861702084541321,False
train,0.3465305268764496,0.0,0.03569569066166878,0.11705248057842255,0.3964526355266571,0.67022305727005,0.5991368889808655,0.8989794254302979,False
train,0.3469472825527191,0.0,0.036338742822408676,0.11743311583995819,0.3919641673564911,0.6648459434509277,0.6250369548797607,0.9125192165374756,False
train,0.34736403822898865,0.0,0.036993950605392456,0.11780928075313568,0.3875651955604553,0.6577126383781433,0.6533342003822327,0.927055299282074,False
test,0.3477807939052582,0.0,0.0376623310148716,0.11817983537912369,0.3832590878009796,0.6487698554992676,0.6841868162155151,0.942875325679779,False
train,0.3481975495815277,0.0,0.038344938308000565,0.1185445636510849,0.37904858589172363,0.6380056738853455,0.7177537679672241,0.9603237509727478,False
train,0.34861430525779724,0.0,0.03904290869832039,0.118902288377285,0.37493661046028137,0.6254070997238159,0.7542002201080322,0.9797713756561279,False
train,0.3490310609340668,0.0,0.0397573821246624,0.11925265938043594,0.37092557549476624,0.6109882593154907,0.7936837077140808,1.0016189813613892,False
train,0.3494477868080139,0.0,0.040489740669727325,0.11959459632635117,0.3670186996459961,0.5947681665420532,0.8363721370697021,1.0262881517410278,False
test,0.34986454248428345,0.0,0.04124121740460396,0.1199277713894844,0.36321717500686646,0.5767920613288879,0.8824254870414734,1.0542124509811401,False
train,0.350281298160553,0.0,0.042013224214315414,0.12025127559900284,0.3595239222049713,0.5571354031562805,0.9320019483566284,1.0858303308486938,False
train,0.3506980538368225,0.0,0.042807187885046005,0.12056483328342438,0.35594049096107483,0.5358781814575195,0.9852593541145325,1.1215620040893555,False
train,0.35111480951309204,0.0,0.04362470656633377,0.12086725234985352,0.352469265460968,0.5131413340568542,1.0423524379730225,1.1618143320083618,False
train,0.3515315651893616,0.0,0.044467270374298096,0.12115856260061264,0.3491118550300598,0.4890475869178772,1.1034245491027832,1.2069437503814697,False
test,0.3519483208656311,0.0,0.04533650726079941,0.12143787741661072,0.34586983919143677,0.4637644290924072,1.1686029434204102,1.2572630643844604,False
train,0.35236507654190063,0.0,0.04623415321111679,0.12170504778623581,0.3427444398403168,0.4374702572822571,1.2380156517028809,1.3130358457565308,False
train,0.35278183221817017,0.0007936508045531809,0.04716187343001366,0.12195969372987747,0.33973804116249084,0.4103885889053345,1.3117568492889404,1.374454379081726,False
train,0.3531985878944397,0.0031746032182127237,0.04812144115567207,0.12220153212547302,0.33685067296028137,0.3827402591705322,1.3899130821228027,1.4416478872299194,False
train,0.35361534357070923,0.0007936508045531809,0.049114689230918884,0.1224304586648941,0.3340846002101898,0.3547981083393097,1.4725332260131836,1.5146734714508057,False
test,0.35403209924697876,0.0007936508045531809,0.050143271684646606,0.12264653295278549,0.33144038915634155,0.32683703303337097,1.5596296787261963,1.5935078859329224,False
train,0.3544488549232483,0.004761904943734407,0.05120904743671417,0.12284975498914719,0.32891952991485596,0.29917043447494507,1.6511759757995605,1.6780599355697632,False
train,0.3548656105995178,0.0,0.05231383442878723,0.12304052710533142,0.3265225887298584,0.27210888266563416,1.7471076250076294,1.768170952796936,False
train,0.35528233647346497,0.0,0.0534592904150486,0.12321897596120834,0.3242512047290802,0.24599578976631165,1.8472809791564941,1.8635882139205933,False
train,0.3556990921497345,0.0007936508045531809,0.05464722216129303,0.123385950922966,0.32210540771484375,0.22117425501346588,1.9515104293823242,1.9640038013458252,False
test,0.35611584782600403,0.0,0.05587898567318916,0.12354189157485962,0.32008686661720276,0.198001429438591,2.059506893157959,2.069002866744995,False
train,0.35653260350227356,0.007936508394777775,0.05715616047382355,0.1236877366900444,0.31819555163383484,0.17680492997169495,2.1709113121032715,2.1780991554260254,False
train,0.3569493591785431,0.0,0.05847997963428497,0.12382423877716064,0.316432923078537,0.15794715285301208,2.285262107849121,2.2907140254974365,False
train,0.3573661148548126,0.0007936508045531809,0.05985144525766373,0.12395265698432922,0.31479960680007935,0.14171963930130005,2.4019899368286133,2.4061670303344727,False
train,0.35778287053108215,0.0015873016091063619,0.061271291226148605,0.12407427281141281,0.3132960796356201,0.12843669950962067,2.520390510559082,2.523660898208618,False
test,0.3581996262073517,0.0,0.06274014711380005,0.12419040501117706,0.3119230568408966,0.11833184957504272,2.639665365219116,2.6423163414001465,False
train,0.3586163818836212,0.0,0.06425807625055313,0.12430237978696823,0.3106817901134491,0.11162307858467102,2.7588508129119873,2.761108160018921,False
train,0.35903313755989075,0.0,0.06582481414079666,0.12441173940896988,0.3095722794532776,0.10845836997032166,2.8768699169158936,2.878913640975952,False
train,0.3594498932361603,0.0,0.06743931770324707,0.12452000379562378,0.30859583616256714,0.10892745852470398,2.992464303970337,2.994446277618408,False
train,0.3598666489124298,0.0007936508045531809,0.06910067796707153,0.12462878227233887,0.3077528178691864,0.11303679645061493,3.1042864322662354,3.1063437461853027,False
test,0.36028340458869934,0.0,0.07080654799938202,0.12473971396684647,0.30704405903816223,0.12073720991611481,3.210803985595703,3.213073253631592,False
train,0.36070016026496887,0.0,0.07255468517541885,0.12485422939062119,0.3064705431461334,0.1318649798631668,3.310394763946533,3.3130199909210205,False
train,0.361116886138916,0.0,0.07434161007404327,0.12497376650571823,0.3060325086116791,0.14620965719223022,3.4013071060180664,3.4044480323791504,False
train,0.36153364181518555,0.0,0.07616356760263443,0.12509962916374207,0.3057311773300171,0.1634424924850464,3.4817113876342773,3.4855456352233887,False
train,0.3619503974914551,0.0,0.07801555097103119,0.12523308396339417,0.3055676519870758,0.1831941157579422,3.5496959686279297,3.554419994354248,False
test,0.3623671531677246,0.0,0.07989223301410675,0.12537513673305511,0.3055421710014343,0.20499400794506073,3.6033382415771484,3.6091647148132324,False
train,0.36278390884399414,0.0,0.08178699761629105,0.12552659213542938,0.30565598607063293,0.22834788262844086,3.6407129764556885,3.647867202758789,False
train,0.36320066452026367,0.0,0.08369283378124237,0.12568792700767517,0.30590999126434326,0.2526690363883972,3.659940242767334,3.668651580810547,False
train,0.3636174201965332,0.0,0.0856018215417862,0.12585945427417755,0.3063051998615265,0.27739208936691284,3.659231662750244,3.6697306632995605,False
train,0.36403417587280273,0.0,0.08750524371862411,0.12604157626628876,0.3068428635597229,0.301899790763855,3.6369516849517822,3.649460554122925,False
test,0.36445093154907227,0.0,0.08939401805400848,0.1262337863445282,0.30752354860305786,0.32561954855918884,3.5916404724121094,3.606370687484741,False
train,0.3648676872253418,0.0,0.09125818312168121,0.1264357715845108,0.308348685503006,0.34797853231430054,3.5220844745635986,3.5392327308654785,False
train,0.36528444290161133,0.0023809524718672037,0.09308737516403198,0.12664695084095,0.30931979417800903,0.36846089363098145,3.427335500717163,3.447084665298462,False
train,0.36570119857788086,0.0007936508045531809,0.09487143903970718,0.12686675786972046,0.31043723225593567,0.3866143524646759,3.306779146194458,3.329303026199341,False
train,0.3661179542541504,0.0,0.09659917652606964,0.12709373235702515,0.3117027282714844,0.40205085277557373,3.1601321697235107,3.185605049133301,False
test,0.36653468012809753,0.0,0.09825999289751053,0.12732712924480438,0.3131178319454193,0.41447913646698,2.9875192642211914,3.016134023666382,False
train,0.36695143580436707,0.0,0.09984332323074341,0.12756535410881042,0.3146834075450897,0.42368045449256897,2.789371967315674,2.8213651180267334,False
train,0.3673681914806366,0.0,0.1013384461402893,0.12780728936195374,0.3164011836051941,0.429548978805542,2.5665762424468994,2.6022732257843018,False
train,0.36778494715690613,0.0007936508045531809,0.10273565351963043,0.1280517429113388,0.318272203207016,0.4320629835128784,2.32037615776062,2.3602592945098877,False
train,0.36820170283317566,0.0023809524718672037,0.10402575135231018,0.12829720973968506,0.3202980160713196,0.4313051700592041,2.0524091720581055,2.097238063812256,False
test,0.3686184585094452,0.06507936865091324,0.10519976168870926,0.12854230403900146,0.32248055934906006,0.42741793394088745,1.764587163925171,1.8156139850616455,False
train,0.3690352141857147,0.40317460894584656,0.10625015944242477,0.12878605723381042,0.32482075691223145,0.4206381142139435,1.4591758251190186,1.5185948610305786,False
train,0.36945196986198425,0.5563492178916931,0.1071702092885971,0.12902721762657166,0.327320396900177,0.41125917434692383,1.138675570487976,1.2106677293777466,False
train,0.3698687255382538,0.5579364895820618,0.1079542264342308,0.1292652040719986,0.3299809992313385,0.39962807297706604,0.8058004975318909,0.8994537591934204,False
train,0.3702854812145233,0.46269840002059937,0.10859782248735428,0.1294987052679062,0.3328038454055786,0.38612452149391174,0.4634213447570801,0.6032010316848755,False
test,0.37070223689079285,0.5563492178916931,0.10909760743379593,0.1297275573015213,0.33579105138778687,0.37114736437797546,0.11448824405670166,0.38840433955192566,False
train,0.3711189925670624,0.4436507821083069,0.10945151746273041,0.1299508661031723,0.33894339203834534,0.3551502823829651,-0.2379610538482666,0.4275011122226715,False
train,0.3715357482433319,0.08015873283147812,0.10965908318758011,0.13016876578330994,0.3422629237174988,0.3385370373725891,-0.5909249782562256,0.6810283660888672,False
train,0.37195250391960144,0.0674603208899498,0.10972049087285995,0.13038083910942078,0.3457512855529785,0.3217475414276123,-0.941451370716095,0.9949131011962891,False
train,0.3723692297935486,0.12619048357009888,0.10963764786720276,0.13058747351169586,0.3494095206260681,0.30519166588783264,-1.2866857051849365,1.3223849534988403,False
test,0.3727859854698181,0.28015872836112976,0.10941316187381744,0.13078854978084564,0.3532394766807556,0.2892445921897888,-1.6239513158798218,1.649509072303772,False
train,0.37320274114608765,0.48968252539634705,0.109051413834095,0.1309850811958313,0.35724198818206787,0.2742851972579956,-1.9507397413253784,1.9699283838272095,False
train,0.3736194968223572,0.49841269850730896,0.10855682939291,0.1311768740415573,0.36141911149024963,0.26063263416290283,-2.2647414207458496,2.279689311981201,False
train,0.3740362524986267,0.45079365372657776,0.10793563723564148,0.13136518001556396,0.3657720685005188,0.2485857754945755,-2.563912868499756,2.5759356021881104,False
train,0.37445300817489624,0.3849206268787384,0.10719417780637741,0.13155050575733185,0.37030139565467834,0.2383911907672882,-2.846442461013794,2.856407642364502,False
test,0.37486976385116577,0.0396825410425663,0.10634005814790726,0.13173383474349976,0.3750087320804596,0.23027393221855164,-3.110818386077881,3.1193296909332275,False
train,0.3752865195274353,0.0023809524718672037,0.10538096725940704,0.13191628456115723,0.37989476323127747,0.22441494464874268,-3.355783462524414,3.363278865814209,False
train,0.37570327520370483,0.003968254197388887,0.10432550311088562,0.13209855556488037,0.38496077060699463,0.2209397405385971,-3.5803773403167725,3.5871880054473877,False
train,0.37612003087997437,0.003968254197388887,0.10318201780319214,0.13228197395801544,0.3902070224285126,0.21994201838970184,-3.783895254135132,3.7902820110321045,False
train,0.3765367865562439,0.0,0.10195989906787872,0.13246779143810272,0.39563438296318054,0.2214926779270172,-3.9659130573272705,3.972093343734741,False
test,0.3769535422325134,0.0,0.10066787153482437,0.1326570063829422,0.4012428820133209,0.22558864951133728,-4.126237869262695,4.132400035858154,False
train,0.37737029790878296,0.0,0.09931532293558121,0.13285064697265625,0.40703365206718445,0.23222671449184418,-4.2649359703063965,4.27125358581543,False
train,0.3777870535850525,0.0,0.09791114926338196,0.1330498307943344,0.4130057990550995,0.24135076999664307,-4.382267951965332,4.388909339904785,False
train,0.37820377945899963,0.0,0.0964641347527504,0.13325577974319458,0.41915956139564514,0.2528669834136963,-4.478698253631592,4.485831260681152,False
train,0.37862053513526917,0.0,0.09498301893472672,0.13346953690052032,0.4254941940307617,0.2666775584220886,-4.55487060546875,4.562670707702637,False
test,0.3790372908115387,0.0,0.09347600489854813,0.13369213044643402,0.43201032280921936,0.282626211643219,-4.611579418182373,4.620231628417969,False
train,0.3794540464878082,0.0,0.09195111691951752,0.1339242160320282,0.4387058615684509,0.30055803060531616,-4.649722576141357,4.659426689147949,False
train,0.37987080216407776,0.0,0.09041597694158554,0.13416701555252075,0.4455804228782654,0.3202851116657257,-4.6703290939331055,4.681298732757568,False
train,0.3802875578403473,0.0,0.08887778222560883,0.1344211846590042,0.4526315927505493,0.34160009026527405,-4.674493312835693,4.686958312988281,False
train,0.3807043135166168,0.0,0.08734302222728729,0.13468730449676514,0.4598590135574341,0.3642939329147339,-4.663378715515137,4.677586078643799,False
test,0.38112106919288635,0.0,0.08581794053316116,0.1349659413099289,0.46725940704345703,0.38813573122024536,-4.6381683349609375,4.6543803215026855,False
train,0.3815378248691559,0.0,0.08430825918912888,0.1352578103542328,0.47483086585998535,0.4129016697406769,-4.600083351135254,4.618577003479004,False
train,0.3819545805454254,0.0,0.08281907439231873,0.1355632096529007,0.4825703799724579,0.4383316934108734,-4.550353527069092,4.571416854858398,False
train,0.38237133622169495,0.0,0.08135498315095901,0.13588234782218933,0.49047619104385376,0.46421492099761963,-4.490173816680908,4.514106273651123,False
train,0.3827880918979645,0.0,0.07992005348205566,0.13621538877487183,0.49854353070259094,0.4903065860271454,-4.420726776123047,4.447834014892578,False
test,0.383204847574234,0.0,0.07851807773113251,0.1365625262260437,0.5067691802978516,0.516372799873352,-4.34316349029541,4.373752593994141,False
train,0.38362157344818115,0.0,0.07715222984552383,0.13692378997802734,0.5151485204696655,0.5421953797340393,-4.258602142333984,4.292978763580322,False
train,0.3840383291244507,0.0,0.07582512497901917,0.1372992843389511,0.5236770510673523,0.5675643682479858,-4.168069839477539,4.2065348625183105,False
train,0.3844550848007202,0.0,0.07453909516334534,0.13768824934959412,0.5323501825332642,0.5922805070877075,-4.072576522827148,4.115419387817383,False
train,0.38487184047698975,0.0,0.07329608500003815,0.13809101283550262,0.54116290807724,0.6161613464355469,-3.973052501678467,4.020547389984131,False
test,0.3852885961532593,0.0,0.07209745049476624,0.13850679993629456,0.5501082539558411,0.639039158821106,-3.8703689575195312,3.9227702617645264,False
train,0.3857053518295288,0.0,0.0709446519613266,0.13893567025661469,0.5591810345649719,0.6607531905174255,-3.7653326988220215,3.822868824005127,False
train,0.38612210750579834,0.0,0.06983824074268341,0.13937677443027496,0.5683737993240356,0.6811838746070862,-3.658686637878418,3.7215588092803955,False
train,0.38653886318206787,0.0,0.06877882033586502,0.13982973992824554,0.5776804089546204,0.7002125382423401,-3.5511069297790527,3.61948299407959,False
train,0.3869556188583374,0.0,0.06776666641235352,0.1402938812971115,0.5870920419692993,0.7177475690841675,-3.4432106018066406,3.517223596572876,False
test,0.38737237453460693,0.0,0.06680195778608322,0.14076891541481018,0.5966024994850159,0.7337083220481873,-3.335564136505127,3.4153060913085938,False
train,0.38778913021087646,0.0,0.06588418036699295,0.1412537842988968,0.6062021255493164,0.7480298280715942,-3.228665351867676,3.314185857772827,False
train,0.388205885887146,0.0,0.06501316279172897,0.14174816012382507,0.615883469581604,0.760683536529541,-3.1229629516601562,3.214270830154419,False
train,0.3886226415634155,0.0,0.06418820470571518,0.14225107431411743,0.6256363987922668,0.7716522216796875,-3.018862724304199,3.1159236431121826,False
train,0.38903939723968506,0.0,0.06340872496366501,0.1427621990442276,0.6354517340660095,0.7809335589408875,-2.916721820831299,3.0194575786590576,False
test,0.3894561231136322,0.0,0.06267363578081131,0.1432805061340332,0.6453183889389038,0.7885439991950989,-2.8168530464172363,2.925143003463745,False
train,0.38987287878990173,0.0,0.06198207661509514,0.1438056379556656,0.655228853225708,0.7945111989974976,-2.719517707824707,2.833200454711914,False
train,0.39028963446617126,0.0,0.061332818120718,0.14433656632900238,0.6651710867881775,0.7988943457603455,-2.624958038330078,2.7438361644744873,False
train,0.3907063901424408,0.0,0.060724709182977676,0.14487305283546448,0.6751348972320557,0.8017410039901733,-2.533385992050171,2.6572227478027344,False
train,0.3911231458187103,0.0,0.06015634909272194,0.145414337515831,0.6851076483726501,0.8031643629074097,-2.4449644088745117,2.5735042095184326,False
test,0.39153990149497986,0.0,0.05962655320763588,0.14595964550971985,0.6950798034667969,0.8032150268554688,-2.3598413467407227,2.492790699005127,False
train,0.3919566571712494,0.0,0.05913369357585907,0.14650852978229523,0.7050378322601318,0.802031397819519,-2.278142213821411,2.415199041366577,False
train,0.3923734128475189,0.0,0.0586765892803669,0.1470608413219452,0.7149703502655029,0.7997033596038818,-2.199957847595215,2.34079909324646,False
train,0.39279016852378845,0.0,0.05825349688529968,0.14761553704738617,0.7248657941818237,0.7963782548904419,-2.1253583431243896,2.2696621417999268,False
train,0.393206924200058,0.0,0.0578630194067955,0.1481725424528122,0.7347116470336914,0.7921743392944336,-2.054394245147705,2.2018346786499023,False
test,0.3936236798763275,0.0,0.05750364810228348,0.14873133599758148,0.744494616985321,0.7872369289398193,-1.9870907068252563,2.1373515129089355,False
train,0.39404043555259705,0.0,0.057173822075128555,0.1492917239665985,0.7542034387588501,0.7817339897155762,-1.9234540462493896,2.076242685317993,False
train,0.3944571912288666,0.0,0.056871846318244934,0.14985352754592896,0.7638234496116638,0.7757945656776428,-1.8634650707244873,2.0185041427612305,False
train,0.3948739469051361,0.0,0.05659635737538338,0.1504165381193161,0.7733433246612549,0.7695949673652649,-1.8070878982543945,1.9641392230987549,False
train,0.39529067277908325,0.0,0.05634581297636032,0.15098045766353607,0.7827481627464294,0.7632932662963867,-1.754260778427124,1.9131250381469727,False
test,0.3957074284553528,0.0,0.0561186745762825,0.15154552459716797,0.7920275926589966,0.757042407989502,-1.7048978805541992,1.8654195070266724,False
train,0.3961241841316223,0.0,0.05591365694999695,0.15211136639118195,0.8011671304702759,0.7510150671005249,-1.6588932275772095,1.8209750652313232,False
train,0.39654093980789185,0.0,0.055729229003190994,0.15267840027809143,0.8101546764373779,0.7453587055206299,-1.6161154508590698,1.779715895652771,False
train,0.3969576954841614,0.0,0.055564071983098984,0.1532464176416397,0.8189763426780701,0.7402452826499939,-1.5764081478118896,1.7415584325790405,False
train,0.3973744511604309,0.0,0.05541706457734108,0.15381589531898499,0.8276205062866211,0.7358053922653198,-1.5395996570587158,1.7063928842544556,False
test,0.39779120683670044,0.0,0.05528692156076431,0.15438702702522278,0.8360723257064819,0.7321761846542358,-1.5054835081100464,1.6740856170654297,False
train,0.39820796251296997,0.0,0.05517253652215004,0.15495988726615906,0.8443224430084229,0.7294946312904358,-1.4738283157348633,1.6444854736328125,False
train,0.3986247181892395,0.0,0.055072885006666183,0.15553493797779083,0.8523566722869873,0.727888286113739,-1.4443920850753784,1.6174330711364746,False
train,0.39904147386550903,0.0,0.0549873411655426,0.15611256659030914,0.8601635694503784,0.7274301052093506,-1.4169073104858398,1.592727541923523,False
train,0.39945822954177856,0.0,0.05491489917039871,0.15669316053390503,0.8677308559417725,0.7282121777534485,-1.3910877704620361,1.5701650381088257,False
test,0.3998749852180481,0.0015873016091063619,0.05485507845878601,0.15727706253528595,0.8750476837158203,0.7303138375282288,-1.366626262664795,1.5495243072509766,False
train,0.4002917408943176,0.009523809887468815,0.05480731278657913,0.15786497294902802,0.88210129737854,0.7337818145751953,-1.3432142734527588,1.530575156211853,False
train,0.40070846676826477,0.0,0.054771263152360916,0.15845705568790436,0.8888822197914124,0.7386168241500854,-1.3205209970474243,1.5130534172058105,False
train,0.4011252224445343,0.012698412872850895,0.054746706038713455,0.1590539813041687,0.8953790664672852,0.7448304891586304,-1.298222541809082,1.496714472770691,False
train,0.40154197812080383,0.0,0.05473358556628227,0.15965597331523895,0.9015830755233765,0.7524039149284363,-1.2759826183319092,1.4812978506088257,False
test,0.40195873379707336,0.0,0.0547318197786808,0.16026359796524048,0.9074828028678894,0.7612876892089844,-1.2534749507904053,1.4665464162826538,False
train,0.4023754894733429,0.01984127052128315,0.054741840809583664,0.16087745130062103,0.9130696654319763,0.7714137434959412,-1.2303869724273682,1.4522160291671753,False
train,0.4027922451496124,0.0,0.05476365238428116,0.1614975482225418,0.9183341860771179,0.7826821208000183,-1.2064087390899658,1.438058853149414,False
train,0.40320900082588196,0.0,0.05479801818728447,0.16212445497512817,0.9232686161994934,0.7949708700180054,-1.1812617778778076,1.4238532781600952,False
train,0.4036257565021515,0.0,0.05484524369239807,0.1627582609653473,0.9278637766838074,0.8081752061843872,-1.1546710729599,1.409401535987854,False
test,0.404042512178421,0.0,0.054906249046325684,0.16339915990829468,0.9321142435073853,0.8221092224121094,-1.126402497291565,1.3945057392120361,False
train,0.40445926785469055,0.0,0.05498148873448372,0.1640474498271942,0.9360108375549316,0.8366221785545349,-1.0962443351745605,1.3790171146392822,False
train,0.4048760235309601,0.0,0.055072057992219925,0.16470298171043396,0.9395495057106018,0.8515185713768005,-1.0640259981155396,1.3628041744232178,False
train,0.4052927792072296,0.02777777798473835,0.055178768932819366,0.16536591947078705,0.9427224397659302,0.866632342338562,-1.029597520828247,1.345779538154602,False
train,0.40570953488349915,0.0,0.05530255287885666,0.1660359799861908,0.9455249905586243,0.8817563652992249,-0.9928532838821411,1.327875018119812,False
test,0.4061262905597687,0.0,0.0554443821310997,0.16671301424503326,0.9479517936706543,0.8967097401618958,-0.9537192583084106,1.3090717792510986,False
train,0.4065430164337158,0.007936508394777775,0.055605415254831314,0.16739687323570251,0.9500008225440979,0.9112846851348877,-0.9121673107147217,1.2893754243850708,False
train,0.40695977210998535,0.09841269999742508,0.05578646808862686,0.16808709502220154,0.9516662955284119,0.9253228306770325,-0.8681795597076416,1.26884126663208,False
train,0.4073765277862549,0.08968254178762436,0.05598882585763931,0.16878311336040497,0.9529467821121216,0.9386441707611084,-0.8217940330505371,1.2475569248199463,False
train,0.4077932834625244,0.02857142873108387,0.056213121861219406,0.1694846898317337,0.9538388252258301,0.9510946869850159,-0.7730739116668701,1.2256526947021484,False
test,0.40821003913879395,0.009523809887468815,0.05646061524748802,0.1701911985874176,0.9543425440788269,0.962515652179718,-0.7221040725708008,1.2032749652862549,False
train,0.4086267948150635,0.011904762126505375,0.05673212185502052,0.17090202867984772,0.9544545412063599,0.9728225469589233,-0.6689964532852173,1.180652379989624,False
train,0.409043550491333,0.003968254197388887,0.057028450071811676,0.1716163009405136,0.9541762471199036,0.981881856918335,-0.6138917207717896,1.1579961776733398,False
train,0.40946030616760254,0.0071428571827709675,0.05735044181346893,0.17233364284038544,0.9535073041915894,0.9896488189697266,-0.5569268465042114,1.1355934143066406,False
train,0.40987706184387207,0.009523809887468815,0.05769892781972885,0.17305314540863037,0.9524492621421814,0.9960485696792603,-0.49828433990478516,1.1137324571609497,False
test,0.4102938175201416,0.012698412872850895,0.05807432159781456,0.1737741231918335,0.9510019421577454,1.0010676383972168,-0.4381319284439087,1.0927470922470093,False
train,0.41071057319641113,0.0071428571827709675,0.05847735330462456,0.17449592053890228,0.9491692185401917,1.0046836137771606,-0.3766554594039917,1.0729671716690063,False
train,0.41112732887268066,0.011111111380159855,0.05890859663486481,0.17521756887435913,0.9469528794288635,1.0069217681884766,-0.31403660774230957,1.0547561645507812,False
train,0.4115440845489502,0.0071428571827709675,0.059368282556533813,0.17593851685523987,0.9443565607070923,1.0077989101409912,-0.2504767179489136,1.038459062576294,False
train,0.41196081042289734,0.011111111380159855,0.05985679104924202,0.1766580492258072,0.9413849711418152,1.007399082183838,-0.18615305423736572,1.02445387840271,False
test,0.41237756609916687,0.007936508394777775,0.06037451699376106,0.17737546563148499,0.9380413889884949,1.0057755708694458,-0.12124204635620117,1.013056755065918,False
train,0.4127943217754364,0.0071428571827709675,0.060921479016542435,0.17809006571769714,0.9343317747116089,1.003006935119629,-0.05592048168182373,1.004564642906189,False
train,0.41321107745170593,0.004761904943734407,0.061497848480939865,0.1788012981414795,0.9302624464035034,0.9992033243179321,0.009641885757446289,0.9992498755455017,False
train,0.41362783312797546,0.0071428571827709675,0.06210361793637276,0.17950847744941711,0.9258384108543396,0.9944535493850708,0.07529628276824951,0.9973000288009644,False
train,0.414044588804245,0.0031746032182127237,0.06273879110813141,0.18021124601364136,0.9210679531097412,0.988904595375061,0.14090430736541748,0.9988925457000732,False
test,0.4144613444805145,0.004761904943734407,0.06340321153402328,0.18090927600860596,0.915958046913147,0.9826398491859436,0.20633482933044434,1.0040693283081055,False
train,0.41487810015678406,0.004761904943734407,0.06409690529108047,0.18160191178321838,0.9105162024497986,0.9758093953132629,0.2714771032333374,1.012869119644165,False
train,0.4152948558330536,0.0055555556900799274,0.0648195818066597,0.1822890043258667,0.9047520756721497,0.9685214757919312,0.3362298011779785,1.0252240896224976,False
train,0.4157116115093231,0.011904762126505375,0.06557098776102066,0.18297003209590912,0.8986737132072449,0.9609087705612183,0.40051496028900146,1.0410369634628296,False
train,0.41612836718559265,0.010317460633814335,0.06635095924139023,0.18364498019218445,0.8922907114028931,0.9530763626098633,0.46427321434020996,1.0601434707641602,False
test,0.4165451228618622,0.008730159141123295,0.06715918332338333,0.18431341648101807,0.8856136202812195,0.945145308971405,0.5274498462677002,1.0823599100112915,False
train,0.4169618785381317,0.009523809887468815,0.0679953470826149,0.18497523665428162,0.8786520957946777,0.937218189239502,0.5900112390518188,1.1074706315994263,False
train,0.41737863421440125,0.007936508394777775,0.06885924190282822,0.18563072383403778,0.8714172840118408,0.9294201135635376,0.6519525051116943,1.1352813243865967,False
train,0.4177953600883484,0.011904762126505375,0.06975025683641434,0.18627949059009552,0.8639215230941772,0.9218207597732544,0.7132576704025269,1.1655428409576416,False
train,0.4182121157646179,0.007936508394777775,0.0706685483455658,0.186921626329422,0.856173574924469,0.9145134091377258,0.773963212966919,1.198062539100647,False
test,0.41862887144088745,0.009523809887468815,0.07161355018615723,0.18755725026130676,0.8481881022453308,0.907564103603363,0.8340878486633301,1.2326292991638184,False
train,0.419045627117157,0.01984127052128315,0.07258503884077072,0.18818604946136475,0.8399745225906372,0.9010396003723145,0.8936843872070312,1.26907217502594,False
train,0.4194623827934265,0.01825396902859211,0.0735827386379242,0.18880879878997803,0.8315475583076477,0.8949957489967346,0.9528076648712158,1.3072336912155151,False
train,0.41987913846969604,0.01587301678955555,0.07460653781890869,0.18942508101463318,0.8229186534881592,0.8894752860069275,1.0115320682525635,1.3469830751419067,False
train,0.4202958941459656,0.02619047649204731,0.07565604895353317,0.19003517925739288,0.8141016364097595,0.8844770789146423,1.069939374923706,1.388189435005188,False
test,0.4207126498222351,0.01825396902859211,0.07673133164644241,0.19063924252986908,0.8051088452339172,0.8800641298294067,1.1281254291534424,1.4307968616485596,False
train,0.42112940549850464,0.01587301678955555,0.07783203572034836,0.1912376582622528,0.7959533333778381,0.8762092590332031,1.186192512512207,1.474718689918518,False
train,0.42154616117477417,0.015079365111887455,0.07895828783512115,0.19183021783828735,0.7866483330726624,0.8729040026664734,1.2442564964294434,1.5199130773544312,False
train,0.4219629168510437,0.010317460633814335,0.08011014759540558,0.19241741299629211,0.7772085070610046,0.8701368570327759,1.3024402856826782,1.566361665725708,False
train,0.42237967252731323,0.0055555556900799274,0.08128731697797775,0.1929992288351059,0.7676454782485962,0.8678857684135437,1.3608591556549072,1.6140518188476562,False
test,0.42279642820358276,0.003968254197388887,0.08249017596244812,0.19357594847679138,0.7579739689826965,0.8660905361175537,1.4196593761444092,1.6629929542541504,False
train,0.4232131838798523,0.003968254197388887,0.0837189257144928,0.19414758682250977,0.7482067942619324,0.864714503288269,1.4789713621139526,1.7132097482681274,False
train,0.42362990975379944,0.004761904943734407,0.08497332781553268,0.1947142779827118,0.7383586168289185,0.8636787533760071,1.5389196872711182,1.7647137641906738,False
train,0.42404666543006897,0.003968254197388887,0.08625422418117523,0.19527636468410492,0.7284413576126099,0.8629012107849121,1.5996657609939575,1.817561388015747,False
train,0.4244634211063385,0.0063492064364254475,0.08756148815155029,0.19583342969417572,0.718468189239502,0.8623064756393433,1.6613446474075317,1.8718008995056152,False
test,0.42488017678260803,0.0063492064364254475,0.08889585733413696,0.19638608396053314,0.7084528207778931,0.8618307113647461,1.7241073846817017,1.9275109767913818,False
train,0.42529693245887756,0.008730159141123295,0.09025762975215912,0.1969338208436966,0.6984079480171204,0.8613343834877014,1.7880940437316895,1.9847360849380493,False
train,0.4257136881351471,0.004761904943734407,0.0916471779346466,0.19747710227966309,0.6883466243743896,0.8607245683670044,1.8534493446350098,2.043555974960327,False
train,0.4261304438114166,0.0031746032182127237,0.09306506812572479,0.1980154812335968,0.6782808303833008,0.8598912954330444,1.9203211069107056,2.1040546894073486,False
train,0.42654719948768616,0.004761904943734407,0.09451216459274292,0.19854895770549774,0.668222963809967,0.8587005138397217,1.988861083984375,2.166318416595459,False
test,0.4269639551639557,0.0031746032182127237,0.09598901867866516,0.19907733798027039,0.6581849455833435,0.8570556640625,2.059211254119873,2.230447292327881,False
train,0.4273807108402252,0.009523809887468815,0.0974963903427124,0.1996004432439804,0.6481789946556091,0.8548102378845215,2.131527900695801,2.2965433597564697,False
train,0.42779746651649475,0.0063492064364254475,0.09903500229120255,0.20011821389198303,0.638215959072113,0.851847231388092,2.2059521675109863,2.364713191986084,False
train,0.4282142221927643,0.0071428571827709675,0.10060577839612961,0.2006298154592514,0.6283071041107178,0.848059356212616,2.2826526165008545,2.4350991249084473,False
train,0.4286309778690338,0.004761904943734407,0.10220978409051895,0.2011355608701706,0.6184622049331665,0.8433239459991455,2.3617782592773438,2.507826089859009,False
test,0.42904770374298096,0.003968254197388887,0.1038476824760437,0.20163461565971375,0.6086940169334412,0.8375274538993835,2.4434988498687744,2.5830483436584473,False
train,0.4294644594192505,0.003968254197388887,0.10552094131708145,0.2021266520023346,0.5990092158317566,0.8305573463439941,2.5279974937438965,2.6609392166137695,False
train,0.42988121509552,0.0063492064364254475,0.1072305366396904,0.20261144638061523,0.5894182324409485,0.8223278522491455,2.6154444217681885,2.741673231124878,False
train,0.43029797077178955,0.0023809524718672037,0.10897766798734665,0.2030881643295288,0.5799314975738525,0.8127661943435669,2.706045150756836,2.825468063354492,False
train,0.4307147264480591,0.004761904943734407,0.11076358705759048,0.20355640351772308,0.5705568194389343,0.8018075227737427,2.7999939918518066,2.9125351905822754,False
test,0.4311314821243286,0.02301587350666523,0.11258988827466965,0.20401577651500702,0.5613016486167908,0.7894235849380493,2.8975179195404053,3.003131628036499,False
train,0.43154823780059814,0.07619047909975052,0.11445769667625427,0.20446546375751495,0.5521748661994934,0.7755624055862427,2.998856782913208,3.0975213050842285,False
train,0.4319649934768677,0.04603174701333046,0.11636895686388016,0.20490503311157227,0.5431835055351257,0.7602498531341553,3.1042709350585938,3.196009874343872,False
train,0.4323817491531372,0.01984127052128315,0.11832500994205475,0.20533418655395508,0.5343347191810608,0.743537187576294,3.2140164375305176,3.298901319503784,False
train,0.43279850482940674,0.0071428571827709675,0.120327889919281,0.20575177669525146,0.525634229183197,0.7254221439361572,3.328402042388916,3.4065375328063965,False
test,0.43321526050567627,0.0071428571827709675,0.12237945944070816,0.2061581015586853,0.5170885920524597,0.7060631513595581,3.4477381706237793,3.5192930698394775,False
train,0.4336320161819458,0.0063492064364254475,0.12448185682296753,0.2065523862838745,0.5087032318115234,0.685549259185791,3.572357654571533,3.637542486190796,False
train,0.43404877185821533,0.0055555556900799274,0.12663701176643372,0.20693406462669373,0.5004838705062866,0.6640350818634033,3.702594757080078,3.7616684436798096,False
train,0.43446552753448486,0.0055555556900799274,0.12884750962257385,0.20730310678482056,0.4924341142177582,0.6417300701141357,3.8388075828552246,3.8920767307281494,False
train,0.434882253408432,0.0055555556900799274,0.1311156451702118,0.2076590359210968,0.4845602214336395,0.6188554763793945,3.9813687801361084,4.029178619384766,False
test,0.43529900908470154,0.0055555556900799274,0.13344429433345795,0.2080020308494568,0.4768642485141754,0.5956481695175171,4.130653381347656,4.173379421234131,False
train,0.43571576476097107,0.0055555556900799274,0.13583610951900482,0.2083321511745453,0.46935003995895386,0.5724036693572998,4.286990642547607,4.325035572052002,False
train,0.4361325204372406,0.0055555556900799274,0.13829395174980164,0.208649143576622,0.4620216190814972,0.5494182109832764,4.4507293701171875,4.484512805938721,False
train,0.43654927611351013,0.008730159141123295,0.14082080125808716,0.2089536041021347,0.454881489276886,0.5270228385925293,4.62214469909668,4.652093887329102,False
train,0.43696603178977966,0.0063492064364254475,0.1434202790260315,0.20924586057662964,0.4479314982891083,0.505531907081604,4.801494598388672,4.828033924102783,False
test,0.4373827874660492,0.011111111380159855,0.14609499275684357,0.20952633023262024,0.44117486476898193,0.48529043793678284,4.988920211791992,5.012467384338379,False
train,0.4377995431423187,0.0071428571827709675,0.14884860813617706,0.20979560911655426,0.43461284041404724,0.46657973527908325,5.184475898742676,5.205428600311279,False
train,0.43821629881858826,0.008730159141123295,0.15168438851833344,0.2100546956062317,0.4282476603984833,0.4497087299823761,5.3880934715271,5.406827926635742,False
train,0.4386330544948578,0.009523809887468815,0.15460547804832458,0.2103046029806137,0.422078937292099,0.4349009394645691,5.5994954109191895,5.616358757019043,False
train,0.4390498101711273,0.011111111380159855,0.15761488676071167,0.21054601669311523,0.4161093533039093,0.42234373092651367,5.818239212036133,5.833548069000244,False
test,0.43946656584739685,0.013492063619196415,0.1607154756784439,0.21078002452850342,0.4103393852710724,0.41216859221458435,6.043613910675049,6.057652473449707,False
train,0.4398833215236664,0.010317460633814335,0.16390976309776306,0.21100808680057526,0.4047692120075226,0.40435731410980225,6.274639129638672,6.287654876708984,False
train,0.4403000771999359,0.008730159141123295,0.16719979047775269,0.21123069524765015,0.39939889311790466,0.3988630473613739,6.509975433349609,6.522182941436768,False
train,0.44071680307388306,0.009523809887468815,0.17058658599853516,0.2114492505788803,0.3942301571369171,0.3954555094242096,6.747910499572754,6.759488105773926,False
train,0.4411335587501526,0.013492063619196415,0.17407137155532837,0.21166452765464783,0.3892608880996704,0.3938249349594116,6.986394882202148,6.997486114501953,False
test,0.4415503144264221,0.012698412872850895,0.17765332758426666,0.21187724173069,0.38449183106422424,0.3935282826423645,7.2228169441223145,7.233529567718506,False
train,0.44196707010269165,0.02063492126762867,0.18133099377155304,0.21208815276622772,0.37992286682128906,0.39400628209114075,7.454164505004883,7.464570045471191,False
train,0.4423838257789612,0.012698412872850895,0.18510156869888306,0.21229715645313263,0.3755532503128052,0.3945847451686859,7.676939964294434,7.687073707580566,False
train,0.4428005814552307,0.02142857201397419,0.18896068632602692,0.21250450611114502,0.37138259410858154,0.3945309519767761,7.887188911437988,7.897050380706787,False
train,0.44321733713150024,0.015079365111887455,0.19290155172348022,0.21270951628684998,0.36741045117378235,0.3930424153804779,8.08041763305664,8.089970588684082,False
test,0.4436340928077698,0.02619047649204731,0.19691641628742218,0.21291187405586243,0.3636360466480255,0.3893128037452698,8.251840591430664,8.261018753051758,False
train,0.4440508484840393,0.02142857201397419,0.20099522173404694,0.21311049163341522,0.36005881428718567,0.3825889229774475,8.396275520324707,8.404988288879395,False
train,0.44446760416030884,0.02301587350666523,0.20512554049491882,0.21330399811267853,0.35667696595191956,0.3721504509449005,8.50836181640625,8.516496658325195,False
train,0.44488435983657837,0.02063492126762867,0.20929232239723206,0.21349063515663147,0.3534906804561615,0.3574526906013489,8.58258056640625,8.590021133422852,False
train,0.4453011155128479,0.04206349328160286,0.21347899734973907,0.21366892755031586,0.35049891471862793,0.3380851745605469,8.613489151000977,8.620121955871582,False
test,0.44571787118911743,0.07460317760705948,0.21766604483127594,0.2138369083404541,0.3477005660533905,0.31388145685195923,8.595853805541992,8.601582527160645,False
train,0.4461345970630646,0.08888889104127884,0.22183220088481903,0.21399268507957458,0.3450954854488373,0.2848603129386902,8.524870872497559,8.52962875366211,False
train,0.4465513527393341,0.06587301939725876,0.22595450282096863,0.21413397789001465,0.34268152713775635,0.25126808881759644,8.396275520324707,8.400033950805664,False
train,0.44696810841560364,0.0515873022377491,0.23000825941562653,0.21425947546958923,0.34045881032943726,0.21359559893608093,8.206625938415527,8.209404945373535,False
train,0.44738486409187317,0.1746031790971756,0.23396754264831543,0.21436770260334015,0.3384263217449188,0.17251858115196228,7.9534077644348145,7.955278396606445,False
test,0.4478016197681427,0.14920635521411896,0.2378050684928894,0.2144574075937271,0.3365834057331085,0.12887778878211975,7.635204315185547,7.636291980743408,False
train,0.44821837544441223,0.19206349551677704,0.24149398505687714,0.2145274579524994,0.33492913842201233,0.08361703157424927,7.25180196762085,7.252284049987793,False
train,0.44863513112068176,0.6634920835494995,0.24500738084316254,0.21457816660404205,0.33346301317214966,0.03776580095291138,6.804266929626465,6.8043718338012695,False
train,0.4490518867969513,0.8611111044883728,0.2483188658952713,0.214608833193779,0.33218497037887573,-0.007679730653762817,6.29495906829834,6.294963836669922,False
train,0.4494686424732208,0.5992063283920288,0.25140368938446045,0.21462078392505646,0.33109375834465027,-0.051725834608078,5.727535247802734,5.727768898010254,False
test,0.44988539814949036,0.1944444477558136,0.254238486289978,0.21461409330368042,0.3301888108253479,-0.09346762299537659,5.106845855712891,5.107700824737549,False
train,0.4503021538257599,0.22142857313156128,0.25680261850357056,0.2145904004573822,0.3294701874256134,-0.13210660219192505,4.438774108886719,4.440739631652832,False
train,0.4507189095020294,0.5825396776199341,0.25907790660858154,0.2145511358976364,0.328937828540802,-0.16701656579971313,3.730221748352051,3.7339589595794678,False
train,0.45113566517829895,0.7690476179122925,0.261048823595047,0.214497908949852,0.3285910189151764,-0.19766229391098022,2.9887466430664062,2.9952757358551025,False
train,0.4515524208545685,0.48174601793289185,0.26270386576652527,0.21443307399749756,0.32842978835105896,-0.22368571162223816,2.2224745750427246,2.2337028980255127,False
test,0.4519691467285156,0.6246031522750854,0.26403430104255676,0.21435797214508057,0.3284541964530945,-0.244869202375412,1.439889907836914,1.460562825202942,False
train,0.45238590240478516,0.4253968298435211,0.2650357484817505,0.21427544951438904,0.328664094209671,-0.2611514627933502,0.6493433713912964,0.6998906135559082,False
train,0.4528026580810547,0.3301587402820587,0.2657066285610199,0.21418726444244385,0.32905980944633484,-0.2725323438644409,-0.1406458616256714,0.30668407678604126,False
train,0.4532194137573242,0.2984127104282379,0.26604923605918884,0.21409568190574646,0.329641193151474,-0.27913370728492737,-0.9220564365386963,0.9633814096450806,False
train,0.45363616943359375,0.3206349313259125,0.266068696975708,0.21400250494480133,0.33040863275527954,-0.2811621129512787,-1.6871882677078247,1.710455060005188,False
test,0.4540529251098633,0.2571428716182709,0.26577380299568176,0.21390984952449799,0.33136287331581116,-0.2788597643375397,-2.429047107696533,2.4450016021728516,False
train,0.4544696807861328,0.4722222089767456,0.2651754915714264,0.2138194888830185,0.3325043022632599,-0.27253642678260803,-3.1413516998291016,3.153151750564575,False
train,0.45488643646240234,0.682539701461792,0.2642878293991089,0.21373319625854492,0.33383265137672424,-0.2625023126602173,-3.8185856342315674,3.8275976181030273,False
train,0.4553031921386719,0.6523809432983398,0.26312655210494995,0.21365220844745636,0.3353489637374878,-0.24910640716552734,-4.45603609085083,4.462993621826172,False
train,0.4557199478149414,0.7031745910644531,0.2617091238498688,0.21357844769954681,0.33705365657806396,-0.23268118500709534,-5.049961090087891,5.055318832397461,False
test,0.45613670349121094,0.6650793552398682,0.26005464792251587,0.21351295709609985,0.3389475643634796,-0.21357110142707825,-5.5974040031433105,5.601476669311523,False
train,0.45655345916748047,0.7190476059913635,0.25818324089050293,0.21345645189285278,0.34103143215179443,-0.19210398197174072,-6.09620475769043,6.099230766296387,False
train,0.45697021484375,0.40317460894584656,0.2561156153678894,0.21341033279895782,0.3433054983615875,-0.16859620809555054,-6.545068740844727,6.547239780426025,False
train,0.45738694071769714,0.5206349492073059,0.25387290120124817,0.21337559819221497,0.34577104449272156,-0.14333108067512512,-6.943367004394531,6.944846153259277,False
train,0.4578036963939667,0.39126983284950256,0.2514760196208954,0.21335259079933167,0.3484283685684204,-0.11660107970237732,-7.291226863861084,7.292159080505371,False
test,0.4582204520702362,0.4214285612106323,0.2489464432001114,0.2133423238992691,0.3512783348560333,-0.08866316080093384,-7.589288711547852,7.58980655670166,False
train,0.45863720774650574,0.20317460596561432,0.24630481004714966,0.21334484219551086,0.35432156920433044,-0.05973690748214722,-7.838722229003906,7.838949680328369,False
train,0.45905396342277527,0.05000000074505806,0.24357075989246368,0.2133612483739853,0.35755881667137146,-0.030042558908462524,-8.041162490844727,8.041218757629395,False
train,0.4594707190990448,0.0071428571827709675,0.24076393246650696,0.2133912444114685,0.36099109053611755,0.00021883845329284668,-8.198586463928223,8.198586463928223,False
train,0.45988747477531433,0.007936508394777775,0.23790276050567627,0.21343548595905304,0.3646184206008911,0.030858784914016724,-8.313321113586426,8.31337833404541,False
test,0.46030423045158386,0.011904762126505375,0.23500438034534454,0.21349410712718964,0.3684411942958832,0.06173676252365112,-8.387842178344727,8.388069152832031,False
train,0.4607209861278534,0.004761904943734407,0.23208551108837128,0.21356727182865143,0.3724598288536072,0.0927157998085022,-8.424833297729492,8.42534351348877,False
train,0.4611377418041229,0.0063492064364254475,0.22916050255298615,0.21365489065647125,0.3766748905181885,0.12365034222602844,-8.427085876464844,8.427992820739746,False
train,0.46155449748039246,0.0055555556900799274,0.22624409198760986,0.21375733613967896,0.381086528301239,0.1544286012649536,-8.397449493408203,8.398869514465332,False
train,0.461971253156662,0.0023809524718672037,0.22334854304790497,0.21387432515621185,0.3856945335865021,0.18498653173446655,-8.338746070861816,8.340797424316406,False
test,0.4623880088329315,0.0055555556900799274,0.22048567235469818,0.21400569379329681,0.3904985189437866,0.21521121263504028,-8.25382137298584,8.25662612915039,False
train,0.46280476450920105,0.013492063619196415,0.21766558289527893,0.21415138244628906,0.3954991400241852,0.24503663182258606,-8.14543628692627,8.149121284484863,False
train,0.4632214903831482,0.007936508394777775,0.2148977518081665,0.21431192755699158,0.4006939232349396,0.2744010388851166,-8.016282081604004,8.020977020263672,False
train,0.4636382460594177,0.004761904943734407,0.21219025552272797,0.21448664367198944,0.40608394145965576,0.303244948387146,-7.868938446044922,7.874779224395752,False
train,0.46405500173568726,0.0396825410425663,0.20954997837543488,0.21467523276805878,0.41166678071022034,0.3315311074256897,-7.705829620361328,7.712958335876465,False
test,0.4644717574119568,0.04603174701333046,0.20698291063308716,0.2148776352405548,0.4174419045448303,0.3592197895050049,-7.529289245605469,7.537853717803955,False
train,0.4648885130882263,0.14365079998970032,0.2044946402311325,0.21509411931037903,0.42340755462646484,0.38628333806991577,-7.341493606567383,7.351649284362793,False
train,0.46530526876449585,0.15317460894584656,0.2020891308784485,0.21532395482063293,0.42956119775772095,0.4126812219619751,-7.144493103027344,7.156402111053467,False
train,0.4657220244407654,0.07222222536802292,0.19976992905139923,0.21556706726551056,0.4359005093574524,0.4384106993675232,-6.940133571624756,6.953967094421387,False
train,0.4661387801170349,0.0007936508045531809,0.19753950834274292,0.21582335233688354,0.4424232244491577,0.46344491839408875,-6.730149269104004,6.746087074279785,False
test,0.46655553579330444,0.014285714365541935,0.19540004432201385,0.21609270572662354,0.44912561774253845,0.4877902865409851,-6.516098976135254,6.534331321716309,False
train,0.466972291469574,0.012698412872850895,0.19335278868675232,0.21637478470802307,0.45600467920303345,0.5114208459854126,-6.2994384765625,6.320164203643799,False
train,0.4673890471458435,0.0071428571827709675,0.1913987249135971,0.21666911244392395,0.46305564045906067,0.5343496203422546,-6.081441879272461,6.104872226715088,False
train,0.46780580282211304,0.011111111380159855,0.18953809142112732,0.2169758379459381,0.47027477622032166,0.556563138961792,-5.863265037536621,5.889621257781982,False
train,0.46822255849838257,0.0063492064364254475,0.1877705454826355,0.2172943353652954,0.477657675743103,0.5780697464942932,-5.645949363708496,5.6754655838012695,False
test,0.4686393141746521,0.0023809524718672037,0.18609550595283508,0.21762458980083466,0.48519766330718994,0.5988708734512329,-5.43035888671875,5.463281631469727,False
train,0.46905604004859924,0.0023809524718672037,0.18451255559921265,0.2179664522409439,0.4928879737854004,0.6190029382705688,-5.217321395874023,5.253913402557373,False
train,0.4694727957248688,0.0,0.18301981687545776,0.21831952035427094,0.500723659992218,0.638434886932373,-5.007457256317139,5.04799222946167,False
train,0.4698895514011383,0.0031746032182127237,0.18161600828170776,0.21868371963500977,0.5086977481842041,0.6572092771530151,-4.801355838775635,4.846126556396484,False
train,0.47030630707740784,0.0015873016091063619,0.18029960989952087,0.21905852854251862,0.5168025493621826,0.6753324270248413,-4.599490642547607,4.648805141448975,False
test,0.47072306275367737,0.004761904943734407,0.17906858026981354,0.21944434940814972,0.5250285267829895,0.6928244829177856,-4.402219772338867,4.456404685974121,False
train,0.4711398184299469,0.0,0.17792120575904846,0.21984043717384338,0.5333672165870667,0.7097049951553345,-4.209877014160156,4.269279479980469,False
train,0.47155657410621643,0.0015873016091063619,0.17685487866401672,0.22024676203727722,0.5418102741241455,0.7259758710861206,-4.022675514221191,4.0876593589782715,False
train,0.47197332978248596,0.0023809524718672037,0.17586781084537506,0.22066286206245422,0.5503472089767456,0.7416744232177734,-3.840707778930664,3.9116642475128174,False
train,0.4723900854587555,0.0,0.17495763301849365,0.2210889458656311,0.5589665770530701,0.7568165063858032,-3.6640677452087402,3.7414119243621826,False
test,0.472806841135025,0.0031746032182127237,0.17412209510803223,0.22152458131313324,0.5676579475402832,0.7714282870292664,-3.492765426635742,3.576941728591919,False
train,0.47322359681129456,0.02857142873108387,0.17335893213748932,0.22196951508522034,0.5764097571372986,0.7855141162872314,-3.3267359733581543,3.4182164669036865,False
train,0.4736403524875641,0.0396825410425663,0.17266611754894257,0.22242364287376404,0.5852092504501343,0.7991118431091309,-3.165856122970581,3.265152931213379,False
train,0.4740571081638336,0.01666666753590107,0.17204128205776215,0.22288675606250763,0.5940433144569397,0.8122246265411377,-3.009983539581299,3.117645025253296,False
train,0.47447383403778076,0.04682539775967598,0.17148244380950928,0.2233584225177765,0.602897584438324,0.8248792886734009,-2.8588790893554688,2.9755024909973145,False
test,0.4748905897140503,0.12063492089509964,0.17098784446716309,0.22383923828601837,0.6117592453956604,0.8370823860168457,-2.7122855186462402,2.8385207653045654,False
train,0.4753073453903198,0.11587301641702652,0.17055539786815643,0.22432830929756165,0.6206139922142029,0.8488460779190063,-2.569887638092041,2.7064483165740967,False
train,0.47572410106658936,0.03333333507180214,0.17018353939056396,0.22482526302337646,0.6294463276863098,0.8601999878883362,-2.4313406944274902,2.5790233612060547,False
train,0.4761408567428589,0.15555556118488312,0.16987067461013794,0.22533036768436432,0.6382393836975098,0.8711305856704712,-2.2962734699249268,2.455960273742676,False
train,0.4765576124191284,0.1349206417798996,0.16961564123630524,0.22584375739097595,0.6469779014587402,0.8816514611244202,-2.164262533187866,2.336951494216919,False
test,0.47697436809539795,0.04206349328160286,0.16941657662391663,0.22636449337005615,0.6556455492973328,0.8917604684829712,-2.0348947048187256,2.2217185497283936,False
train,0.4773911237716675,0.0015873016091063619,0.16927333176136017,0.22689256072044373,0.6642254590988159,0.9014557600021362,-1.9076714515686035,2.1099367141723633,False
train,0.477807879447937,0.0015873016091063619,0.16918465495109558,0.2274278998374939,0.6726994514465332,0.9107356071472168,-1.7821240425109863,2.0013508796691895,False
train,0.47822463512420654,0.03650793805718422,0.16915000975131989,0.22797039151191711,0.6810506582260132,0.919583797454834,-1.657734990119934,1.895710825920105,False
train,0.4786413908004761,0.0031746032182127237,0.16916893422603607,0.2285195291042328,0.6892614960670471,0.9280004501342773,-1.5340063571929932,1.7928637266159058,False
test,0.4790581464767456,0.0031746032182127237,0.16924116015434265,0.22907522320747375,0.6973130106925964,0.9359476566314697,-1.4104253053665161,1.6927189826965332,False
train,0.47947490215301514,0.007936508394777775,0.16936708986759186,0.22963716089725494,0.7051857113838196,0.943414568901062,-1.2864575386047363,1.5953068733215332,False
train,0.47989165782928467,0.011111111380159855,0.16954660415649414,0.23020502924919128,0.7128632068634033,0.9503704309463501,-1.161586046218872,1.500828504562378,False
train,0.4803083837032318,0.0063492064364254475,0.16978012025356293,0.2307782918214798,0.720325767993927,0.9568064212799072,-1.0353201627731323,1.4097398519515991,False
train,0.48072513937950134,0.01746031828224659,0.17006877064704895,0.2313571274280548,0.7275541424751282,0.962669849395752,-0.9071131944656372,1.322719693183899,False
test,0.4811418950557709,0.004761904943734407,0.1704130470752716,0.23194089531898499,0.7345317602157593,0.9679481983184814,-0.7765238881111145,1.2409323453903198,False
train,0.4815586507320404,0.010317460633814335,0.17081409692764282,0.2325291484594345,0.741237223148346,0.9725788831710815,-0.6430997848510742,1.1659704446792603,False
train,0.48197540640830994,0.009523809887468815,0.17127317190170288,0.23312173783779144,0.7476534247398376,0.976547122001648,-0.5064144134521484,1.1000453233718872,False
train,0.48239216208457947,0.02857142873108387,0.17179201543331146,0.233718141913414,0.7537602186203003,0.9797900915145874,-0.3660733699798584,1.0459437370300293,False
train,0.482808917760849,0.02539682574570179,0.1723715364933014,0.2343178242444992,0.7595404386520386,0.9823007583618164,-0.2217637300491333,1.0070223808288574,False
test,0.48322567343711853,0.09444444626569748,0.1730138510465622,0.23492036759853363,0.7649765610694885,0.9840239882469177,-0.07317864894866943,0.9867412447929382,False
train,0.48364242911338806,0.11349206417798996,0.1737206131219864,0.23552531003952026,0.7700504064559937,0.9849074482917786,0.07991361618041992,0.9881441593170166,False
train,0.4840591847896576,0.010317460633814335,0.17449410259723663,0.23613233864307404,0.7747435569763184,0.9849367737770081,0.23768997192382812,1.0132112503051758,False
train,0.4844759404659271,0.013492063619196415,0.17533542215824127,0.23674066364765167,0.7790402173995972,0.9840731620788574,0.40021300315856934,1.0623419284820557,False
train,0.48489269614219666,0.02301587350666523,0.17624713480472565,0.23734967410564423,0.782922625541687,0.9822767972946167,0.5675315856933594,1.1344424486160278,False
test,0.4853094518184662,0.0023809524718672037,0.17723102867603302,0.2379588931798935,0.7863762378692627,0.9795127511024475,0.7395963668823242,1.2273744344711304,False
train,0.4857262074947357,0.0007936508045531809,0.17828930914402008,0.23856788873672485,0.7893833518028259,0.9757622480392456,0.916266918182373,1.3385279178619385,False
train,0.48614293336868286,0.0007936508045531809,0.1794227957725525,0.2391759306192398,0.7919316291809082,0.9710202217102051,1.0972509384155273,1.4652098417282104,False
train,0.4865596890449524,0.0055555556900799274,0.18063463270664215,0.23978260159492493,0.7940047383308411,0.9652680158615112,1.2822867631912231,1.6049927473068237,False
train,0.4869764447212219,0.03888889029622078,0.18192535638809204,0.24038688838481903,0.7955915927886963,0.9584683179855347,1.4708877801895142,1.7556116580963135,False
test,0.48739320039749146,0.011111111380159855,0.18329626321792603,0.24098840355873108,0.7966782450675964,0.9506584405899048,1.6625200510025024,1.9151304960250854,False
train,0.487809956073761,0.03492063656449318,0.18474873900413513,0.2415863573551178,0.797253429889679,0.9418123960494995,1.856522560119629,2.0817508697509766,False
train,0.4882267117500305,0.04682539775967598,0.18628358840942383,0.24218051135540009,0.7973034381866455,0.9319603443145752,2.0521340370178223,2.2538421154022217,False
train,0.48864346742630005,0.05714285746216774,0.18790102005004883,0.24276964366436005,0.7968227863311768,0.9211074113845825,2.248478412628174,2.4298341274261475,False
train,0.4890602231025696,0.04285714402794838,0.18960104882717133,0.2433534562587738,0.795801043510437,0.9093083739280701,2.4445505142211914,2.6081926822662354,False
test,0.4894769787788391,0.01587301678955555,0.1913834512233734,0.2439313530921936,0.7942301630973816,0.8965627551078796,2.639260768890381,2.787386178970337,False
train,0.48989373445510864,0.011904762126505375,0.19324728846549988,0.24450290203094482,0.7921012043952942,0.882914125919342,2.831390619277954,2.96585750579834,False
train,0.4903104901313782,0.02698412723839283,0.19519124925136566,0.24506710469722748,0.789411723613739,0.8684441447257996,3.0196409225463867,3.1420419216156006,False
train,0.4907272458076477,0.05317460373044014,0.1972125768661499,0.24562348425388336,0.7861559391021729,0.853175699710846,3.2025983333587646,3.3142940998077393,False
train,0.49114400148391724,0.04682539775967598,0.19930945336818695,0.24617159366607666,0.7823313474655151,0.8371772766113281,3.378810405731201,3.480980634689331,False
test,0.4915607273578644,0.09603174775838852,0.20147839188575745,0.24671101570129395,0.7779353260993958,0.82053142786026,3.5467331409454346,3.6404104232788086,False
train,0.4919774830341339,0.20555555820465088,0.203715980052948,0.24724087119102478,0.7729677557945251,0.8033053278923035,3.7048213481903076,3.790910243988037,False
train,0.49239423871040344,0.11746031790971756,0.20601744949817657,0.24776124954223633,0.7674280405044556,0.7855732440948486,3.8514740467071533,3.9307732582092285,False
train,0.492810994386673,0.05793650820851326,0.20837710797786713,0.24827131628990173,0.7613214254379272,0.7674373388290405,3.9851021766662598,4.058324813842773,False
train,0.4932277500629425,0.012698412872850895,0.2107895314693451,0.24877065420150757,0.7546496391296387,0.7489852905273438,4.104182243347168,4.1719651222229,False
test,0.49364450573921204,0.02301587350666523,0.21324856579303741,0.24925929307937622,0.747417688369751,0.7303228974342346,4.20728874206543,4.270205020904541,False
train,0.49406126141548157,0.02142857201397419,0.21574680507183075,0.2497367411851883,0.7396300435066223,0.7115216851234436,4.293057441711426,4.351621150970459,False
train,0.4944780170917511,0.01825396902859211,0.21827682852745056,0.2502026855945587,0.7312992215156555,0.6927032470703125,4.360348224639893,4.415028095245361,False
train,0.49489477276802063,0.02698412723839283,0.22083061933517456,0.2506570518016815,0.7224329113960266,0.6739972829818726,4.408161640167236,4.459390163421631,False
train,0.49531152844429016,0.02460317499935627,0.22339996695518494,0.25109943747520447,0.7130417823791504,0.6555018424987793,4.4358086585998535,4.483980655670166,False
test,0.4957282841205597,0.0436507947742939,0.22597640752792358,0.2515302300453186,0.7031368613243103,0.6373229026794434,4.442836284637451,4.488315582275391,False
train,0.4961450397968292,0.02777777798473835,0.22855056822299957,0.25194892287254333,0.6927354335784912,0.6195683479309082,4.4291558265686035,4.472280025482178,False
train,0.49656179547309875,0.05238095298409462,0.23111450672149658,0.2523553669452667,0.6818519830703735,0.6023914217948914,4.39502477645874,4.436115264892578,False
train,0.4969785511493683,0.03333333507180214,0.23365992307662964,0.2527502179145813,0.6705041527748108,0.5858809947967529,4.3411149978637695,4.380472183227539,False
train,0.49739527702331543,0.05714285746216774,0.2361782193183899,0.25313326716423035,0.6587094664573669,0.5701693296432495,4.268484592437744,4.306396961212158,False
test,0.49781203269958496,0.07301587611436844,0.23866215348243713,0.25350478291511536,0.6464889645576477,0.5553836822509766,4.178598880767822,4.215345859527588,False
train,0.4982287883758545,0.13015873730182648,0.24110539257526398,0.25386515259742737,0.6338625550270081,0.5416182279586792,4.073348522186279,4.109199523925781,False
train,0.498645544052124,0.3888888955116272,0.24350091814994812,0.2542142868041992,0.620856523513794,0.5289812088012695,3.9550232887268066,3.9902420043945312,False
train,0.49906229972839355,0.5833333134651184,0.24584437906742096,0.2545525133609772,0.60749351978302,0.5175694823265076,3.826237440109253,3.861084222793579,False
train,0.4994790554046631,0.6436507701873779,0.2481319010257721,0.2548806071281433,0.5937983989715576,0.507459282875061,3.6899473667144775,3.7246780395507812,False
test,0.4998958110809326,0.7277777791023254,0.2503616511821747,0.2551988363265991,0.5797978043556213,0.49867570400238037,3.549306631088257,3.584167242050171,False
train,0.5003125667572021,0.658730149269104,0.25253140926361084,0.25550776720046997,0.5655219554901123,0.49127185344696045,3.407665252685547,3.4428956508636475,False
train,0.5007293224334717,0.43412697315216064,0.2546423375606537,0.25580763816833496,0.5509986877441406,0.48522138595581055,3.2684664726257324,3.3042869567871094,False
train,0.5011460781097412,0.1825396865606308,0.25669577717781067,0.2560988962650299,0.5362573266029358,0.48044219613075256,3.135075569152832,3.171675205230713,False
train,0.5015628337860107,0.17301587760448456,0.25869521498680115,0.256382018327713,0.521327018737793,0.47683295607566833,3.010831832885742,3.048356533050537,False
test,0.5019795894622803,0.16825397312641144,0.26064467430114746,0.2566576600074768,0.5062419772148132,0.4742599129676819,2.898824691772461,2.937363862991333,False
train,0.5023963451385498,0.17936508357524872,0.26255014538764954,0.2569257318973541,0.4910334646701813,0.47251617908477783,2.8018722534179688,2.8414361476898193,False
train,0.5028131008148193,0.21111111342906952,0.26441794633865356,0.2571867108345032,0.47573286294937134,0.47132790088653564,2.7224302291870117,2.7629289627075195,False
train,0.5032298564910889,0.11428571492433548,0.2662571370601654,0.25744113326072693,0.4603712558746338,0.4703857898712158,2.662538766860962,2.703770637512207,False
train,0.5036466121673584,0.10079365223646164,0.2680744528770447,0.2576882243156433,0.4449840188026428,0.46936070919036865,2.623760223388672,2.6654112339019775,False
test,0.5040633678436279,0.13650794327259064,0.2698800563812256,0.2579283118247986,0.4296022653579712,0.46785300970077515,2.607170343399048,2.648815393447876,False
train,0.5044801235198975,0.04047619178891182,0.2716830372810364,0.2581610679626465,0.4142569303512573,0.46547454595565796,2.613311290740967,2.654442071914673,False
train,0.504896879196167,0.02222222276031971,0.27349281311035156,0.25838616490364075,0.3989822268486023,0.46183478832244873,2.6422624588012695,2.6823203563690186,False
train,0.5053136348724365,0.011111111380159855,0.27531862258911133,0.25860294699668884,0.3838080167770386,0.45652469992637634,2.693610668182373,2.7320237159729004,False
train,0.5057303309440613,0.009523809887468815,0.2771698832511902,0.2588106095790863,0.3687663972377777,0.44919925928115845,2.7664895057678223,2.802720785140991,False
test,0.5061470866203308,0.03650793805718422,0.2790549397468567,0.2590084671974182,0.35388267040252686,0.43952903151512146,2.8596930503845215,2.893273115158081,False
train,0.5065638422966003,0.02460317499935627,0.2809828221797943,0.2591952681541443,0.33918675780296326,0.42722970247268677,2.9716427326202393,3.002197027206421,False
train,0.5069805979728699,0.02063492126762867,0.28295961022377014,0.2593704164028168,0.3247073292732239,0.412129282951355,3.1005380153656006,3.1278085708618164,False
train,0.5073973536491394,0.3087301552295685,0.2849925458431244,0.25953245162963867,0.3104690909385681,0.39408642053604126,3.2443630695343018,3.26820969581604,False
train,0.5078141093254089,0.3261904716491699,0.2870873510837555,0.25968074798583984,0.2964959144592285,0.37309208512306213,3.4009552001953125,3.421358346939087,False
test,0.5082308650016785,0.12777778506278992,0.2892489731311798,0.25981345772743225,0.2828093469142914,0.3491038978099823,3.5681519508361816,3.5851893424987793,False
train,0.508647620677948,0.05476190522313118,0.291480153799057,0.2599298655986786,0.26943179965019226,0.32228803634643555,3.7437314987182617,3.7575783729553223,False
train,0.5090643763542175,0.02460317499935627,0.2937850058078766,0.26002898812294006,0.2563813030719757,0.2928049862384796,3.9255475997924805,3.9364523887634277,False
train,0.5094811320304871,0.15714286267757416,0.2961651086807251,0.2601099908351898,0.24367499351501465,0.2609046399593353,4.11151123046875,4.119781017303467,False
train,0.5098978877067566,0.17539682984352112,0.2986223101615906,0.26017194986343384,0.2313261479139328,0.22685696184635162,4.2997283935546875,4.305708885192871,False
test,0.5103146433830261,0.02063492126762867,0.30115604400634766,0.26021426916122437,0.21935005486011505,0.1910695880651474,4.48838996887207,4.492455005645752,False
train,0.5107313990592957,0.015079365111887455,0.30376628041267395,0.2602366507053375,0.2077561616897583,0.15387719869613647,4.675922393798828,4.67845344543457,False
train,0.5111481547355652,0.0396825410425663,0.3064524233341217,0.2602382302284241,0.19655337929725647,0.11567384004592896,4.860947608947754,4.862323760986328,False
train,0.5115649104118347,0.4444444477558136,0.3092133700847626,0.2602192461490631,0.18574818968772888,0.07689017057418823,5.04224967956543,5.0428361892700195,False
train,0.5119816660881042,0.22460317611694336,0.3120464086532593,0.26017963886260986,0.17534655332565308,0.03793659806251526,5.2188615798950195,5.21899938583374,False
test,0.5123984217643738,0.33095237612724304,0.31494972109794617,0.2601195275783539,0.16535049676895142,-0.0007793307304382324,5.390050888061523,5.390050888061523,False
train,0.5128151774406433,0.09444444626569748,0.3179207444190979,0.2600395679473877,0.15576161444187164,-0.038881197571754456,5.5551838874816895,5.555319786071777,False
train,0.5132319331169128,0.07380952686071396,0.3209570348262787,0.25993993878364563,0.1465781331062317,-0.0760054886341095,5.713951110839844,5.714456558227539,False
train,0.5136486887931824,0.10634920746088028,0.3240552544593811,0.2598212659358978,0.13779957592487335,-0.1117764562368393,5.866115093231201,5.867179870605469,False
train,0.5140654444694519,0.0023809524718672037,0.32721295952796936,0.2596849799156189,0.1294211447238922,-0.14590078592300415,6.011711120605469,6.013481140136719,False
test,0.5144822001457214,0.0023809524718672037,0.3304271399974823,0.259531170129776,0.12143755704164505,-0.17809700965881348,6.1508660316467285,6.153443813323975,False
train,0.514898955821991,0.05873015895485878,0.33369529247283936,0.2593611776828766,0.11384230852127075,-0.20813563466072083,6.28383207321167,6.287278175354004,False
train,0.5153157114982605,1.0,0.33701425790786743,0.2591763436794281,0.10662820190191269,-0.2357790768146515,6.411070346832275,6.415404319763184,False
train,0.51573246717453,0.6515873074531555,0.3403821587562561,0.2589775621891022,0.09978602081537247,-0.26088500022888184,6.533077716827393,6.5382843017578125,False
train,0.5161492228507996,0.2023809552192688,0.34379681944847107,0.2587664723396301,0.09330645203590393,-0.2833326756954193,6.650450229644775,6.656483173370361,False
test,0.5165659785270691,0.009523809887468815,0.347256600856781,0.2585436701774597,0.08717833459377289,-0.3030046820640564,6.763917446136475,6.770700931549072,False
train,0.5169827342033386,0.02777777798473835,0.35075926780700684,0.2583112120628357,0.08139165490865707,-0.31986215710639954,6.874205589294434,6.881643295288086,False
train,0.5173994302749634,0.0055555556900799274,0.3543034493923187,0.2580699920654297,0.07593491673469543,-0.33389925956726074,6.982135772705078,6.990115165710449,False
train,0.5178161859512329,0.18412698805332184,0.3578895628452301,0.25782153010368347,0.07079455256462097,-0.3451153337955475,7.088616371154785,7.097012519836426,False
train,0.5182329416275024,0.3682539761066437,0.36151665449142456,0.2575668394565582,0.06595886498689651,-0.35361766815185547,7.194435119628906,7.203120231628418,False
test,0.518649697303772,0.0055555556900799274,0.3651839792728424,0.2573074698448181,0.0614156499505043,-0.35944288969039917,7.300573348999023,7.309416770935059,False
train,0.5190664529800415,0.02698412723839283,0.36889204382896423,0.2570445239543915,0.0571521632373333,-0.3627508282661438,7.407872200012207,7.416748523712158,False
train,0.519483208656311,0.0063492064364254475,0.3726417124271393,0.25677913427352905,0.05315551906824112,-0.363739550113678,7.517258644104004,7.526053428649902,False
train,0.5198999643325806,0.0007936508045531809,0.3764342665672302,0.2565121054649353,0.04941273853182793,-0.3625984191894531,7.6296586990356445,7.638269901275635,False
train,0.5203167200088501,0.0,0.38027048110961914,0.2562449276447296,0.04591195285320282,-0.35957419872283936,7.745851039886475,7.754192352294922,False
test,0.5207334756851196,0.0007936508045531809,0.38415196537971497,0.2559778392314911,0.04264043644070625,-0.35495471954345703,7.866706371307373,7.8747100830078125,False
train,0.5211502313613892,0.007936508394777775,0.38808146119117737,0.2557118237018585,0.03958597406744957,-0.34906959533691406,7.9930925369262695,8.000711441040039,False
train,0.5215669870376587,0.0007936508045531809,0.392061322927475,0.2554473578929901,0.03673670068383217,-0.3423011600971222,8.125686645507812,8.132893562316895,False
train,0.5219837427139282,0.0007936508045531809,0.3960939943790436,0.2551848292350769,0.034081313759088516,-0.3350049555301666,8.265328407287598,8.272114753723145,False
train,0.5224004983901978,0.011904762126505375,0.4001825749874115,0.2549246549606323,0.03160856291651726,-0.32765066623687744,8.412593841552734,8.41897201538086,False
test,0.5228172540664673,0.0015873016091063619,0.4043300449848175,0.2546665668487549,0.029307622462511063,-0.32069575786590576,8.568155288696289,8.5741548538208,False
train,0.5232340097427368,0.0,0.4085404574871063,0.25441011786460876,0.027167951688170433,-0.3146290183067322,8.732612609863281,8.73827838897705,False
train,0.5236507654190063,0.0015873016091063619,0.4128173887729645,0.25415539741516113,0.025179892778396606,-0.3099898099899292,8.906472206115723,8.911865234375,False
train,0.5240675210952759,0.0007936508045531809,0.41716453433036804,0.2539016008377075,0.023333746939897537,-0.3073052167892456,9.090197563171387,9.095390319824219,False
train,0.5244842767715454,0.004761904943734407,0.4215868413448334,0.2536478042602539,0.021620413288474083,-0.3071490228176117,9.28426742553711,9.289346694946289,False
test,0.5249010324478149,0.008730159141123295,0.42608797550201416,0.2533927857875824,0.020031172782182693,-0.3101080060005188,9.488916397094727,9.493982315063477,False
train,0.5253177881240845,0.02142857201397419,0.4306724965572357,0.25313544273376465,0.018557941541075706,-0.3167155981063843,9.704506874084473,9.709673881530762,False
train,0.525734543800354,0.03015873022377491,0.4353446960449219,0.2528739869594574,0.017192870378494263,-0.3275594115257263,9.93124008178711,9.936640739440918,False
train,0.5261512994766235,0.04285714402794838,0.4401092827320099,0.25260666012763977,0.01592857576906681,-0.34316033124923706,10.169279098510742,10.175067901611328,False
train,0.5265680551528931,0.26428571343421936,0.44497162103652954,0.25233104825019836,0.014758028090000153,-0.36404234170913696,10.41877555847168,10.42513370513916,False
test,0.5269848108291626,0.3182539641857147,0.44993534684181213,0.2520456612110138,0.013674797490239143,-0.3906516432762146,10.679670333862305,10.686813354492188,False
train,0.5274015665054321,0.1587301641702652,0.4550057351589203,0.25174760818481445,0.012672614306211472,-0.42339712381362915,10.95200252532959,10.960184097290039,False
train,0.5278183221817017,0.380952388048172,0.4601869285106659,0.25143441557884216,0.011745751835405827,-0.462634801864624,11.235608100891113,11.245128631591797,False
train,0.5282350778579712,0.6095238327980042,0.4654839336872101,0.25110292434692383,0.010888737626373768,-0.5085862874984741,11.530338287353516,11.541549682617188,False
train,0.528651773929596,0.5706349015235901,0.47090020775794983,0.25075072050094604,0.010096650570631027,-0.5613958835601807,11.835949897766113,11.84925651550293,False
test,0.5290685296058655,0.8849206566810608,0.4764414429664612,0.2503753900527954,0.009364464320242405,-0.6211456656455994,12.152118682861328,12.167983055114746,True
train,0.529485285282135,0.8420634865760803,0.48211097717285156,0.24997329711914062,0.008687891066074371,-0.6877696514129639,12.478425979614258,12.49736499786377,True
train,0.5299020409584045,0.6007936596870422,0.48791372776031494,0.24954187870025635,0.008062747307121754,-0.7610703706741333,12.814460754394531,12.837040901184082,True
train,0.5303187966346741,0.21587301790714264,0.493851900100708,0.24907876551151276,0.0074852448888123035,-0.8407514691352844,13.159534454345703,13.18636417388916,True
train,0.5307355523109436,0.25555557012557983,0.49992984533309937,0.2485811859369278,0.006951753981411457,-0.9263887405395508,13.512999534606934,13.544716835021973,True
test,0.5311523079872131,0.3896825313568115,0.5061504244804382,0.248046875,0.006458972115069628,-1.0174596309661865,13.874069213867188,13.91132640838623,True
train,0.5315690636634827,0.3619047701358795,0.51251620054245,0.24747343361377716,0.006003767251968384,-1.1133058071136475,14.241852760314941,14.285301208496094,True
train,0.5319858193397522,0.2944444417953491,0.5190303921699524,0.24685968458652496,0.005583282560110092,-1.2131788730621338,14.615310668945312,14.66557502746582,True
train,0.5324025750160217,0.1785714328289032,0.5256934762001038,0.24620378017425537,0.005194863770157099,-1.3162634372711182,14.993232727050781,15.050899505615234,True
train,0.5328193306922913,0.0912698432803154,0.5325075387954712,0.2455044686794281,0.004836046136915684,-1.4216609001159668,15.374363899230957,15.439953804016113,True
test,0.5332360863685608,0.17777778208255768,0.5394740700721741,0.24476087093353271,0.004504531621932983,-1.528432846069336,15.757242202758789,15.831196784973145,True
train,0.5336528420448303,0.2579365074634552,0.5465916991233826,0.2439732700586319,0.004198217298835516,-1.635634183883667,16.140199661254883,16.222864151000977,True
train,0.5340695977210999,0.4039682447910309,0.5538613200187683,0.24314135313034058,0.0039151436649262905,-1.7422901391983032,16.521512985229492,16.613126754760742,True
train,0.5344863533973694,0.1547619104385376,0.5612803101539612,0.2422657310962677,0.00365351396612823,-1.8474705219268799,16.899137496948242,16.99982261657715,True
train,0.5349031090736389,0.06190476194024086,0.5688467621803284,0.24134673178195953,0.0034116478636860847,-1.9502683877944946,17.270977020263672,17.3807430267334,True
test,0.5353198647499084,0.12619048357009888,0.5765585899353027,0.240386500954628,0.0031880137976258993,-2.0498883724212646,17.63473129272461,17.75347328186035,True
train,0.535736620426178,0.1388888955116272,0.5844101905822754,0.23938560485839844,0.002981206402182579,-2.145540952682495,17.987916946411133,18.115421295166016,True
train,0.5361533761024475,0.03412698581814766,0.5923972725868225,0.23834647238254547,0.0027898952830582857,-2.236612558364868,18.327919006347656,18.463886260986328,True
train,0.536570131778717,0.02222222276031971,0.6005131006240845,0.23727059364318848,0.0026128804311156273,-2.322544813156128,18.65196990966797,18.796016693115234,True
train,0.5369868874549866,0.0015873016091063619,0.60875004529953,0.23616066575050354,0.0024490554351359606,-2.4029529094696045,18.957202911376953,19.108890533447266,True
test,0.5374036431312561,0.003968254197388887,0.6171005964279175,0.23501922190189362,0.0022973851300776005,-2.477559804916382,19.24067497253418,19.399532318115234,True
train,0.5378203988075256,0.01825396902859211,0.6255534887313843,0.23384840786457062,0.0021569367963820696,-2.5462098121643066,19.499380111694336,19.664918899536133,True
train,0.5382371544837952,0.8357142806053162,0.6340983510017395,0.232650488615036,0.002026825910434127,-2.6088879108428955,19.7303524017334,19.902088165283203,True
train,0.5386539101600647,0.9396825432777405,0.642723023891449,0.23142866790294647,0.0019062593346461654,-2.6657321453094482,19.930599212646484,20.108081817626953,True
train,0.5390706658363342,0.46587300300598145,0.6514132022857666,0.23018494248390198,0.0017945048166438937,-2.716951608657837,20.097265243530273,20.280086517333984,True
test,0.5394874215126038,0.02460317499935627,0.660155177116394,0.22892160713672638,0.0016908770194277167,-2.7628960609436035,20.227638244628906,20.41545867919922,True
train,0.5399041175842285,0.09047619253396988,0.6689310073852539,0.22764047980308533,0.0015947659267112613,-2.80400013923645,20.31915855407715,20.51171875,True
train,0.540320873260498,0.44603174924850464,0.677726686000824,0.22634421288967133,0.0015055726980790496,-2.8408236503601074,20.369626998901367,20.566768646240234,True
train,0.5407376289367676,0.7865079641342163,0.6865240931510925,0.22503381967544556,0.0014227796345949173,-2.8739287853240967,20.377090454101562,20.578758239746094,True
train,0.5411543846130371,0.711904764175415,0.6953036189079285,0.2237110137939453,0.001345901982858777,-2.9039618968963623,20.33997344970703,20.546228408813477,True
test,0.5415711402893066,0.6166666746139526,0.7040476202964783,0.222376748919487,0.001274489564821124,-2.9315857887268066,20.257097244262695,20.46812629699707,True
train,0.5419878959655762,0.1071428582072258,0.7127367258071899,0.22103220224380493,0.001208130968734622,-2.9575061798095703,20.127756118774414,20.34387969970703,True
train,0.5424046516418457,0.32301586866378784,0.7213506698608398,0.2196778506040573,0.0011464501731097698,-2.9824023246765137,19.95174789428711,20.17342185974121,True
train,0.5428214073181152,0.8682539463043213,0.7298710942268372,0.21831397712230682,0.0010890912963077426,-3.0069398880004883,19.72930908203125,19.957138061523438,True
train,0.5432381629943848,0.938095211982727,0.7382779717445374,0.21694031357765198,0.0010357399005442858,-3.0317165851593018,19.461273193359375,19.696001052856445,True
test,0.5436549186706543,0.9595237970352173,0.7465527653694153,0.2155570089817047,0.0009860979625955224,-3.057351589202881,19.148977279663086,19.391511917114258,True
train,0.5440716743469238,0.9730158448219299,0.7546781301498413,0.21416354179382324,0.0009398930124007165,-3.084340810775757,18.79416847229004,19.045574188232422,True
train,0.5444884300231934,0.9785714149475098,0.7626360058784485,0.21275916695594788,0.0008968765614554286,-3.113159656524658,18.399171829223633,18.660688400268555,True
train,0.5449051856994629,0.9634920358657837,0.7704107165336609,0.21134290099143982,0.0008568166522309184,-3.144151210784912,17.96665382385254,18.23969078063965,True
train,0.5453219413757324,0.9674603343009949,0.7779877781867981,0.2099141925573349,0.0008194997790269554,-3.1776282787323,17.499759674072266,17.785919189453125,True
test,0.545738697052002,0.973809540271759,0.7853527665138245,0.20847170054912567,0.0007847326924093068,-3.2138121128082275,17.001888275146484,17.30297088623047,True
train,0.5461554527282715,0.9642857313156128,0.7924947738647461,0.20701444149017334,0.0007523335516452789,-3.252816915512085,16.476768493652344,16.794782638549805,True
train,0.546572208404541,0.9579365253448486,0.7994018793106079,0.205540731549263,0.0007221390842460096,-3.2946724891662598,15.928323745727539,16.2654972076416,True
train,0.5469889640808105,0.9658730030059814,0.8060663938522339,0.20405007898807526,0.0006939965533092618,-3.3393588066101074,15.360617637634277,15.719411849975586,True
train,0.5474057197570801,0.9698412418365479,0.8124812245368958,0.20254094898700714,0.0006677628844045103,-3.386766195297241,14.777687072753906,15.160812377929688,True
test,0.5478224754333496,0.9904761910438538,0.818640410900116,0.20101237297058105,0.0006433108355849981,-3.436720132827759,14.18373966217041,14.594160079956055,True
train,0.5482392311096191,0.9833333492279053,0.8245410919189453,0.1994631588459015,0.0006205204990692437,-3.4889726638793945,13.582758903503418,14.023703575134277,True
train,0.5486559867858887,0.9690476059913635,0.8301805853843689,0.1978926956653595,0.0005992815131321549,-3.5432605743408203,12.978750228881836,13.453722953796387,True
train,0.5490727424621582,0.9690476059913635,0.8355585336685181,0.19630010426044464,0.0005794932367280126,-3.5992445945739746,12.37546157836914,12.888235092163086,True
train,0.5494894981384277,0.970634937286377,0.84067702293396,0.19468474388122559,0.0005610621301457286,-3.65657114982605,11.776383399963379,12.33100700378418,True
test,0.5499062538146973,0.9817460179328918,0.8455377221107483,0.19304604828357697,0.0005439030355773866,-3.7148478031158447,11.184842109680176,11.78561782836914,False
train,0.5503230094909668,0.9857142567634583,0.8501444458961487,0.19138391315937042,0.0005279360921122134,-3.7737040519714355,10.603852272033691,11.255332946777344,False
train,0.5507397651672363,0.9865079522132874,0.8545029163360596,0.18969807028770447,0.0005130884237587452,-3.8327159881591797,10.036094665527344,10.743040084838867,False
train,0.5511564612388611,0.9801587462425232,0.8586181998252869,0.18798880279064178,0.0004992967005819082,-3.8914825916290283,9.48401165008545,10.251347541809082,False
train,0.5515732169151306,0.970634937286377,0.8624987602233887,0.18625576794147491,0.0004864933143835515,-3.9496490955352783,8.94947624206543,9.782272338867188,False
test,0.5519899725914001,0.9714285731315613,0.8661512732505798,0.18449972569942474,0.0004746234626509249,-4.006822109222412,8.434305191040039,9.337672233581543,False
train,0.5524067282676697,0.9714285731315613,0.8695847392082214,0.18272115290164948,0.00046363600995391607,-4.06266450881958,7.939877033233643,8.918906211853027,False
train,0.5528234839439392,0.9801587462425232,0.872808039188385,0.18092045187950134,0.000453483167802915,-4.116842269897461,7.46722936630249,8.52689266204834,False
train,0.5532402396202087,0.9658730030059814,0.8758301734924316,0.17909841239452362,0.0004441209603101015,-4.169068813323975,7.01712703704834,8.16218090057373,False
train,0.5536569952964783,0.9785714149475098,0.8786613345146179,0.17725619673728943,0.00043550803093239665,-4.21908712387085,6.590063095092773,7.824936389923096,False
test,0.5540737509727478,0.9690476059913635,0.8813105821609497,0.175394669175148,0.00042760890210047364,-4.266686916351318,6.186205863952637,7.514902591705322,False
train,0.5544905066490173,0.9730158448219299,0.8837876915931702,0.17351484298706055,0.0004203887947369367,-4.31166934967041,5.805558204650879,7.231528282165527,False
train,0.5549072623252869,0.9666666388511658,0.8861032724380493,0.1716177612543106,0.0004138185759074986,-4.353885650634766,5.447806358337402,6.973873615264893,False
train,0.5553240180015564,0.9634920358657837,0.8882652521133423,0.1697046458721161,0.00040786812314763665,-4.393226146697998,5.1125407218933105,6.740808963775635,False
train,0.5557407736778259,0.9785714149475098,0.8902841806411743,0.16777697205543518,0.0004025136586278677,-4.429624557495117,4.799098968505859,6.530920505523682,False
test,0.5561575293540955,0.9777777791023254,0.8921688199043274,0.16583560407161713,0.0003977311425842345,-4.463037014007568,4.506663799285889,6.342611312866211,False
train,0.556574285030365,0.9849206209182739,0.8939275145530701,0.16388197243213654,0.00039350069710053504,-4.493452072143555,4.234341144561768,6.174201011657715,False
train,0.5569910407066345,0.9753968119621277,0.8955683708190918,0.16191746294498444,0.00038980410317890346,-4.520910263061523,3.9810752868652344,6.023918151855469,False
train,0.557407796382904,0.9801587462425232,0.897099494934082,0.15994314849376678,0.0003866231709253043,-4.545454025268555,3.745760440826416,5.889980792999268,False
train,0.5578245520591736,0.970634937286377,0.8985278606414795,0.1579601913690567,0.0003839448909275234,-4.567163467407227,3.5272023677825928,5.770627498626709,False
test,0.5582413077354431,0.9817460179328918,0.8998609185218811,0.1559697687625885,0.00038175718509592116,-4.586153984069824,3.3241055011749268,5.664140224456787,False
train,0.5586580634117126,0.9801587462425232,0.9011037945747375,0.15397322177886963,0.00038004620000720024,-4.602546215057373,3.1352477073669434,5.568950653076172,False
train,0.5590748190879822,0.9833333492279053,0.9022629857063293,0.15197138488292694,0.00037880457239225507,-4.616481304168701,2.9592883586883545,5.483546733856201,False
train,0.5594915747642517,0.9571428298950195,0.9033436179161072,0.14996525645256042,0.00037802450242452323,-4.628122806549072,2.7948780059814453,5.406557559967041,False
train,0.5599083304405212,0.9642857313156128,0.904349684715271,0.1479557305574417,0.0003776993544306606,-4.637631893157959,2.640739679336548,5.3367719650268555,False
test,0.5603250861167908,0.9603174328804016,0.9052859544754028,0.1459437608718872,0.0003778241516556591,-4.645198345184326,2.495516300201416,5.273089408874512,False
train,0.5607418417930603,0.4126984179019928,0.9061554670333862,0.14393019676208496,0.0003783952270168811,-4.651001453399658,2.357935667037964,5.214563846588135,False
train,0.5611585974693298,0.3698412775993347,0.90696120262146,0.14191555976867676,0.0003794111544266343,-4.655228137969971,2.226713180541992,5.1603684425354,False
train,0.5615753531455994,0.908730149269104,0.907705545425415,0.13990050554275513,0.0003808722540270537,-4.65807580947876,2.1005988121032715,5.1098127365112305,False
train,0.5619921088218689,0.9920634627342224,0.9083908200263977,0.13788564503192902,0.000382777041522786,-4.6597208976745605,1.9783895015716553,5.062314033508301,False
test,0.5624088644981384,0.9722222089767456,0.9090180397033691,0.13587142527103424,0.00038512880564667284,-4.660353183746338,1.858902096748352,5.0174102783203125,False
train,0.5628255605697632,0.9753968119621277,0.9095884561538696,0.13385844230651855,0.0003879308933392167,-4.660150527954102,1.7409883737564087,4.974740505218506,False
train,0.5632423162460327,0.9825396537780762,0.910102367401123,0.1318463385105133,0.00039118845597840846,-4.659276485443115,1.6235527992248535,4.934042930603027,False
train,0.5636590719223022,0.9817460179328918,0.9105597734451294,0.12983597815036774,0.0003949060628656298,-4.657904624938965,1.5055339336395264,4.895171642303467,False
train,0.5640758275985718,0.9849206209182739,0.9109600782394409,0.1278272420167923,0.00039909107726998627,-4.656175136566162,1.3859224319458008,4.858059883117676,False
test,0.5644925832748413,0.9722222089767456,0.9113026857376099,0.12582039833068848,0.00040375234675593674,-4.654226779937744,1.2637202739715576,4.822739601135254,False
train,0.5649093389511108,0.9873015880584717,0.9115867018699646,0.12381533533334732,0.00040890093077905476,-4.652191162109375,1.1379681825637817,4.789348125457764,False
train,0.5653260946273804,0.9825396537780762,0.9118098616600037,0.1218123733997345,0.00041454521124251187,-4.65018367767334,1.0077954530715942,4.75813627243042,False
train,0.5657428503036499,0.9896825551986694,0.9119704961776733,0.11981124430894852,0.0004206995654385537,-4.6482930183410645,0.8723109364509583,4.729434967041016,False
train,0.5661596059799194,0.9920634627342224,0.9120662808418274,0.11781194061040878,0.000427376595325768,-4.646603584289551,0.7306881546974182,4.703703880310059,False
test,0.566576361656189,0.9888888597488403,0.9120944738388062,0.1158142015337944,0.0004345927736721933,-4.645183563232422,0.5821042060852051,4.681514263153076,False
train,0.5669931173324585,0.9888888597488403,0.9120524525642395,0.11381816118955612,0.00044236352550797164,-4.644089698791504,0.42576462030410767,4.663565635681152,False
train,0.567409873008728,0.9833333492279053,0.911936342716217,0.11182360351085663,0.00045070613850839436,-4.643352508544922,0.26095306873321533,4.650679588317871,False
train,0.5678266286849976,0.9888888597488403,0.9117426872253418,0.10983036458492279,0.0004596412181854248,-4.6429972648620605,0.08694034814834595,4.643811225891113,False
train,0.5682433843612671,0.9801587462425232,0.9114674925804138,0.10783809423446655,0.000469190941657871,-4.643030166625977,-0.09702491760253906,4.644043922424316,False
test,0.5686601400375366,0.9849206209182739,0.9111066460609436,0.10584694892168045,0.0004793748666997999,-4.643436908721924,-0.29156726598739624,4.652581691741943,False
train,0.5690768957138062,0.9682539701461792,0.9106556177139282,0.10385654866695404,0.0004902191576547921,-4.6441969871521,-0.4973800778388977,4.670754909515381,False
train,0.5694936513900757,0.9698412418365479,0.9101102948188782,0.1018669605255127,0.0005017477087676525,-4.645269870758057,-0.7151059508323669,4.699990272521973,False
train,0.5699104070663452,0.9865079522132874,0.9094641804695129,0.0998777374625206,0.0005139910499565303,-4.646601676940918,-0.9453518986701965,4.741792678833008,False
train,0.5703271627426147,0.9841269850730896,0.9087133407592773,0.0978889986872673,0.0005269760731607676,-4.648130416870117,-1.1887513399124146,4.797733306884766,False
test,0.5707439184188843,0.9793650507926941,0.9078517556190491,0.09590081125497818,0.0005407340358942747,-4.649779796600342,-1.4458699226379395,4.869393348693848,False
train,0.5711606740951538,0.9801587462425232,0.9068735837936401,0.09391291439533234,0.0005552982911467552,-4.651450157165527,-1.7172921895980835,4.958334445953369,False
train,0.5715774297714233,0.9666666388511658,0.9057729244232178,0.0919252336025238,0.0005707058007828891,-4.6530442237854,-2.003605604171753,5.066088676452637,False
train,0.5719941854476929,0.9865079522132874,0.9045435190200806,0.089938223361969,0.000586990499868989,-4.654453754425049,-2.305272340774536,5.194056510925293,False
train,0.5724109411239624,0.9746031761169434,0.9031793475151062,0.08795151859521866,0.0006041934830136597,-4.655545711517334,-2.6228771209716797,5.343555927276611,False
test,0.5728276968002319,0.9865079522132874,0.9016732573509216,0.08596576005220413,0.0006223553791642189,-4.656205177307129,-2.9568636417388916,5.515731334686279,False
train,0.5732444524765015,0.9674603343009949,0.9000186324119568,0.0839807316660881,0.0006415212410502136,-4.656282424926758,-3.3077330589294434,5.711572647094727,False
train,0.573661208152771,0.9785714149475098,0.8982083797454834,0.08199688792228699,0.0006617360049858689,-4.6556315422058105,-3.6759228706359863,5.93189001083374,False
train,0.5740779042243958,0.9809523820877075,0.8962355852127075,0.08001488447189331,0.0006830434431321919,-4.654107093811035,-4.061766147613525,6.177269458770752,False
train,0.5744946599006653,0.9730158448219299,0.8940924406051636,0.07803446054458618,0.000705504440702498,-4.651551723480225,-4.465767860412598,6.448256969451904,False
test,0.5749114155769348,0.9777777791023254,0.891771674156189,0.07605639845132828,0.0007291680085472763,-4.647808074951172,-4.888219833374023,6.7451324462890625,False
train,0.5753281712532043,0.9904761910438538,0.8892659544944763,0.07408121973276138,0.0007540895021520555,-4.642712593078613,-5.329378604888916,7.068030834197998,False
train,0.5757449269294739,0.9865079522132874,0.8865669965744019,0.07210952788591385,0.000780330621637404,-4.636110305786133,-5.7895426750183105,7.41702938079834,False
train,0.5761616826057434,0.973809540271759,0.8836675882339478,0.07014208287000656,0.0008079507388174534,-4.627842903137207,-6.268868446350098,7.7920241355896,False
train,0.5765784382820129,0.976190447807312,0.8805596232414246,0.0681794285774231,0.0008370190626010299,-4.617752552032471,-6.767540454864502,8.192877769470215,False
test,0.5769951939582825,0.9785714149475098,0.8772350549697876,0.06622238457202911,0.0008676016004756093,-4.605679988861084,-7.285595417022705,8.619291305541992,False
train,0.577411949634552,0.9746031761169434,0.8736863136291504,0.0642719566822052,0.000899770122487098,-4.591488838195801,-7.823041915893555,9.070928573608398,False
train,0.5778287053108215,0.9912698268890381,0.8699053525924683,0.06232890486717224,0.0009336014627479017,-4.575031280517578,-8.379819869995117,9.547370910644531,False
train,0.5782454609870911,0.9801587462425232,0.8658840656280518,0.06039419770240784,0.0009691733866930008,-4.556176662445068,-8.955782890319824,10.048123359680176,False
train,0.5786622166633606,0.9849206209182739,0.8616149425506592,0.058469004929065704,0.0010065676178783178,-4.5348076820373535,-9.550655364990234,10.572582244873047,False
test,0.5790789723396301,0.9753968119621277,0.8570906519889832,0.056554216891527176,0.0010458712931722403,-4.510805130004883,-10.164117813110352,11.120100975036621,False
train,0.5794957280158997,0.9849206209182739,0.8523034453392029,0.054651111364364624,0.0010871741687878966,-4.484069347381592,-10.795710563659668,11.689920425415039,False
train,0.5799124836921692,0.9777777791023254,0.8472461700439453,0.05276060104370117,0.0011305713560432196,-4.454495429992676,-11.444889068603516,12.281206130981445,True
train,0.5803292393684387,0.9746031761169434,0.8419116139411926,0.05088411644101143,0.001176158431917429,-4.42201042175293,-12.110940933227539,12.892985343933105,True
train,0.5807459950447083,0.973809540271759,0.8362940549850464,0.04902283847332001,0.0012240360956639051,-4.386523723602295,-12.79301929473877,13.524161338806152,True
test,0.5811627507209778,0.9714285731315613,0.830386221408844,0.04717790707945824,0.0012743171537294984,-4.347960948944092,-13.490205764770508,14.173582077026367,True
train,0.5815795063972473,0.9698412418365479,0.82418292760849,0.04535068944096565,0.001327108358964324,-4.306239604949951,-14.201330184936523,14.839860916137695,True
train,0.5819962620735168,0.9730158448219299,0.817678689956665,0.043542563915252686,0.0013825230998918414,-4.261268138885498,-14.925042152404785,15.521446228027344,True
train,0.5824130177497864,0.988095223903656,0.8108689188957214,0.0417548343539238,0.0014406839618459344,-4.212944984436035,-15.659852981567383,16.216655731201172,True
train,0.5828297734260559,0.9793650507926941,0.8037497997283936,0.039988938719034195,0.001501713995821774,-4.161125183105469,-16.403947830200195,16.92348861694336,True
test,0.5832465291023254,0.9730158448219299,0.7963177561759949,0.03824630379676819,0.0015657457988709211,-4.105653762817383,-17.15533447265625,17.639781951904297,True
train,0.583663284778595,0.9769841432571411,0.7885708808898926,0.036528490483760834,0.001632912433706224,-4.046305179595947,-17.911592483520508,18.362943649291992,True
train,0.5840800404548645,0.9785714149475098,0.7805083394050598,0.03483729809522629,0.00170335138682276,-3.982822895050049,-18.669944763183594,19.090042114257812,True
train,0.584496796131134,0.976190447807312,0.7721295356750488,0.0331742949783802,0.0017772114370018244,-3.9148612022399902,-19.42727279663086,19.81779670715332,True
train,0.5849135518074036,0.9785714149475098,0.7634361386299133,0.031541526317596436,0.0018546371720731258,-3.842029094696045,-20.179847717285156,20.542333602905273,True
test,0.5853302478790283,0.9746031761169434,0.7544332146644592,0.02994140051305294,0.0019357716664671898,-3.7638885974884033,-20.92328643798828,21.25913429260254,True
train,0.5857470035552979,0.9801587462425232,0.7451227307319641,0.028375614434480667,0.002020804677158594,-3.6798949241638184,-21.652921676635742,21.963394165039062,True
train,0.5861637592315674,0.973809540271759,0.73551344871521,0.026847023516893387,0.0021098852157592773,-3.5895395278930664,-22.363115310668945,22.649364471435547,True
train,0.5865805149078369,0.9698412418365479,0.7256145477294922,0.025358250364661217,0.0022031916305422783,-3.4922995567321777,-23.047672271728516,23.31075668334961,True
train,0.5869972705841064,0.9730158448219299,0.71543949842453,0.023912392556667328,0.002300890162587166,-3.387728691101074,-23.69964027404785,23.94054412841797,True
test,0.587414026260376,0.9714285731315613,0.7050032019615173,0.02251253090798855,0.002403165679425001,-3.275505542755127,-24.311695098876953,24.531356811523438,True
train,0.5878307819366455,0.9555555582046509,0.6943241357803345,0.021161755546927452,0.002510212128981948,-3.1554927825927734,-24.876184463500977,25.075519561767578,True
train,0.588247537612915,0.932539701461792,0.6834237575531006,0.01986333727836609,0.0026222241576761007,-3.027827024459839,-25.385305404663086,25.56523895263672,True
train,0.5886642932891846,0.9285714030265808,0.6723281145095825,0.01862039417028427,0.0027393947821110487,-2.8929619789123535,-25.83161163330078,25.99310302734375,True
train,0.5890810489654541,0.8007936477661133,0.661064088344574,0.017435694113373756,0.002861929591745138,-2.751692771911621,-26.208404541015625,26.352462768554688,True
test,0.5894978046417236,0.7404761910438538,0.6496630907058716,0.01631169579923153,0.0029900341760367155,-2.6051738262176514,-26.510080337524414,26.637779235839844,True
train,0.5899145603179932,0.7126984000205994,0.6381561160087585,0.015250147320330143,0.0031239427626132965,-2.4548590183258057,-26.73263931274414,26.845117568969727,True
train,0.5903313159942627,0.18174603581428528,0.6265790462493896,0.014252406544983387,0.003263858612626791,-2.3024845123291016,-26.873920440673828,26.972375869750977,True
train,0.5907480716705322,0.13809524476528168,0.6149648427963257,0.013318855315446854,0.0034100161865353584,-2.1499083042144775,-26.933874130249023,27.019542694091797,True
train,0.5911648273468018,0.16031746566295624,0.6033473610877991,0.0124491136521101,0.0035626476164907217,-1.9990195035934448,-26.914531707763672,26.988666534423828,True
test,0.5915815830230713,0.05476190522313118,0.5917589664459229,0.011642076075077057,0.00372199690900743,-1.8516314029693604,-26.819852828979492,26.88369369506836,True
train,0.5919983386993408,0.0793650820851326,0.5802307724952698,0.010895953513681889,0.003888297127559781,-1.709378957748413,-26.65550422668457,26.71025848388672,True
train,0.5924150943756104,0.04047619178891182,0.5687896013259888,0.010208215564489365,0.004061809740960598,-1.573604702949524,-26.428319931030273,26.475128173828125,True
train,0.5928318500518799,0.06904762238264084,0.5574613809585571,0.009575968608260155,0.004242775961756706,-1.44536292552948,-26.145944595336914,26.185863494873047,True
train,0.5932486057281494,0.10952381044626236,0.5462663769721985,0.008995845913887024,0.004431466571986675,-1.325355887413025,-25.816280364990234,25.850278854370117,True
test,0.593665361404419,0.12936508655548096,0.5352239608764648,0.008464335463941097,0.00462814187631011,-1.2139861583709717,-25.447193145751953,25.476133346557617,True
train,0.5940821170806885,0.15000000596046448,0.5243484377861023,0.007977768778800964,0.004833065439015627,-1.1113579273223877,-25.046079635620117,25.070724487304688,True
train,0.594498872756958,0.15158730745315552,0.5136512517929077,0.007532493676990271,0.005046523176133633,-1.0173407793045044,-24.619640350341797,24.64065170288086,True
train,0.5949156284332275,0.17619048058986664,0.5031421184539795,0.007124962750822306,0.005268794484436512,-0.9316242337226868,-24.173826217651367,24.1917724609375,True
train,0.5953323841094971,0.27142858505249023,0.4928279519081116,0.006751800421625376,0.005500159692019224,-0.8537657260894775,-23.713821411132812,23.72918701171875,True
test,0.5957491397857666,0.3174603283405304,0.48271435499191284,0.006409831345081329,0.0057409051805734634,-0.783237636089325,-23.24395751953125,23.257150650024414,True
train,0.5961658954620361,0.2650793790817261,0.47280386090278625,0.006096111610531807,0.0059913210570812225,-0.7194651365280151,-22.76786231994629,22.779226303100586,True
train,0.5965826511383057,0.28730159997940063,0.46309801936149597,0.005807912442833185,0.006251704879105091,-0.6618550419807434,-22.28851318359375,22.298337936401367,True
train,0.5969993472099304,0.18412698805332184,0.4536001682281494,0.005542837083339691,0.006522327195852995,-0.6098408102989197,-21.808507919311523,21.817033767700195,True
train,0.5974161028862,0.1349206417798996,0.4443066418170929,0.005298581440001726,0.006803559605032206,-0.562852680683136,-21.329736709594727,21.337162017822266,True
test,0.5978328585624695,0.1865079402923584,0.43521755933761597,0.005073192063719034,0.007095672655850649,-0.5203799605369568,-20.85394859313965,20.86043930053711,True
train,0.598249614238739,0.22063492238521576,0.4263319969177246,0.004864895716309547,0.007398990448564291,-0.48195013403892517,-20.38262176513672,20.38831901550293,True
train,0.5986663699150085,0.04920634999871254,0.41764652729034424,0.004672060254961252,0.007713809609413147,-0.44712603092193604,-19.916915893554688,19.921934127807617,True
train,0.5990831255912781,0.0555555559694767,0.4091600477695465,0.004493290092796087,0.008040466345846653,-0.41552385687828064,-19.45795249938965,19.46238899230957,True
train,0.5994998812675476,0.09841269999742508,0.4008687734603882,0.004327313043177128,0.008379281498491764,-0.38679569959640503,-19.006610870361328,19.01054573059082,True
test,0.5999166369438171,0.03730158880352974,0.392768532037735,0.004172989632934332,0.008730562403798103,-0.36063215136528015,-18.56365203857422,18.567155838012695,True
train,0.6003333926200867,0.0,0.38485679030418396,0.004029319155961275,0.009094642475247383,-0.3367632329463959,-18.129850387573242,18.132976531982422,True
train,0.6007501482963562,0.0,0.37712913751602173,0.003895388450473547,0.009471846744418144,-0.31494638323783875,-17.70578384399414,17.70858383178711,True
train,0.6011669039726257,0.0,0.3695809543132782,0.0037703753914684057,0.009862498380243778,-0.29496780037879944,-17.291963577270508,17.294479370117188,True
train,0.6015836596488953,0.0,0.36220788955688477,0.003653567982837558,0.010266978293657303,-0.27664148807525635,-16.888816833496094,16.891082763671875,True
test,0.6020004153251648,0.0,0.3550054132938385,0.003544318489730358,0.010685564018785954,-0.25980255007743835,-16.496734619140625,16.498779296875,True
train,0.6024171710014343,0.0,0.3479689657688141,0.0034420404117554426,0.011118623428046703,-0.24430517852306366,-16.116004943847656,16.117856979370117,True
train,0.6028339266777039,0.0,0.3410933315753937,0.003346190555021167,0.011566509492695332,-0.2300190031528473,-15.746845245361328,15.74852466583252,True
train,0.6032506823539734,0.0,0.3343733251094818,0.0032563041895627975,0.012029518373310566,-0.21682998538017273,-15.389350891113281,15.390878677368164,True
train,0.6036674380302429,0.0,0.3278047740459442,0.0031719468533992767,0.012508029118180275,-0.2046372890472412,-15.043663024902344,15.04505443572998,True
test,0.6040841937065125,0.0,0.3213821053504944,0.003092717844992876,0.013002351857721806,-0.1933492124080658,-14.709728240966797,14.71099853515625,True
train,0.604500949382782,0.0,0.31510066986083984,0.003018277930095792,0.013512866571545601,-0.18288642168045044,-14.387523651123047,14.388686180114746,True
train,0.6049177050590515,0.0,0.3089549243450165,0.0029482825193554163,0.014039932750165462,-0.17317521572113037,-14.076905250549316,14.077969551086426,True
train,0.605334460735321,0.0,0.3029405176639557,0.0028824524488300085,0.014583831652998924,-0.16415202617645264,-13.777704238891602,13.778681755065918,True
train,0.6057512164115906,0.0,0.297052800655365,0.002820519730448723,0.015144992619752884,-0.155758798122406,-13.489706039428711,13.490605354309082,True
test,0.6061679720878601,0.0,0.29128673672676086,0.002762223593890667,0.015723709017038345,-0.14794227480888367,-13.212618827819824,13.213447570800781,True
train,0.6065847277641296,0.0,0.2856375575065613,0.0027073451783508062,0.01632036082446575,-0.14065490663051605,-12.946110725402832,12.946874618530273,True
train,0.6070014834403992,0.0007936508045531809,0.28010132908821106,0.0026556903030723333,0.016935287043452263,-0.13385535776615143,-12.689839363098145,12.690545082092285,True
train,0.6074182391166687,0.0,0.27467355132102966,0.0026070571038872004,0.017568830400705338,-0.12750346958637238,-12.44342041015625,12.444073677062988,True
train,0.6078349947929382,0.0,0.269350528717041,0.0025612800382077694,0.01822138950228691,-0.12156475335359573,-12.206427574157715,12.207032203674316,True
test,0.608251690864563,0.0,0.2641284465789795,0.00251819659024477,0.018893234431743622,-0.11600694805383682,-11.97844409942627,11.979005813598633,False
train,0.6086684465408325,0.0,0.2590022087097168,0.0024776526261121035,0.019584868103265762,-0.11079926043748856,-11.758909225463867,11.759430885314941,False
train,0.609085202217102,0.0,0.2539697587490082,0.0024395370855927467,0.020296556875109673,-0.10591684281826019,-11.547440528869629,11.54792594909668,False
train,0.6095019578933716,0.0007936508045531809,0.24902743101119995,0.0024037037510424852,0.021028701215982437,-0.10133378952741623,-11.343513488769531,11.343965530395508,False
train,0.6099187135696411,0.0,0.2441716492176056,0.0023700532037764788,0.02178163081407547,-0.09702802449464798,-11.146602630615234,11.147025108337402,False
test,0.6103354692459106,0.0,0.23939985036849976,0.002338473219424486,0.02255583368241787,-0.09297862648963928,-10.956246376037598,10.95664119720459,False
train,0.6107522249221802,0.0007936508045531809,0.23470944166183472,0.002308876486495137,0.023351486772298813,-0.08916674554347992,-10.77192211151123,10.77229118347168,False
train,0.6111689805984497,0.0031746032182127237,0.230098158121109,0.0022811724338680506,0.024169104173779488,-0.08557488769292831,-10.593155860900879,10.593501091003418,False
train,0.6115857362747192,0.0,0.22556337714195251,0.0022552814334630966,0.02500907890498638,-0.08218657970428467,-10.419439315795898,10.419763565063477,False
train,0.6120024919509888,0.0007936508045531809,0.221103236079216,0.002231127815321088,0.02587166242301464,-0.07898691296577454,-10.25029182434082,10.250596046447754,False
test,0.6124192476272583,0.0,0.21671582758426666,0.0022086515091359615,0.026757357642054558,-0.07596221566200256,-10.085277557373047,10.085563659667969,False
train,0.6128360033035278,0.0007936508045531809,0.2123994380235672,0.0021877933759242296,0.02766648307442665,-0.07309940457344055,-9.923924446105957,9.924193382263184,False
train,0.6132527589797974,0.0031746032182127237,0.20815245807170868,0.0021684810053557158,0.028599601238965988,-0.07038642466068268,-9.765813827514648,9.766067504882812,False
train,0.6136695146560669,0.0015873016091063619,0.20397405326366425,0.0021506790071725845,0.029556896537542343,-0.06781242787837982,-9.610543251037598,9.610782623291016,False
train,0.6140862703323364,0.0031746032182127237,0.19986265897750854,0.002134331502020359,0.030538829043507576,-0.065366730093956,-9.457708358764648,9.457934379577637,False
test,0.614503026008606,0.0,0.19581741094589233,0.0021194012369960546,0.03154589235782623,-0.06304006278514862,-9.306974411010742,9.307188034057617,False
train,0.6149197816848755,0.0031746032182127237,0.19183726608753204,0.00210584863089025,0.032578516751527786,-0.06082308664917946,-9.157998085021973,9.15820026397705,False
train,0.615336537361145,0.0031746032182127237,0.187921941280365,0.002093643182888627,0.033636946231126785,-0.05870745703577995,-9.010462760925293,9.01065444946289,False
train,0.6157532930374146,0.0023809524718672037,0.18407045304775238,0.0020827557891607285,0.03472178801894188,-0.056685470044612885,-8.86410140991211,8.864282608032227,False
train,0.6161700487136841,0.0015873016091063619,0.1802826225757599,0.0020731515251100063,0.03583334758877754,-0.054749421775341034,-8.718655586242676,8.718827247619629,False
test,0.6165868043899536,0.0,0.17655767500400543,0.0020648136269301176,0.03697235882282257,-0.05289260298013687,-8.5739107131958,8.574073791503906,False
train,0.6170035600662231,0.0007936508045531809,0.1728958934545517,0.002057722071185708,0.03813892602920532,-0.05110830068588257,-8.42967414855957,8.429828643798828,False
train,0.6174203157424927,0.0023809524718672037,0.169296532869339,0.0020518447272479534,0.039333585649728775,-0.04939005896449089,-8.285760879516602,8.285907745361328,False
train,0.6178370714187622,0.0015873016091063619,0.16575977206230164,0.0020471857860684395,0.04055691882967949,-0.047732412815093994,-8.142061233520508,8.14220142364502,False
train,0.6182538270950317,0.003968254197388887,0.1622852385044098,0.002043720567598939,0.04180946201086044,-0.04612956568598747,-7.9984450340271,7.998578071594238,False
test,0.6186705827713013,0.0023809524718672037,0.1588730663061142,0.0020414411555975676,0.043091412633657455,-0.04457613453269005,-7.854835033416748,7.854961395263672,False
train,0.6190873384475708,0.0015873016091063619,0.1555234044790268,0.0020403447560966015,0.044403571635484695,-0.04306740686297417,-7.711198806762695,7.7113189697265625,False
train,0.6195040345191956,0.0007936508045531809,0.15223641693592072,0.0020404215902090073,0.04574601724743843,-0.04159826040267944,-7.567494869232178,7.5676093101501465,False
train,0.6199207901954651,0.0023809524718672037,0.14901113510131836,0.0020416686311364174,0.04711983725428581,-0.0401640459895134,-7.423691272735596,7.423799991607666,False
train,0.6203375458717346,0.0007936508045531809,0.14584796130657196,0.0020440842490643263,0.048525404185056686,-0.03876032680273056,-7.27980899810791,7.27991247177124,False
test,0.6207543015480042,0.0,0.14274726808071136,0.002047669840976596,0.049963027238845825,-0.037382759153842926,-7.135898590087891,7.135996341705322,False
train,0.6211710572242737,0.0023809524718672037,0.13970862329006195,0.0020524323917925358,0.05143343284726143,-0.036027371883392334,-6.992012023925781,6.992105007171631,False
train,0.6215878129005432,0.0023809524718672037,0.13673220574855804,0.0020583674777299166,0.052937015891075134,-0.03468979150056839,-6.848220348358154,6.848308086395264,False
train,0.6220045685768127,0.0015873016091063619,0.13381771743297577,0.0020654858089983463,0.05447467043995857,-0.03336644917726517,-6.704611778259277,6.704694747924805,False
train,0.6224213242530823,0.003968254197388887,0.1309652477502823,0.0020738039165735245,0.05604663863778114,-0.032053202390670776,-6.561287879943848,6.561366081237793,False
test,0.6228380799293518,0.0023809524718672037,0.12817449867725372,0.0020833266898989677,0.05765356495976448,-0.03074619360268116,-6.418375015258789,6.4184489250183105,False
train,0.6232548356056213,0.0031746032182127237,0.1254451423883438,0.002094057621434331,0.059296272695064545,-0.029442198574543,-6.275999546051025,6.276068687438965,False
train,0.6236715912818909,0.0063492064364254475,0.12277699261903763,0.002106023021042347,0.060975365340709686,-0.028137141838669777,-6.134284973144531,6.134349822998047,False
train,0.6240883469581604,0.0063492064364254475,0.12016966938972473,0.002119234995916486,0.06269113719463348,-0.026827223598957062,-5.993390083312988,5.993450164794922,False
train,0.6245051026344299,0.004761904943734407,0.11762294173240662,0.0021336989011615515,0.06444453448057175,-0.02550949901342392,-5.853471755981445,5.853527545928955,False
test,0.6249218583106995,0.0031746032182127237,0.11513596028089523,0.0021494596730917692,0.06623619794845581,-0.02417951077222824,-5.714670181274414,5.714721202850342,False
train,0.625338613986969,0.0031746032182127237,0.11270850151777267,0.0021665175445377827,0.06806658953428268,-0.022834237664937973,-5.577164649963379,5.577211380004883,False
train,0.6257553696632385,0.0,0.11033983528614044,0.002184902550652623,0.06993668526411057,-0.02147017791867256,-5.441111087799072,5.441153526306152,False
train,0.6261721253395081,0.0015873016091063619,0.10802925378084183,0.0022046398371458054,0.07184679806232452,-0.020083099603652954,-5.306668758392334,5.30670690536499,False
train,0.6265888810157776,0.004761904943734407,0.10577601939439774,0.0022257554810494184,0.07379811257123947,-0.018669988960027695,-5.173999309539795,5.174033164978027,False
test,0.6270056366920471,0.0015873016091063619,0.10357941687107086,0.002248270669952035,0.07579097151756287,-0.01722707226872444,-5.043282508850098,5.043312072753906,False
train,0.6274223923683167,0.0023809524718672037,0.10143858194351196,0.002272228943184018,0.07782603800296783,-0.015750199556350708,-4.914660453796387,4.9146857261657715,False
train,0.6278391480445862,0.0015873016091063619,0.0993524119257927,0.0022976428736001253,0.07990437746047974,-0.014236554503440857,-4.788297653198242,4.788318634033203,False
train,0.6282559037208557,0.0023809524718672037,0.09731989353895187,0.0023245655465871096,0.08202667534351349,-0.012681417167186737,-4.66433048248291,4.6643476486206055,False
train,0.6286726593971252,0.0,0.09534013271331787,0.0023530314210802317,0.0841933861374855,-0.011081203818321228,-4.542920112609863,4.542933464050293,False
test,0.6290894150733948,0.0,0.09341196715831757,0.002383061219006777,0.08640535175800323,-0.009432390332221985,-4.4241943359375,4.424204349517822,False
train,0.6295061707496643,0.0,0.09153424948453903,0.0024147124495357275,0.08866335451602936,-0.007730394601821899,-4.308287143707275,4.30829381942749,False
train,0.6299229264259338,0.0,0.08970555663108826,0.002448011189699173,0.09096856415271759,-0.005972124636173248,-4.195310115814209,4.195314407348633,False
train,0.6303396821022034,0.0,0.08792465925216675,0.0024830077309161425,0.09332140535116196,-0.00415319949388504,-4.085381507873535,4.085383415222168,False
train,0.6307563781738281,0.0,0.0861908420920372,0.002519745845347643,0.09572194516658783,-0.002268858253955841,-3.97861909866333,3.9786195755004883,False
test,0.6311731338500977,0.0,0.08450175076723099,0.002558274194598198,0.09817225486040115,-0.00031560659408569336,-3.8750782012939453,3.8750782012939453,False
train,0.6315898895263672,0.0,0.08285655826330185,0.0025986479595303535,0.10067250579595566,0.0017114952206611633,-3.774850845336914,3.7748513221740723,False
train,0.6320066452026367,0.0,0.08125374466180801,0.0026409144047647715,0.10322389006614685,0.0038160085678100586,-3.678011655807495,3.678013563156128,False
train,0.6324234008789062,0.0,0.07969178259372711,0.002685124985873699,0.105826735496521,0.006002582609653473,-3.5846128463745117,3.584617853164673,False
train,0.6328401565551758,0.0,0.07816947251558304,0.0027313330210745335,0.10848177224397659,0.008275941014289856,-3.494692802429199,3.4947025775909424,False
test,0.6332569122314453,0.0,0.07668496668338776,0.002779600443318486,0.1111900582909584,0.010640211403369904,-3.4082798957824707,3.408296585083008,False
train,0.6336736679077148,0.0,0.07523703575134277,0.0028299959376454353,0.11395246535539627,0.013100393116474152,-3.325387477874756,3.325413227081299,False
train,0.6340904235839844,0.0,0.07382416725158691,0.0028825649060308933,0.11676951497793198,0.01566031575202942,-3.2460296154022217,3.2460672855377197,False
train,0.6345071792602539,0.0,0.07244480401277542,0.0029373792931437492,0.1196422427892685,0.01832468807697296,-3.170186758041382,3.1702396869659424,False
train,0.6349239349365234,0.0,0.07109756767749786,0.002994512440636754,0.12257098406553268,0.021099016070365906,-3.0978353023529053,3.097907066345215,False
test,0.635340690612793,0.0,0.06978076696395874,0.0030540265142917633,0.12555719912052155,0.023986756801605225,-3.0289342403411865,3.029029130935669,False
train,0.6357574462890625,0.0,0.06849324703216553,0.003115988802164793,0.12860091030597687,0.0269930362701416,-2.963442325592041,2.9635651111602783,False
train,0.636174201965332,0.0,0.06723345071077347,0.003180480096489191,0.13170310854911804,0.030122652649879456,-2.901287317276001,2.9014437198638916,False
train,0.6365909576416016,0.0,0.06599994003772736,0.003247576067224145,0.1348649561405182,0.03337964415550232,-2.8424015045166016,2.842597484588623,False
train,0.6370077133178711,0.0,0.06479156762361526,0.0033173442352563143,0.13808660209178925,0.036768585443496704,-2.78670072555542,2.786943197250366,False
test,0.6374244689941406,0.0,0.06360666453838348,0.0033898749388754368,0.1413690596818924,0.040294066071510315,-2.7340781688690186,2.734375,False
train,0.6378412246704102,0.0,0.06244437023997307,0.0034652426838874817,0.1447123885154724,0.04396064579486847,-2.6844356060028076,2.684795618057251,False
train,0.6382579803466797,0.0,0.06130308657884598,0.0035435452591627836,0.14811843633651733,0.04777245223522186,-2.637655258178711,2.638087749481201,False
train,0.6386747360229492,0.0,0.06018206477165222,0.0036248492542654276,0.1515863686800003,0.05173367261886597,-2.5936176776885986,2.5941336154937744,False
train,0.6390914916992188,0.0,0.05907965824007988,0.003709252458065748,0.15511810779571533,0.055847689509391785,-2.552180051803589,2.552791118621826,False
test,0.6395082473754883,0.0,0.05799536034464836,0.0037968428805470467,0.15871305763721466,0.06011950969696045,-2.5132274627685547,2.513946533203125,False
train,0.6399250030517578,0.0007936508045531809,0.05692773684859276,0.0038877087645232677,0.16237305104732513,0.06455156207084656,-2.4765989780426025,2.477440118789673,False
train,0.6403417587280273,0.0,0.05587613582611084,0.003981942776590586,0.16609695553779602,0.06914860010147095,-2.4421558380126953,2.4431345462799072,False
train,0.6407585144042969,0.0,0.0548393651843071,0.004079652950167656,0.16988669335842133,0.07391361892223358,-2.4097394943237305,2.4108726978302,False
train,0.6411752700805664,0.0,0.05381704121828079,0.004180915653705597,0.17374162375926971,0.07884937524795532,-2.379220485687256,2.3805267810821533,False
test,0.6415920257568359,0.0,0.052807871252298355,0.0042858486995100975,0.1776636838912964,0.08395880460739136,-2.3504257202148438,2.3519246578216553,False
train,0.6420087814331055,0.0,0.05181172490119934,0.0043945349752902985,0.1816510558128357,0.08924518525600433,-2.323228359222412,2.324941873550415,False
train,0.6424254775047302,0.0,0.0508277453482151,0.004507066216319799,0.1857050061225891,0.0947093516588211,-2.2974693775177,2.2994205951690674,False
train,0.6428422331809998,0.0,0.049855269491672516,0.004623556509613991,0.18982604146003723,0.1003543883562088,-2.2730019092559814,2.2752161026000977,False
train,0.6432589888572693,0.0,0.048893753439188004,0.004744130186736584,0.19401481747627258,0.10618279874324799,-2.249678134918213,2.252182722091675,False
test,0.6436757445335388,0.0,0.047942910343408585,0.0048688543029129505,0.19827082753181458,0.11219431459903717,-2.227374792098999,2.230198621749878,False
train,0.6440925002098083,0.0,0.047002267092466354,0.004997848067432642,0.20259428024291992,0.11839070916175842,-2.205946207046509,2.209120750427246,False
train,0.6445092558860779,0.0,0.046071697026491165,0.005131211131811142,0.2069845199584961,0.12477308511734009,-2.1852762699127197,2.188835382461548,False
train,0.6449260115623474,0.0,0.04515053331851959,0.005269038490951061,0.21144281327724457,0.1313401162624359,-2.165231227874756,2.169210910797119,False
train,0.6453427672386169,0.0,0.0442388653755188,0.0054114512167871,0.21596811711788177,0.1380932480096817,-2.145714044570923,2.150153160095215,False
test,0.6457595229148865,0.0,0.043336354196071625,0.005558529403060675,0.2205609679222107,0.14503030478954315,-2.1265995502471924,2.1315391063690186,False
train,0.646176278591156,0.0,0.042443085461854935,0.005710394121706486,0.2252199798822403,0.15215206146240234,-2.107805013656616,2.1132895946502686,False
train,0.6465930342674255,0.0,0.04155857861042023,0.005867129657417536,0.22994625568389893,0.1594545841217041,-2.089219808578491,2.0952961444854736,False
train,0.6470097899436951,0.0,0.04068315029144287,0.006028845440596342,0.23473861813545227,0.1669376641511917,-2.070783853530884,2.0775017738342285,False
train,0.6474265456199646,0.0,0.039816368371248245,0.006195667199790478,0.23959718644618988,0.17459991574287415,-2.0523924827575684,2.0598058700561523,False
test,0.6478433012962341,0.0,0.038958754390478134,0.006367627065628767,0.24452021718025208,0.1824352741241455,-2.034003257751465,2.042168378829956,False
train,0.6482600569725037,0.0,0.038109805434942245,0.006544901989400387,0.24950894713401794,0.19044432044029236,-2.0155274868011475,2.0245048999786377,False
train,0.6486768126487732,0.0,0.0372699610888958,0.006727521773427725,0.25456109642982483,0.19862008094787598,-1.9969373941421509,2.0067906379699707,False
train,0.6490935683250427,0.0,0.036439135670661926,0.006915623787790537,0.2596771717071533,0.20696040987968445,-1.9781675338745117,1.9889644384384155,False
train,0.6495103240013123,0.0,0.03561745584011078,0.007109271362423897,0.26485493779182434,0.21545985341072083,-1.9591846466064453,1.9709964990615845,False
test,0.6499270796775818,0.0,0.03480492904782295,0.00730857765302062,0.2700953781604767,0.22411414980888367,-1.9399508237838745,1.9528533220291138,False
train,0.6503438353538513,0.0,0.03400193899869919,0.007513563614338636,0.2753957211971283,0.23291435837745667,-1.9204448461532593,1.9345173835754395,False
train,0.6507605910301208,0.0,0.033208321779966354,0.007724427152425051,0.2807561755180359,0.24186170101165771,-1.9006322622299194,1.915959358215332,False
train,0.6511773467063904,0.0,0.03242446482181549,0.00794112216681242,0.2861744463443756,0.2509421110153198,-1.8805124759674072,1.8971818685531616,False
train,0.6515941023826599,0.0,0.03165021911263466,0.008163832128047943,0.2916507124900818,0.26015564799308777,-1.8600528240203857,1.8781579732894897,False
test,0.6520108580589294,0.0,0.030886057764291763,0.008392555639147758,0.2971819341182709,0.2694911062717438,-1.8392618894577026,1.8589000701904297,False
train,0.652427613735199,0.0,0.030131995677947998,0.008627408184111118,0.3027687966823578,0.27894315123558044,-1.8181300163269043,1.839403748512268,False
train,0.6528443694114685,0.0,0.029388196766376495,0.008868404664099216,0.30840757489204407,0.28850263357162476,-1.7966562509536743,1.8196723461151123,False
train,0.653261125087738,0.0,0.02865470200777054,0.009115665219724178,0.3140988051891327,0.2981637716293335,-1.7748370170593262,1.7997077703475952,False
train,0.6536778211593628,0.0,0.027931950986385345,0.009369198232889175,0.3198390603065491,0.30791714787483215,-1.7526917457580566,1.7795339822769165,False
test,0.6540945768356323,0.0,0.027219880372285843,0.00962909497320652,0.32562726736068726,0.31775614619255066,-1.7302207946777344,1.7591569423675537,False
train,0.6545113325119019,0.0,0.026518607512116432,0.009895400144159794,0.33146291971206665,0.3276705741882324,-1.7074286937713623,1.7385858297348022,False
train,0.6549280881881714,0.0,0.025828422978520393,0.010168131440877914,0.3373417854309082,0.3376527428627014,-1.684334397315979,1.71784508228302,False
train,0.6553448438644409,0.0,0.025149226188659668,0.010447387583553791,0.34326446056365967,0.3476954996585846,-1.6609405279159546,1.6969430446624756,False
train,0.6557615995407104,0.0,0.024481501430273056,0.010733152739703655,0.3492266535758972,0.3577873110771179,-1.6372778415679932,1.6759148836135864,False
test,0.65617835521698,0.0,0.023825058713555336,0.011025465093553066,0.3552273213863373,0.3679194450378418,-1.613342523574829,1.6547625064849854,False
train,0.6565951108932495,0.0,0.023180298507213593,0.011324356310069561,0.3612634241580963,0.3780834376811981,-1.5891697406768799,1.6335262060165405,False
train,0.657011866569519,0.0,0.02254706434905529,0.01162988506257534,0.3673348128795624,0.3882705867290497,-1.5647557973861694,1.6122080087661743,False
train,0.6574286222457886,0.0,0.021925676614046097,0.011942015029489994,0.37343630194664,0.3984698951244354,-1.5401321649551392,1.5908442735671997,False
train,0.6578453779220581,0.0,0.021316086873412132,0.01226078998297453,0.3795683979988098,0.40867167711257935,-1.5153062343597412,1.5694475173950195,False
test,0.6582621335983276,0.0,0.020718548446893692,0.012586157768964767,0.3857257664203644,0.41886451840400696,-1.4903044700622559,1.548048734664917,False
train,0.6586788892745972,0.0,0.020132949575781822,0.01291822362691164,0.3919081687927246,0.42904287576675415,-1.465132713317871,1.5266603231430054,False
train,0.6590956449508667,0.0007936508045531809,0.019559524953365326,0.013256940990686417,0.39811158180236816,0.43919503688812256,-1.439818263053894,1.5053136348724365,False
train,0.6595124006271362,0.0,0.0189982783049345,0.013602269813418388,0.4043343961238861,0.4493081867694855,-1.4143712520599365,1.484022855758667,False
train,0.6599291563034058,0.0007936508045531809,0.01844932697713375,0.013954226858913898,0.41057324409484863,0.45937278866767883,-1.388820767402649,1.4628214836120605,False
test,0.6603459119796753,0.0007936508045531809,0.01791263185441494,0.014312765561044216,0.41682612895965576,0.4693775177001953,-1.3631720542907715,1.4417189359664917,False
train,0.6607626676559448,0.0,0.0173883568495512,0.014677874743938446,0.4230889081954956,0.4793113172054291,-1.3374555110931396,1.4207485914230347,False
train,0.6611794233322144,0.0007936508045531809,0.01687643863260746,0.015049554407596588,0.4293612539768219,0.48916304111480713,-1.3116836547851562,1.3999266624450684,False
train,0.6615961790084839,0.0,0.016377005726099014,0.015427702106535435,0.4356369078159332,0.4989215135574341,-1.285881519317627,1.3792802095413208,False
train,0.6620129346847534,0.0,0.015889989212155342,0.015812363475561142,0.44191622734069824,0.5085752010345459,-1.2600648403167725,1.3588274717330933,False
test,0.662429690361023,0.0,0.01541548315435648,0.016203373670578003,0.4481942355632782,0.5181063413619995,-1.234261393547058,1.3385945558547974,False
train,0.6628464460372925,0.0007936508045531809,0.014953406527638435,0.016600774601101875,0.4544697105884552,0.5275092124938965,-1.2084859609603882,1.3185993432998657,False
train,0.663263201713562,0.0023809524718672037,0.014503809623420238,0.017004484310746193,0.4607382118701935,0.5367685556411743,-1.1827671527862549,1.298868179321289,False
train,0.6636799573898315,0.0007936508045531809,0.01406670268625021,0.017414387315511703,0.46699759364128113,0.5458691120147705,-1.1571283340454102,1.279421329498291,False
train,0.6640967130661011,0.0023809524718672037,0.013642046600580215,0.01783045008778572,0.47324350476264954,0.5548025965690613,-1.1315958499908447,1.2602837085723877,False
test,0.6645134687423706,0.0007936508045531809,0.013229774311184883,0.018252568319439888,0.4794761836528778,0.5635486245155334,-1.1061923503875732,1.2414703369140625,False
train,0.6649301648139954,0.0007936508045531809,0.012829912826418877,0.018680578097701073,0.4856876730918884,0.5720981955528259,-1.080949306488037,1.2230076789855957,False
train,0.6653469204902649,0.0,0.01244223304092884,0.01911458931863308,0.4918801784515381,0.580441415309906,-1.0558818578720093,1.2049061059951782,False
train,0.6657636761665344,0.0,0.012066802009940147,0.01955433189868927,0.49804848432540894,0.5885593295097351,-1.0310289859771729,1.187191128730774,False
train,0.666180431842804,0.0,0.011703533120453358,0.019999749958515167,0.504189670085907,0.5964429378509521,-1.0064150094985962,1.169878363609314,False
test,0.6665971875190735,0.0,0.011352316476404667,0.020450741052627563,0.5103009343147278,0.6040797233581543,-0.9820712804794312,1.1529858112335205,False
train,0.667013943195343,0.0007936508045531809,0.01101298164576292,0.02090718038380146,0.5163795351982117,0.6114585399627686,-0.958016574382782,1.1365197896957397,False
train,0.6674306988716125,0.0,0.010685519315302372,0.021368851885199547,0.5224218368530273,0.6185640096664429,-0.934290885925293,1.1205003261566162,False
train,0.6678474545478821,0.0,0.010369701310992241,0.02183575928211212,0.5284275412559509,0.6253911256790161,-0.9109141230583191,1.104933738708496,False
train,0.6682642102241516,0.0,0.01006544753909111,0.022307703271508217,0.5343907475471497,0.631931722164154,-0.8879170417785645,1.0898323059082031,False
test,0.6686809659004211,0.0007936508045531809,0.00977259036153555,0.022784510627388954,0.5403100252151489,0.6381738185882568,-0.8653265237808228,1.0752003192901611,False
train,0.6690977215766907,0.0,0.009490934200584888,0.02326606586575508,0.546183168888092,0.6441127061843872,-0.843165397644043,1.0610414743423462,False
train,0.6695144772529602,0.0,0.009220377542078495,0.023752177134156227,0.5520059466362,0.6497417688369751,-0.8214641809463501,1.047362208366394,False
train,0.6699312329292297,0.0,0.008960646577179432,0.024242812767624855,0.5577781200408936,0.6550605893135071,-0.8002393841743469,1.0341602563858032,False
train,0.6703479886054993,0.0,0.008711578324437141,0.02473766915500164,0.563494086265564,0.6600649356842041,-0.779514491558075,1.0214345455169678,False
test,0.6707647442817688,0.0,0.00847298838198185,0.025236688554286957,0.5691543221473694,0.6647549867630005,-0.7593110799789429,1.0091841220855713,False
train,0.6711814999580383,0.0007936508045531809,0.008244635537266731,0.02573964186012745,0.5747555494308472,0.6691267490386963,-0.7396471500396729,0.9974008798599243,False
train,0.6715982556343079,0.0,0.00802631489932537,0.026246452704072,0.5802954435348511,0.6731888651847839,-0.720538318157196,0.9860824942588806,False
train,0.6720150113105774,0.0,0.007817769423127174,0.026756923645734787,0.5857703685760498,0.6769435405731201,-0.7019967436790466,0.9752189517021179,False
train,0.6724317669868469,0.0,0.0076188016682863235,0.027270853519439697,0.5911799669265747,0.6803921461105347,-0.6840373277664185,0.9648007750511169,False
test,0.6728485226631165,0.0,0.007429151330143213,0.02778811939060688,0.5965197086334229,0.683546245098114,-0.6666690707206726,0.954820990562439,False
train,0.673265278339386,0.0,0.007248580455780029,0.028308605775237083,0.6017913222312927,0.6864089369773865,-0.6498997211456299,0.945265531539917,False
train,0.6736820340156555,0.0,0.0070768436416983604,0.028832126408815384,0.606988251209259,0.6889940500259399,-0.6337342262268066,0.9361259937286377,False
train,0.674098789691925,0.0,0.0069137075915932655,0.029358601197600365,0.6121129989624023,0.69130939245224,-0.6181790828704834,0.927390992641449,False
train,0.6745155453681946,0.0,0.006758891511708498,0.029887730255723,0.6171618700027466,0.6933602094650269,-0.6032328605651855,0.9190419912338257,False
test,0.6749323010444641,0.0,0.006612149067223072,0.03041957877576351,0.6221323609352112,0.6951673626899719,-0.5888952016830444,0.9110736846923828,False
train,0.6753490567207336,0.0,0.006473253481090069,0.030953746289014816,0.6270236372947693,0.6967281103134155,-0.5751667022705078,0.9034637808799744,False
train,0.6757658123970032,0.0,0.006341925356537104,0.03149041905999184,0.631834864616394,0.6980682611465454,-0.5620415210723877,0.8962087035179138,False
train,0.6761825084686279,0.0,0.006217986345291138,0.03202911466360092,0.6365615725517273,0.6991884708404541,-0.5495182871818542,0.8892889618873596,False
train,0.6765992641448975,0.0,0.0061010983772575855,0.03257005661725998,0.6412081122398376,0.7001034021377563,-0.5375838875770569,0.8826897740364075,False
test,0.677016019821167,0.0,0.005991044919937849,0.03311299905180931,0.6457672119140625,0.7008277177810669,-0.526232898235321,0.8764020800590515,False
train,0.6774327754974365,0.0,0.005887607112526894,0.03365776315331459,0.6502417325973511,0.7013636827468872,-0.5154570937156677,0.8704062700271606,False
train,0.677849531173706,0.0,0.005790551193058491,0.03420424461364746,0.6546286344528198,0.7017261385917664,-0.5052461624145508,0.8646925687789917,False
train,0.6782662868499756,0.0,0.005699639208614826,0.034752361476421356,0.6589288115501404,0.701921284198761,-0.4955879747867584,0.8592444062232971,False
train,0.6786830425262451,0.0,0.005614615511149168,0.035302042961120605,0.6631393432617188,0.7019597887992859,-0.4864695370197296,0.8540492653846741,False
test,0.6790997982025146,0.0,0.005535305477678776,0.03585319221019745,0.6672614216804504,0.701849102973938,-0.47788190841674805,0.8490955233573914,False
train,0.6795165538787842,0.0,0.005461474414914846,0.03640560060739517,0.6712916493415833,0.7015962600708008,-0.46981024742126465,0.8443689346313477,False
train,0.6799333095550537,0.0,0.005392894148826599,0.03695925325155258,0.6752336621284485,0.7012045383453369,-0.46223971247673035,0.8398531675338745,False
train,0.6803500652313232,0.0,0.005329370032995939,0.03751402720808983,0.6790820956230164,0.7006861567497253,-0.45515769720077515,0.8355415463447571,False
train,0.6807668209075928,0.0,0.005270704627037048,0.03806997463107109,0.6828410625457764,0.7000461220741272,-0.4485514760017395,0.8314222693443298,False
test,0.6811835765838623,0.0,0.005216718185693026,0.0386267751455307,0.6865071058273315,0.699287474155426,-0.44240641593933105,0.8274819850921631,False
train,0.6816003322601318,0.0,0.0051671769469976425,0.03918447718024254,0.6900824904441833,0.6984178423881531,-0.43670767545700073,0.8237117528915405,False
train,0.6820170879364014,0.0,0.005121937952935696,0.03974297270178795,0.6935641765594482,0.6974434852600098,-0.4314422905445099,0.8201035857200623,False
train,0.6824338436126709,0.0,0.005080812145024538,0.040302205830812454,0.6969559788703918,0.6963716149330139,-0.42659664154052734,0.8166505694389343,False
train,0.6828505992889404,0.0,0.005043629091233015,0.04086204618215561,0.7002547383308411,0.6952092051506042,-0.4221574366092682,0.8133466243743896,False
test,0.68326735496521,0.0,0.005010208114981651,0.04142244532704353,0.7034639120101929,0.6939602494239807,-0.4181099832057953,0.8101831674575806,False
train,0.6836841106414795,0.0,0.004980398342013359,0.04198332875967026,0.7065786719322205,0.6926383972167969,-0.41444239020347595,0.8071619868278503,False
train,0.684100866317749,0.0,0.004954049829393625,0.042544640600681305,0.7096053957939148,0.6912463307380676,-0.41114234924316406,0.8042757511138916,False
train,0.6845176219940186,0.0,0.0049309986643493176,0.043106257915496826,0.7125408053398132,0.6898012161254883,-0.40819671750068665,0.8015299439430237,False
train,0.6849343776702881,0.0,0.004911097232252359,0.04366828128695488,0.7153875231742859,0.6883096694946289,-0.4055942893028259,0.7989223599433899,False
test,0.6853511333465576,0.0,0.004894215613603592,0.04423046484589577,0.7181441783905029,0.6867821216583252,-0.4033222794532776,0.7964537143707275,False
train,0.6857678890228271,0.0,0.00488020246848464,0.044792890548706055,0.7208136320114136,0.6852349042892456,-0.40137067437171936,0.7941317558288574,False
train,0.6861846446990967,0.0,0.004868954420089722,0.045355409383773804,0.7233947515487671,0.6836791634559631,-0.3997284471988678,0.7919595837593079,False
train,0.6866014003753662,0.0,0.004860287997871637,0.04591812938451767,0.7258897423744202,0.6821290254592896,-0.39838510751724243,0.7899434566497803,False
train,0.6870181560516357,0.0,0.004854149650782347,0.04648083820939064,0.728298544883728,0.6805981397628784,-0.3973308205604553,0.7880898714065552,False
test,0.6874349117279053,0.0,0.004850359167903662,0.04704364016652107,0.7306251525878906,0.6791049242019653,-0.39655545353889465,0.7864093780517578,False
train,0.68785160779953,0.0,0.00484883226454258,0.04760640859603882,0.7328676581382751,0.6776599884033203,-0.39605075120925903,0.7849071621894836,False
train,0.6882683634757996,0.0,0.004849443677812815,0.04816928133368492,0.7350268363952637,0.6762877702713013,-0.39580783247947693,0.7836000323295593,False
train,0.6886851191520691,0.0,0.004852097015827894,0.04873226583003998,0.7371060848236084,0.6749950051307678,-0.3958183526992798,0.7824898958206177,False
train,0.6891018748283386,0.0,0.004856673534959555,0.04929514601826668,0.7391058802604675,0.6737980842590332,-0.39607369899749756,0.7815870046615601,False
test,0.6895186305046082,0.0,0.004863079637289047,0.049858156591653824,0.7410287857055664,0.6727139949798584,-0.3965670168399811,0.7809030413627625,False
train,0.6899353861808777,0.0,0.004871224518865347,0.05042119324207306,0.742874026298523,0.6717565655708313,-0.3972911834716797,0.7804467678070068,False
train,0.6903521418571472,0.0,0.004880998749285936,0.050984352827072144,0.7446447610855103,0.670936107635498,-0.3982391953468323,0.7802241444587708,False
train,0.6907688975334167,0.0,0.004892302211374044,0.0515475831925869,0.7463417649269104,0.6702640056610107,-0.3994045555591583,0.7802421450614929,False
train,0.6911856532096863,0.0,0.004905062727630138,0.052111051976680756,0.7479671835899353,0.6697539687156677,-0.4007818102836609,0.7805103659629822,False
test,0.6916024088859558,0.0,0.004919175524264574,0.05267453193664551,0.7495223879814148,0.6694061756134033,-0.4023629128932953,0.7810252904891968,False
train,0.6920191645622253,0.0,0.0049345907755196095,0.0532383918762207,0.7510099411010742,0.669232964515686,-0.40414440631866455,0.7817962765693665,False
train,0.6924359202384949,0.0,0.004951187875121832,0.0538024976849556,0.7524303793907166,0.6692371964454651,-0.40612056851387024,0.7828233242034912,False
train,0.6928526759147644,0.0,0.004968912806361914,0.05436694994568825,0.753787100315094,0.6694179177284241,-0.4082854986190796,0.7841029167175293,False
train,0.6932694315910339,0.0007936508045531809,0.0049876621924340725,0.05493170768022537,0.7550796270370483,0.6697742938995361,-0.4106346368789673,0.7856324911117554,False
test,0.6936861872673035,0.0,0.005007391795516014,0.05549691244959831,0.7563119530677795,0.6703029274940491,-0.41316282749176025,0.787406861782074,False
train,0.694102942943573,0.0,0.005028000101447105,0.056062519550323486,0.7574849128723145,0.6710020303726196,-0.41586509346961975,0.7894222736358643,False
train,0.6945196986198425,0.0,0.005049433093518019,0.056628718972206116,0.7586011290550232,0.6718586683273315,-0.4187382459640503,0.7916664481163025,False
train,0.6949364542961121,0.0,0.00507163954898715,0.05719536542892456,0.7596622705459595,0.6728662848472595,-0.4217756688594818,0.794130802154541,False
train,0.6953532099723816,0.0,0.00509450351819396,0.05776265636086464,0.7606704831123352,0.6740104556083679,-0.42497435212135315,0.7968019247055054,False
test,0.6957699656486511,0.0,0.005117993336170912,0.05833049118518829,0.7616275548934937,0.6752808690071106,-0.4283289313316345,0.7996686100959778,False
train,0.6961867213249207,0.0,0.005142055451869965,0.05889907479286194,0.7625365853309631,0.6766624450683594,-0.4318353235721588,0.8027164936065674,False
train,0.6966034770011902,0.0,0.005166619084775448,0.05946822464466095,0.7633979320526123,0.6781312227249146,-0.4354879856109619,0.8059229254722595,False
train,0.6970202326774597,0.0,0.005191610660403967,0.06003819778561592,0.7642150521278381,0.6796767115592957,-0.4392836093902588,0.8092777729034424,False
train,0.6974369883537292,0.0,0.0052169859409332275,0.0606086403131485,0.7649889588356018,0.681267499923706,-0.44321441650390625,0.8127511739730835,False
test,0.6978537440299988,0.0,0.0052427141927182674,0.06117994338274002,0.7657234072685242,0.6829015016555786,-0.44727784395217896,0.8163405656814575,False
train,0.6982704997062683,0.0,0.005268694367259741,0.0617518313229084,0.7664185762405396,0.6845438480377197,-0.45146703720092773,0.8200138807296753,False
train,0.6986872553825378,0.0,0.005294926464557648,0.06232448294758797,0.7670784592628479,0.6861813068389893,-0.45577698945999146,0.8237581253051758,False
train,0.6991039514541626,0.0,0.005321323871612549,0.06289760768413544,0.7677033543586731,0.6877928972244263,-0.4602006673812866,0.827552855014801,False
train,0.6995207071304321,0.0,0.005347870755940676,0.06347140669822693,0.7682973742485046,0.6893634796142578,-0.46473225951194763,0.831383228302002,False
test,0.6999374628067017,0.0,0.005374514032155275,0.06404582411050797,0.7688611745834351,0.6908714771270752,-0.46936604380607605,0.835229218006134,False
train,0.7003542184829712,0.0,0.005401232745498419,0.06462089717388153,0.7693980932235718,0.692305326461792,-0.4740949273109436,0.8390784859657288,False
train,0.7007709741592407,0.0,0.005427960306406021,0.06519623845815659,0.7699089646339417,0.6936455368995667,-0.478909432888031,0.842910647392273,False
train,0.7011877298355103,0.0,0.0054546743631362915,0.06577213108539581,0.7703973054885864,0.6948815584182739,-0.48380470275878906,0.8467156887054443,False
train,0.7016044855117798,0.0,0.005481352563947439,0.06634846329689026,0.7708635926246643,0.6960131525993347,-0.4887720048427582,0.8504894971847534,False
test,0.7020212411880493,0.0,0.005507964640855789,0.0669250637292862,0.771311342716217,0.6970221400260925,-0.4938019812107086,0.8542132377624512,False
train,0.7024379968643188,0.0,0.005534481722861528,0.06750195473432541,0.7717422842979431,0.697912871837616,-0.4988873302936554,0.8578874468803406,False
train,0.7028547525405884,0.0,0.005560888443142176,0.06807911396026611,0.7721586227416992,0.6986823678016663,-0.5040190815925598,0.8615058064460754,False
train,0.7032715082168579,0.0,0.005587178748100996,0.06865629553794861,0.7725621461868286,0.6993274688720703,-0.5091865062713623,0.865060567855835,False
train,0.7036882638931274,0.0,0.0056133209727704525,0.06923381984233856,0.7729561924934387,0.6998666524887085,-0.5143832564353943,0.8685640096664429,False
test,0.704105019569397,0.0,0.005639322102069855,0.06981126964092255,0.7733408808708191,0.7002992033958435,-0.5195964574813843,0.8720088601112366,False
train,0.7045217752456665,0.0,0.005665155127644539,0.07038868218660355,0.7737191915512085,0.7006354928016663,-0.5248175859451294,0.875399112701416,False
train,0.704938530921936,0.0,0.005690849386155605,0.07096613943576813,0.7740929126739502,0.7008956670761108,-0.5300372242927551,0.8787457942962646,False
train,0.7053552865982056,0.0,0.0057163662277162075,0.07154351472854614,0.7744645476341248,0.701093852519989,-0.5352451801300049,0.8820544481277466,False
train,0.7057720422744751,0.0,0.005741756409406662,0.07212082296609879,0.7748358845710754,0.7012518048286438,-0.5404308438301086,0.8853358626365662,False
test,0.7061887979507446,0.0,0.005767009686678648,0.07269788533449173,0.7752076983451843,0.7013903260231018,-0.5455833673477173,0.8885998129844666,False
train,0.7066055536270142,0.0,0.005792120937258005,0.0732751414179802,0.7755845785140991,0.7015364170074463,-0.5506962537765503,0.8918630480766296,False
train,0.7070223093032837,0.0,0.005817169323563576,0.07385222613811493,0.7759658098220825,0.7017145752906799,-0.5557559728622437,0.8951358199119568,False
train,0.7074390649795532,0.0,0.005842125508934259,0.07442912459373474,0.7763550281524658,0.7019474506378174,-0.560753345489502,0.8984289169311523,False
train,0.7078558206558228,0.0,0.005867026746273041,0.07500604540109634,0.7767523527145386,0.7022688984870911,-0.5656800270080566,0.9017624258995056,False
test,0.7082725763320923,0.0,0.005891919136047363,0.07558301091194153,0.7771610021591187,0.7027039527893066,-0.5705260038375854,0.905147910118103,False
train,0.7086893320083618,0.0,0.005916824098676443,0.07616003602743149,0.7775826454162598,0.703285813331604,-0.575282096862793,0.9086035490036011,False
train,0.7091060876846313,0.0,0.00594179704785347,0.07673736661672592,0.778019368648529,0.7040438652038574,-0.579940676689148,0.9121452569961548,False
train,0.7095228433609009,0.0,0.005966864060610533,0.07731469720602036,0.7784708738327026,0.7049943804740906,-0.5844907164573669,0.9157764315605164,False
train,0.7099395990371704,0.0,0.005992081947624683,0.07789254188537598,0.7789416909217834,0.706179141998291,-0.588927686214447,0.9195241928100586,False
test,0.7103562951087952,0.0,0.0060175028629601,0.07847064733505249,0.7794308662414551,0.707610547542572,-0.5932402014732361,0.923388659954071,False
train,0.7107730507850647,0.0,0.006043161265552044,0.07904935628175735,0.7799425721168518,0.7093194127082825,-0.5974236726760864,0.9273883104324341,False
train,0.7111898064613342,0.0,0.006069127470254898,0.07962876558303833,0.780476987361908,0.7113227844238281,-0.6014705896377563,0.9315293431282043,False
train,0.7116065621376038,0.0,0.0060954829677939415,0.08020904660224915,0.7810349464416504,0.7136459946632385,-0.605374813079834,0.9358254671096802,False
train,0.7120233178138733,0.0,0.006122272927314043,0.08079032599925995,0.7816203832626343,0.716292679309845,-0.6091307401657104,0.9402741193771362,False
test,0.7124400734901428,0.0,0.006149575114250183,0.0813726931810379,0.7822325825691223,0.7192854285240173,-0.6127319931983948,0.9448872804641724,False
train,0.7128568291664124,0.0,0.0061774300411343575,0.08195621520280838,0.7828726768493652,0.7226304411888123,-0.6161730289459229,0.9496651887893677,False
train,0.7132735848426819,0.0,0.006205924320966005,0.082541324198246,0.7835448980331421,0.726332426071167,-0.6194515228271484,0.9546093344688416,False
train,0.7136903405189514,0.0,0.006235153879970312,0.08312786370515823,0.784247875213623,0.7303960919380188,-0.6225602030754089,0.9597185254096985,False
train,0.714107096195221,0.0,0.006265148986130953,0.08371642231941223,0.7849844098091125,0.7348206639289856,-0.6254997849464417,0.9649929404258728,False
test,0.7145238518714905,0.0,0.006296035833656788,0.08430661261081696,0.785755455493927,0.739594578742981,-0.6282615661621094,0.9704188704490662,False
train,0.71494060754776,0.0,0.006327872164547443,0.08489912003278732,0.7865614295005798,0.7447190284729004,-0.6308466196060181,0.9759989380836487,False
train,0.7153573632240295,0.0,0.006360742263495922,0.08549372851848602,0.7874059081077576,0.7501757144927979,-0.6332493424415588,0.981717050075531,False
train,0.7157741189002991,0.0,0.006394724827259779,0.0860908105969429,0.7882879376411438,0.755949079990387,-0.6354689002037048,0.9875624775886536,False
train,0.7161908745765686,0.0,0.006429903209209442,0.08669032156467438,0.7892090082168579,0.7620247602462769,-0.637502133846283,0.9935243725776672,False
test,0.7166076302528381,0.0,0.006466386839747429,0.08729245513677597,0.7901712656021118,0.7683752775192261,-0.6393465399742126,0.9995822310447693,False
train,0.7170243859291077,0.0,0.006504236254841089,0.08789755403995514,0.7911742329597473,0.7749831676483154,-0.6410021185874939,1.0057250261306763,False
train,0.7174411416053772,0.0,0.006543546449393034,0.08850544691085815,0.7922207713127136,0.7818135619163513,-0.6424654722213745,1.0119260549545288,False
train,0.7178578972816467,0.0,0.006584414280951023,0.08911632746458054,0.793311357498169,0.7888377904891968,-0.6437349915504456,1.018164873123169,False
train,0.7182746529579163,0.0,0.006626928690820932,0.0897303894162178,0.7944453954696655,0.79603111743927,-0.6448096632957458,1.0244241952896118,False
test,0.7186914086341858,0.0,0.006671152543276548,0.09034757316112518,0.7956267595291138,0.8033483624458313,-0.6456878185272217,1.030670404434204,False
train,0.7191081643104553,0.0,0.006717244628816843,0.0909680724143982,0.7968531847000122,0.8107631802558899,-0.6463674306869507,1.0368837118148804,False
train,0.7195249199867249,0.0,0.006765247788280249,0.0915917232632637,0.7981275916099548,0.8182346224784851,-0.646846354007721,1.0430331230163574,False
train,0.7199416756629944,0.0,0.006815264467149973,0.09221889078617096,0.7994503378868103,0.8257269859313965,-0.6471253037452698,1.0490930080413818,False
train,0.7203584313392639,0.0,0.00686737522482872,0.09284929186105728,0.8008227348327637,0.8332017064094543,-0.6471996307373047,1.0550318956375122,False
test,0.7207751870155334,0.0,0.006921698804944754,0.09348313510417938,0.8022446036338806,0.8406215906143188,-0.647070050239563,1.0608224868774414,False
train,0.721191942691803,0.0,0.006978326942771673,0.0941200703382492,0.8037165403366089,0.8479501605033875,-0.6467314958572388,1.0664337873458862,False
train,0.7216086387634277,0.0,0.007037339732050896,0.09476049989461899,0.805239200592041,0.8551512956619263,-0.6461855173110962,1.0718393325805664,False
train,0.7220253944396973,0.0,0.00709887919947505,0.09540443122386932,0.8068154454231262,0.8621907830238342,-0.6454291343688965,1.0770105123519897,False
train,0.7224421501159668,0.0,0.007162980269640684,0.09605114907026291,0.8084425926208496,0.8690264225006104,-0.6444558501243591,1.081910490989685,False
test,0.7228589057922363,0.0,0.007229804527014494,0.09670129418373108,0.8101230263710022,0.8756356239318848,-0.6432685852050781,1.0865229368209839,False
train,0.7232756614685059,0.0,0.007299392484128475,0.09735433757305145,0.8118572235107422,0.8819791674613953,-0.6418617963790894,1.090813398361206,False
train,0.7236924171447754,0.0,0.0073718964122235775,0.09801054745912552,0.8136450052261353,0.8880411386489868,-0.640234112739563,1.0947679281234741,False
train,0.7241091728210449,0.0,0.007447363808751106,0.09866940975189209,0.8154871463775635,0.8937892913818359,-0.638381838798523,1.098358154296875,False
train,0.7245259284973145,0.0,0.007525966968387365,0.09933134913444519,0.8173850178718567,0.8992039561271667,-0.6363039612770081,1.101567268371582,False
test,0.724942684173584,0.0,0.007607734762132168,0.09999553859233856,0.8193355798721313,0.9042619466781616,-0.6339934468269348,1.1043719053268433,False
train,0.7253594398498535,0.0,0.007692824583500624,0.10066255927085876,0.8213437795639038,0.9089450836181641,-0.631452202796936,1.1067578792572021,False
train,0.725776195526123,0.0,0.007781312335282564,0.1013316810131073,0.8234055042266846,0.9132554531097412,-0.6286724805831909,1.1087220907211304,False
train,0.7261929512023926,0.0,0.00787331536412239,0.10200326144695282,0.8255242705345154,0.9171732068061829,-0.6256560683250427,1.1102486848831177,False
train,0.7266097068786621,0.0,0.007968914695084095,0.10267661511898041,0.8276993632316589,0.9206896424293518,-0.6223952770233154,1.111325979232788,False
test,0.7270264625549316,0.0,0.00806825514882803,0.10335224121809006,0.8299310803413391,0.923812747001648,-0.6188912391662598,1.1119606494903564,False
train,0.7274432182312012,0.0,0.00817140657454729,0.10402947664260864,0.832217812538147,0.9265398979187012,-0.6151389479637146,1.1121474504470825,False
train,0.7278599739074707,0.0,0.008278504945337772,0.10470833629369736,0.8345605731010437,0.9288827776908875,-0.6111356019973755,1.1118947267532349,False
train,0.7282767295837402,0.0,0.008389633148908615,0.10538879036903381,0.836959719657898,0.9308483600616455,-0.6068809032440186,1.1112079620361328,False
train,0.7286934852600098,0.0,0.008504935540258884,0.1060708686709404,0.8394161462783813,0.9324461817741394,-0.6023730039596558,1.1100941896438599,False
test,0.7291102409362793,0.0,0.008624478243291378,0.1067538931965828,0.8419274091720581,0.9336953163146973,-0.59760582447052,1.1085665225982666,False
train,0.7295269966125488,0.0,0.008748400025069714,0.10743823647499084,0.8444948196411133,0.9346188902854919,-0.5925827026367188,1.1066466569900513,False
train,0.7299437522888184,0.0,0.008876766078174114,0.10812345892190933,0.8471176028251648,0.93523770570755,-0.5873008966445923,1.104351282119751,False
train,0.7303605079650879,0.0,0.009009761735796928,0.10880988836288452,0.8497961163520813,0.9355766177177429,-0.5817599296569824,1.1017024517059326,False
train,0.7307772636413574,0.0,0.009147405624389648,0.10949690639972687,0.8525295853614807,0.9356666803359985,-0.5759599208831787,1.0987274646759033,False
test,0.731194019317627,0.0,0.0092898765578866,0.11018487066030502,0.8553169965744019,0.9355370402336121,-0.5699011087417603,1.0954527854919434,False
train,0.7316107749938965,0.0,0.00943721178919077,0.11087339371442795,0.8581600785255432,0.9352201223373413,-0.5635863542556763,1.091909408569336,False
train,0.732027530670166,0.0,0.00958960223942995,0.11156278848648071,0.8610576391220093,0.934745728969574,-0.5570167303085327,1.0881255865097046,False
train,0.7324442863464355,0.0,0.009747100993990898,0.11225251853466034,0.8640066385269165,0.9341540336608887,-0.5501917600631714,1.0841377973556519,False
train,0.7328610420227051,0.0,0.009909801185131073,0.1129431277513504,0.8670090436935425,0.9334880709648132,-0.5431216359138489,1.0799912214279175,False
test,0.7332777380943298,0.0,0.010077770799398422,0.11363394558429718,0.8700649738311768,0.9327733516693115,-0.5358066558837891,1.0757113695144653,False
train,0.7336944937705994,0.0,0.010251238010823727,0.11432578414678574,0.8731721043586731,0.9320451021194458,-0.5282517671585083,1.071334719657898,False
train,0.7341112494468689,0.0,0.01043019350618124,0.11501811444759369,0.8763294816017151,0.931359052658081,-0.5204646587371826,1.0669176578521729,False
train,0.7345280051231384,0.0,0.010614763014018536,0.1157112568616867,0.8795363903045654,0.930741548538208,-0.5124520063400269,1.0624909400939941,False
train,0.734944760799408,0.0,0.010804994963109493,0.1164049506187439,0.8827934265136719,0.9302233457565308,-0.5042227506637573,1.0580908060073853,False
test,0.7353615164756775,0.0,0.011001048609614372,0.11709964275360107,0.8860992789268494,0.9298423528671265,-0.4957868456840515,1.0537606477737427,False
train,0.735778272151947,0.0,0.011202977038919926,0.11779502779245377,0.889451801776886,0.9296250343322754,-0.4871504008769989,1.0495322942733765,False
train,0.7361950278282166,0.0,0.011410812847316265,0.11849162727594376,0.892850935459137,0.92961585521698,-0.4783322215080261,1.0454603433609009,False
train,0.7366117835044861,0.0,0.011624709703028202,0.11918908357620239,0.8962949514389038,0.9298345446586609,-0.4693371057510376,1.041570782661438,False
train,0.7370285391807556,0.0,0.011844701133668423,0.119888074696064,0.8997842073440552,0.9303070902824402,-0.4601864218711853,1.037903070449829,False
test,0.7374452948570251,0.0,0.012070812284946442,0.12058821320533752,0.9033161997795105,0.9310659170150757,-0.4508909583091736,1.0344980955123901,False
train,0.7378620505332947,0.0,0.012303159572184086,0.12128986418247223,0.9068892002105713,0.9321224093437195,-0.4414653182029724,1.0313795804977417,False
train,0.7382788062095642,0.0,0.012541734613478184,0.1219930350780487,0.9105042219161987,0.9334925413131714,-0.4319306015968323,1.0285779237747192,False
train,0.7386955618858337,0.0,0.012786663137376308,0.12269805371761322,0.9141594767570496,0.9351891279220581,-0.42230093479156494,1.0261173248291016,False
train,0.7391123175621033,0.0,0.013037918135523796,0.12340494245290756,0.9178505539894104,0.9372278451919556,-0.4125972390174866,1.0240275859832764,False
test,0.7395290732383728,0.0,0.01329552661627531,0.12411421537399292,0.9215774536132812,0.9396232962608337,-0.4028433561325073,1.0223379135131836,False
train,0.7399458289146423,0.0,0.013559532351791859,0.12482524663209915,0.9253396391868591,0.9423571228981018,-0.39305180311203003,1.021041989326477,False
train,0.7403625845909119,0.0,0.013829962350428104,0.12553906440734863,0.9291355013847351,0.9454362392425537,-0.3832520842552185,1.020162582397461,False
train,0.7407793402671814,0.0,0.01410680916160345,0.12625545263290405,0.9329620003700256,0.948871374130249,-0.37346208095550537,1.0197209119796753,False
train,0.7411960959434509,0.0,0.014390051364898682,0.12697429955005646,0.9368180632591248,0.9526351690292358,-0.3637024760246277,1.0197025537490845,False
test,0.7416128516197205,0.0007936508045531809,0.014679675921797752,0.12769635021686554,0.9407016634941101,0.9567239284515381,-0.35400277376174927,1.0201170444488525,False
train,0.74202960729599,0.0,0.014975659549236298,0.12842115759849548,0.9446122646331787,0.961113452911377,-0.3443813920021057,1.020949363708496,False
train,0.7424463629722595,0.0,0.015277999453246593,0.12914933264255524,0.9485454559326172,0.96579509973526,-0.33486098051071167,1.0221996307373047,False
train,0.742863118648529,0.0,0.015586638823151588,0.12988051772117615,0.9525014162063599,0.9707422852516174,-0.32546210289001465,1.0238486528396606,False
train,0.7432798743247986,0.0,0.01590156927704811,0.13061529397964478,0.956476092338562,0.9759292006492615,-0.31620800495147705,1.025877833366394,False
test,0.7436966300010681,0.0,0.0162226352840662,0.13135330379009247,0.9604699611663818,0.9813182353973389,-0.30712205171585083,1.0282554626464844,False
train,0.7441133856773376,0.0,0.01654982566833496,0.13209517300128937,0.9644777178764343,0.9869014620780945,-0.2982237935066223,1.0309761762619019,False
train,0.7445300817489624,0.0,0.01688307896256447,0.13283996284008026,0.968500018119812,0.992614209651947,-0.2895234227180481,1.0339761972427368,False
train,0.7449468374252319,0.0,0.017222311347723007,0.1335892230272293,0.9725313186645508,0.998467743396759,-0.2810494303703308,1.0372687578201294,False
train,0.7453635931015015,0.0,0.01756746880710125,0.1343417763710022,0.9765716195106506,1.0043766498565674,-0.27280646562576294,1.040766954421997,False
test,0.745780348777771,0.0,0.017918363213539124,0.1350984126329422,0.9806166291236877,1.0103495121002197,-0.2648155689239502,1.0444775819778442,False
train,0.7461971044540405,0.0,0.01827497035264969,0.13585855066776276,0.9846653342247009,1.0163273811340332,-0.25707852840423584,1.0483371019363403,False
train,0.7466138601303101,0.0,0.018637236207723618,0.1366228312253952,0.9887132048606873,1.02227783203125,-0.24960583448410034,1.0523093938827515,False
train,0.7470306158065796,0.0,0.019004927948117256,0.13739043474197388,0.9927594065666199,1.0281660556793213,-0.24240189790725708,1.0563541650772095,False
train,0.7474473714828491,0.0,0.01937808282673359,0.13816207647323608,0.9967993497848511,1.0339601039886475,-0.2354651689529419,1.0604325532913208,False
test,0.7478641271591187,0.0,0.019756510853767395,0.13893717527389526,1.0008317232131958,1.0396226644515991,-0.2287953495979309,1.064501166343689,False
train,0.7482808828353882,0.0,0.020140109583735466,0.13971586525440216,1.0048521757125854,1.0451301336288452,-0.22238582372665405,1.068528175354004,False
train,0.7486976385116577,0.0,0.02052883617579937,0.14049796760082245,1.0088587999343872,1.0504376888275146,-0.2162245512008667,1.0724608898162842,False
train,0.7491143941879272,0.0,0.020922532305121422,0.14128386974334717,1.0128470659255981,1.055550456047058,-0.21030253171920776,1.076296329498291,False
train,0.7495311498641968,0.0,0.021321160718798637,0.14207272231578827,1.0168163776397705,1.060417890548706,-0.20459657907485962,1.079974889755249,False
test,0.7499479055404663,0.0007936508045531809,0.021724671125411987,0.14286500215530396,1.020759105682373,1.0650262832641602,-0.19908922910690308,1.0834747552871704,False
train,0.7503646612167358,0.0,0.02213289402425289,0.14366009831428528,1.0246754884719849,1.0693509578704834,-0.19375932216644287,1.0867631435394287,False
train,0.7507814168930054,0.0,0.022545820102095604,0.14445848762989044,1.0285595655441284,1.073391318321228,-0.18857944011688232,1.089830756187439,False
train,0.7511981725692749,0.0015873016091063619,0.022963423281908035,0.1452593356370926,1.0324106216430664,1.077120304107666,-0.18351542949676514,1.092641830444336,False
train,0.7516149282455444,0.0,0.02338564768433571,0.14606325328350067,1.0362213850021362,1.0805470943450928,-0.17853987216949463,1.0951979160308838,False
test,0.752031683921814,0.0,0.02381247840821743,0.14686913788318634,1.039992094039917,1.083634853363037,-0.17361664772033691,1.0974549055099487,False
train,0.7524484395980835,0.0015873016091063619,0.024243872612714767,0.14767789840698242,1.0437157154083252,1.0864201784133911,-0.16871356964111328,1.0994422435760498,False
train,0.752865195274353,0.0,0.02467988431453705,0.14848849177360535,1.0473911762237549,1.088870644569397,-0.16378796100616455,1.1011202335357666,False
train,0.7532819509506226,0.0,0.025120511651039124,0.14930149912834167,1.051012396812439,1.091002106666565,-0.15881145000457764,1.1025002002716064,False
train,0.7536987066268921,0.0031746032182127237,0.025565769523382187,0.15011602640151978,1.0545769929885864,1.0928146839141846,-0.15373849868774414,1.1035757064819336,False
test,0.7541154623031616,0.003968254197388887,0.026015756651759148,0.15093247592449188,1.0580787658691406,1.0943161249160767,-0.148537278175354,1.1043510437011719,False
train,0.7545322179794312,0.0007936508045531809,0.026470432057976723,0.1517503708600998,1.0615167617797852,1.0955137014389038,-0.1431727409362793,1.1048296689987183,False
train,0.7549489736557007,0.0,0.026929987594485283,0.15257003903388977,1.0648834705352783,1.096421718597412,-0.13760900497436523,1.1050235033035278,False
train,0.7553657293319702,0.0,0.027394535019993782,0.15339036285877228,1.0681781768798828,1.0970271825790405,-0.13180947303771973,1.1049174070358276,False
train,0.755782425403595,0.0634920671582222,0.027863936498761177,0.154212087392807,1.0713939666748047,1.0973706245422363,-0.12575697898864746,1.1045528650283813,False
test,0.7561991810798645,0.05000000074505806,0.028338609263300896,0.15503516793251038,1.0745251178741455,1.097447156906128,-0.11941492557525635,1.1039248704910278,False
train,0.756615936756134,0.03650793805718422,0.028818544000387192,0.15585830807685852,1.0775730609893799,1.0972421169281006,-0.11276376247406006,1.103021264076233,False
train,0.7570326924324036,0.02460317499935627,0.02930387854576111,0.1566825807094574,1.0805264711380005,1.0968141555786133,-0.10578012466430664,1.1019032001495361,False
train,0.7574494481086731,0.0476190485060215,0.029794735834002495,0.15750718116760254,1.083385944366455,1.0961323976516724,-0.09845185279846191,1.1005449295043945,False
train,0.7578662037849426,0.0436507947742939,0.030291341245174408,0.15833264589309692,1.086143136024475,1.0952367782592773,-0.09076297283172607,1.0989911556243896,False
test,0.7582829594612122,0.04920634999871254,0.030793679878115654,0.15915796160697937,1.0887960195541382,1.0941168069839478,-0.08270716667175293,1.0972384214401245,False
train,0.7586997151374817,0.0515873022377491,0.031302113085985184,0.1599835306406021,1.0913379192352295,1.0927841663360596,-0.07427775859832764,1.0953056812286377,False
train,0.7591164708137512,0.03888889029622078,0.031816571950912476,0.16080908477306366,1.0937670469284058,1.091252326965332,-0.06547415256500244,1.093214750289917,False
train,0.7595332264900208,0.04603174701333046,0.03233741596341133,0.16163472831249237,1.0960749387741089,1.0895259380340576,-0.056293487548828125,1.0909792184829712,False
train,0.7599499821662903,0.05238095298409462,0.03286464512348175,0.16245967149734497,1.0982627868652344,1.087603211402893,-0.04674673080444336,1.0886073112487793,False
test,0.7603667378425598,0.0595238097012043,0.03339851275086403,0.16328458487987518,1.1003170013427734,1.0855035781860352,-0.03683292865753174,1.0861283540725708,False
train,0.7607834935188293,0.04047619178891182,0.03393905237317085,0.16410860419273376,1.102239727973938,1.0832103490829468,-0.026570558547973633,1.083536148071289,False
train,0.7612002491950989,0.06031746044754982,0.03448643535375595,0.16493244469165802,1.104021668434143,1.0807666778564453,-0.01596391201019287,1.080884575843811,False
train,0.7616170048713684,0.0555555559694767,0.03504091501235962,0.16575512290000916,1.1056616306304932,1.0781381130218506,-0.005021214485168457,1.0781497955322266,False
train,0.7620337605476379,0.05476190522313118,0.03560248389840126,0.16657696664333344,1.107151985168457,1.0753462314605713,0.006237149238586426,1.075364351272583,False
test,0.7624505162239075,0.05714285746216774,0.036171264946460724,0.16739769279956818,1.108489751815796,1.0724031925201416,0.017803430557250977,1.0725510120391846,False
train,0.762867271900177,0.0555555559694767,0.03674747794866562,0.16821767389774323,1.1096665859222412,1.0693285465240479,0.029665589332580566,1.0697399377822876,False
train,0.7632840275764465,0.0555555559694767,0.037331100553274155,0.16903576254844666,1.1106833219528198,1.0660896301269531,0.04180896282196045,1.0669090747833252,False
train,0.7637007832527161,0.05079365149140358,0.037922292947769165,0.16985276341438293,1.1115288734436035,1.0627453327178955,0.054232239723205566,1.0641281604766846,False
train,0.7641175389289856,0.05793650820851326,0.03852120041847229,0.17066799104213715,1.11220383644104,1.0592774152755737,0.06692397594451904,1.061389446258545,False
test,0.7645342946052551,0.05317460373044014,0.03912792727351189,0.1714819371700287,1.1126976013183594,1.0557050704956055,0.07989108562469482,1.0587236881256104,False
train,0.7649510502815247,0.05793650820851326,0.03974247723817825,0.17229390144348145,1.1130101680755615,1.0520522594451904,0.09312617778778076,1.0561659336090088,False
train,0.7653678059577942,0.05079365149140358,0.04036512225866318,0.1731039434671402,1.1131314039230347,1.0483262538909912,0.10663008689880371,1.0537352561950684,False
train,0.7657845616340637,0.05793650820851326,0.040995799005031586,0.173911914229393,1.1130623817443848,1.0445481538772583,0.12042391300201416,1.051466941833496,False
train,0.7662013173103333,0.0634920671582222,0.041634656488895416,0.1747180074453354,1.112794280052185,1.0407390594482422,0.13451015949249268,1.0493954420089722,False
test,0.7666180729866028,0.04920634999871254,0.04228181391954422,0.17552176117897034,1.112325668334961,1.03693687915802,0.14891695976257324,1.0475754737854004,False
train,0.7670348286628723,0.05634920671582222,0.0429374985396862,0.17632345855236053,1.111645221710205,1.0331579446792603,0.1636662483215332,1.0460411310195923,False
train,0.7674515247344971,0.010317460633814335,0.0436016283929348,0.1771223396062851,1.110755443572998,1.029408574104309,0.17878079414367676,1.0448179244995117,False
train,0.7678682804107666,0.0015873016091063619,0.04427451640367508,0.1779194325208664,1.109646201133728,1.0257534980773926,0.19430696964263916,1.0439950227737427,False
train,0.7682850360870361,0.0015873016091063619,0.044956307858228683,0.17871370911598206,1.1083177328109741,1.022197961807251,0.21028363704681396,1.0436033010482788,False
test,0.7687017917633057,0.008730159141123295,0.04564724117517471,0.17950572073459625,1.1067613363265991,1.0187774896621704,0.22675371170043945,1.043707251548767,False
train,0.7691185474395752,0.02619047649204731,0.04634738340973854,0.18029505014419556,1.1049755811691284,1.0155274868011475,0.2437732219696045,1.0443761348724365,False
train,0.7695353031158447,0.02063492126762867,0.04705701023340225,0.181082084774971,1.1029530763626099,1.012474536895752,0.2613908052444458,1.0456719398498535,False
train,0.7699520587921143,0.0,0.047776371240615845,0.18186640739440918,1.1006933450698853,1.0096526145935059,0.2796827554702759,1.0476740598678589,False
train,0.7703688144683838,0.0,0.048505812883377075,0.1826484650373459,1.0981874465942383,1.0070996284484863,0.29871177673339844,1.0504658222198486,False
test,0.7707855701446533,0.0,0.04924542456865311,0.18342755734920502,1.0954387187957764,1.0048186779022217,0.3185412883758545,1.0541011095046997,False
train,0.7712023258209229,0.0,0.049995843321084976,0.18420453369617462,1.0924350023269653,1.002851963043213,0.33926212787628174,1.0586835145950317,False
train,0.7716190814971924,0.0,0.05075721815228462,0.18497860431671143,1.089178204536438,1.0012304782867432,0.36094462871551514,1.064304232597351,False
train,0.7720358371734619,0.0,0.05153001844882965,0.18575063347816467,1.0856598615646362,0.9999461770057678,0.38366270065307617,1.071022629737854,False
train,0.7724525928497314,0.0,0.052314627915620804,0.1865200698375702,1.0818818807601929,0.9990313053131104,0.4075174331665039,1.0789504051208496,False
test,0.772869348526001,0.0015873016091063619,0.053111717104911804,0.18728719651699066,1.0778367519378662,0.998488187789917,0.43259453773498535,1.0881712436676025,False
train,0.7732861042022705,0.0,0.05392150953412056,0.1880520135164261,1.0735244750976562,0.998336672782898,0.4589740037918091,1.0987871885299683,False
train,0.77370285987854,0.0,0.05474487319588661,0.18881487846374512,1.0689376592636108,0.998564600944519,0.4867604970932007,1.110885739326477,False
train,0.7741196155548096,0.0015873016091063619,0.05558197200298309,0.18957506120204926,1.0640792846679688,0.9991655945777893,0.5160200595855713,1.1245481967926025,False
train,0.7745363712310791,0.04285714402794838,0.05643391236662865,0.19033345580101013,1.0589412450790405,1.0001291036605835,0.5468770265579224,1.1398826837539673,False
test,0.7749531269073486,0.011904762126505375,0.057300910353660583,0.19108930230140686,1.0535277128219604,1.0014336109161377,0.5793917179107666,1.1569632291793823,False
train,0.7753698825836182,0.0,0.05818401277065277,0.19184352457523346,1.0478286743164062,1.0030670166015625,0.6136806011199951,1.1759027242660522,False
train,0.7757866382598877,0.0,0.059083692729473114,0.19259530305862427,1.041849136352539,1.0049928426742554,0.6498165130615234,1.1967756748199463,False
train,0.7762033939361572,0.0,0.06000092253088951,0.19334526360034943,1.0355831384658813,1.007153034210205,0.6878910064697266,1.2196520566940308,False
train,0.7766201496124268,0.0007936508045531809,0.06093640252947807,0.19409318268299103,1.0290292501449585,1.0095252990722656,0.7279918193817139,1.2446337938308716,False
test,0.7770369052886963,0.0,0.061890993267297745,0.19483859837055206,1.0221912860870361,1.0120762586593628,0.7702078819274902,1.2718169689178467,False
train,0.7774536609649658,0.0007936508045531809,0.06286550313234329,0.19558189809322357,1.0150636434555054,1.0147062540054321,0.8146048784255981,1.3012340068817139,False
train,0.7778704166412354,0.0007936508045531809,0.06386090815067291,0.19632290303707123,1.0076489448547363,1.017388105392456,0.861272931098938,1.332992672920227,False
train,0.7782871723175049,0.0,0.06487814337015152,0.19706134498119354,0.9999436736106873,1.02004075050354,0.9102883338928223,1.367153286933899,False
train,0.7787038683891296,0.0,0.06591786444187164,0.19779692590236664,0.9919527173042297,1.022610068321228,0.9617046117782593,1.4037830829620361,False
test,0.7791206240653992,0.0015873016091063619,0.06698179990053177,0.1985304206609726,0.9836695790290833,1.0250201225280762,1.0156266689300537,1.4429705142974854,False
train,0.7795373797416687,0.0,0.06807025521993637,0.1992603838443756,0.9751033782958984,1.0272048711776733,1.0720887184143066,1.4847639799118042,False
train,0.7799541354179382,0.0,0.069184809923172,0.19998762011528015,0.9662474989891052,1.0290663242340088,1.1311744451522827,1.529226303100586,False
train,0.7803708910942078,0.0,0.07032611966133118,0.20071129500865936,0.957109808921814,1.0305531024932861,1.192923903465271,1.5764222145080566,False
train,0.7807876467704773,0.0007936508045531809,0.07149550318717957,0.2014310657978058,0.9476867914199829,1.0315766334533691,1.2573989629745483,1.6264078617095947,False
test,0.7812044024467468,0.0,0.07269404083490372,0.2021469622850418,0.9379866719245911,1.032081961631775,1.3246558904647827,1.6792576313018799,False
train,0.7816211581230164,0.0007936508045531809,0.07392291724681854,0.20285853743553162,0.9280077815055847,1.0319836139678955,1.3947370052337646,1.7350163459777832,False
train,0.7820379137992859,0.0,0.07518305629491806,0.20356515049934387,0.9177560210227966,1.031238317489624,1.4676796197891235,1.7937490940093994,False
train,0.7824546694755554,0.0031746032182127237,0.07647600024938583,0.20426695048809052,0.9072318077087402,1.029742956161499,1.5435340404510498,1.8554966449737549,False
train,0.782871425151825,0.0063492064364254475,0.07780230790376663,0.20496252179145813,0.8964447379112244,1.0274698734283447,1.622310757637024,1.9203089475631714,False
test,0.7832881808280945,0.0015873016091063619,0.07916384935379028,0.20565257966518402,0.8853926062583923,1.0243780612945557,1.7040659189224243,1.9882632493972778,False
train,0.783704936504364,0.0007936508045531809,0.08056118339300156,0.2063356339931488,0.8740865588188171,1.020423173904419,1.7888070344924927,2.059391736984253,False
train,0.7841216921806335,0.0,0.08199629932641983,0.20701223611831665,0.8625271320343018,1.015541911125183,1.8765746355056763,2.133742570877075,False
train,0.7845384478569031,0.0,0.0834696963429451,0.20768116414546967,0.8507251143455505,1.0097460746765137,1.9673618078231812,2.2113568782806396,False
train,0.7849552035331726,0.0,0.08498288691043854,0.20834213495254517,0.8386823534965515,1.0029820203781128,2.0611910820007324,2.2922656536102295,False
test,0.7853719592094421,0.0,0.08653689175844193,0.20899467170238495,0.8264093399047852,0.9952874183654785,2.1580557823181152,2.3765103816986084,False
train,0.7857887148857117,0.0,0.08813337981700897,0.20963852107524872,0.8139103055000305,0.9866140484809875,2.257978677749634,2.4641175270080566,False
train,0.7862054705619812,0.0,0.08977276086807251,0.2102723866701126,0.8011978268623352,0.9769937992095947,2.3609137535095215,2.555079460144043,False
train,0.7866222262382507,0.003968254197388887,0.09145718067884445,0.21089708805084229,0.7882751822471619,0.9664525985717773,2.46689772605896,2.6494555473327637,False
train,0.7870389819145203,0.0,0.09318683296442032,0.21151083707809448,0.7751556634902954,0.9550198316574097,2.5758540630340576,2.7471961975097656,False
test,0.7874557375907898,0.0015873016091063619,0.09496381133794785,0.2121141403913498,0.7618443965911865,0.9426912665367126,2.687795639038086,2.8483173847198486,False
train,0.7878724932670593,0.0007936508045531809,0.0967886745929718,0.21270634233951569,0.7483559846878052,0.9295703768730164,2.8026602268218994,2.952796220779419,False
train,0.7882892489433289,0.0,0.09866274148225784,0.2132865935564041,0.734696626663208,0.9156403541564941,2.920405387878418,3.060582399368286,False
train,0.7887060046195984,0.004761904943734407,0.10058736056089401,0.21385516226291656,0.720880925655365,0.9010281562805176,3.040989398956299,3.171666383743286,False
train,0.7891227602958679,0.0007936508045531809,0.10256341844797134,0.21441136300563812,0.7069163918495178,0.8857221007347107,3.1643285751342773,3.285951852798462,False
test,0.7895395159721375,0.0,0.10459135472774506,0.21495461463928223,0.6928194165229797,0.8698582053184509,3.2903075218200684,3.403347969055176,False
train,0.7899562120437622,0.0007936508045531809,0.10667306184768677,0.21548502147197723,0.6785998940467834,0.8534624576568604,3.4188899993896484,3.523805618286133,False
train,0.7903729677200317,0.0,0.10880923271179199,0.21600216627120972,0.6642680764198303,0.8366051912307739,3.549947500228882,3.64719557762146,False
train,0.7907897233963013,0.0,0.11100080609321594,0.21650637686252594,0.649840772151947,0.8194307088851929,3.683366298675537,3.773414134979248,False
train,0.7912064790725708,0.0,0.1132488027215004,0.21699701249599457,0.6353283524513245,0.8019168376922607,3.8190109729766846,3.9022960662841797,False
test,0.7916232347488403,0.0,0.11555348336696625,0.21747352182865143,0.6207480430603027,0.7841870784759521,3.956712245941162,4.033673286437988,False
train,0.7920399904251099,0.0,0.11791614443063736,0.2179369181394577,0.6061095595359802,0.7662898302078247,4.096320629119873,4.1673784255981445,False
train,0.7924567461013794,0.0,0.12033702433109283,0.21838602423667908,0.5914322137832642,0.7483372092247009,4.237648963928223,4.303216934204102,False
train,0.7928735017776489,0.0,0.12281724065542221,0.218821182847023,0.5767262578010559,0.7303062677383423,4.3805012702941895,4.4409613609313965,False
train,0.7932902574539185,0.0,0.1253567337989807,0.21924279630184174,0.5620102882385254,0.7123271226882935,4.524640083312988,4.580368995666504,False
test,0.793707013130188,0.0,0.1279563307762146,0.2196505218744278,0.5472956299781799,0.6944278478622437,4.669863700866699,4.721213340759277,False
train,0.7941237688064575,0.0,0.1306159347295761,0.2200442999601364,0.5326011776924133,0.6766397356987,4.81588077545166,4.86318302154541,False
train,0.794540524482727,0.0,0.1333361715078354,0.22042442858219147,0.5179387927055359,0.658982515335083,4.962447643280029,5.006011009216309,False
train,0.7949572801589966,0.0,0.13611643016338348,0.2207908183336258,0.5033265352249146,0.6415286064147949,5.109267234802246,5.149385452270508,False
train,0.7953740358352661,0.0007936508045531809,0.13895778357982635,0.22114400565624237,0.48877662420272827,0.6242477893829346,5.256064414978027,5.293004512786865,False
test,0.7957907915115356,0.0,0.1418587565422058,0.2214834839105606,0.4743077754974365,0.6071699857711792,5.402466297149658,5.436478614807129,False
train,0.7962075471878052,0.0,0.1448201835155487,0.2218097746372223,0.45993170142173767,0.5902609825134277,5.548196792602539,5.579506874084473,False
train,0.7966243028640747,0.0,0.14784064888954163,0.22212299704551697,0.4456665515899658,0.573548436164856,5.692880630493164,5.7216997146606445,False
train,0.7970410585403442,0.0,0.15092046558856964,0.22242315113544464,0.4315233826637268,0.5569895505905151,5.836216926574707,5.862735271453857,False
train,0.7974578142166138,0.0,0.1540580540895462,0.222710520029068,0.4175201952457428,0.5405666828155518,5.977780818939209,6.002172946929932,False
test,0.7978745698928833,0.0,0.1572534292936325,0.22298488020896912,0.403668075799942,0.5242220163345337,6.117270469665527,6.13969087600708,False
train,0.7982913255691528,0.0007936508045531809,0.16050441563129425,0.22324685752391815,0.3899827301502228,0.5079476833343506,6.254273891448975,6.274866580963135,False
train,0.7987080812454224,0.0,0.16381137073040009,0.22349628806114197,0.3764761984348297,0.49164897203445435,6.388507843017578,6.407398223876953,False
train,0.7991248369216919,0.0007936508045531809,0.16717109084129333,0.22373268008232117,0.3631628155708313,0.4753248989582062,6.519515514373779,6.536819934844971,False
train,0.7995415925979614,0.0007936508045531809,0.17058368027210236,0.22395695745944977,0.35005247592926025,0.4588563144207001,6.647005558013916,6.662824630737305,False
test,0.799958348274231,0.004761904943734407,0.17404644191265106,0.22416889667510986,0.337159663438797,0.4422306418418884,6.770615577697754,6.785042762756348,False
train,0.8003751039505005,0.10555555671453476,0.17755866050720215,0.22436828911304474,0.32449206709861755,0.4253697991371155,6.890073776245117,6.903191566467285,False
train,0.80079185962677,0.0031746032182127237,0.18111731112003326,0.22455519437789917,0.3120635151863098,0.40820375084877014,7.005002975463867,7.0168867111206055,False
train,0.8012085556983948,0.210317462682724,0.1847204715013504,0.22472946345806122,0.2998829483985901,0.390678346157074,7.115151882171631,7.125869274139404,False
train,0.8016253113746643,0.1190476194024086,0.18836697936058044,0.22489140927791595,0.28795740008354187,0.3727298080921173,7.220261573791504,7.229875564575195,False
test,0.8020420670509338,0.09285714477300644,0.1920546144247055,0.22504086792469025,0.27629488706588745,0.3542940616607666,7.320127487182617,7.328696250915527,False
train,0.8024588227272034,0.18968254327774048,0.195779949426651,0.22517774999141693,0.2649044692516327,0.33536404371261597,7.414510726928711,7.422091007232666,False
train,0.8028755784034729,0.0063492064364254475,0.19954197108745575,0.22530221939086914,0.25379106402397156,0.3158375918865204,7.503293037414551,7.509937763214111,False
train,0.8032923340797424,0.010317460633814335,0.2033367156982422,0.2254134714603424,0.24296323955059052,0.2956939935684204,7.586282730102539,7.592043399810791,False
train,0.803709089756012,0.008730159141123295,0.20716266334056854,0.22551114857196808,0.23242279887199402,0.2749050557613373,7.66341495513916,7.668344020843506,False
test,0.8041258454322815,0.11825396865606308,0.21101722121238708,0.2255963236093521,0.222176194190979,0.2534562647342682,7.7346367835998535,7.738788604736328,False
train,0.804542601108551,0.19603174924850464,0.21489767730236053,0.2256675511598587,0.21222485601902008,0.23130010068416595,7.799940586090088,7.803369522094727,False
train,0.8049593567848206,0.02222222276031971,0.21880115568637848,0.22572553157806396,0.2025730162858963,0.20843200385570526,7.859312057495117,7.8620758056640625,False
train,0.8053761124610901,0.011111111380159855,0.22272628545761108,0.2257700264453888,0.19322076439857483,0.1848444640636444,7.912858963012695,7.915017604827881,False
train,0.8057928681373596,0.004761904943734407,0.22666916251182556,0.22580057382583618,0.18417015671730042,0.1605754792690277,7.960681915283203,7.962301254272461,False
test,0.8062096238136292,0.10952381044626236,0.23062852025032043,0.2258169949054718,0.1754201203584671,0.1355869323015213,8.00287914276123,8.004027366638184,False
train,0.8066263794898987,0.15952381491661072,0.2346010059118271,0.22581951320171356,0.16697122156620026,0.1099141389131546,8.039648056030273,8.040399551391602,False
train,0.8070431351661682,0.01904761977493763,0.23858542740345,0.22580750286579132,0.15882039070129395,0.0835801362991333,8.071224212646484,8.071657180786133,False
train,0.8074598908424377,0.2698412835597992,0.24257822334766388,0.22578135132789612,0.15096750855445862,0.056631267070770264,8.097766876220703,8.097965240478516,False
train,0.8078766465187073,0.26825398206710815,0.2465786337852478,0.2257402539253235,0.14340823888778687,0.029063761234283447,8.119634628295898,8.1196870803833,False
test,0.8082934021949768,0.26428571343421936,0.2505840063095093,0.22568468749523163,0.13614042103290558,0.0009310096502304077,8.1370267868042,8.1370267868042,False
train,0.8087101578712463,0.30793651938438416,0.2545931041240692,0.22561459243297577,0.1291588693857193,-0.027728810906410217,8.150301933288574,8.150349617004395,False
train,0.8091269135475159,0.31904762983322144,0.25860297679901123,0.22552955150604248,0.12245994806289673,-0.05685222148895264,8.159757614135742,8.159955978393555,False
train,0.8095436692237854,0.36666667461395264,0.262613445520401,0.22542943060398102,0.11603863537311554,-0.08644343912601471,8.165711402893066,8.166168212890625,False
train,0.8099604249000549,0.33095237612724304,0.26662200689315796,0.22531451284885406,0.10988987982273102,-0.11640860140323639,8.168545722961426,8.169374465942383,False
test,0.8103771805763245,0.3730158805847168,0.27062854170799255,0.22518451511859894,0.10400674492120743,-0.14673730731010437,8.168574333190918,8.169892311096191,False
train,0.810793936252594,0.3365079462528229,0.27463024854660034,0.2250395119190216,0.09838441759347916,-0.1773795187473297,8.166074752807617,8.168001174926758,False
train,0.8112106919288635,0.37857142090797424,0.2786276042461395,0.224879190325737,0.09301526099443436,-0.20827388763427734,8.161445617675781,8.164102554321289,False
train,0.8116274476051331,0.3103174567222595,0.2826186716556549,0.22470413148403168,0.08789348602294922,-0.23940110206604004,8.154948234558105,8.158461570739746,False
train,0.8120442032814026,0.3579365015029907,0.28660404682159424,0.22451399266719818,0.08301128447055817,-0.2707439661026001,8.1469144821167,8.151412010192871,False
test,0.8124609589576721,0.369047611951828,0.2905818223953247,0.22430868446826935,0.07836196571588516,-0.3022172451019287,8.137629508972168,8.14323902130127,False
train,0.8128776550292969,0.3126984238624573,0.2945507764816284,0.22408874332904816,0.07393914461135864,-0.333805650472641,8.127294540405273,8.134146690368652,False
train,0.8132944107055664,0.3920634984970093,0.298512727022171,0.22385385632514954,0.06973305344581604,-0.365507572889328,8.116168975830078,8.124395370483398,False
train,0.8137111663818359,0.3174603283405304,0.30246567726135254,0.22360436618328094,0.06573811173439026,-0.39726361632347107,8.104416847229004,8.114148139953613,False
train,0.8141279220581055,0.3722222149372101,0.30641084909439087,0.22333991527557373,0.061945877969264984,-0.4290982782840729,8.092242240905762,8.10361099243164,False
test,0.814544677734375,0.29603174328804016,0.3103460967540741,0.22306078672409058,0.05834938958287239,-0.4609118103981018,8.079782485961914,8.092918395996094,False
train,0.8149614334106445,0.3603174686431885,0.3142726719379425,0.2227669358253479,0.05494070053100586,-0.49276381731033325,8.067045211791992,8.082080841064453,False
train,0.8153781890869141,0.25634920597076416,0.3181895613670349,0.2224588841199875,0.05171269178390503,-0.5245866775512695,8.05412483215332,8.07119083404541,False
train,0.8157949447631836,0.3650793731212616,0.322098046541214,0.22213630378246307,0.04865739122033119,-0.5563890933990479,8.04109001159668,8.06031608581543,False
train,0.8162117004394531,0.230158731341362,0.32599613070487976,0.2217995971441269,0.045768219977617264,-0.5881429314613342,8.02780532836914,8.049321174621582,False
test,0.8166284561157227,0.369047611951828,0.32988524436950684,0.2214483767747879,0.043037448078393936,-0.619841456413269,8.014324188232422,8.03825855255127,False
train,0.8170452117919922,0.34761905670166016,0.3337637484073639,0.22108319401741028,0.040458351373672485,-0.6514773368835449,8.000425338745117,8.026906967163086,False
train,0.8174619674682617,0.2587301731109619,0.33763349056243896,0.22070395946502686,0.0380236841738224,-0.6830596923828125,7.986029624938965,8.015188217163086,False
train,0.8178787231445312,0.3539682626724243,0.34149229526519775,0.22031119465827942,0.035726964473724365,-0.7145078778266907,7.970979690551758,8.002939224243164,False
train,0.8182954788208008,0.26428571343421936,0.3453406095504761,0.2199040651321411,0.03356153517961502,-0.745875358581543,7.954978942871094,7.989870071411133,False
test,0.8187122344970703,0.3531745970249176,0.34917762875556946,0.2194838523864746,0.03152105584740639,-0.777125358581543,7.937847137451172,7.975797176361084,False
train,0.8191289901733398,0.2507936656475067,0.35300323367118835,0.21904921531677246,0.029599236324429512,-0.8082089424133301,7.9192962646484375,7.96043062210083,False
train,0.8195457458496094,0.3452380895614624,0.3568156659603119,0.218601793050766,0.02779024839401245,-0.8391305208206177,7.898974418640137,7.943420886993408,False
train,0.8199625015258789,0.24682539701461792,0.36061564087867737,0.21814079582691193,0.02608797326683998,-0.8698813915252686,7.876629829406738,7.924518585205078,False
train,0.8203792572021484,0.3373015820980072,0.36440110206604004,0.2176668494939804,0.02448721043765545,-0.9004116058349609,7.85184383392334,7.9033026695251465,False
test,0.820796012878418,0.2706349194049835,0.36817148327827454,0.21717941761016846,0.022982383146882057,-0.9307261109352112,7.824288368225098,7.879450798034668,False
train,0.8212127685546875,0.341269850730896,0.37192481756210327,0.21667933464050293,0.021568424999713898,-0.9607354402542114,7.793627738952637,7.852620601654053,False
train,0.821629524230957,0.27539682388305664,0.3756605386734009,0.21616610884666443,0.020240267738699913,-0.9904741048812866,7.759374618530273,7.822335243225098,False
train,0.8220462799072266,0.3460317552089691,0.379376620054245,0.2156411111354828,0.018993200734257698,-1.019860029220581,7.721242904663086,7.788305759429932,False
train,0.8224630355834961,0.2984127104282379,0.3830713927745819,0.215102881193161,0.01782272569835186,-1.0488991737365723,7.678778648376465,7.750085830688477,False
test,0.8228797912597656,0.3920634984970093,0.3867422044277191,0.2145528346300125,0.01672452501952648,-1.0775275230407715,7.631650924682617,7.7073445320129395,False
train,0.8232965469360352,0.41031745076179504,0.3903886079788208,0.213990718126297,0.015694353729486465,-1.1056994199752808,7.579466342926025,7.659692287445068,False
train,0.8237133026123047,0.5515872836112976,0.3940075933933258,0.21341708302497864,0.01472837571054697,-1.1334071159362793,7.521899700164795,7.606812000274658,False
train,0.8241299986839294,0.49444442987442017,0.3975958526134491,0.21283173561096191,0.013822884298861027,-1.16060209274292,7.458597183227539,7.548355579376221,False
train,0.824546754360199,0.6095238327980042,0.4011525511741638,0.2122350037097931,0.012974108569324017,-1.1872230768203735,7.389282703399658,7.484049320220947,False
test,0.8249635100364685,0.541269838809967,0.40467387437820435,0.21162743866443634,0.012178855016827583,-1.2132734060287476,7.313673973083496,7.413626194000244,False
train,0.825380265712738,0.6460317373275757,0.40815818309783936,0.21100899577140808,0.011433785781264305,-1.2386832237243652,7.2315473556518555,7.336866855621338,False
train,0.8257970213890076,0.5507936477661133,0.41160228848457336,0.21038055419921875,0.010735953226685524,-1.2634633779525757,7.142719268798828,7.253604888916016,False
train,0.8262137770652771,0.44999998807907104,0.41500335931777954,0.2097415030002594,0.010082433931529522,-1.2875796556472778,7.047035217285156,7.163697719573975,False
train,0.8266305327415466,0.32301586866378784,0.4183577001094818,0.2090931534767151,0.009470543824136257,-1.3109813928604126,6.94442081451416,7.067082405090332,False
test,0.8270472884178162,0.3769841194152832,0.4216633141040802,0.2084345519542694,0.008897675201296806,-1.3336764574050903,6.834754467010498,6.96366024017334,False
train,0.8274640440940857,0.31507936120033264,0.4249172806739807,0.20776745676994324,0.008361419662833214,-1.3556602001190186,6.718145847320557,6.853560924530029,False
train,0.8278807997703552,0.3936507999897003,0.42811667919158936,0.20709118247032166,0.00785947684198618,-1.376900553703308,6.594612121582031,6.73682165145874,False
train,0.8282975554466248,0.33571428060531616,0.43125784397125244,0.2064063400030136,0.007389722857624292,-1.3974145650863647,6.464301586151123,6.613619327545166,False
train,0.8287143111228943,0.3976190388202667,0.43433907628059387,0.2057134509086609,0.006950069218873978,-1.4172067642211914,6.32737922668457,6.484150409698486,False
test,0.8291310667991638,0.36269840598106384,0.4373573660850525,0.20501269400119781,0.006538637448102236,-1.436321496963501,6.184104919433594,6.348714351654053,False
train,0.8295478224754333,0.5468254089355469,0.4403093457221985,0.20430384576320648,0.006153634283691645,-1.4547301530838013,6.034759044647217,6.207621097564697,False
train,0.8299645781517029,0.5373015999794006,0.4431937038898468,0.2035883665084839,0.005793360061943531,-1.472482681274414,5.879797458648682,6.061371326446533,False
train,0.8303813338279724,0.6404761672019958,0.4460079073905945,0.20286527276039124,0.005456212442368269,-1.4896315336227417,5.719513416290283,5.910315990447998,False
train,0.8307980895042419,0.5690476298332214,0.4487498104572296,0.20213614404201508,0.005140713416039944,-1.5061798095703125,5.554487228393555,5.7550764083862305,False
test,0.8312148451805115,0.617460310459137,0.45141732692718506,0.20139972865581512,0.004845475312322378,-1.522193431854248,5.385199069976807,5.596198558807373,False
train,0.831631600856781,0.33888888359069824,0.4540086090564728,0.2006574422121048,0.004569182172417641,-1.5377092361450195,5.2122602462768555,5.434354305267334,False
train,0.8320483565330505,0.4007936418056488,0.4565235376358032,0.19990891218185425,0.0043105678632855415,-1.552793025970459,5.036276817321777,5.270223140716553,False
train,0.8324651122093201,0.3531745970249176,0.4589596390724182,0.19915463030338287,0.004068541806191206,-1.5674954652786255,4.857945442199707,5.104574203491211,False
train,0.8328818678855896,0.4396825432777405,0.46131670475006104,0.1983942836523056,0.0038419796619564295,-1.5818761587142944,4.677893161773682,4.938118934631348,False
test,0.8332986235618591,0.43095237016677856,0.46359437704086304,0.19762897491455078,0.0036298867780715227,-1.5959961414337158,4.496940612792969,4.771758556365967,False
train,0.8337153792381287,0.553174614906311,0.46579229831695557,0.19685745239257812,0.0034312980715185404,-1.6099315881729126,4.315726280212402,4.606232166290283,False
train,0.8341321349143982,0.6261904835700989,0.4679100811481476,0.19608105719089508,0.003245363710448146,-1.6237027645111084,4.135096549987793,4.442458152770996,False
train,0.8345488905906677,0.5777778029441833,0.46994855999946594,0.1952987015247345,0.0030712345615029335,-1.6374033689498901,3.9557881355285645,4.28127908706665,False
train,0.8349656462669373,0.6626983880996704,0.4719083607196808,0.19451135396957397,0.0029081483371555805,-1.6510961055755615,3.7785632610321045,4.123549461364746,False
test,0.835382342338562,0.5349206328392029,0.4737910032272339,0.19371861219406128,0.0027553841937333345,-1.6648218631744385,3.6041882038116455,3.97011399269104,False
train,0.8357990980148315,0.6373015642166138,0.47559764981269836,0.1929207742214203,0.0026122371200472116,-1.6786439418792725,3.433396577835083,3.821787118911743,False
train,0.8362158536911011,0.6634920835494995,0.4773296117782593,0.1921169012784958,0.002478104317560792,-1.6925780773162842,3.2669155597686768,3.679342031478882,False
train,0.8366326093673706,0.5944444537162781,0.47898903489112854,0.1913081556558609,0.0023523946292698383,-1.7066810131072998,3.10546612739563,3.5435404777526855,False
train,0.8370493650436401,0.5825396776199341,0.4805786907672882,0.19049330055713654,0.0022345525212585926,-1.7209854125976562,2.949660539627075,3.4150092601776123,False
test,0.8374661207199097,0.629365086555481,0.4821009635925293,0.1896735429763794,0.002124059945344925,-1.7355159521102905,2.8001842498779297,3.29439640045166,False
train,0.8378828763961792,0.5626984238624573,0.48355764150619507,0.1888473629951477,0.0020204533357173204,-1.7502803802490234,2.657545566558838,3.1821422576904297,False
train,0.8382996320724487,0.6428571343421936,0.48495247960090637,0.18801581859588623,0.0019232792546972632,-1.7652926445007324,2.52234148979187,3.07871150970459,False
train,0.8387163877487183,0.4722222089767456,0.4862891435623169,0.18717822432518005,0.0018321172101423144,-1.7805382013320923,2.3949453830718994,2.9843056201934814,False
train,0.8391331434249878,0.44206348061561584,0.4875706732273102,0.1863347589969635,0.001746575115248561,-1.7960325479507446,2.275829315185547,2.899160623550415,False
test,0.8395498991012573,0.3968254029750824,0.4888000786304474,0.18548500537872314,0.0016662997659295797,-1.8117036819458008,2.1653127670288086,2.8232693672180176,False
train,0.8399666547775269,0.3484126925468445,0.48998120427131653,0.18462955951690674,0.0015909522771835327,-1.8275690078735352,2.0636987686157227,2.7566030025482178,False
train,0.8403834104537964,0.39444443583488464,0.49111783504486084,0.18376709520816803,0.001520209712907672,-1.8435490131378174,1.9711564779281616,2.6989128589630127,False
train,0.8408001661300659,0.4079365134239197,0.4922148287296295,0.1828993260860443,0.0014537778915837407,-1.8596405982971191,1.8878593444824219,2.6499576568603516,False
train,0.8412169218063354,0.4682539701461792,0.4932747185230255,0.18202435970306396,0.0013913883594796062,-1.8757573366165161,1.8138412237167358,2.6093075275421143,False
test,0.841633677482605,0.36349207162857056,0.494301974773407,0.18114373087882996,0.0013327860506251454,-1.8918225765228271,1.7491792440414429,2.576551914215088,False
train,0.8420504331588745,0.4317460358142853,0.49530014395713806,0.18025673925876617,0.0012777276569977403,-1.9077693223953247,1.6937534809112549,2.5511536598205566,False
train,0.842467188835144,0.46587300300598145,0.4962735176086426,0.17936374247074127,0.0012259895447641611,-1.9235459566116333,1.6474766731262207,2.5326287746429443,False
train,0.8428839445114136,0.5888888835906982,0.49722546339035034,0.17846450209617615,0.0011773714795708656,-1.9390380382537842,1.6101527214050293,2.520408868789673,False
train,0.8433007001876831,0.6000000238418579,0.49815958738327026,0.17755942046642303,0.0011316759046167135,-1.9541919231414795,1.5815623998641968,2.5140018463134766,False
test,0.8437174558639526,0.5373015999794006,0.4990800619125366,0.17664827406406403,0.0010887171374633908,-1.9689085483551025,1.5613445043563843,2.5128464698791504,False
train,0.8441342115402222,0.591269850730896,0.4999898374080658,0.1757321059703827,0.0010483390651643276,-1.9831184148788452,1.5492773056030273,2.5165488719940186,False
train,0.8445509672164917,0.4563491940498352,0.5008919835090637,0.17481015622615814,0.0010103776585310698,-1.996720314025879,1.544851303100586,2.5245707035064697,False
train,0.8449677228927612,0.4158730208873749,0.5017899870872498,0.17388343811035156,0.0009746899595484138,-2.0096566677093506,1.5477299690246582,2.5365700721740723,False
train,0.8453844785690308,0.3095238208770752,0.5026870965957642,0.17295175790786743,0.000941132428124547,-2.0218422412872314,1.5573885440826416,2.5521178245544434,False
test,0.8458012342453003,0.42301586270332336,0.5035852193832397,0.1720159351825714,0.000909589056391269,-2.0332233905792236,1.5734044313430786,2.5709140300750732,False
train,0.8462179899215698,0.4595237970352173,0.5044875144958496,0.17107580602169037,0.000879935803823173,-2.0437185764312744,1.59518301486969,2.5925652980804443,False
train,0.8466346859931946,0.5507936477661133,0.5053956508636475,0.17013190686702728,0.000852067256346345,-2.0533065795898438,1.6222643852233887,2.6168320178985596,False
train,0.8470514416694641,0.41428571939468384,0.5063121914863586,0.16918498277664185,0.0008258736925199628,-2.061931610107422,1.6541191339492798,2.643420457839966,False
train,0.8474681973457336,0.5492063760757446,0.5072396993637085,0.16823497414588928,0.0008012600592337549,-2.0695884227752686,1.690122127532959,2.6720235347747803,False
test,0.8478849530220032,0.5563492178916931,0.5081779360771179,0.16728276014328003,0.0007781432941555977,-2.076249361038208,1.7298250198364258,2.702425956726074,False
train,0.8483017086982727,0.44682538509368896,0.5091298222541809,0.16632825136184692,0.0007564360275864601,-2.0819034576416016,1.7725777626037598,2.7342922687530518,False
train,0.8487184643745422,0.3420634865760803,0.5100957751274109,0.16537201404571533,0.0007360634626820683,-2.08659291267395,1.8179500102996826,2.767455816268921,False
train,0.8491352200508118,0.5761904716491699,0.5110772252082825,0.1644144356250763,0.0007169522577896714,-2.0903258323669434,1.8653292655944824,2.801591634750366,False
train,0.8495519757270813,0.553174614906311,0.5120750665664673,0.16345639526844025,0.0006990327965468168,-2.0931692123413086,1.914292573928833,2.8365249633789062,False
test,0.8499687314033508,0.5706349015235901,0.5130889415740967,0.16249732673168182,0.0006822456489317119,-2.095149040222168,1.9642987251281738,2.8719539642333984,False
train,0.8503854870796204,0.4214285612106323,0.5141193866729736,0.16153866052627563,0.0006665369146503508,-2.0963473320007324,2.0149269104003906,2.907679796218872,False
train,0.8508022427558899,0.3722222149372101,0.5151674747467041,0.16057978570461273,0.000651845068205148,-2.0968451499938965,2.065735101699829,2.9434707164764404,False
train,0.8512189984321594,0.5777778029441833,0.516231894493103,0.1596217155456543,0.0006381275597959757,-2.0967445373535156,2.116356372833252,2.979144334793091,False
train,0.851635754108429,0.5436508059501648,0.5173138976097107,0.15866391360759735,0.0006253297324292362,-2.0961341857910156,2.1663854122161865,3.014465808868408,False
test,0.8520525097846985,0.4801587164402008,0.5184118747711182,0.15770694613456726,0.0006134112481959164,-2.0951571464538574,2.2155449390411377,3.0493152141571045,False
train,0.852469265460968,0.4690476059913635,0.5195256471633911,0.1567511111497879,0.0006023383466526866,-2.0938830375671387,2.2635059356689453,3.083472967147827,False
train,0.8528860211372375,0.4246031641960144,0.5206557512283325,0.15579654276371002,0.0005920643452554941,-2.0924737453460693,2.3100171089172363,3.1168296337127686,False
train,0.8533027768135071,0.5952380895614624,0.5218002796173096,0.15484245121479034,0.000582559616304934,-2.0910308361053467,2.354884147644043,3.1492679119110107,False
train,0.8537195324897766,0.5841270089149475,0.5229588150978088,0.1538901925086975,0.0005737962201237679,-2.089704990386963,2.3979408740997314,3.1807212829589844,False
test,0.8541362881660461,0.47857141494750977,0.5241309404373169,0.1529385894536972,0.0005657374858856201,-2.0886120796203613,2.438998222351074,3.211076498031616,False
train,0.8545530438423157,0.5365079641342163,0.5253152251243591,0.1519881933927536,0.0005583633319474757,-2.0878756046295166,2.4780306816101074,3.2403488159179688,False
train,0.8549697995185852,0.5658730268478394,0.5265113711357117,0.1510380357503891,0.0005516414530575275,-2.087608575820923,2.5148603916168213,3.268429756164551,False
train,0.8553865551948547,0.43809524178504944,0.5277185440063477,0.15008863806724548,0.0005455535720102489,-2.08794903755188,2.5495493412017822,3.2954108715057373,False
train,0.8558033108711243,0.42222222685813904,0.5289342999458313,0.14913925528526306,0.000540081993676722,-2.088965654373169,2.582054853439331,3.3212625980377197,False
test,0.8562200665473938,0.5865079164505005,0.5301604270935059,0.1481901854276657,0.0005352013395167887,-2.0907931327819824,2.612370014190674,3.3460264205932617,False
train,0.8566368222236633,0.5507936477661133,0.5313938856124878,0.14723999798297882,0.0005308972322382033,-2.0934863090515137,2.6405229568481445,3.369724988937378,False
train,0.8570535778999329,0.37460318207740784,0.5326340198516846,0.1462896466255188,0.0005271572154015303,-2.097127676010132,2.666677713394165,3.3925085067749023,False
train,0.8574703335762024,0.5492063760757446,0.5338807702064514,0.14533782005310059,0.0005239613237790763,-2.1017794609069824,2.690761089324951,3.4143333435058594,False
train,0.8578870892524719,0.5507936477661133,0.5351331830024719,0.14438441395759583,0.000521300476975739,-2.1074838638305664,2.7129995822906494,3.435382843017578,False
test,0.8583037853240967,0.5246031880378723,0.5363895297050476,0.1434290111064911,0.0005191664095036685,-2.1142663955688477,2.7334060668945312,3.4556665420532227,False
train,0.8587205410003662,0.4571428596973419,0.5376493334770203,0.1424708217382431,0.0005175474216230214,-2.1221396923065186,2.752124786376953,3.4752938747406006,False
train,0.8591372966766357,0.5785714387893677,0.5389136075973511,0.1415097564458847,0.0005164309986867011,-2.131113052368164,2.769237518310547,3.4943268299102783,False
train,0.8595540523529053,0.5841270089149475,0.5401790738105774,0.1405453383922577,0.0005158170824870467,-2.1411798000335693,2.7848153114318848,3.5128118991851807,False
train,0.8599708080291748,0.5515872836112976,0.5414475798606873,0.13957686722278595,0.0005156938568688929,-2.152308464050293,2.79900860786438,3.5308470726013184,False
test,0.8603875637054443,0.3896825313568115,0.5427169799804688,0.13860410451889038,0.0005160603323020041,-2.1644608974456787,2.8118062019348145,3.5484001636505127,False
train,0.8608043193817139,0.5857142806053162,0.5439867973327637,0.1376267671585083,0.0005169139476493001,-2.177578926086426,2.8233814239501953,3.5655760765075684,False
train,0.8612210750579834,0.5722222328186035,0.5452569723129272,0.1366438865661621,0.0005182488239370286,-2.191599130630493,2.8337011337280273,3.5823135375976562,False
train,0.8616378307342529,0.4952380955219269,0.5465272068977356,0.13565593957901,0.0005200653686188161,-2.2064647674560547,2.842791795730591,3.5986039638519287,False
train,0.8620545864105225,0.37063491344451904,0.5477956533432007,0.13466191291809082,0.0005223664920777082,-2.2220826148986816,2.8506762981414795,3.6144165992736816,False
test,0.862471342086792,0.5476190447807312,0.549063503742218,0.13366170227527618,0.0005251481779851019,-2.238375425338745,2.8573496341705322,3.629706859588623,False
train,0.8628880977630615,0.5563492178916931,0.5503288507461548,0.13265538215637207,0.0005284172366373241,-2.2552490234375,2.8626928329467773,3.6443324089050293,False
train,0.863304853439331,0.4515872895717621,0.5515921115875244,0.13164226710796356,0.0005321705248206854,-2.27260160446167,2.866701602935791,3.6582367420196533,False
train,0.8637216091156006,0.5047619342803955,0.5528522729873657,0.13062237203121185,0.000536416657269001,-2.290339946746826,2.869215488433838,3.6712470054626465,False
train,0.8641383647918701,0.5809524059295654,0.554108202457428,0.1295958012342453,0.0005411590100266039,-2.3083629608154297,2.8701624870300293,3.683255672454834,False
test,0.8645551204681396,0.5571428537368774,0.5553596615791321,0.12856179475784302,0.0005464022979140282,-2.32655668258667,2.8693201541900635,3.694031000137329,False
train,0.8649718761444092,0.5388888716697693,0.556606650352478,0.1275211125612259,0.0005521550192497671,-2.344857931137085,2.8665571212768555,3.7034454345703125,False
train,0.8653886318206787,0.6063492298126221,0.5578461289405823,0.12647326290607452,0.0005584247992374003,-2.3631415367126465,2.8616724014282227,3.7112810611724854,False
train,0.8658053874969482,0.5976190567016602,0.5590797066688538,0.12541837990283966,0.0005652167019434273,-2.381324291229248,2.8544676303863525,3.7173500061035156,False
train,0.8662221431732178,0.5055555701255798,0.5603038668632507,0.12435662001371384,0.0005725456867367029,-2.399319648742676,2.8446054458618164,3.7213592529296875,False
test,0.8666388988494873,0.6111111044883728,0.5615199208259583,0.12328781932592392,0.0005804160609841347,-2.4170384407043457,2.8319575786590576,3.7231786251068115,False
train,0.8670556545257568,0.5611110925674438,0.5627249479293823,0.12221222370862961,0.000588843016885221,-2.4344146251678467,2.816164493560791,3.722520112991333,False
train,0.8674724102020264,0.5484126806259155,0.5639179944992065,0.12113037705421448,0.0005978377885185182,-2.451371669769287,2.7970385551452637,3.719226598739624,False
train,0.8678891658782959,0.6404761672019958,0.5650975108146667,0.12004175037145615,0.0006074110278859735,-2.4678280353546143,2.77425479888916,3.7130398750305176,False
train,0.8683059215545654,0.5063492059707642,0.5662626624107361,0.11894729733467102,0.0006175796152092516,-2.483760118484497,2.747545003890991,3.7037911415100098,False
test,0.868722677230835,0.43095237016677856,0.5674099326133728,0.11784655600786209,0.0006283572874963284,-2.4990737438201904,2.7166714668273926,3.6912970542907715,False
train,0.8691394329071045,0.5015873312950134,0.5685398578643799,0.11674052476882935,0.0006397582474164665,-2.513762950897217,2.6813693046569824,3.675424575805664,False
train,0.8695561289787292,0.49444442987442017,0.5696484446525574,0.11562912166118622,0.0006517969304695725,-2.527756690979004,2.6413841247558594,3.656017541885376,False
train,0.8699728846549988,0.5166666507720947,0.5707355737686157,0.11451251804828644,0.0006644945242442191,-2.5410385131835938,2.5965259075164795,3.6330184936523438,False
train,0.8703896403312683,0.5928571224212646,0.571797251701355,0.11339101195335388,0.0006778703536838293,-2.553579807281494,2.5465164184570312,3.606316089630127,False
test,0.8708063960075378,0.64682537317276,0.5728330016136169,0.11226514726877213,0.0006919357110746205,-2.565340995788574,2.491269826889038,3.5759472846984863,False
train,0.8712231516838074,0.5111111402511597,0.5738393068313599,0.11113515496253967,0.000706717895809561,-2.5763206481933594,2.430541515350342,3.541886568069458,False
train,0.8716399073600769,0.6507936716079712,0.574815034866333,0.11000137776136398,0.0007222334388643503,-2.586507797241211,2.3642380237579346,3.504232406616211,False
train,0.8720566630363464,0.6809523701667786,0.575756847858429,0.1088639572262764,0.0007385030621662736,-2.5958681106567383,2.2922661304473877,3.4630932807922363,False
train,0.872473418712616,0.5753968358039856,0.5766624212265015,0.10772353410720825,0.0007555527845397592,-2.604426383972168,2.2144956588745117,3.4186296463012695,False
test,0.8728901743888855,0.6682539582252502,0.5775302648544312,0.10658027976751328,0.0007733980310149491,-2.6121513843536377,2.130927562713623,3.3710811138153076,False
train,0.873306930065155,0.6507936716079712,0.5783578753471375,0.10543450713157654,0.0007920676725916564,-2.6190526485443115,2.041548252105713,3.320746421813965,False
train,0.8737236857414246,0.5484126806259155,0.5791410207748413,0.10428681969642639,0.0008115858654491603,-2.6251487731933594,1.9463249444961548,3.2679636478424072,False
train,0.8741404414176941,0.6579365134239197,0.5798800587654114,0.10313738137483597,0.0008319720509462059,-2.630418300628662,1.8453359603881836,3.2131550312042236,False
train,0.8745571970939636,0.670634925365448,0.5805702209472656,0.10198647528886795,0.0008532563806511462,-2.634876251220703,1.7386311292648315,3.156803846359253,False
test,0.8749739527702332,0.5682539939880371,0.5812109708786011,0.10083453357219696,0.0008754633599892259,-2.6385412216186523,1.626258134841919,3.099453926086426,False
train,0.8753907084465027,0.6563491821289062,0.581798791885376,0.0996818020939827,0.0008986176690086722,-2.6413941383361816,1.508371114730835,3.041734218597412,False
train,0.8758074641227722,0.5476190447807312,0.5823317766189575,0.09852878749370575,0.0009227494592778385,-2.6434762477874756,1.3850598335266113,2.984351873397827,False
train,0.8762242197990417,0.6722221970558167,0.5828079581260681,0.09737551957368851,0.0009478831198066473,-2.6447689533233643,1.256488561630249,2.928065299987793,False
train,0.8766409754753113,0.6253968477249146,0.5832257270812988,0.09622256457805634,0.0009740462992340326,-2.6452972888946533,1.1228046417236328,2.8737235069274902,False
test,0.8770577311515808,0.5825396776199341,0.5835812091827393,0.09507028758525848,0.0010012710699811578,-2.6450836658477783,0.9841181039810181,2.822225332260132,False
train,0.8774744868278503,0.6714285612106323,0.5838745832443237,0.0939188003540039,0.0010295796673744917,-2.6441266536712646,0.8406708836555481,2.7745511531829834,False
train,0.8778912425041199,0.5888888835906982,0.5841017365455627,0.09276847541332245,0.0010590070160105824,-2.642444133758545,0.6925599575042725,2.731693744659424,False
train,0.8783079981803894,0.6650793552398682,0.5842636227607727,0.09161967784166336,0.0010895757004618645,-2.640049934387207,0.5400120615959167,2.6947128772735596,False
train,0.8787247538566589,0.6023809313774109,0.5843559503555298,0.09047244489192963,0.001121319131925702,-2.6369547843933105,0.3831554651260376,2.6646459102630615,False
test,0.8791415095329285,0.6555555462837219,0.5843782424926758,0.08932750672101974,0.0011542628053575754,-2.6331934928894043,0.22215420007705688,2.642548084259033,False
train,0.879558265209198,0.6611111164093018,0.5843278169631958,0.08818454295396805,0.0011884416453540325,-2.6287498474121094,0.05715972185134888,2.629371166229248,False
train,0.8799750208854675,0.579365074634552,0.5842049717903137,0.08704440295696259,0.0012238746276125312,-2.623683452606201,-0.11166226863861084,2.626058340072632,False
train,0.8803917765617371,0.6666666865348816,0.5840060710906982,0.08590720593929291,0.0012605945812538266,-2.6179964542388916,-0.28421616554260254,2.633378744125366,False
train,0.8808084726333618,0.5714285969734192,0.5837308764457703,0.08477326482534409,0.001298622228205204,-2.611706495285034,-0.4603229761123657,2.651962995529175,False
test,0.8812252283096313,0.6666666865348816,0.5833784937858582,0.08364240825176239,0.0013379983138293028,-2.6048402786254883,-0.6399415135383606,2.6822972297668457,False
train,0.8816419839859009,0.6571428775787354,0.5829464793205261,0.0825151801109314,0.001378741697408259,-2.597411870956421,-0.8229554891586304,2.724665880203247,False
train,0.8820587396621704,0.5992063283920288,0.582433819770813,0.08139197528362274,0.0014208743814378977,-2.589461326599121,-1.009244441986084,2.7791876792907715,False
train,0.8824754953384399,0.6801587343215942,0.5818389654159546,0.08027253299951553,0.0014644304756075144,-2.580998420715332,-1.1987645626068115,2.845802068710327,False
train,0.8828922510147095,0.6142857074737549,0.5811615586280823,0.07915744185447693,0.0015094229020178318,-2.572052478790283,-1.391422986984253,2.9242968559265137,False
test,0.883309006690979,0.6301587224006653,0.5803995132446289,0.07804681360721588,0.001555883209221065,-2.562655210494995,-1.5871764421463013,3.0143539905548096,False
train,0.8837257623672485,0.6714285612106323,0.5795522332191467,0.0769406333565712,0.001603834331035614,-2.552828788757324,-1.7859971523284912,3.115561008453369,False
train,0.8841425180435181,0.6714285612106323,0.578617513179779,0.07583936303853989,0.0016532818553969264,-2.542600393295288,-1.9877523183822632,3.227379083633423,False
train,0.8845592737197876,0.6214285492897034,0.577595591545105,0.07474306225776672,0.0017042565159499645,-2.5320069789886475,-2.1924805641174316,3.349332809448242,False
train,0.8849760293960571,0.6769841313362122,0.5764845609664917,0.0736517533659935,0.0017567714676260948,-2.52105712890625,-2.400066375732422,3.480811357498169,False
test,0.8853927850723267,0.5920634865760803,0.5752832889556885,0.07256583124399185,0.0018108332296833396,-2.5097944736480713,-2.6104328632354736,3.621246814727783,False
train,0.8858095407485962,0.6650793552398682,0.5739904642105103,0.07148506492376328,0.0018664698582142591,-2.4982380867004395,-2.823584794998169,3.770122766494751,False
train,0.8862262964248657,0.6722221970558167,0.572606086730957,0.07040998339653015,0.0019236750667914748,-2.4864163398742676,-3.039339542388916,3.926811933517456,False
train,0.8866430521011353,0.5761904716491699,0.5711278915405273,0.06934025883674622,0.001982474932447076,-2.474353313446045,-3.257671594619751,4.090825080871582,False
train,0.8870598077774048,0.629365086555481,0.5695563554763794,0.06827627122402191,0.002042860258370638,-2.462069034576416,-3.478445291519165,4.26161527633667,False
test,0.8874765634536743,0.4952380955219269,0.5678887963294983,0.06721813976764679,0.0021048339549452066,-2.4495849609375,-3.701472520828247,4.438621997833252,False
train,0.8878933191299438,0.5849206447601318,0.566125750541687,0.06616560369729996,0.0021684090606868267,-2.4369215965270996,-3.9266068935394287,4.621345043182373,False
train,0.8883100748062134,0.632539689540863,0.5642660856246948,0.06511910259723663,0.0022335737012326717,-2.4240987300872803,-4.15366268157959,4.809279441833496,False
train,0.8887268304824829,0.5920634865760803,0.562309205532074,0.064078688621521,0.0023003127425909042,-2.411133289337158,-4.382362365722656,5.001865863800049,False
train,0.8891435861587524,0.5984126925468445,0.5602542757987976,0.06304404139518738,0.002368637826293707,-2.398023843765259,-4.612495422363281,5.198618412017822,False
test,0.889560341835022,0.5960317254066467,0.5581014156341553,0.06201569363474846,0.0024385133292526007,-2.3847949504852295,-4.843691349029541,5.3989434242248535,False
train,0.8899770975112915,0.6452381014823914,0.5558494925498962,0.060993216931819916,0.0025099492631852627,-2.3714375495910645,-5.07565450668335,5.602319717407227,False
train,0.890393853187561,0.5785714387893677,0.5534995794296265,0.0599769726395607,0.002582916524261236,-2.357962131500244,-5.308011054992676,5.808180809020996,False
train,0.8908106088638306,0.5809524059295654,0.5510503053665161,0.058967042714357376,0.0026573720388114452,-2.3443591594696045,-5.540255546569824,6.015850067138672,False
train,0.8912273645401001,0.5857142806053162,0.548503041267395,0.05796327069401741,0.0027333199977874756,-2.330636501312256,-5.772006511688232,6.224782943725586,False
test,0.8916441202163696,0.629365086555481,0.5458574891090393,0.05696573853492737,0.002810715464875102,-2.3167672157287598,-6.0027289390563965,6.434295654296875,False
train,0.8920608162879944,0.5888888835906982,0.543114960193634,0.055974822491407394,0.0028895067516714334,-2.302746295928955,-6.231837749481201,6.6436767578125,False
train,0.8924775719642639,0.6039682626724243,0.5402756929397583,0.0549902580678463,0.002969681750983,-2.2885544300079346,-6.4587836265563965,6.85225248336792,False
train,0.8928943276405334,0.6142857074737549,0.5373407006263733,0.054012104868888855,0.0030512046068906784,-2.274172306060791,-6.683000087738037,7.05934476852417,False
train,0.893311083316803,0.5968254208564758,0.534311830997467,0.053040456026792526,0.003134021768346429,-2.2595715522766113,-6.9037699699401855,7.264138221740723,False
test,0.8937278389930725,0.5968254208564758,0.5311904549598694,0.05207565054297447,0.003218067577108741,-2.244718551635742,-7.120420932769775,7.4658660888671875,False
train,0.894144594669342,0.605555534362793,0.5279791355133057,0.05111756920814514,0.0033033143263310194,-2.2295920848846436,-7.332292556762695,7.663784980773926,False
train,0.8945613503456116,0.6452381014823914,0.5246788263320923,0.05016643553972244,0.003389691933989525,-2.2141425609588623,-7.538586139678955,7.857016563415527,False
train,0.8949781060218811,0.6365079283714294,0.5212936997413635,0.04922229424118996,0.0034771461505442858,-2.1983487606048584,-7.738649845123291,8.044838905334473,False
train,0.8953948616981506,0.641269862651825,0.517825186252594,0.048285286873579025,0.003565619932487607,-2.1821603775024414,-7.931660175323486,8.226363182067871,False
test,0.8958116173744202,0.6238095164299011,0.5142772793769836,0.04735579341650009,0.0036550164222717285,-2.1655325889587402,-8.116847038269043,8.400757789611816,False
train,0.8962283730506897,0.5928571224212646,0.5106530785560608,0.046433765441179276,0.00374530628323555,-2.1484315395355225,-8.293564796447754,8.567320823669434,False
train,0.8966451287269592,0.6039682626724243,0.5069569945335388,0.045519448816776276,0.0038363956846296787,-2.1308071613311768,-8.46101188659668,8.725196838378906,False
train,0.8970618844032288,0.6039682626724243,0.5031922459602356,0.04461323469877243,0.0039282008074223995,-2.112616539001465,-8.618424415588379,8.873578071594238,False
train,0.8974786400794983,0.6261904835700989,0.49936407804489136,0.04371517151594162,0.0040206704288721085,-2.0938243865966797,-8.765192031860352,9.011808395385742,False
test,0.8978953957557678,0.6253968477249146,0.4954761266708374,0.04282565414905548,0.004113697912544012,-2.074378252029419,-8.90052318572998,9.139057159423828,False
train,0.8983121514320374,0.579365074634552,0.49153459072113037,0.04194475710391998,0.004207218531519175,-2.054245710372925,-9.023941040039062,9.254806518554688,False
train,0.8987289071083069,0.5730158686637878,0.4875432252883911,0.04107283800840378,0.004301147535443306,-2.0333876609802246,-9.134747505187988,9.35832691192627,False
train,0.8991456627845764,0.5365079641342163,0.4835090935230255,0.04021055996417999,0.004395370837301016,-2.011781692504883,-9.232470512390137,9.449114799499512,False
train,0.899562418460846,0.5309523940086365,0.4794364273548126,0.039357732981443405,0.004489842802286148,-1.989390254020691,-9.316638946533203,9.5266695022583,False
test,0.8999791741371155,0.4761904776096344,0.4753316640853882,0.038514863699674606,0.004584454465657473,-1.9661927223205566,-9.386823654174805,9.590535163879395,False
train,0.900395929813385,0.43492063879966736,0.47120049595832825,0.037682414054870605,0.004679098259657621,-1.9421719312667847,-9.44270133972168,9.640365600585938,False
train,0.9008126854896545,0.4373015761375427,0.46704933047294617,0.03686051815748215,0.004773721564561129,-1.9173197746276855,-9.484048843383789,9.675912857055664,False
train,0.9012294411659241,0.4238095283508301,0.46288377046585083,0.036049794405698776,0.00486819026991725,-1.8916338682174683,-9.510631561279297,9.696927070617676,False
train,0.9016461968421936,0.3642857074737549,0.4587109088897705,0.03525024652481079,0.004962450359016657,-1.8651162385940552,-9.522451400756836,9.703388214111328,False
test,0.9020629525184631,0.35158729553222656,0.45453575253486633,0.03446240723133087,0.00505640497431159,-1.8377772569656372,-9.519408226013184,9.695181846618652,False
train,0.9024797081947327,0.3380952477455139,0.45036599040031433,0.033686667680740356,0.005149938631802797,-1.8096364736557007,-9.501633644104004,9.672426223754883,False
train,0.9028964638710022,0.3499999940395355,0.44620639085769653,0.032923173159360886,0.0052430033683776855,-1.78071928024292,-9.4692964553833,9.635275840759277,False
train,0.9033132195472717,0.3444444537162781,0.4420636296272278,0.032172318547964096,0.005335486959666014,-1.7510592937469482,-9.422662734985352,9.583985328674316,False
train,0.9037299156188965,0.32777777314186096,0.4379444420337677,0.03143448755145073,0.005427289288491011,-1.7207005023956299,-9.362072944641113,9.518887519836426,False
test,0.904146671295166,0.3444444537162781,0.43385323882102966,0.030709970742464066,0.005518351681530476,-1.6896922588348389,-9.287942886352539,9.440388679504395,False
train,0.9045634269714355,0.3420634865760803,0.429795503616333,0.029998665675520897,0.0056086149998009205,-1.6580729484558105,-9.200738906860352,9.348946571350098,False
train,0.9049801826477051,0.33095237612724304,0.4257776141166687,0.029301153495907784,0.005697975866496563,-1.6259204149246216,-9.101126670837402,9.245221138000488,False
train,0.9053969383239746,0.32698413729667664,0.42180386185646057,0.02861756831407547,0.005786349065601826,-1.5932854413986206,-8.98965072631836,9.129752159118652,False
train,0.9058136940002441,0.3206349313259125,0.4178796708583832,0.02794800139963627,0.005873688962310553,-1.5602456331253052,-8.867109298706055,9.003332138061523,False
test,0.9062304496765137,0.32698413729667664,0.4140089452266693,0.027292801067233086,0.005959892179816961,-1.5268744230270386,-8.734196662902832,8.866653442382812,False
train,0.9066472053527832,0.3246031701564789,0.41019636392593384,0.026651764288544655,0.006044942885637283,-1.49323308467865,-8.591752052307129,8.720547676086426,False
train,0.9070639610290527,0.3222222328186035,0.40644505620002747,0.026025203987956047,0.006128754932433367,-1.4594097137451172,-8.440616607666016,8.565855979919434,False
train,0.9074807167053223,0.3404761850833893,0.4027594327926636,0.02541319839656353,0.006211242638528347,-1.425474762916565,-8.281651496887207,8.403435707092285,False
train,0.9078974723815918,0.33492064476013184,0.39914149045944214,0.024815624579787254,0.0062924157828092575,-1.391507863998413,-8.115811347961426,8.234238624572754,False
test,0.9083142280578613,0.3222222328186035,0.3955949544906616,0.024232596158981323,0.006372199393808842,-1.3575857877731323,-7.943976879119873,8.059144020080566,False
train,0.9087309837341309,0.33492064476013184,0.392121285200119,0.023663992062211037,0.006450522691011429,-1.323768973350525,-7.76701545715332,7.879015922546387,False
train,0.9091477394104004,0.31190475821495056,0.38872289657592773,0.023109756410121918,0.006527415942400694,-1.2901420593261719,-7.585964679718018,7.694889545440674,False
train,0.9095644950866699,0.289682537317276,0.38540118932724,0.02256985753774643,0.00660277483984828,-1.256765604019165,-7.401632785797119,7.507571220397949,False
train,0.9099812507629395,0.27222222089767456,0.38215726613998413,0.022044088691473007,0.0066766273230314255,-1.2237019538879395,-7.214956283569336,7.317994594573975,False
test,0.910398006439209,0.26031747460365295,0.37899166345596313,0.021532265469431877,0.006748944986611605,-1.1910115480422974,-7.026820659637451,7.127041339874268,False
train,0.9108147621154785,0.2817460298538208,0.3759056627750397,0.021034395322203636,0.006819657515734434,-1.1587491035461426,-6.838019371032715,6.9355034828186035,False
train,0.911231517791748,0.2547619044780731,0.3728983700275421,0.020550047978758812,0.006888845935463905,-1.1269629001617432,-6.649428844451904,6.744253158569336,False
train,0.9116482734680176,0.24047619104385376,0.3699699342250824,0.020079119130969048,0.006956466007977724,-1.0956990718841553,-6.461780071258545,6.554018497467041,False
train,0.9120650291442871,0.29206350445747375,0.3671199679374695,0.019621485844254494,0.007022464647889137,-1.064998745918274,-6.275735855102539,6.365460395812988,False
test,0.9124817848205566,0.27222222089767456,0.36434751749038696,0.019176675006747246,0.007086925208568573,-1.034890055656433,-6.092084884643555,6.179360866546631,False
train,0.9128985404968262,0.2769841253757477,0.36165162920951843,0.01874464564025402,0.00714980810880661,-1.00541090965271,-5.911360740661621,5.996252059936523,False
train,0.9133152961730957,0.2650793790817261,0.3590306043624878,0.018324941396713257,0.007211158983409405,-0.9765751361846924,-5.734156131744385,5.816720962524414,False
train,0.9137320518493652,0.26825398206710815,0.35648274421691895,0.017917310819029808,0.0072710211388766766,-0.9484055042266846,-5.560996055603027,5.641289710998535,False
train,0.9141488075256348,0.2547619044780731,0.35400718450546265,0.017521627247333527,0.007329340558499098,-0.9209226369857788,-5.392286777496338,5.470361709594727,False
test,0.9145655632019043,0.25634920597076416,0.35160061717033386,0.017137421295046806,0.007386244833469391,-0.894130289554596,-5.228485584259033,5.30438756942749,False
train,0.914982259273529,0.28412699699401855,0.3492620885372162,0.016764506697654724,0.0074417018331587315,-0.8680403232574463,-5.069910049438477,5.143683433532715,False
train,0.9153990149497986,0.2650793790817261,0.3469887673854828,0.016402479261159897,0.007495795842260122,-0.8426468372344971,-4.916812896728516,4.988497257232666,False
train,0.9158157706260681,0.25952380895614624,0.3447783887386322,0.01605110801756382,0.0075485603883862495,-0.817954421043396,-4.769406318664551,4.839037895202637,False
train,0.9162325263023376,0.21984127163887024,0.342628538608551,0.015710122883319855,0.007600041572004557,-0.7939585447311401,-4.627898693084717,4.695510387420654,False
test,0.9166492819786072,0.24365079402923584,0.340536504983902,0.015379104763269424,0.007650305517017841,-0.770648181438446,-4.492368698120117,4.557990550994873,False
train,0.9170660376548767,0.24761904776096344,0.3385002613067627,0.015057975426316261,0.007699386682361364,-0.7480232119560242,-4.362878799438477,4.426539421081543,False
train,0.9174827933311462,0.25238096714019775,0.3365171253681183,0.014746187254786491,0.007747379131615162,-0.7260569930076599,-4.239420413970947,4.301144599914551,False
train,0.9178995490074158,0.23968254029750824,0.3345848321914673,0.01444370485842228,0.007794333156198263,-0.7047507762908936,-4.121986389160156,4.181799411773682,False
train,0.9183163046836853,0.22777777910232544,0.33269980549812317,0.01415009144693613,0.007840345613658428,-0.6840785145759583,-4.010457515716553,4.068382263183594,False
test,0.9187330603599548,0.25,0.3308607339859009,0.013865114189684391,0.007885455153882504,-0.664024829864502,-3.9047045707702637,3.960763454437256,False
train,0.9191498160362244,0.23650793731212616,0.3290651738643646,0.013588610105216503,0.007929744198918343,-0.6445786356925964,-3.8045270442962646,3.8587443828582764,False
train,0.9195665717124939,0.27936509251594543,0.32731032371520996,0.013320177793502808,0.007973317056894302,-0.6257107853889465,-3.7097599506378174,3.762157917022705,False
train,0.9199833273887634,0.2888889014720917,0.32559385895729065,0.013059649616479874,0.008016264997422695,-0.6074073314666748,-3.6201412677764893,3.6707446575164795,False
train,0.920400083065033,0.24523809552192688,0.323914498090744,0.01280683372169733,0.0080586401745677,-0.5896497368812561,-3.5353755950927734,3.5842108726501465,False
test,0.9208168387413025,0.2769841253757477,0.32226964831352234,0.012561428360641003,0.008100553415715694,-0.5724125504493713,-3.455176591873169,3.5022706985473633,False
train,0.921233594417572,0.2809523940086365,0.3206579089164734,0.012323291040956974,0.00814207922667265,-0.5556812882423401,-3.379209280014038,3.424592971801758,False
train,0.9216503500938416,0.26825398206710815,0.31907668709754944,0.012092089280486107,0.008183351717889309,-0.5394272804260254,-3.3071341514587402,3.3508384227752686,False
train,0.9220671057701111,0.2857142984867096,0.31752559542655945,0.01186771783977747,0.00822442676872015,-0.5236343741416931,-3.238593578338623,3.2806525230407715,False
train,0.9224838614463806,0.3142857253551483,0.31600266695022583,0.01165001280605793,0.008265411481261253,-0.5082864165306091,-3.1731767654418945,3.213628053665161,False
test,0.9229006171226501,0.2769841253757477,0.3145067095756531,0.011438707821071148,0.008306419476866722,-0.49335750937461853,-3.110548257827759,3.149430513381958,False
train,0.9233173727989197,0.2547619044780731,0.31303635239601135,0.011233655735850334,0.008347558788955212,-0.4788312613964081,-3.050297498703003,3.0876519680023193,False
train,0.9237341284751892,0.2777777910232544,0.31159162521362305,0.011034740135073662,0.008388891816139221,-0.46469226479530334,-2.9920201301574707,3.027890920639038,False
train,0.9241508841514587,0.3055555522441864,0.3101707696914673,0.010841737501323223,0.008430561982095242,-0.45091724395751953,-2.9353322982788086,2.9697647094726562,False
train,0.9245676398277283,0.33095237612724304,0.30877378582954407,0.010654561221599579,0.008472654037177563,-0.4374954104423523,-2.8798623085021973,2.9129040241241455,False
test,0.9249843955039978,0.38650792837142944,0.30740025639533997,0.010472949594259262,0.008515308611094952,-0.42440152168273926,-2.8252463340759277,2.8569447994232178,False
train,0.9254011511802673,0.41428571939468384,0.3060491979122162,0.01029685977846384,0.008558615110814571,-0.4116276800632477,-2.771115779876709,2.801521062850952,False
train,0.9258179068565369,0.3880952298641205,0.304721474647522,0.010126176290214062,0.008602654561400414,-0.3991595506668091,-2.7170915603637695,2.7462546825408936,False
train,0.9262346029281616,0.2571428716182709,0.3034169673919678,0.009960747323930264,0.008647562004625797,-0.3869814872741699,-2.662898540496826,2.6908702850341797,False
train,0.9266513586044312,0.2738095223903656,0.30213454365730286,0.009800386615097523,0.008693485520780087,-0.3750764727592468,-2.6081933975219727,2.6350247859954834,False
test,0.9270681142807007,0.2547619044780731,0.30087560415267944,0.009645064361393452,0.00874049961566925,-0.3634382486343384,-2.552708148956299,2.5784502029418945,False
train,0.9274848699569702,0.18015873432159424,0.29964137077331543,0.00949463713914156,0.008788692764937878,-0.352053701877594,-2.49615216255188,2.5208566188812256,False
train,0.9279016256332397,0.24047619104385376,0.2984302043914795,0.009348981082439423,0.008838249370455742,-0.34091076254844666,-2.4383511543273926,2.4620673656463623,False
train,0.9283183813095093,0.2023809552192688,0.29724428057670593,0.00920799095183611,0.008889235556125641,-0.3299993872642517,-2.3790767192840576,2.4018545150756836,False
train,0.9287351369857788,0.18174603581428528,0.29608380794525146,0.009071645326912403,0.0089417714625597,-0.31931567192077637,-2.3181447982788086,2.340033769607544,False
test,0.9291518926620483,0.18174603581428528,0.294948935508728,0.008939787745475769,0.00899601262062788,-0.3088470995426178,-2.255458116531372,2.276505708694458,False
train,0.9295686483383179,0.1865079402923584,0.2938419580459595,0.008812354877591133,0.009052008390426636,-0.29858851432800293,-2.1908695697784424,2.211122989654541,False
train,0.9299854040145874,0.17698413133621216,0.2927616536617279,0.008689230307936668,0.009109968319535255,-0.2885305881500244,-2.1243553161621094,2.14385986328125,False
train,0.9304021596908569,0.17301587760448456,0.29170963168144226,0.008570315316319466,0.009169967845082283,-0.2786663770675659,-2.055844783782959,2.0746450424194336,False
train,0.9308189153671265,0.14047619700431824,0.29068809747695923,0.008455595932900906,0.009232079610228539,-0.2689948081970215,-1.9853684902191162,2.0035085678100586,False
test,0.931235671043396,0.16349206864833832,0.2896956503391266,0.008344939909875393,0.009296524338424206,-0.2595067620277405,-1.912946343421936,1.930468201637268,False
train,0.9316524267196655,0.170634925365448,0.28873440623283386,0.008238268084824085,0.009363371878862381,-0.25019747018814087,-1.838655710220337,1.8556005954742432,False
train,0.9320691823959351,0.22301587462425232,0.28780514001846313,0.008135556243360043,0.00943274237215519,-0.24106769263744354,-1.7626023292541504,1.7790111303329468,False
train,0.9324859380722046,0.22857142984867096,0.28690752387046814,0.008036669343709946,0.009504799731075764,-0.2321067452430725,-1.684927225112915,1.7008390426635742,False
train,0.9329026937484741,0.25,0.2860439717769623,0.007941585034132004,0.00957959983497858,-0.2233165204524994,-1.6058015823364258,1.6212553977966309,False
test,0.9333194494247437,0.20396825671195984,0.28521275520324707,0.007850185967981815,0.009657378308475018,-0.2146906703710556,-1.5254244804382324,1.54045832157135,False
train,0.9337362051010132,0.24841269850730896,0.28441569209098816,0.007762419991195202,0.009738205932080746,-0.20622672140598297,-1.4440033435821533,1.4586552381515503,False
train,0.9341529607772827,0.22857142984867096,0.28365400433540344,0.007678279187530279,0.009822181425988674,-0.1979271024465561,-1.3618502616882324,1.3761582374572754,False
train,0.9345697164535522,0.20873016119003296,0.28292614221572876,0.007597614079713821,0.009909518994390965,-0.18978272378444672,-1.2791740894317627,1.2931759357452393,False
train,0.9349864721298218,0.2611111104488373,0.28223296999931335,0.007520368788391352,0.010000300593674183,-0.18179433047771454,-1.1963229179382324,1.2100569009780884,False
test,0.9354032278060913,0.2809523940086365,0.28157496452331543,0.007446522358804941,0.010094691999256611,-0.17396345734596252,-1.1136187314987183,1.1271246671676636,False
train,0.9358199834823608,0.2587301731109619,0.2809508442878723,0.0073759607039391994,0.010192831978201866,-0.16628320515155792,-1.031369686126709,1.0446882247924805,False
train,0.9362367391586304,0.2579365074634552,0.280362069606781,0.007308688480407,0.010294826701283455,-0.1587580144405365,-0.9499759674072266,0.9631502628326416,False
train,0.9366534948348999,0.24365079402923584,0.27980613708496094,0.007244558539241552,0.010400875471532345,-0.15138040482997894,-0.8697404861450195,0.8828162550926208,False
train,0.9370702505111694,0.23174603283405304,0.2792840003967285,0.007183564826846123,0.010511111468076706,-0.14415375888347626,-0.7910679578781128,0.8040950298309326,False
test,0.937487006187439,0.23571428656578064,0.27879437804222107,0.007125644478946924,0.010625624097883701,-0.1370774805545807,-0.7143442630767822,0.7273774743080139,False
train,0.9379037022590637,0.2587301731109619,0.27833640575408936,0.007070697844028473,0.010744608007371426,-0.13014906644821167,-0.639924168586731,0.6530250310897827,False
train,0.9383204579353333,0.24761904776096344,0.27790889143943787,0.007018701173365116,0.010868245735764503,-0.12336676567792892,-0.5681536793708801,0.5813931226730347,False
train,0.9387372136116028,0.27142858505249023,0.2775106728076935,0.006969568319618702,0.010996698401868343,-0.11673198640346527,-0.4994214177131653,0.5128821730613708,False
train,0.9391539692878723,0.2666666805744171,0.27714085578918457,0.006923258304595947,0.011130038648843765,-0.11024508625268936,-0.43411192297935486,0.44789189100265503,False
test,0.9395707249641418,0.2531746029853821,0.27679747343063354,0.006879693828523159,0.011268501169979572,-0.10390269756317139,-0.37250855565071106,0.38672780990600586,False
train,0.9399874806404114,0.25238096714019775,0.27647870779037476,0.006838810630142689,0.011412257328629494,-0.0977066233754158,-0.31497180461883545,0.32977843284606934,False
train,0.9404042363166809,0.2746031880378723,0.27618399262428284,0.006800593342632055,0.011561373248696327,-0.0916576236486435,-0.2618056833744049,0.2773866057395935,False
train,0.9408209919929504,0.2420634925365448,0.27590951323509216,0.006764930207282305,0.011716156266629696,-0.08575253188610077,-0.21327748894691467,0.2298712283372879,False
train,0.94123774766922,0.2666666805744171,0.275655061006546,0.006731776520609856,0.011876636184751987,-0.07999319583177567,-0.16964787244796753,0.187561497092247,False
test,0.9416545033454895,0.24523809552192688,0.2754175364971161,0.006701081991195679,0.012043078429996967,-0.07437746971845627,-0.13111987709999084,0.15074624121189117,False
train,0.942071259021759,0.24920634925365448,0.2751946449279785,0.006672792136669159,0.012215666472911835,-0.06890670955181122,-0.09791520237922668,0.11973103135824203,False
train,0.9424880146980286,0.2626984119415283,0.27498504519462585,0.006646843161433935,0.01239445898681879,-0.06358076632022858,-0.07019734382629395,0.09471103549003601,False
train,0.9429047703742981,0.28412699699401855,0.27478569746017456,0.006623159162700176,0.012579791247844696,-0.05839765444397926,-0.04807347059249878,0.07563956826925278,False
train,0.9433215260505676,0.2587301731109619,0.274594247341156,0.006601687986403704,0.012771731242537498,-0.05335722863674164,-0.03160363435745239,0.0620143823325634,False
test,0.9437382817268372,0.3182539641857147,0.2744092345237732,0.006582402624189854,0.012970445677638054,-0.048461638391017914,-0.020902156829833984,0.05277717858552933,False
train,0.9441550374031067,0.3206349313259125,0.27422672510147095,0.00656520389020443,0.013176200911402702,-0.04370619356632233,-0.015902698040008545,0.046509429812431335,False
train,0.9445717930793762,0.23730158805847168,0.2740456163883209,0.006550072692334652,0.01338909100741148,-0.0390937402844429,-0.016621321439743042,0.042480453848838806,False
train,0.9449885487556458,0.2825396955013275,0.2738630771636963,0.006536917295306921,0.013609426096081734,-0.034621499478816986,-0.0229608416557312,0.04154333472251892,False
train,0.9454053044319153,0.2825396955013275,0.2736766040325165,0.006525698117911816,0.013837253674864769,-0.0302884541451931,-0.03479480743408203,0.04613099992275238,False
test,0.9458220601081848,0.28730159997940063,0.27348455786705017,0.006516359746456146,0.014072805643081665,-0.02609655074775219,-0.051997214555740356,0.05817851796746254,False
train,0.9462388157844543,0.289682537317276,0.27328401803970337,0.006508843973278999,0.014316275715827942,-0.022040456533432007,-0.07432490587234497,0.07752401381731033,False
train,0.9466555714607239,0.2777777910232544,0.2730732858181,0.006503083277493715,0.014567838050425053,-0.018121324479579926,-0.10156738758087158,0.10317129641771317,False
train,0.9470723271369934,0.2865079343318939,0.2728506922721863,0.006499052047729492,0.014827646315097809,-0.014339247718453407,-0.1334804892539978,0.13424848020076752,False
train,0.9474890828132629,0.2730158865451813,0.272613525390625,0.006496678572148085,0.015095919370651245,-0.01068937499076128,-0.16969364881515503,0.17002998292446136,False
test,0.9479058384895325,0.2817460298538208,0.2723611295223236,0.006495906040072441,0.015372782945632935,-0.007173278369009495,-0.20992568135261536,0.21004819869995117,False
train,0.948322594165802,0.2817460298538208,0.27209118008613586,0.006496697198599577,0.015658484771847725,-0.0037869270890951157,-0.253762811422348,0.25379106402397156,False
train,0.9487393498420715,0.26349207758903503,0.2718024253845215,0.006499005947262049,0.015953121706843376,-0.0005290433764457703,-0.3008071780204773,0.3008076548576355,False
train,0.9491560459136963,0.28730159997940063,0.27149394154548645,0.006502741482108831,0.01625680923461914,0.002600552514195442,-0.3506664037704468,0.3506760597229004,False
train,0.9495728015899658,0.2690476179122925,0.27116408944129944,0.006507903337478638,0.016569819301366806,0.005605325102806091,-0.4028851389884949,0.40292415022850037,False
test,0.9499895572662354,0.21984127163887024,0.27081242203712463,0.006514390464872122,0.016892286017537117,0.008487959392368793,-0.4569728374481201,0.45705166459083557,False
train,0.9504063129425049,0.16111111640930176,0.27043816447257996,0.006522206123918295,0.017224380746483803,0.011249806731939316,-0.5125011205673218,0.5126246213912964,False
train,0.9508230686187744,0.2571428716182709,0.27004116773605347,0.006531299091875553,0.017566056922078133,0.013893116265535355,-0.5689383149147034,0.5691079497337341,False
train,0.951239824295044,0.29126983880996704,0.26962044835090637,0.006541588343679905,0.017917634919285774,0.016421111300587654,-0.6258012652397156,0.6260166764259338,False
train,0.9516565799713135,0.2507936656475067,0.2691763937473297,0.006553051993250847,0.01827922649681568,0.01883487030863762,-0.6826200485229492,0.6828798651695251,False
test,0.952073335647583,0.3722222149372101,0.2687094509601593,0.006565657909959555,0.018650731071829796,0.021137330681085587,-0.7388652563095093,0.7391675710678101,False
train,0.9524900913238525,0.4555555582046509,0.2682194709777832,0.006579338572919369,0.019032534211874008,0.023331332951784134,-0.7940798997879028,0.7944226264953613,False
train,0.9529068470001221,0.36349207162857056,0.2677074372768402,0.006594074424356222,0.019424404948949814,0.025418955832719803,-0.847743034362793,0.8481240272521973,False
train,0.9533236026763916,0.23492063581943512,0.26717349886894226,0.0066098109818995,0.019826650619506836,0.027403531596064568,-0.8994038701057434,0.8998212218284607,False
train,0.9537403583526611,0.26825398206710815,0.26661908626556396,0.006626504007726908,0.02023930661380291,0.029286306351423264,-0.9486185312271118,0.9490705132484436,False
test,0.9541571140289307,0.2706349194049835,0.2660454213619232,0.00664414931088686,0.0206620916724205,0.031070545315742493,-0.9949253797531128,0.9954103827476501,False
train,0.9545738697052002,0.23333333432674408,0.2654532790184021,0.006662673316895962,0.021095480769872665,0.03275841102004051,-1.0379316806793213,1.0384485721588135,False
train,0.9549906253814697,0.25,0.2648446261882782,0.006682049483060837,0.02153916098177433,0.0343528687953949,-1.0772284269332886,1.0777760744094849,False
train,0.9554073810577393,0.2690476179122925,0.26422104239463806,0.0067022438161075115,0.021993054077029228,0.03585544228553772,-1.1124694347381592,1.1130471229553223,False
train,0.9558241367340088,0.27222222089767456,0.263584166765213,0.00672324700281024,0.022457394748926163,0.037269227206707,-1.143330693244934,1.1439379453659058,False
test,0.9562408924102783,0.25,0.262935996055603,0.006744973827153444,0.022931745275855064,0.03859593719244003,-1.1694797277450562,1.1701164245605469,False
train,0.9566576480865479,0.25634920597076416,0.26227810978889465,0.006767462007701397,0.023416340351104736,0.039839159697294235,-1.1906747817993164,1.1913411617279053,False
train,0.9570744037628174,0.26746031641960144,0.2616133987903595,0.00679062632843852,0.023910827934741974,0.040999509394168854,-1.206714153289795,1.207410454750061,False
train,0.9574911594390869,0.2809523940086365,0.2609440088272095,0.006814450491219759,0.024414941668510437,0.042079534381628036,-1.2173694372177124,1.2180964946746826,False
train,0.9579079151153564,0.2698412835597992,0.260271281003952,0.006838914938271046,0.024928836151957512,0.04308220371603966,-1.2224981784820557,1.223257064819336,False
test,0.958324670791626,0.2690476179122925,0.25959837436676025,0.006863988935947418,0.025451989844441414,0.04400951415300369,-1.2219879627227783,1.2227801084518433,False
train,0.9587414264678955,0.261904776096344,0.25892722606658936,0.006889601703733206,0.025984132662415504,0.044862471520900726,-1.2157641649246216,1.2165915966033936,False
train,0.959158182144165,0.22698412835597992,0.2582607865333557,0.006915807258337736,0.026525132358074188,0.0456436462700367,-1.2038304805755615,1.204695463180542,False
train,0.9595749378204346,0.2658730149269104,0.257600873708725,0.006942509673535824,0.02707444317638874,0.04635544866323471,-1.186158299446106,1.1870636940002441,False
train,0.9599916934967041,0.2531746029853821,0.25695013999938965,0.006969722919166088,0.027631880715489388,0.04699941724538803,-1.1628186702728271,1.1637680530548096,False
test,0.9604083895683289,0.24444444477558136,0.2563110291957855,0.006997421383857727,0.02819681353867054,0.047577209770679474,-1.1338990926742554,1.1348967552185059,False
train,0.9608251452445984,0.2706349194049835,0.2556855082511902,0.007025560364127159,0.02876902185380459,0.048091109842061996,-1.0995289087295532,1.100580096244812,False
train,0.9612419009208679,0.25158730149269104,0.25507599115371704,0.007054132875055075,0.029347829520702362,0.04854242876172066,-1.0598821640014648,1.0609931945800781,False
train,0.9616586565971375,0.2380952388048172,0.25448453426361084,0.007083105389028788,0.02993280254304409,0.04893356189131737,-1.0151463747024536,1.0163249969482422,False
train,0.962075412273407,0.2531746029853821,0.2539132833480835,0.007112459279596806,0.030523300170898438,0.049265965819358826,-0.9655847549438477,0.9668407440185547,False
test,0.9624921679496765,0.24920634925365448,0.253364235162735,0.00714216660708189,0.031118597835302353,0.04954083263874054,-0.9114415645599365,0.9127869606018066,False
train,0.962908923625946,0.2222222238779068,0.252839058637619,0.007172218058258295,0.031718164682388306,0.0497608557343483,-0.8530435562133789,0.8544936776161194,False
train,0.9633256793022156,0.26428571343421936,0.25233957171440125,0.007202559150755405,0.032321322709321976,0.04992657154798508,-0.7907148599624634,0.7922894954681396,False
train,0.9637424349784851,0.25158730149269104,0.25186729431152344,0.007233208976686001,0.03292689099907875,0.05004039779305458,-0.7248157262802124,0.7265410423278809,False
train,0.9641591906547546,0.2809523940086365,0.2514234781265259,0.007264153100550175,0.033534545451402664,0.05010388419032097,-0.6557204127311707,0.6576318740844727,False
test,0.9645759463310242,0.2738095223903656,0.2510097324848175,0.007295322138816118,0.034143127501010895,0.05011798441410065,-0.5838445425033569,0.5859916806221008,False
train,0.9649927020072937,0.230158731341362,0.25062647461891174,0.007326748687773943,0.034751832485198975,0.050084855407476425,-0.5095977783203125,0.5120531320571899,False
train,0.9654094576835632,0.15396825969219208,0.2502751052379608,0.0073583610355854034,0.03535987809300423,0.050005123019218445,-0.4334211051464081,0.4362961947917938,False
train,0.9658262133598328,0.06111111119389534,0.24995630979537964,0.00739018339663744,0.0359659306704998,0.04988005757331848,-0.35580116510391235,0.3592804968357086,False
train,0.9662429690361023,0.003968254197388887,0.24967020750045776,0.007422166410833597,0.03656931221485138,0.04971182346343994,-0.2771237790584564,0.2815472483634949,False
test,0.9666597247123718,0.16984127461910248,0.2494174838066101,0.007454325444996357,0.03716883808374405,0.04950014501810074,-0.1979578137397766,0.20405283570289612,False
train,0.9670764803886414,0.15317460894584656,0.24919819831848145,0.007486608810722828,0.03776311129331589,0.049247317016124725,-0.11870056390762329,0.12851117551326752,False
train,0.9674932360649109,0.06031746044754982,0.24901176989078522,0.0075190067291259766,0.03835148736834526,0.048953983932733536,-0.03982773423194885,0.06310895830392838,False
train,0.9679099917411804,0.02142857201397419,0.24885854125022888,0.007551492657512426,0.038932397961616516,0.048619773238897324,0.03812471032142639,0.06178491562604904,False
train,0.96832674741745,0.011111111380159855,0.24873758852481842,0.00758407823741436,0.0395050123333931,0.04824681207537651,0.11476528644561768,0.1244942843914032,False
test,0.9687435030937195,0.004761904943734407,0.2486485242843628,0.007616710849106312,0.040067899972200394,0.04783453047275543,0.1895557940006256,0.19549818336963654,False
train,0.969160258769989,0.0023809524718672037,0.24859043955802917,0.0076493737287819386,0.04061972722411156,0.047383129596710205,0.26206666231155396,0.2663157880306244,False
train,0.9695770144462585,0.0833333358168602,0.24856187403202057,0.007682051043957472,0.04115952178835869,0.0468941368162632,0.3319079875946045,0.3352043926715851,False
train,0.9699937701225281,0.2658730149269104,0.24856190383434296,0.007714718114584684,0.04168592765927315,0.0463656522333622,0.39857128262519836,0.40125909447669983,False
train,0.9704105257987976,0.2785714268684387,0.2485894411802292,0.007747347000986338,0.04219735413789749,0.045800063759088516,0.4617290794849396,0.4639950394630432,False
test,0.9708272814750671,0.23492063581943512,0.24864234030246735,0.007779957726597786,0.04269300401210785,0.0451950877904892,0.5209189057350159,0.5228757858276367,False
train,0.9712440371513367,0.27222222089767456,0.24871931970119476,0.007812461815774441,0.043171126395463943,0.044551022350788116,0.5758058428764343,0.5775267481803894,False
train,0.9716607332229614,0.2857142984867096,0.2488180547952652,0.007844884879887104,0.043630871921777725,0.04386840760707855,0.6260500550270081,0.6275851130485535,False
train,0.972077488899231,0.26428571343421936,0.24893681704998016,0.007877176627516747,0.044071014970541,0.04314524307847023,0.6713392734527588,0.6727242469787598,False
train,0.9724942445755005,0.22142857313156128,0.24907314777374268,0.007909326814115047,0.04449009150266647,0.042381636798381805,0.7113692164421082,0.712630569934845,False
test,0.97291100025177,0.29126983880996704,0.24922555685043335,0.007941306568682194,0.044886715710163116,0.04157836735248566,0.7459176778793335,0.747075617313385,False
train,0.9733277559280396,0.22063492238521576,0.2493905872106552,0.007973075844347477,0.045260239392519,0.040731463581323624,0.7746713161468506,0.7757413983345032,False
train,0.9737445116043091,0.2611111104488373,0.24956658482551575,0.008004633709788322,0.045609116554260254,0.039843134582042694,0.7975180745124817,0.7985126972198486,False
train,0.9741612672805786,0.2746031880378723,0.24975119531154633,0.008035920560359955,0.0459321103990078,0.03891308605670929,0.8143033981323242,0.8152326941490173,False
train,0.9745780229568481,0.23888888955116272,0.24994078278541565,0.008066931739449501,0.04622863605618477,0.03793824464082718,0.8248183727264404,0.8256903886795044,False
test,0.9749947786331177,0.22777777910232544,0.25013405084609985,0.008097619749605656,0.04649714007973671,0.03692113980650902,0.8290860652923584,0.8299077749252319,False
train,0.9754115343093872,0.26746031641960144,0.25032731890678406,0.008127964101731777,0.04673723131418228,0.035858429968357086,0.8269508481025696,0.8277279734611511,False
train,0.9758282899856567,0.2531746029853821,0.25051847100257874,0.00815795361995697,0.04694758355617523,0.034752197563648224,0.8184653520584106,0.8192027807235718,False
train,0.9762450456619263,0.22380952537059784,0.25070494413375854,0.008187511004507542,0.047127362340688705,0.03360296040773392,0.8036712408065796,0.8043733835220337,False
train,0.9766618013381958,0.2769841253757477,0.250883549451828,0.008216669782996178,0.04727629944682121,0.03240843117237091,0.7825458645820618,0.783216655254364,False
test,0.9770785570144653,0.2777777910232544,0.2510523498058319,0.008245346136391163,0.04739324003458023,0.03117159754037857,0.7552802562713623,0.7559232711791992,False
train,0.9774953126907349,0.27539682388305664,0.2512083947658539,0.008273518644273281,0.0474776029586792,0.029892168939113617,0.7219759225845337,0.7225944995880127,False
train,0.9779120683670044,0.2706349194049835,0.25134915113449097,0.008301163092255592,0.04752925783395767,0.02857029065489769,0.6827794313430786,0.6833769083023071,False
train,0.9783288240432739,0.3063492178916931,0.2514723837375641,0.008328253403306007,0.04754741117358208,0.027209505438804626,0.6379708647727966,0.6385508179664612,False
train,0.9787455797195435,0.28412699699401855,0.25157612562179565,0.008354739286005497,0.04753175750374794,0.02581019327044487,0.5877513289451599,0.5883177518844604,False
test,0.979162335395813,0.2579365074634552,0.25165775418281555,0.008380635641515255,0.04748222604393959,0.02437514066696167,0.5324267148971558,0.5329843759536743,False
train,0.9795790910720825,0.3182539641857147,0.2517155110836029,0.008405864238739014,0.04739846661686897,0.022906500846147537,0.47231391072273254,0.47286903858184814,False
train,0.979995846748352,0.2738095223903656,0.2517468333244324,0.00843042228370905,0.04728078097105026,0.021405544131994247,0.40770378708839417,0.4082653224468231,False
train,0.9804126024246216,0.29603174328804016,0.25175073742866516,0.008454284630715847,0.04712887853384018,0.019878175109624863,0.33904504776000977,0.3396272659301758,False
train,0.9808293581008911,0.2738095223903656,0.25172555446624756,0.008477423340082169,0.04694293811917305,0.018326692283153534,0.2667290270328522,0.26735788583755493,False
test,0.9812461137771606,0.2380952388048172,0.2516694664955139,0.008499805815517902,0.046723373234272,0.01675446704030037,0.19113017618656158,0.19186311960220337,False
train,0.9816628694534302,0.3460317552089691,0.251581072807312,0.008521420881152153,0.046470534056425095,0.015165291726589203,0.11273369193077087,0.11374916136264801,False
train,0.9820796251296997,0.2380952388048172,0.2514601945877075,0.008542262949049473,0.04618452116847038,0.013565335422754288,0.03202986717224121,0.03478405624628067,False
train,0.9824963808059692,0.28333333134651184,0.2513051927089691,0.008562296628952026,0.04586629942059517,0.011958252638578415,-0.05055058002471924,0.051945749670267105,False
train,0.9829131364822388,0.24682539701461792,0.2511161267757416,0.008581496775150299,0.0455162450671196,0.010349027812480927,-0.1344693899154663,0.13486704230308533,False
test,0.9833298325538635,0.23333333432674408,0.25089147686958313,0.008599861524999142,0.04513534530997276,0.00874275341629982,-0.21926012635231018,0.21943435072898865,False
train,0.9837465882301331,0.21904762089252472,0.2506318986415863,0.008617401123046875,0.04472417011857033,0.007144764065742493,-0.3044055104255676,0.3044893443584442,False
train,0.9841633439064026,0.23968254029750824,0.25033655762672424,0.008634069934487343,0.04428376629948616,0.005559474229812622,-0.38940513134002686,0.38944482803344727,False
train,0.9845800995826721,0.30714285373687744,0.2500070333480835,0.00864990521222353,0.04381491616368294,0.003994453698396683,-0.47370675206184387,0.4737235903739929,False
train,0.9849968552589417,0.2380952388048172,0.24964261054992676,0.008664874359965324,0.043318793177604675,0.0024536922574043274,-0.5568432807922363,0.5568487048149109,False
test,0.9854136109352112,0.22063492238521576,0.2492438405752182,0.00867898017168045,0.04279667139053345,0.0009422376751899719,-0.6383292078971863,0.6383299231529236,False
train,0.9858303666114807,0.2825396955013275,0.2488127201795578,0.008692245930433273,0.042249325662851334,-0.0005320515483617783,-0.7176233530044556,0.7176235914230347,False
train,0.9862471222877502,0.28730159997940063,0.2483489066362381,0.008704674430191517,0.04167843237519264,-0.0019674450159072876,-0.794323205947876,0.7943256497383118,False
train,0.9866638779640198,0.2658730149269104,0.24785418808460236,0.008716244250535965,0.041085101664066315,-0.0033563263714313507,-0.8679451942443848,0.8679516911506653,False
train,0.9870806336402893,0.30714285373687744,0.2473299354314804,0.00872700847685337,0.040470682084560394,-0.004694735631346703,-0.93808913230896,0.9381008744239807,False
test,0.9874973893165588,0.30793651938438416,0.2467772364616394,0.008736939169466496,0.03983668237924576,-0.0059785861521959305,-1.0043573379516602,1.0043751001358032,False
train,0.9879141449928284,0.26349207758903503,0.24619904160499573,0.008746079169213772,0.03918430581688881,-0.007201768457889557,-1.0663282871246338,1.0663526058197021,False
train,0.9883309006690979,0.2785714268684387,0.24559588730335236,0.008754458278417587,0.03851522132754326,-0.008362848311662674,-1.1237211227416992,1.123752236366272,False
train,0.9887476563453674,0.2817460298538208,0.24497003853321075,0.008762062527239323,0.03783079609274864,-0.009456301108002663,-1.1762202978134155,1.1762583255767822,False
train,0.989164412021637,0.25952380895614624,0.2443246692419052,0.00876894872635603,0.03713250905275345,-0.010479561984539032,-1.22352135181427,1.2235661745071411,False
test,0.9895811676979065,0.2777777910232544,0.24366050958633423,0.008775122463703156,0.03642197325825691,-0.01143072359263897,-1.2654242515563965,1.265475869178772,False
train,0.989997923374176,0.25,0.2429806888103485,0.008780602365732193,0.03570046275854111,-0.012305916287004948,-1.3017425537109375,1.3018007278442383,False
train,0.9904146790504456,0.24682539701461792,0.24228790402412415,0.008785451762378216,0.034969694912433624,-0.013103975914418697,-1.33229398727417,1.3323583602905273,False
train,0.9908314347267151,0.25634920597076416,0.24158351123332977,0.008789642713963985,0.03423096612095833,-0.013823057524859905,-1.3569953441619873,1.3570657968521118,False
train,0.9912481904029846,0.22460317611694336,0.24087123572826385,0.008793260902166367,0.03348594158887863,-0.014462689869105816,-1.3757576942443848,1.3758337497711182,False
test,0.9916649460792542,0.2579365074634552,0.2401522994041443,0.008796324953436852,0.03273594379425049,-0.015022310428321362,-1.3886041641235352,1.3886854648590088,False
train,0.9920817017555237,0.2690476179122925,0.2394298017024994,0.008798840455710888,0.03198237344622612,-0.015500854700803757,-1.3954976797103882,1.3955837488174438,False
train,0.9924984574317932,0.23650793731212616,0.2387068271636963,0.008800857700407505,0.031226642429828644,-0.015899281948804855,-1.3965184688568115,1.3966089487075806,False
train,0.9929152131080627,0.2984127104282379,0.23798446357250214,0.00880243070423603,0.0304701067507267,-0.016217593103647232,-1.3917820453643799,1.391876459121704,False
train,0.9933319687843323,0.23968254029750824,0.2372659295797348,0.008803553879261017,0.02971411496400833,-0.016457896679639816,-1.3814377784729004,1.3815357685089111,False
test,0.9937487244606018,0.2587301731109619,0.23655389249324799,0.00880426075309515,0.028959905728697777,-0.016620304435491562,-1.3656303882598877,1.3657314777374268,False
train,0.9941654801368713,0.2539682686328888,0.23584939539432526,0.008804626762866974,0.028208555653691292,-0.016706695780158043,-1.344620943069458,1.3447246551513672,False
train,0.9945821762084961,0.2626984119415283,0.23515570163726807,0.008804656565189362,0.02746153436601162,-0.016719479113817215,-1.3186511993408203,1.318757176399231,False
train,0.9949989318847656,0.2857142984867096,0.23447436094284058,0.008804373443126678,0.026719627901911736,-0.016660526394844055,-1.2880111932754517,1.2881189584732056,False
train,0.9954156875610352,0.2706349194049835,0.23380661010742188,0.008803840726613998,0.025983966886997223,-0.01653253100812435,-1.2530250549316406,1.2531341314315796,False
test,0.9958324432373047,0.2587301731109619,0.23315474390983582,0.008803050965070724,0.025255592539906502,-0.016338152810931206,-1.2140562534332275,1.2141661643981934,False
train,0.9962491989135742,0.2222222238779068,0.23252078890800476,0.008802064694464207,0.024535460397601128,-0.016079921275377274,-1.1714720726013184,1.1715824604034424,False
train,0.9966659545898438,0.25238096714019775,0.23190553486347198,0.008800895884633064,0.023824289441108704,-0.015761036425828934,-1.1256896257400513,1.1258000135421753,False
train,0.9970827102661133,0.05238095298409462,0.2313101440668106,0.008799584582448006,0.023123083636164665,-0.0153855811804533,-1.0771430730819702,1.077252984046936,False
train,0.9974994659423828,0.0015873016091063619,0.23073658347129822,0.008798145689070225,0.022432390600442886,-0.014954999089241028,-1.026252031326294,1.0263609886169434,False
test,0.9979162216186523,0.0,0.230184406042099,0.008796616457402706,0.021753065288066864,-0.014474296942353249,-0.9734992980957031,0.9736068844795227,False
train,0.9983329772949219,0.0007936508045531809,0.2296553999185562,0.008795015513896942,0.02108563296496868,-0.013946165330708027,-0.9193631410598755,0.9194689393043518,False
train,0.9987497329711914,0.0007936508045531809,0.22914913296699524,0.008793369866907597,0.02043059468269348,-0.013373934663832188,-0.8643089532852173,0.8644124269485474,False
train,0.9991664886474609,0.0,0.2286660224199295,0.008791702799499035,0.019788550212979317,-0.0127617372199893,-0.8088299036026001,0.8089305758476257,False
train,0.9995832443237305,0.0007936508045531809,0.22820709645748138,0.008790041320025921,0.019159892573952675,-0.012112416326999664,-0.7534300684928894,0.7535274028778076,False
test,1.0,0.0007936508045531809,0.22777102887630463,0.008788379840552807,0.018545011058449745,-0.011430196464061737,-0.6985874176025391,0.6986809372901917,False
