part,t,D_obs,D_pred,I_pred,u_pred,r_I,r_D,R,is_anomaly
train,0.00020837673218920827,0.0,0.0005800977232865989,0.05766000971198082,0.0493057556450367,-0.005915433168411255,-0.05402890592813492,0.054351769387722015,False
train,0.0006251301965676248,0.0,0.0005820752121508121,0.057732678949832916,0.049434855580329895,0.21390171349048615,-0.0505932942032814,0.2198036015033722,False
train,0.0010418837191537023,0.0,0.0005855310591869056,0.05789761245250702,0.04956280067563057,0.4369553327560425,-0.04714524373412132,0.439491331577301,False
train,0.0014586371835321188,0.0,0.0005905267898924649,0.058156758546829224,0.04968944936990738,0.6662170886993408,-0.04361020401120186,0.6676428914070129,False
test,0.0018753906479105353,0.0,0.0005971564678475261,0.058513324707746506,0.04981466755270958,0.904858410358429,-0.03989727422595024,0.905737578868866,False
train,0.002292144112288952,0.0,0.0006055564153939486,0.05897206813097,0.049938321113586426,1.1563005447387695,-0.035895492881536484,1.1568576097488403,False
train,0.0027088976930826902,0.0,0.0006159197073429823,0.059539034962654114,0.050060272216796875,1.4242781400680542,-0.0314694307744503,1.4246257543563843,False
train,0.0031256512738764286,0.0,0.0006284977425821126,0.06022195518016815,0.05018038675189018,1.7129194736480713,-0.026455197483301163,1.7131237983703613,False
train,0.0035424046218395233,0.0,0.0006436305120587349,0.06103041395545006,0.050298526883125305,2.026832342147827,-0.020654890686273575,2.02693772315979,False
test,0.003959157969802618,0.0,0.0006617417093366385,0.06197604909539223,0.05041458457708359,2.371212959289551,-0.013831473886966705,2.371253252029419,False
train,0.004375911783427,0.0,0.0006833802326582372,0.06307270377874374,0.05052841454744339,2.7519054412841797,-0.005702223628759384,2.7519114017486572,False
train,0.004792665131390095,0.0,0.0007092177984304726,0.064336858689785,0.05063990131020546,3.1754305362701416,0.004065744578838348,3.1754329204559326,False
train,0.0052094184793531895,0.0,0.0007400934700854123,0.06578809767961502,0.05074889957904816,3.6489076614379883,0.0158625990152359,3.648942232131958,False
train,0.0056261722929775715,0.0,0.0007770220981910825,0.06744850426912308,0.05085530877113342,4.17981481552124,0.030141398310661316,4.1799235343933105,False
test,0.006042925175279379,0.0,0.0008212374523282051,0.06934372335672379,0.05095900222659111,4.775631427764893,0.047423988580703735,4.775866985321045,False
train,0.006459679454565048,0.0,0.0008742157951928675,0.07150240987539291,0.05105987936258316,5.443231105804443,0.06830651313066483,5.443659782409668,False
train,0.006876432336866856,0.0,0.0009377050446346402,0.07395542412996292,0.051157813519239426,6.188015460968018,0.09346069395542145,6.188721179962158,False
train,0.00729318568482995,0.0,0.0010137684876099229,0.0767359659075737,0.051252685487270355,7.012989044189453,0.12363117933273315,7.014078617095947,False
train,0.007709939498454332,0.0,0.0011048016604036093,0.07987739145755768,0.05134442448616028,7.9174981117248535,0.1596221774816513,7.919106960296631,False
test,0.008126692846417427,0.0,0.0012135612778365612,0.08341202139854431,0.051432907581329346,8.89615249633789,0.20227500796318054,8.898451805114746,False
train,0.008543446660041809,0.0,0.0013431612169370055,0.08736861497163773,0.0515180341899395,9.937899589538574,0.25243324041366577,9.941104888916016,False
train,0.008960200473666191,0.0,0.0014970788033679128,0.09177035838365555,0.05159972980618477,11.025538444519043,0.3109048306941986,11.029921531677246,False
train,0.009376953355967999,0.0,0.0016791274538263679,0.09663142263889313,0.05167790502309799,12.135787963867188,0.3784181475639343,12.14168643951416,False
train,0.00979370716959238,0.0,0.0018933723913505673,0.10195575654506683,0.05175245553255081,13.240215301513672,0.4555646777153015,13.24804973602295,False
test,0.010210460051894188,0.0,0.0021441271528601646,0.1077343001961708,0.05182332918047905,14.306741714477539,0.5427886843681335,14.317034721374512,False
train,0.01062721386551857,0.0,0.0024358227383345366,0.11394457519054413,0.05189044028520584,15.302038192749023,0.6403598189353943,15.315431594848633,False
train,0.011043967679142952,0.0068330238573253155,0.0027729824651032686,0.12054986506700516,0.05195372551679611,16.194381713867188,0.748432993888855,16.211666107177734,False
train,0.011460721492767334,0.020112454891204834,0.003160140011459589,0.12750144302845,0.05201311782002449,16.957019805908203,0.867141842842102,16.979177474975586,False
train,0.011877474375069141,0.020204907283186913,0.0036019328981637955,0.13474155962467194,0.0520685650408268,17.57129669189453,0.9968016147613525,17.59954833984375,False
test,0.012294228188693523,0.02032257243990898,0.004103138577193022,0.14220575988292694,0.05212000757455826,18.028484344482422,1.138095736503601,18.06437110900879,False
train,0.012710982002317905,0.020209109410643578,0.004668890032917261,0.14982859790325165,0.052167411893606186,18.330337524414062,1.2922711372375488,18.37583351135254,False
train,0.013127733953297138,0.020225917920470238,0.005304993595927954,0.1575474739074707,0.0522107258439064,18.48737144470215,1.4612159729003906,18.545028686523438,False
train,0.01354448776692152,0.020246930420398712,0.006018146872520447,0.16530519723892212,0.052249930799007416,18.515153884887695,1.647281289100647,18.588287353515625,False
train,0.013961241580545902,0.020221715793013573,0.006815892644226551,0.17305101454257965,0.05228497087955475,18.4293212890625,1.8527618646621704,18.522220611572266,False
test,0.01437799446284771,0.020120859146118164,0.0077066970989108086,0.18074007332324982,0.052315853536129,18.240400314331055,2.079145908355713,18.3585147857666,False
train,0.014794748276472092,0.02006622962653637,0.0086992047727108,0.188329815864563,0.05234254524111748,17.949115753173828,2.3258726596832275,18.099184036254883,False
train,0.015211502090096474,0.0200746338814497,0.00980108231306076,0.1957758367061615,0.052365031093358994,17.543485641479492,2.588846445083618,17.733470916748047,False
train,0.015628255903720856,0.020263738930225372,0.011017384007573128,0.20302538573741913,0.05238332971930504,16.99805450439453,2.858820915222168,17.236783981323242,False
train,0.016045009717345238,0.020167086273431778,0.012347791343927383,0.21001270413398743,0.052397411316633224,16.275726318359375,3.119767904281616,16.572031021118164,False
test,0.01646176353096962,0.020246930420398712,0.013783696107566357,0.2166551798582077,0.05240730568766594,15.332561492919922,3.3479113578796387,15.693819046020508,False
train,0.016878517344594002,0.020192299038171768,0.015304997563362122,0.22285135090351105,0.05241301655769348,14.124734878540039,3.5119588375091553,14.554792404174805,False
train,0.017295269295573235,0.020129265263676643,0.016877269372344017,0.22848297655582428,0.05241456255316734,12.61757755279541,3.575336217880249,13.114355087280273,False
train,0.017712023109197617,0.020104050636291504,0.018450474366545677,0.23342153429985046,0.052411966025829315,10.795269966125488,3.5010414123535156,11.348794937133789,False
train,0.018128776922822,0.020045217126607895,0.019960273057222366,0.23753654956817627,0.05240527540445328,8.66950798034668,3.2590739727020264,9.26185417175293,False
test,0.01854552887380123,0.020263738930225372,0.02133280411362648,0.2407100945711136,0.05239451304078102,6.285517692565918,2.835237741470337,6.895382881164551,False
train,0.018962282687425613,0.02008303813636303,0.022492917254567146,0.24284960329532623,0.05237971618771553,3.7229080200195312,2.2387313842773438,4.344187259674072,False
train,0.019379036501049995,0.020129265263676643,0.023374682292342186,0.24390266835689545,0.052360933274030685,1.09092116355896,1.5054477453231812,1.859161615371704,False
train,0.019795790314674377,0.019994789734482765,0.023932481184601784,0.24386627972126007,0.05233822017908096,-1.482657551765442,0.6945626735687256,1.6372815370559692,False
train,0.02021254412829876,0.020120859146118164,0.024148304015398026,0.24279247224330902,0.052311647683382034,-3.8671464920043945,-0.12183621525764465,3.869065284729004,False
test,0.02062929794192314,0.020137669518589973,0.02403457835316658,0.2407846599817276,0.05228126794099808,-5.946290969848633,-0.8731637597084045,6.01005744934082,False
train,0.021046051755547523,0.02012506127357483,0.023630313575267792,0.2379896491765976,0.05224713683128357,-7.633908271789551,-1.5041550397872925,7.780683517456055,False
train,0.021462805569171906,0.020154478028416634,0.022992795333266258,0.23458118736743927,0.05220935866236687,-8.88391399383545,-1.983602523803711,9.102669715881348,False
train,0.02187955752015114,0.020225917920470238,0.022186992689967155,0.2307441681623459,0.05216797813773155,-9.693236351013184,-2.3060102462768555,9.963760375976562,False
train,0.02229631133377552,0.020120859146118164,0.021275542676448822,0.22665567696094513,0.05212311074137688,-10.097179412841797,-2.486928701400757,10.398935317993164,False
test,0.022713065147399902,0.020162882283329964,0.020311852917075157,0.22247248888015747,0.05207481607794762,-10.159549713134766,-2.5549514293670654,10.4758882522583,False
train,0.023129818961024284,0.020087240263819695,0.019335912540555,0.21832025051116943,0.052023209631443024,-9.959851264953613,-2.543238639831543,10.279431343078613,False
train,0.023546570912003517,0.02010825276374817,0.018374409526586533,0.2142912894487381,0.05196836590766907,-9.581178665161133,-2.482989549636841,9.897687911987305,False
train,0.0239633247256279,0.02009984850883484,0.017442097887396812,0.21044333279132843,0.051910385489463806,-9.099957466125488,-2.399343967437744,9.410955429077148,False
train,0.02438007853925228,0.020087240263819695,0.016544951125979424,0.20680592954158783,0.051849380135536194,-8.579036712646484,-2.309652328491211,8.884501457214355,False
test,0.024796832352876663,0.020204907283186913,0.015683306381106377,0.2033853977918625,0.051785461604595184,-8.063775062561035,-2.2235262393951416,8.36471939086914,False
train,0.025213586166501045,0.020036812871694565,0.014854944311082363,0.20017313957214355,0.05171872302889824,-7.5809807777404785,-2.143979549407959,7.878319263458252,False
train,0.025630339980125427,0.02013346739113331,0.01405741460621357,0.19715316593647003,0.051649294793605804,-7.140013217926025,-2.0691258907318115,7.433779239654541,False
train,0.02604709193110466,0.020200705155730247,0.013289809226989746,0.1943085938692093,0.05157727375626564,-6.735199451446533,-1.994138240814209,7.024208068847656,False
train,0.026463845744729042,0.020276347175240517,0.012553472071886063,0.1916278898715973,0.05150280520319939,-6.349199295043945,-1.9130113124847412,6.631134510040283,False
test,0.026880599558353424,0.020167086273431778,0.01185223925858736,0.189108207821846,0.05142597854137421,-5.956712245941162,-1.820052981376648,6.228564262390137,False
train,0.027297353371977806,0.015607533976435661,0.01119210198521614,0.186758354306221,0.05134692043066025,-5.528144359588623,-1.7108750343322754,5.78683614730835,False
train,0.027714107185602188,0.0,0.010580471716821194,0.1845996081829071,0.05126577988266945,-5.033349990844727,-1.5828937292099,5.276378154754639,False
train,0.02813086099922657,0.0,0.010025450959801674,0.18266534805297852,0.05118265375494957,-4.445058345794678,-1.4354075193405151,4.671074390411377,False
train,0.028547614812850952,0.0,0.009535182267427444,0.18099965155124664,0.05109767988324165,-3.7420878410339355,-1.2693672180175781,3.9515204429626465,False
test,0.028964368626475334,0.0,0.009117010049521923,0.17965254187583923,0.05101100355386734,-2.9120917320251465,-1.086889624595642,3.1083126068115234,False
train,0.029381122440099716,0.0,0.00877740141004324,0.17867852747440338,0.05092272162437439,-1.9534493684768677,-0.8907665014266968,2.146958112716675,False
train,0.02979787439107895,0.0,0.008521618321537971,0.17812900245189667,0.05083299055695534,-0.8761242628097534,-0.6839559674263,1.111480712890625,False
train,0.03021462820470333,0.0,0.008353629149496555,0.17804984748363495,0.05074194073677063,0.29860979318618774,-0.4692309498786926,0.5561883449554443,False
train,0.030631382018327713,0.0,0.008276444859802723,0.17847497761249542,0.05064968392252922,1.5392701625823975,-0.24905666708946228,1.5592888593673706,False
test,0.031048135831952095,0.0,0.008292042650282383,0.1794242560863495,0.05055636912584305,2.806279420852661,-0.025634393095970154,2.806396484375,False
train,0.03146488592028618,0.0,0.008401544764637947,0.1808992177248001,0.05046211555600166,4.054296016693115,0.19882771372795105,4.059168338775635,False
train,0.03188164159655571,0.0,0.008605081588029861,0.18288230895996094,0.05036706477403641,5.235315799713135,0.4217962920665741,5.252279758453369,False
train,0.03229839354753494,0.0,0.008901583962142467,0.18533536791801453,0.05027134716510773,6.301828384399414,0.6401057839393616,6.334254264831543,False
train,0.032715149223804474,0.0,0.009288487955927849,0.18820174038410187,0.05017508193850517,7.210803508758545,0.849820613861084,7.260707855224609,False
test,0.03313190117478371,0.0,0.009761380031704903,0.19140802323818207,0.05007840320467949,7.927624225616455,1.0463697910308838,7.9963812828063965,False
train,0.03354865312576294,0.0,0.010313984006643295,0.19486917555332184,0.049981437623500824,8.430061340332031,1.225080132484436,8.5186128616333,False
train,0.03396540880203247,0.0,0.010938014835119247,0.19849392771720886,0.04988432303071022,8.711483001708984,1.3819646835327148,8.820417404174805,False
train,0.034382160753011703,0.0,0.011623888276517391,0.2021915167570114,0.049787167459726334,8.782841682434082,1.5147870779037476,8.91251277923584,False
train,0.034798916429281235,0.0,0.012361551634967327,0.20588022470474243,0.04969010874629021,8.672712326049805,1.6240893602371216,8.823469161987305,False
test,0.03521566838026047,0.0,0.01314192172139883,0.20949289202690125,0.04959326609969139,8.425265312194824,1.713940143585205,8.597829818725586,False
train,0.03563242405653,0.0,0.013958411291241646,0.21298351883888245,0.04949675127863884,8.096080780029297,1.7921502590179443,8.29206371307373,False
train,0.03604917600750923,0.0,0.014808183535933495,0.21633076667785645,0.049400702118873596,7.746530532836914,1.8698337078094482,7.969003200531006,False
train,0.03646593168377876,0.0,0.015693847090005875,0.21953901648521423,0.04930521547794342,7.437352180480957,1.9605463743209839,7.691420555114746,False
train,0.036882683634757996,0.0,0.016623692587018013,0.22263644635677338,0.04921041056513786,7.222413063049316,2.0789566040039062,7.5156707763671875,False
test,0.03729943558573723,0.0,0.017612390220165253,0.22567172348499298,0.04911641404032707,7.1434783935546875,2.2395758628845215,7.4863200187683105,False
train,0.03771619126200676,0.0,0.018680257722735405,0.2287074774503708,0.049023307859897614,7.226337432861328,2.4554924964904785,7.632129192352295,False
train,0.03813294321298599,0.0,0.01985263079404831,0.2318129539489746,0.04893123358488083,7.478367328643799,2.737302541732788,7.963592529296875,False
train,0.038549698889255524,0.0,0.021158680319786072,0.23505733907222748,0.04884025454521179,7.887405872344971,3.0919387340545654,8.471792221069336,False
train,0.038966450840234756,0.0,0.022629231214523315,0.23849989473819733,0.048750508576631546,8.42156982421875,3.5211901664733887,9.128067970275879,False
test,0.03938320651650429,0.0,0.0242947805672884,0.24218283593654633,0.048662081360816956,9.03007698059082,4.0197649002075195,9.884371757507324,False
train,0.03979995846748352,0.0,0.02618148922920227,0.2461235672235489,0.04857505112886429,9.645384788513184,4.57262659072876,10.674378395080566,False
train,0.04021671414375305,0.0,0.02830682322382927,0.250308632850647,0.048489537090063095,10.187424659729004,5.152286529541016,11.416202545166016,False
train,0.040633466094732285,0.0,0.030673736706376076,0.25468969345092773,0.048405617475509644,10.5702486038208,5.716695785522461,12.01710319519043,False
train,0.04105021804571152,0.0,0.0332646481692791,0.25918281078338623,0.0483233779668808,10.711743354797363,6.209390163421631,12.381356239318848,False
test,0.04146697372198105,0.0,0.036035921424627304,0.2636728286743164,0.04824289679527283,10.545031547546387,6.563286304473877,12.420724868774414,False
train,0.04188372567296028,0.0,0.03891516849398613,0.2680218517780304,0.04816427081823349,10.02999210357666,6.709518909454346,12.067243576049805,False
train,0.042300477623939514,0.0,0.04180317372083664,0.27208226919174194,0.048087555915117264,9.161879539489746,6.5904083251953125,11.285987854003906,False
train,0.04271722957491875,0.0,0.04458118602633476,0.275712788105011,0.04801282659173012,7.974830627441406,6.173759937286377,10.085297584533691,False
train,0.04313398525118828,0.0,0.04712478443980217,0.27879393100738525,0.047940175980329514,6.538514614105225,5.464407444000244,8.521263122558594,False
test,0.04355073720216751,0.0,0.04931987449526787,0.2812410295009613,0.04786963760852814,4.949522972106934,4.508026123046875,6.694779872894287,False
train,0.04396749287843704,0.0,0.05107918381690979,0.2830134332180023,0.04780130833387375,3.319193124771118,3.385849714279175,4.741415500640869,False
train,0.044384244829416275,0.0,0.0523543544113636,0.28411751985549927,0.04773521423339844,1.7610434293746948,2.201497793197632,2.8191959857940674,False
train,0.044801000505685806,0.0,0.05314236506819725,0.28460583090782166,0.04767142981290817,0.38013720512390137,1.063832402229309,1.1297096014022827,False
train,0.04521775245666504,0.0,0.05348311364650726,0.2845713496208191,0.04761001095175743,-0.7349047660827637,0.07062232494354248,0.7382903099060059,False
test,0.04563450440764427,0.0,0.05345353111624718,0.2841395139694214,0.047550998628139496,-1.5172065496444702,-0.7031805515289307,1.6722376346588135,False
train,0.0460512600839138,0.0,0.05315549299120903,0.2834586799144745,0.04749443382024765,-1.9245779514312744,-1.2113081216812134,2.2740421295166016,False
train,0.046468012034893036,0.0,0.052704405039548874,0.28268963098526,0.047440361231565475,-1.9402040243148804,-1.4359437227249146,2.41377854347229,False
train,0.04688476771116257,0.0,0.052217718213796616,0.2819945514202118,0.04738882556557655,-1.5718927383422852,-1.3831745386123657,2.0938048362731934,False
train,0.0473015196621418,0.0,0.05180683359503746,0.281528115272522,0.047339845448732376,-0.849991500377655,-1.076512336730957,1.3716284036636353,False
test,0.04771827533841133,0.0,0.051570672541856766,0.28142762184143066,0.047293465584516525,0.17527037858963013,-0.5504019260406494,0.5776348114013672,False
train,0.048135027289390564,0.0,0.051592618227005005,0.28180626034736633,0.04724970832467079,1.436347484588623,0.1541557013988495,1.4445961713790894,False
train,0.048551782965660095,0.0,0.05193772166967392,0.28274548053741455,0.047208596020936966,2.850743293762207,0.9918222427368164,3.0183520317077637,False
train,0.04896853491663933,0.0,0.05265168845653534,0.2842899262905121,0.04717015475034714,4.323842525482178,1.912778377532959,4.728037357330322,False
train,0.04938528686761856,0.0,0.05375775322318077,0.2864427864551544,0.047134388238191605,5.752656936645508,2.861382484436035,6.4249958992004395,False
test,0.049802038818597794,0.0,0.055255141109228134,0.28916364908218384,0.047101330012083054,7.031548500061035,3.774780035018921,7.980703830718994,False
train,0.050218794494867325,0.0,0.05711466446518898,0.2923685908317566,0.04707096517086029,8.059364318847656,4.582493782043457,9.271062850952148,False
train,0.05063554644584656,0.0,0.05927686765789986,0.29593411087989807,0.04704331234097481,8.748239517211914,5.208946704864502,10.181591987609863,False
train,0.05105230212211609,0.0,0.06165043264627457,0.29970431327819824,0.0470183826982975,9.031694412231445,5.57897424697876,10.615859031677246,False
train,0.05146905407309532,0.0,0.06411439925432205,0.303501158952713,0.04699615761637688,8.871664047241211,5.627073287963867,10.505730628967285,False
test,0.05188580974936485,0.0,0.0665244460105896,0.30713731050491333,0.04697664827108383,8.262726783752441,5.3088250160217285,9.821215629577637,False
train,0.052302561700344086,0.0,0.06872377544641495,0.3104307949542999,0.046959832310676575,7.2329607009887695,4.612351417541504,8.5784330368042,False
train,0.05271931737661362,0.0,0.0705593004822731,0.31321725249290466,0.046945713460445404,5.841686248779297,3.566504716873169,6.844359397888184,False
train,0.05313606932759285,0.0,0.07189875096082687,0.3153630495071411,0.04693426564335823,4.174226760864258,2.2429330348968506,4.738662242889404,False
train,0.05355282500386238,0.0,0.07264768332242966,0.31677424907684326,0.04692548140883446,2.3343758583068848,0.7497653961181641,2.4518277645111084,False
test,0.053969576954841614,0.0,0.07276181876659393,0.3174023926258087,0.046919338405132294,0.4358300566673279,-0.7821842432022095,0.8954105377197266,False
train,0.054386332631111145,0.0,0.0722530409693718,0.3172471225261688,0.046915799379348755,-1.4075424671173096,-2.2185912132263184,2.62741756439209,False
train,0.05480308085680008,0.0,0.07118654996156693,0.31635352969169617,0.046914856880903244,-3.0905609130859375,-3.4413626194000244,4.625423431396484,False
train,0.05521984025835991,0.0,0.06967009603977203,0.31480756402015686,0.046916473656892776,-4.525254249572754,-4.364078521728516,6.286740779876709,False
train,0.05563658848404884,0.0,0.06783995032310486,0.31272706389427185,0.046920619904994965,-5.646557331085205,-4.940311431884766,7.502685546875,False
test,0.05605334788560867,0.0,0.0658428743481636,0.3102516531944275,0.04692723974585533,-6.416391372680664,-5.163288593292236,8.23587417602539,False
train,0.05647009611129761,0.0,0.06382180750370026,0.3075309991836548,0.04693632200360298,-6.823989391326904,-5.059021949768066,8.494735717773438,False
train,0.05688685178756714,0.0,0.06190328299999237,0.30471351742744446,0.04694781452417374,-6.883853435516357,-4.675078392028809,8.32128620147705,False
train,0.05730360373854637,0.0,0.06019227206707001,0.3019377887248993,0.046961668878793716,-6.630886077880859,-4.069186210632324,7.779905319213867,False
train,0.057720355689525604,0.0,0.05876882001757622,0.2993241250514984,0.04697783663868904,-6.113744258880615,-3.2992124557495117,6.947134017944336,False
test,0.058137111365795135,0.0,0.05769053101539612,0.29697147011756897,0.04699628800153732,-5.388097286224365,-2.416713237762451,5.905259609222412,False
train,0.05855386331677437,0.0,0.05699528381228447,0.29495468735694885,0.04701694846153259,-4.510763645172119,-1.464120864868164,4.742429733276367,False
train,0.0589706189930439,0.0,0.056704819202423096,0.2933254837989807,0.04703977331519127,-3.536294937133789,-0.4750209450721741,3.568056344985962,False
train,0.05938737094402313,0.0,0.056828826665878296,0.2921137511730194,0.047064702957868576,-2.515963315963745,0.5230389833450317,2.5697550773620605,False
train,0.059804126620292664,0.0,0.05736580491065979,0.29132822155952454,0.04709167778491974,-1.498565673828125,1.5047087669372559,2.123640298843384,False
test,0.0602208748459816,0.0,0.058303505182266235,0.2909577190876007,0.04712063819169998,-0.531531572341919,2.4431943893432617,2.50034499168396,False
train,0.06063763424754143,0.0,0.059617817401885986,0.2909717857837677,0.04715151712298393,0.33897507190704346,3.307643175125122,3.324967384338379,False
train,0.06105438247323036,0.0,0.061270687729120255,0.2913208305835724,0.04718425124883652,1.0693856477737427,4.062315940856934,4.200713634490967,False
train,0.06147114187479019,0.0,0.06320849061012268,0.2919384241104126,0.04721876606345177,1.6218554973602295,4.668125152587891,4.941842555999756,False
train,0.061887890100479126,0.0,0.06536097824573517,0.29274410009384155,0.047255001962184906,1.9679280519485474,5.086292266845703,5.453724384307861,False
test,0.06230464577674866,0.0,0.06764286011457443,0.29364824295043945,0.047292884439229965,2.0921339988708496,5.283663272857666,5.682791709899902,False
train,0.06272140145301819,0.0,0.06995692849159241,0.2945574223995209,0.04733233526349068,1.9940884113311768,5.238582134246826,5.605277061462402,False
train,0.06313815712928772,0.0,0.07220067828893661,0.29538193345069885,0.04737327992916107,1.689142107963562,4.946381092071533,5.226842880249023,False
train,0.06355490535497665,0.0,0.07427345216274261,0.29604125022888184,0.047415636479854584,1.2066799402236938,4.4219841957092285,4.5836687088012695,False
train,0.06397166103124619,0.0,0.07608494162559509,0.29646942019462585,0.04745934531092644,0.5872502326965332,3.6997642517089844,3.7460803985595703,False
test,0.06438840925693512,0.0,0.07756265252828598,0.2966190576553345,0.04750430956482887,-0.12168048322200775,2.8299007415771484,2.8325154781341553,False
train,0.06480517238378525,0.0,0.07865706086158752,0.29646337032318115,0.047550443559885025,-0.8699705004692078,1.871816635131836,2.0641090869903564,False
train,0.06522192060947418,0.0,0.07934431731700897,0.29599618911743164,0.047597676515579224,-1.6085290908813477,0.8874593377113342,1.8371037244796753,False
train,0.06563867628574371,0.0,0.07962585240602493,0.2952311038970947,0.0476459264755249,-2.2925288677215576,-0.06571057438850403,2.2934703826904297,False
train,0.06605542451143265,0.0,0.07952480763196945,0.29419922828674316,0.0476951077580452,-2.8830134868621826,-0.9390052556991577,3.0320780277252197,False
test,0.06647218018770218,0.0,0.07908274233341217,0.2929464876651764,0.047745127230882645,-3.3480451107025146,-1.6950633525848389,3.752685070037842,False
train,0.06688893586397171,0.0,0.0783541202545166,0.2915302813053131,0.04779591038823128,-3.663266181945801,-2.308358907699585,4.329900741577148,False
train,0.06730569154024124,0.0,0.0774017795920372,0.2900168001651764,0.04784736782312393,-3.812312364578247,-2.764765739440918,4.709315776824951,False
train,0.06772243976593018,0.0,0.07629237323999405,0.28847745060920715,0.04789940267801285,-3.7874584197998047,-3.060600996017456,4.869509220123291,False
train,0.06813919544219971,0.0,0.07509155571460724,0.2869844138622284,0.047951940447092056,-3.590466260910034,-3.2018282413482666,4.810732841491699,False
test,0.06855595111846924,0.0,0.07386140525341034,0.2856074571609497,0.0480048805475235,-3.233151912689209,-3.203134298324585,4.551191329956055,False
train,0.06897269934415817,0.0,0.07265578210353851,0.28440913558006287,0.048058148473501205,-2.7374024391174316,-3.086637258529663,4.12561559677124,False
train,0.0693894550204277,0.0,0.07151802629232407,0.2834410071372986,0.04811164736747742,-2.1338911056518555,-2.8799891471862793,3.5843865871429443,False
train,0.06980620324611664,0.0,0.07047989964485168,0.2827405631542206,0.048165298998355865,-1.4593974351882935,-2.6135525703430176,2.9934091567993164,False
train,0.07022296637296677,0.0,0.06955970078706741,0.28232911229133606,0.04821900650858879,-0.7532082796096802,-2.317356586456299,2.4366912841796875,False
test,0.0706397145986557,0.0,0.06876450777053833,0.2822120785713196,0.04827269911766052,-0.05296190828084946,-2.0182547569274902,2.018949508666992,False
train,0.07105647027492523,0.0,0.06809090822935104,0.2823798656463623,0.048326276242733,0.6088770627975464,-1.7375202178955078,1.841115951538086,False
train,0.07147321850061417,0.0,0.06752815842628479,0.2828110456466675,0.04837964102625847,1.2077184915542603,-1.4895199537277222,1.9176167249679565,False
train,0.0718899741768837,0.0,0.06706071645021439,0.28347596526145935,0.048432737588882446,1.728070616722107,-1.2814395427703857,2.1513519287109375,False
train,0.07230672985315323,0.0,0.06667190790176392,0.2843399941921234,0.04848547652363777,2.1633460521698,-1.114100694656372,2.4333693981170654,False
test,0.07272348552942276,0.0,0.06634537875652313,0.285367876291275,0.04853774979710579,2.514704704284668,-0.9832143187522888,2.7000832557678223,False
train,0.0731402337551117,0.0,0.06606753170490265,0.28652605414390564,0.04858950152993202,2.7890431880950928,-0.8813448548316956,2.9249837398529053,False
train,0.07355698943138123,0.0,0.06582819670438766,0.2877841889858246,0.04864063486456871,2.9962289333343506,-0.8002234697341919,3.1012489795684814,False
train,0.07397374510765076,0.0,0.0656200498342514,0.2891165316104889,0.04869109019637108,3.146359443664551,-0.7327267527580261,3.2305519580841064,False
train,0.07439050078392029,0.0,0.0654386356472969,0.2905011475086212,0.048740778118371964,3.24727201461792,-0.6745722889900208,3.3165981769561768,False
test,0.07480724900960922,0.0,0.0652802512049675,0.29191821813583374,0.048789627850055695,3.3023111820220947,-0.6253427863121033,3.3609986305236816,False
train,0.07522400468587875,0.0,0.06514060497283936,0.293348491191864,0.04883754998445511,3.309386730194092,-0.5886291265487671,3.361327886581421,False
train,0.07564076036214828,0.0,0.0650131031870842,0.294770747423172,0.048884496092796326,3.261164665222168,-0.5710340738296509,3.310781717300415,False
train,0.07605751603841782,0.0,0.0648881196975708,0.2961592674255371,0.04893038794398308,3.146267890930176,-0.580510139465332,3.199373960494995,False
train,0.07647426426410675,0.0,0.0647529810667038,0.29748401045799255,0.048975151032209396,2.9521095752716064,-0.6239893436431885,3.0173354148864746,False
test,0.07689101994037628,0.0,0.06459243595600128,0.2987094223499298,0.049018725752830505,2.6679086685180664,-0.7049961090087891,2.7594847679138184,False
train,0.07730776816606522,0.0,0.06439120322465897,0.2997966706752777,0.04906105622649193,2.287832260131836,-0.8217868208885193,2.430948495864868,False
train,0.07772453129291534,0.0,0.06413523852825165,0.30070576071739197,0.0491020604968071,1.8137948513031006,-0.9664314389228821,2.0551986694335938,False
train,0.07814127951860428,0.0,0.06381595879793167,0.3013993799686432,0.04914170876145363,1.2563464641571045,-1.1253185272216797,1.6866381168365479,False
train,0.07855802774429321,0.0,0.06343083828687668,0.3018465042114258,0.04917993023991585,0.6344425678253174,-1.2811055183410645,1.4295973777770996,False
test,0.07897478342056274,0.0,0.06298461556434631,0.3020252585411072,0.04921666160225868,-0.027223989367485046,-1.415822982788086,1.4160847663879395,False
train,0.07939153909683228,0.0,0.06248951703310013,0.30192476511001587,0.04925188422203064,-0.7018308639526367,-1.5146039724349976,1.6693087816238403,False
train,0.0798082947731018,0.0,0.061962228268384933,0.301544725894928,0.04928552359342575,-1.3651635646820068,-1.568954348564148,2.079732894897461,False
train,0.08022504299879074,0.0,0.06142163276672363,0.3008936941623688,0.049317535012960434,-2.000016212463379,-1.5792179107666016,2.5483314990997314,False
train,0.08064179867506027,0.0,0.06088398024439812,0.2999853491783142,0.049347903579473495,-2.5993337631225586,-1.5555886030197144,3.0292558670043945,False
test,0.0810585543513298,0.0,0.06035969778895378,0.29883408546447754,0.04937657713890076,-3.167585849761963,-1.5172433853149414,3.512211322784424,False
train,0.08147531002759933,0.0,0.05984967201948166,0.29745006561279297,0.04940350726246834,-3.71946382522583,-1.490056037902832,4.006828784942627,False
train,0.08189205825328827,0.0,0.059343039989471436,0.2958357334136963,0.049428682774305344,-4.276730060577393,-1.5029946565628052,4.533145904541016,False
train,0.0823088139295578,0.0,0.05881713330745697,0.2939838171005249,0.04945206642150879,-4.86296272277832,-1.5834286212921143,5.114259719848633,False
train,0.08272556215524673,0.0,0.05823903530836105,0.291877806186676,0.04947362467646599,-5.497623443603516,-1.752097725868225,5.7700700759887695,False
test,0.08314232528209686,0.0,0.05756968632340431,0.2894953787326813,0.04949336498975754,-6.190605163574219,-2.0185132026672363,6.511373519897461,False
train,0.0835590735077858,0.0,0.056768469512462616,0.2868122458457947,0.04951123893260956,-6.937985420227051,-2.377565622329712,7.334061622619629,False
train,0.08397582918405533,0.0,0.055800724774599075,0.28380921483039856,0.04952725023031235,-7.720588684082031,-2.8084731101989746,8.215535163879395,False
train,0.08439257740974426,0.0,0.054642949253320694,0.28047817945480347,0.04954136162996292,-8.504731178283691,-3.276547431945801,9.114067077636719,False
train,0.0848093330860138,0.0,0.05328865721821785,0.2768274247646332,0.04955360293388367,-9.246125221252441,-3.738062858581543,9.973160743713379,False
test,0.08522608876228333,0.0,0.05174996703863144,0.2728850245475769,0.0495639406144619,-9.895238876342773,-4.146889686584473,10.729046821594238,False
train,0.08564284443855286,0.0,0.05005774274468422,0.2686994671821594,0.049572382122278214,-10.40405559539795,-4.462010383605957,11.320508003234863,False
train,0.08605959266424179,0.0,0.04825764521956444,0.26433828473091125,0.04957893118262291,-10.732490539550781,-4.65391206741333,11.698087692260742,False
train,0.08647634834051132,0.0,0.04640426114201546,0.2598823010921478,0.049583591520786285,-10.853554725646973,-4.708169460296631,11.830743789672852,False
train,0.08689310401678085,0.0,0.044555455446243286,0.255420982837677,0.04958637058734894,-10.756239891052246,-4.626168251037598,11.708890914916992,False
test,0.08730985969305038,0.0,0.04276522621512413,0.2510448098182678,0.04958726838231087,-10.446236610412598,-4.422761917114258,11.343926429748535,False
train,0.08772660791873932,0.0,0.041079409420490265,0.24683864414691925,0.049586325883865356,-9.944132804870605,-4.122344493865967,10.764734268188477,False
train,0.08814336359500885,0.0,0.039532411843538284,0.24287603795528412,0.04958353191614151,-9.282196998596191,-3.7543864250183105,10.01272201538086,False
train,0.08856011182069778,0.0,0.03814610838890076,0.23921549320220947,0.04957893118262291,-8.500442504882812,-3.349534034729004,9.136569023132324,False
train,0.08897686749696732,0.0,0.03692982345819473,0.23589791357517242,0.04957253113389015,-7.642815113067627,-2.9368817806243896,8.187667846679688,False
test,0.08939362317323685,0.0,0.035881407558918,0.23294532299041748,0.04956436902284622,-6.754293441772461,-2.542618989944458,7.2170209884643555,False
train,0.08981037139892578,0.0,0.034988436847925186,0.23036186397075653,0.04955447465181351,-5.878811359405518,-2.1894454956054688,6.273284435272217,False
train,0.09022712707519531,0.0,0.03422977775335312,0.22813299298286438,0.0495428740978241,-5.057751178741455,-1.8965686559677124,5.4016499519348145,False
train,0.09064388275146484,0.0,0.033577077090740204,0.22622817754745483,0.04952959716320038,-4.328243255615234,-1.6792263984680176,4.642573833465576,False
train,0.09106063842773438,0.0,0.032996807247400284,0.22460290789604187,0.04951469227671623,-3.720702886581421,-1.5477758646011353,4.029794216156006,False
test,0.09147738665342331,0.0,0.03245202824473381,0.22320157289505005,0.049498192965984344,-3.255425453186035,-1.5058356523513794,3.5868279933929443,False
train,0.09189414232969284,0.0,0.03190622478723526,0.22196288406848907,0.04948015138506889,-2.9388959407806396,-1.5485332012176514,3.321906805038452,False
train,0.09231089800596237,0.0,0.031327005475759506,0.22082650661468506,0.04946059733629227,-2.761059045791626,-1.66120183467865,3.2222721576690674,False
train,0.0927276536822319,0.0,0.030689850449562073,0.21973967552185059,0.04943959414958954,-2.695136308670044,-1.8202438354492188,3.252237319946289,False
train,0.09314440190792084,0.0,0.029981445521116257,0.21866375207901,0.04941718280315399,-2.700784921646118,-1.9960079193115234,3.35831618309021,False
test,0.09356115758419037,0.0,0.02920129895210266,0.21757866442203522,0.049393415451049805,-2.7303109169006348,-2.157778263092041,3.480029344558716,False
train,0.0939779058098793,0.0,0.028361160308122635,0.2164844572544098,0.04936835169792175,-2.7365927696228027,-2.279062509536743,3.5613291263580322,False
train,0.09439466893672943,0.0,0.027481749653816223,0.2153993546962738,0.04934203624725342,-2.6805171966552734,-2.34189510345459,3.5594444274902344,False
train,0.09481141716241837,0.0,0.026589497923851013,0.21435528993606567,0.049314528703689575,-2.5367226600646973,-2.3388476371765137,3.4503870010375977,False
train,0.0952281728386879,0.0,0.025711605325341225,0.2133912295103073,0.0492858923971653,-2.2961971759796143,-2.272717237472534,3.230752944946289,False
test,0.09564492106437683,0.0,0.024872470647096634,0.21254640817642212,0.049256183207035065,-1.966108798980713,-2.1542935371398926,2.9166016578674316,False
train,0.09606167674064636,0.0,0.024090617895126343,0.21185438334941864,0.049225468188524246,-1.567021369934082,-1.9992600679397583,2.540196180343628,False
train,0.0964784324169159,0.0,0.02337781712412834,0.21133793890476227,0.04919380322098732,-1.128530740737915,-1.825124979019165,2.145847797393799,False
train,0.09689518809318542,0.0,0.022738542407751083,0.21100673079490662,0.049161236733198166,-0.683854341506958,-1.6485207080841064,1.7847346067428589,False
train,0.09731193631887436,0.0,0.022170893847942352,0.21085643768310547,0.04912787675857544,-0.2645861506462097,-1.4833532571792603,1.5067657232284546,False
test,0.09772869199514389,0.0,0.021667933091521263,0.21087096631526947,0.04909374937415123,0.10355634987354279,-1.3397157192230225,1.3437120914459229,False
train,0.09814544767141342,0.0,0.02121930941939354,0.2110251635313034,0.049058932811021805,0.40295934677124023,-1.2236204147338867,1.2882635593414307,False
train,0.09856220334768295,0.0,0.02081300877034664,0.21128790080547333,0.04902350530028343,0.6244198083877563,-1.1373053789138794,1.2974450588226318,False
train,0.09897895157337189,0.0,0.020436780527234077,0.21162639558315277,0.048987507820129395,0.7655339241027832,-1.0800431966781616,1.3238335847854614,False
train,0.09939569979906082,0.0,0.02007899433374405,0.21200701594352722,0.048951033502817154,0.828432023525238,-1.048884630203247,1.3365846872329712,False
test,0.09981245547533035,0.0,0.0197297390550375,0.2123986929655075,0.04891413450241089,0.8181425333023071,-1.0393414497375488,1.3227198123931885,False
train,0.10022921860218048,0.0,0.019381146878004074,0.2127719223499298,0.04887688532471657,0.742279589176178,-1.0456069707870483,1.2822920083999634,False
train,0.10064596682786942,0.0,0.019028035923838615,0.21310189366340637,0.04883935675024986,0.6125739812850952,-1.0604428052902222,1.224657416343689,False
train,0.10106271505355835,0.0,0.01866869628429413,0.213369682431221,0.04880160838365555,0.44738948345184326,-1.074947714805603,1.164332389831543,False
train,0.10147947072982788,0.0,0.018305271863937378,0.2135656327009201,0.048763714730739594,0.2738666832447052,-1.0785984992980957,1.1128242015838623,False
test,0.10189623385667801,0.0,0.017944736406207085,0.21369388699531555,0.04872573912143707,0.12828633189201355,-1.0598324537277222,1.0675684213638306,False
train,0.10231298208236694,0.0,0.01759878359735012,0.21377450227737427,0.04868774488568306,0.053405359387397766,-1.007246971130371,1.0086617469787598,False
train,0.10272973030805588,0.0,0.01728355698287487,0.21384626626968384,0.048649806529283524,0.09248976409435272,-0.9111964702606201,0.9158784747123718,False
train,0.10314648598432541,0.013867760077118874,0.01701871119439602,0.2139645367860794,0.048611994832754135,0.2816264033317566,-0.7652615308761597,0.8154377341270447,False
train,0.10356324166059494,0.019414864480495453,0.016825644299387932,0.2141970992088318,0.04857434704899788,0.6424554586410522,-0.5669931769371033,0.8568723797798157,False
test,0.10397999733686447,0.019414864480495453,0.016726089641451836,0.21461628377437592,0.048536960035562515,1.1777307987213135,-0.3176397979259491,1.2198134660720825,False
train,0.1043967455625534,0.019372841343283653,0.016740696504712105,0.21529275178909302,0.04849987477064133,1.8712074756622314,-0.02108156681060791,1.871326208114624,False
train,0.10481349378824234,0.019372841343283653,0.01688818819820881,0.21628570556640625,0.04846317321062088,2.6909165382385254,0.31759458780288696,2.7095937728881836,False
train,0.10523025691509247,0.019414864480495453,0.01718520000576973,0.21763953566551208,0.048426900058984756,3.594158411026001,0.6932297945022583,3.6604020595550537,False
train,0.105647012591362,0.019372841343283653,0.01764616183936596,0.21937884390354156,0.04839111864566803,4.5323896408081055,1.1010900735855103,4.664220809936523,False
test,0.10606376081705093,0.019540935754776,0.01828380487859249,0.2215077131986618,0.04835587739944458,5.455172538757324,1.5368233919143677,5.667515754699707,False
train,0.10648050904273987,0.019372841343283653,0.01910889893770218,0.22400961816310883,0.04832126200199127,6.312880992889404,1.9957983493804932,6.620851993560791,False
train,0.10689727216959,0.019414864480495453,0.020130248740315437,0.2268473505973816,0.04828730598092079,7.058632850646973,2.472228765487671,7.47905158996582,False
train,0.10731402784585953,0.019372841343283653,0.021353377029299736,0.22996534407138824,0.04825406149029732,7.649633884429932,2.957911968231201,8.201594352722168,False
train,0.10773077607154846,0.019372841343283653,0.022780098021030426,0.23329077661037445,0.04822159186005592,8.048796653747559,3.441319465637207,8.753617286682129,False
test,0.1081475242972374,0.019372841343283653,0.02440635859966278,0.23673753440380096,0.04818994551897049,8.226398468017578,3.9065442085266113,9.106849670410156,False
train,0.10856428742408752,0.019414864480495453,0.026220466941595078,0.24020878970623016,0.0481591671705246,8.16232681274414,4.333037376403809,9.2411470413208,False
train,0.10898103564977646,0.019456887617707253,0.02820124849677086,0.24360164999961853,0.04812931269407272,7.849398136138916,4.696382999420166,9.147079467773438,False
train,0.10939779132604599,0.019414864480495453,0.030316848307847977,0.24681366980075836,0.04810041934251785,7.297171115875244,4.970972061157227,8.829455375671387,False
train,0.10981453955173492,0.019414864480495453,0.03252540901303291,0.24975062906742096,0.04807253181934357,6.535523891448975,5.13448429107666,8.311197280883789,False
test,0.11023128777742386,0.019372841343283653,0.03477729484438896,0.2523353397846222,0.04804570600390434,5.61538553237915,5.173476696014404,7.635274410247803,False
train,0.11064805090427399,0.019330818206071854,0.037020012736320496,0.25451549887657166,0.048019956797361374,4.605192184448242,5.088133811950684,6.862718105316162,False
train,0.11106480658054352,0.019456887617707253,0.03920426219701767,0.2562691867351532,0.04799535125494003,3.5818703174591064,4.893916130065918,6.064668655395508,False
train,0.11148155480623245,0.019372841343283653,0.041289713233709335,0.2576064169406891,0.047971900552511215,2.6178693771362305,4.618261814117432,5.308632850646973,False
train,0.11189830303192139,0.019372841343283653,0.04324929788708687,0.2585645020008087,0.0479496531188488,1.7687400579452515,4.293529033660889,4.643579483032227,False
test,0.11231506615877151,0.019540935754776,0.045068494975566864,0.25919845700263977,0.04792862758040428,1.0645394325256348,3.9480173587799072,4.089020252227783,False
train,0.11273182183504105,0.019372841343283653,0.046742625534534454,0.2595699429512024,0.047908857464790344,0.5078777074813843,3.5991485118865967,3.634805202484131,False
train,0.11314857006072998,0.019414864480495453,0.048271048814058304,0.2597367465496063,0.04789038375020027,0.077064648270607,3.2493133544921875,3.2502269744873047,False
train,0.11356531828641891,0.019372841343283653,0.04965154454112053,0.2597437798976898,0.047873228788375854,-0.26760178804397583,2.8857245445251465,2.8981056213378906,False
train,0.11398208141326904,0.019372841343283653,0.05087326467037201,0.2596161663532257,0.04785739257931709,-0.576127290725708,2.483381986618042,2.54933500289917,False
test,0.11439882963895798,0.019414864480495453,0.051913581788539886,0.25935879349708557,0.04784291982650757,-0.9005974531173706,2.0109519958496094,2.2034072875976562,False
train,0.11481558531522751,0.019414864480495453,0.05273691192269325,0.25895455479621887,0.047829825431108475,-1.2864279747009277,1.4392805099487305,1.9303951263427734,False
train,0.11523233354091644,0.019498910754919052,0.0532977394759655,0.2583710551261902,0.047818124294281006,-1.763777256011963,0.7510737180709839,1.91703462600708,False
train,0.11564909666776657,0.019372841343283653,0.05354715511202812,0.2575676739215851,0.04780782759189606,-2.3411242961883545,-0.050834447145462036,2.3416762351989746,False
train,0.1160658448934555,0.019372841343283653,0.05344260111451149,0.25650492310523987,0.047798946499824524,-3.003575086593628,-0.9397753477096558,3.1471638679504395,False
test,0.11648260056972504,0.019456887617707253,0.05295690894126892,0.25515422224998474,0.0477914921939373,-3.7164556980133057,-1.8682818412780762,4.159629821777344,False
train,0.11689934879541397,0.019372841343283653,0.05208578333258629,0.2535037100315094,0.04778547212481499,-4.432958126068115,-2.7767887115478516,5.230838775634766,False
train,0.1173161119222641,0.019372841343283653,0.050849974155426025,0.2515624165534973,0.04778089001774788,-5.103315830230713,-3.6052680015563965,6.248342990875244,False
train,0.11773286014795303,0.019372841343283653,0.04929409176111221,0.24935917556285858,0.047777753323316574,-5.682380676269531,-4.303528308868408,7.1280999183654785,False
train,0.11814961582422256,0.019414864480495453,0.04747955873608589,0.24693988263607025,0.047776058316230774,-6.134516716003418,-4.838043212890625,7.812743186950684,False
test,0.1185663640499115,0.019540935754776,0.04547853395342827,0.244362935423851,0.04777580499649048,-6.435622215270996,-5.194079875946045,8.270169258117676,False
train,0.11898312717676163,0.019372841343283653,0.04336531087756157,0.2416941076517105,0.04777699336409569,-6.573159694671631,-5.374331951141357,8.490575790405273,False
train,0.11939987540245056,0.019372841343283653,0.0412101149559021,0.23900240659713745,0.04777960851788521,-6.545035362243652,-5.394994258880615,8.481948852539062,False
train,0.1198166236281395,0.019414864480495453,0.039074480533599854,0.2363557517528534,0.047783657908439636,-6.358426094055176,-5.281412124633789,8.265766143798828,False
train,0.12023337930440903,0.019372841343283653,0.03700816258788109,0.2338172197341919,0.047789111733436584,-6.028350830078125,-5.063558578491211,7.872778415679932,False
test,0.12065012753009796,0.003067716723307967,0.035048145800828934,0.23144221305847168,0.04779597744345665,-5.576821327209473,-4.772524356842041,7.340158462524414,False
train,0.12106689065694809,0.0,0.03321878984570503,0.22927571833133698,0.04780421778559685,-5.032215118408203,-4.438067436218262,6.709666728973389,False
train,0.12148363888263702,0.0,0.031532563269138336,0.22734951972961426,0.047813836485147476,-4.428576946258545,-4.086968898773193,6.026243209838867,False
train,0.12190039455890656,0.0,0.02999141812324524,0.22568051517009735,0.04782481491565704,-3.804399013519287,-3.7420785427093506,5.336347579956055,False
train,0.12231714278459549,0.0,0.028589051216840744,0.2242688089609146,0.04783711954951286,-3.2008278369903564,-3.421849012374878,4.685546875,False
test,0.12273390591144562,0.0,0.027312234044075012,0.22309717535972595,0.04785074293613434,-2.6582987308502197,-3.1396236419677734,4.113853454589844,False
train,0.12315065413713455,0.0,0.02614334225654602,0.22213226556777954,0.04786564037203789,-2.212420701980591,-2.9032671451568604,3.6501731872558594,False
train,0.12356740981340408,0.0,0.025062769651412964,0.2213285267353058,0.04788180813193321,-1.8883988857269287,-2.7145376205444336,3.3067755699157715,False
train,0.12398415803909302,0.0,0.024051444604992867,0.22063258290290833,0.04789920151233673,-1.6962051391601562,-2.5690112113952637,3.0784623622894287,False
train,0.12440092116594315,0.0,0.02309325896203518,0.21999014914035797,0.04791780561208725,-1.6269173622131348,-2.456501007080078,2.946397304534912,False
test,0.12481766939163208,0.0,0.022177377715706825,0.2193554788827896,0.04793757572770119,-1.652562141418457,-2.3627030849456787,2.883284091949463,False
train,0.1252344250679016,0.0,0.021299345418810844,0.21869781613349915,0.04795847833156586,-1.7294628620147705,-2.271432399749756,2.854898691177368,False
train,0.12565116584300995,0.0,0.020461369305849075,0.21800628304481506,0.047980502247810364,-1.8057454824447632,-2.1676924228668213,2.821277618408203,False
train,0.12606793642044067,0.0,0.019670991227030754,0.2172919511795044,0.048003584146499634,-1.830708384513855,-2.0402071475982666,2.7411563396453857,False
train,0.126484677195549,0.0,0.01893964596092701,0.2165851891040802,0.04802769422531128,-1.7639964818954468,-1.883126974105835,2.5802810192108154,False
test,0.12690143287181854,0.0,0.01827988773584366,0.21592967212200165,0.048052798956632614,-1.5816019773483276,-1.6960115432739258,2.3190343379974365,False
train,0.12731818854808807,0.0,0.017703596502542496,0.21537567675113678,0.048078857362270355,-1.277576208114624,-1.4827449321746826,1.957226037979126,False
train,0.1277349442243576,0.0,0.01722041517496109,0.21497225761413574,0.04810582473874092,-0.8616724014282227,-1.2495641708374023,1.5178570747375488,False
train,0.12815169990062714,0.0,0.016837311908602715,0.21476206183433533,0.04813366010785103,-0.3542350232601166,-1.0031981468200684,1.063902735710144,False
train,0.12856845557689667,0.0,0.016558578237891197,0.21477794647216797,0.0481623075902462,0.2189134657382965,-0.7496051788330078,0.7809168100357056,False
test,0.128985196352005,0.0,0.01638634130358696,0.21504174172878265,0.04819174483418465,0.8312857747077942,-0.49318963289260864,0.9665774703025818,False
train,0.12940196692943573,0.0,0.016321217641234398,0.21556469798088074,0.048221904784440994,1.4588301181793213,-0.23657986521720886,1.477888822555542,False
train,0.12981870770454407,0.0,0.016363179311156273,0.21634897589683533,0.04825274646282196,2.081913471221924,0.019271135330200195,2.082002639770508,False
train,0.1302354633808136,0.0,0.016512105241417885,0.2173895686864853,0.04828422889113426,2.6867761611938477,0.27515310049057007,2.700828790664673,False
train,0.13065221905708313,0.0,0.01676846481859684,0.21867695450782776,0.04831629991531372,3.2660255432128906,0.5334751605987549,3.309307813644409,False
test,0.13106895983219147,0.0,0.017134226858615875,0.22020037472248077,0.04834889993071556,3.8187785148620605,0.7983047366142273,3.9013278484344482,False
train,0.1314857304096222,0.0,0.017613306641578674,0.2219497412443161,0.0483819842338562,4.349937438964844,1.075345754623413,4.480884075164795,False
train,0.13190247118473053,0.0,0.018212351948022842,0.22391752898693085,0.04841550812125206,4.868679523468018,1.3717621564865112,5.0582380294799805,False
train,0.13231922686100006,0.0,0.018941091373562813,0.22610096633434296,0.04844941198825836,5.386319160461426,1.695885419845581,5.646986961364746,False
train,0.1327359825372696,0.0,0.01981314644217491,0.228502094745636,0.04848364740610123,5.913290023803711,2.0566020011901855,6.2607197761535645,False
test,0.13315273821353912,0.0,0.020845506340265274,0.23112602531909943,0.048518162220716476,6.455911636352539,2.4623775482177734,6.909565448760986,False
train,0.13356949388980865,0.0,0.022058648988604546,0.23397955298423767,0.04855291172862053,7.013204574584961,2.9200446605682373,7.5968217849731445,False
train,0.13398624956607819,0.0,0.023475080728530884,0.23706693947315216,0.048587825149297714,7.574498653411865,3.433063507080078,8.316186904907227,False
train,0.13440299034118652,0.0,0.025117667391896248,0.24038581550121307,0.04862285777926445,8.118633270263672,3.999730348587036,9.050416946411133,False
train,0.13481976091861725,0.0,0.027007656171917915,0.24392318725585938,0.048657968640327454,8.61524772644043,4.611505508422852,9.771821022033691,False
test,0.13523650169372559,0.0,0.029160255566239357,0.2476513534784317,0.048693083226680756,9.028237342834473,5.251485824584961,10.444480895996094,False
train,0.13565325736999512,0.0,0.03158256411552429,0.251528263092041,0.048728156834840775,9.32077407836914,5.894192218780518,11.028070449829102,False
train,0.13607001304626465,0.0,0.03426896408200264,0.25549641251564026,0.04876314848661423,9.460827827453613,6.506217002868652,11.482078552246094,False
train,0.13648676872253418,0.0,0.03719848021864891,0.2594870924949646,0.04879799485206604,9.425094604492188,7.048069477081299,11.768929481506348,False
train,0.1369035243988037,0.0,0.040333084762096405,0.2634243071079254,0.048832643777132034,9.201038360595703,7.477169513702393,11.85610294342041,False
test,0.13732026517391205,0.0,0.04361661523580551,0.267228364944458,0.04886703938245773,8.786293029785156,7.750789165496826,11.716384887695312,False
train,0.13773702085018158,0.0,0.046976130455732346,0.270821213722229,0.04890115186572075,8.186737060546875,7.829446315765381,11.327969551086426,False
train,0.1381537914276123,0.0,0.0503230020403862,0.27412790060043335,0.048934899270534515,7.414531230926514,7.680087566375732,10.675158500671387,False
train,0.13857053220272064,0.0,0.05355662852525711,0.2770797312259674,0.04896825924515724,6.487922668457031,7.280518054962158,9.751875877380371,False
train,0.13898728787899017,0.0,0.056571148335933685,0.2796177268028259,0.04900117591023445,5.431227684020996,6.623841762542725,8.565834045410156,False
test,0.1394040435552597,0.0,0.0592605397105217,0.28169357776641846,0.04903358966112137,4.275958061218262,5.7225775718688965,7.143648147583008,False
train,0.13982079923152924,0.0,0.061529312282800674,0.2832740843296051,0.04906546324491501,3.0600221157073975,4.610374450683594,5.5334696769714355,False
train,0.14023755490779877,0.0,0.06329996883869171,0.28434252738952637,0.04909675195813179,1.8254663944244385,3.3399088382720947,3.8062210083007812,False
train,0.1406542956829071,0.0,0.0645194798707962,0.284900039434433,0.04912739619612694,0.6151881217956543,1.9772334098815918,2.0707266330718994,False
train,0.14107105135917664,0.0,0.0651642456650734,0.28496524691581726,0.04915737360715866,-0.5309011340141296,0.5936497449874878,0.7964144945144653,False
test,0.14148780703544617,0.0,0.06524013727903366,0.2845724821090698,0.04918663948774338,-1.5781517028808594,-0.7418076992034912,1.7438008785247803,False
train,0.1419045627117157,0.0,0.06477989256381989,0.2837688624858856,0.049215130507946014,-2.4984731674194336,-1.9689337015151978,3.1810483932495117,False
train,0.14232131838798523,0.0,0.06383906304836273,0.2826118767261505,0.04924282059073448,-3.2706079483032227,-3.0401742458343506,4.4653706550598145,False
train,0.14273805916309357,0.0,0.06248989328742027,0.2811664342880249,0.0492696687579155,-3.8801960945129395,-3.922841787338257,5.517663478851318,False
train,0.1431548148393631,0.0,0.0608145110309124,0.2795019745826721,0.04929565265774727,-4.321148872375488,-4.600656509399414,6.311764240264893,False
test,0.14357158541679382,0.0,0.05889919027686119,0.2776883840560913,0.04932071641087532,-4.59809684753418,-5.074635028839111,6.847949981689453,False
train,0.14398832619190216,0.0,0.05682549625635147,0.2757904827594757,0.049344826489686966,-4.729622840881348,-5.362926959991455,7.150546550750732,False
train,0.1444050818681717,0.0,0.05466410145163536,0.27386221289634705,0.049367960542440414,-4.7503981590271,-5.49912166595459,7.26681661605835,False
train,0.14482183754444122,0.0,0.05246952176094055,0.27193963527679443,0.049390073865652084,-4.709688186645508,-5.5270185470581055,7.261480331420898,False
train,0.14523859322071075,0.0,0.050277307629585266,0.27003714442253113,0.04941116273403168,-4.665018558502197,-5.493076324462891,7.20668363571167,False
test,0.14565534889698029,0.0,0.04810451716184616,0.2681441903114319,0.04943117871880531,-4.671523571014404,-5.437516689300537,7.168662071228027,False
train,0.14607208967208862,0.0,0.04595409333705902,0.2662303149700165,0.049450092017650604,-4.7695536613464355,-5.386452674865723,7.194616794586182,False
train,0.14648884534835815,0.0,0.043821655213832855,0.2642533481121063,0.049467891454696655,-4.973909378051758,-5.347585201263428,7.30318021774292,False
train,0.14690560102462769,0.0,0.041703902184963226,0.2621711790561676,0.04948454722762108,-5.267967224121094,-5.310306072235107,7.4800286293029785,False
train,0.14732235670089722,0.0,0.039604801684617996,0.25995540618896484,0.04950004070997238,-5.604925632476807,-5.250635623931885,7.68012809753418,False
test,0.14773911237716675,0.0,0.03753966838121414,0.25760194659233093,0.04951435700058937,-5.915980339050293,-5.139273643493652,7.836514472961426,False
train,0.14815585315227509,0.0,0.035535551607608795,0.25513750314712524,0.04952748864889145,-6.123743534088135,-4.950591564178467,7.874553203582764,False
train,0.1485726237297058,0.0,0.03362808749079704,0.2526201903820038,0.049539390951395035,-6.157837867736816,-4.669803142547607,7.728261470794678,False
train,0.14898937940597534,0.0,0.03185651823878288,0.25013408064842224,0.04955008625984192,-5.968084812164307,-4.296058654785156,7.353513240814209,False
train,0.14940612018108368,0.0,0.030257413163781166,0.2477777749300003,0.04955952987074852,-5.533287525177002,-3.8415074348449707,6.736055850982666,False
test,0.1498228758573532,0.0,0.028860218822956085,0.24565237760543823,0.04956773668527603,-4.86332368850708,-3.3273227214813232,5.892621994018555,False
train,0.15023963153362274,0.0,0.027684664353728294,0.24384887516498566,0.049574702978134155,-3.9956271648406982,-2.7788054943084717,4.866908073425293,False
train,0.15065638720989227,0.0,0.026739977300167084,0.24243851006031036,0.049580398947000504,-2.988023519515991,-2.2212209701538086,3.7231850624084473,False
train,0.1510731428861618,0.0,0.02602514997124672,0.24146494269371033,0.04958483576774597,-1.9101253747940063,-1.677201509475708,2.541964530944824,False
train,0.15148988366127014,0.0,0.025530565530061722,0.24094261229038239,0.04958802089095116,-0.8353641033172607,-1.165877342224121,1.4342604875564575,False
test,0.15190663933753967,0.0,0.025239501148462296,0.2408551722764969,0.04958994686603546,0.1665353626012802,-0.7028384804725647,0.7222990393638611,False
train,0.1523233950138092,0.0,0.02512919157743454,0.2411596179008484,0.049590613692998886,1.03541898727417,-0.3003976047039032,1.078114628791809,False
train,0.15274015069007874,0.0,0.025172555819153786,0.24179016053676605,0.04959002509713173,1.7264479398727417,0.03266212344169617,1.7267569303512573,False
train,0.15315690636634827,0.0,0.02533969283103943,0.24266700446605682,0.049588192254304886,2.2141828536987305,0.2918355464935303,2.233332395553589,False
train,0.1535736471414566,0.0,0.025599921122193336,0.24370378255844116,0.04958511143922806,2.4954380989074707,0.47804734110832214,2.5408151149749756,False
test,0.15399041771888733,0.0,0.025924010202288628,0.24481764435768127,0.04958081245422363,2.588679075241089,0.598438024520874,2.6569507122039795,False
train,0.15440717339515686,0.0,0.026287265121936798,0.24593746662139893,0.04957529902458191,2.530512809753418,0.6662338376045227,2.616746664047241,False
train,0.1548239141702652,0.0,0.02667124941945076,0.24700982868671417,0.04956856369972229,2.3689215183258057,0.6993337869644165,2.4699912071228027,False
train,0.15524066984653473,0.0,0.027065567672252655,0.24800217151641846,0.049560654908418655,2.1547040939331055,0.7175626754760742,2.271045207977295,False
train,0.15565742552280426,0.0,0.02746809646487236,0.2489023059606552,0.049551572650671005,1.9331386089324951,0.7394622564315796,2.0697412490844727,False
test,0.1560741811990738,0.0,0.027883341535925865,0.24971476197242737,0.049541328102350235,1.738293170928955,0.7796202898025513,1.9051170349121094,False
train,0.15649093687534332,0.0,0.028321174904704094,0.2504555881023407,0.04952995479106903,1.591249704360962,0.8474006056785583,1.8028210401535034,False
train,0.15690767765045166,0.0,0.02879408374428749,0.2511470317840576,0.049517467617988586,1.5025007724761963,0.9474034309387207,1.7762550115585327,False
train,0.15732444822788239,0.0,0.029315894469618797,0.2518143951892853,0.04950388893485069,1.4765121936798096,1.0811576843261719,1.8300246000289917,False
train,0.15774118900299072,0.0,0.02990073710680008,0.2524847090244293,0.04948924109339714,1.5158791542053223,1.2489014863967896,1.9640886783599854,False
test,0.15815794467926025,0.0,0.03056286834180355,0.2531854510307312,0.049473557621240616,1.6225284337997437,1.4506781101226807,2.1764800548553467,False
train,0.15857470035552979,0.0,0.03131626546382904,0.2539445459842682,0.049456845968961716,1.7964880466461182,1.6861140727996826,2.463808059692383,False
train,0.15899145603179932,0.0,0.03217479959130287,0.25478968024253845,0.049439143389463425,2.0329110622406006,1.9536652565002441,2.8194921016693115,False
train,0.15940821170806885,0.0,0.03315115347504616,0.2557443380355835,0.049420494586229324,2.3200693130493164,2.249541997909546,3.2315878868103027,False
train,0.15982496738433838,0.0,0.03425595909357071,0.2568261921405792,0.04940090700984001,2.639490842819214,2.5672829151153564,3.6820991039276123,False
test,0.16024170815944672,0.0,0.03549651429057121,0.2580440938472748,0.04938043653964996,2.967766523361206,2.897688865661621,4.147799491882324,False
train,0.16065847873687744,0.0,0.03687577694654465,0.25939619541168213,0.04935908690094948,3.2795400619506836,3.2291765213012695,4.6024956703186035,False
train,0.16107521951198578,0.0,0.03839154168963432,0.26087066531181335,0.04933689534664154,3.550267457962036,3.548156261444092,5.019343852996826,False
train,0.1614919751882553,0.0,0.040035322308540344,0.262445330619812,0.04931391030550003,3.75808048248291,3.8393306732177734,5.372488021850586,False
train,0.16190873086452484,0.0,0.04179232940077782,0.26409074664115906,0.04929015412926674,3.884861946105957,4.085898399353027,5.637970924377441,False
test,0.16232547163963318,0.0,0.043640077114105225,0.2657693028450012,0.049265678972005844,3.916543483734131,4.269872665405273,5.7940592765808105,False
train,0.1627422422170639,0.0,0.04554881155490875,0.26743990182876587,0.04924049228429794,3.843195676803589,4.372721195220947,5.821584701538086,False
train,0.16315898299217224,0.0,0.04748062044382095,0.2690567672252655,0.04921465739607811,3.6587886810302734,4.376397609710693,5.704348564147949,False
train,0.16357573866844177,0.0,0.049390967935323715,0.2705734372138977,0.049188196659088135,3.361130952835083,4.2646894454956055,5.429988861083984,False
train,0.1639924943447113,0.0,0.05122866481542587,0.27194249629974365,0.049161139875650406,2.951148509979248,4.024445056915283,4.99053430557251,False
test,0.16440925002098083,0.0,0.05293819680809975,0.2731180191040039,0.0491335354745388,2.432559013366699,3.6469106674194336,4.383754253387451,False
train,0.16482600569725037,0.0,0.054461248219013214,0.27405571937561035,0.04910542070865631,1.8113586902618408,3.128927707672119,3.615412712097168,False
train,0.1652427613735199,0.0,0.05573989078402519,0.27471479773521423,0.049076832830905914,1.0959807634353638,2.4742095470428467,2.706083297729492,False
train,0.16565950214862823,0.0,0.05671921372413635,0.27505791187286377,0.049047816544771194,0.2983763813972473,1.6950465440750122,1.7211074829101562,False
train,0.16607627272605896,0.0,0.057351693511009216,0.27505457401275635,0.04901839420199394,-0.563489556312561,0.814604640007019,0.9905055165290833,False
test,0.1664930135011673,0.0,0.057602107524871826,0.2746831774711609,0.048988599330186844,-1.4621098041534424,-0.13044807314872742,1.467917561531067,False
train,0.16690976917743683,0.0,0.057453520596027374,0.2739362120628357,0.04895849525928497,-2.357999086380005,-1.0894815921783447,2.5975236892700195,False
train,0.16732652485370636,0.0,0.05691283941268921,0.27282553911209106,0.04892810061573982,-3.1976158618927,-1.9991329908370972,3.771111249923706,False
train,0.1677432805299759,0.0,0.0560150183737278,0.27138763666152954,0.048897452652454376,-3.915567398071289,-2.789278984069824,4.807467937469482,False
train,0.16816003620624542,0.0,0.054824214428663254,0.26968833804130554,0.048866596072912216,-4.439826488494873,-3.39223313331604,5.587423801422119,False
test,0.16857677698135376,0.0,0.053430426865816116,0.2678230404853821,0.04883556440472603,-4.701817512512207,-3.7539877891540527,6.016602993011475,False
train,0.1689935326576233,0.0,0.05194137617945671,0.26591289043426514,0.048804402351379395,-4.647160530090332,-3.843343496322632,6.030538082122803,False
train,0.16941030323505402,0.0,0.0504721961915493,0.2640966773033142,0.04877312481403351,-4.246861457824707,-3.656777858734131,5.604271411895752,False
train,0.16982704401016235,0.0,0.049134187400341034,0.26251938939094543,0.04874178767204285,-3.504484176635742,-3.2171928882598877,4.757282733917236,False
train,0.17024379968643188,0.0,0.048024509102106094,0.26131659746170044,0.048710424453020096,-2.4575998783111572,-2.567549467086792,3.5541677474975586,False
test,0.17066055536270142,0.0,0.04721980169415474,0.26060235500335693,0.048679057508707047,-1.1739654541015625,-1.7625198364257812,2.117704153060913,False
train,0.17107731103897095,0.0,0.04677262157201767,0.2604571282863617,0.04864772409200668,0.25806865096092224,-0.8600174188613892,0.89790278673172,False
train,0.17149406671524048,0.0,0.04671236872673035,0.2609228491783142,0.04861646145582199,1.7417458295822144,0.08466088771820068,1.7438021898269653,False
train,0.17191080749034882,0.0,0.04704625904560089,0.2620013654232025,0.048585306853055954,3.184644937515259,1.022606611251831,3.3447999954223633,False
train,0.17232756316661835,0.0,0.04776287451386452,0.26365897059440613,0.048554275184869766,4.509400844573975,1.9130151271820068,4.89840030670166,False
test,0.17274431884288788,0.0,0.04883551597595215,0.26583418250083923,0.0485234260559082,5.660041809082031,2.7230679988861084,6.281016826629639,False
train,0.1731610745191574,0.0,0.05022550746798515,0.26844680309295654,0.04849275201559067,6.603816509246826,3.42750883102417,7.440310001373291,False
train,0.17357783019542694,0.0,0.051884450018405914,0.2714070975780487,0.048462312668561935,7.328167915344238,4.007315635681152,8.352282524108887,False
train,0.17399457097053528,0.0,0.05375741422176361,0.2746236026287079,0.0484321229159832,7.834673881530762,4.447858810424805,9.009193420410156,False
train,0.1744113266468048,0.0,0.055784206837415695,0.27800777554512024,0.04840221256017685,8.132352828979492,4.737328052520752,9.411559104919434,False
test,0.17482809722423553,0.0,0.05789961293339729,0.28147462010383606,0.04837260767817497,8.232419967651367,4.8655829429626465,9.562773704528809,False
train,0.17524483799934387,0.0,0.06003439798951149,0.2849438786506653,0.04834333062171936,8.146093368530273,4.824948787689209,9.467785835266113,False
train,0.1756615936756134,0.0,0.06211771070957184,0.28834059834480286,0.0483144111931324,7.885271072387695,4.6128458976745605,9.135416984558105,False
train,0.17607834935188293,0.0,0.06407902389764786,0.2915950119495392,0.04828585684299469,7.465275764465332,4.235500335693359,8.583111763000488,False
train,0.17649510502815247,0.0,0.06585267931222916,0.2946450412273407,0.04825771227478981,6.908198833465576,3.7117531299591064,7.842214107513428,False
test,0.176911860704422,0.0,0.06738410890102386,0.29743969440460205,0.04822998866438866,6.244368076324463,3.074618339538574,6.960273742675781,False
train,0.17732860147953033,0.0,0.06863468140363693,0.2999415993690491,0.04820270463824272,5.512197971343994,2.36983585357666,6.000037670135498,False
train,0.17774535715579987,0.0,0.06958772242069244,0.3021319508552551,0.048175886273384094,4.754307746887207,1.650125503540039,5.032529830932617,False
train,0.1781621128320694,0.0,0.07024744153022766,0.3040086030960083,0.048149529844522476,4.012939453125,0.967372715473175,4.127892017364502,False
train,0.17857886850833893,0.0,0.07063883543014526,0.30558621883392334,0.048123665153980255,3.323824882507324,0.36396777629852295,3.343693256378174,False
test,0.17899562418460846,0.0,0.07080060988664627,0.3068920075893402,0.04809832200407982,2.711535692214966,-0.13362622261047363,2.7148263454437256,False
train,0.1794123649597168,0.0,0.0707789734005928,0.30796054005622864,0.04807350039482117,2.186617374420166,-0.518119215965271,2.2471632957458496,False
train,0.17982913553714752,0.0,0.0706198513507843,0.30882859230041504,0.0480492077767849,1.7455500364303589,-0.80034339427948,1.9202849864959717,False
train,0.18024589121341705,0.0,0.07036028802394867,0.3095274865627289,0.0480254590511322,1.3731800317764282,-1.005208969116211,1.7017838954925537,False
train,0.1806626319885254,0.0,0.07002610713243484,0.31008169054985046,0.04800226539373398,1.0469622611999512,-1.165681004524231,1.56682550907135,False
test,0.18107938766479492,0.0,0.06962861865758896,0.3105051815509796,0.04797964170575142,0.7413095235824585,-1.3167767524719238,1.5111057758331299,False
train,0.18149614334106445,0.0,0.06916476786136627,0.3108014166355133,0.04795759916305542,0.4321962594985962,-1.4897981882095337,1.551222801208496,False
train,0.18191289901733398,0.0,0.06862013041973114,0.3109646439552307,0.04793613776564598,0.09924258291721344,-1.7090508937835693,1.7119299173355103,False
train,0.18232965469360352,0.0,0.06797152757644653,0.3109810948371887,0.0479152612388134,-0.2728275656700134,-1.9898831844329834,2.0084993839263916,False
train,0.18274639546871185,0.0,0.06719204783439636,0.31083250045776367,0.04789497330784798,-0.6950210332870483,-2.33851957321167,2.4396164417266846,False
test,0.18316315114498138,0.0,0.06625305861234665,0.31049591302871704,0.04787527769804001,-1.1759058237075806,-2.753732442855835,2.9942939281463623,False
train,0.18357990682125092,0.0,0.06512852013111115,0.3099454641342163,0.04785618931055069,-1.722769856452942,-3.2280428409576416,3.6589884757995605,False
train,0.18399666249752045,0.0,0.0637957900762558,0.30915209650993347,0.047837696969509125,-2.3427047729492188,-3.7494654655456543,4.421171188354492,False
train,0.18441341817378998,0.0,0.06223830208182335,0.30808374285697937,0.047819800674915314,-3.0417582988739014,-4.302157402038574,5.268857002258301,False
train,0.18483015894889832,0.0,0.06044720858335495,0.30670714378356934,0.04780251905322075,-3.822998285293579,-4.866354465484619,6.188434600830078,False
test,0.18524692952632904,0.0,0.058422233909368515,0.30498823523521423,0.04778582975268364,-4.683348655700684,-5.418015480041504,7.161609172821045,False
train,0.18566368520259857,0.0,0.0561743900179863,0.3028961420059204,0.047769732773303986,-5.609732627868652,-5.928468704223633,8.161852836608887,False
train,0.1860804259777069,0.0,0.053727276623249054,0.30040842294692993,0.04775422066450119,-6.576518535614014,-6.365646839141846,9.152708053588867,False
train,0.18649718165397644,0.0,0.05111813545227051,0.2975156009197235,0.04773930460214615,-7.544644355773926,-6.696920394897461,10.08813190460205,False
train,0.18691393733024597,0.0,0.04839717969298363,0.29422786831855774,0.04772496595978737,-8.463554382324219,-6.893308162689209,10.915559768676758,False
test,0.1873306930065155,0.0,0.04562501236796379,0.2905767261981964,0.04771120473742485,-9.277241706848145,-6.935360431671143,11.583024024963379,False
train,0.18774744868278503,0.0,0.04286745563149452,0.28661754727363586,0.0476979985833168,-9.932673454284668,-6.817498683929443,12.047252655029297,False
train,0.18816418945789337,0.0,0.0401894748210907,0.2824256122112274,0.04768536239862442,-10.389798164367676,-6.5506815910339355,12.28248119354248,False
train,0.1885809600353241,0.0,0.037647828459739685,0.2780875265598297,0.04767327010631561,-10.630163192749023,-6.1612629890441895,12.286640167236328,False
train,0.18899770081043243,0.0,0.035286176949739456,0.2736935317516327,0.04766172170639038,-10.661837577819824,-5.687129020690918,12.083800315856934,False
test,0.18941445648670197,0.0,0.0331307128071785,0.26932400465011597,0.04765070229768753,-10.519684791564941,-5.171754837036133,11.722235679626465,False
train,0.1898312121629715,0.0,0.031189624220132828,0.2650403082370758,0.04764019697904587,-10.259554862976074,-4.658017158508301,11.267457008361816,False
train,0.19024796783924103,0.0,0.029454126954078674,0.2608775794506073,0.047630198299884796,-9.948266983032227,-4.182901382446289,10.79188060760498,False
train,0.19066472351551056,0.0,0.02790224924683571,0.25684380531311035,0.04762068763375282,-9.650612831115723,-3.7734551429748535,10.36210823059082,False
train,0.1910814791917801,0.0,0.026503099128603935,0.25292181968688965,0.04761166498064995,-9.416380882263184,-3.444190263748169,10.026498794555664,False
test,0.19149821996688843,0.0,0.025222647935152054,0.2490793764591217,0.04760310426354408,-9.269242286682129,-3.195932626724243,9.804736137390137,False
train,0.19191499054431915,0.0,0.024029171094298363,0.24528047442436218,0.04759499058127403,-9.20167064666748,-3.016552448272705,9.683507919311523,False
train,0.1923317313194275,0.0,0.022898538038134575,0.24149936437606812,0.0475873164832592,-9.176053047180176,-2.883788824081421,9.618534088134766,False
train,0.19274848699569702,0.0,0.021816790103912354,0.23772959411144257,0.0475800596177578,-9.13326358795166,-2.7699735164642334,9.544069290161133,False
train,0.19316524267196655,0.0,0.02078196033835411,0.23399294912815094,0.047573212534189224,-9.006888389587402,-2.6481945514678955,9.388129234313965,False
test,0.1935819834470749,0.0,0.019801851361989975,0.23033633828163147,0.04756675660610199,-8.738505363464355,-2.497654438018799,9.088440895080566,False
train,0.19399875402450562,0.0,0.018891191110014915,0.2268277406692505,0.047560662031173706,-8.290732383728027,-2.3070976734161377,8.605751037597656,False
train,0.19441549479961395,0.0,0.018067436292767525,0.2235453724861145,0.04755492880940437,-7.653998374938965,-2.0751774311065674,7.930325031280518,False
train,0.19483225047588348,0.0,0.01734669879078865,0.2205645889043808,0.0475495383143425,-6.845736980438232,-1.8082953691482544,7.080540180206299,False
train,0.19524900615215302,0.0,0.016741575673222542,0.2179500311613083,0.0475444532930851,-5.904074668884277,-1.5172371864318848,6.095909118652344,False
test,0.19566576182842255,0.0,0.016259869560599327,0.21574711799621582,0.04753968492150307,-4.878020286560059,-1.2137820720672607,5.026763439178467,False
train,0.19608251750469208,0.0,0.015904542058706284,0.2139803171157837,0.047535188496112823,-3.817383289337158,-0.9081859588623047,3.923928737640381,False
train,0.1964992731809616,0.0,0.01567511074244976,0.2126552164554596,0.047530971467494965,-2.7646358013153076,-0.6077649593353271,2.8306517601013184,False
train,0.19691601395606995,0.0,0.015568610280752182,0.21176157891750336,0.047527000308036804,-1.7498127222061157,-0.3164042830467224,1.7781890630722046,False
train,0.19733276963233948,0.0,0.01558127161115408,0.21128001809120178,0.047523271292448044,-0.7885763645172119,-0.034659579396247864,0.789337694644928,False
test,0.197749525308609,0.0,0.0157095305621624,0.2111872136592865,0.0475197397172451,0.1163477897644043,0.2396445870399475,0.26639509201049805,False
train,0.19816629588603973,0.0,0.015951257199048996,0.21146073937416077,0.04751642420887947,0.9719384908676147,0.5106779336929321,1.0979328155517578,False
train,0.19858303666114807,0.0,0.016306286677718163,0.21208280324935913,0.047513268887996674,1.7899208068847656,0.7835900187492371,1.953926682472229,False
train,0.1989997923374176,0.0,0.016776617616415024,0.21303991973400116,0.047510284930467606,2.581912040710449,1.063567042350769,2.7923903465270996,False
train,0.19941654801368713,0.0,0.017366277053952217,0.21432308852672577,0.04750743880867958,3.354733467102051,1.3546751737594604,3.617924928665161,False
test,0.19983328878879547,0.0,0.018080461770296097,0.215924471616745,0.0475047267973423,4.107287406921387,1.6588913202285767,4.429642200469971,False
train,0.200250044465065,0.0,0.01892467588186264,0.21783366799354553,0.047502126544713974,4.829413414001465,1.9753085374832153,5.217765808105469,False
train,0.20066680014133453,0.0,0.019903356209397316,0.2200346440076828,0.04749961942434311,5.502566337585449,2.299635887145996,5.963770866394043,False
train,0.20108354091644287,0.0,0.02101837657392025,0.22250179946422577,0.04749719798564911,6.102020263671875,2.6239819526672363,6.6422834396362305,False
train,0.2015003263950348,0.0,0.022267760708928108,0.2251993864774704,0.04749482870101929,6.600214958190918,2.9371161460876465,7.224229335784912,False
test,0.20191706717014313,0.0,0.023643629625439644,0.22807814180850983,0.047492507845163345,6.9696245193481445,3.2248499393463135,7.679539203643799,False
train,0.20233382284641266,0.0,0.025132521986961365,0.23108042776584625,0.04749022051692009,7.186182498931885,3.4710960388183594,7.980584621429443,False
train,0.2027505785226822,0.0,0.026713412255048752,0.23413759469985962,0.047487951815128326,7.230642795562744,3.658700942993164,8.103597640991211,False
train,0.20316731929779053,0.0,0.028358368203043938,0.23717525601387024,0.04748568683862686,7.090578556060791,3.7710163593292236,8.030994415283203,False
train,0.20358407497406006,0.0,0.03003300167620182,0.24011564254760742,0.0474834069609642,6.761565685272217,3.793652057647705,7.753100395202637,False
test,0.2040008306503296,0.0,0.031697534024715424,0.24288031458854675,0.04748110845685005,6.248789310455322,3.7168242931365967,7.270636081695557,False
train,0.20441757142543793,0.0,0.033309455960989,0.24539579451084137,0.047478772699832916,5.5689592361450195,3.5380141735076904,6.59779167175293,False
train,0.20483432710170746,0.0,0.03482762724161148,0.24759811162948608,0.047476399689912796,4.750820636749268,3.264183282852173,5.764129638671875,False
train,0.20525109767913818,0.0,0.036215368658304214,0.24943776428699493,0.0474739670753479,3.8347246646881104,2.912648916244507,4.815458297729492,False
train,0.20566785335540771,0.0,0.037445344030857086,0.25088372826576233,0.047471459954977036,2.8696913719177246,2.509913921356201,3.812452793121338,False
test,0.20608460903167725,0.0,0.03850275278091431,0.25192639231681824,0.047468867152929306,1.9079006910324097,2.088071823120117,2.8284499645233154,False
train,0.20650134980678558,0.0,0.03938615694642067,0.2525774836540222,0.04746619611978531,0.9985149502754211,1.6794801950454712,1.9538899660110474,False
train,0.20691810548305511,0.0,0.04010707885026932,0.252867728471756,0.047463420778512955,0.18188340961933136,1.3116849660873413,1.324235200881958,False
train,0.20733486115932465,0.0,0.0406867079436779,0.2528422176837921,0.04746054857969284,-0.5142663717269897,1.0036709308624268,1.1277523040771484,False
train,0.20775160193443298,0.0,0.04115195572376251,0.25255417823791504,0.04745756462216377,-1.076093316078186,0.764258086681366,1.3198739290237427,False
test,0.20816835761070251,0.0,0.04153155907988548,0.2520603835582733,0.047454457730054855,-1.503090739250183,0.5926095247268677,1.615694284439087,False
train,0.20858512818813324,0.0,0.04185210540890694,0.2514148950576782,0.04745123162865639,-1.8059557676315308,0.480003297328949,1.868657112121582,False
train,0.20900188386440277,0.0,0.04213520884513855,0.2506657540798187,0.047447871416807175,-2.004666805267334,0.4116778075695038,2.046501398086548,False
train,0.2094186246395111,0.0,0.04239540547132492,0.2498508095741272,0.047444384545087814,-2.1267335414886475,0.36863431334495544,2.1584455966949463,False
train,0.20983538031578064,0.0,0.042638640850782394,0.24899494647979736,0.04744075983762741,-2.2054638862609863,0.32897064089775085,2.2298638820648193,False
test,0.21025213599205017,0.0,0.04286186024546623,0.24810908734798431,0.047436993569135666,-2.2782909870147705,0.2690563201904297,2.2941231727600098,False
train,0.2106688767671585,0.0,0.04305128753185272,0.24718743562698364,0.04743308201432228,-2.383859872817993,0.16522672772407532,2.3895790576934814,False
train,0.21108563244342804,0.0,0.04318402335047722,0.24620826542377472,0.047429028898477554,-2.558281660079956,-0.003924563527107239,2.5582847595214844,False
train,0.21150238811969757,0.0,0.04322933778166771,0.24513688683509827,0.04742484539747238,-2.830294609069824,-0.2544051706790924,2.841705322265625,False
train,0.2119191586971283,0.0,0.043151404708623886,0.24392859637737274,0.047420501708984375,-3.216137647628784,-0.5930593609809875,3.2703609466552734,False
test,0.21233591437339783,0.0,0.0429142490029335,0.24253560602664948,0.047416023910045624,-3.715123176574707,-1.0143771171569824,3.851116895675659,False
train,0.21275265514850616,0.0,0.04248680919408798,0.24091404676437378,0.047411397099494934,-4.308402061462402,-1.4991916418075562,4.5617876052856445,False
train,0.2131694108247757,0.0,0.04184857755899429,0.23903107643127441,0.0474066399037838,-4.960570812225342,-2.016242742538452,5.354670524597168,False
train,0.21358616650104523,0.0,0.040994152426719666,0.23687195777893066,0.04740173742175102,-5.6249237060546875,-2.526747465133667,6.166378021240234,False
train,0.21400290727615356,0.0,0.03993452712893486,0.23444239795207977,0.0473967120051384,-6.250626087188721,-2.9908840656280518,6.929337501525879,False
test,0.2144196629524231,0.0,0.03869614750146866,0.23176796734333038,0.047391559928655624,-6.7909650802612305,-3.3749823570251465,7.583384037017822,False
train,0.21483641862869263,0.0,0.037317655980587006,0.22889269888401031,0.04738627374172211,-7.20910120010376,-3.65610933303833,8.083209991455078,False
train,0.21525315940380096,0.0,0.03584444522857666,0.22587263584136963,0.047380879521369934,-7.481898307800293,-3.8244469165802,8.402689933776855,False
train,0.21566994488239288,0.0,0.03432292863726616,0.22277048230171204,0.04737537354230881,-7.60068416595459,-3.882530450820923,8.534895896911621,False
train,0.21608668565750122,0.0,0.03279745951294899,0.2196505218744278,0.047369759529829025,-7.569336414337158,-3.8422975540161133,8.488704681396484,False
test,0.21650344133377075,0.0,0.0313049778342247,0.21657226979732513,0.04736405983567238,-7.401538372039795,-3.7215912342071533,8.284503936767578,False
train,0.21692019701004028,0.0,0.029874932020902634,0.2135888934135437,0.047358255833387375,-7.117285251617432,-3.5408430099487305,7.949422836303711,False
train,0.21733693778514862,0.0,0.028528288006782532,0.21074391901493073,0.0473523885011673,-6.740118026733398,-3.320647954940796,7.513713836669922,False
train,0.21775369346141815,0.0,0.02727711945772171,0.20807090401649475,0.047346435487270355,-6.294844627380371,-3.0801169872283936,7.00800895690918,False
train,0.21817044913768768,0.0,0.026126619428396225,0.2055933028459549,0.047340426594018936,-5.8057050704956055,-2.8359830379486084,6.461347579956055,False
test,0.21858718991279602,0.0,0.0250754002481699,0.2033245861530304,0.047334376722574234,-5.294649600982666,-2.6018784046173096,5.8994140625,False
train,0.21900396049022675,0.0,0.024116910994052887,0.20126980543136597,0.047328267246484756,-4.779486179351807,-2.3878226280212402,5.342769622802734,False
train,0.21942071616649628,0.0,0.023241717368364334,0.19942842423915863,0.047322142869234085,-4.272886276245117,-2.200082302093506,4.806029319763184,False
train,0.2198374718427658,0.0,0.02243824675679207,0.19779501855373383,0.047315992414951324,-3.7811810970306396,-2.040898561477661,4.296812534332275,False
train,0.22025421261787415,0.0,0.02169475518167019,0.196363165974617,0.04730983451008797,-3.304654836654663,-1.9090359210968018,3.8164331912994385,False
test,0.22067096829414368,0.01621687412261963,0.02100074104964733,0.19512729346752167,0.047303687781095505,-2.8384103775024414,-1.8004071712493896,3.3612558841705322,False
train,0.2210877239704132,0.02740773744881153,0.020347727462649345,0.19408482313156128,0.04729755222797394,-2.374211072921753,-1.7091338634490967,2.9254088401794434,False
train,0.22150446474552155,0.0,0.01972999982535839,0.19323717057704926,0.04729145020246506,-1.9028111696243286,-1.628778338432312,2.5047173500061035,False
train,0.22192122042179108,0.0,0.01914427988231182,0.1925886571407318,0.04728538170456886,-1.416082739830017,-1.5533933639526367,2.101980209350586,False
train,0.2223379909992218,0.009085483849048615,0.0185895636677742,0.19214700162410736,0.047279369086027145,-0.9092807173728943,-1.4785258769989014,1.735750675201416,False
test,0.22275474667549133,0.024361032992601395,0.01806643046438694,0.19192096590995789,0.0472734272480011,-0.38241899013519287,-1.4016690254211426,1.4529006481170654,False
train,0.22317150235176086,0.0,0.017575807869434357,0.19191759824752808,0.047267571091651917,0.15940389037132263,-1.3222224712371826,1.3317965269088745,False
train,0.2235882431268692,0.0,0.017118852585554123,0.19214189052581787,0.0472618006169796,0.7061108350753784,-1.2412288188934326,1.4280201196670532,False
train,0.22400499880313873,0.0,0.01669577695429325,0.19259238243103027,0.04725613445043564,1.2437320947647095,-1.160709023475647,1.7012099027633667,False
train,0.22442175447940826,0.007543221116065979,0.01630602404475212,0.19326229393482208,0.04725060239434242,1.755584716796875,-1.0830451250076294,2.0627808570861816,False
test,0.2248384952545166,0.030895689502358437,0.015948059037327766,0.19413715600967407,0.047245196998119354,2.2239561080932617,-1.0103570222854614,2.4427037239074707,False
train,0.22525525093078613,0.026945479214191437,0.015619558282196522,0.19519537687301636,0.04723992943763733,2.6324820518493652,-0.943923830986023,2.7965967655181885,False
train,0.22567200660705566,0.029534127563238144,0.015317872166633606,0.19640907645225525,0.04723483696579933,2.968491792678833,-0.8838033676147461,3.0972652435302734,False
train,0.2260887771844864,0.0024373638443648815,0.015040716156363487,0.19774669408798218,0.04722989723086357,3.2254645824432373,-0.8287217617034912,3.3302254676818848,False
train,0.22650553286075592,0.0,0.014786465093493462,0.19917505979537964,0.04722515493631363,3.404304027557373,-0.7763372659683228,3.4917023181915283,False
test,0.22692227363586426,4.202351647109026e-06,0.014554603025317192,0.20066285133361816,0.047220613807439804,3.51265287399292,-0.724001407623291,3.586489677429199,False
train,0.2273390293121338,0.0,0.01434555184096098,0.20218338072299957,0.04721628502011299,3.5621044635772705,-0.6697495579719543,3.624521017074585,False
train,0.22775578498840332,0.0,0.014160245656967163,0.20371434092521667,0.04721216857433319,3.564211130142212,-0.6132333278656006,3.6165807247161865,False
train,0.22817252576351166,0.0,0.013999378308653831,0.20523801445960999,0.047208286821842194,3.5270912647247314,-0.5560752749443054,3.5706570148468018,False
train,0.2285892814397812,0.0,0.013862550258636475,0.20673874020576477,0.04720465838909149,3.4539616107940674,-0.5015829205513,3.4901912212371826,False
test,0.22900602221488953,0.0,0.013747789897024632,0.20820146799087524,0.047201287001371384,3.3440215587615967,-0.4538532793521881,3.3746798038482666,False
train,0.22942280769348145,0.0,0.013651489280164242,0.20961077511310577,0.047198183834552765,3.196319103240967,-0.41637319326400757,3.223324775695801,False
train,0.22983954846858978,0.0,0.013568957336246967,0.210951030254364,0.04719536006450653,3.0134832859039307,-0.390849232673645,3.038724184036255,False
train,0.23025630414485931,0.0,0.013495168648660183,0.2122092992067337,0.04719282314181328,2.8051955699920654,-0.3763207793235779,2.83032488822937,False
train,0.23067305982112885,0.0,0.013426312245428562,0.21337851881980896,0.0471905916929245,2.589407205581665,-0.36894699931144714,2.6155593395233154,False
test,0.23108980059623718,0.0,0.013360564596951008,0.21446079015731812,0.0471886582672596,2.391432285308838,-0.3624272346496582,2.4187397956848145,False
train,0.2315065562725067,0.0,0.013299103826284409,0.21546927094459534,0.04718705266714096,2.240593433380127,-0.34899306297302246,2.2676100730895996,False
train,0.23192331194877625,0.0,0.013246549293398857,0.21642984449863434,0.04718576371669769,2.1659388542175293,-0.32062625885009766,2.1895415782928467,False
train,0.23234005272388458,0.0,0.013210555538535118,0.21737970411777496,0.047184813767671585,2.1915605068206787,-0.2702324688434601,2.208158254623413,False
train,0.2327568382024765,0.0,0.013201535679399967,0.21836420893669128,0.047184210270643234,2.332291603088379,-0.19258074462413788,2.340229034423828,False
test,0.23317357897758484,0.0,0.013231473043560982,0.2194318175315857,0.047183942049741745,2.5903093814849854,-0.0849204808473587,2.591701030731201,False
train,0.23359033465385437,0.0,0.013313058763742447,0.22062942385673523,0.04718403145670891,2.9533209800720215,0.05285245180130005,2.953794002532959,False
train,0.2340070903301239,0.0,0.013458440080285072,0.2219959944486618,0.04718448221683502,3.3939037322998047,0.21810877323150635,3.400904893875122,False
train,0.23442383110523224,0.0,0.013678145594894886,0.22355538606643677,0.047185298055410385,3.8708713054656982,0.40563637018203735,3.8920669555664062,False
train,0.23484058678150177,0.0,0.0139799565076828,0.22531241178512573,0.0471864677965641,4.332651615142822,0.6078100800514221,4.375077247619629,False
test,0.2352573424577713,0.0,0.014368193224072456,0.22724905610084534,0.04718801751732826,4.722298622131348,0.8148430585861206,4.792084217071533,False
train,0.23567408323287964,0.0,0.014842518605291843,0.229323610663414,0.04718994349241257,4.984594345092773,1.0152084827423096,5.0869269371032715,False
train,0.23609083890914917,0.0,0.015397600829601288,0.23147250711917877,0.04719223827123642,5.0734944343566895,1.1964292526245117,5.212656497955322,False
train,0.2365076094865799,0.0,0.01602286659181118,0.23361736536026,0.04719492420554161,4.959228515625,1.3461791276931763,5.138690948486328,False
train,0.23692436516284943,0.0,0.016702914610505104,0.23567059636116028,0.04719797521829605,4.633349418640137,1.4537928104400635,4.856072425842285,False
test,0.23734110593795776,0.003000478958711028,0.017418358474969864,0.23754583299160004,0.04720140993595123,4.110606670379639,1.5119109153747559,4.379836082458496,False
train,0.2377578616142273,0.002744135679677129,0.018147775903344154,0.23916840553283691,0.04720522090792656,3.426657199859619,1.5176537036895752,3.747699499130249,False
train,0.23817461729049683,0.0019330817740410566,0.01886945404112339,0.2404811829328537,0.047209400683641434,2.632660388946533,1.4732201099395752,3.0168325901031494,False
train,0.23859135806560516,0.0025340181309729815,0.019563650712370872,0.24145010113716125,0.04721396416425705,1.7876524925231934,1.385521411895752,2.261718511581421,False
train,0.2390081137418747,0.003017288399860263,0.02021431364119053,0.24206657707691193,0.04721890017390251,0.9496548175811768,1.2647080421447754,1.581559658050537,False
test,0.23942486941814423,0.00157167948782444,0.020809855312108994,0.24234448373317719,0.04722420126199722,0.16897141933441162,1.1224054098129272,1.1350529193878174,False
train,0.23984163999557495,0.002773551968857646,0.021343616768717766,0.24231581389904022,0.04722984880208969,-0.516483724117279,0.9700171947479248,1.0989489555358887,False
train,0.24025839567184448,0.002815575571730733,0.02181329019367695,0.24202550947666168,0.0472358800470829,-1.0824363231658936,0.8174644708633423,1.3564352989196777,False
train,0.24067513644695282,0.00215580640360713,0.022220607846975327,0.24152657389640808,0.04724224656820297,-1.5174362659454346,0.6726135015487671,1.6598258018493652,False
train,0.24109189212322235,0.0023911381140351295,0.022569911554455757,0.24087393283843994,0.047248970717191696,-1.8202165365219116,0.5412305593490601,1.898978352546692,False
test,0.24150864779949188,0.0026054580230265856,0.022867588326334953,0.24012155830860138,0.04725602641701698,-1.997987151145935,0.4268004894256592,2.0430641174316406,False
train,0.24192538857460022,0.002597053302451968,0.02312094159424305,0.2393185943365097,0.047263409942388535,-2.0651907920837402,0.33033233880996704,2.091442823410034,False
train,0.24234214425086975,0.00235751923173666,0.02333722822368145,0.23850710690021515,0.04727112501859665,-2.0430922508239746,0.24990393221378326,2.058319091796875,False
train,0.24275889992713928,0.002286079339683056,0.023522157222032547,0.23771870136260986,0.047279149293899536,-1.9592311382293701,0.18054929375648499,1.9675326347351074,False
train,0.24317567050457,0.002660088473930955,0.02367877960205078,0.23697248101234436,0.0472874753177166,-1.8455002307891846,0.11464491486549377,1.8490577936172485,False
test,0.24359242618083954,0.002244055736809969,0.023806855082511902,0.23627419769763947,0.04729609936475754,-1.7343977689743042,0.043285444378852844,1.7349377870559692,False
train,0.24400916695594788,0.0023070911411195993,0.02390226349234581,0.23561662435531616,0.04730499908328056,-1.6536455154418945,-0.04172399640083313,1.6541718244552612,False
train,0.2444259226322174,0.002588648581877351,0.02395818941295147,0.23498307168483734,0.047314178198575974,-1.6206018924713135,-0.14548811316490173,1.6271193027496338,False
train,0.24484267830848694,0.0016010960098356009,0.023966655135154724,0.23435275256633759,0.04732360690832138,-1.6383984088897705,-0.26824936270713806,1.6602129936218262,False
train,0.24525941908359528,0.0,0.023920485749840736,0.2337060570716858,0.047333285212516785,-1.6957063674926758,-0.4049941897392273,1.7433991432189941,False
test,0.2456761747598648,0.0,0.023815657943487167,0.23303082585334778,0.04734319448471069,-1.7699428796768188,-0.5464112758636475,1.8523668050765991,False
train,0.24609293043613434,0.0,0.023652629926800728,0.2323259562253952,0.047353316098451614,-1.8328683376312256,-0.6809911727905273,1.9552890062332153,False
train,0.24650967121124268,0.0,0.023436693474650383,0.23160220682621002,0.04736363887786865,-1.8560898303985596,-0.7971208095550537,2.020017623901367,False
train,0.2469264417886734,0.0,0.02317778952419758,0.2308814376592636,0.04737415909767151,-1.8144270181655884,-0.8845086693763733,2.0185394287109375,False
train,0.24734319746494293,0.0,0.02288973145186901,0.23019525408744812,0.0473848395049572,-1.6866976022720337,-0.9344700574874878,1.928259015083313,False
test,0.24775995314121246,0.0,0.02258967235684395,0.2295834869146347,0.04739569127559662,-1.4546523094177246,-0.9396157264709473,1.731730580329895,False
train,0.2481766939163208,0.0,0.022297870367765427,0.2290930300951004,0.047406669706106186,-1.1012061834335327,-0.893191397190094,1.4179019927978516,False
train,0.24859344959259033,0.0,0.022037120535969734,0.22877813875675201,0.0474177785217762,-0.6093611121177673,-0.7886202335357666,0.9966157078742981,False
train,0.24901020526885986,0.0,0.021833162754774094,0.22869980335235596,0.04742898792028427,0.03730126470327377,-0.6194087266921997,0.6205308437347412,False
train,0.2494269460439682,0.0,0.021714312955737114,0.22892573475837708,0.04744028300046921,0.8528958559036255,-0.3791868984699249,0.9333884716033936,False
test,0.24984370172023773,0.0,0.021711718291044235,0.2295287698507309,0.047451652586460114,1.8468425273895264,-0.06173090636730194,1.8478739261627197,False
train,0.25026047229766846,0.0,0.02185887098312378,0.2305835634469986,0.047463078051805496,3.021528720855713,0.339402973651886,3.0405311584472656,False
train,0.250677227973938,0.0,0.022192474454641342,0.23216505348682404,0.04747452959418297,4.3707451820373535,0.8315842151641846,4.449151039123535,False
train,0.2510939836502075,0.0,0.02275237999856472,0.23434269428253174,0.04748600721359253,5.879904270172119,1.4242069721221924,6.049928665161133,False
train,0.25151073932647705,0.0,0.023583317175507545,0.23717911541461945,0.047497473657131195,7.526345252990723,2.129774570465088,7.821880340576172,False
test,0.2519274950027466,0.0,0.024735743179917336,0.24072545766830444,0.04750892147421837,9.280850410461426,2.964859962463379,9.742924690246582,False
train,0.2523442208766937,0.0,0.026268187910318375,0.2450195848941803,0.04752032831311226,11.108773231506348,3.9507288932800293,11.790382385253906,False
train,0.25276097655296326,0.0,0.028249414637684822,0.2500850260257721,0.04753166809678078,12.972395896911621,5.114078998565674,13.944062232971191,False
train,0.2531777322292328,0.0,0.030759602785110474,0.2559276223182678,0.04754292592406273,14.831398010253906,6.48646879196167,16.187793731689453,False
train,0.2535945177078247,0.0,0.03389418125152588,0.2625381052494049,0.047554098069667816,16.6456298828125,8.1049222946167,18.513961791992188,False
test,0.25401124358177185,0.0,0.03776361420750618,0.2698877453804016,0.04756515100598335,18.37615966796875,10.010765075683594,20.926029205322266,False
train,0.2544279992580414,0.0,0.04249804839491844,0.2779361307621002,0.04757605865597725,19.988903045654297,12.250785827636719,23.444358825683594,False
train,0.2548447549343109,0.0,0.048247501254081726,0.28662770986557007,0.04758681356906891,21.45571517944336,14.876445770263672,26.108549118041992,False
train,0.25526151061058044,0.0,0.05518409237265587,0.29589682817459106,0.047597385942935944,22.7573184967041,17.945096969604492,28.981409072875977,False
train,0.25567826628685,0.0,0.06350637227296829,0.30567288398742676,0.04760778322815895,23.885108947753906,21.52262306213379,32.15154266357422,False
test,0.2560950219631195,0.0,0.07344167679548264,0.3158833980560303,0.04761794954538345,24.842416763305664,25.68660545349121,35.73440170288086,False
train,0.25651174783706665,0.0,0.08525238186120987,0.32645899057388306,0.04762789607048035,25.644392013549805,30.53133201599121,39.87226104736328,False
train,0.2569285035133362,0.0,0.09924844652414322,0.33734259009361267,0.04763760045170784,26.317277908325195,36.17600631713867,44.73591995239258,True
train,0.2573452889919281,0.0,0.11579227447509766,0.3484862148761749,0.04764702916145325,26.8940486907959,42.766841888427734,50.52022171020508,True
train,0.25776204466819763,0.0,0.13531038165092468,0.3598555326461792,0.04765617102384567,27.408981323242188,50.47651672363281,57.43806076049805,True
test,0.25817880034446716,0.0,0.1583099514245987,0.3714316189289093,0.04766502231359482,27.890092849731445,59.496192932128906,65.7088623046875,True
train,0.2585955262184143,0.0,0.18537326157093048,0.3832034170627594,0.047673549503088,28.35066032409668,70.00556182861328,75.52839660644531,True
train,0.25901228189468384,0.0,0.217153400182724,0.3951627314090729,0.047681741416454315,28.782350540161133,82.12870025634766,87.02613067626953,True
train,0.25942903757095337,0.0,0.2543252408504486,0.4072906970977783,0.047689590603113174,29.151464462280273,95.8607177734375,100.19523620605469,True
train,0.2598457932472229,0.0,0.2975222170352936,0.4195496439933777,0.047697074711322784,29.40091896057129,110.9907455444336,114.81880950927734,True
test,0.26026254892349243,0.0,0.34723547101020813,0.4318748414516449,0.047704171389341354,29.45697593688965,127.02679443359375,130.3975372314453,True
train,0.26067930459976196,0.0,0.40368515253067017,0.4441695809364319,0.047710880637168884,29.241535186767578,143.15965270996094,146.1155548095703,True
train,0.2610960602760315,0.0,0.4666885733604431,0.45630523562431335,0.047717176377773285,28.68558692932129,158.29147338867188,160.86968994140625,True
train,0.261512815952301,0.0,0.5355661511421204,0.4681290090084076,0.04772306606173515,27.742326736450195,171.154541015625,173.38833618164062,True
train,0.26192957162857056,0.0,0.6091096997261047,0.47947588562965393,0.047728512436151505,26.39556884765625,180.4977569580078,182.4175567626953,True
test,0.2623463273048401,0.0,0.6856215596199036,0.49017879366874695,0.04773351177573204,24.661550521850586,185.2903289794922,186.92431640625,True
train,0.2627630829811096,0.0,0.7630606293678284,0.5000858306884766,0.047738056629896164,22.585519790649414,184.89083862304688,186.26519775390625,True
train,0.26317980885505676,0.0,0.8391978144645691,0.509066104888916,0.04774213954806328,20.23182487487793,179.11138916015625,180.25042724609375,True
train,0.2635965645313263,0.0,0.9118358492851257,0.5170199275016785,0.04774574562907219,17.672420501708984,168.1812286376953,169.10719299316406,True
train,0.2640133500099182,0.0,0.9789385795593262,0.5238772034645081,0.047748863697052,14.975919723510742,152.6344757080078,153.36740112304688,True
test,0.26443010568618774,0.0,1.0387070178985596,0.5295910835266113,0.04775148630142212,12.199352264404297,133.1641082763672,133.72174072265625,True
train,0.2648468315601349,0.0,1.0896613597869873,0.5341378450393677,0.04775362089276314,9.38249683380127,110.49523162841797,110.89286804199219,True
train,0.2652635872364044,0.0,1.1306180953979492,0.5375064015388489,0.04775523394346237,6.547431468963623,85.30233001708984,85.55323791503906,True
train,0.26568034291267395,0.0,1.1606541872024536,0.539691150188446,0.04775632917881012,3.7028706073760986,58.19538879394531,58.313072204589844,True
train,0.2660970985889435,0.0,1.1790928840637207,0.5406889319419861,0.047756921499967575,0.8504484295845032,29.747039794921875,29.759193420410156,False
test,0.266513854265213,0.0,1.1854965686798096,0.5404964685440063,0.04775698855519295,-2.0063636302948,0.5565783977508545,2.082132339477539,False
train,0.26693060994148254,0.9411166310310364,1.1797006130218506,0.5391151309013367,0.04775652289390564,-4.852480411529541,-28.67152214050293,29.079248428344727,False
train,0.2673473358154297,1.0,1.161862850189209,0.5365554690361023,0.04775553196668625,-7.653560638427734,-57.076072692871094,57.58693313598633,True
train,0.2677641212940216,0.0,1.1325289011001587,0.5328468084335327,0.04775399714708328,-10.353666305541992,-83.64989471435547,84.28821563720703,True
train,0.26818087697029114,0.0,1.092699408531189,0.5280476212501526,0.04775195196270943,-12.876429557800293,-107.29376220703125,108.06365966796875,True
test,0.26859763264656067,0.0,1.0438088178634644,0.5222488641738892,0.047749362885951996,-15.139150619506836,-126.99547576904297,127.89466094970703,True
train,0.2690143883228302,0.0,0.9876705408096313,0.5155744552612305,0.047746237367391586,-17.06922721862793,-142.0078125,143.0299835205078,True
train,0.26943111419677734,0.0,0.9263249635696411,0.5081742405891418,0.04774259403347969,-18.623258590698242,-152.01669311523438,153.1531982421875,True
train,0.2698478698730469,0.0,0.8618236780166626,0.5002050399780273,0.047738414257764816,-19.80030059814453,-157.20909118652344,158.4510955810547,True
train,0.2702646255493164,0.0,0.7960687875747681,0.4918178617954254,0.04773371294140816,-20.642356872558594,-158.1971435546875,159.53822326660156,True
test,0.27068138122558594,0.0,0.7306361794471741,0.48313775658607483,0.047728490084409714,-21.222820281982422,-155.8406982421875,157.27914428710938,True
train,0.27109816670417786,0.0,0.6667250990867615,0.4742548167705536,0.04772275313735008,-21.625598907470703,-151.0284881591797,152.5688934326172,True
train,0.271514892578125,0.0,0.60521000623703,0.46522951126098633,0.04771650955080986,-21.923908233642578,-144.51266479492188,146.16622924804688,True
train,0.27193164825439453,0.0,0.5466684699058533,0.4560925364494324,0.04770977050065994,-22.166196823120117,-136.8324432373047,138.61622619628906,True
train,0.27234840393066406,0.0,0.4915125370025635,0.446863055229187,0.04770252853631973,-22.370403289794922,-128.3290557861328,130.2642822265625,True
test,0.2727651596069336,0.0,0.44003549218177795,0.4375573992729187,0.047694798558950424,-22.5275936126709,-119.212646484375,121.32249450683594,True
train,0.2731819152832031,0.0,0.3924610912799835,0.4282008409500122,0.04768659174442291,-22.61081314086914,-109.64260864257812,111.94976806640625,True
train,0.27359867095947266,0.0,0.3489428460597992,0.41883113980293274,0.0476779080927372,-22.58562660217285,-99.78153991699219,102.30574798583984,True
train,0.2740153968334198,0.0,0.3095652163028717,0.4095004200935364,0.04766877740621567,-22.42058753967285,-89.82479095458984,92.58064270019531,True
train,0.2744321823120117,0.0,0.27431607246398926,0.4002707898616791,0.04765919968485832,-22.095304489135742,-79.9935531616211,82.98898315429688,True
test,0.27484893798828125,0.0,0.24309997260570526,0.39121153950691223,0.04764918237924576,-21.605329513549805,-70.51673889160156,73.75228881835938,True
train,0.2752656936645508,0.0,0.2157231867313385,0.382388710975647,0.04763874411582947,-20.96296501159668,-61.59836959838867,65.06769561767578,True
train,0.2756824195384979,0.0,0.1919213831424713,0.3738621473312378,0.04762789607048035,-20.194276809692383,-53.39469528198242,57.08591842651367,True
train,0.27609917521476746,0.0,0.17136915028095245,0.3656754493713379,0.04761665314435959,-19.33172035217285,-45.995296478271484,49.8927116394043,True
train,0.276515930891037,0.0,0.15372703969478607,0.35786235332489014,0.04760502278804779,-18.405277252197266,-39.424686431884766,43.50931167602539,True
test,0.2769326865673065,0.0,0.13865487277507782,0.35044506192207336,0.04759303107857704,-17.433168411254883,-33.64610290527344,37.89426803588867,False
train,0.27734944224357605,0.0,0.12583838403224945,0.343441903591156,0.04758068919181824,-16.415508270263672,-28.577472686767578,32.95664978027344,False
train,0.2777661979198456,0.0,0.11500425636768341,0.3368755877017975,0.047568004578351974,-15.333417892456055,-24.10995101928711,28.57277488708496,False
train,0.2781829535961151,0.0,0.10592532157897949,0.33077898621559143,0.04755501449108124,-14.152336120605469,-20.124935150146484,24.60287857055664,False
train,0.27859970927238464,0.0,0.09842514991760254,0.325202077627182,0.04754171893000603,-12.830415725708008,-16.508703231811523,20.908296585083008,False
test,0.2790164649486542,0.0,0.09237194061279297,0.3202124834060669,0.047528136521577835,-11.328794479370117,-13.160289764404297,17.364757537841797,False
train,0.2794332206249237,0.0,0.08767211437225342,0.31589069962501526,0.047514285892248154,-9.621509552001953,-9.995104789733887,13.873556137084961,False
train,0.27984997630119324,0.0,0.08426406234502792,0.3123246133327484,0.04750019311904907,-7.703621864318848,-6.944880485534668,10.371940612792969,False
train,0.2802667021751404,0.0,0.08211218565702438,0.30959856510162354,0.047485869377851486,-5.596349239349365,-3.956423759460449,6.853642463684082,False
train,0.2806834578514099,0.0,0.0811985433101654,0.3077813386917114,0.04747133329510689,-3.3484861850738525,-0.990210771560669,3.4918301105499268,False
test,0.28110021352767944,0.0,0.08152079582214355,0.3069181740283966,0.047456614673137665,-1.0364245176315308,1.9751675128936768,2.230574369430542,False
train,0.28151699900627136,0.0,0.08307848125696182,0.30701467394828796,0.04744170978665352,1.2400202751159668,4.9378557205200195,5.091175556182861,False
train,0.2819337546825409,0.0,0.08586419373750687,0.3080317974090576,0.04742666706442833,3.3623921871185303,7.86097526550293,8.54988956451416,False
train,0.28235048055648804,0.0,0.08984676748514175,0.30987972021102905,0.0474114865064621,5.203399658203125,10.661945343017578,11.863913536071777,False
train,0.28276723623275757,0.0,0.09494876116514206,0.31241434812545776,0.047396183013916016,6.6380133628845215,13.2030029296875,14.77777099609375,False
test,0.2831839919090271,0.0,0.1010231003165245,0.3154428005218506,0.047380805015563965,7.5567193031311035,15.289795875549316,17.055259704589844,False
train,0.28360074758529663,0.0,0.1078324019908905,0.31873220205307007,0.047365348786115646,7.87980318069458,16.686864852905273,18.453800201416016,False
train,0.28401750326156616,0.0,0.11503850668668747,0.3220248520374298,0.04734983295202255,7.5695929527282715,17.152135848999023,18.748186111450195,False
train,0.2844342589378357,0.0,0.12220905721187592,0.32505759596824646,0.04733428731560707,6.638350486755371,16.48882484436035,17.77495574951172,False
train,0.2848510146141052,0.0,0.1288500428199768,0.3275831937789917,0.04731873795390129,5.150464057922363,14.605369567871094,15.48690128326416,False
test,0.28526777029037476,0.0,0.13445937633514404,0.32939162850379944,0.04730319231748581,3.2197611331939697,11.56567096710205,12.00548267364502,False
train,0.2856845259666443,0.0,0.13860012590885162,0.330329567193985,0.04728767275810242,1.0002247095108032,7.609450817108154,7.6749067306518555,False
train,0.2861012816429138,0.0,0.14096719026565552,0.33031347393989563,0.04727219045162201,-1.3270542621612549,3.129713296890259,3.39943790435791,False
train,0.28651800751686096,0.0,0.14144043624401093,0.32933807373046875,0.047256797552108765,-3.5718841552734375,-1.3928461074829102,3.833846092224121,False
train,0.2869347631931305,0.0,0.1401027888059616,0.3274754285812378,0.04724147543311119,-5.556074142456055,-5.484490871429443,7.807022571563721,False
test,0.2873515188694,0.0,0.13721737265586853,0.3248666226863861,0.04722626879811287,-7.133960723876953,-8.76931381225586,11.304612159729004,False
train,0.28776827454566956,0.0,0.13317018747329712,0.32170191407203674,0.0472111813724041,-8.211071968078613,-11.034241676330566,13.754133224487305,False
train,0.2881850302219391,0.0,0.12839962542057037,0.3181995153427124,0.04719623178243637,-8.754384994506836,-12.24565601348877,15.053084373474121,False
train,0.2886017858982086,0.0,0.12332452833652496,0.3145776689052582,0.047181446105241776,-8.791895866394043,-12.520524978637695,15.299051284790039,False
train,0.28901854157447815,0.0,0.11829335987567902,0.31103262305259705,0.0471668504178524,-8.40219783782959,-12.070831298828125,14.707205772399902,False
test,0.2894352972507477,0.0,0.11355698853731155,0.30771997570991516,0.04715244844555855,-7.695858001708984,-11.141790390014648,13.541259765625,False
train,0.2898520529270172,0.0,0.10926665365695953,0.30474647879600525,0.04713825136423111,-6.794075965881348,-9.96298885345459,12.05904769897461,False
train,0.29026880860328674,0.0,0.10548596829175949,0.3021695613861084,0.04712429270148277,-5.80981969833374,-8.718626022338867,10.477044105529785,False
train,0.2906855642795563,0.0,0.10221397876739502,0.3000037670135498,0.047110576182603836,-4.834257125854492,-7.5369720458984375,8.95410442352295,False
train,0.2911022901535034,0.0,0.09940724074840546,0.2982308864593506,0.04709712788462639,-3.931189775466919,-6.492731094360352,7.590112686157227,False
test,0.29151904582977295,0.0,0.09700024127960205,0.29681259393692017,0.04708395525813103,-3.1370046138763428,-5.617563724517822,6.434113502502441,False
train,0.29193583130836487,0.0,0.09492165595293045,0.2956992983818054,0.04707106947898865,-2.4668688774108887,-4.913797378540039,5.498258590698242,False
train,0.2923525869846344,0.0,0.09310302138328552,0.2948392331600189,0.04705850034952164,-1.9232209920883179,-4.368880271911621,4.773457050323486,False
train,0.29276934266090393,0.0,0.09148062020540237,0.29417935013771057,0.047046247869729996,-1.5046087503433228,-3.967766046524048,4.243467330932617,False
train,0.2931860685348511,0.0,0.08999761193990707,0.2936679720878601,0.04703432694077492,-1.213179111480713,-3.7017319202423096,3.8954617977142334,False
test,0.2936028242111206,0.0,0.0885968878865242,0.2932497560977936,0.047022752463817596,-1.0585206747055054,-3.5726287364959717,3.7261431217193604,False
train,0.29401957988739014,0.0,0.08721927553415298,0.2928643226623535,0.04701152816414833,-1.0577250719070435,-3.5917255878448486,3.744232177734375,False
train,0.29443633556365967,0.0,0.08580028265714645,0.2924436032772064,0.04700067639350891,-1.2319204807281494,-3.774188995361328,3.9701550006866455,False
train,0.2948530912399292,0.0,0.08426938205957413,0.29191073775291443,0.046990204602479935,-1.5990033149719238,-4.129511833190918,4.428281784057617,False
train,0.29526984691619873,0.0,0.0825551226735115,0.29118314385414124,0.046980127692222595,-2.1663904190063477,-4.652288913726807,5.131962299346924,False
test,0.29568660259246826,0.0,0.08059210330247879,0.29017841815948486,0.0469704307615757,-2.9239342212677,-5.314223289489746,6.065505504608154,False
train,0.2961033582687378,0.0,0.07833313941955566,0.2888236343860626,0.04696114733815193,-3.8405823707580566,-6.062873840332031,7.176942825317383,False
train,0.2965201139450073,0.0,0.07575555145740509,0.2870618999004364,0.046952273696660995,-4.865171432495117,-6.8262410163879395,8.382568359375,False
train,0.29693686962127686,0.0,0.07287026941776276,0.28486189246177673,0.046943821012973785,-5.932456970214844,-7.525338172912598,9.582523345947266,False
train,0.297353595495224,0.0,0.06971954554319382,0.28222066164016724,0.0469357967376709,-6.971896648406982,-8.088688850402832,10.678680419921875,False
test,0.29777035117149353,0.0,0.06637034565210342,0.27916303277015686,0.046928200870752335,-7.91864538192749,-8.465907096862793,11.59208869934082,False
train,0.29818710684776306,0.0,0.06290628015995026,0.2757393717765808,0.04692104086279869,-8.721453666687012,-8.63476276397705,12.27285099029541,False
train,0.2986038625240326,0.0,0.05941358208656311,0.27201661467552185,0.04691431298851967,-9.347888946533203,-8.600605010986328,12.702496528625488,False
train,0.2990206480026245,0.0,0.05597170442342758,0.2680717408657074,0.04690802842378616,-9.784075736999512,-8.389223098754883,12.888258934020996,False
train,0.29943737387657166,0.0,0.052647944539785385,0.263985276222229,0.04690219461917877,-10.030190467834473,-8.036569595336914,12.85267162322998,False
test,0.2998541295528412,0.0,0.04949319362640381,0.2598346173763275,0.0468968003988266,-10.092218399047852,-7.577559947967529,12.620312690734863,False
train,0.3002708852291107,0.0,0.04654540866613388,0.25569504499435425,0.04689184948801994,-9.973753929138184,-7.038771152496338,12.207377433776855,False
train,0.30068764090538025,0.0,0.043834883719682693,0.25164321064949036,0.0468873493373394,-9.669759750366211,-6.435142993927002,11.615304946899414,False
train,0.3011043965816498,0.0,0.04138718172907829,0.24775907397270203,0.04688328877091408,-9.164457321166992,-5.770482063293457,10.829854011535645,False
train,0.3015211522579193,0.0,0.03922838717699051,0.24413098394870758,0.04687967523932457,-8.43478775024414,-5.041548728942871,9.826640129089355,False
test,0.30193787813186646,0.0,0.03738695755600929,0.24085810780525208,0.04687649756669998,-7.457383155822754,-4.242314338684082,8.579614639282227,False
train,0.3023546636104584,0.0,0.035892825573682785,0.23804627358913422,0.04687376692891121,-6.21546745300293,-3.3664305210113525,7.06858491897583,False
train,0.3027714192867279,0.0,0.034779999405145645,0.2358083426952362,0.04687146469950676,-4.706168174743652,-2.4088847637176514,5.286846160888672,False
train,0.30318817496299744,0.0,0.03408350422978401,0.23425298929214478,0.04686959460377693,-2.941481828689575,-1.3633426427841187,3.242070198059082,False
train,0.3036049008369446,0.0,0.03384225443005562,0.23348180949687958,0.04686814546585083,-0.9483913779258728,-0.2203793227672577,0.9736596941947937,False
test,0.3040216565132141,0.0,0.034100089222192764,0.23358231782913208,0.046867117285728455,1.2345268726348877,1.0351803302764893,1.6111036539077759,False
train,0.30443841218948364,0.0,0.03490836173295975,0.23462380468845367,0.046866510063409805,3.558088779449463,2.4241576194763184,4.305408000946045,False
train,0.3048551678657532,0.0,0.03632798418402672,0.23665308952331543,0.046866290271282196,5.964048862457275,3.9718434810638428,7.165571689605713,False
train,0.3052719235420227,0.0,0.03843094781041145,0.23969057202339172,0.04686647281050682,8.384456634521484,5.703494071960449,10.140460968017578,False
train,0.30568867921829224,0.0,0.041298627853393555,0.24372689425945282,0.04686705395579338,10.740160942077637,7.63674783706665,13.178428649902344,False
test,0.30610543489456177,0.0,0.04501558095216751,0.24871613085269928,0.04686800390481949,12.939878463745117,9.769580841064453,16.213733673095703,False
train,0.3065221905708313,0.0,0.049658868461847305,0.25457194447517395,0.04686933383345604,14.881152153015137,12.064813613891602,19.15746307373047,False
train,0.30693894624710083,0.0,0.05527988076210022,0.26116445660591125,0.046871017664670944,16.45372772216797,14.431361198425293,21.885826110839844,False
train,0.30735570192337036,0.0,0.06187736988067627,0.26831647753715515,0.046873047947883606,17.546676635742188,16.7071590423584,24.2283935546875,False
train,0.3077724575996399,0.0,0.06936599314212799,0.27580660581588745,0.04687541723251343,18.058330535888672,18.65090560913086,25.960731506347656,False
test,0.30818918347358704,0.0,0.07754424214363098,0.28337422013282776,0.04687812179327011,17.908763885498047,19.953018188476562,26.811317443847656,False
train,0.30860593914985657,0.0,0.08607514947652817,0.2907341718673706,0.04688112810254097,17.053625106811523,20.276622772216797,26.49466896057129,False
train,0.3090226948261261,0.0,0.0944858267903328,0.2975902259349823,0.0468844473361969,15.495267868041992,19.326595306396484,24.771366119384766,False
train,0.309439480304718,0.0,0.1022057831287384,0.30366024374961853,0.04688803851604462,13.289932250976562,16.93790626525879,21.52939796447754,False
train,0.30985623598098755,0.0,0.10863438248634338,0.30869442224502563,0.046891916543245316,10.548283576965332,13.151432037353516,16.85901641845703,False
test,0.3102729618549347,0.0,0.1132388487458229,0.31250056624412537,0.04689604416489601,7.427175521850586,8.246698379516602,11.098241806030273,False
train,0.3106897175312042,0.0,0.11564841121435165,0.3149593472480774,0.046900425106287,4.114011287689209,2.70670747756958,4.924566268920898,False
train,0.31110647320747375,0.0,0.11572065949440002,0.31603264808654785,0.0469050332903862,0.8090913891792297,-2.8740968704223633,2.9858100414276123,False
train,0.3115232288837433,0.0,0.11356031894683838,0.31576356291770935,0.0469098761677742,-2.296604633331299,-7.918384075164795,8.244707107543945,False
train,0.3119399845600128,0.0,0.10949050635099411,0.31427088379859924,0.046914901584386826,-5.038585186004639,-11.97896671295166,12.995498657226562,False
test,0.31235674023628235,0.0,0.10397952049970627,0.3117333650588989,0.046920113265514374,-7.293299674987793,-14.809019088745117,16.507551193237305,False
train,0.3127734959125519,0.0,0.09755554050207138,0.30837175250053406,0.04692550376057625,-8.984811782836914,-16.370040893554688,18.673646926879883,False
train,0.3131902515888214,0.0,0.09072383493185043,0.30442774295806885,0.04693104326725006,-10.086359024047852,-16.792457580566406,19.588804244995117,False
train,0.31360700726509094,0.0,0.08391381055116653,0.30014568567276,0.046936728060245514,-10.61528491973877,-16.308984756469727,19.459373474121094,False
train,0.3140237629413605,0.0,0.077445849776268,0.2957528531551361,0.04694253206253052,-10.625326156616211,-15.187750816345215,18.53551483154297,False
test,0.3144404888153076,0.0,0.07153315097093582,0.29145097732543945,0.046948451548814774,-10.196637153625488,-13.682501792907715,17.064064025878906,False
train,0.31485724449157715,0.0,0.06628862023353577,0.28740158677101135,0.0469544492661953,-9.425447463989258,-12.002948760986328,15.261384010314941,False
train,0.3152740001678467,0.0,0.06175140663981438,0.2837273180484772,0.046960532665252686,-8.416213989257812,-10.307194709777832,13.30679988861084,False
train,0.3156907558441162,0.0,0.05790342018008232,0.28050434589385986,0.04696666821837425,-7.273870944976807,-8.704032897949219,11.343253135681152,False
train,0.31610754132270813,0.0,0.05469100922346115,0.2777678072452545,0.0469728484749794,-6.09853458404541,-7.263044357299805,9.483878135681152,False
test,0.3165242671966553,0.0,0.05203721672296524,0.27551180124282837,0.046979062259197235,-4.981342315673828,-6.025351047515869,7.817840576171875,False
train,0.3169410228729248,0.0,0.04985244944691658,0.2736954391002655,0.04698529094457626,-3.999722480773926,-5.0114545822143555,6.411899566650391,False
train,0.31735777854919434,0.0,0.04804188385605812,0.272248774766922,0.046991508454084396,-3.2147371768951416,-4.227490425109863,5.310952186584473,False
train,0.31777453422546387,0.0,0.04651062935590744,0.2710808217525482,0.04699769988656044,-2.667891263961792,-3.6677722930908203,4.535438060760498,False
train,0.3181912899017334,0.0,0.04516839608550072,0.27008718252182007,0.04700387641787529,-2.378502368927002,-3.3150017261505127,4.080013751983643,False
test,0.31860804557800293,0.0,0.04393470287322998,0.2691609561443329,0.04700999706983566,-2.342801570892334,-3.1403636932373047,3.9179844856262207,False
train,0.3190247714519501,0.0,0.04274316504597664,0.268200546503067,0.04701605066657066,-2.5338375568389893,-3.1035990715026855,4.006577014923096,False
train,0.3194415271282196,0.0,0.04154648631811142,0.26712167263031006,0.0470220185816288,-2.9040894508361816,-3.155545711517334,4.288496971130371,False
train,0.3198583126068115,0.0,0.04031849652528763,0.26586174964904785,0.04702790826559067,-3.389906167984009,-3.242624044418335,4.691062927246094,False
train,0.32027506828308105,0.0,0.039055563509464264,0.26438769698143005,0.04703369364142418,-3.91921329498291,-3.3138768672943115,5.132447242736816,False
test,0.3206918239593506,0.0,0.03777305409312248,0.26269611716270447,0.04703935608267784,-4.421177864074707,-3.3283612728118896,5.533967971801758,False
train,0.32110854983329773,0.0,0.03650049865245819,0.26081186532974243,0.047044891864061356,-4.8361921310424805,-3.260770797729492,5.832785129547119,False
train,0.32152530550956726,0.0,0.03527410700917244,0.2587798535823822,0.04705027863383293,-5.123651504516602,-3.1035919189453125,5.99033260345459,False
train,0.3219420611858368,0.0,0.034130122512578964,0.25665849447250366,0.04705550894141197,-5.264597415924072,-2.8645992279052734,5.9934892654418945,False
train,0.3223588168621063,0.0,0.0330989845097065,0.2545086443424225,0.04706058278679848,-5.259312629699707,-2.5614962577819824,5.849925994873047,False
test,0.32277557253837585,0.0,0.032203108072280884,0.25238949060440063,0.04706547036767006,-5.120741844177246,-2.215459108352661,5.57944917678833,False
train,0.3231923282146454,0.0,0.03145620599389076,0.2503524720668793,0.04707018658518791,-4.866481781005859,-1.8456612825393677,5.2047200202941895,False
train,0.3236090838909149,0.0,0.030865034088492393,0.24844257533550262,0.047074686735868454,-4.513216018676758,-1.4664303064346313,4.7454752922058105,False
train,0.32402583956718445,0.0,0.030431658029556274,0.24669823050498962,0.04707898944616318,-4.07462739944458,-1.0868711471557617,4.217093467712402,False
train,0.324442595243454,0.0,0.030154818668961525,0.24515202641487122,0.04708307981491089,-3.5625433921813965,-0.7122697234153748,3.6330487728118896,False
test,0.3248593509197235,0.0,0.030031830072402954,0.24383220076560974,0.04708695039153099,-2.990211248397827,-0.3464304804801941,3.0102121829986572,False
train,0.32527607679367065,0.0,0.030058272182941437,0.24276050925254822,0.04709057882428169,-2.375354051589966,0.006091132760047913,2.375361919403076,False
train,0.3256928324699402,0.0,0.030227290466427803,0.24194969236850739,0.047093991190195084,-1.7417449951171875,0.33840298652648926,1.774314522743225,False
train,0.3261095881462097,0.0,0.030528519302606583,0.24140185117721558,0.04709715023636818,-1.119465708732605,0.6401692628860474,1.2895814180374146,False
train,0.32652637362480164,0.0,0.030946675688028336,0.2411048859357834,0.047100067138671875,-0.5434362888336182,0.8971966505050659,1.0489445924758911,False
test,0.32694312930107117,0.0,0.031459178775548935,0.241031676530838,0.04710272327065468,-0.05128049850463867,1.0916587114334106,1.0928624868392944,False
train,0.3273598551750183,0.0,0.032036323100328445,0.2411397099494934,0.04710513353347778,0.31952789425849915,1.2029896974563599,1.2447017431259155,False
train,0.32777661085128784,0.0,0.032638706266880035,0.2413710057735443,0.047107286751270294,0.5342711210250854,1.2093372344970703,1.322097659111023,False
train,0.3281933665275574,0.0,0.033218298107385635,0.24165408313274384,0.047109171748161316,0.5637435913085938,1.0903232097625732,1.2274410724639893,False
train,0.3286101222038269,0.0,0.03371945396065712,0.24190716445446014,0.04711080715060234,0.38800618052482605,0.8310024738311768,0.9171226620674133,False
test,0.32902687788009644,0.0,0.03408206254243851,0.24204237759113312,0.04711216688156128,-0.0010367855429649353,0.4261276125907898,0.4261288642883301,False
train,0.32944363355636597,0.0,0.034247007220983505,0.2419721484184265,0.04711327701807022,-0.5964915156364441,-0.11543986946344376,0.6075594425201416,False
train,0.3298603594303131,0.0,0.034161750227212906,0.24161432683467865,0.04711411893367767,-1.3750505447387695,-0.7681593894958496,1.5750659704208374,False
train,0.33027714490890503,0.0,0.03378814086318016,0.24090057611465454,0.04711470007896423,-2.297384738922119,-1.4904403686523438,2.7385010719299316,False
train,0.33069390058517456,0.0,0.03310786560177803,0.23978155851364136,0.0471150167286396,-3.3101694583892822,-2.228379011154175,3.9903502464294434,False
test,0.3311106562614441,0.0,0.03212665766477585,0.23823213577270508,0.047115083783864975,-4.350065231323242,-2.92311692237854,5.24096155166626,False
train,0.3315274119377136,0.0,0.030874036252498627,0.23625561594963074,0.047114912420511246,-5.348916053771973,-3.5195183753967285,6.402961254119873,False
train,0.33194413781166077,0.0,0.02940046787261963,0.23388297855854034,0.04711446911096573,-6.239029884338379,-3.9740519523620605,7.397201061248779,False
train,0.3323608934879303,0.0,0.027771010994911194,0.23117274045944214,0.047113802284002304,-6.958962917327881,-4.260573387145996,8.159635543823242,False
train,0.33277764916419983,0.0,0.02605784684419632,0.2282068282365799,0.04711289331316948,-7.457286357879639,-4.371732711791992,8.644256591796875,False
test,0.33319440484046936,0.0,0.024332251399755478,0.2250858098268509,0.047111764550209045,-7.696435451507568,-4.317491054534912,8.824728965759277,False
train,0.3336111605167389,0.0,0.02265901118516922,0.22192341089248657,0.04711039736866951,-7.654656887054443,-4.120819568634033,8.693384170532227,False
train,0.3340279161930084,0.0,0.02109087072312832,0.21883726119995117,0.04710882157087326,-7.327480792999268,-3.8122615814208984,8.25986099243164,False
train,0.33444467186927795,0.0,0.019667912274599075,0.2159450799226761,0.047107044607400894,-6.727858066558838,-3.4250118732452393,7.549488544464111,False
train,0.3348614275455475,0.0,0.01841622032225132,0.21335430443286896,0.04710506647825241,-5.885709285736084,-2.990736961364746,6.601975440979004,False
test,0.335278183221817,0.0,0.01734953746199608,0.21115733683109283,0.04710289463400841,-4.8462934494018555,-2.5371363162994385,5.470248699188232,False
train,0.33569493889808655,0.0,0.016471274197101593,0.20942460000514984,0.04710056260228157,-3.6676526069641113,-2.0868146419525146,4.219771385192871,False
train,0.3361116647720337,0.0,0.01577637530863285,0.2082005888223648,0.04709804803133011,-2.416689395904541,-1.657246708869934,2.9303336143493652,False
train,0.3365284204483032,0.0,0.015253553166985512,0.20750056207180023,0.047095391899347305,-1.1634560823440552,-1.261149287223816,1.715846061706543,False
train,0.33694520592689514,0.0,0.014887061901390553,0.20731140673160553,0.047092586755752563,0.024282000958919525,-0.9074310064315796,0.9077557921409607,False
test,0.3373619616031647,0.0,0.014658248052001,0.20759330689907074,0.04708965867757797,1.087576150894165,-0.6016790270805359,1.2429157495498657,False
train,0.3377787172794342,0.0,0.014546572230756283,0.20828433334827423,0.04708660766482353,1.981829285621643,-0.34649503231048584,2.0118911266326904,False
train,0.33819544315338135,0.0,0.01453100424259901,0.2093077450990677,0.04708345979452133,2.680148124694824,-0.1416957676410675,2.6838912963867188,False
train,0.3386121988296509,0.0,0.014591192826628685,0.2105794996023178,0.04708022624254227,3.1735386848449707,0.015372157096862793,3.1735761165618896,False
train,0.3390289545059204,0.0,0.014708303846418858,0.21201547980308533,0.04707691818475723,3.468606472015381,0.12945736944675446,3.4710214138031006,False
test,0.33944571018218994,0.0,0.01486562192440033,0.21353594958782196,0.04707355052232742,3.5833170413970947,0.20670649409294128,3.5892741680145264,False
train,0.3398624658584595,0.0,0.015049252659082413,0.2150711864233017,0.04707013815641403,3.5425894260406494,0.2539832890033722,3.551682472229004,False
train,0.340279221534729,0.0,0.015248133800923824,0.21656197309494019,0.04706671088933945,3.374943971633911,0.27832528948783875,3.3864009380340576,False
train,0.34069597721099854,0.0,0.015454206615686417,0.21796202659606934,0.04706326499581337,3.110927104949951,0.28673315048217773,3.1241133213043213,False
train,0.34111273288726807,0.0,0.015662234276533127,0.21923747658729553,0.04705982655286789,2.7830188274383545,0.2861836552619934,2.797694683074951,False
test,0.3415294885635376,0.0,0.015869811177253723,0.22036917507648468,0.0470564067363739,2.4258179664611816,0.2838051915168762,2.4423632621765137,False
train,0.34194624423980713,0.0,0.016077639535069466,0.22135189175605774,0.047053031623363495,2.0754780769348145,0.28683847188949585,2.095205307006836,False
train,0.34236299991607666,0.0,0.01628958247601986,0.22219684720039368,0.04704970866441727,1.7679840326309204,0.3024461269378662,1.793666958808899,False
train,0.3427797257900238,0.0,0.016512012109160423,0.22292815148830414,0.047046467661857605,1.5355079174041748,0.336963951587677,1.572046160697937,False
train,0.34319648146629333,0.0,0.016753897070884705,0.22358259558677673,0.04704331234097481,1.403056025505066,0.3953787386417389,1.457700490951538,False
test,0.34361323714256287,0.0,0.017025906592607498,0.2242056131362915,0.047040268778800964,1.3850102424621582,0.4805792570114136,1.4660183191299438,False
train,0.3440300226211548,0.0,0.017339376732707024,0.22484545409679413,0.04703735187649727,1.483775019645691,0.5931971073150635,1.5979584455490112,False
train,0.34444674849510193,0.0,0.017705487087368965,0.2255496382713318,0.04703458026051521,1.6895054578781128,0.7314574122428894,1.841048240661621,False
train,0.34486350417137146,0.0,0.018134163692593575,0.22635827958583832,0.04703197628259659,1.9817135334014893,0.8914514780044556,2.172987461090088,False
train,0.345280259847641,0.0,0.018633292987942696,0.22730183601379395,0.047029539942741394,2.331648349761963,1.0673718452453613,2.564345359802246,False
test,0.3456970155239105,0.0,0.01920820213854313,0.22839751839637756,0.047027308493852615,2.7047059535980225,1.2516372203826904,2.980273485183716,False
train,0.34611377120018005,0.0,0.019860481843352318,0.22964714467525482,0.04702529311180115,3.063269853591919,1.4350656270980835,3.3827555179595947,False
train,0.3465305268764496,0.0,0.020587703213095665,0.23103661835193634,0.047023504972457886,3.3692314624786377,1.6069843769073486,3.7328433990478516,False
train,0.34694725275039673,0.0,0.021382439881563187,0.23253606259822845,0.04702197387814522,3.5865626335144043,1.755406379699707,3.9931044578552246,False
train,0.34736403822898865,0.0,0.022232694551348686,0.23410260677337646,0.04702070355415344,3.6836581230163574,1.8675624132156372,4.1300272941589355,False
test,0.3477807939052582,0.0,0.023120269179344177,0.2356799691915512,0.047019727528095245,3.6360204219818115,1.9305572509765625,4.116757869720459,False
train,0.3481975495815277,0.0,0.024022327736020088,0.2372046262025833,0.04701903834939003,3.4277100563049316,1.9324100017547607,3.9348957538604736,False
train,0.34861430525779724,0.0,0.024911120533943176,0.23860789835453033,0.04701867699623108,3.052858829498291,1.8632694482803345,3.5765514373779297,False
train,0.3490310311317444,0.0,0.025755561888217926,0.23982098698616028,0.04701864346861839,2.5164618492126465,1.7168552875518799,3.046337604522705,False
train,0.3494477868080139,0.0,0.026522930711507797,0.2407793402671814,0.04701896384358406,1.8340106010437012,1.4917316436767578,2.364076614379883,False
test,0.34986454248428345,0.0,0.02718091383576393,0.2414271980524063,0.04701964184641838,1.0311726331710815,1.1924126148223877,1.576440453529358,False
train,0.350281298160553,0.0,0.027700645849108696,0.24172130227088928,0.04702070355415344,0.14217205345630646,0.8298816084861755,0.8419716954231262,False
train,0.3506980538368225,0.0,0.028058959171175957,0.24163393676280975,0.04702216014266014,-0.7926104664802551,0.4210628271102905,0.8975105881690979,False
train,0.35111480951309204,0.0,0.028240876272320747,0.2411549836397171,0.04702402278780937,-1.7297500371932983,-0.012665584683418274,1.7297964096069336,False
train,0.3515315651893616,0.0,0.028240524232387543,0.24029235541820526,0.04702629894018173,-2.6264402866363525,-0.4478103518486023,2.6643428802490234,False
test,0.3519483208656311,0.0,0.0280621238052845,0.23907123506069183,0.04702901467680931,-3.444162607192993,-0.8615906238555908,3.550294876098633,False
train,0.35236507654190063,0.0,0.027718648314476013,0.23753124475479126,0.047032181173563004,-4.151682376861572,-1.2345638275146484,4.331352710723877,False
train,0.35278183221817017,0.0,0.02723013237118721,0.23572315275669098,0.04703580588102341,-4.726606369018555,-1.5523101091384888,4.974984645843506,False
train,0.3531985878944397,0.0,0.02662166766822338,0.23370563983917236,0.04703989252448082,-5.1563591957092285,-1.806293249130249,5.463582515716553,False
train,0.35361531376838684,0.0,0.025920500978827477,0.2315397709608078,0.04704447090625763,-5.436783313751221,-1.9932029247283936,5.7906365394592285,False
test,0.35403206944465637,0.0,0.025154436007142067,0.2292877733707428,0.04704953730106354,-5.571221828460693,-2.114189863204956,5.958885192871094,False
train,0.3544488549232483,0.0,0.02435009367763996,0.2270081788301468,0.04705510288476944,-5.5681376457214355,-2.173196792602539,5.977201461791992,False
train,0.3548656105995178,0.0,0.023532263934612274,0.22475630044937134,0.04706118255853653,-5.4400811195373535,-2.1761178970336914,5.85917854309082,False
train,0.35528233647346497,0.0,0.02272307313978672,0.22258152067661285,0.04706777259707451,-5.20242166519165,-2.1299519538879395,5.621555328369141,False
train,0.3556990921497345,0.0,0.021941054612398148,0.22052493691444397,0.047074899077415466,-4.873171806335449,-2.0426924228668213,5.283975124359131,False
test,0.35611584782600403,0.0,0.02120170183479786,0.21862101554870605,0.04708255082368851,-4.473329544067383,-1.923424482345581,4.869316101074219,False
train,0.35653260350227356,0.0,0.020516322925686836,0.2168942540884018,0.04709074646234512,-4.0271711349487305,-1.7823748588562012,4.4039716720581055,False
train,0.3569493591785431,0.0,0.019891759380698204,0.21535836160182953,0.04709947481751442,-3.561843156814575,-1.6307083368301392,3.917388916015625,False
train,0.3573661148548126,0.0,0.01933005452156067,0.21401506662368774,0.047108765691518784,-3.1068179607391357,-1.4800446033477783,3.4413442611694336,False
train,0.35778287053108215,0.004538539797067642,0.018828555941581726,0.21285416185855865,0.047118596732616425,-2.6916725635528564,-1.3415205478668213,3.0074539184570312,False
test,0.3581996262073517,0.039081871509552,0.018380139023065567,0.21185283362865448,0.04712899029254913,-2.343513250350952,-1.2247576713562012,2.6442551612854004,False
train,0.3586163818836212,0.038745682686567307,0.01797417737543583,0.21097874641418457,0.047139935195446014,-2.083695888519287,-1.1367771625518799,2.3736157417297363,False
train,0.35903313755989075,0.03866163641214371,0.01759803481400013,0.21019235253334045,0.04715144261717796,-1.924370527267456,-1.080928921699524,2.207172155380249,False
train,0.3594498932361603,0.038913775235414505,0.01723824441432953,0.2094508558511734,0.04716350883245468,-1.8660392761230469,-1.0562405586242676,2.144235610961914,False
train,0.3598666191101074,0.038745682686567307,0.01688290387392044,0.20871470868587494,0.047176141291856766,-1.8957500457763672,-1.0571390390396118,2.170578718185425,False
test,0.36028337478637695,0.038745682686567307,0.016523251309990883,0.20795221626758575,0.04718932509422302,-1.9873099327087402,-1.0738987922668457,2.258906602859497,False
train,0.3607001304626465,0.038745682686567307,0.016155198216438293,0.20714494585990906,0.04720306769013405,-2.103114128112793,-1.0937117338180542,2.3705050945281982,False
train,0.361116886138916,0.038829728960990906,0.015780368819832802,0.20629188418388367,0.04721736162900925,-2.1976583003997803,-1.1023679971694946,2.458641290664673,False
train,0.36153367161750793,0.039081871509552,0.015406367368996143,0.2054123878479004,0.04723220691084862,-2.222445487976074,-1.0862120389938354,2.4736857414245605,False
train,0.3619503974914551,0.038745682686567307,0.015046020038425922,0.20454521477222443,0.047247596085071564,-2.1314592361450195,-1.033892273902893,2.3689770698547363,False
test,0.3623671531677246,0.026584075763821602,0.014716118574142456,0.20374681055545807,0.047263529151678085,-1.8862189054489136,-0.9375550150871277,2.1063785552978516,False
train,0.36278390884399414,0.019372841343283653,0.01443595252931118,0.20308735966682434,0.047279998660087585,-1.4606438875198364,-0.793364942073822,1.662199854850769,False
train,0.36320066452026367,0.019414864480495453,0.014225798659026623,0.2026452124118805,0.04729698970913887,-0.8437706828117371,-0.6011227965354919,1.0360007286071777,False
train,0.3636174201965332,0.019372841343283653,0.014105239883065224,0.2024991363286972,0.04731450602412224,-0.04151535779237747,-0.36356639862060547,0.3659290373325348,False
train,0.36403417587280273,0.019372841343283653,0.014092342928051949,0.20272237062454224,0.047332536429166794,0.9240897297859192,-0.08534886687994003,0.9280227422714233,False
test,0.3644509017467499,0.019540935754776,0.014203003607690334,0.20337581634521484,0.04735105484724045,2.0160090923309326,0.22747059166431427,2.028801441192627,False
train,0.3648676872253418,0.019372841343283653,0.014450433664023876,0.20450295507907867,0.04737007990479469,3.185281991958618,0.5677448511123657,3.2354838848114014,False
train,0.36528444290161133,0.019414864480495453,0.014844352379441261,0.2061232179403305,0.04738958552479744,4.372992992401123,0.9265976548194885,4.470084190368652,False
train,0.36570119857788086,0.019372841343283653,0.015390572138130665,0.20823141932487488,0.04740956425666809,5.5148491859436035,1.2929182052612305,5.664379596710205,False
train,0.366117924451828,0.013212193734943867,0.016089383512735367,0.21079419553279877,0.04742999002337456,6.545079708099365,1.6524114608764648,6.750446796417236,False
test,0.36653468012809753,0.0,0.016934679821133614,0.21375295519828796,0.04745086655020714,7.402122974395752,1.987434983253479,7.664288520812988,False
train,0.36695143580436707,0.0,0.017912140116095543,0.21702362596988678,0.047472164034843445,8.033838272094727,2.2773802280426025,8.350390434265137,False
train,0.3673681914806366,0.0,0.018998602405190468,0.22050434350967407,0.047493889927864075,8.404348373413086,2.5008440017700195,8.768539428710938,False
train,0.36778494715690613,0.0,0.020162323489785194,0.22408263385295868,0.04751601442694664,8.49911117553711,2.63883900642395,8.899346351623535,False
train,0.36820170283317566,0.0,0.021364685148000717,0.2276441752910614,0.04753852263092995,8.328022956848145,2.678950309753418,8.748299598693848,False
test,0.3686184585094452,0.0,0.022564101964235306,0.23108476400375366,0.0475613959133625,7.925684452056885,2.619257926940918,8.347273826599121,False
train,0.3690352141857147,0.0,0.023720839992165565,0.23431944847106934,0.04758462309837341,7.348450183868408,2.4707744121551514,7.7527055740356445,False
train,0.36945196986198425,0.0,0.024802232161164284,0.2372896820306778,0.04760819301009178,6.668193340301514,2.257350206375122,7.0399169921875,False
train,0.3698687255382538,0.0,0.025787869468331337,0.2399686723947525,0.047632064670324326,5.963802337646484,2.012643575668335,6.294257164001465,False
train,0.3702854812145233,0.0,0.026672573760151863,0.2423626035451889,0.047656234353780746,5.311902046203613,1.7749063968658447,5.600588798522949,False
test,0.37070220708847046,0.0,0.027466915547847748,0.24450743198394775,0.047680675983428955,4.777359485626221,1.5804985761642456,5.03201150894165,False
train,0.37111896276474,0.0,0.028195137158036232,0.24646250903606415,0.047705382108688354,4.4048542976379395,1.4578208923339844,4.639825820922852,False
train,0.3715357184410095,0.0,0.028890931978821754,0.24830009043216705,0.04773032292723656,4.212090969085693,1.4223603010177612,4.445764064788818,False
train,0.37195250391960144,0.0,0.029590899124741554,0.2500929534435272,0.04775547981262207,4.185110092163086,1.4734477996826172,4.436913013458252,False
train,0.37236925959587097,0.0,0.03032786399126053,0.251901239156723,0.04778082296252251,4.27623176574707,1.592349648475647,4.563084125518799,False
test,0.3727859854698181,0.0,0.03112291358411312,0.25375881791114807,0.04780633747577667,4.405496120452881,1.7415062189102173,4.737218856811523,False
train,0.37320274114608765,0.0,0.03197802975773811,0.2556607723236084,0.04783199727535248,4.4675068855285645,1.8657896518707275,4.841465473175049,False
train,0.3736194968223572,0.0,0.03286844491958618,0.25755372643470764,0.04785778373479843,4.343533515930176,1.8962242603302002,4.739404201507568,False
train,0.3740362524986267,0.0,0.03373993933200836,0.25933682918548584,0.04788368195295334,3.921048641204834,1.759530782699585,4.297740459442139,False
train,0.37445300817489624,0.0,0.03450891748070717,0.2608662545681,0.04790965095162392,3.1165826320648193,1.3934425115585327,3.4139082431793213,False
test,0.37486976385116577,0.0,0.035071805119514465,0.2619742155075073,0.04793567582964897,1.898215889930725,0.7666841745376587,2.0471999645233154,False
train,0.3752865195274353,0.0,0.0353216789662838,0.26249316334724426,0.04796173423528671,0.2992958724498749,-0.10307388007640839,0.31654736399650574,False
train,0.37570327520370483,0.0,0.03517017140984535,0.262282133102417,0.04798779636621475,-1.5820554494857788,-1.142701268196106,1.951580286026001,False
train,0.37612003087997437,0.0,0.03456970676779747,0.2612532377243042,0.0480138435959816,-3.5988876819610596,-2.2349870204925537,4.236408710479736,False
train,0.3765367865562439,0.0,0.03352576121687889,0.2593848705291748,0.04803985729813576,-5.5821123123168945,-3.2460005283355713,6.457282543182373,False
test,0.37695351243019104,0.0,0.03209805116057396,0.25672587752342224,0.048065800219774246,-7.369021892547607,-4.05803108215332,8.412496566772461,False
train,0.37737026810646057,0.0,0.03038599342107773,0.253385990858078,0.04809165373444557,-8.827949523925781,-4.595746040344238,9.952566146850586,False
train,0.3777870237827301,0.0,0.028510771691799164,0.2495223432779312,0.04811738058924675,-9.870773315429688,-4.8354105949401855,10.9915132522583,False
train,0.37820377945899963,0.0,0.026593070477247238,0.2453184723854065,0.04814298078417778,-10.457008361816406,-4.799015998840332,11.505632400512695,False
train,0.37862056493759155,0.0,0.024737974628806114,0.24096554517745972,0.04816841706633568,-10.58851146697998,-4.538163661956787,11.520048141479492,False
test,0.3790372908115387,0.0,0.02302594669163227,0.2366471141576767,0.048193659633398056,-10.299241065979004,-4.115914821624756,11.091217994689941,False
train,0.3794540464878082,0.0,0.021511288359761238,0.23252703249454498,0.048218704760074615,-9.643223762512207,-3.5921974182128906,10.29056167602539,False
train,0.37987080216407776,0.0,0.02022598311305046,0.22874587774276733,0.048243504017591476,-8.68265151977539,-3.015180826187134,9.19128704071045,False
train,0.3802875578403473,0.0,0.019184965640306473,0.22541768848896027,0.04826803877949715,-7.478827953338623,-2.4179632663726807,7.859988212585449,False
train,0.3807043135166168,0.0,0.01839238964021206,0.22263187170028687,0.04829229786992073,-6.085674285888672,-1.8190515041351318,6.351722717285156,False
test,0.38112106919288635,0.0,0.017847558483481407,0.2204582691192627,0.04831623658537865,-4.547156810760498,-1.2248345613479614,4.709230899810791,False
train,0.3815377950668335,0.0,0.01754908449947834,0.21895016729831696,0.048339854925870895,-2.897907018661499,-0.6327013969421387,2.966171979904175,False
train,0.381954550743103,0.0,0.017497921362519264,0.21814726293087006,0.04836311563849449,-1.16518235206604,-0.033662959933280945,1.1656684875488281,False
train,0.38237133622169495,0.0,0.01769980601966381,0.2180795520544052,0.048385996371507645,0.6267739534378052,0.5851105451583862,0.8574380278587341,False
train,0.3827880918979645,0.0,0.018166247755289078,0.21876658499240875,0.04840847849845886,2.452057123184204,1.2381714582443237,2.7469351291656494,False
test,0.383204847574234,0.0,0.018915051594376564,0.2202163189649582,0.04843054339289665,4.279826641082764,1.9402618408203125,4.699099063873291,False
train,0.38362157344818115,0.0,0.019969407469034195,0.22242161631584167,0.048452168703079224,6.070236682891846,2.703748941421509,6.645151138305664,False
train,0.3840383291244507,0.0,0.021357214078307152,0.22535695135593414,0.04847331345081329,7.773201942443848,3.5362730026245117,8.539783477783203,False
train,0.3844550848007202,0.0,0.02310744673013687,0.22897349298000336,0.04849398508667946,9.327391624450684,4.436611652374268,10.32878303527832,False
train,0.38487184047698975,0.0,0.02524629421532154,0.2331952303647995,0.04851415753364563,10.663018226623535,5.390563488006592,11.94814395904541,False
test,0.3852885961532593,0.0,0.027790144085884094,0.23791535198688507,0.048533808439970016,11.706273078918457,6.366072177886963,13.325303077697754,False
train,0.3857053518295288,0.0,0.030738016590476036,0.24299761652946472,0.048552900552749634,12.387127876281738,7.310088634490967,14.383265495300293,False
train,0.38612210750579834,0.0,0.03406163305044174,0.24827775359153748,0.04857144504785538,12.648367881774902,8.148027420043945,15.045649528503418,False
train,0.38653886318206787,0.0,0.03769877925515175,0.253573477268219,0.04858940839767456,12.456557273864746,8.789971351623535,15.245635986328125,False
train,0.3869556188583374,0.0,0.04154807701706886,0.25869452953338623,0.04860678315162659,11.810269355773926,9.142645835876465,14.935543060302734,False
test,0.38737237453460693,0.0,0.04547155648469925,0.26345744729042053,0.04862353950738907,10.745720863342285,9.12820053100586,14.099452018737793,False
train,0.3877891004085541,0.0,0.04930539056658745,0.2677014172077179,0.04863966256380081,9.336888313293457,8.704764366149902,12.765203475952148,False
train,0.3882058560848236,0.0,0.05287995561957359,0.27130526304244995,0.048655152320861816,7.6893205642700195,7.882293701171875,11.011639595031738,False
train,0.38862261176109314,0.0,0.056039921939373016,0.27419447898864746,0.04866998642683029,5.93032169342041,6.727583408355713,8.968226432800293,False
train,0.38903939723968506,0.0,0.05866970121860504,0.27635109424591064,0.048684146255254745,4.192641735076904,5.35425329208374,6.800461292266846,False
test,0.3894561529159546,0.0,0.060705386102199554,0.2778092324733734,0.048697616904973984,2.5981976985931396,3.8997609615325928,4.686018466949463,False
train,0.38987287878990173,0.0,0.062141627073287964,0.2786500155925751,0.048710402101278305,1.2410471439361572,2.495426654815674,2.786997079849243,False
train,0.39028963446617126,0.0,0.06302092224359512,0.2789846360683441,0.048722486943006516,0.17647574841976166,1.2409374713897705,1.2534230947494507,False
train,0.3907063901424408,0.37264353036880493,0.06341934949159622,0.2789400517940521,0.048733849078416824,-0.5817344784736633,0.19146376848220825,0.6124323606491089,False
train,0.3911231458187103,0.4667467772960663,0.06342523545026779,0.27863943576812744,0.04874448478221893,-1.0566070079803467,-0.6421709060668945,1.2364472150802612,False
test,0.39153990149497986,0.466687947511673,0.063125379383564,0.27819207310676575,0.04875439032912254,-1.2970566749572754,-1.2823083400726318,1.8239163160324097,False
train,0.3919566571712494,0.2673746347427368,0.06259188055992126,0.27768272161483765,0.048763543367385864,-1.364848017692566,-1.7691981792449951,2.234473705291748,False
train,0.39237338304519653,0.23371799290180206,0.06187952682375908,0.2771698236465454,0.04877195507287979,-1.323644757270813,-2.1479880809783936,2.5230712890625,False
train,0.39279016852378845,0.2354535609483719,0.06102454662322998,0.27668672800064087,0.04877961799502373,-1.2312757968902588,-2.459773540496826,2.750731945037842,False
train,0.3932068943977356,0.2330792248249054,0.06004749611020088,0.27624398469924927,0.04878651723265648,-1.1355581283569336,-2.7369391918182373,2.9631619453430176,False
test,0.3936236798763275,0.22826333343982697,0.05895785614848137,0.2758353054523468,0.04879264906048775,-1.0731431245803833,-3.002748489379883,3.188751220703125,False
train,0.39404040575027466,0.2117985188961029,0.05775758624076843,0.2754412293434143,0.048798009753227234,-1.070059061050415,-3.2714576721191406,3.442014217376709,False
train,0.3944571614265442,0.16709810495376587,0.0564432367682457,0.2750331461429596,0.048802606761455536,-1.1424248218536377,-3.5495307445526123,3.7288475036621094,False
train,0.3948739469051361,0.0,0.0550106018781662,0.2745773494243622,0.04880642518401146,-1.2983194589614868,-3.8371505737304688,4.050846576690674,False
train,0.39529067277908325,0.0,0.05345733091235161,0.2740388810634613,0.048809465020895004,-1.538232445716858,-4.128815650939941,4.406050205230713,False
test,0.39570745825767517,0.0,0.05178305506706238,0.2733840346336365,0.048811741173267365,-1.8567899465560913,-4.414865016937256,4.789436340332031,False
train,0.3961241841316223,0.0,0.049993108958005905,0.2725818157196045,0.04881323501467705,-2.2430529594421387,-4.682348251342773,5.191884994506836,False
train,0.39654093980789185,0.0,0.04809758439660072,0.2716066837310791,0.048813965171575546,-2.6831178665161133,-4.917753219604492,5.602090358734131,False
train,0.396957665681839,0.0,0.04611283168196678,0.2704395353794098,0.04881390556693077,-3.1613426208496094,-5.108631610870361,6.007678985595703,False
train,0.3973744511604309,0.0,0.044058773666620255,0.26906776428222656,0.0488131009042263,-3.6630213260650635,-5.246092796325684,6.398375988006592,False
test,0.3977912366390228,0.0,0.04195922613143921,0.26748421788215637,0.048811521381139755,-4.176127910614014,-5.326233386993408,6.7682204246521,False
train,0.39820796251296997,0.0,0.039837781339883804,0.2656857669353485,0.04880918189883232,-4.692032814025879,-5.349964141845703,7.115988254547119,False
train,0.3986247181892395,0.0,0.03771698847413063,0.26367276906967163,0.0488060899078846,-5.20497465133667,-5.321857929229736,7.444053649902344,False
train,0.39904144406318665,0.0,0.03561688959598541,0.26144713163375854,0.04880225658416748,-5.709848880767822,-5.247900485992432,7.755181312561035,False
train,0.39945822954177856,0.0,0.03355558216571808,0.25901421904563904,0.048797667026519775,-6.19878625869751,-5.133167743682861,8.04825210571289,False
test,0.3998749554157257,0.0,0.03154926374554634,0.25638267397880554,0.04879235476255417,-6.658524036407471,-4.9802751541137695,8.31499195098877,False
train,0.4002917408943176,0.0,0.02961365319788456,0.2535688281059265,0.04878632724285126,-7.069328308105469,-4.789480209350586,8.538999557495117,False
train,0.40070846676826477,0.0,0.027764873579144478,0.25059837102890015,0.04877955839037895,-7.4052863121032715,-4.5595574378967285,8.696426391601562,False
train,0.4011252224445343,0.0,0.026019087061285973,0.24750804901123047,0.04877210408449173,-7.638453006744385,-4.289800643920898,8.760613441467285,False
train,0.4015420079231262,0.0,0.024392670020461082,0.24434630572795868,0.0487639419734478,-7.742801189422607,-3.9815824031829834,8.706547737121582,False
test,0.40195873379707336,0.0,0.02290097251534462,0.24117127060890198,0.04875510558485985,-7.699151039123535,-3.6392927169799805,8.515948295593262,False
train,0.4023755192756653,0.0,0.02155676670372486,0.2380470335483551,0.04874558374285698,-7.4974188804626465,-3.2695534229278564,8.179319381713867,False
train,0.4027922451496124,0.0,0.02036992646753788,0.23503980040550232,0.04873540252447128,-7.1376214027404785,-2.880333662033081,7.696879863739014,False
train,0.40320900082588196,0.0,0.01934683509171009,0.23221373558044434,0.048724573105573654,-6.628244876861572,-2.4792709350585938,7.076751708984375,False
train,0.4036257266998291,0.0,0.018491331487894058,0.22962869703769684,0.04871309921145439,-5.984148025512695,-2.072667121887207,6.332927703857422,False
test,0.404042512178421,0.0,0.017804674804210663,0.2273363620042801,0.04870101809501648,-5.224478721618652,-1.664749026298523,5.4832987785339355,False
train,0.40445923805236816,0.0,0.01728706993162632,0.22538088262081146,0.048688314855098724,-4.371433734893799,-1.257922649383545,4.548824310302734,False
train,0.4048760235309601,0.0,0.0169379860162735,0.2237960249185562,0.048675015568733215,-3.4486868381500244,-0.852719783782959,3.552544355392456,False
train,0.4052927792072296,0.0,0.016756994649767876,0.22260625660419464,0.04866114258766174,-2.481405735015869,-0.44869446754455566,2.521646499633789,False
train,0.40570950508117676,0.0,0.01674387790262699,0.22182385623455048,0.048646703362464905,-1.495131015777588,-0.04467472434043884,1.4957982301712036,False
test,0.4061262905597687,0.0,0.016899188980460167,0.22145232558250427,0.0486317053437233,-0.5143188834190369,0.3608570694923401,0.628284752368927,False
train,0.4065430164337158,0.0,0.017223956063389778,0.22148452699184418,0.048616182059049606,0.4380794167518616,0.7691016793251038,0.8851163387298584,False
train,0.40695977210998535,0.0,0.017719585448503494,0.22190403938293457,0.04860014095902443,1.3424626588821411,1.1808973550796509,1.7879387140274048,False
train,0.4073764979839325,0.0,0.01838761940598488,0.22268731892108917,0.04858359694480896,2.1812121868133545,1.5956674814224243,2.702562093734741,False
train,0.4077932834625244,0.0,0.019229229539632797,0.22380411624908447,0.048566561192274094,2.938347816467285,2.010869264602661,3.5605454444885254,False
test,0.40821006894111633,0.0,0.020243389531970024,0.22521649301052094,0.048549067229032516,3.5971295833587646,2.4205081462860107,4.335689067840576,False
train,0.4086267948150635,0.0,0.021425660699605942,0.22687968611717224,0.04853111878037453,4.13905143737793,2.814291000366211,5.005195140838623,False
train,0.409043550491333,0.0,0.02276691421866417,0.22874115407466888,0.04851273447275162,4.54443883895874,3.177198648452759,5.5449538230896,False
train,0.40946027636528015,0.0,0.024250155314803123,0.2307398021221161,0.04849394038319588,4.793259620666504,3.4893593788146973,5.9288249015808105,False
train,0.40987706184387207,0.0,0.025849804282188416,0.23280678689479828,0.0484747476875782,4.8690619468688965,3.727670192718506,6.132152080535889,False
test,0.4102937877178192,0.0,0.027529584243893623,0.23486733436584473,0.048455167561769485,4.762319564819336,3.8682374954223633,6.135385036468506,False
train,0.41071057319641113,0.0,0.029244806617498398,0.23684589564800262,0.04843521863222122,4.473997116088867,3.890219211578369,5.928781986236572,False
train,0.4111272990703583,0.0,0.03094206377863884,0.23866823315620422,0.048414941877126694,4.01735258102417,3.7794618606567383,5.515746116638184,False
train,0.4115440547466278,0.0,0.032565269619226456,0.2402694970369339,0.048394329845905304,3.417588710784912,3.531916856765747,4.914707660675049,False
train,0.4119608402252197,0.0,0.03405845910310745,0.24159710109233856,0.04837339371442795,2.7097909450531006,3.155285596847534,4.159182071685791,False
test,0.41237756609916687,0.0,0.0353710874915123,0.2426145374774933,0.04835217818617821,1.9352651834487915,2.6687541007995605,3.2965891361236572,False
train,0.4127943515777588,0.0,0.036463141441345215,0.24330273270606995,0.04833068326115608,1.1363259553909302,2.100341796875,2.388026714324951,False
train,0.41321107745170593,0.0,0.03730698674917221,0.24366004765033722,0.048308923840522766,0.3527800440788269,1.4831808805465698,1.5245587825775146,False
train,0.41362783312797546,0.0,0.037889108061790466,0.24369925260543823,0.048286937177181244,-0.38342708349227905,0.8501351475715637,0.932601809501648,False
train,0.4140445590019226,0.0,0.03820941969752312,0.24344629049301147,0.04826470836997032,-1.0493664741516113,0.23013880848884583,1.0743062496185303,False
test,0.4144613444805145,0.0,0.0382775142788887,0.24293217062950134,0.04824228957295418,-1.6329386234283447,-0.35535597801208496,1.6711572408676147,False
train,0.41487807035446167,0.0,0.03811118006706238,0.2421928197145462,0.04821966961026192,-2.131349563598633,-0.8927289843559265,2.310760974884033,False
train,0.4152948558330536,0.0,0.03773143142461777,0.24126215279102325,0.048196882009506226,-2.5496532917022705,-1.3761204481124878,2.8973159790039062,False
train,0.4157116115093231,0.0,0.03716157749295235,0.24017272889614105,0.0481739342212677,-2.897737979888916,-1.8048830032348633,3.4138669967651367,False
train,0.41612833738327026,0.0,0.036423634737730026,0.2389504462480545,0.04815084859728813,-3.1878340244293213,-2.1814520359039307,3.8627734184265137,False
test,0.4165451228618622,0.0,0.03553851321339607,0.23761720955371857,0.048127636313438416,-3.4323840141296387,-2.5090906620025635,4.251681804656982,False
train,0.4169618487358093,0.0,0.03452622890472412,0.23618943989276886,0.04810430109500885,-3.6423275470733643,-2.7901384830474854,4.5881829261779785,False
train,0.41737863421440125,0.0,0.03340573236346245,0.2346794605255127,0.048080895096063614,-3.8265180587768555,-3.025691032409668,4.87822151184082,False
train,0.4177953600883484,0.0,0.03219635412096977,0.23309749364852905,0.04805738851428032,-3.990635871887207,-3.2151622772216797,5.12468957901001,False
train,0.4182121157646179,0.0,0.030917227268218994,0.23145034909248352,0.048033833503723145,-4.136620044708252,-3.3567659854888916,5.32724142074585,False
test,0.41862890124320984,0.0,0.029588932171463966,0.22974617779254913,0.0480102114379406,-4.261527061462402,-3.447798728942871,5.481598854064941,False
train,0.419045627117157,0.0,0.028233341872692108,0.22799596190452576,0.04798656702041626,-4.356250286102295,-3.484945774078369,5.578688621520996,False
train,0.4194624125957489,0.0,0.026873532682657242,0.2262151837348938,0.047962889075279236,-4.4046454429626465,-3.4647696018218994,5.604063510894775,False
train,0.41987913846969604,0.0,0.02553420700132847,0.2244277447462082,0.04793920740485191,-4.3831095695495605,-3.384028673171997,5.537445068359375,False
train,0.4202958941459656,0.0,0.024240802973508835,0.2226686328649521,0.04791552945971489,-4.26207971572876,-3.240467071533203,5.354059219360352,False
test,0.4207126200199127,0.0,0.023020070046186447,0.22098636627197266,0.04789186269044876,-4.009276866912842,-3.0338175296783447,5.0277581214904785,False
train,0.42112940549850464,0.0,0.021897591650485992,0.21944209933280945,0.04786823317408562,-3.5937328338623047,-2.766108274459839,4.53500509262085,False
train,0.4215461313724518,0.0,0.02089821919798851,0.21810929477214813,0.04784463718533516,-2.9915549755096436,-2.4423108100891113,3.8619015216827393,False
train,0.4219629168510437,0.0,0.0200437530875206,0.21706834435462952,0.04782109335064888,-2.1903648376464844,-2.0696523189544678,3.013496160507202,False
train,0.42237967252731323,0.0,0.019353045150637627,0.21640251576900482,0.047797609120607376,-1.1931531429290771,-1.6570807695388794,2.041942834854126,False
test,0.4227963984012604,0.0,0.018840909004211426,0.21619002521038055,0.04777420312166214,-0.020167484879493713,-1.21431303024292,1.2144805192947388,False
train,0.4232131838798523,0.0,0.018517887219786644,0.21649694442749023,0.04775088652968407,1.291712999343872,-0.750982403755188,1.4941542148590088,False
train,0.42362990975379944,0.0,0.018390869721770287,0.21737053990364075,0.04772765561938286,2.6896395683288574,-0.2769014239311218,2.7038557529449463,False
train,0.42404666543006897,0.0,0.01846243627369404,0.21883359551429749,0.04770452529191971,4.109811782836914,0.1982697695493698,4.114591598510742,False
train,0.4244634211063385,0.0,0.01873116008937359,0.22088120877742767,0.04768151789903641,5.481988430023193,0.6642484664916992,5.522085189819336,False
test,0.42488017678260803,0.0,0.01919122412800789,0.223478764295578,0.04765862226486206,6.73706579208374,1.1102211475372314,6.827930927276611,False
train,0.4252969026565552,0.0,0.019832199439406395,0.22656448185443878,0.04763585701584816,7.8152055740356445,1.5252809524536133,7.962657928466797,False
train,0.4257136881351471,0.0,0.02063937671482563,0.23005536198616028,0.0476132370531559,8.673544883728027,1.8995274305343628,8.879109382629395,False
train,0.4261304438114166,0.0,0.021593809127807617,0.23385395109653473,0.04759075120091438,9.290831565856934,2.225334405899048,9.553620338439941,False
train,0.42654716968536377,0.0,0.0226748026907444,0.23785987496376038,0.047568429261446,9.669468879699707,2.4991543292999268,9.987212181091309,False
test,0.4269639551639557,0.0,0.023860784247517586,0.24197819828987122,0.04754624888300896,9.831276893615723,2.721665143966675,10.20105266571045,False
train,0.42738068103790283,0.0,0.025130730122327805,0.24612390995025635,0.04752425476908684,9.810832977294922,2.897141218185425,10.229656219482422,False
train,0.42779746651649475,0.0,0.02646704949438572,0.250230997800827,0.047502417117357254,9.647804260253906,3.0322415828704834,10.113091468811035,False
train,0.4282141923904419,0.0,0.027853872627019882,0.25424724817276,0.04748076573014259,9.381196022033691,3.134248733520508,9.890922546386719,False
train,0.4286309480667114,0.0,0.029279068112373352,0.25813746452331543,0.04745929688215256,9.046215057373047,3.2104427814483643,9.599007606506348,False
test,0.42904773354530334,0.0,0.03073335438966751,0.261879563331604,0.04743802174925804,8.674494743347168,3.2682862281799316,9.269765853881836,False
train,0.4294644594192505,0.0,0.032210491597652435,0.2654639482498169,0.04741692915558815,8.295587539672852,3.3162729740142822,8.933892250061035,False
train,0.4298812448978424,0.0,0.033708807080984116,0.2688944637775421,0.047396041452884674,7.937376499176025,3.3646349906921387,8.621062278747559,False
train,0.43029797077178955,0.0,0.03523046150803566,0.27218443155288696,0.04737535119056702,7.625804901123047,3.4252164363861084,8.359724998474121,False
train,0.4307147264480591,0.0,0.03678332269191742,0.27535849809646606,0.04735488072037697,7.3820366859436035,3.5103559494018555,8.17417049407959,False
test,0.4311314523220062,0.0,0.03837967291474342,0.2784475088119507,0.047334618866443634,7.220524311065674,3.6312332153320312,8.082191467285156,False
train,0.43154823780059814,0.0,0.04003673046827316,0.28148820996284485,0.047314561903476715,7.146849632263184,3.7962372303009033,8.092519760131836,False
train,0.4319649636745453,0.0,0.04177317023277283,0.28451547026634216,0.047294732183218,7.157902240753174,4.009831428527832,8.204529762268066,False
train,0.4323817491531372,0.0,0.043610479682683945,0.28756433725357056,0.0472751185297966,7.242542743682861,4.272137641906738,8.408660888671875,False
train,0.43279850482940674,0.0,0.045567501336336136,0.2906607985496521,0.04725572466850281,7.383235454559326,4.578610420227051,8.68768310546875,False
test,0.4332152307033539,0.0,0.04766035079956055,0.2938227653503418,0.047236572951078415,7.557480335235596,4.919991970062256,9.017861366271973,False
train,0.4336320161819458,0.0,0.049901992082595825,0.2970609962940216,0.04721764475107193,7.738243579864502,5.281758785247803,9.368958473205566,False
train,0.43404874205589294,0.0,0.052295830100774765,0.3003701865673065,0.047198954969644547,7.894715785980225,5.643100738525391,9.704180717468262,False
train,0.43446552753448486,0.0,0.05483687296509743,0.30373409390449524,0.04718049243092537,7.992203235626221,5.976196765899658,9.979491233825684,False
train,0.434882253408432,0.0,0.057505298405885696,0.3071191906929016,0.047162268310785294,7.993040561676025,6.245390892028809,10.143648147583008,False
test,0.43529900908470154,0.0,0.06026671826839447,0.3104785084724426,0.047144293785095215,7.857726573944092,6.4074859619140625,10.139020919799805,False
train,0.4357157349586487,0.0,0.06306562572717667,0.3137458264827728,0.047126565128564835,7.546804428100586,6.413064956665039,9.903618812561035,False
train,0.4361325204372406,0.0,0.06582669913768768,0.3168413043022156,0.04710905998945236,7.02497673034668,6.211050033569336,9.37696361541748,False
train,0.4365493059158325,0.0,0.06845312565565109,0.3196708559989929,0.04709181934595108,6.264512538909912,5.754420280456543,8.506319046020508,False
train,0.43696603178977966,0.0,0.0708300843834877,0.322130024433136,0.04707483574748039,5.2506585121154785,5.00967264175415,7.257150650024414,False
test,0.4373827874660492,0.0,0.07283511757850647,0.3241141736507416,0.04705808311700821,3.9859418869018555,3.9664597511291504,5.623214244842529,False
train,0.43779951333999634,0.0,0.07434707134962082,0.3255229592323303,0.047041602432727814,2.49401593208313,2.646629810333252,3.636586904525757,False
train,0.43821629881858826,0.0,0.07526106387376785,0.3262702524662018,0.04702536761760712,0.819494903087616,1.1075849533081055,1.3777940273284912,False
train,0.4386330246925354,0.0,0.07550304383039474,0.3262922167778015,0.04700939357280731,-0.9722520709037781,-0.5585927963256836,1.1212939023971558,False
train,0.4390498101711273,0.0,0.07504428178071976,0.3255571126937866,0.0469936840236187,-2.801893472671509,-2.2370214462280273,3.585369110107422,False
test,0.43946656584739685,0.0,0.07390421628952026,0.32406631112098694,0.04697823151946068,-4.580904006958008,-3.803797483444214,5.954288959503174,False
train,0.439883291721344,0.0,0.07215399295091629,0.3218602240085602,0.04696304723620415,-6.22200345993042,-5.146210670471191,8.074454307556152,False
train,0.4403000771999359,0.0,0.06990578770637512,0.3190124034881592,0.046948131173849106,-7.647645473480225,-6.1792378425598145,9.832062721252441,False
train,0.44071680307388306,0.0,0.06729968637228012,0.3156266510486603,0.04693349078297615,-8.797526359558105,-6.8559041023254395,11.153470039367676,False
train,0.441133588552475,0.0,0.06448553502559662,0.311824768781662,0.046919118613004684,-9.636754989624023,-7.171872138977051,12.012609481811523,False
test,0.4415503144264221,0.0,0.061608925461769104,0.30774009227752686,0.0469050258398056,-10.158085823059082,-7.16013765335083,12.427964210510254,False
train,0.44196707010269165,0.0,0.0587938092648983,0.3035007119178772,0.04689120873808861,-10.382487297058105,-6.881033897399902,12.455708503723145,False
train,0.4423837959766388,0.0,0.0561363585293293,0.2992221415042877,0.046877674758434296,-10.35368537902832,-6.408743381500244,12.17664909362793,False
train,0.4428005814552307,0.0,0.0537014901638031,0.2949981987476349,0.04686442390084267,-10.130395889282227,-5.818743705749512,11.682580947875977,False
train,0.44321733713150024,0.0,0.05152392014861107,0.2908969223499298,0.046851467341184616,-9.775299072265625,-5.177440166473389,11.061752319335938,False
test,0.4436340928077698,0.0,0.0496135875582695,0.2869607210159302,0.04683881253004074,-9.344168663024902,-4.535137176513672,10.386575698852539,False
train,0.4440508484840393,0.0,0.04796435683965683,0.2832129895687103,0.046826452016830444,-8.877775192260742,-3.9237961769104004,9.706238746643066,False
train,0.44446757435798645,0.0,0.046559032052755356,0.27966222167015076,0.04681437835097313,-8.397788047790527,-3.3575260639190674,9.04410457611084,False
train,0.44488435983657837,0.0,0.04537864774465561,0.27631282806396484,0.04680262506008148,-7.907637119293213,-2.8359713554382324,8.400800704956055,False
train,0.4453010857105255,0.0,0.044407300651073456,0.27317214012145996,0.04679118096828461,-7.398280620574951,-2.3497726917266846,7.762473106384277,False
test,0.44571784138679504,0.0,0.043632179498672485,0.27024972438812256,0.0467800535261631,-6.854415416717529,-1.8849456310272217,7.108870029449463,False
train,0.4461345970630646,0.0,0.043047502636909485,0.2675633132457733,0.04676924645900726,-6.262416839599609,-1.428168535232544,6.4232025146484375,False
train,0.4465513527393341,0.0,0.042652569711208344,0.2651352286338806,0.04675876721739769,-5.614406108856201,-0.9687061905860901,5.697363376617432,False
train,0.446968138217926,0.0,0.042450010776519775,0.2629886567592621,0.04674861580133438,-4.910212993621826,-0.49982956051826477,4.935587406158447,False
train,0.44738486409187317,0.0,0.04244453087449074,0.26114633679389954,0.046738795936107635,-4.156588077545166,-0.01816488802433014,4.156627655029297,False
test,0.4478016197681427,0.0,0.042642056941986084,0.2596263587474823,0.04672933742403984,-3.3638854026794434,0.4778250455856323,3.3976523876190186,False
train,0.44821834564208984,0.0,0.04304889962077141,0.25844311714172363,0.04672021418809891,-2.5432658195495605,0.9891113042831421,2.728835344314575,False
train,0.44863513112068176,0.0,0.04367179051041603,0.25760573148727417,0.04671144485473633,-1.7037907838821411,1.5172499418258667,2.281435966491699,False
train,0.4490518569946289,0.0,0.04451805725693703,0.2571207880973816,0.04670305550098419,-0.8528160452842712,2.063704490661621,2.23297381401062,False
train,0.4494686424732208,0.0,0.04559598118066788,0.2569918930530548,0.046695027500391006,0.004313372075557709,2.6297285556793213,2.629732131958008,False
test,0.44988539814949036,0.0,0.04691329598426819,0.2572201192378998,0.04668737202882767,0.8604639172554016,3.213315963745117,3.3265295028686523,False
train,0.4503021240234375,0.0,0.04847642779350281,0.257803350687027,0.046680107712745667,1.7042360305786133,3.8069069385528564,4.170966625213623,False
train,0.4507189095020294,0.0,0.05028684809803963,0.2587330937385559,0.046673234552145004,2.517731189727783,4.394410133361816,5.064564228057861,False
train,0.45113563537597656,0.0,0.05233605578541756,0.25999078154563904,0.04666675627231598,3.2745680809020996,4.948269367218018,5.933647155761719,False
train,0.4515524208545685,0.0,0.054602935910224915,0.26154664158821106,0.04666069149971008,3.941617250442505,5.428597927093506,6.708652496337891,False
test,0.4519691467285156,0.0,0.057045869529247284,0.26335492730140686,0.04665503650903702,4.480601787567139,5.783083915710449,7.315726280212402,False
train,0.45238590240478516,0.0,0.05960022658109665,0.26535463333129883,0.04664982482790947,4.852390766143799,5.950055122375488,7.6778154373168945,False
train,0.4528026282787323,0.0,0.06217409670352936,0.2674678564071655,0.04664503410458565,5.020813465118408,5.863874912261963,7.719688892364502,False
train,0.4532194137573242,0.0,0.06464999914169312,0.26960480213165283,0.046640682965517044,4.957441329956055,5.464261054992676,7.377965450286865,False
train,0.45363619923591614,0.0,0.06688589602708817,0.2716633379459381,0.04663679748773575,4.645524978637695,4.7075629234313965,6.613777160644531,False
test,0.4540529251098633,0.0,0.06872972846031189,0.2735399603843689,0.046633362770080566,4.084366798400879,3.5807199478149414,5.431722640991211,False
train,0.4544696807861328,0.0,0.07003116607666016,0.27513325214385986,0.04663039743900299,3.2913308143615723,2.1112914085388184,3.910295248031616,False
train,0.45488640666007996,0.0,0.07066202908754349,0.2763543128967285,0.046627920120954514,2.3036694526672363,0.37460988759994507,2.3339293003082275,False
train,0.4553031921386719,0.0,0.07053349167108536,0.2771323323249817,0.04662592336535454,1.1772053241729736,-1.5106284618377686,1.9151530265808105,False
train,0.455719918012619,0.0,0.06961420178413391,0.2774242162704468,0.04662443697452545,-0.016804546117782593,-3.395415782928467,3.3954575061798096,False
test,0.45613670349121094,0.0,0.06793656200170517,0.27721816301345825,0.04662344604730606,-1.1998260021209717,-5.1260881423950195,5.2646331787109375,False
train,0.4565534293651581,0.0,0.0655938982963562,0.2765350341796875,0.04662298038601875,-2.2948124408721924,-6.570522785186768,6.959736347198486,False
train,0.4569701850414276,0.0,0.06272430717945099,0.2754250466823578,0.04662303626537323,-3.2377731800079346,-7.642561435699463,8.300115585327148,False
train,0.45738697052001953,0.0,0.05949155241250992,0.27396154403686523,0.046623632311820984,-3.98551607131958,-8.31213092803955,9.21823501586914,False
train,0.4578036963939667,0.0,0.056060388684272766,0.2722308039665222,0.04662477970123291,-4.521208763122559,-8.602776527404785,9.71849250793457,False
test,0.4582204818725586,0.0,0.052575595676898956,0.27031880617141724,0.046626485884189606,-4.854057788848877,-8.577143669128418,9.85541820526123,False
train,0.45863720774650574,0.0,0.04915381968021393,0.26830625534057617,0.04662875458598137,-5.014526844024658,-8.3176908493042,9.712335586547852,False
train,0.45905396342277527,0.0,0.04587331414222717,0.2662547826766968,0.04663160443305969,-5.046530246734619,-7.9080610275268555,9.38109302520752,False
train,0.4594706892967224,0.0,0.04278196021914482,0.26420846581459045,0.046635035425424576,-4.998902320861816,-7.420833110809326,8.947501182556152,False
train,0.45988747477531433,0.0,0.039898891001939774,0.2621898949146271,0.04663906618952751,-4.918473243713379,-6.911013603210449,8.482540130615234,False
test,0.46030426025390625,0.0,0.03722570464015007,0.26020413637161255,0.046643707901239395,-4.844621181488037,-6.4152021408081055,8.038978576660156,False
train,0.4607209861278534,0.0,0.03475238382816315,0.25824281573295593,0.04664895310997963,-4.807751178741455,-5.9542412757873535,7.652937889099121,False
train,0.4611377418041229,0.0,0.032461728900671005,0.25628530979156494,0.0466548316180706,-4.828934192657471,-5.536694049835205,7.346672058105469,False
train,0.46155446767807007,0.0,0.03033534251153469,0.2543044984340668,0.046661343425512314,-4.921300888061523,-5.163293361663818,7.132937431335449,False
train,0.461971253156662,0.0,0.028355075046420097,0.25226831436157227,0.046668484807014465,-5.091508388519287,-4.830086708068848,7.018062114715576,False
test,0.46238797903060913,0.0,0.02650606259703636,0.2501453161239624,0.04667629301548004,-5.340086460113525,-4.5309858322143555,7.003310203552246,False
train,0.46280476450920105,0.0,0.024774886667728424,0.24790267646312714,0.046684738248586655,-5.661487579345703,-4.258752822875977,7.08444881439209,False
train,0.4632214903831482,0.0,0.02315228432416916,0.2455131560564041,0.04669386148452759,-6.042293071746826,-4.0058979988098145,7.249587535858154,False
train,0.4636382460594177,0.0,0.02163158915936947,0.24295611679553986,0.04670366644859314,-6.460275173187256,-3.764644145965576,7.477145195007324,False
train,0.46405503153800964,0.0,0.020209234207868576,0.24022211134433746,0.046714141964912415,-6.88372278213501,-3.5271997451782227,7.734776973724365,False
test,0.4644717574119568,0.0,0.018885575234889984,0.23731733858585358,0.0467253103852272,-7.272466659545898,-3.286327838897705,7.980521202087402,False
train,0.4648885130882263,0.0,0.01766291819512844,0.2342652827501297,0.04673716425895691,-7.581439018249512,-3.035702705383301,8.166622161865234,False
train,0.46530526876449585,0.0,0.01654648408293724,0.2311089038848877,0.04674971476197243,-7.765591621398926,-2.7709801197052,8.24516487121582,False
train,0.4657220244407654,0.0,0.015542490407824516,0.2279084175825119,0.04676298424601555,-7.785700798034668,-2.4900269508361816,8.174189567565918,False
train,0.4661387503147125,0.0,0.014657796360552311,0.2247387170791626,0.04677695780992508,-7.6142778396606445,-2.193194627761841,7.9238457679748535,False
test,0.46655553579330444,0.0,0.013898530974984169,0.22168241441249847,0.046791646629571915,-7.237606048583984,-1.8823487758636475,7.4783806800842285,False
train,0.4669722616672516,0.0,0.013270214200019836,0.2188262939453125,0.04680706188082695,-6.65687894821167,-1.5602352619171143,6.837277889251709,False
train,0.4673890173435211,0.0,0.012776996940374374,0.21625202894210815,0.04682319238781929,-5.885037422180176,-1.228935718536377,6.011983871459961,False
train,0.46780580282211304,0.0,0.012422619387507439,0.21403531730175018,0.04684005677700043,-4.943263053894043,-0.8891675472259521,5.0225958824157715,False
train,0.4682225286960602,0.0,0.012211030349135399,0.21224217116832733,0.046857643872499466,-3.8570995330810547,-0.5397048592567444,3.8946754932403564,False
test,0.4686393141746521,0.0,0.012147131375968456,0.21092714369297028,0.0468759723007679,-2.6530966758728027,-0.1769694983959198,2.658992290496826,False
train,0.46905604004859924,0.0,0.012237494811415672,0.2101334035396576,0.04689502716064453,-1.3587673902511597,0.20435088872909546,1.374048113822937,False
train,0.4694727957248688,0.0,0.01249168161302805,0.2098933607339859,0.04691481217741966,-0.0022119656205177307,0.611137866973877,0.6111418604850769,False
train,0.4698895215988159,0.0,0.01292193029075861,0.21022601425647736,0.046935342252254486,1.3852802515029907,1.0507452487945557,1.7386969327926636,False
train,0.47030630707740784,0.0,0.013543658889830112,0.2111372947692871,0.04695659503340721,2.7673025131225586,1.5299512147903442,3.162074327468872,False
test,0.47072309255599976,0.0,0.0143745681270957,0.21261604130268097,0.04697858542203903,4.099818706512451,2.0530459880828857,4.585140228271484,False
train,0.4711398184299469,0.0,0.015433196909725666,0.2146308422088623,0.04700129106640816,5.330955505371094,2.619814395904541,5.939908504486084,False
train,0.47155657410621643,0.0,0.016736818477511406,0.2171276956796646,0.047024745494127274,6.402024269104004,3.2228753566741943,7.167484760284424,False
train,0.4719732999801636,0.0,0.01829742081463337,0.22002707421779633,0.047048911452293396,7.25068998336792,3.8447513580322266,8.206986427307129,False
train,0.4723900854587555,0.0,0.02011740952730179,0.22322364151477814,0.04707380384206772,7.816872596740723,4.45571231842041,8.997603416442871,False
test,0.47280681133270264,0.0,0.022183366119861603,0.22658827900886536,0.04709939658641815,8.050033569335938,5.012934684753418,9.483277320861816,False
train,0.47322359681129456,0.0,0.024462712928652763,0.2299751341342926,0.04712570831179619,7.918032646179199,5.463506698608398,9.620038986206055,False
train,0.4736403226852417,0.0,0.026898439973592758,0.23322945833206177,0.047152724117040634,7.415033340454102,5.7503790855407715,9.38347339630127,False
train,0.47405707836151123,0.0,0.029411673545837402,0.23620088398456573,0.047180429100990295,6.566871643066406,5.823180675506592,8.776857376098633,False
train,0.47447386384010315,0.0,0.031905874609947205,0.23875708878040314,0.04720882698893547,5.431732177734375,5.649929046630859,7.837436676025391,False
test,0.4748905897140503,0.0,0.03427562862634659,0.2407950460910797,0.04723789170384407,4.09572696685791,5.226985454559326,6.640508651733398,False
train,0.4753073751926422,0.0,0.03642205148935318,0.24225185811519623,0.04726763814687729,2.662161350250244,4.583141803741455,5.300216197967529,False
train,0.47572410106658936,0.0,0.03826387971639633,0.24311012029647827,0.04729802533984184,1.239099383354187,3.7758593559265137,3.973975419998169,False
train,0.4761408567428589,0.0,0.039748139679431915,0.24339492619037628,0.04732906445860863,-0.07539620995521545,2.8794453144073486,2.880432367324829,False
train,0.47655758261680603,0.0004202351556159556,0.04085336998105049,0.2431684136390686,0.047360725700855255,-1.2036280632019043,1.9708993434906006,2.3093645572662354,False
test,0.47697436809539795,0.0005252939299680293,0.04158896580338478,0.24251945316791534,0.04739301651716232,-2.0958313941955566,1.1157523393630981,2.374323606491089,False
train,0.4773910939693451,0.0005589127540588379,0.04198731482028961,0.2415521889925003,0.04742591828107834,-2.731473445892334,0.35980379581451416,2.7550690174102783,False
train,0.477807879447937,0.0005463057314045727,0.042095109820365906,0.24037271738052368,0.047459397464990616,-3.1174111366271973,-0.27465033531188965,3.129486322402954,False
train,0.47822463512420654,0.000428639876190573,0.04196390509605408,0.23907968401908875,0.04749345779418945,-3.2807977199554443,-0.7852138876914978,3.3734543323516846,False
train,0.4786413609981537,0.00046225867117755115,0.041643232107162476,0.2377581000328064,0.04752805829048157,-3.2619268894195557,-1.1839289665222168,3.470137596130371,False
test,0.4790581464767456,0.0004202351556159556,0.041175879538059235,0.23647435009479523,0.047563210129737854,-3.105877637863159,-1.4903333187103271,3.4449338912963867,False
train,0.47947487235069275,0.00046225867117755115,0.04059601575136185,0.23527637124061584,0.047598883509635925,-2.856710910797119,-1.7253273725509644,3.337296962738037,False
train,0.47989165782928467,0.000571519834920764,0.03992919996380806,0.23419468104839325,0.047635048627853394,-2.554109573364258,-1.9083718061447144,3.1883158683776855,False
train,0.4803083837032318,0.0005589127540588379,0.039193861186504364,0.2332441210746765,0.04767169430851936,-2.2337000370025635,-2.056575059890747,3.036266803741455,False
train,0.48072513937950134,0.00046646103146485984,0.038400813937187195,0.23242507874965668,0.04770880192518234,-1.9282094240188599,-2.185476779937744,2.9144983291625977,False
test,0.48114192485809326,0.00046225867117755115,0.037555236369371414,0.23172417283058167,0.047746337950229645,-1.6700358390808105,-2.309957981109619,2.8504254817962646,False
train,0.4815586507320404,0.0004202351556159556,0.03665637969970703,0.23111605644226074,0.047784291207790375,-1.4912199974060059,-2.4438207149505615,2.8628649711608887,False
train,0.4819754362106323,0.0004244375159032643,0.03569737449288368,0.23056013882160187,0.047822631895542145,-1.4213353395462036,-2.5982015132904053,2.9615612030029297,False
train,0.48239216208457947,0.000500079826451838,0.034668631851673126,0.23000656068325043,0.047861337661743164,-1.4836286306381226,-2.7788872718811035,3.1501379013061523,False
train,0.482808917760849,4.202351556159556e-05,0.03355909138917923,0.22939705848693848,0.04790037125349045,-1.6896039247512817,-2.9837403297424316,3.4289164543151855,False
test,0.48322564363479614,0.0,0.032361045479774475,0.22867226600646973,0.0479397177696228,-2.035306215286255,-3.201794385910034,3.7939372062683105,False
train,0.48364242911338806,0.0,0.031072208657860756,0.22777804732322693,0.04797935113310814,-2.498781442642212,-3.4140045642852783,4.23076057434082,False
train,0.4840591549873352,0.0,0.029700087383389473,0.2266721874475479,0.04801924154162407,-3.0410940647125244,-3.596329927444458,4.7097601890563965,False
train,0.4844759404659271,0.0,0.028262043371796608,0.22533279657363892,0.0480593666434288,-3.610055685043335,-3.7243101596832275,5.186809062957764,False
train,0.48489269614219666,0.0,0.0267853531986475,0.22376088798046112,0.04809968173503876,-4.145650386810303,-3.7773590087890625,5.608462810516357,False
test,0.4853094220161438,0.0,0.025304056704044342,0.2219831943511963,0.04814017191529274,-4.588569641113281,-3.7429239749908447,5.921524524688721,False
train,0.4857262074947357,0.0,0.023855293169617653,0.22004914283752441,0.04818078503012657,-4.88679838180542,-3.61797833442688,6.080342769622803,False
train,0.48614293336868286,0.0,0.022476140409708023,0.21802841126918793,0.048221513628959656,-5.002174377441406,-3.408841133117676,6.053258895874023,False
train,0.4865596890449524,0.0,0.021198539063334465,0.21600055694580078,0.04826231673359871,-4.913905620574951,-3.1287593841552734,5.825427532196045,False
train,0.4869764447212219,0.0,0.0200489591807127,0.21405303478240967,0.04830315709114075,-4.619126796722412,-2.7948477268218994,5.398843288421631,False
test,0.48739320039749146,0.0,0.019046036526560783,0.21226949989795685,0.04834400489926338,-4.130124568939209,-2.4244792461395264,4.789157390594482,False
train,0.4878099262714386,0.0,0.018201876431703568,0.2107260525226593,0.04838482290506363,-3.4697084426879883,-2.0325794219970703,4.021225452423096,False
train,0.4882267117500305,0.0,0.017523009330034256,0.2094886600971222,0.048425596207380295,-2.665306568145752,-1.6297237873077393,3.124077320098877,False
train,0.48864346742630005,0.0,0.017012950032949448,0.2086118459701538,0.04846625030040741,-1.744267463684082,-1.2216933965682983,2.1295547485351562,False
train,0.4890601933002472,0.0,0.016673574224114418,0.20813867449760437,0.048506785184144974,-0.7299807071685791,-0.809259295463562,1.0898497104644775,False
test,0.4894769787788391,0.0,0.01650742068886757,0.20810464024543762,0.0485471710562706,0.3590899407863617,-0.38907575607299805,0.5294577479362488,False
train,0.48989370465278625,0.0,0.016519179567694664,0.20853742957115173,0.04858732968568802,1.506986379623413,0.044925883412361145,1.5076559782028198,False
train,0.4903104901313782,0.0,0.016716213896870613,0.20945794880390167,0.04862727224826813,2.69742751121521,0.5004222393035889,2.7434535026550293,False
train,0.4907272160053253,0.0,0.017109263688325882,0.21087980270385742,0.048666927963495255,3.907804250717163,0.9844592809677124,4.029900074005127,False
train,0.49114397168159485,0.0,0.017711564898490906,0.2128051370382309,0.048706285655498505,5.105336666107178,1.501845121383667,5.321653842926025,False
test,0.49156075716018677,0.0,0.018537333235144615,0.21521897614002228,0.0487452931702137,6.243589878082275,2.052471160888672,6.572294235229492,False
train,0.4919774830341339,3.361881317687221e-05,0.01959921233355999,0.2180849015712738,0.04878390580415726,7.263171195983887,2.6289517879486084,7.724315166473389,False
train,0.49239426851272583,2.5214108973159455e-05,0.02090548723936081,0.2213403433561325,0.048822108656167984,8.098578453063965,3.2154788970947266,8.713568687438965,False
train,0.492810994386673,1.6809406588436104e-05,0.0224550012499094,0.2248939722776413,0.0488598607480526,8.687411308288574,3.786926507949829,9.47691535949707,False
train,0.4932277500629425,2.5214108973159455e-05,0.024235667660832405,0.22863411903381348,0.04889710992574692,8.984180450439453,4.311756610870361,9.965276718139648,False
test,0.49364447593688965,1.6809406588436104e-05,0.026220666244626045,0.23243363201618195,0.04893382638692856,8.970937728881836,4.756290435791016,10.153818130493164,False
train,0.49406126141548157,1.6809406588436104e-05,0.028370395302772522,0.23616549372673035,0.04896999150514603,8.6626615524292,5.091364860534668,10.04806900024414,False
train,0.4944779872894287,2.5214108973159455e-05,0.030634351074695587,0.23971439898014069,0.04900553077459335,8.105019569396973,5.298012733459473,9.682989120483398,False
train,0.49489477276802063,1.6809406588436104e-05,0.032958175987005234,0.24299152195453644,0.04904044419527054,7.364777088165283,5.3714823722839355,9.115523338317871,False
train,0.49531152844429016,2.101175778079778e-05,0.035287026315927505,0.24593515694141388,0.049074687063694,6.517600059509277,5.32070779800415,8.41362190246582,False
test,0.4957282543182373,1.6809406588436104e-05,0.03757283091545105,0.2485160082578659,0.04910820722579956,5.636425018310547,5.165710926055908,7.645512104034424,False
train,0.4961450397968292,1.6809406588436104e-05,0.03977787867188454,0.25073426961898804,0.04914098605513573,4.783133029937744,4.9330549240112305,6.8712005615234375,False
train,0.49656176567077637,2.5214108973159455e-05,0.04187508672475815,0.2526111304759979,0.049172986298799515,4.00545597076416,4.651393413543701,6.138333320617676,False
train,0.4969785511493683,1.6809406588436104e-05,0.043850090354681015,0.2541854977607727,0.049204159528017044,3.3345775604248047,4.347288608551025,5.478898048400879,False
train,0.49739527702331543,1.6809406588436104e-05,0.045697569847106934,0.25550541281700134,0.04923449456691742,2.7862095832824707,4.041903018951416,4.909169673919678,False
test,0.49781203269958496,2.5214108973159455e-05,0.04742032662034035,0.2566229999065399,0.04926395043730736,2.360546350479126,3.748342752456665,4.429701328277588,False
train,0.4982287585735321,1.6809406588436104e-05,0.049023937433958054,0.257586270570755,0.04929247498512268,2.0427041053771973,3.4689416885375977,4.025691986083984,False
train,0.498645544052124,8.404703294218052e-06,0.05051301419734955,0.2584351599216461,0.04932006821036339,1.8047715425491333,3.194439649581909,3.669011354446411,False
train,0.49906232953071594,0.0,0.05188564211130142,0.25919511914253235,0.0493466854095459,1.6088347434997559,2.904876947402954,3.320641279220581,False
train,0.4994790554046631,0.0,0.053129643201828,0.2598746716976166,0.04937227815389633,1.412056803703308,2.572646141052246,2.9346911907196045,False
test,0.4998958110809326,0.0,0.05422100052237511,0.26046475768089294,0.04939684271812439,1.1719236373901367,2.1668262481689453,2.4634408950805664,False
train,0.5003125667572021,0.0,0.055123183876276016,0.26093918085098267,0.04942033439874649,0.8522781729698181,1.6592857837677002,1.8653706312179565,False
train,0.5007293224334717,0.0,0.05578905716538429,0.26125943660736084,0.04944273456931114,0.42724817991256714,1.029870867729187,1.1149775981903076,False
train,0.5011460185050964,0.0,0.056165557354688644,0.2613779902458191,0.049464017152786255,-0.11591807752847672,0.2712755799293518,0.2950041592121124,False
train,0.5015628337860107,0.0,0.056200116872787476,0.26124557852745056,0.04948415607213974,-0.7763349413871765,-0.6085619926452637,0.986429750919342,False
test,0.5019795894622803,0.0,0.05584656447172165,0.26081541180610657,0.04950311779975891,-1.5391665697097778,-1.5838676691055298,2.2085447311401367,False
train,0.5023963451385498,0.0,0.055073756724596024,0.2600506842136383,0.049520887434482574,-2.3767895698547363,-2.612612247467041,3.5319783687591553,False
train,0.5028131008148193,0.0,0.05387048423290253,0.2589282989501953,0.049537431448698044,-3.2506749629974365,-3.639273166656494,4.879672050476074,False
train,0.5032297968864441,0.0,0.052250269800424576,0.25744202733039856,0.04955274984240532,-4.114212512969971,-4.600647926330566,6.171928882598877,False
train,0.5036466121673584,0.0,0.05025327578186989,0.25560638308525085,0.04956680163741112,-4.917159080505371,-5.434387683868408,7.328780174255371,False
test,0.5040633082389832,0.0,0.04794471710920334,0.25345727801322937,0.04957957565784454,-5.608821392059326,-6.086304187774658,8.276592254638672,False
train,0.5044801235198975,0.0,0.04540792480111122,0.2510509192943573,0.049591064453125,-6.143263339996338,-6.518980979919434,8.957499504089355,False
train,0.5048968195915222,0.0,0.04274026304483414,0.24846236407756805,0.0496012382209301,-6.481903076171875,-6.714904308319092,9.333006858825684,False
train,0.5053135752677917,0.0,0.040038589388132095,0.245777428150177,0.04961009323596954,-6.596133708953857,-6.67755126953125,9.386089324951172,False
train,0.505730390548706,0.0,0.0373966209590435,0.24309465289115906,0.04961760342121124,-6.468422889709473,-6.428386688232422,9.119465827941895,False
test,0.5061470866203308,0.0,0.034896716475486755,0.24051734805107117,0.0496237687766552,-6.093416690826416,-6.002147197723389,8.553098678588867,False
train,0.5065639019012451,0.0,0.032602615654468536,0.238145649433136,0.04962858185172081,-5.478703022003174,-5.440700531005859,7.721230983734131,False
train,0.5069805979728699,0.0,0.03056308440864086,0.23607739806175232,0.049632005393505096,-4.646188259124756,-4.7885541915893555,6.672130107879639,False
train,0.5073973536491394,0.0,0.028805920854210854,0.23439471423625946,0.04963407665491104,-3.6315104961395264,-4.087419509887695,5.467619895935059,False
train,0.5078141093254089,0.0,0.027344319969415665,0.2331647127866745,0.04963475838303566,-2.4848883152008057,-3.3748295307159424,4.190959930419922,False
test,0.5082308650016785,0.0,0.026176245883107185,0.23242951929569244,0.04963405057787895,-1.269007682800293,-2.682405471801758,2.9674365520477295,False
train,0.508647620677948,0.0,0.025287572294473648,0.23220191895961761,0.04963196441531181,-0.056059740483760834,-2.0364341735839844,2.037205696105957,False
train,0.5090643763542175,0.0,0.024654986336827278,0.23246681690216064,0.049628473818302155,1.0776523351669312,-1.458413004875183,1.8133678436279297,False
train,0.5094811320304871,0.0,0.02424612268805504,0.2331744134426117,0.04962361603975296,2.0585811138153076,-0.9656965732574463,2.2738351821899414,False
train,0.5098978877067566,0.0,0.024023255333304405,0.23424869775772095,0.049617357552051544,2.8250837326049805,-0.5710644721984863,2.882223606109619,False
test,0.5103146433830261,0.0,0.023943258449435234,0.23558947443962097,0.049609724432229996,3.336188793182373,-0.2814957797527313,3.348043441772461,False
train,0.5107313990592957,0.0,0.023962724953889847,0.23708763718605042,0.049600712954998016,3.5811498165130615,-0.09543751180171967,3.58242130279541,False
train,0.5111481547355652,0.0,0.024040982127189636,0.2386368364095688,0.049590326845645905,3.584627628326416,-0.0005241930484771729,3.584627628326416,False
train,0.5115649104118347,0.0,0.024144371971488,0.24014700949192047,0.049578577280044556,3.407623767852783,0.02757774293422699,3.4077353477478027,False
train,0.5119816660881042,0.0,0.024252017959952354,0.24156133830547333,0.04956548660993576,3.1415069103240967,0.023823514580726624,3.141597270965576,False
test,0.5123984217643738,0.0,0.02435913309454918,0.24286501109600067,0.049551043659448624,2.8960165977478027,0.02968752384185791,2.8961687088012695,False
train,0.5128151774406433,0.0,0.024478405714035034,0.24408994615077972,0.04953527823090553,2.7821402549743652,0.0869169533252716,2.7834975719451904,False
train,0.5132319331169128,0.0,0.024639414623379707,0.2453126460313797,0.04951820522546768,2.8943305015563965,0.23135165870189667,2.903562068939209,False
train,0.5136486887931824,0.0,0.024883752688765526,0.24664033949375153,0.049499835819005966,3.296011447906494,0.4887636601924896,3.3320536613464355,False
train,0.5140654444694519,0.0,0.025262104347348213,0.2482004463672638,0.04948018491268158,4.009884834289551,0.8732180595397949,4.103862285614014,False
test,0.5144821405410767,0.0,0.025828611105680466,0.2501205503940582,0.04945928603410721,5.01686429977417,1.3883676528930664,5.2054290771484375,False
train,0.514898955821991,0.0,0.026637304574251175,0.25251302123069763,0.049437135457992554,6.260531425476074,2.0297200679779053,6.581338405609131,False
train,0.5153156518936157,0.0,0.027738358825445175,0.2554576098918915,0.049413781613111496,7.653674125671387,2.785411834716797,8.144768714904785,False
train,0.51573246717453,0.0,0.029176684096455574,0.2589966654777527,0.04938922077417374,9.09058666229248,3.637493133544922,9.791328430175781,False
train,0.5161492228507996,0.0,0.030986782163381577,0.26312336325645447,0.04936350882053375,10.453845977783203,4.558148384094238,11.40436840057373,False
test,0.5165659189224243,0.0,0.03318946436047554,0.26778194308280945,0.049336642026901245,11.624297142028809,5.506625175476074,12.862627983093262,False
train,0.5169827342033386,0.0,0.0357857309281826,0.2728697657585144,0.049308665096759796,12.488675117492676,6.424715518951416,14.044358253479004,False
train,0.5173994302749634,8.404703294218052e-06,0.03874557092785835,0.2782343327999115,0.04927960783243179,12.943963050842285,7.231385231018066,14.826972007751465,False
train,0.5178161859512329,3.361881317687221e-05,0.04200344532728195,0.283689945936203,0.049249500036239624,12.906237602233887,7.824556827545166,15.092867851257324,False
train,0.5182329416275024,3.782116618822329e-05,0.04544537514448166,0.28901633620262146,0.04921836778521538,12.315313339233398,8.085440635681152,14.732321739196777,False
test,0.518649697303772,2.5214108973159455e-05,0.04890744388103485,0.29397550225257874,0.04918624833226204,11.14354133605957,7.8953375816345215,13.657044410705566,False
train,0.5190664529800415,1.6809406588436104e-05,0.05218103155493736,0.29832741618156433,0.0491531640291214,9.402687072753906,7.160562038421631,11.818805694580078,False
train,0.519483208656311,4.202351647109026e-06,0.05502820387482643,0.3018440902233124,0.049119167029857635,7.151518821716309,5.844720363616943,9.236069679260254,False
train,0.5198999643325806,4.202351647109026e-06,0.057213861495256424,0.3043346703052521,0.04908427596092224,4.4997453689575195,3.998267412185669,6.019456386566162,False
train,0.5203167200088501,0.0,0.05854439735412598,0.30566346645355225,0.0490485355257988,1.6066505908966064,1.7720080614089966,2.3919320106506348,False
test,0.5207334756851196,0.0,0.05890857055783272,0.3057706356048584,0.04901198670268059,-1.3304548263549805,-0.598318338394165,1.458799123764038,False
train,0.5211502313613892,0.0,0.05830251798033714,0.30468177795410156,0.0489746630191803,-4.094441890716553,-2.8357393741607666,4.980549335479736,False
train,0.5215669870376587,0.0,0.05683617666363716,0.30251359939575195,0.04893660917878151,-6.475898265838623,-4.684712886810303,7.992733955383301,False
train,0.5219837427139282,0.0,0.05471235513687134,0.29946401715278625,0.04889786243438721,-8.30196475982666,-5.968329429626465,10.224655151367188,False
train,0.5224004983901978,0.0,0.05218362808227539,0.29578888416290283,0.048858463764190674,-9.463239669799805,-6.620501518249512,11.549196243286133,False
test,0.5228172540664673,0.0,0.049507852643728256,0.291775107383728,0.048818450421094894,-9.930048942565918,-6.682979583740234,11.969465255737305,False
train,0.5232340097427368,0.0,0.046907689422369,0.28770342469215393,0.04877786710858345,-9.75378131866455,-6.273904800415039,11.597332954406738,False
train,0.5236507654190063,0.0,0.04454876482486725,0.28381919860839844,0.04873676225543022,-9.054265975952148,-5.54647159576416,10.618054389953613,False
train,0.5240675210952759,0.0,0.04253111034631729,0.2803071439266205,0.048695169389247894,-7.995563507080078,-4.652534484863281,9.25068187713623,False
train,0.5244842767715454,0.0,0.04089708626270294,0.2772800624370575,0.04865313693881035,-6.757194519042969,-3.7199885845184326,7.713494300842285,False
test,0.5249009728431702,0.0,0.03964150696992874,0.27477654814720154,0.04861071705818176,-5.509045600891113,-2.8448054790496826,6.200201511383057,False
train,0.5253177881240845,0.0,0.03872581571340561,0.2727693021297455,0.04856792837381363,-4.392585754394531,-2.0922300815582275,4.86541223526001,False
train,0.5257344841957092,0.0,0.038090597838163376,0.2711816728115082,0.048524849116802216,-3.5138442516326904,-1.5036721229553223,3.8220584392547607,False
train,0.5261512994766235,0.0,0.037661295384168625,0.2698974013328552,0.048481494188308716,-2.9409875869750977,-1.1023859977722168,3.140806198120117,False
train,0.5265680551528931,0.0,0.03735775873064995,0.2687816917896271,0.048437923192977905,-2.709963083267212,-0.8995189666748047,2.8553519248962402,False
test,0.5269847512245178,0.0,0.037096671760082245,0.267689049243927,0.04839419573545456,-2.8298227787017822,-0.8965044021606445,2.9684369564056396,False
train,0.5274015665054321,0.0,0.03679579496383667,0.26647481322288513,0.048350315541028976,-3.2870066165924072,-1.0849270820617676,3.4614274501800537,False
train,0.5278182625770569,0.0,0.03637941926717758,0.2650054693222046,0.04830637946724892,-4.047360897064209,-1.4444851875305176,4.297402381896973,False
train,0.5282350778579712,0.0,0.03578266128897667,0.2631649076938629,0.048262398689985275,-5.056551933288574,-1.9403132200241089,5.416044235229492,False
train,0.528651773929596,0.0,0.03495892137289047,0.26086533069610596,0.04821842536330223,-6.23846435546875,-2.521172523498535,6.728651523590088,False
test,0.5290685296058655,0.0,0.03388511762022972,0.25805211067199707,0.04817449301481247,-7.500377655029297,-3.123629093170166,8.124821662902832,False
train,0.529485285282135,0.0,0.03256659582257271,0.2547144591808319,0.048130668699741364,-8.737286567687988,-3.6788582801818848,9.480198860168457,False
train,0.5299020409584045,0.0,0.03103635460138321,0.25088489055633545,0.0480869822204113,-9.84376335144043,-4.124589443206787,10.672952651977539,False
train,0.5303188562393188,0.0,0.02934967167675495,0.24663689732551575,0.04804348200559616,-10.725900650024414,-4.4157609939575195,11.599305152893066,False
train,0.5307355523109436,0.0,0.02757680043578148,0.24208199977874756,0.04800020903348923,-11.311532020568848,-4.531022071838379,12.185275077819824,False
test,0.5311523079872131,0.0,0.02579059638082981,0.2373521476984024,0.04795720800757408,-11.556761741638184,-4.473112106323242,12.392234802246094,False
train,0.5315690636634827,0.0,0.024059424176812172,0.23259387910366058,0.0479145273566246,-11.445459365844727,-4.263064384460449,12.21360969543457,False
train,0.5319858193397522,0.0,0.022440334782004356,0.22795480489730835,0.047872189432382584,-10.985949516296387,-3.9322752952575684,11.668498992919922,False
train,0.5324025750160217,0.0,0.02097678929567337,0.22357532382011414,0.047830257564783096,-10.20351791381836,-3.514256477355957,10.791746139526367,False
train,0.5328193306922913,0.0,0.019698675721883774,0.21958258748054504,0.04778876155614853,-9.133609771728516,-3.038804769515991,9.625859260559082,False
test,0.5332360863685608,0.0,0.018625279888510704,0.2160889208316803,0.047747738659381866,-7.815802574157715,-2.5287790298461914,8.214712142944336,False
train,0.5336528420448303,0.0,0.017767678946256638,0.2131887674331665,0.047707248479127884,-6.2905449867248535,-1.9993901252746582,6.600645542144775,False
train,0.5340695977210999,0.0,0.017132211476564407,0.2109602838754654,0.04766729846596718,-4.597498416900635,-1.4586981534957886,4.82335901260376,False
train,0.5344863533973694,0.0,0.01672324165701866,0.20946553349494934,0.047627951949834824,-2.775925636291504,-0.9092304110527039,2.9210379123687744,False
train,0.5349031090736389,0.0,0.01654469221830368,0.20874877274036407,0.04758923128247261,-0.8669777512550354,-0.34984010457992554,0.9349002838134766,False
test,0.5353198647499084,0.0,0.016601938754320145,0.20883889496326447,0.04755118489265442,1.0845190286636353,0.22237567603588104,1.1070828437805176,False
train,0.535736620426178,0.0,0.016900835558772087,0.20974226295948029,0.04751384258270264,3.0274734497070312,0.8097786903381348,3.1339011192321777,False
train,0.5361533164978027,0.0,0.017448166385293007,0.21144336462020874,0.04747723788022995,4.903310775756836,1.411869764328003,5.102531909942627,False
train,0.536570131778717,0.0,0.01824965514242649,0.2139020711183548,0.047441400587558746,6.648374080657959,2.023343801498413,6.949446201324463,False
train,0.5369868874549866,0.0,0.019306521862745285,0.2170482575893402,0.04740636423230171,8.194757461547852,2.6312358379364014,8.606825828552246,False
test,0.5374035835266113,0.0,0.020613817498087883,0.2207866609096527,0.04737216234207153,9.478074073791504,3.2144250869750977,10.008316993713379,False
train,0.5378203988075256,0.0,0.0221557654440403,0.22499656677246094,0.047338828444480896,10.44371223449707,3.7433953285217285,11.094328880310059,False
train,0.5382370948791504,0.0,0.023901771754026413,0.22953426837921143,0.04730639606714249,11.050725936889648,4.1812238693237305,11.81529426574707,False
train,0.5386539101600647,0.0,0.025806521996855736,0.23424775898456573,0.0472748801112175,11.277892112731934,4.488031387329102,12.138092041015625,False
train,0.5390706062316895,0.0,0.027806196361780167,0.238975390791893,0.04724431782960892,11.123967170715332,4.625217437744141,12.047210693359375,False
test,0.539487361907959,0.0,0.029824160039424896,0.24356305599212646,0.04721473157405853,10.607583999633789,4.562553405761719,11.547196388244629,False
train,0.5399041175842285,0.0,0.03177286684513092,0.24786663055419922,0.04718613252043724,9.766135215759277,4.284307956695557,10.664552688598633,False
train,0.540320873260498,0.0,0.03356265649199486,0.25176113843917847,0.04715856537222862,8.653690338134766,3.795138359069824,9.449308395385742,False
train,0.5407376885414124,0.0,0.03511049598455429,0.2551477253437042,0.047132041305303574,7.338680744171143,3.1229004859924316,7.975508689880371,False
train,0.5411543846130371,0.0,0.03634936362504959,0.25795769691467285,0.04710659384727478,5.90266752243042,2.3187668323516846,6.3417792320251465,False
test,0.5415711402893066,0.0,0.03723824396729469,0.2601594924926758,0.04708223417401314,4.433615684509277,1.4508516788482666,4.664967060089111,False
train,0.5419878959655762,0.0,0.03776620328426361,0.2617581784725189,0.04705897346138954,3.0238163471221924,0.596656322479248,3.082119941711426,False
train,0.5424046516418457,0.0,0.03795474395155907,0.2627972662448883,0.04703683778643608,1.7606403827667236,-0.1692786067724228,1.7687593698501587,False
train,0.5428214073181152,0.0,0.03785372152924538,0.26335394382476807,0.047015830874443054,0.7201218605041504,-0.7858614921569824,1.0659050941467285,False
train,0.5432381629943848,0.0,0.037534311413764954,0.2635337710380554,0.04699598252773285,-0.040334731340408325,-1.2129204273223877,1.2135908603668213,False
test,0.5436549186706543,0.0,0.037079717963933945,0.26346126198768616,0.04697731137275696,-0.48718565702438354,-1.4342446327209473,1.5147300958633423,False
train,0.5440716743469238,0.0,0.03657521307468414,0.2632696032524109,0.046959809958934784,-0.6114597916603088,-1.4545948505401611,1.5778875350952148,False
train,0.5444884300231934,0.0,0.036100778728723526,0.2630912959575653,0.046943504363298416,-0.4279906749725342,-1.2944111824035645,1.363332748413086,False
train,0.5449051856994629,0.0,0.03572599217295647,0.2630484402179718,0.04692839831113815,0.02967081218957901,-0.9823566675186157,0.9828046560287476,False
train,0.5453219413757324,0.0,0.03550735116004944,0.2632448375225067,0.04691449552774429,0.7130128145217896,-0.5499709844589233,0.9004750847816467,False
test,0.545738697052002,0.0,0.03548881784081459,0.2637631893157959,0.04690181091427803,1.5634428262710571,-0.027940064668655396,1.5636924505233765,False
train,0.5461554527282715,0.0,0.03570161014795303,0.26465898752212524,0.046890344470739365,2.515603542327881,0.5552083253860474,2.576143980026245,False
train,0.5465721487998962,0.0,0.03616589307785034,0.2659609317779541,0.046880099922418594,3.4991981983184814,1.1720551252365112,3.6902711391448975,False
train,0.5469889640808105,0.0,0.03689032420516014,0.2676675319671631,0.04687108099460602,4.4421844482421875,1.7950981855392456,4.791177272796631,False
train,0.5474057197570801,0.0,0.037870991975069046,0.26974570751190186,0.04686329513788223,5.271775245666504,2.393724203109741,5.789778232574463,False
test,0.5478224754333496,0.0,0.03909102827310562,0.27213433384895325,0.046856749802827835,5.919633388519287,2.933833122253418,6.606771945953369,False
train,0.5482392311096191,0.0,0.040518272668123245,0.27474451065063477,0.046851422637701035,6.326394081115723,3.3777849674224854,7.171658992767334,False
train,0.5486559271812439,0.0,0.042104270309209824,0.27746525406837463,0.04684732109308243,6.446008682250977,3.6858651638031006,7.4254045486450195,False
train,0.5490727424621582,0.0,0.04378516599535942,0.2801719307899475,0.04684445261955261,6.251636028289795,3.8212740421295166,7.3270111083984375,False
train,0.549489438533783,0.0,0.04548186436295509,0.28273046016693115,0.0468427911400795,5.7395172119140625,3.7555723190307617,6.859036445617676,False
test,0.5499062538146973,0.0,0.04710770025849342,0.28501325845718384,0.04684234410524368,4.928520202636719,3.4743833541870117,6.030062198638916,False
train,0.550322949886322,0.0,0.048572540283203125,0.28690266609191895,0.04684310778975487,3.860884428024292,2.983182191848755,4.879119396209717,False
train,0.5507397055625916,0.0,0.04979323595762253,0.28830307722091675,0.046845074743032455,2.595782995223999,2.3080313205718994,3.473484992980957,False
train,0.5511565208435059,0.0,0.05070243030786514,0.28914761543273926,0.04684821516275406,1.2035332918167114,1.493928074836731,1.9184143543243408,False
train,0.5515732169151306,0.0,0.05125365033745766,0.289398729801178,0.04685254767537117,-0.2418019026517868,0.5988463759422302,0.6458212733268738,False
test,0.5519900321960449,0.0,0.05142517387866974,0.2890479564666748,0.046858035027980804,-1.67275869846344,-0.3165360391139984,1.7024444341659546,False
train,0.5524067282676697,0.0,0.051221128553152084,0.2881145775318146,0.046864673495292664,-3.0302441120147705,-1.1942479610443115,3.2570858001708984,False
train,0.5528234839439392,0.0,0.050666842609643936,0.28663840889930725,0.04687245562672615,-4.269687652587891,-1.987255573272705,4.709502696990967,False
train,0.5532402396202087,0.0,0.04980555921792984,0.284676194190979,0.04688136652112007,-5.356886863708496,-2.6595401763916016,5.9807515144348145,False
train,0.5536569952964783,0.0,0.048692889511585236,0.28229692578315735,0.04689138010144234,-6.266921520233154,-3.186814069747925,7.030653476715088,False
test,0.5540737509727478,0.0,0.04739249870181084,0.2795788645744324,0.046902477741241455,-6.979346752166748,-3.554082155227661,7.832163333892822,False
train,0.5544905066490173,0.0,0.045973144471645355,0.2766087055206299,0.04691464826464653,-7.475107192993164,-3.7536561489105225,8.36463737487793,False
train,0.5549072623252869,0.0,0.04450475797057152,0.2734801173210144,0.04692787304520607,-7.735162734985352,-3.7837746143341064,8.611021041870117,False
train,0.5553240180015564,0.0,0.04305722564458847,0.270294725894928,0.046942129731178284,-7.741041660308838,-3.647826671600342,8.557474136352539,False
train,0.5557407736778259,0.0,0.04169866070151329,0.26716282963752747,0.04695739224553108,-7.477959632873535,-3.3545055389404297,8.19588851928711,False
test,0.5561575293540955,0.0,0.04049166291952133,0.2641978859901428,0.04697364568710327,-6.938302993774414,-2.9169907569885254,7.52654504776001,False
train,0.556574285030365,0.0,0.03949309140443802,0.2615146338939667,0.04699087142944336,-6.126762390136719,-2.353166103363037,6.563124656677246,False
train,0.5569910407066345,0.0,0.0387512631714344,0.25922343134880066,0.04700902849435806,-5.063132286071777,-1.6844565868377686,5.335981845855713,False
train,0.557407796382904,0.0,0.038304731249809265,0.25742095708847046,0.047028109431266785,-3.785940647125244,-0.9362466335296631,3.8999876976013184,False
train,0.5578245520591736,0.0,0.03818109631538391,0.25618594884872437,0.047048069536685944,-2.3524246215820312,-0.13758477568626404,2.3564445972442627,False
test,0.5582413077354431,0.0,0.03839483857154846,0.2555685043334961,0.04706890136003494,-0.8360666036605835,0.6780593395233154,1.0764626264572144,False
train,0.5586580634117126,0.0,0.03894522786140442,0.2555854916572571,0.0470905676484108,0.678790807723999,1.4726330041885376,1.6215440034866333,False
train,0.5590747594833374,0.0,0.03981485217809677,0.2562180161476135,0.047113046050071716,2.1042401790618896,2.203275680541992,3.0466785430908203,False
train,0.5594915747642517,0.0,0.04096832126379013,0.2574121952056885,0.04713631421327591,3.358734369277954,2.8243823051452637,4.388420104980469,False
train,0.5599082708358765,0.0,0.04234977811574936,0.25908076763153076,0.047160323709249496,4.372683048248291,3.2891154289245605,5.471621036529541,False
test,0.5603250861167908,0.0,0.043885670602321625,0.26111310720443726,0.04718506708741188,5.096081733703613,3.5547726154327393,6.213409423828125,False
train,0.5607417821884155,0.0,0.04548495635390282,0.2633804976940155,0.047210488468408585,5.498908519744873,3.5868923664093018,6.565347671508789,False
train,0.5611585378646851,0.0,0.04704592749476433,0.26574745774269104,0.047236572951078415,5.572152137756348,3.365133762359619,6.50945520401001,False
train,0.5615753531455994,0.0,0.04846232756972313,0.268078476190567,0.04726330190896988,5.3253703117370605,2.8879823684692383,6.058053493499756,False
train,0.5619920492172241,0.0,0.049630194902420044,0.270243763923645,0.0472906269133091,4.786874294281006,2.177642822265625,5.258924961090088,False
test,0.5624088644981384,0.0,0.050462305545806885,0.2721322476863861,0.04731851816177368,4.001338005065918,1.2804960012435913,4.201234817504883,False
train,0.5628255605697632,0.0,0.050893623381853104,0.273651659488678,0.04734693095088005,3.0300045013427734,0.26626497507095337,3.0416812896728516,False
train,0.5632423162460327,0.0,0.05089275911450386,0.27474015951156616,0.047375861555337906,1.946546196937561,-0.7804578542709351,2.0971782207489014,False
train,0.5636590719223022,0.0,0.05046524852514267,0.2753686308860779,0.04740525782108307,0.8323644399642944,-1.7707116603851318,1.9565914869308472,False
train,0.5640758275985718,0.0,0.04965106025338173,0.27554020285606384,0.04743509367108345,-0.23091848194599152,-2.62480092048645,2.634938955307007,False
test,0.5644926428794861,0.0,0.04851974546909332,0.27529218792915344,0.047465335577726364,-1.1707148551940918,-3.284663677215576,3.487060308456421,False
train,0.5649093389511108,0.0,0.047159772366285324,0.27468812465667725,0.04749593511223793,-1.9303227663040161,-3.7198798656463623,4.190901279449463,False
train,0.5653260946273804,0.0,0.04566599056124687,0.27381202578544617,0.04752688109874725,-2.4746615886688232,-3.9288408756256104,4.643247127532959,False
train,0.5657428503036499,0.0,0.04412852227687836,0.27275604009628296,0.047558125108480453,-2.7913200855255127,-3.9330830574035645,4.822925090789795,False
train,0.5661596059799194,0.0,0.04262562841176987,0.2716147005558014,0.047589629888534546,-2.888267993927002,-3.7690255641937256,4.748435974121094,False
test,0.566576361656189,0.0,0.04121823608875275,0.27047449350357056,0.047621387988328934,-2.7894914150238037,-3.479309558868408,4.459468364715576,False
train,0.5669931173324585,0.0,0.03995022177696228,0.2694103717803955,0.047653328627347946,-2.5294406414031982,-3.1059489250183105,4.005619525909424,False
train,0.567409873008728,0.0,0.03884868323802948,0.2684818208217621,0.047685448080301285,-2.1472597122192383,-2.685673236846924,3.4385409355163574,False
train,0.5678266286849976,0.0,0.03792641684412956,0.26773062348365784,0.04771770164370537,-1.68338942527771,-2.2484309673309326,2.80877947807312,False
train,0.5682433843612671,0.0,0.03718524053692818,0.267182320356369,0.04775005206465721,-1.1776026487350464,-1.817665934562683,2.16579270362854,False
test,0.5686601400375366,0.0,0.03661936894059181,0.2668475806713104,0.04778246954083443,-0.6683446168899536,-1.411834955215454,1.5620379447937012,False
train,0.5690768957138062,0.0,0.03621447831392288,0.2667189836502075,0.047814931720495224,-0.19333940744400024,-1.04603910446167,1.0637564659118652,False
train,0.5694936513900757,0.0,0.03595150262117386,0.26677483320236206,0.04784737899899483,0.210284024477005,-0.733640193939209,0.7631823420524597,False
train,0.5699104070663452,0.0,0.035805437713861465,0.2669776380062103,0.04787980392575264,0.5070019960403442,-0.4866918623447418,0.7027943730354309,False
train,0.57032710313797,0.0,0.03574705496430397,0.2672765254974365,0.04791216179728508,0.6646469235420227,-0.3159717917442322,0.7359305024147034,False
test,0.5707439184188843,0.0,0.035742342472076416,0.26760703325271606,0.04794443026185036,0.6573360562324524,-0.22972148656845093,0.6963207721710205,False
train,0.571160614490509,0.0,0.03575539216399193,0.2678975462913513,0.04797656089067459,0.46827226877212524,-0.23252072930335999,0.5228238701820374,False
train,0.5715774297714233,0.0,0.035748761147260666,0.2680697441101074,0.04800855740904808,0.09309931099414825,-0.3232315182685852,0.3363719582557678,False
train,0.5719941854476929,0.0,0.03568734601140022,0.2680490016937256,0.04804035276174545,-0.4580261707305908,-0.49381357431411743,0.6735278964042664,False
train,0.5724108815193176,0.0,0.035540871322155,0.2677658498287201,0.04807192087173462,-1.1581205129623413,-0.7279551029205322,1.3679040670394897,False
test,0.5728276968002319,0.0,0.03528755530714989,0.26716750860214233,0.048103250563144684,-1.9624686241149902,-1.0007323026657104,2.202895402908325,False
train,0.5732443928718567,0.0,0.034918054938316345,0.26622337102890015,0.04813430830836296,-2.8083059787750244,-1.2795872688293457,3.086085796356201,False
train,0.573661208152771,0.0,0.034436535090208054,0.264929860830307,0.04816506430506706,-3.6196508407592773,-1.5277063846588135,3.9288368225097656,False
train,0.5740779042243958,0.0,0.033864326775074005,0.26332080364227295,0.048195477575063705,-4.314168453216553,-1.7088605165481567,4.640285968780518,False
train,0.5744946599006653,0.0,0.03323475271463394,0.2614591717720032,0.04822554066777229,-4.8169050216674805,-1.7945019006729126,5.140312194824219,False
test,0.5749114751815796,0.0,0.03259167820215225,0.25943776965141296,0.048255231231451035,-5.0728654861450195,-1.7689517736434937,5.372444152832031,False
train,0.5753281712532043,0.0,0.03198207542300224,0.257366418838501,0.04828449711203575,-5.059532165527344,-1.6332378387451172,5.316608905792236,False
train,0.5757449269294739,0.0,0.03144822269678116,0.2553538978099823,0.04831333085894585,-4.791957378387451,-1.4042201042175293,4.993464946746826,False
train,0.5761616826057434,0.0,0.031023656949400902,0.2534979283809662,0.048341698944568634,-4.32071590423584,-1.1115756034851074,4.461410999298096,False
train,0.5765784382820129,0.0,0.03072727844119072,0.2518676221370697,0.04836959019303322,-3.722827911376953,-0.79274982213974,3.8062973022460938,False
test,0.5769951939582825,0.0,0.030561476945877075,0.25049692392349243,0.04839697480201721,-3.0892562866210938,-0.4883421063423157,3.1276161670684814,False
train,0.577411949634552,0.0,0.03051198460161686,0.24938146770000458,0.04842383414506912,-2.5127193927764893,-0.2385387420654297,2.5240166187286377,False
train,0.5778287053108215,0.0,0.030548281967639923,0.248479425907135,0.04845014959573746,-2.0770487785339355,-0.08022844791412354,2.0785977840423584,False
train,0.5782454609870911,0.0,0.030625827610492706,0.24771784245967865,0.04847588390111923,-1.8501105308532715,-0.04453752934932709,1.8506464958190918,False
train,0.5786622166633606,0.0,0.030688265338540077,0.2469986379146576,0.04850103706121445,-1.878066062927246,-0.15347665548324585,1.884326696395874,False
test,0.5790789723396301,0.0,0.030672971159219742,0.24621054530143738,0.04852558299899101,-2.1815130710601807,-0.4158309996128082,2.2207915782928467,False
train,0.5794957280158997,0.0,0.030517207458615303,0.2452392876148224,0.048549506813287735,-2.7530345916748047,-0.823156476020813,2.873462438583374,False
train,0.5799124836921692,0.0,0.030165614560246468,0.24397970736026764,0.04857278987765312,-3.5568106174468994,-1.3473258018493652,3.8034443855285645,False
train,0.5803292393684387,0.0,0.02957848086953163,0.24234697222709656,0.04859541356563568,-4.530670166015625,-1.9412744045257568,4.929048538208008,False
train,0.5807459354400635,0.0,0.028739307075738907,0.24028772115707397,0.04861735552549362,-5.591625213623047,-2.5446555614471436,6.143414497375488,False
test,0.5811627507209778,0.0,0.02765653096139431,0.237783282995224,0.04863862320780754,-6.64530086517334,-3.0935821533203125,7.330093860626221,False
train,0.5815794467926025,0.0,0.026365770027041435,0.23485836386680603,0.04865918308496475,-7.595393180847168,-3.531341791152954,8.376178741455078,False
train,0.5819962620735168,4.622586857294664e-05,0.02492149919271469,0.23157364130020142,0.048679035156965256,-8.356934547424316,-3.8192172050476074,9.188295364379883,False
train,0.5824130177497864,1.6809406588436104e-05,0.02339065633714199,0.22802267968654633,0.048698171973228455,-8.862764358520508,-3.940364360809326,9.699230194091797,False
train,0.5828297138214111,1.6809406588436104e-05,0.02184252068400383,0.22432273626327515,0.048716556280851364,-9.071053504943848,-3.9003589153289795,9.87404727935791,False
test,0.5832465291023254,2.5214108973159455e-05,0.020339075475931168,0.22059930860996246,0.048734210431575775,-8.965166091918945,-3.7212188243865967,9.706785202026367,False
train,0.5836632251739502,4.622586857294664e-05,0.018932919949293137,0.21698561310768127,0.0487510971724987,-8.5518798828125,-3.4345221519470215,9.215779304504395,False
train,0.5840800404548645,2.5214108973159455e-05,0.0176613237708807,0.21360324323177338,0.04876723513007164,-7.855445384979248,-3.073591947555542,8.435341835021973,False
train,0.5844967365264893,3.361881317687221e-05,0.016549278050661087,0.2105640321969986,0.048782601952552795,-6.913540363311768,-2.668909788131714,7.410810947418213,False
train,0.5849134922027588,4.202351556159556e-05,0.015609649941325188,0.20796102285385132,0.04879719018936157,-5.77018928527832,-2.2445149421691895,6.191359519958496,False
test,0.5853303074836731,2.5214108973159455e-05,0.014846783131361008,0.2058672308921814,0.04881099984049797,-4.473531723022461,-1.8178002834320068,4.828755855560303,False
train,0.5857470035552979,3.782116618822329e-05,0.01425960287451744,0.20433710515499115,0.048824019730091095,-3.074378490447998,-1.4004833698272705,3.3783364295959473,False
train,0.5861638188362122,2.9416461984510534e-05,0.013842575252056122,0.20340245962142944,0.04883624240756035,-1.6234099864959717,-0.9994581341743469,1.9064041376113892,False
train,0.5865805149078369,2.9416461984510534e-05,0.01358826830983162,0.20307393372058868,0.04884769022464752,-0.17540410161018372,-0.6197359561920166,0.6440801620483398,False
train,0.5869972705841064,3.782116618822329e-05,0.013487104326486588,0.203338623046875,0.04885832965373993,1.2131679058074951,-0.2654036581516266,1.2418596744537354,False
test,0.587414026260376,2.5214108973159455e-05,0.01352767739444971,0.20415933430194855,0.04886816069483757,2.4818854331970215,0.05819183588027954,2.482567548751831,False
train,0.5878307819366455,3.782116618822329e-05,0.013695796020328999,0.20547278225421906,0.04887721687555313,3.5690813064575195,0.34363001585006714,3.585585594177246,False
train,0.588247537612915,2.5214108973159455e-05,0.013973946683108807,0.20719163119792938,0.04888546094298363,4.416472911834717,0.5812984704971313,4.454564094543457,False
train,0.5886642932891846,4.202351556159556e-05,0.014339977875351906,0.20920519530773163,0.04889291524887085,4.97548246383667,0.7601500153541565,5.033215045928955,False
train,0.5890810489654541,3.361881317687221e-05,0.014767279848456383,0.21138586103916168,0.0488995686173439,5.216368198394775,0.8700281381607056,5.288425445556641,False
test,0.5894978046417236,3.361881317687221e-05,0.015225758776068687,0.21360015869140625,0.04890542849898338,5.135890960693359,0.9046728014945984,5.214960098266602,False
train,0.5899145603179932,4.622586857294664e-05,0.015683788806200027,0.21571820974349976,0.04891049116849899,4.762810707092285,0.8651479482650757,4.8407487869262695,False
train,0.5903313159942627,3.782116618822329e-05,0.016112377867102623,0.21763010323047638,0.04891476035118103,4.157367706298828,0.7619568109512329,4.226616382598877,False
train,0.5907480716705322,3.361881317687221e-05,0.016488663852214813,0.21925592422485352,0.04891825467348099,3.406008005142212,0.6153701543807983,3.461151599884033,False
train,0.5911648273468018,4.622586857294664e-05,0.016800077632069588,0.22055569291114807,0.04892096295952797,2.609537124633789,0.4527016580104828,2.6485133171081543,False
test,0.5915815830230713,2.9416461984510534e-05,0.017046067863702774,0.22153240442276,0.04892290011048317,1.8696473836898804,0.30385589599609375,1.894177794456482,False
train,0.591998279094696,4.202351556159556e-05,0.017237886786460876,0.22222749888896942,0.04892406240105629,1.2750176191329956,0.19609996676445007,1.2900097370147705,False
train,0.5924150943756104,3.361881317687221e-05,0.01739736832678318,0.22271746397018433,0.04892445728182793,0.8904867172241211,0.14993157982826233,0.9030205011367798,False
train,0.5928318500518799,2.5214108973159455e-05,0.017552901059389114,0.2230980545282364,0.04892410710453987,0.7528554201126099,0.1774585098028183,0.7734874486923218,False
train,0.5932486057281494,4.202351556159556e-05,0.017736099660396576,0.22347399592399597,0.04892298951745033,0.8696519732475281,0.2824552357196808,0.9143716096878052,False
test,0.593665361404419,2.9416461984510534e-05,0.017979072406888008,0.22394952178001404,0.0489211343228817,1.2234282493591309,0.4623339772224426,1.3078720569610596,False
train,0.5940820574760437,4.622586857294664e-05,0.01831165701150894,0.22461581230163574,0.04891853779554367,1.7783751487731934,0.7105108499526978,1.9150570631027222,False
train,0.594498872756958,2.9416461984510534e-05,0.018760671839118004,0.22554682195186615,0.04891521856188774,2.4867684841156006,1.0184193849563599,2.687228202819824,False
train,0.5949155688285828,0.0,0.019349107518792152,0.22679568827152252,0.04891117662191391,3.2938201427459717,1.3762727975845337,3.569786787033081,False
train,0.5953323841094971,0.0,0.020096078515052795,0.22839249670505524,0.04890643060207367,4.143051624298096,1.7736568450927734,4.506743431091309,False
test,0.5957491397857666,0.0,0.021015238016843796,0.23034162819385529,0.048900965601205826,4.977285385131836,2.1980955600738525,5.441047191619873,False
train,0.5961658358573914,0.0,0.022114917635917664,0.23262576758861542,0.04889482632279396,5.74149751663208,2.6342544555664062,6.3169684410095215,False
train,0.5965826511383057,0.0,0.023396670818328857,0.23520545661449432,0.048887986689805984,6.383247375488281,3.0622525215148926,7.079776763916016,False
train,0.5969993472099304,0.0,0.024851253256201744,0.23801791667938232,0.04888049140572548,6.854187965393066,3.456148386001587,7.676252841949463,False
train,0.5974161028862,0.0,0.026458624750375748,0.24098430573940277,0.048872314393520355,7.113122463226318,3.7843477725982666,8.057158470153809,False
test,0.5978328585624695,0.0,0.028183849528431892,0.24400877952575684,0.048863500356674194,7.128650188446045,4.01060152053833,8.179399490356445,False
train,0.598249614238739,0.0,0.029976727440953255,0.24698591232299805,0.048854030668735504,6.883044242858887,4.097738265991211,8.010478019714355,False
train,0.5986663699150085,0.0,0.03177211806178093,0.2498060166835785,0.04884393885731697,6.375735759735107,4.013245105743408,7.533667087554932,False
train,0.5990831255912781,0.0,0.03349364548921585,0.25236383080482483,0.0488332100212574,5.625387191772461,3.7363882064819336,6.753190517425537,False
train,0.5994998812675476,0.0,0.03505944088101387,0.25456398725509644,0.04882188141345978,4.669857025146484,3.2643959522247314,5.697705268859863,False
test,0.5999166369438171,0.0,0.036391619592905045,0.2563326060771942,0.048809945583343506,3.5633037090301514,2.616546392440796,4.420797348022461,False
train,0.6003333926200867,0.0,0.0374242402613163,0.2576199173927307,0.048797428607940674,2.3708837032318115,1.8335334062576294,2.9971542358398438,False
train,0.6007501482963562,0.0,0.0381123311817646,0.25840431451797485,0.04878432676196098,1.160990595817566,0.9717336893081665,1.5139899253845215,False
train,0.6011669039726257,0.0,0.03843596205115318,0.2586921453475952,0.048770662397146225,-0.002721145749092102,0.0938805490732193,0.09391997754573822,False
train,0.6015836596488953,0.0,0.03840075805783272,0.258513867855072,0.0487564317882061,-1.0685077905654907,-0.7414058446884155,1.3005350828170776,False
test,0.6020004153251648,0.0,0.038034528493881226,0.2579185962677002,0.0487416610121727,-2.000159978866577,-1.487581491470337,2.49269700050354,False
train,0.6024171113967896,0.0,0.037381209433078766,0.25696638226509094,0.04872635379433632,-2.779181718826294,-2.115079641342163,3.4924793243408203,False
train,0.6028339266777039,0.0,0.03649275749921799,0.2557213604450226,0.04871051385998726,-3.402679920196533,-2.6114156246185303,4.289256572723389,False
train,0.6032506823539734,0.0,0.03542480990290642,0.2542485296726227,0.048694171011447906,-3.878704071044922,-2.9775686264038086,4.889811992645264,False
train,0.6036674380302429,0.0,0.034229032695293427,0.25260475277900696,0.048677314072847366,-4.22160005569458,-3.223505973815918,5.311581611633301,False
test,0.6040841937065125,0.0,0.03295284882187843,0.2508431077003479,0.048659972846508026,-4.4475531578063965,-3.364116907119751,5.576559066772461,False
train,0.6045008897781372,0.0,0.03163668140769005,0.24900920689105988,0.04864214360713959,-4.570633411407471,-3.415231466293335,5.705654621124268,False
train,0.6049177050590515,0.0,0.030314184725284576,0.24714244902133942,0.04862384498119354,-4.60170841217041,-3.3921620845794678,5.716859817504883,False
train,0.6053344011306763,0.0,0.029014375060796738,0.24528202414512634,0.04860507324337959,-4.547915935516357,-3.308725595474243,5.624162197113037,False
train,0.6057512164115906,0.0,0.027758657932281494,0.24345968663692474,0.04858584702014923,-4.413846015930176,-3.17710542678833,5.438385486602783,False
test,0.6061679720878601,0.0,0.026565399020910263,0.24170929193496704,0.04856618866324425,-4.203681468963623,-3.00862455368042,5.169405937194824,False
train,0.6065846681594849,0.0,0.0254480242729187,0.240061953663826,0.04854609817266464,-3.9215142726898193,-2.8131420612335205,4.826182842254639,False
train,0.6070014834403992,0.0,0.0244152694940567,0.2385455220937729,0.048525575548410416,-3.572441816329956,-2.599191904067993,4.417933940887451,False
train,0.6074181795120239,0.0,0.02347424440085888,0.23718829452991486,0.04850463941693306,-3.162562847137451,-2.3739261627197266,3.954406261444092,False
train,0.6078349947929382,0.0,0.022627737373113632,0.23601268231868744,0.04848330095410347,-2.69746470451355,-2.142141103744507,3.444573163986206,False
test,0.608251690864563,0.0,0.02187860757112503,0.23504169285297394,0.04846155643463135,-2.182003974914551,-1.9067460298538208,2.8977270126342773,False
train,0.6086684465408325,0.0,0.021227873861789703,0.23429568111896515,0.04843943566083908,-1.6180177927017212,-1.6679993867874146,2.32383394241333,False
train,0.609085202217102,0.0,0.020677292719483376,0.23379451036453247,0.048416927456855774,-1.0053198337554932,-1.4243786334991455,1.7434226274490356,False
train,0.6095019578933716,0.0,0.020229816436767578,0.2335594743490219,0.048394057899713516,-0.3416896462440491,-1.1728286743164062,1.2215887308120728,False
train,0.6099187731742859,0.0,0.01988947205245495,0.23361213505268097,0.04837080463767052,0.37592577934265137,-0.9093577265739441,0.9839978218078613,False
test,0.6103354692459106,0.0,0.01966225355863571,0.2339751422405243,0.048347216099500656,1.1480164527893066,-0.6302466988563538,1.3096383810043335,False
train,0.6107522249221802,0.0,0.01955542527139187,0.23467108607292175,0.04832327365875244,1.9720399379730225,-0.33203715085983276,1.9997974634170532,False
train,0.6111689805984497,0.0,0.019577525556087494,0.23571938276290894,0.04829898476600647,2.838585376739502,-0.01276443898677826,2.838613986968994,False
train,0.6115857362747192,0.0,0.01973775587975979,0.23713529109954834,0.04827437177300453,3.730648994445801,0.32794255018234253,3.745035171508789,False
train,0.6120024919509888,0.0,0.020044738426804543,0.23892410099506378,0.04824942350387573,4.623237133026123,0.6884447336196899,4.6742143630981445,False
test,0.6124192476272583,2.9416461984510534e-05,0.02050633542239666,0.24107977747917175,0.04822417348623276,5.484671115875244,1.0650365352630615,5.58712100982666,False
train,0.6128360033035278,1.6809406588436104e-05,0.021128162741661072,0.24358206987380981,0.048198599368333817,6.278575420379639,1.4517267942428589,6.444223880767822,False
train,0.6132527589797974,2.5214108973159455e-05,0.021912727504968643,0.24639423191547394,0.0481727235019207,6.96706485748291,1.8401947021484375,7.205991268157959,False
train,0.6136695146560669,1.6809406588436104e-05,0.02285901829600334,0.24946556985378265,0.04814654588699341,7.5141167640686035,2.219754219055176,7.835129737854004,False
train,0.6140862703323364,2.5214108973159455e-05,0.02396036684513092,0.25272974371910095,0.04812009260058403,7.887884140014648,2.5771100521087646,8.298205375671387,False
test,0.614503026008606,1.6809406588436104e-05,0.025204667821526527,0.256109356880188,0.048093341290950775,8.063082695007324,2.896552324295044,8.567573547363281,False
train,0.6149197816848755,2.5214108973159455e-05,0.026572275906801224,0.25951746106147766,0.048066314309835434,8.021854400634766,3.1599442958831787,8.621797561645508,False
train,0.615336537361145,1.6809406588436104e-05,0.028035897761583328,0.26286178827285767,0.048039019107818604,7.754797458648682,3.3475351333618164,8.446471214294434,False
train,0.6157532334327698,1.6809406588436104e-05,0.029559342190623283,0.2660476267337799,0.04801146313548088,7.262731552124023,3.4397530555725098,8.036116600036621,False
train,0.6161700487136841,2.5214108973159455e-05,0.031099805608391762,0.26898396015167236,0.04798364266753197,6.557596683502197,3.4198215007781982,7.395759105682373,False
test,0.6165868043899536,1.6809406588436104e-05,0.03260749951004982,0.27158650755882263,0.04795556887984276,5.664785385131836,3.2772202491760254,6.544460773468018,False
train,0.6170035600662231,2.5214108973159455e-05,0.034030281007289886,0.27378350496292114,0.047927241772413254,4.622130393981934,3.010680675506592,5.516184329986572,False
train,0.6174203157424927,1.6809406588436104e-05,0.035318657755851746,0.2755238115787506,0.04789868742227554,3.4779603481292725,2.63012957572937,4.360480308532715,False
train,0.6178370118141174,1.6809406588436104e-05,0.03642827644944191,0.2767752408981323,0.04786989465355873,2.2871830463409424,2.156132221221924,3.1432645320892334,False
train,0.6182538270950317,2.5214108973159455e-05,0.037326253950595856,0.27753037214279175,0.04784086346626282,1.1040363311767578,1.616684913635254,1.957694172859192,False
test,0.6186705231666565,1.6809406588436104e-05,0.03799121454358101,0.2778029441833496,0.047811612486839294,-0.02203916758298874,1.043410062789917,1.0436428785324097,False
train,0.619087278842926,2.5214108973159455e-05,0.038415148854255676,0.27762430906295776,0.04778214171528816,-1.0539262294769287,0.4655669331550598,1.1521774530410767,False
train,0.6195040345191956,2.101175778079778e-05,0.03860164061188698,0.27703985571861267,0.047752462327480316,-1.9685198068618774,-0.09325289726257324,1.9707273244857788,False
train,0.6199207901954651,2.5214108973159455e-05,0.03856173902750015,0.27610060572624207,0.04772258922457695,-2.757603645324707,-0.6174145936965942,2.8258767127990723,False
train,0.6203376054763794,1.6809406588436104e-05,0.03831136226654053,0.27485713362693787,0.04769250005483627,-3.4265973567962646,-1.0996105670928955,3.59870982170105,False
test,0.6207543015480042,1.6809406588436104e-05,0.03786876052618027,0.27335798740386963,0.04766222834587097,-3.9911999702453613,-1.5389676094055176,4.277627468109131,False
train,0.6211710572242737,2.5214108973159455e-05,0.03725074231624603,0.27164125442504883,0.04763176664710045,-4.473243236541748,-1.9388850927352905,4.875364780426025,False
train,0.6215878129005432,1.6809406588436104e-05,0.036472804844379425,0.26973652839660645,0.047601111233234406,-4.8954901695251465,-2.3036246299743652,5.410407543182373,False
train,0.6220045685768127,2.5214108973159455e-05,0.03554888814687729,0.26766449213027954,0.04757029563188553,-5.27785062789917,-2.6359026432037354,5.899465084075928,False
train,0.6224213242530823,1.6809406588436104e-05,0.03449251502752304,0.265438973903656,0.047539304941892624,-5.633256435394287,-2.9350481033325195,6.352014064788818,False
test,0.6228380799293518,1.6809406588436104e-05,0.033318471163511276,0.2630699872970581,0.04750816896557808,-5.965878963470459,-3.196491241455078,6.768254280090332,False
train,0.6232548356056213,2.5214108973159455e-05,0.03204384818673134,0.26056817173957825,0.047476861625909805,-6.270030498504639,-3.4121809005737305,7.138365268707275,False
train,0.6236715912818909,2.101175778079778e-05,0.03068934753537178,0.25794699788093567,0.04744540899991989,-6.5322370529174805,-3.5728342533111572,7.445486068725586,False
train,0.6240883469581604,3.361881317687221e-05,0.029280126094818115,0.25522860884666443,0.04741382226347923,-6.733099460601807,-3.6699230670928955,7.668309211730957,False
train,0.6245051026344299,1.6809406588436104e-05,0.027843758463859558,0.25244301557540894,0.04738210514187813,-6.85152006149292,-3.6981422901153564,7.785857677459717,False
test,0.6249218583106995,0.0,0.026409035548567772,0.24962808191776276,0.047350261360406876,-6.868634223937988,-3.657094955444336,7.781547546386719,False
train,0.625338613986969,0.0,0.025004226714372635,0.2468297779560089,0.04731829836964607,-6.770866870880127,-3.5514843463897705,7.6457624435424805,False
train,0.6257553696632385,0.0,0.023654328659176826,0.24409693479537964,0.04728623107075691,-6.5529656410217285,-3.390831708908081,7.378285884857178,False
train,0.6261720657348633,0.0,0.022379914298653603,0.24147965013980865,0.0472540557384491,-6.219017028808594,-3.1879332065582275,6.988497257232666,False
train,0.6265888810157776,0.0,0.0211950596421957,0.23902243375778198,0.04722179099917412,-5.782176971435547,-2.9570493698120117,6.494436740875244,False
test,0.6270056366920471,0.0,0.020109083503484726,0.23676514625549316,0.047189440578222275,-5.265423774719238,-2.7130556106567383,5.9232892990112305,False
train,0.6274223923683167,0.0,0.019124308601021767,0.2347344607114792,0.04715701937675476,-4.698572158813477,-2.469606637954712,5.308063507080078,False
train,0.6278391480445862,0.0,0.018238259479403496,0.23294486105442047,0.04712453484535217,-4.116518974304199,-2.238571882247925,4.685822486877441,False
train,0.6282558441162109,0.0,0.017443662509322166,0.23139463365077972,0.04709199070930481,-3.5546748638153076,-2.02903413772583,4.093005180358887,False
train,0.6286726593971252,0.0,0.016730202361941338,0.23006846010684967,0.047059398144483566,-3.0428364276885986,-1.8463878631591797,3.559213638305664,False
test,0.62908935546875,0.0,0.016086667776107788,0.22894138097763062,0.04702677205204964,-2.600938320159912,-1.692224144935608,3.102982997894287,False
train,0.6295061707496643,0.0,0.01550142839550972,0.22798292338848114,0.04699412360787392,-2.233366012573242,-1.563757300376892,2.72640061378479,False
train,0.6299228668212891,0.0,0.01496513094753027,0.22716361284255981,0.046961452811956406,-1.9300743341445923,-1.455141544342041,2.417151927947998,False
train,0.6303396224975586,0.0,0.01447101216763258,0.22646114230155945,0.046928778290748596,-1.6680858135223389,-1.3584165573120117,2.151233434677124,False
train,0.6307564377784729,0.0,0.01401587389409542,0.22586412727832794,0.046896107494831085,-1.4186979532241821,-1.2655658721923828,1.9011472463607788,False
test,0.6311731338500977,0.0,0.013599754311144352,0.22537298500537872,0.04686347395181656,-1.1523189544677734,-1.1695945262908936,1.6418862342834473,False
train,0.631589949131012,0.0,0.013225075788795948,0.22500155866146088,0.046830859035253525,-0.8432039618492126,-1.0652519464492798,1.3585854768753052,False
train,0.6320066452026367,0.0,0.0128962192684412,0.22477099299430847,0.046798285096883774,-0.4723264276981354,-0.9492325782775879,1.0602521896362305,False
train,0.6324234008789062,0.0,0.012618543580174446,0.22471056878566742,0.0467657707631588,-0.0264585018157959,-0.8194305300712585,0.8198575973510742,False
train,0.6328401565551758,0.0,0.012398007325828075,0.22485274076461792,0.046733319759368896,0.5017458200454712,-0.674538791179657,0.8406851291656494,False
test,0.6332569122314453,0.0,0.012241317890584469,0.22523264586925507,0.04670095443725586,1.1151025295257568,-0.5134686231613159,1.2276414632797241,False
train,0.6336736679077148,0.0,0.012155672535300255,0.22588598728179932,0.046668678522109985,1.8122813701629639,-0.33496129512786865,1.8429765701293945,False
train,0.6340904235839844,0.0,0.012148524634540081,0.22684641182422638,0.046636514365673065,2.5879781246185303,-0.13747172057628632,2.5916268825531006,False
train,0.6345071792602539,2.9416461984510534e-05,0.012228427454829216,0.22814466059207916,0.04660447686910629,3.4322147369384766,0.08080781996250153,3.4331657886505127,False
train,0.6349239349365234,5.463057095766999e-05,0.012404642067849636,0.22980694472789764,0.04657255858182907,4.329586029052734,0.3217718303203583,4.341526508331299,False
test,0.635340690612793,1.2607054486579727e-05,0.012686949223279953,0.23185037076473236,0.04654080048203468,5.257937431335449,0.5869410634040833,5.290596008300781,False
train,0.6357574462890625,2.5214108973159455e-05,0.013085880316793919,0.23428253829479218,0.046509210020303726,6.187100887298584,0.8768953084945679,6.248932838439941,False
train,0.636174201965332,2.5214108973159455e-05,0.01361160445958376,0.2370954006910324,0.0464777871966362,7.078125,1.1903972625732422,7.17752742767334,False
train,0.6365909576416016,6.303527334239334e-05,0.014273442327976227,0.2402639389038086,0.04644657298922539,7.883601188659668,1.5234217643737793,8.029444694519043,False
train,0.6370077133178711,0.0,0.015078204683959484,0.2437412291765213,0.04641555994749069,8.54954719543457,1.8680901527404785,8.75125789642334,False
test,0.6374244689941406,0.0,0.01602821983397007,0.24745728075504303,0.046384770423173904,9.020051956176758,2.2119438648223877,9.287304878234863,False
train,0.6378412246704102,0.0,0.01711992919445038,0.2513197660446167,0.046354230493307114,9.243233680725098,2.537849187850952,9.585304260253906,False
train,0.6382579803466797,0.0,0.018341682851314545,0.2552171051502228,0.04632394015789032,9.180469512939453,2.8251793384552,9.605344772338867,False
train,0.6386746764183044,0.0,0.0196725744754076,0.25902485847473145,0.046293921768665314,8.81482982635498,3.0524487495422363,9.32837963104248,False
train,0.6390914916992188,0.0,0.021084249019622803,0.26261982321739197,0.046264197677373886,8.158295631408691,3.2016875743865967,8.764050483703613,False
test,0.6395081877708435,0.0,0.022540660575032234,0.2658868432044983,0.04623477905988693,7.2566423416137695,3.263198137283325,7.956589698791504,False
train,0.6399250030517578,0.0,0.02400651015341282,0.2687416076660156,0.04620566964149475,6.185400485992432,3.2401750087738037,6.982686519622803,False
train,0.6403416991233826,0.0,0.02544819749891758,0.2711300849914551,0.046176910400390625,5.044083595275879,3.15036940574646,5.9470672607421875,False
train,0.6407584547996521,0.0,0.026844706386327744,0.27304768562316895,0.04614850506186485,3.93979549407959,3.0243215560913086,4.966740608215332,False
train,0.6411752700805664,0.0,0.02818836271762848,0.27453088760375977,0.04612047225236893,2.9717941284179688,2.899589776992798,4.1520094871521,False
test,0.6415919661521912,0.0,0.029486659914255142,0.27565208077430725,0.046092819422483444,2.2149956226348877,2.812725782394409,3.580172061920166,False
train,0.6420087814331055,0.0,0.030762361362576485,0.27650943398475647,0.04606558009982109,1.707275152206421,2.791252851486206,3.271984338760376,False
train,0.6424254775047302,0.0,0.03204513341188431,0.277207612991333,0.04603876173496246,1.447281837463379,2.848388433456421,3.1949868202209473,False
train,0.6428422331809998,0.0,0.033368006348609924,0.2778426706790924,0.046012382954359055,1.3962764739990234,2.980588912963867,3.2914278507232666,False
train,0.6432589888572693,0.0,0.034758638590574265,0.2784895896911621,0.04598645120859146,1.4896478652954102,3.1689953804016113,3.5016541481018066,False
test,0.6436757445335388,0.0,0.03623446077108383,0.27919134497642517,0.04596100002527237,1.6497383117675781,3.382779121398926,3.7636194229125977,False
train,0.6440925002098083,0.0,0.037797849625349045,0.27996012568473816,0.045936018228530884,1.7979189157485962,3.582890272140503,4.008692264556885,False
train,0.6445092558860779,0.0,0.039435043931007385,0.28077712655067444,0.04591156542301178,1.8675997257232666,3.7281334400177,4.1697611808776855,False
train,0.6449260115623474,0.0,0.04111460968852043,0.28159773349761963,0.04588761553168297,1.8086167573928833,3.778521776199341,4.1890716552734375,False
train,0.6453427672386169,0.0,0.042789097875356674,0.282360702753067,0.04586421325802803,1.591046690940857,3.700137138366699,4.027709484100342,False
test,0.6457595229148865,0.0,0.044399917125701904,0.28299814462661743,0.04584135860204697,1.2032290697097778,3.4680819511413574,3.6708791255950928,False
train,0.646176278591156,0.0,0.04587922245264053,0.2834385633468628,0.045819081366062164,0.6474884152412415,3.0679755210876465,3.13555645942688,False
train,0.6465930342674255,0.0,0.047156065702438354,0.28361424803733826,0.04579738900065422,-0.0640784502029419,2.4972879886627197,2.498110055923462,False
train,0.6470097899436951,0.0,0.04816070571541786,0.2834640145301819,0.04577629268169403,-0.9133028388023376,1.7653332948684692,1.9875924587249756,False
train,0.6474265456199646,0.0,0.0488303117454052,0.28293555974960327,0.04575580358505249,-1.8759998083114624,0.8952188491821289,2.0786514282226562,False
test,0.6478433012962341,0.0,0.04911443591117859,0.2819872200489044,0.04573596641421318,-2.9198215007781982,-0.07512304186820984,2.920787811279297,False
train,0.6482600569725037,0.0,0.048981934785842896,0.2805945575237274,0.04571675509214401,-4.001235485076904,-1.09197998046875,4.147566318511963,False
train,0.6486768126487732,0.0,0.048426978290081024,0.2787530720233917,0.045698218047618866,-5.063111782073975,-2.0880112648010254,5.476759433746338,False
train,0.6490935683250427,0.0,0.04747295007109642,0.27648410201072693,0.04568034037947655,-6.03671407699585,-2.9892799854278564,6.736298084259033,False
train,0.6495103240013123,0.0,0.04617483541369438,0.27384141087532043,0.04566315934062004,-6.847597122192383,-3.726004123687744,7.795684337615967,False
test,0.649927020072937,0.0,0.044613029807806015,0.27090737223625183,0.045646678656339645,-7.425258636474609,-4.244397163391113,8.552740097045898,False
train,0.6503438353538513,0.0,0.042883891612291336,0.2677890956401825,0.04563090577721596,-7.714395523071289,-4.516296863555908,8.93917465209961,False
train,0.6507605314254761,0.0,0.041093163192272186,0.2646176815032959,0.04561585560441017,-7.683647632598877,-4.542165279388428,8.925788879394531,False
train,0.6511773467063904,0.0,0.03933727368712425,0.2615260183811188,0.04560154303908348,-7.3303914070129395,-4.347856521606445,8.522822380065918,False
train,0.6515941023826599,0.0,0.037699803709983826,0.25864431262016296,0.04558798298239708,-6.681186199188232,-3.9768309593200684,7.775180816650391,False
test,0.6520107984542847,0.0,0.036244191229343414,0.2560865879058838,0.045575179159641266,-5.786506652832031,-3.480565071105957,6.752628326416016,False
train,0.652427613735199,0.0,0.03501193970441818,0.25394174456596375,0.045563142746686935,-4.712371826171875,-2.9098408222198486,5.538377285003662,False
train,0.6528443098068237,0.0,0.034024231135845184,0.25226864218711853,0.04555189982056618,-3.5338103771209717,-2.3101766109466553,4.221934795379639,False
train,0.653261125087738,0.0,0.033285100013017654,0.2510947585105896,0.0455414317548275,-2.3250772953033447,-1.7186286449432373,2.8913092613220215,False
train,0.6536778211593628,0.0,0.03278545290231705,0.25041913986206055,0.045531779527664185,-1.1558281183242798,-1.1646084785461426,1.6408082246780396,False
test,0.6540945768356323,0.0,0.03250505030155182,0.25021231174468994,0.045522917062044144,-0.08455056697130203,-0.6695668697357178,0.6748841404914856,False
train,0.6545113325119019,0.0,0.0324159599840641,0.250423401594162,0.04551486298441887,0.8434329032897949,-0.24847352504730225,0.879271388053894,False
train,0.6549280881881714,0.0,0.032485514879226685,0.2509859800338745,0.04550765082240105,1.598828673362732,0.0899953693151474,1.601359486579895,False
train,0.6553448438644409,0.0,0.03267848119139671,0.2518245577812195,0.04550124704837799,2.1696460247039795,0.343752384185791,2.196708917617798,False
train,0.6557615995407104,0.0,0.0329606756567955,0.25286367535591125,0.04549568518996239,2.5591464042663574,0.5165247321128845,2.6107523441314697,False
test,0.65617835521698,0.0,0.03330009803175926,0.2540302574634552,0.045490946620702744,2.7845892906188965,0.6180920600891113,2.852363109588623,False
train,0.6565951108932495,0.0,0.03366944193840027,0.2552601099014282,0.045487068593502045,2.872009038925171,0.6623615622520447,2.9473986625671387,False
train,0.657011866569519,0.0,0.034048885107040405,0.25650376081466675,0.0454840250313282,2.851828098297119,0.6656942367553711,2.928493022918701,False
train,0.6574286222457886,0.0,0.03442426770925522,0.25772130489349365,0.04548183083534241,2.7522897720336914,0.6436893939971924,2.826558828353882,False
train,0.6578453779220581,0.0,0.03478815779089928,0.2588854432106018,0.04548048600554466,2.595526695251465,0.6088652610778809,2.665984869003296,False
test,0.6582621335983276,0.0,0.03513635694980621,0.2599741220474243,0.045479994267225266,2.3931190967559814,0.5680409669876099,2.459611654281616,False
train,0.6586788892745972,0.0,0.035466913133859634,0.2609691023826599,0.045480359345674515,2.1462788581848145,0.5220192074775696,2.2088496685028076,False
train,0.6590956449508667,0.0,0.03577694296836853,0.2618515193462372,0.04548157379031181,1.847469449043274,0.46603935956954956,1.9053441286087036,False
train,0.6595124006271362,0.0,0.036060232669115067,0.26259568333625793,0.04548363387584686,1.485653281211853,0.3925487995147705,1.5366392135620117,False
train,0.6599291563034058,0.0,0.03630879148840904,0.26317569613456726,0.04548654705286026,1.0533277988433838,0.2951020300388336,1.0938851833343506,False
test,0.6603458523750305,0.0,0.03651119023561478,0.26356053352355957,0.04549030214548111,0.5538129806518555,0.17243090271949768,0.5800355076789856,False
train,0.6607626676559448,0.0,0.03665854036808014,0.2637261748313904,0.045494914054870605,0.005477197468280792,0.031395554542541504,0.03186974301934242,False
train,0.6611793637275696,0.0,0.03674597293138504,0.2636595070362091,0.04550035670399666,-0.5574097037315369,-0.11271443963050842,0.568691611289978,False
train,0.6615961790084839,0.0,0.03677583485841751,0.2633618116378784,0.04550663381814957,-1.0894818305969238,-0.23848845064640045,1.1152790784835815,False
train,0.6620129346847534,0.0,0.03676118329167366,0.2628578543663025,0.045513737946748734,-1.5411031246185303,-0.3225741684436798,1.5745009183883667,False
test,0.6624296307563782,0.0,0.03672373294830322,0.2621907591819763,0.04552166163921356,-1.8662186861038208,-0.34406501054763794,1.8976703882217407,False
train,0.6628464460372925,0.0,0.0366927906870842,0.2614209055900574,0.04553040489554405,-2.029635190963745,-0.2881027162075043,2.049981117248535,False
train,0.6632631421089172,0.0,0.036702267825603485,0.2606202960014343,0.045539967715740204,-2.0112290382385254,-0.14775893092155457,2.0166492462158203,False
train,0.6636799573898315,0.0,0.03678756207227707,0.2598661482334137,0.04555032029747963,-1.80854070186615,0.0757291316986084,1.810125470161438,False
train,0.6640966534614563,0.0,0.03698127344250679,0.2592319846153259,0.04556145891547203,-1.4372987747192383,0.37323012948036194,1.484967589378357,False
test,0.6645134091377258,0.0,0.03731180727481842,0.2587827146053314,0.04557337239384651,-0.9297860860824585,0.7290116548538208,1.1815075874328613,False
train,0.6649301648139954,0.0,0.037798549979925156,0.25856488943099976,0.04558606818318367,-0.332494854927063,1.1213191747665405,1.169576644897461,False
train,0.6653469204902649,0.0,0.03845198079943657,0.2586056888103485,0.04559950903058052,0.299345463514328,1.5240970849990845,1.5532158613204956,False
train,0.6657637357711792,0.0,0.03927059844136238,0.2589064836502075,0.04561369866132736,0.9058013558387756,1.9075658321380615,2.111701488494873,False
train,0.666180431842804,0.0,0.04023910313844681,0.25944438576698303,0.0456286184489727,1.4291155338287354,2.2399251461029053,2.6569976806640625,False
test,0.6665971875190735,0.0,0.04133041203022003,0.2601746916770935,0.04564425349235535,1.8188890218734741,2.489391565322876,3.08308744430542,False
train,0.667013943195343,0.0,0.04250292852520943,0.2610320746898651,0.0456605963408947,2.035186290740967,2.6256942749023438,3.3220856189727783,False
train,0.6674306988716125,0.0,0.043704740703105927,0.261939138174057,0.04567761346697807,2.051187753677368,2.6228671073913574,3.3296852111816406,False
train,0.6678474545478821,0.0,0.04487268254160881,0.26280802488327026,0.04569529742002487,1.853502631187439,2.461341619491577,3.0811808109283447,False
train,0.6682642102241516,0.0,0.04593883082270622,0.26355043053627014,0.0457136407494545,1.4422751665115356,2.1310107707977295,2.5732011795043945,False
test,0.6686809659004211,0.0,0.0468318834900856,0.2640781104564667,0.04573262855410576,0.829953134059906,1.6333954334259033,1.8321579694747925,False
train,0.6690977215766907,0.0,0.04748557135462761,0.2643137574195862,0.04575221985578537,0.041543953120708466,0.9844218492507935,0.9852980375289917,False
train,0.6695144772529602,0.0,0.04784234240651131,0.2641899883747101,0.04577241465449333,-0.8866132497787476,0.21493108570575714,0.9122929573059082,False
train,0.6699312329292297,0.0,0.047860682010650635,0.2636580765247345,0.04579318314790726,-1.907441258430481,-0.6300243139266968,2.008796215057373,False
train,0.6703479886054993,0.0,0.047520194202661514,0.262690931558609,0.04581451043486595,-2.9647324085235596,-1.494470477104187,3.3201024532318115,False
test,0.6707647442817688,0.0,0.04682556912302971,0.26128625869750977,0.045836374163627625,-3.997633695602417,-2.318540096282959,4.621331214904785,False
train,0.6711814999580383,0.0,0.04580528661608696,0.25946658849716187,0.045858755707740784,-4.945516586303711,-3.0463497638702393,5.808475017547607,False
train,0.6715981960296631,0.0,0.04450925812125206,0.25727975368499756,0.04588162153959274,-5.75393009185791,-3.633831024169922,6.805324077606201,False
train,0.6720150113105774,0.0,0.04300112649798393,0.2547915279865265,0.0459049753844738,-6.380887985229492,-4.054935932159424,7.560306549072266,False
train,0.6724317669868469,0.0,0.041353076696395874,0.25208503007888794,0.045928772538900375,-6.799901962280273,-4.302663803100586,8.046836853027344,False
test,0.6728485226631165,0.0,0.039635613560676575,0.24924921989440918,0.045952990651130676,-7.000723361968994,-4.386786937713623,8.26159954071045,False
train,0.673265278339386,0.0,0.037912517786026,0.24637442827224731,0.04597761482000351,-6.987613201141357,-4.328737258911133,8.219775199890137,False
train,0.6736819744110107,0.0,0.03623803332448006,0.24354767799377441,0.04600261524319649,-6.774523735046387,-4.1550445556640625,7.94723653793335,False
train,0.674098789691925,0.0,0.03465379402041435,0.24084676802158356,0.04602796211838722,-6.381475925445557,-3.892688512802124,7.475042343139648,False
train,0.6745154857635498,0.0,0.033192649483680725,0.2383437156677246,0.04605364799499512,-5.8316802978515625,-3.566190242767334,6.835657119750977,False
test,0.6749323010444641,0.0,0.0318760871887207,0.23609775304794312,0.04607963189482689,-5.149031162261963,-3.195736885070801,6.060136795043945,False
train,0.6753489971160889,0.0,0.030719855800271034,0.2341599464416504,0.04610590264201164,-4.359121322631836,-2.7984018325805664,5.180057048797607,False
train,0.6757657527923584,0.0,0.029731659218668938,0.23256908357143402,0.0461324118077755,-3.4877126216888428,-2.3875367641448975,4.226638317108154,False
train,0.6761825680732727,0.0,0.02891482785344124,0.23135286569595337,0.04615916311740875,-2.561250925064087,-1.9739457368850708,3.2336461544036865,False
train,0.6765992641448975,0.0,0.028269410133361816,0.2305302917957306,0.04618610069155693,-1.606528639793396,-1.5662972927093506,2.2437071800231934,False
test,0.677016019821167,0.0,0.027791514992713928,0.23010753095149994,0.04621322825551033,-0.6478173732757568,-1.1705446243286133,1.3378498554229736,False
train,0.6774327754974365,0.0,0.02747489884495735,0.23008029162883759,0.04624049738049507,0.2924022078514099,-0.7908917665481567,0.8432133793830872,False
train,0.677849531173706,0.0,0.02731292136013508,0.2304379791021347,0.04626789316534996,1.1948676109313965,-0.42979586124420166,1.2698161602020264,False
train,0.6782662868499756,0.0,0.027297604829072952,0.2311612218618393,0.04629537835717201,2.0437541007995605,-0.08835670351982117,2.0456631183624268,False
train,0.6786830425262451,0.0,0.02742074988782406,0.23222485184669495,0.046322938054800034,2.8256146907806396,0.23271556198596954,2.835181713104248,False
test,0.6790997982025146,0.0,0.02767377533018589,0.23359818756580353,0.04635053873062134,3.529693365097046,0.5330642461776733,3.569718837738037,False
train,0.6795165538787842,0.0,0.028048260137438774,0.23524774610996246,0.04637816920876503,4.14790153503418,0.8122208118438721,4.226675987243652,False
train,0.6799333095550537,0.0,0.02853516861796379,0.23713594675064087,0.04640578478574753,4.675696849822998,1.0699477195739746,4.796554088592529,False
train,0.6803500652313232,0.0,0.029126213863492012,0.2392260879278183,0.04643335938453674,5.112967491149902,1.3065681457519531,5.277267932891846,False
train,0.6807668209075928,0.0,0.029812023043632507,0.2414797842502594,0.04646088927984238,5.464745998382568,1.5233337879180908,5.673093795776367,False
test,0.6811835765838623,0.0,0.03058556094765663,0.24386446177959442,0.04648832231760025,5.741538047790527,1.7230108976364136,5.994499683380127,False
train,0.6816003322601318,0.0,0.031440358608961105,0.24635154008865356,0.04651564732193947,5.957948684692383,1.9094675779342651,6.256453990936279,False
train,0.6820170283317566,0.0,0.032371390610933304,0.24891851842403412,0.04654284194111824,6.129912853240967,2.086953639984131,6.475430965423584,False
train,0.6824338436126709,0.0,0.03337657451629639,0.25155144929885864,0.04656988009810448,6.271045684814453,2.2587220668792725,6.665421485900879,False
train,0.6828505992889404,0.0,0.0344531312584877,0.2542382776737213,0.046596724539995193,6.388445854187012,2.4249978065490723,6.833217144012451,False
test,0.68326735496521,0.0,0.035597946494817734,0.2569683790206909,0.04662337899208069,6.479011535644531,2.581106662750244,6.974216938018799,False
train,0.6836841106414795,0.0,0.036805130541324615,0.25972893834114075,0.04664979130029678,6.527270793914795,2.7157013416290283,7.069674491882324,False
train,0.6841008067131042,0.0,0.03806125000119209,0.2624952793121338,0.04667595401406288,6.505788326263428,2.8102073669433594,7.08678674697876,False
train,0.6845176219940186,0.0,0.03934584558010101,0.26523357629776,0.04670184850692749,6.3778228759765625,2.839404582977295,6.981320858001709,False
train,0.6849343180656433,0.0,0.040624119341373444,0.2678880989551544,0.04672743007540703,6.102580547332764,2.773592472076416,6.703305244445801,False
test,0.6853511333465576,0.0,0.04185134544968605,0.27039164304733276,0.046752724796533585,5.640155792236328,2.5820834636688232,6.2031049728393555,False
train,0.6857678294181824,0.0,0.04296835511922836,0.27265697717666626,0.04677765816450119,4.959908962249756,2.2390758991241455,5.44188928604126,False
train,0.6861845850944519,0.0,0.04390859976410866,0.27459028363227844,0.04680224508047104,4.044157028198242,1.7287483215332031,4.39815616607666,False
train,0.6866014003753662,0.0,0.044601920992136,0.2760932445526123,0.046826452016830444,2.892510414123535,1.0507416725158691,3.0774459838867188,False
train,0.687018096446991,0.0,0.04498099535703659,0.27706992626190186,0.046850256621837616,1.524034857749939,0.22432634234428406,1.540455937385559,False
test,0.6874349117279053,0.0,0.044990867376327515,0.2774362564086914,0.04687367007136345,-0.027891643345355988,-0.7138482332229614,0.7143929600715637,False
train,0.68785160779953,0.0,0.044595867395401,0.2771265208721161,0.04689663648605347,-1.7151219844818115,-1.7109988927841187,2.422635078430176,False
train,0.6882683634757996,0.0,0.04378294572234154,0.27609458565711975,0.04691915959119797,-3.482450246810913,-2.706815719604492,4.410704135894775,False
train,0.6886851191520691,0.0,0.04256542772054672,0.2743194103240967,0.04694124311208725,-5.268515586853027,-3.6395633220672607,6.403411388397217,False
train,0.6891018748283386,0.0,0.04098190739750862,0.2718079388141632,0.046962838619947433,-7.0077314376831055,-4.45280122756958,8.302754402160645,False
test,0.6895186901092529,0.0,0.03909099102020264,0.2685917317867279,0.046983953565359116,-8.632229804992676,-5.10089111328125,10.026688575744629,False
train,0.6899353861808777,0.0,0.036969806998968124,0.26473623514175415,0.047004565596580505,-10.071659088134766,-5.55196475982666,11.50054931640625,False
train,0.6903521418571472,0.0,0.03470280393958092,0.26033011078834534,0.047024667263031006,-11.259529113769531,-5.7909417152404785,12.661437034606934,False
train,0.6907688975334167,0.0,0.03237864375114441,0.2554911971092224,0.04704425483942032,-12.13792896270752,-5.820475101470947,13.461323738098145,False
train,0.6911856532096863,0.0,0.03008088655769825,0.2503579556941986,0.047063302248716354,-12.665948867797852,-5.6601152420043945,13.873109817504883,False
test,0.6916024088859558,0.0,0.027882030233740807,0.2450808584690094,0.047081805765628815,-12.827093124389648,-5.343433856964111,13.895561218261719,False
train,0.6920191645622253,0.0,0.025838643312454224,0.23981139063835144,0.04709978029131889,-12.632655143737793,-4.912485599517822,13.554205894470215,False
train,0.6924359202384949,0.0,0.023988861590623856,0.23468999564647675,0.04711717739701271,-12.121952056884766,-4.412093162536621,12.899933815002441,False
train,0.6928526759147644,0.0,0.02235283888876438,0.22983641922473907,0.04713403806090355,-11.357776641845703,-3.884539842605591,12.00369644165039,False
train,0.6932694315910339,0.0,0.02093416638672352,0.22534029185771942,0.047150321304798126,-10.419022560119629,-3.3659262657165527,10.949223518371582,False
test,0.6936861872673035,0.0,0.019723230972886086,0.2212570756673813,0.04716603457927704,-9.391785621643066,-2.884594440460205,9.824790954589844,False
train,0.694102942943573,0.0,0.01869979128241539,0.21760448813438416,0.04718118533492088,-8.360147476196289,-2.4607484340667725,8.714777946472168,False
train,0.6945196986198425,0.0,0.01783747225999832,0.21436989307403564,0.047195758670568466,-7.398309230804443,-2.1072678565979004,7.692564964294434,False
train,0.6949364542961121,0.0,0.017105551436543465,0.2115112692117691,0.047209762036800385,-6.563716411590576,-1.8301864862442017,6.8140997886657715,False
train,0.6953531503677368,0.0,0.016472116112709045,0.20896713435649872,0.04722318798303604,-5.893320083618164,-1.6294915676116943,6.114447116851807,False
test,0.6957699656486511,0.0,0.015906188637018204,0.20666439831256866,0.04723604395985603,-5.400690078735352,-1.4994392395019531,5.604977607727051,False
train,0.6961866617202759,0.0,0.015380903147161007,0.2045316994190216,0.04724833369255066,-5.076971054077148,-1.429205298423767,5.274302005767822,False
train,0.6966034770011902,0.0,0.014874011278152466,0.20250286161899567,0.047260064631700516,-4.8923821449279785,-1.4035619497299194,5.089733600616455,False
train,0.6970202326774597,0.0,0.014370914548635483,0.20052970945835114,0.04727122560143471,-4.8016180992126465,-1.4046087265014648,5.002845287322998,False
train,0.6974369287490845,0.0,0.013864421285688877,0.19858433306217194,0.04728182777762413,-4.748416423797607,-1.4135315418243408,4.954344749450684,False
test,0.6978537440299988,0.0,0.013354787603020668,0.19666345417499542,0.04729188233613968,-4.6727399826049805,-1.4129326343536377,4.881688117980957,False
train,0.6982704401016235,0.0,0.012849312275648117,0.1947890818119049,0.04730139672756195,-4.516733646392822,-1.3887008428573608,4.725396633148193,False
train,0.6986871957778931,0.0,0.012359775602817535,0.19300477206707,0.047310374677181244,-4.231203556060791,-1.331451177597046,4.435746192932129,False
train,0.6991039514541626,0.0,0.01190122403204441,0.19137296080589294,0.047318823635578156,-3.7796475887298584,-1.2367630004882812,3.9768478870391846,False
train,0.6995207071304321,0.0,0.01148938201367855,0.18996767699718475,0.04732675850391388,-3.1407525539398193,-1.104597806930542,3.329333782196045,False
test,0.6999375224113464,0.0,0.01113954745233059,0.1888691782951355,0.04733418673276901,-2.3088788986206055,-0.9380693435668945,2.492166757583618,False
train,0.7003542184829712,0.0,0.010865041054785252,0.18815582990646362,0.047341130673885345,-1.293043851852417,-0.7420396208763123,1.4908337593078613,False
train,0.7007709741592407,0.0,0.01067726593464613,0.18790076673030853,0.04734758287668228,-0.11412937194108963,-0.5218122601509094,0.5341475009918213,False
train,0.7011877298355103,4.202351647109026e-06,0.010585436597466469,0.18816567957401276,0.047353580594062805,1.1955623626708984,-0.2826852798461914,1.2285276651382446,False
train,0.7016044855117798,0.0,0.010596578940749168,0.1889965683221817,0.04735911637544632,2.5944769382476807,-0.029691338539123535,2.594646692276001,False
test,0.7020212411880493,0.0,0.010715518146753311,0.19042006134986877,0.047364212572574615,4.031208515167236,0.23170870542526245,4.037862300872803,False
train,0.7024379968643188,0.0,0.010944738984107971,0.1924404799938202,0.047368887811899185,5.444848537445068,0.494723379611969,5.467278003692627,False
train,0.7028547525405884,0.0,0.011283268220722675,0.1950332522392273,0.04737315699458122,6.765847682952881,0.7501835227012634,6.807310104370117,False
train,0.7032715082168579,0.0,0.011725712567567825,0.1981443464756012,0.04737703129649162,7.919032096862793,0.9856563806533813,7.980137348175049,False
train,0.7036882638931274,0.0,0.012260843068361282,0.201688751578331,0.04738052561879158,8.829507827758789,1.1853303909301758,8.90871524810791,False
test,0.704105019569397,0.0,0.012869960628449917,0.2055501788854599,0.04738368093967438,9.431218147277832,1.3310420513153076,9.524681091308594,False
train,0.7045217752456665,0.0,0.01352697890251875,0.20958983898162842,0.04738648608326912,9.677183151245117,1.4048560857772827,9.778624534606934,False
train,0.704938530921936,0.0,0.014198774471879005,0.21365408599376678,0.047388989478349686,9.548270225524902,1.3927223682403564,9.649307250976562,False
train,0.7053552865982056,0.0,0.014848077669739723,0.2175891399383545,0.047391172498464584,9.059146881103516,1.2887506484985352,9.15035629272461,False
train,0.7057719826698303,0.0,0.015437023714184761,0.22125273942947388,0.04739309474825859,8.258853912353516,1.0984488725662231,8.331582069396973,False
test,0.7061887979507446,0.0,0.015933075919747353,0.22453241050243378,0.047394752502441406,7.225353717803955,0.8395953178405762,7.2739715576171875,False
train,0.7066054940223694,0.0,0.016312843188643456,0.22734922170639038,0.04739617183804512,6.0574517250061035,0.5405524969100952,6.0815229415893555,False
train,0.7070223093032837,0.0,0.01656651310622692,0.22967039048671722,0.047397367656230927,4.8605427742004395,0.2350437045097351,4.866222381591797,False
train,0.7074390649795532,0.0,0.016698263585567474,0.23150451481342316,0.04739838093519211,3.7367920875549316,-0.04320716857910156,3.73704195022583,False
train,0.707855761051178,0.0,0.016725292429327965,0.2329004406929016,0.04739920794963837,2.7727322578430176,-0.26646003127098083,2.785506248474121,False
test,0.7082725763320923,0.0,0.016674615442752838,0.2339400202035904,0.04739988222718239,2.0318398475646973,-0.41630280017852783,2.074049472808838,False
train,0.708689272403717,4.202351647109026e-06,0.016578949987888336,0.23472480475902557,0.047400422394275665,1.552375316619873,-0.48431164026260376,1.6261694431304932,False
train,0.7091060876846313,0.0,0.01647220179438591,0.23536604642868042,0.047400861978530884,1.345803141593933,-0.47085845470428467,1.4257957935333252,False
train,0.7095227837562561,2.101175778079778e-05,0.01638731174170971,0.23597660660743713,0.04740120843052864,1.3998937606811523,-0.382681667804718,1.451257348060608,False
train,0.7099395394325256,3.782116618822329e-05,0.016353074461221695,0.2366582751274109,0.04740148037672043,1.6805193424224854,-0.23052529990673065,1.6962567567825317,False
test,0.7103563547134399,6.723762635374442e-05,0.016393806785345078,0.23749589920043945,0.04740171507000923,2.134821653366089,-0.027471423149108887,2.1349985599517822,False
train,0.7107730507850647,5.463057095766999e-05,0.01652747206389904,0.23854666948318481,0.047401923686265945,2.6920785903930664,0.2112266719341278,2.700352668762207,False
train,0.711189866065979,5.883292396902107e-05,0.016765587031841278,0.23983700573444366,0.04740213602781296,3.2662904262542725,0.468034565448761,3.2996530532836914,False
train,0.7116065621376038,7.564233237644657e-05,0.017111293971538544,0.24135267734527588,0.04740235581994057,3.7592015266418457,0.7218433618545532,3.827878713607788,False
train,0.7120233178138733,5.042821794631891e-05,0.017558595165610313,0.2430393397808075,0.04740261659026146,4.068475723266602,0.947934091091156,4.177448272705078,False
test,0.7124400734901428,5.883292396902107e-05,0.018090153113007545,0.24479961395263672,0.04740293696522713,4.098575115203857,1.1184836626052856,4.248449802398682,False
train,0.7128568291664124,5.463057095766999e-05,0.018677083775401115,0.2465015947818756,0.047403350472450256,3.7756032943725586,1.2055093050003052,3.9633865356445312,False
train,0.7132735848426819,6.723762635374442e-05,0.01927914097905159,0.24798768758773804,0.04740385338664055,3.061124801635742,1.1854233741760254,3.2826383113861084,False
train,0.7136903405189514,6.303527334239334e-05,0.019848469644784927,0.24909482896327972,0.04740447178483009,1.9605216979980469,1.0446206331253052,2.2214584350585938,False
train,0.714107096195221,6.303527334239334e-05,0.020334064960479736,0.24967093765735626,0.04740523546934128,0.5255841612815857,0.7845052480697632,0.944291889667511,False
test,0.7145238518714905,6.303527334239334e-05,0.020689452067017555,0.2495947778224945,0.0474061518907547,-1.1530135869979858,0.42369329929351807,1.2283958196640015,False
train,0.71494060754776,5.883292396902107e-05,0.020878951996564865,0.2487879991531372,0.04740725830197334,-2.9577341079711914,-0.003511384129524231,2.9577362537384033,False
train,0.7153573632240295,6.303527334239334e-05,0.020883779972791672,0.2472255676984787,0.047408536076545715,-4.760609149932861,-0.45292866230010986,4.782106399536133,False
train,0.7157741189002991,4.622586857294664e-05,0.02070392668247223,0.2449333369731903,0.047410037368535995,-6.4391632080078125,-0.8784765005111694,6.498810768127441,False
train,0.7161908745765686,5.883292396902107e-05,0.020357618108391762,0.24198557436466217,0.04741176962852478,-7.891566753387451,-1.240931749343872,7.988537788391113,False
test,0.7166076302528381,7.14399793650955e-05,0.019876761361956596,0.2384912669658661,0.04741373658180237,-9.047330856323242,-1.5142961740493774,9.173182487487793,False
train,0.7170243263244629,5.042821794631891e-05,0.019301390275359154,0.2345850169658661,0.04741596430540085,-9.873310089111328,-1.6886955499649048,10.016683578491211,False
train,0.7174411416053772,7.564233237644657e-05,0.018671495839953423,0.23040175437927246,0.047418463975191116,-10.374258995056152,-1.7694590091705322,10.524079322814941,False
train,0.7178578972816467,4.622586857294664e-05,0.018023060634732246,0.2260715216398239,0.04742124676704407,-10.586174964904785,-1.7730023860931396,10.733621597290039,False
train,0.7182746529579163,7.14399793650955e-05,0.017383605241775513,0.22170278429985046,0.0474243238568306,-10.567368507385254,-1.721909523010254,10.706738471984863,False
test,0.7186914086341858,5.463057095766999e-05,0.016771042719483376,0.21737810969352722,0.04742772877216339,-10.385436058044434,-1.6397074460983276,10.514081954956055,False
train,0.7191081047058105,5.463057095766999e-05,0.016193902119994164,0.21315188705921173,0.04743143916130066,-10.106218338012695,-1.5472455024719238,10.22397232055664,False
train,0.7195249199867249,7.564233237644657e-05,0.015652773901820183,0.20905117690563202,0.047435492277145386,-9.78382396697998,-1.460204839706421,9.892189025878906,False
train,0.7199416160583496,3.361881317687221e-05,0.015143603086471558,0.20508819818496704,0.04743988439440727,-9.456034660339355,-1.388335943222046,9.557408332824707,False
train,0.7203583717346191,2.9416461984510534e-05,0.014658864587545395,0.20125828683376312,0.047444626688957214,-9.141661643981934,-1.3354157209396362,9.238685607910156,False
test,0.7207751870155334,0.0,0.014190742745995522,0.1975550353527069,0.04744971916079521,-8.842864990234375,-1.3002731800079346,8.93795108795166,False
train,0.7211918830871582,0.0,0.01373293437063694,0.19397474825382233,0.04745519161224365,-8.549025535583496,-1.2781224250793457,8.64404010772705,False
train,0.7216086983680725,0.0,0.013281287625432014,0.19051805138587952,0.047461025416851044,-8.242085456848145,-1.2622997760772705,8.338188171386719,False
train,0.7220253944396973,0.0,0.012835098430514336,0.1871967911720276,0.04746723547577858,-7.901707649230957,-1.2457128763198853,7.999299049377441,False
train,0.7224421501159668,0.0,0.012395692057907581,0.184026837348938,0.04747382178902626,-7.509096622467041,-1.2220999002456665,7.607894420623779,False
test,0.7228589057922363,0.0,0.011967250145971775,0.18103358149528503,0.047480788081884384,-7.049186706542969,-1.186596155166626,7.148359775543213,False
train,0.7232756614685059,0.0,0.011555470526218414,0.17824779450893402,0.04748815298080444,-6.511561393737793,-1.1359758377075195,6.609907150268555,False
train,0.7236924171447754,0.0,0.011167239397764206,0.17570286989212036,0.04749589413404465,-5.888860702514648,-1.0682485103607178,5.9849677085876465,False
train,0.7241091728210449,0.0,0.01081010140478611,0.1734365075826645,0.047504011541604996,-5.176138401031494,-0.9823549389839172,5.268531799316406,False
train,0.7245259284973145,0.0,0.01049174927175045,0.17148569226264954,0.047512516379356384,-4.370713710784912,-0.8779448866844177,4.458017826080322,False
test,0.724942684173584,0.0,0.010219980962574482,0.16988997161388397,0.047521401196718216,-3.4734034538269043,-0.7554503679275513,3.55460786819458,False
train,0.7253594398498535,0.0,0.010002288967370987,0.16868601739406586,0.04753067344427109,-2.491084337234497,-0.6163559556007385,2.5662026405334473,False
train,0.725776195526123,0.0,0.009845254942774773,0.16790691018104553,0.04754029959440231,-1.438434362411499,-0.4633450508117676,1.5112186670303345,False
train,0.7261929512023926,0.0,0.00975387915968895,0.16757668554782867,0.04755031317472458,-0.33965131640434265,-0.3004864752292633,0.453492134809494,False
train,0.7266097068786621,0.0,0.009731586091220379,0.16770899295806885,0.0475606732070446,0.7734464406967163,-0.13293775916099548,0.7847877740859985,False
test,0.7270264625549316,0.0,0.009779228828847408,0.1683017909526825,0.047571394592523575,1.864165186882019,0.033417195081710815,1.8644647598266602,False
train,0.7274431586265564,0.0,0.009895151481032372,0.16933764517307281,0.04758245125412941,2.895908832550049,0.1925932914018631,2.902306079864502,False
train,0.7278599739074707,0.0,0.010075533762574196,0.17078636586666107,0.0475938506424427,3.836548328399658,0.339029997587204,3.851499080657959,False
train,0.7282767295837402,0.0,0.010314027778804302,0.17260342836380005,0.047605566680431366,4.661386013031006,0.46799618005752563,4.684820175170898,False
train,0.7286934852600098,0.0,0.010602897964417934,0.17473775148391724,0.0476175919175148,5.355754375457764,0.5761731266975403,5.38665771484375,False
test,0.7291102409362793,0.0,0.01093302108347416,0.17713338136672974,0.04762992262840271,5.915358066558838,0.6619171500205994,5.952276706695557,False
train,0.729526937007904,0.0,0.011295183561742306,0.17973469197750092,0.0476425476372242,6.345168113708496,0.7254533171653748,6.386504650115967,False
train,0.7299437522888184,0.0,0.011680707335472107,0.18249140679836273,0.047655437141656876,6.657983303070068,0.768888533115387,6.70223331451416,False
train,0.7303604483604431,0.0,0.012081681750714779,0.18535619974136353,0.047668587416410446,6.871954917907715,0.795962929725647,6.917898654937744,False
train,0.7307772636413574,0.0,0.012492858804762363,0.1882954090833664,0.04768197238445282,7.0090179443359375,0.8118000030517578,7.055873394012451,False
test,0.731194019317627,0.0,0.012910297140479088,0.19127890467643738,0.0476955883204937,7.092775821685791,0.8224015831947327,7.140295028686523,False
train,0.7316107153892517,0.0,0.013333253562450409,0.1942899525165558,0.0477093905210495,7.147447109222412,0.8342559933662415,7.195970058441162,False
train,0.732027530670166,0.0,0.01376395858824253,0.19732344150543213,0.047723401337862015,7.196375370025635,0.8538675308227539,7.246854782104492,False
train,0.7324442267417908,0.0,0.014206581749022007,0.2003793716430664,0.04773755744099617,7.260880947113037,0.887322723865509,7.3148980140686035,False
train,0.7328610420227051,0.0,0.01466834731400013,0.2034691870212555,0.04775187373161316,7.358576774597168,0.9398356676101685,7.418351650238037,False
test,0.7332777380943298,0.0,0.015157785266637802,0.2066088169813156,0.0477663055062294,7.501730918884277,1.0153032541275024,7.570126056671143,False
train,0.7336944937705994,0.0,0.015685036778450012,0.20981867611408234,0.0477808453142643,7.695241451263428,1.1159589290618896,7.77573823928833,False
train,0.7341112494468689,0.0,0.016260892152786255,0.21311964094638824,0.047795459628105164,7.935190200805664,1.241908311843872,8.03178596496582,False
train,0.7345280051231384,0.0,0.01689549908041954,0.21652844548225403,0.0478101409971714,8.20739459991455,1.390760898590088,8.324395179748535,False
train,0.7349448204040527,0.0,0.017597578465938568,0.22005441784858704,0.04782484844326973,8.48737621307373,1.5572683811187744,8.629057884216309,False
test,0.7353615164756775,0.0,0.018372412770986557,0.2236918956041336,0.04783957079052925,8.741143226623535,1.7329914569854736,8.911275863647461,False
train,0.735778272151947,0.0,0.01922185719013214,0.22742292284965515,0.047854259610176086,8.92713737487793,1.9062052965164185,9.128384590148926,False
train,0.7361950278282166,0.0,0.02014206536114216,0.23121044039726257,0.04786892235279083,8.999658584594727,2.061905860900879,9.23283863067627,False
train,0.7366117835044861,0.0,0.02112174965441227,0.23499634861946106,0.04788351431488991,8.912936210632324,2.1823348999023438,9.176219940185547,False
train,0.7370285391807556,0.0,0.02214231714606285,0.2387056201696396,0.04789802059531212,8.626205444335938,2.2481539249420166,8.914349555969238,False
test,0.7374452948570251,0.0,0.023177091032266617,0.24224889278411865,0.04791239649057388,8.109189987182617,2.2406156063079834,8.413044929504395,False
train,0.7378620505332947,0.0,0.024191949516534805,0.24552606046199799,0.04792662709951401,7.346395492553711,2.1441471576690674,7.6529011726379395,False
train,0.7382788062095642,0.0,0.025147397071123123,0.24843421578407288,0.0479406900703907,6.340609073638916,1.9494130611419678,6.633516311645508,False
train,0.7386955618858337,0.0,0.02600204572081566,0.2508763074874878,0.04795455187559128,5.114930629730225,1.6564996242523193,5.376477241516113,False
train,0.7391123175621033,0.0,0.026716874912381172,0.2527696490287781,0.04796818271279335,3.711456775665283,1.2762242555618286,3.9247496128082275,False
test,0.7395290732383728,0.0,0.027258841320872307,0.2540501058101654,0.047981563955545425,2.188443422317505,0.8302459716796875,2.340639352798462,False
train,0.7399458289146423,0.0,0.027606908231973648,0.25468334555625916,0.04799465462565422,0.6145713329315186,0.3484921157360077,0.7065017223358154,False
train,0.7403625845909119,0.0,0.027752647176384926,0.2546623945236206,0.04800743609666824,-0.9382658004760742,-0.13540056347846985,0.9479852318763733,False
train,0.7407792806625366,0.0,0.027701642364263535,0.25401049852371216,0.048019889742136,-2.4032819271087646,-0.5896132588386536,2.4745521545410156,False
train,0.7411960959434509,0.0,0.02747172862291336,0.2527758479118347,0.04803197458386421,-3.7263991832733154,-0.9892367124557495,3.855468988418579,False
test,0.7416128516197205,0.0,0.027088770642876625,0.25102609395980835,0.04804366081953049,-4.8700971603393555,-1.31917142868042,5.045598030090332,False
train,0.7420295476913452,0.0,0.026583272963762283,0.24884125590324402,0.04805493727326393,-5.816629409790039,-1.5751441717147827,6.0261311531066895,False
train,0.7424463629722595,0.0,0.025984684005379677,0.24630185961723328,0.04806576669216156,-6.56514835357666,-1.7615859508514404,6.7973785400390625,False
train,0.7428630590438843,0.0,0.025320367887616158,0.243491068482399,0.04807612672448158,-7.126335144042969,-1.8883384466171265,7.37227725982666,False
train,0.7432798743247986,0.0,0.024612145498394966,0.24048104882240295,0.04808598756790161,-7.517329692840576,-1.9671087265014648,7.77044153213501,False
test,0.7436965703964233,0.0,0.023878533393144608,0.23734189569950104,0.04809532314538956,-7.755361557006836,-2.008603811264038,8.011249542236328,False
train,0.7441133260726929,0.0,0.023132435977458954,0.23413166403770447,0.04810411110520363,-7.855343818664551,-2.0209743976593018,8.111150741577148,False
train,0.7445300817489624,0.0,0.02238507941365242,0.23090650141239166,0.048112332820892334,-7.828015327453613,-2.009474039077759,8.081819534301758,False
train,0.7449468374252319,0.0,0.021645739674568176,0.22771777212619781,0.048119958490133286,-7.680109977722168,-1.9766732454299927,7.930405139923096,False
train,0.7453636527061462,0.0,0.020923065021634102,0.22461432218551636,0.04812696948647499,-7.416074752807617,-1.923482060432434,7.661458492279053,False
test,0.745780348777771,0.0,0.020225733518600464,0.22164495289325714,0.04813333600759506,-7.0391316413879395,-1.8498165607452393,7.278131484985352,False
train,0.7461971044540405,0.0,0.019562404602766037,0.21885554492473602,0.0481390506029129,-6.552296161651611,-1.7553937435150146,6.783361434936523,False
train,0.7466138601303101,0.0,0.018941596150398254,0.21629078686237335,0.04814406856894493,-5.959815979003906,-1.640204906463623,6.181397914886475,False
train,0.7470306158065796,0.0,0.018372079357504845,0.213993638753891,0.04814838618040085,-5.268137454986572,-1.5050551891326904,5.47891092300415,False
train,0.7474473714828491,0.0,0.017862029373645782,0.2120041847229004,0.04815199226140976,-4.485927581787109,-1.3514078855514526,4.6850666999816895,False
test,0.7478641271591187,0.0,0.017418714240193367,0.21035683155059814,0.048154838383197784,-3.6247518062591553,-1.1815005540847778,3.8124492168426514,False
train,0.7482808828353882,0.0,0.01704866997897625,0.20908276736736298,0.04815695062279701,-2.698676347732544,-0.9980804920196533,2.877328395843506,False
train,0.7486976385116577,0.0,0.01675688475370407,0.20820510387420654,0.04815826937556267,-1.7239651679992676,-0.8041785955429077,1.902303695678711,False
train,0.7491143941879272,0.0,0.016547422856092453,0.20774108171463013,0.048158809542655945,-0.7184552550315857,-0.602904736995697,0.9379083514213562,False
train,0.7495311498641968,0.0,0.01642264425754547,0.20769892632961273,0.04815853759646416,0.29898983240127563,-0.39742347598075867,0.49733322858810425,False
test,0.7499479055404663,0.0,0.01638389378786087,0.20807966589927673,0.0481574647128582,1.308827519416809,-0.1909743696451187,1.3226869106292725,False
train,0.7503646612167358,0.0,0.016431089490652084,0.20887668430805206,0.04815554618835449,2.2899327278137207,0.01267145574092865,2.2899677753448486,False
train,0.7507814168930054,0.0,0.01656210981309414,0.21007227897644043,0.048152800649404526,3.2197093963623047,0.2090419977903366,3.2264883518218994,False
train,0.7511981129646301,0.0,0.01677308790385723,0.2116406261920929,0.04814921319484711,4.0727410316467285,0.39226895570755005,4.091588497161865,False
train,0.7516149282455444,0.0,0.017057111486792564,0.21354393661022186,0.04814475402235985,4.821854591369629,0.5552521347999573,4.8537187576293945,False
test,0.752031683921814,0.00024793873308226466,0.01740417815744877,0.21573276817798615,0.04813944175839424,5.439100742340088,0.6897859573364258,5.482665538787842,False
train,0.7524484395980835,0.0034501305781304836,0.017800921574234962,0.21814756095409393,0.048133257776498795,5.899913787841797,0.7877681255340576,5.952273845672607,False
train,0.752865195274353,0.003185382578521967,0.018230777233839035,0.22071883082389832,0.048126209527254105,6.188252925872803,0.8429604768753052,6.245402812957764,False
train,0.7532818913459778,0.001655726577155292,0.018675103783607483,0.22337336838245392,0.04811827838420868,6.30250358581543,0.8532383441925049,6.359997272491455,False
train,0.7536987066268921,0.004769668914377689,0.01911621168255806,0.22604310512542725,0.04810946434736252,6.259869575500488,0.8227317333221436,6.313703536987305,False
test,0.7541154026985168,0.004139316268265247,0.019539006054401398,0.22866837680339813,0.04809977859258652,6.098529815673828,0.7630537152290344,6.146081447601318,False
train,0.7545322179794312,0.0032778342720121145,0.019934821873903275,0.23121118545532227,0.048089221119880676,5.87462854385376,0.6926258206367493,5.915318012237549,False
train,0.7549489140510559,0.0032358106691390276,0.020304087549448013,0.23365944623947144,0.0480777807533741,5.655293941497803,0.6342865228652954,5.690752983093262,False
train,0.7553656697273254,0.00322740594856441,0.020656567066907883,0.23602941632270813,0.048065487295389175,5.507022380828857,0.6110363006591797,5.540817737579346,False
train,0.7557824850082397,0.004286398645490408,0.021010886877775192,0.23836196959018707,0.04805231839418411,5.482710361480713,0.6414433717727661,5.520105361938477,False
test,0.7561991810798645,0.005055428948253393,0.021391786634922028,0.2407151162624359,0.0480382926762104,5.611237525939941,0.7360340356826782,5.659305095672607,False
train,0.7566159963607788,0.0037863189354538918,0.021826984360814095,0.2431551069021225,0.04802341386675835,5.891211032867432,0.8957295417785645,5.958917617797852,False
train,0.7570326924324036,0.004962977487593889,0.02234196476638317,0.24573826789855957,0.04800770804286003,6.290560245513916,1.1116406917572021,6.388027191162109,False
train,0.7574494481086731,0.012636471539735794,0.02295657992362976,0.24850289523601532,0.04799116030335426,6.752410411834717,1.3668497800827026,6.8893632888793945,False
train,0.7578662037849426,0.017406141385436058,0.02368312142789364,0.2514611482620239,0.04797380045056343,7.203301906585693,1.63822603225708,7.387241840362549,False
test,0.7582829594612122,0.0057782335206866264,0.02452249638736248,0.2545908987522125,0.047955647110939026,7.563924789428711,1.898567795753479,7.798558712005615,False
train,0.7586997151374817,0.0067910002544522285,0.02546434849500656,0.2578396797180176,0.04793669283390045,7.758758544921875,2.118654251098633,8.042824745178223,False
train,0.7591164708137512,0.01298106461763382,0.02648547664284706,0.26112309098243713,0.04791697859764099,7.724456787109375,2.269472599029541,8.050946235656738,False
train,0.7595332264900208,0.008139954879879951,0.027551857754588127,0.2643374502658844,0.047896500676870346,7.416188716888428,2.325083017349243,7.772120952606201,False
train,0.7599499821662903,0.011695144698023796,0.028619123622775078,0.26736167073249817,0.0478753000497818,6.811715126037598,2.26570200920105,7.178639888763428,False
test,0.7603667378425598,0.0029206343460828066,0.02963673323392868,0.27007246017456055,0.047853369265794754,5.912761688232422,2.080909013748169,6.268248081207275,False
train,0.7607834935188293,0.003916591871529818,0.03055219165980816,0.27235129475593567,0.04783076047897339,4.7442708015441895,1.7721233367919922,5.064437389373779,False
train,0.7612002491950989,0.0028912178240716457,0.03131597861647606,0.27409470081329346,0.0478074811398983,3.3520052433013916,1.3537060022354126,3.615032196044922,False
train,0.7616169452667236,0.002244055736809969,0.03188725933432579,0.2752210795879364,0.04778354614973068,1.797748327255249,0.851933479309082,1.9893943071365356,False
train,0.7620337605476379,0.0037232835311442614,0.032238781452178955,0.2756795883178711,0.04775899276137352,0.15227960050106049,0.3011641204357147,0.3374743163585663,False
test,0.7624505162239075,0.0030929308850318193,0.032356683164834976,0.2754451334476471,0.0477338470518589,-1.5087023973464966,-0.26019442081451416,1.5309748649597168,False
train,0.762867271900177,0.003912389278411865,0.03224482759833336,0.2745286822319031,0.04770813509821892,-3.113943576812744,-0.79608154296875,3.214092493057251,False
train,0.7632840275764465,0.004404064733535051,0.031919531524181366,0.2729652523994446,0.047681886702775955,-4.600070476531982,-1.2766470909118652,4.773937225341797,False
train,0.7637007236480713,0.005412628874182701,0.03140871599316597,0.2708166837692261,0.0476551279425621,-5.915645122528076,-1.6812430620193481,6.149913311004639,False
train,0.7641175389289856,0.0033660836052149534,0.030746346339583397,0.2681621015071869,0.04762788489460945,-7.0242695808410645,-1.9992926120758057,7.303255081176758,False
test,0.7645342350006104,0.0046309917233884335,0.029968969523906708,0.26509296894073486,0.047600191086530685,-7.903139114379883,-2.228790521621704,8.21140193939209,False
train,0.7649510502815247,0.004231768194586039,0.02911165915429592,0.26170510053634644,0.04757208004593849,-8.545186042785645,-2.3751001358032227,8.869120597839355,False
train,0.7653677463531494,0.005433640442788601,0.028208192437887192,0.2580995261669159,0.047543589025735855,-8.957244873046875,-2.448807716369629,9.285951614379883,False
train,0.765784502029419,0.004786478355526924,0.02728542871773243,0.2543666958808899,0.04751473665237427,-9.157793045043945,-2.4632275104522705,9.483283042907715,False
train,0.7662013173103333,0.0047486573457717896,0.02636469155550003,0.2505882978439331,0.0474855862557888,-9.17406177520752,-2.432634115219116,9.491106986999512,False
test,0.766618013381958,0.00509745255112648,0.025462573394179344,0.24683693051338196,0.04745613783597946,-9.037487983703613,-2.3703067302703857,9.343154907226562,False
train,0.7670348286628723,0.0037737118545919657,0.02458951249718666,0.24316778779029846,0.04742644727230072,-8.778478622436523,-2.286775588989258,9.071439743041992,False
train,0.7674515247344971,0.005803447682410479,0.02375335991382599,0.2396283894777298,0.047396548092365265,-8.422576904296875,-2.189007043838501,8.702387809753418,False
train,0.7678682804107666,0.014666207134723663,0.022958775982260704,0.23625358939170837,0.04736648499965668,-7.988340854644775,-2.0804054737091064,8.254796981811523,False
train,0.7682850360870361,0.00472764577716589,0.02221027947962284,0.23307344317436218,0.04733626917004585,-7.487748622894287,-1.9616882801055908,7.740452289581299,False
test,0.7687017917633057,0.005635353736579418,0.02151240035891533,0.2301144301891327,0.04730595648288727,-6.928518772125244,-1.8322534561157227,7.166695594787598,False
train,0.7691185474395752,0.003899782430380583,0.020869625732302666,0.22739920020103455,0.04727558419108391,-6.316336631774902,-1.6911581754684448,6.538816452026367,False
train,0.7695353031158447,0.004206554032862186,0.020287122577428818,0.22494877874851227,0.047245196998119354,-5.6579437255859375,-1.5383901596069336,5.863358497619629,False
train,0.7699520587921143,0.0,0.019769784063100815,0.22278094291687012,0.0472148098051548,-4.961655616760254,-1.3748719692230225,5.148621082305908,False
train,0.7703688144683838,0.0,0.019321732223033905,0.2209095060825348,0.04718447104096413,-4.238169193267822,-1.202556848526001,4.405476093292236,False
test,0.7707855701446533,0.0,0.01894606649875641,0.21934226155281067,0.04715424031019211,-3.4993796348571777,-1.0240085124969482,3.6461281776428223,False
train,0.7712023258209229,0.0,0.01864520087838173,0.218084454536438,0.04712412506341934,-2.7572808265686035,-0.8420267105102539,2.8829855918884277,False
train,0.7716190814971924,0.0,0.018420156091451645,0.21713510155677795,0.04709417745471001,-2.0230050086975098,-0.659442126750946,2.1277718544006348,False
train,0.7720358371734619,0.0,0.01827024295926094,0.21648727357387543,0.047064438462257385,-1.3051546812057495,-0.4787076711654663,1.3901761770248413,False
train,0.7724525928497314,0.0,0.01819494552910328,0.21613478660583496,0.047034941613674164,-0.6088138222694397,-0.30177122354507446,0.6794999241828918,False
test,0.772869348526001,0.0,0.018192065879702568,0.21606726944446564,0.04700572416186333,0.06411561369895935,-0.13022077083587646,0.1451490968465805,False
train,0.7732861042022705,0.0,0.018259570002555847,0.21627633273601532,0.04697681963443756,0.7146336436271667,0.03469538688659668,0.7154753804206848,False
train,0.77370285987854,0.0,0.018394291400909424,0.21675172448158264,0.04694827273488045,1.3445219993591309,0.19164907932281494,1.3581122159957886,False
train,0.7741196155548096,0.0,0.01859254576265812,0.21748502552509308,0.046920135617256165,1.953310489654541,0.3387119174003601,1.9824600219726562,False
train,0.7745363712310791,0.0,0.01884998008608818,0.21846723556518555,0.04689240828156471,2.5351924896240234,0.47278204560279846,2.578899621963501,False
test,0.7749530673027039,0.0,0.019159914925694466,0.21968333423137665,0.04686515033245087,3.076918601989746,0.5892107486724854,3.1328258514404297,False
train,0.7753698825836182,0.0,0.01951460726559162,0.2211146354675293,0.04683839529752731,3.558351993560791,0.6821879148483276,3.623154640197754,False
train,0.7757865786552429,0.0,0.019902454689145088,0.22272945940494537,0.04681217670440674,3.954641819000244,0.7453591823577881,4.024270534515381,False
train,0.7762033939361572,0.0,0.02031027525663376,0.2244880348443985,0.04678652435541153,4.243004322052002,0.773844838142395,4.312994480133057,False
train,0.7766201496124268,0.0,0.020722974091768265,0.2263411283493042,0.046761468052864075,4.408235549926758,0.7661071419715881,4.474311351776123,False
test,0.7770368456840515,0.0,0.021126000210642815,0.22823645174503326,0.04673706740140915,4.4486565589904785,0.7257463335990906,4.5074663162231445,False
train,0.7774536609649658,0.0,0.021508000791072845,0.23012612760066986,0.046713318675756454,4.379169464111328,0.6624624133110046,4.428993225097656,False
train,0.7778703570365906,0.0,0.021862011402845383,0.23196855187416077,0.04669027402997017,4.229593276977539,0.5912294387817383,4.270715713500977,False
train,0.7782871127128601,0.0,0.02218836173415184,0.23373861610889435,0.04666796699166298,4.039477348327637,0.5297987461090088,4.074072360992432,False
train,0.7787038683891296,0.0,0.022494995966553688,0.23542867600917816,0.04664641246199608,3.8489792346954346,0.4949377179145813,3.8806705474853516,False
test,0.7791206240653992,0.0,0.022795403376221657,0.237045019865036,0.04662562906742096,3.6908676624298096,0.4988560378551483,3.7244277000427246,False
train,0.7795373797416687,0.0,0.023106956854462624,0.23860539495944977,0.046605680137872696,3.581357002258301,0.5458217859268188,3.622711420059204,False
train,0.7799541354179382,0.0,0.023447200655937195,0.24013034999370575,0.046586569398641586,3.5165481567382812,0.6311079263687134,3.5727312564849854,False
train,0.7803708910942078,0.0,0.023829104378819466,0.24163343012332916,0.04656831547617912,3.471830368041992,0.7408491969108582,3.549994945526123,False
train,0.7807876467704773,0.0,0.024258868768811226,0.24311544001102448,0.04655096307396889,3.4053664207458496,0.853421151638031,3.510676383972168,False
test,0.7812044024467468,0.0,0.024731934070587158,0.24455590546131134,0.04653451591730118,3.263660192489624,0.9412650465965271,3.3966832160949707,False
train,0.7816211581230164,0.0,0.025231529027223587,0.2459115982055664,0.04651901498436928,2.9892101287841797,0.9734248518943787,3.1437132358551025,False
train,0.7820379137992859,0.0,0.0257281344383955,0.24711601436138153,0.046504464000463486,2.527090072631836,0.9184014201164246,2.6887998580932617,False
train,0.7824546694755554,0.0,0.02617892622947693,0.24808062613010406,0.046490877866744995,1.8316763639450073,0.7478283643722534,1.9784554243087769,False
train,0.782871425151825,0.0,0.026530880481004715,0.24870073795318604,0.04647829756140709,0.872239887714386,0.4410914182662964,0.9774273037910461,False
test,0.7832881808280945,0.0,0.026725299656391144,0.24886417388916016,0.04646672308444977,-0.3616678714752197,-0.009299501776695251,0.3617874085903168,False
train,0.783704936504364,0.0,0.02670341543853283,0.24845770001411438,0.04645618051290512,-1.8568527698516846,-0.5930716395378113,1.949265480041504,False
train,0.7841216921806335,0.0,0.02641528658568859,0.24738046526908875,0.04644666984677315,-3.573573589324951,-1.279172658920288,3.7956173419952393,False
train,0.7845384478569031,0.0,0.025827791541814804,0.24555236101150513,0.04643820971250534,-5.446200847625732,-2.016841173171997,5.807645797729492,False
train,0.7849552035331726,0.0,0.024932410567998886,0.24292616546154022,0.04643081873655319,-7.386501312255859,-2.741471767425537,7.878836631774902,False
test,0.7853719592094421,0.0,0.02374853752553463,0.23949496448040009,0.046424493193626404,-9.291653633117676,-3.385270357131958,9.889129638671875,False
train,0.7857887148857117,0.0,0.022322293370962143,0.23529544472694397,0.046419255435466766,-11.054899215698242,-3.8896708488464355,11.719228744506836,False
train,0.7862054109573364,0.0,0.02072039246559143,0.2304079532623291,0.04641510173678398,-12.578051567077637,-4.216164588928223,13.265874862670898,False
train,0.786622166633606,0.0,0.019019993022084236,0.2249487340450287,0.04641205444931984,-13.784310340881348,-4.35250997543335,14.455157279968262,False
train,0.7870389819145203,0.0,0.01729809120297432,0.21906007826328278,0.04641008377075195,-14.625398635864258,-4.31136417388916,15.247627258300781,False
test,0.787455677986145,0.0,0.015623370185494423,0.21290217339992523,0.046409230679273605,-15.085916519165039,-4.124484539031982,15.639573097229004,False
train,0.7878724336624146,0.0,0.01404719427227974,0.20662781596183777,0.04640946909785271,-15.182476997375488,-3.8332862854003906,15.658917427062988,False
train,0.7882892489433289,0.0,0.01260399166494608,0.20038047432899475,0.04641082137823105,-14.956611633300781,-3.480217933654785,15.356176376342773,False
train,0.7887060046195984,0.0,0.011312039569020271,0.19428476691246033,0.04641326516866684,-14.466448783874512,-3.1024866104125977,14.795390129089355,False
train,0.7891227006912231,0.0,0.010175447911024094,0.18843786418437958,0.046416815370321274,-13.77774715423584,-2.7285125255584717,14.04532241821289,False
test,0.7895394563674927,0.0,0.009188075549900532,0.18290653824806213,0.046421442180871964,-12.95457649230957,-2.377204418182373,13.170883178710938,False
train,0.789956271648407,0.0,0.008338181301951408,0.17773523926734924,0.0464271642267704,-12.054231643676758,-2.059440851211548,12.22889232635498,False
train,0.7903729677200317,0.0,0.007611064240336418,0.17294739186763763,0.0464339554309845,-11.123634338378906,-1.7798070907592773,11.265121459960938,False
train,0.7907897233963013,0.0,0.006990599911659956,0.16854669153690338,0.04644182324409485,-10.196416854858398,-1.538245677947998,10.311795234680176,False
train,0.7912065386772156,0.0,0.0064615667797625065,0.1645270437002182,0.04645074903964996,-9.294610023498535,-1.33208429813385,9.389580726623535,False
test,0.7916232347488403,0.0,0.006010355427861214,0.1608758270740509,0.04646070674061775,-8.43018913269043,-1.1572962999343872,8.509255409240723,False
train,0.7920399904251099,0.0,0.005624860525131226,0.15757620334625244,0.04647170007228851,-7.606441020965576,-1.0091856718063354,7.673095703125,False
train,0.7924566864967346,0.0,0.005295075010508299,0.1546110063791275,0.04648372158408165,-6.822389125823975,-0.8832877278327942,6.879330635070801,False
train,0.7928735613822937,0.0,0.005012620240449905,0.15196403861045837,0.04649672657251358,-6.074525356292725,-0.7755547165870667,6.123834133148193,False
train,0.7932902574539185,0.0,0.004770949948579073,0.1496221274137497,0.0465107262134552,-5.3606390953063965,-0.6827836036682129,5.403947353363037,False
test,0.793707013130188,0.0,0.004564374219626188,0.14757035672664642,0.046525679528713226,-4.679915428161621,-0.602415144443512,4.7185282707214355,False
train,0.7941238284111023,0.0,0.00438824063166976,0.1457945555448532,0.04654158279299736,-4.0345635414123535,-0.532652735710144,4.069572448730469,False
train,0.794540524482727,0.0,0.004238574765622616,0.14427989721298218,0.046558402478694916,-3.4294989109039307,-0.4722953140735626,3.461867332458496,False
train,0.7949572801589966,0.0,0.004111670423299074,0.14300763607025146,0.0465761162340641,-2.870192050933838,-0.4204711616039276,2.900827169418335,False
train,0.7953739762306213,0.0,0.004004249349236488,0.14195777475833893,0.04659470543265343,-2.361863136291504,-0.3764984905719757,2.3916831016540527,False
test,0.7957907915115356,0.0,0.003913258668035269,0.14110882580280304,0.0466141477227211,-1.9065090417861938,-0.3396111726760864,1.9365206956863403,False
train,0.7962075471878052,0.0,0.003836036194115877,0.14043860137462616,0.046634405851364136,-1.5020262002944946,-0.30880898237228394,1.5334423780441284,False
train,0.7966242432594299,0.0,0.0037704079877585173,0.13992804288864136,0.04665544256567955,-1.1399472951889038,-0.2826857566833496,1.174474835395813,False
train,0.7970410585403442,0.0,0.0037147835828363895,0.13956139981746674,0.04667725786566734,-0.8053219318389893,-0.2593867778778076,0.8460643887519836,False
train,0.7974578142166138,0.0,0.003668585093691945,0.13933248817920685,0.046699803322553635,-0.47802427411079407,-0.2367192655801773,0.5334259271621704,False
test,0.7978745698928833,0.0,0.0036320385988801718,0.13924233615398407,0.046723056584596634,-0.13374246656894684,-0.2122260481119156,0.25085243582725525,False
train,0.7982912659645081,0.0,0.0036065340973436832,0.13930371403694153,0.04674697294831276,0.25346219539642334,-0.1833977848291397,0.3128543198108673,False
train,0.7987080812454224,0.0,0.0035944024566560984,0.13953977823257446,0.04677153378725052,0.7084048390388489,-0.14784304797649384,0.7236677408218384,False
train,0.7991248369216919,0.0,0.003599017858505249,0.13998328149318695,0.046796686947345734,1.2521926164627075,-0.1034388542175293,1.2564576864242554,False
train,0.7995415329933167,0.0,0.00362454354763031,0.14067476987838745,0.046822406351566315,1.9005844593048096,-0.048323675990104675,1.9011986255645752,False
test,0.7999582886695862,0.0,0.00367590319365263,0.14166051149368286,0.04684866592288017,2.663280725479126,0.01918412744998932,2.6633498668670654,False
train,0.8003751039505005,0.0,0.0037587315309792757,0.14298853278160095,0.04687541723251343,3.542734384536743,0.10066154599189758,3.5441641807556152,False
train,0.8007918000221252,0.0,0.0038792977575212717,0.14470654726028442,0.046902623027563095,4.533873081207275,0.197673499584198,4.538180351257324,False
train,0.8012085556983948,0.0,0.004044614266604185,0.14685942232608795,0.046930257230997086,5.625090599060059,0.3119470179080963,5.633733749389648,False
train,0.8016253709793091,0.0,0.0042624445632100105,0.14948515594005585,0.046958278864622116,6.796103477478027,0.44515514373779297,6.810667037963867,False
test,0.8020420670509338,0.0,0.0045410338789224625,0.1526099592447281,0.04698662459850311,8.017460823059082,0.5986371636390686,8.039778709411621,False
train,0.8024588227272034,0.0,0.004889399278908968,0.15624889731407166,0.04701528698205948,9.251352310180664,0.7731565237045288,9.283602714538574,False
train,0.8028755784034729,0.0,0.005316333845257759,0.160397008061409,0.04704421013593674,10.44991683959961,0.9679640531539917,10.494651794433594,False
train,0.8032923936843872,0.0,0.005830083508044481,0.1650286763906479,0.047073353081941605,11.558218955993652,1.1802358627319336,11.618321418762207,False
train,0.803709089756012,0.0,0.006436722353100777,0.17009210586547852,0.0471026785671711,12.516715049743652,1.4040881395339966,12.595222473144531,False
test,0.8041258454322815,0.0,0.00713976239785552,0.17551524937152863,0.04713214933872223,13.268138885498047,1.6304620504379272,13.367942810058594,False
train,0.8045426607131958,0.0,0.007937837392091751,0.1812008023262024,0.04716172814369202,13.763002395629883,1.8469263315200806,13.886373519897461,False
train,0.8049593567848206,0.0,0.008823508396744728,0.18703123927116394,0.04719135910272598,13.965893745422363,2.038583755493164,14.11389446258545,False
train,0.8053761124610901,0.0,0.009783688932657242,0.192884162068367,0.04722100868821144,13.862123489379883,2.1901862621307373,14.034079551696777,False
train,0.8057928085327148,0.0,0.010798499919474125,0.19863082468509674,0.047250643372535706,13.458635330200195,2.2880725860595703,13.651744842529297,False
test,0.8062096238136292,0.0,0.01184355653822422,0.20415286719799042,0.0472802072763443,12.78268814086914,2.322567939758301,12.991975784301758,False
train,0.8066263794898987,0.0,0.01289084367454052,0.20934343338012695,0.047309670597314835,11.878636360168457,2.2896292209625244,12.097289085388184,False
train,0.8070430755615234,0.0,0.013912529684603214,0.21411918103694916,0.04733898490667343,10.800707817077637,2.191405773162842,11.020777702331543,False
train,0.807459831237793,0.0,0.014882630668580532,0.21841959655284882,0.047368116676807404,9.605781555175781,2.0351693630218506,9.819009780883789,False
train,0.8078766465187073,0.0,0.01577923446893692,0.22220927476882935,0.047397032380104065,8.347417831420898,1.8317815065383911,8.546040534973145,False
test,0.8082934021949768,0.0,0.01658450998365879,0.2254682332277298,0.04742567241191864,7.071268558502197,1.5934009552001953,7.248569965362549,False
train,0.8087100982666016,0.0,0.017286131158471107,0.22819766402244568,0.04745400324463844,5.811741828918457,1.3315365314483643,5.962326526641846,False
train,0.8091269135475159,0.0,0.0178766380995512,0.23041099309921265,0.04748200252652168,4.590878963470459,1.0555713176727295,4.710669040679932,False
train,0.8095436692237854,0.0,0.018351014703512192,0.2321249395608902,0.047509629279375076,3.4210469722747803,0.7726350426673889,3.5072107315063477,False
train,0.8099603652954102,0.0,0.018707528710365295,0.23336346447467804,0.04753681644797325,2.3051249980926514,0.48741021752357483,2.3560922145843506,False
test,0.8103771209716797,0.0,0.018945636227726936,0.23414771258831024,0.04756356403231621,1.2398364543914795,0.2029923051595688,1.2563440799713135,False
train,0.810793936252594,0.0,0.019065923988819122,0.2344970554113388,0.04758981987833977,0.2197311967611313,-0.07782195508480072,0.23310524225234985,False
train,0.8112106323242188,0.0,0.019070761278271675,0.23443050682544708,0.04761555418372154,-0.7593055963516235,-0.3513503670692444,0.8366552591323853,False
train,0.8116273880004883,0.0,0.018963700160384178,0.23396357893943787,0.04764071851968765,-1.6982426643371582,-0.6125675439834595,1.8053439855575562,False
train,0.8120442032814026,0.0,0.018751345574855804,0.23311468958854675,0.0476653054356575,-2.5913803577423096,-0.8543799519538879,2.72859263420105,False
test,0.8124609589576721,0.0,0.018443474546074867,0.2319059520959854,0.04768925905227661,-3.425288200378418,-1.067957878112793,3.5879149436950684,False
train,0.8128776550292969,0.0,0.018053628504276276,0.23036527633666992,0.0477125458419323,-4.180775165557861,-1.2442090511322021,4.361987590789795,False
train,0.8132944107055664,0.0,0.017598750069737434,0.22852928936481476,0.04773515462875366,-4.83453893661499,-1.3748551607131958,5.026230335235596,False
train,0.8137112259864807,0.0,0.017099155113101006,0.22644592821598053,0.047757066786289215,-5.362093925476074,-1.4539399147033691,5.5557169914245605,False
train,0.8141279220581055,0.0,0.016577281057834625,0.2241736352443695,0.04777821898460388,-5.740671157836914,-1.4784550666809082,5.9279961585998535,False
test,0.814544677734375,0.0,0.016055628657341003,0.2217773199081421,0.04779861122369766,-5.9525370597839355,-1.4486496448516846,6.126278400421143,False
train,0.8149614930152893,0.0,0.01555640995502472,0.2193298488855362,0.04781820997595787,-5.985222816467285,-1.3672573566436768,6.139404296875,False
train,0.8153781890869141,0.0,0.015100027434527874,0.21690669655799866,0.047836996614933014,-5.83336067199707,-1.238761067390442,5.963440895080566,False
train,0.8157949447631836,0.0,0.014705164358019829,0.21458472311496735,0.047854941338300705,-5.498826503753662,-1.0683650970458984,5.601651191711426,False
train,0.8162116408348083,0.0,0.014388307929039001,0.2124388962984085,0.04787202179431915,-4.991432189941406,-0.8614444732666016,5.06522274017334,False
test,0.8166284561157227,0.0,0.014163731597363949,0.21053752303123474,0.047888241708278656,-4.329168319702148,-0.6229725480079651,4.373762130737305,False
train,0.8170452117919922,0.0,0.01404337678104639,0.20893923938274384,0.047903548926115036,-3.538433074951172,-0.3576144576072693,3.5564584732055664,False
train,0.8174619674682617,0.0,0.014037925750017166,0.20769153535366058,0.047917962074279785,-2.653520345687866,-0.06971944868564606,2.6544361114501953,False
train,0.817878782749176,0.0,0.01415607612580061,0.206825390458107,0.04793143644928932,-1.7154792547225952,0.2362334430217743,1.7316683530807495,False
train,0.8182954788208008,0.0,0.014404119923710823,0.20635299384593964,0.04794398322701454,-0.7698305249214172,0.5552116632461548,0.9491569995880127,False
test,0.8187122344970703,0.0,0.014786737971007824,0.20626813173294067,0.047955580055713654,0.13751471042633057,0.8815112709999084,0.8921728730201721,False
train,0.8191289305686951,0.0,0.015305649489164352,0.2065461426973343,0.04796620458364487,0.9626349210739136,1.2079631090164185,1.54461669921875,False
train,0.8195457458496094,0.0,0.015959469601511955,0.207144632935524,0.04797587916254997,1.6691687107086182,1.5263819694519043,2.261850118637085,False
train,0.8199625015258789,0.0,0.016742920503020287,0.2080077826976776,0.047984566539525986,2.230158567428589,1.8273413181304932,2.8831896781921387,False
train,0.8203791975975037,0.0,0.017646536231040955,0.20907175540924072,0.0479922853410244,2.6320512294769287,2.1013355255126953,3.3679823875427246,False
test,0.8207959532737732,0.0,0.01865779235959053,0.21027027070522308,0.047999024391174316,2.8759336471557617,2.340172290802002,3.7077486515045166,False
train,0.8212127685546875,0.0,0.019760604947805405,0.21153968572616577,0.04800477996468544,2.9763152599334717,2.5379838943481445,3.9114978313446045,False
train,0.8216294646263123,0.0,0.020937109366059303,0.21282586455345154,0.04800955206155777,2.959677219390869,2.692826271057129,4.001375198364258,False
train,0.8220462203025818,0.0,0.022170132026076317,0.21408677101135254,0.0480133518576622,2.859492778778076,2.8069183826446533,4.006929874420166,False
train,0.8224630355834961,0.0,0.02344351075589657,0.21529442071914673,0.04801616817712784,2.7111711502075195,2.8858542442321777,3.9596216678619385,False
test,0.8228797912597656,0.0,0.024743802845478058,0.21643592417240143,0.04801802709698677,2.5461483001708984,2.9366703033447266,3.8867599964141846,False
train,0.8232964873313904,0.0,0.026060758158564568,0.2175094336271286,0.04801890626549721,2.3873677253723145,2.965442419052124,3.807016372680664,False
train,0.8237132430076599,0.0,0.02738579921424389,0.21852007508277893,0.048018839210271835,2.2457034587860107,2.97428297996521,3.72686767578125,False
train,0.8241300582885742,0.0,0.02871052734553814,0.21947552263736725,0.048017822206020355,2.1211931705474854,2.960453510284424,3.6419427394866943,False
train,0.824546754360199,0.0,0.03002348728477955,0.22038176655769348,0.04801587760448456,2.0049517154693604,2.9159445762634277,3.5387234687805176,False
test,0.8249635100364685,0.0,0.03130984306335449,0.22123895585536957,0.04801301658153534,1.8838636875152588,2.8295044898986816,3.3992702960968018,False
train,0.8253803253173828,0.0,0.03254988044500351,0.22204288840293884,0.048009250313043594,1.7458856105804443,2.689640998840332,3.2066004276275635,False
train,0.8257970213890076,0.0,0.03371836245059967,0.22278334200382233,0.048004601150751114,1.5838665962219238,2.4878580570220947,2.949249267578125,False
train,0.8262137770652771,0.0,0.034789860248565674,0.22345197200775146,0.0479990690946579,1.3975720405578613,2.2213094234466553,2.624390125274658,False
train,0.8266304731369019,0.0,0.035736940801143646,0.2240380346775055,0.04799270257353783,1.1930943727493286,1.8937374353408813,2.238239288330078,False
test,0.8270473480224609,0.0,0.036537330597639084,0.22453808784484863,0.0479854941368103,0.9805734157562256,1.514551043510437,1.8042696714401245,False
train,0.8274640440940857,0.0,0.037170980125665665,0.2249494343996048,0.04797748848795891,0.7707666158676147,1.0972481966018677,1.340908169746399,False
train,0.8278807997703552,0.0,0.03762506693601608,0.22527524828910828,0.04796868562698364,0.5719980001449585,0.6557003259658813,0.8701291084289551,False
train,0.82829749584198,0.0,0.037892501801252365,0.22552111744880676,0.04795914143323898,0.3869878947734833,0.20204655826091766,0.43655750155448914,False
train,0.8287143111228943,0.0,0.037969619035720825,0.22569207847118378,0.04794884845614433,0.2110639214515686,-0.2562318444252014,0.3319679796695709,False
test,0.8291310667991638,0.0,0.03785582631826401,0.22579005360603333,0.04793785512447357,0.0324971079826355,-0.7159945964813232,0.7167317271232605,False
train,0.8295477628707886,0.0,0.03755004331469536,0.2258099913597107,0.04792618006467819,-0.16695380210876465,-1.1783349514007568,1.1901036500930786,False
train,0.8299645781517029,0.0,0.037050195038318634,0.2257382869720459,0.04791385680437088,-0.40883171558380127,-1.6460940837860107,1.6961040496826172,False
train,0.8303813338279724,0.0,0.036354079842567444,0.22555318474769592,0.047900907695293427,-0.7141241431236267,-2.1204299926757812,2.2374532222747803,False
train,0.8307980298995972,0.0,0.035459719598293304,0.22522519528865814,0.047887369990348816,-1.0982993841171265,-2.597684860229492,2.820324182510376,False
test,0.8312147855758667,0.0,0.03436722606420517,0.2247188240289688,0.04787328466773033,-1.568356990814209,-3.067769765853882,3.445425271987915,False
train,0.831631600856781,0.0,0.03308314457535744,0.22399955987930298,0.04785865917801857,-2.118765354156494,-3.51310133934021,4.102565765380859,False
train,0.8320483565330505,0.0,0.03162233904004097,0.2230370193719864,0.047843556851148605,-2.7317309379577637,-3.9109385013580322,4.77051305770874,False
train,0.8324650526046753,0.0,0.03000977449119091,0.22181062400341034,0.04782798886299133,-3.3799309730529785,-4.2378997802734375,5.420675754547119,False
train,0.8328818678855896,0.0,0.028278425335884094,0.22031189501285553,0.047811999917030334,-4.030761241912842,-4.474209308624268,6.022091388702393,False
test,0.8332986235618591,0.0,0.02646959014236927,0.21854735910892487,0.0477956160902977,-4.650641918182373,-4.607524871826172,6.546583652496338,False
train,0.8337153196334839,0.0,0.024626871570944786,0.21653582155704498,0.0477788969874382,-5.209988594055176,-4.634937763214111,6.97327995300293,False
train,0.8341320753097534,0.0,0.022793220356106758,0.21430838108062744,0.04776185005903244,-5.685465335845947,-4.562487602233887,7.289774417877197,False
train,0.8345488905906677,0.0,0.021007416769862175,0.21190258860588074,0.0477445162832737,-6.059892654418945,-4.402758598327637,7.4904327392578125,False
train,0.8349655866622925,0.0,0.0193032119423151,0.20936422049999237,0.04772695526480675,-6.320677757263184,-4.172192096710205,7.573516845703125,False
test,0.835382342338562,0.0,0.01770576275885105,0.2067420482635498,0.04770916700363159,-6.459122657775879,-3.8883776664733887,7.53921365737915,False
train,0.8357991576194763,0.0,0.016233449801802635,0.20408804714679718,0.0476912222802639,-6.468762397766113,-3.5683023929595947,7.387670040130615,False
train,0.8362159132957458,0.0,0.014898593537509441,0.20145712792873383,0.04767313972115517,-6.348097324371338,-3.22807240486145,7.121712684631348,False
train,0.8366326093673706,0.0,0.013706664554774761,0.19890420138835907,0.04765496030449867,-6.102371692657471,-2.8820459842681885,6.74871301651001,False
train,0.8370493650436401,0.0,0.01265675388276577,0.1964758336544037,0.047636713832616806,-5.745561599731445,-2.5425357818603516,6.282990455627441,False
test,0.8374661803245544,0.0,0.011744164861738682,0.19421502947807312,0.04761844873428345,-5.301962852478027,-2.2200777530670166,5.74800443649292,False
train,0.8378828763961792,0.00157167948782444,0.010960369370877743,0.1921522319316864,0.04760020226240158,-4.804550647735596,-1.9229586124420166,5.175082206726074,False
train,0.8382996320724487,0.0041435188613832,0.010293371044099331,0.1903010606765747,0.04758200794458389,-4.290632247924805,-1.6566298007965088,4.599342346191406,False
train,0.838716447353363,0.0033955001272261143,0.009729531593620777,0.1886599361896515,0.047563884407281876,-3.7983014583587646,-1.4242615699768066,4.056551933288574,False
train,0.8391331434249878,0.003538380144163966,0.009254875592887402,0.18721413612365723,0.0475459024310112,-3.361459732055664,-1.2268424034118652,3.5783450603485107,False
test,0.8395498991012573,0.002197830006480217,0.00885477103292942,0.18593361973762512,0.04752805829048157,-3.0054306983947754,-1.0631827116012573,3.187941551208496,False
train,0.8399665951728821,0.002689504995942116,0.008515894412994385,0.18478210270404816,0.04751041531562805,-2.7455179691314697,-0.9306849837303162,2.898972749710083,False
train,0.8403834104537964,0.003815735224634409,0.008225949481129646,0.18371787667274475,0.047492992132902145,-2.585042953491211,-0.8253288269042969,2.7135980129241943,False
train,0.8408001661300659,0.006169052328914404,0.00797475315630436,0.1827012598514557,0.04747582599520683,-2.5161519050598145,-0.7422415018081665,2.6233456134796143,False
train,0.8412169218063354,0.014859515242278576,0.00775403156876564,0.18169640004634857,0.0474589578807354,-2.5206222534179688,-0.6758383512496948,2.609653949737549,False
test,0.8416336178779602,0.004765466786921024,0.007558176759630442,0.18067903816699982,0.04744240641593933,-2.5725388526916504,-0.6203080415725708,2.646268606185913,False
train,0.8420504331588745,0.005954732187092304,0.0073837293311953545,0.17963513731956482,0.047426216304302216,-2.6412720680236816,-0.569952130317688,2.702066659927368,False
train,0.842467188835144,0.011917869560420513,0.007229742594063282,0.1785648912191391,0.047410402446985245,-2.6953248977661133,-0.5197160243988037,2.74497389793396,False
train,0.8428838849067688,0.008081122301518917,0.0070969536900520325,0.17747969925403595,0.0473950058221817,-2.706495523452759,-0.4655323028564453,2.7462406158447266,False
train,0.8433007001876831,0.012623864226043224,0.0069876243360340595,0.17640267312526703,0.04738004133105278,-2.6531741619110107,-0.4045608341693878,2.6838409900665283,False
test,0.8437174558639526,0.0044334810227155685,0.006905003450810909,0.17536382377147675,0.04736555740237236,-2.523125410079956,-0.3353707194328308,2.545316457748413,False
train,0.8441341519355774,0.0026937073562294245,0.006852529942989349,0.1743953377008438,0.04735156148672104,-2.3150641918182373,-0.2578665614128113,2.329381227493286,False
train,0.8445509076118469,0.0031643707770854235,0.006833587773144245,0.17352847754955292,0.0473380908370018,-2.0374982357025146,-0.17301389575004578,2.044830799102783,False
train,0.8449677228927612,0.003487951820716262,0.00685084005817771,0.17278817296028137,0.04732516407966614,-1.7077248096466064,-0.08269678056240082,1.7097259759902954,False
train,0.845384418964386,0.003529975423589349,0.0069061522372066975,0.1721925139427185,0.04731280729174614,-1.3491290807724,0.010458245873451233,1.3491696119308472,False
test,0.8458011746406555,0.01257343590259552,0.007000176701694727,0.17174798250198364,0.047301035374403,-0.987947940826416,0.10338322818279266,0.9933424592018127,False
train,0.8462179899215698,0.0024037451948970556,0.007132123690098524,0.17144982516765594,0.047289878129959106,-0.6511831879615784,0.19243916869163513,0.6790230870246887,False
train,0.8466347455978394,0.007370924577116966,0.007299468852579594,0.17128200829029083,0.047279346734285355,-0.3639841079711914,0.273510605096817,0.4552938640117645,False
train,0.8470514416694641,0.012758339755237103,0.007498075254261494,0.1712198555469513,0.047269463539123535,-0.14811494946479797,0.342050701379776,0.3727421462535858,False
train,0.8474681973457336,0.007513804826885462,0.00772180175408721,0.17122982442378998,0.04726025462150574,-0.020736150443553925,0.39312559366226196,0.3936721086502075,False
test,0.847885012626648,0.012838183902204037,0.007962293922901154,0.17127220332622528,0.047251712530851364,0.005756013095378876,0.4215877056121826,0.4216269850730896,False
train,0.8483017086982727,0.004357838537544012,0.008208993822336197,0.17130331695079803,0.047243863344192505,-0.07556242495775223,0.4224579334259033,0.4291624128818512,False
train,0.8487184643745422,0.0,0.008449508808553219,0.17127758264541626,0.04723672568798065,-0.2663884162902832,0.391484797000885,0.4735220670700073,False
train,0.849135160446167,0.0,0.008669913746416569,0.17115022242069244,0.0472303070127964,-0.5629696846008301,0.32585597038269043,0.6504744291305542,False
train,0.8495519757270813,0.0,0.008855510503053665,0.1708785444498062,0.04722461476922035,-0.9563296437263489,0.22491005063056946,0.9824209809303284,False
test,0.8499687314033508,0.0,0.008991829119622707,0.17042513191699982,0.0472196601331234,-1.4320807456970215,0.09091655910015106,1.4349637031555176,False
train,0.8503854274749756,0.0,0.0090660834684968,0.16975969076156616,0.04721544310450554,-1.9703667163848877,-0.07054727524518967,1.97162926197052,False
train,0.8508023023605347,0.0,0.009068463928997517,0.16886074841022491,0.04721197113394737,-2.5467307567596436,-0.25077515840530396,2.5590476989746094,False
train,0.8512189984321594,0.0,0.008993357419967651,0.16771885752677917,0.047209255397319794,-3.1313819885253906,-0.4381241798400879,3.1618833541870117,False
train,0.851635754108429,0.0,0.008840477094054222,0.16633710265159607,0.047207288444042206,-3.6910667419433594,-0.6195763349533081,3.742706060409546,False
test,0.8520524501800537,0.0,0.008614896796643734,0.16473345458507538,0.0472060926258564,-4.190562725067139,-0.7820498943328857,4.262911796569824,False
train,0.852469265460968,0.0,0.00832678098231554,0.16293926537036896,0.04720563068985939,-4.595313549041748,-0.9143176674842834,4.685390472412109,False
train,0.8528860211372375,0.0,0.00799071416258812,0.1610024869441986,0.04720592498779297,-4.8739213943481445,-1.008219599723816,4.977109432220459,False
train,0.8533027172088623,0.0,0.007623482495546341,0.15897978842258453,0.047206979244947433,-5.0019707679748535,-1.0597494840621948,5.113001346588135,False
train,0.8537195324897766,0.0,0.007242800202220678,0.15693765878677368,0.047208771109580994,-4.963731288909912,-1.0690712928771973,5.077552795410156,False
test,0.8541362881660461,0.0,0.006865639705210924,0.154946967959404,0.04721130058169365,-4.754715442657471,-1.0400519371032715,4.867137432098389,False
train,0.8545529842376709,0.0,0.006506743375211954,0.1530778408050537,0.047214556485414505,-4.383169651031494,-0.9794425368309021,4.491267204284668,False
train,0.8549697399139404,0.0,0.006177491508424282,0.15139365196228027,0.04721853509545326,-3.8701364994049072,-0.8957436084747314,3.9724442958831787,False
train,0.8553865551948547,0.0,0.00588566716760397,0.14994660019874573,0.04722322151064873,-3.248345375061035,-0.7981098294258118,3.3449554443359375,False
train,0.8558033108711243,0.0,0.005635443609207869,0.14877453446388245,0.0472286120057106,-2.559025526046753,-0.6953350305557251,2.651811122894287,False
test,0.856220006942749,0.0,0.005427426192909479,0.14789628982543945,0.04723469167947769,-1.845763087272644,-0.594865620136261,1.9392540454864502,False
train,0.8566368222236633,0.0,0.005259471479803324,0.1473129838705063,0.04724142327904701,-1.1489815711975098,-0.502312183380127,1.2539840936660767,False
train,0.8570535778999329,0.0,0.005127629265189171,0.14701053500175476,0.047248829156160355,-0.501340389251709,-0.421272337436676,0.6548377871513367,False
train,0.8574702739715576,0.0,0.005026838276535273,0.1469641774892807,0.04725686460733414,0.07545295357704163,-0.353405624628067,0.3613705635070801,False
train,0.8578870296478271,0.0,0.004951510112732649,0.14714102447032928,0.04726551100611687,0.571468710899353,-0.29866182804107666,0.644806444644928,False
test,0.8583038449287415,0.0,0.0048966421745717525,0.1475079208612442,0.047274768352508545,0.9873044490814209,-0.25571003556251526,1.019881248474121,False
train,0.8587205410003662,0.0,0.004857810214161873,0.14803293347358704,0.04728458821773529,1.3317184448242188,-0.22231265902519226,1.350147008895874,False
train,0.8591372966766357,0.0,0.0048316172324121,0.14868907630443573,0.0472949743270874,1.6199605464935303,-0.19560158252716064,1.6317267417907715,False
train,0.85955411195755,0.0,0.004816029220819473,0.14945736527442932,0.047305889427661896,1.8705204725265503,-0.1724940985441208,1.8784570693969727,False
train,0.8599708080291748,0.0,0.004810177721083164,0.15032538771629333,0.04731731861829758,2.103400707244873,-0.1498858779668808,2.108734369277954,False
test,0.8603875637054443,0.0,0.004814540967345238,0.15129047632217407,0.04732922837138176,2.33910870552063,-0.12478192150592804,2.3424346446990967,False
train,0.8608043193817139,0.0,0.004830782767385244,0.15235789120197296,0.04734159633517265,2.597377300262451,-0.09441268444061279,2.599092721939087,False
train,0.8612211346626282,0.0,0.0048616849817335606,0.15354114770889282,0.04735438525676727,2.896605968475342,-0.05619651824235916,2.897150993347168,False
train,0.8616378307342529,0.0,0.00491110235452652,0.15486042201519012,0.04736758768558502,3.2528269290924072,-0.00778508186340332,3.252836227416992,False
train,0.8620545864105225,0.0,0.004983730148524046,0.15634234249591827,0.047381166368722916,3.6787705421447754,0.05299864709377289,3.679152250289917,False
test,0.8624712824821472,0.0,0.005085301585495472,0.15801814198493958,0.04739508032798767,4.181765079498291,0.1281159669160843,4.183727264404297,False
train,0.8628880977630615,0.0,0.005222186911851168,0.15992020070552826,0.04740931838750839,4.762543678283691,0.2193235456943512,4.7675909996032715,False
train,0.863304853439331,0.0,0.005401505157351494,0.16207928955554962,0.0474238283932209,5.413386344909668,0.32806873321533203,5.423318386077881,False
train,0.8637215495109558,0.0,0.005630895029753447,0.16452157497406006,0.047438591718673706,6.117999076843262,0.4554916024208069,6.134931564331055,False
train,0.8641383647918701,0.0,0.0059185149148106575,0.16726532578468323,0.047453586012125015,6.851707458496094,0.6023256778717041,6.87813138961792,False
test,0.8645551204681396,0.0,0.006272509228438139,0.17031534016132355,0.04746876284480095,7.581298351287842,0.7684836983680725,7.620147705078125,False
train,0.8649718165397644,0.0,0.006700827274471521,0.17366176843643188,0.047484081238508224,8.268250465393066,0.9529178142547607,8.322980880737305,False
train,0.8653885722160339,0.0,0.007210850715637207,0.17727909982204437,0.047499530017375946,8.871576309204102,1.1532920598983765,8.9462251663208,False
train,0.8658053874969482,0.0,0.007808629423379898,0.18112464249134064,0.04751507192850113,9.351704597473145,1.3656197786331177,9.450888633728027,False
train,0.8662221431732178,0.0,0.008497887291014194,0.18513835966587067,0.04753067344427109,9.675801277160645,1.5842397212982178,9.804638862609863,False
test,0.8666388392448425,0.0,0.009279872290790081,0.18925060331821442,0.047546278685331345,9.823838233947754,1.802406668663025,9.987815856933594,False
train,0.8670556545257568,0.0,0.010153318755328655,0.19338829815387726,0.0475618913769722,9.791688919067383,2.013092517852783,9.996485710144043,False
train,0.8674724102020264,0.0,0.011113309301435947,0.19747723639011383,0.04757744446396828,9.59305477142334,2.2099409103393555,9.844314575195312,False
train,0.8678891062736511,0.0,0.012153195217251778,0.20145396888256073,0.04759291931986809,9.258281707763672,2.3888649940490723,9.561509132385254,False
train,0.8683058619499207,0.0,0.013265091925859451,0.2052694708108902,0.047608282417058945,8.828104972839355,2.5485196113586426,9.18860149383545,False
test,0.868722677230835,0.0,0.014441455714404583,0.20889538526535034,0.04762350395321846,8.348089218139648,2.6907174587249756,8.77100658416748,False
train,0.8691393733024597,0.0,0.01567506603896618,0.2123173177242279,0.047638531774282455,7.859696865081787,2.819194793701172,8.350011825561523,False
train,0.8695561289787292,0.0,0.016961434856057167,0.2155400812625885,0.04765335097908974,7.393057346343994,2.9382429122924805,7.955536842346191,False
train,0.869972825050354,0.0,0.01829676888883114,0.21857528388500214,0.04766792058944702,6.962425231933594,3.0501797199249268,7.601247310638428,False
train,0.8703896999359131,0.0,0.019678855314850807,0.2214401215314865,0.04768221825361252,6.564193248748779,3.1533334255218506,7.282317161560059,False
test,0.8708063960075378,0.0025634344201534986,0.02110115997493267,0.22414138913154602,0.047696199268102646,6.178495407104492,3.239680767059326,6.976341247558594,False
train,0.8712231516838074,0.0052193207666277885,0.02255437895655632,0.22667907178401947,0.04770984873175621,5.771515846252441,3.2939505577087402,6.645337104797363,False
train,0.8716399669647217,0.0052193207666277885,0.02402116358280182,0.22903713583946228,0.04772312194108963,5.302418231964111,3.293675422668457,6.242109775543213,False
train,0.8720566630363464,0.005215118173509836,0.02547173947095871,0.2311781942844391,0.04773598909378052,4.729357719421387,3.210786819458008,5.716290473937988,False
train,0.872473418712616,0.005236130207777023,0.026866042986512184,0.2330525517463684,0.04774843901395798,4.016036033630371,3.015289545059204,5.022003173828125,False
test,0.8728901147842407,0.005215118173509836,0.028151284903287888,0.2345961332321167,0.04776042699813843,3.1384570598602295,2.680910587310791,4.127613544464111,False
train,0.873306930065155,0.0052193207666277885,0.02926565334200859,0.23573878407478333,0.04777192324399948,2.087308645248413,2.1903531551361084,3.0256412029266357,False
train,0.8737236857414246,0.0052193207666277885,0.03014262579381466,0.2364078164100647,0.04778292402625084,0.87134850025177,1.54204523563385,1.7712006568908691,False
train,0.8741403818130493,0.0052193207666277885,0.030719157308340073,0.23653991520404816,0.047793373465538025,-0.485492467880249,0.7527318000793457,0.8957165479660034,False
train,0.8745572566986084,0.0052193207666277885,0.030942948535084724,0.2360827922821045,0.04780327528715134,-1.9464747905731201,-0.14194491505622864,1.951643466949463,False
test,0.8749739527702332,0.0052193207666277885,0.030781086534261703,0.23500466346740723,0.04781259223818779,-3.462841033935547,-1.0887997150421143,3.6299798488616943,False
train,0.8753907084465027,0.005236130207777023,0.030223451554775238,0.23329108953475952,0.04782130941748619,-4.979598522186279,-2.0249056816101074,5.3755598068237305,False
train,0.8758074045181274,0.0052193207666277885,0.02928895503282547,0.23095613718032837,0.047829389572143555,-6.436679363250732,-2.8845434188842773,7.053469181060791,False
train,0.8762242197990417,0.005215118173509836,0.02802147902548313,0.22803647816181183,0.04783684015274048,-7.773268699645996,-3.609029769897461,8.57022762298584,False
train,0.8766409754753113,0.005215118173509836,0.02648717164993286,0.22459526360034943,0.04784362390637398,-8.931110382080078,-4.154393672943115,9.850062370300293,False
test,0.877057671546936,0.0052193207666277885,0.0247659832239151,0.22071729600429535,0.04784974083304405,-9.861419677734375,-4.498088359832764,10.838837623596191,False
train,0.8774744868278503,0.0052193207666277885,0.022941941395401955,0.21650373935699463,0.04785515367984772,-10.531046867370605,-4.64101505279541,11.508343696594238,False
train,0.8778912425041199,0.005210916046053171,0.02109566703438759,0.21206916868686676,0.04785987362265587,-10.924882888793945,-4.604065895080566,11.855399131774902,False
train,0.8783079385757446,0.0052193207666277885,0.019294898957014084,0.2075275331735611,0.04786386713385582,-11.048293113708496,-4.422272205352783,11.900473594665527,False
train,0.8787246942520142,0.005252939648926258,0.01759098283946514,0.20298561453819275,0.04786713048815727,-10.92524242401123,-4.137078762054443,11.6823091506958,False
test,0.8791415095329285,0.005210916046053171,0.016018418595194817,0.1985389143228531,0.047869663685560226,-10.592794418334961,-3.789006233215332,11.250060081481934,False
train,0.8795582056045532,0.005210916046053171,0.014596733264625072,0.19426825642585754,0.04787145555019379,-10.095173835754395,-3.412832021713257,10.656451225280762,False
train,0.8799749612808228,0.0052193207666277885,0.013331294991075993,0.1902306079864502,0.04787249118089676,-9.476059913635254,-3.0345137119293213,9.950074195861816,False
train,0.8803917765617371,0.0052193207666277885,0.012219198979437351,0.18646866083145142,0.047872770577669144,-8.773656845092773,-2.671314001083374,9.17131233215332,False
train,0.8808085322380066,0.005215118173509836,0.011252269148826599,0.1830117255449295,0.04787229001522064,-8.017050743103027,-2.3328545093536377,8.349569320678711,False
test,0.8812252283096313,0.005215118173509836,0.010419413447380066,0.17987805604934692,0.04787106439471245,-7.224152565002441,-2.0226809978485107,7.501974582672119,False
train,0.8816419839859009,0.005244534928351641,0.009708781726658344,0.17708063125610352,0.04786906763911247,-6.402126789093018,-1.7400813102722168,6.634388446807861,False
train,0.8820587992668152,0.0052193207666277885,0.009109552949666977,0.17463082075119019,0.04786631837487221,-5.549919605255127,-1.481899619102478,5.744356632232666,False
train,0.8824754953384399,0.005215118173509836,0.008612888865172863,0.17254407703876495,0.04786282777786255,-4.661231517791748,-1.243727207183838,4.824306964874268,False
train,0.8828922510147095,0.005215118173509836,0.008211415261030197,0.17083649337291718,0.0478585809469223,-3.726945638656616,-1.0204730033874512,3.864128351211548,False
test,0.8833089470863342,0.005210916046053171,0.007900230586528778,0.16952936351299286,0.04785360395908356,-2.7398040294647217,-0.8072847723960876,2.856262445449829,False
train,0.8837257623672485,0.0052193207666277885,0.007676084525883198,0.168644979596138,0.04784788936376572,-1.6956753730773926,-0.599440336227417,1.7985115051269531,False
train,0.8841425180435181,0.0052193207666277885,0.007537917699664831,0.16820698976516724,0.04784146323800087,-0.5968023538589478,-0.3928142786026001,0.7144761085510254,False
train,0.8845592141151428,0.0052193207666277885,0.007486262358725071,0.16823740303516388,0.04783432558178902,0.5488114953041077,-0.18345405161380768,0.5786617994308472,False
train,0.8849760890007019,0.005257141776382923,0.007523257751017809,0.1687530279159546,0.04782649502158165,1.7282037734985352,0.03252103924751282,1.728509783744812,False
test,0.8853927850723267,0.005215118173509836,0.0076524643227458,0.1697634756565094,0.04781797528266907,2.9218428134918213,0.2586103081703186,2.933265209197998,False
train,0.8858095407485962,0.010825257748365402,0.007879259996116161,0.171271413564682,0.04780880734324455,4.109199047088623,0.49872612953186035,4.139353275299072,False
train,0.886226236820221,0.02196989394724369,0.008210268802940845,0.17326825857162476,0.047799002379179,5.267305374145508,0.7566058039665222,5.321368217468262,False
train,0.8866430521011353,0.021385766565799713,0.008654166013002396,0.17573903501033783,0.047788552939891815,6.374288082122803,1.036241888999939,6.457967758178711,False
train,0.8870598077774048,0.006353955715894699,0.009220771491527557,0.17865659296512604,0.04777751863002777,7.408316612243652,1.341168999671936,7.528737545013428,False
test,0.8874765038490295,0.005202511325478554,0.009921286255121231,0.1819857656955719,0.04776589572429657,8.349093437194824,1.6743135452270508,8.515320777893066,False
train,0.8878933191299438,0.005252939648926258,0.010768549516797066,0.18568608164787292,0.0477537102997303,9.176549911499023,2.037317991256714,9.399986267089844,False
train,0.8883100748062134,0.0052193207666277885,0.01177444588392973,0.1897033452987671,0.04774099215865135,9.86783218383789,2.4286751747131348,10.162311553955078,False
train,0.8887267708778381,0.0052193207666277885,0.012949840165674686,0.1939755529165268,0.04772777855396271,10.396917343139648,2.8425536155700684,10.778497695922852,False
train,0.8891435265541077,0.0052193207666277885,0.014301994815468788,0.19842922687530518,0.04771408066153526,10.733290672302246,3.266730308532715,11.219405174255371,False
test,0.889560341835022,0.0052193207666277885,0.015831829980015755,0.20297908782958984,0.0476999394595623,10.8431396484375,3.6808221340179443,11.450857162475586,False
train,0.8899770975112915,0.005215118173509836,0.017528682947158813,0.2075214833021164,0.047685373574495316,10.692184448242188,4.055028438568115,11.435298919677734,False
train,0.8903937935829163,0.005198309198021889,0.019367815926671028,0.21194036304950714,0.04767042025923729,10.251639366149902,4.351444244384766,11.13692855834961,False
train,0.8908105492591858,0.0052193207666277885,0.021309109404683113,0.21611420810222626,0.04765510559082031,9.503496170043945,4.5273919105529785,10.526809692382812,False
train,0.8912273645401001,0.005244534928351641,0.023292498663067818,0.21991103887557983,0.047639474272727966,8.447066307067871,4.541042804718018,9.590307235717773,False
test,0.8916440606117249,0.0052193207666277885,0.025242751464247704,0.2232067584991455,0.04762354865670204,7.103692531585693,4.360124111175537,8.335054397583008,False
train,0.8920608162879944,0.0052193207666277885,0.027075398713350296,0.22589047253131866,0.04760737344622612,5.515996932983398,3.969604253768921,6.795879364013672,False
train,0.8924776315689087,0.0052193207666277885,0.028703598305583,0.2278725951910019,0.0475909598171711,3.747849464416504,3.3779852390289307,5.045508861541748,False
train,0.8928943276405334,0.005210916046053171,0.03004872240126133,0.22909343242645264,0.047574374824762344,1.8789724111557007,2.6190638542175293,3.2233574390411377,False
train,0.893311083316803,0.005210916046053171,0.031052205711603165,0.22952942550182343,0.04755764082074165,-0.004813000559806824,1.7468668222427368,1.7468734979629517,False
test,0.8937277793884277,0.005210916046053171,0.031680162996053696,0.229192852973938,0.04754079133272171,-1.8163502216339111,0.828747034072876,1.996484398841858,False
train,0.8941446542739868,0.005236130207777023,0.031927771866321564,0.228130042552948,0.0475238673388958,-3.47712779045105,-0.06673581898212433,3.4777681827545166,False
train,0.8945613503456116,0.0052193207666277885,0.03181690722703934,0.22641821205615997,0.047506894916296005,-4.920083522796631,-0.8780419826507568,4.997817516326904,False
train,0.8949781060218811,0.005215118173509836,0.03139306977391243,0.22415921092033386,0.047489941120147705,-6.096536636352539,-1.5598337650299072,6.292920112609863,False
train,0.8953949213027954,0.005206713452935219,0.03071599081158638,0.2214704006910324,0.047473013401031494,-6.975218296051025,-2.084883213043213,7.28013801574707,False
test,0.8958116173744202,0.0052193207666277885,0.02985372580587864,0.2184806913137436,0.04745616018772125,-7.542474269866943,-2.444190502166748,7.928618431091309,False
train,0.8962283730506897,0.005202511325478554,0.028873983770608902,0.21531856060028076,0.04743943363428116,-7.802331924438477,-2.644869565963745,8.238429069519043,False
train,0.8966450691223145,0.0052193207666277885,0.027839520946145058,0.21210910379886627,0.047422856092453,-7.772852897644043,-2.705118417739868,8.230121612548828,False
train,0.8970618844032288,0.0052193207666277885,0.026803461834788322,0.20896613597869873,0.04740646108984947,-7.485879898071289,-2.650871992111206,7.941380500793457,False
train,0.8974786400794983,0.0052613443695008755,0.0258077010512352,0.20598922669887543,0.04739030450582504,-6.985346794128418,-2.5121302604675293,7.423332691192627,False
test,0.897895336151123,0.010913507081568241,0.024880819022655487,0.2032560408115387,0.0473744161427021,-6.3267822265625,-2.3210082054138184,6.739083766937256,False
train,0.8983121514320374,0.021999310702085495,0.02403765171766281,0.2008180022239685,0.047358833253383636,-5.575795650482178,-2.1099953651428223,5.961675643920898,False
train,0.8987289071083069,0.021675730124115944,0.023280128836631775,0.19869910180568695,0.04734358191490173,-4.8076019287109375,-1.911380410194397,5.17362642288208,False
train,0.8991456627845764,0.021965691819787025,0.02259705774486065,0.19689077138900757,0.04732871055603027,-4.102484703063965,-1.75584077835083,4.462438583374023,False
train,0.8995623588562012,0.021633706986904144,0.021964237093925476,0.19534841179847717,0.04731425270438194,-3.54123592376709,-1.6707627773284912,3.9155843257904053,False
test,0.8999791741371155,0.022007714956998825,0.02134760282933712,0.1939966231584549,0.04730025306344032,-3.1969153881073,-1.6772245168685913,3.610173225402832,False
train,0.900395929813385,0.021860633045434952,0.020706886425614357,0.19273321330547333,0.04728672653436661,-3.1265926361083984,-1.7861840724945068,3.6008381843566895,False
train,0.9008126258850098,0.021881645545363426,0.019999394193291664,0.19143612682819366,0.04727373272180557,-3.3609323501586914,-1.9940714836120605,3.9079647064208984,False
train,0.9012294411659241,0.021873239427804947,0.019187062978744507,0.1899770200252533,0.047261275351047516,-3.8967268466949463,-2.2800731658935547,4.514777183532715,False
train,0.9016461968421936,0.021574873477220535,0.01824522390961647,0.18823842704296112,0.047249410301446915,-4.693058490753174,-2.606689929962158,5.368391513824463,False
test,0.9020628929138184,0.010035215876996517,0.01716671697795391,0.18612681329250336,0.04723815992474556,-5.672931671142578,-2.924971342086792,6.382602214813232,False
train,0.9024796485900879,0.0,0.015965117141604424,0.1835855394601822,0.04722755402326584,-6.732564926147461,-3.1843771934509277,7.447663307189941,False
train,0.9028964638710022,0.0,0.014673985540866852,0.18060557544231415,0.047217611223459244,-7.7543745040893555,-3.3436460494995117,8.444541931152344,False
train,0.903313159942627,0.0,0.01334095373749733,0.17722871899604797,0.04720838740468025,-8.623895645141602,-3.379833459854126,9.262550354003906,False
train,0.9037299156188965,0.0,0.012017578817903996,0.1735372394323349,0.04719989001750946,-9.245960235595703,-3.291548252105713,9.814380645751953,False
test,0.904146671295166,0.0,0.010752764530479908,0.16964977979660034,0.04719214141368866,-9.555644989013672,-3.0963401794433594,10.044783592224121,False
train,0.9045634865760803,0.0,0.009584934450685978,0.16570286452770233,0.04718516021966934,-9.52363395690918,-2.8233325481414795,9.933318138122559,False
train,0.9049801826477051,0.0,0.008540238253772259,0.1618407964706421,0.047178998589515686,-9.155292510986328,-2.5054264068603516,9.49191951751709,False
train,0.9053969383239746,0.0,0.007630587089806795,0.1581961214542389,0.047173649072647095,-8.484333038330078,-2.1721608638763428,8.757978439331055,False
train,0.9058137536048889,0.0,0.006857468280941248,0.1548844575881958,0.047169145196676254,-7.562957286834717,-1.8462042808532715,7.785036563873291,False
test,0.9062304496765137,0.0,0.006214995868504047,0.1519988775253296,0.04716549441218376,-6.4530930519104,-1.5424721240997314,6.6348795890808105,False
train,0.9066472053527832,0.0,0.0056919557973742485,0.14960387349128723,0.0471627302467823,-5.215384006500244,-1.2683790922164917,5.367403030395508,False
train,0.907063901424408,0.0,0.005275712814182043,0.14774134755134583,0.04716085270047188,-3.905655860900879,-1.0262658596038818,4.038238525390625,False
train,0.9074807167053223,0.0,0.0049532135017216206,0.14643126726150513,0.04715988412499428,-2.5695455074310303,-0.8147577047348022,2.695625066757202,False
train,0.9078974723815918,0.0,0.0047126468271017075,0.1456766128540039,0.047159820795059204,-1.2439180612564087,-0.6307420134544373,1.3946926593780518,False
test,0.9083141684532166,0.0,0.004543564282357693,0.1454673558473587,0.047160688787698746,0.043917447328567505,-0.4702002704143524,0.47224679589271545,False
train,0.9087310433387756,0.0,0.004437247756868601,0.14578378200531006,0.0471624881029129,1.2741509675979614,-0.3290010690689087,1.315941572189331,False
train,0.9091477394104004,0.0,0.004386631306260824,0.14659780263900757,0.04716523364186287,2.430790662765503,-0.2035311609506607,2.4392967224121094,False
train,0.9095644950866699,0.0,0.004386045038700104,0.14787675440311432,0.04716891422867775,3.5029115676879883,-0.09054028987884521,3.5040814876556396,False
train,0.9099811911582947,0.0,0.0044309962540864944,0.14958319067955017,0.04717353731393814,4.481176853179932,0.012520983815193176,4.481194496154785,False
test,0.910398006439209,0.0,0.004518001340329647,0.1516772210597992,0.04717911034822464,5.359251976013184,0.1077338457107544,5.360334873199463,False
train,0.9108147621154785,0.0,0.0046442714519798756,0.1541156768798828,0.04718562215566635,6.13270378112793,0.1966772824525833,6.135856628417969,False
train,0.9112314581871033,0.0,0.004807512741535902,0.15685386955738068,0.047193076461553574,6.800802707672119,0.2806898057460785,6.80659294128418,False
train,0.9116482138633728,0.0,0.005006172228604555,0.15985023975372314,0.04720146209001541,7.367031097412109,0.36101073026657104,7.375871181488037,False
train,0.9120650291442871,0.0,0.005239057820290327,0.163063183426857,0.04721078276634216,7.838426113128662,0.43884485960006714,7.850701332092285,False
test,0.9124817252159119,0.0,0.005505307111889124,0.16645389795303345,0.04722100868821144,8.225279808044434,0.5153718590736389,8.241410255432129,False
train,0.9128984808921814,0.0,0.005804821848869324,0.16999121010303497,0.04723215475678444,8.539657592773438,0.5917822122573853,8.560137748718262,False
train,0.9133152961730957,0.0,0.00613786093890667,0.17364755272865295,0.04724417254328728,8.792997360229492,0.6690499782562256,8.818413734436035,False
train,0.9137320518493652,0.0,0.006504724733531475,0.17739728093147278,0.047257084399461746,8.99311637878418,0.747570812702179,9.024134635925293,False
train,0.91414874792099,0.0,0.0069060963578522205,0.18122047185897827,0.04727082699537277,9.14245319366455,0.8269808292388916,9.179779052734375,False
test,0.9145655035972595,0.0,0.007342029828578234,0.18509505689144135,0.047285426408052444,9.235372543334961,0.9056133031845093,9.279667854309082,False
train,0.9149823188781738,0.0,0.007811622694134712,0.18899530172348022,0.04730083420872688,9.257534980773926,0.9801464676856995,9.309277534484863,False
train,0.9153990149497986,0.0,0.008311983197927475,0.19288527965545654,0.047317031770944595,9.185864448547363,1.0453059673309326,9.245148658752441,False
train,0.9158157706260681,0.0,0.008837888017296791,0.19672136008739471,0.047333989292383194,8.989980697631836,1.0937578678131104,9.05627155303955,False
train,0.9162325859069824,0.0,0.009380563162267208,0.200445294380188,0.04735169559717178,8.63615608215332,1.1164478063583374,8.708022117614746,False
test,0.9166492819786072,0.0,0.009926855564117432,0.20398229360580444,0.04737009108066559,8.092574119567871,1.1034976243972778,8.167463302612305,False
train,0.9170660376548767,0.0,0.010460134595632553,0.20724964141845703,0.04738917574286461,7.336091041564941,1.0459692478179932,7.410282135009766,False
train,0.9174827337265015,0.0,0.010960265062749386,0.21015572547912598,0.04740888997912407,6.359893798828125,0.9380114674568176,6.428694725036621,False
train,0.9178995490074158,0.0,0.011405815370380878,0.21261239051818848,0.047429218888282776,5.178965091705322,0.7791772484779358,5.237250804901123,False
train,0.9183163046836853,0.0,0.011776437982916832,0.2145407795906067,0.04745010659098625,3.833094358444214,0.5760321617126465,3.8761353492736816,False
test,0.9187330603599548,0.0,0.012055980041623116,0.2158840000629425,0.04747152328491211,2.384286403656006,0.3421770930290222,2.408714771270752,False
train,0.9191498756408691,0.0,0.012235255911946297,0.2166154384613037,0.04749343916773796,0.9099682569503784,0.09642751514911652,0.9150630831718445,False
train,0.9195665717124939,0.0,0.012313582934439182,0.21674224734306335,0.04751577973365784,-0.5060389637947083,-0.1402948945760727,0.5251267552375793,False
train,0.9199833273887634,0.0,0.012298339046537876,0.21630439162254333,0.04753853380680084,-1.7872692346572876,-0.34917429089546204,1.8210585117340088,False
train,0.9204000234603882,0.0,0.012204029597342014,0.2153712809085846,0.04756162688136101,-2.873105049133301,-0.5164364576339722,2.9191505908966064,False
test,0.9208168387413025,0.0,0.012049542739987373,0.21403318643569946,0.04758504405617714,-3.726818323135376,-0.6352823376655579,3.780576467514038,False
train,0.921233594417572,0.0,0.011855239979922771,0.21239040791988373,0.04760870337486267,-4.33648681640625,-0.7056363821029663,4.3935227394104,False
train,0.9216502904891968,0.0,0.011640050448477268,0.2105422466993332,0.047632575035095215,-4.714717864990234,-0.733109712600708,4.771374225616455,False
train,0.9220671057701111,0.0,0.011419927701354027,0.20857883989810944,0.047656603157520294,-4.892678737640381,-0.7268611788749695,4.946375846862793,False
train,0.9224838614463806,0.0,0.011206923983991146,0.20657603442668915,0.047680728137493134,-4.913504600524902,-0.6976495385169983,4.962785720825195,False
test,0.9229005575180054,0.0,0.011008172295987606,0.20458897948265076,0.04770490154623985,-4.823968887329102,-0.6558903455734253,4.868353843688965,False
train,0.9233173131942749,0.0,0.010827084071934223,0.20265431702136993,0.047729067504405975,-4.669200420379639,-0.6107015013694763,4.7089691162109375,False
train,0.9237341284751892,0.0,0.010663510300219059,0.20079027116298676,0.04775316268205643,-4.486764907836914,-0.5690425634384155,4.522706031799316,False
train,0.9241508841514587,0.0,0.010515006259083748,0.19900359213352203,0.04777713865041733,-4.303722858428955,-0.5353842377662659,4.336895942687988,False
train,0.9245675802230835,0.0,0.01037775631994009,0.19729021191596985,0.0478009358048439,-4.135460376739502,-0.5116897821426392,4.166996002197266,False
test,0.924984335899353,0.0,0.01024762075394392,0.19564257562160492,0.04782449081540108,-3.9855544567108154,-0.49758002161979675,4.0164947509765625,False
train,0.9254011511802673,0.0,0.010121230036020279,0.19405506551265717,0.04784775525331497,-3.8474106788635254,-0.4907170236110687,3.8785786628723145,False
train,0.9258178472518921,0.0,0.00999610684812069,0.19252461194992065,0.04787065461277962,-3.707040786743164,-0.4874378740787506,3.73895001411438,False
train,0.9262346029281616,0.0,0.009871745482087135,0.1910562664270401,0.047893136739730835,-3.545158624649048,-0.483281672000885,3.5779478549957275,False
train,0.9266514182090759,0.0,0.009749474003911018,0.18966299295425415,0.047915127128362656,-3.3409833908081055,-0.4737347960472107,3.3744027614593506,False
test,0.9270681142807007,0.0,0.009632534347474575,0.18836738169193268,0.0479365810751915,-3.075225353240967,-0.4548957943916321,3.1086881160736084,False
train,0.9274848699569702,0.0,0.009525300934910774,0.18719738721847534,0.04795743152499199,-2.7334859371185303,-0.42402780055999756,2.766178846359253,False
train,0.927901566028595,0.0,0.009433356113731861,0.18618780374526978,0.04797761142253876,-2.3087317943573,-0.37988895177841187,2.3397774696350098,False
train,0.928318440914154,0.0,0.009362038224935532,0.1853712797164917,0.047997068613767624,-1.8033534288406372,-0.3229980170726776,1.8320510387420654,False
train,0.9287351369857788,0.0,0.009316454641520977,0.18478034436702728,0.048015743494033813,-1.2309720516204834,-0.2557092010974884,1.2572507858276367,False
test,0.9291518926620483,0.0,0.009300345554947853,0.18443846702575684,0.04803355410695076,-0.6146370768547058,-0.18184298276901245,0.640972375869751,False
train,0.9295687079429626,0.0,0.009315388277173042,0.18435707688331604,0.04805045947432518,0.015204787254333496,-0.10635550320148468,0.10743685811758041,False
train,0.9299854040145874,0.0,0.009361202828586102,0.18453454971313477,0.0480663925409317,0.6236593723297119,-0.03487443923950195,0.6246336698532104,False
train,0.9304021596908569,0.0,0.009435209445655346,0.18495570123195648,0.04808129742741585,1.177372932434082,0.027131810784339905,1.1776854991912842,False
train,0.9308188557624817,0.0,0.00953248143196106,0.18559162318706512,0.048095110803842545,1.647531509399414,0.07479965686798096,1.649228572845459,False
test,0.931235671043396,0.0,0.009646124206483364,0.18640150129795074,0.04810778424143791,2.01446533203125,0.10462583601474762,2.0171804428100586,False
train,0.9316524267196655,0.0,0.009768649935722351,0.1873418390750885,0.048119254410266876,2.2683184146881104,0.11474092304706573,2.2712185382843018,False
train,0.9320691227912903,0.0,0.009891512803733349,0.1883639097213745,0.04812945798039436,2.4100663661956787,0.10523815453052521,2.412362813949585,False
train,0.9324858784675598,0.0,0.01000711228698492,0.18942365050315857,0.04813835769891739,2.450120449066162,0.0781063437461853,2.4513652324676514,False
train,0.9329026937484741,0.0,0.010108661837875843,0.19048163294792175,0.04814588651061058,2.405536413192749,0.036884695291519165,2.4058191776275635,False
test,0.9333194494247437,0.0,0.010191526263952255,0.19150809943675995,0.04815199226140976,2.2986600399017334,-0.013565018773078918,2.2987000942230225,False
train,0.9337361454963684,0.0,0.010252697393298149,0.19248080253601074,0.04815663397312164,2.1551995277404785,-0.06752999871969223,2.156257390975952,False
train,0.9341529607772827,0.0,0.010292126797139645,0.19339127838611603,0.04815975949168205,2.0019419193267822,-0.11903563141822815,2.0054779052734375,False
train,0.9345697164535522,0.0,0.010311967693269253,0.19424019753932953,0.048161331564188004,1.8652796745300293,-0.16225771605968475,1.8723236322402954,False
train,0.934986412525177,0.0,0.010316734202206135,0.19503998756408691,0.04816128686070442,1.769823670387268,-0.192038893699646,1.7802119255065918,False
test,0.9354031682014465,0.0,0.010313029401004314,0.19581274688243866,0.04815959557890892,1.7370085716247559,-0.2042030543088913,1.7489705085754395,False
train,0.9358199834823608,0.0,0.01030868198722601,0.1965874582529068,0.048156220465898514,1.7830414772033691,-0.1959267556667328,1.7937737703323364,False
train,0.9362366795539856,0.0,0.010312662459909916,0.19739983975887299,0.048151109367609024,1.9179095029830933,-0.1658163219690323,1.925064206123352,False
train,0.9366534352302551,0.0,0.01033417135477066,0.19828791916370392,0.048144251108169556,2.1451892852783203,-0.11374044418334961,2.148202657699585,False
train,0.9370702505111694,0.0,0.010382094420492649,0.19928932189941406,0.04813558608293533,2.4604809284210205,-0.0408579558134079,2.460820198059082,False
test,0.937487006187439,0.0,0.010464958846569061,0.2004392296075821,0.04812509939074516,2.852534532546997,0.0507754385471344,2.8529863357543945,False
train,0.9379037022590637,0.0,0.01058975514024496,0.20176465809345245,0.048112768679857254,3.302901268005371,0.15829001367092133,3.306692123413086,False
train,0.9383204579353333,0.0,0.010762780904769897,0.20328642427921295,0.048098549246788025,3.787593126296997,0.27829593420028687,3.7978034019470215,False
train,0.9387372732162476,0.0,0.010988363064825535,0.2050127387046814,0.04808242991566658,4.277625560760498,0.40683072805404663,4.296928405761719,False
train,0.9391539692878723,0.0,0.011269216425716877,0.20693820714950562,0.04806438833475113,4.74055814743042,0.5393826365470886,4.771144866943359,False
test,0.9395707249641418,0.0,0.011606031097471714,0.20904560387134552,0.04804440960288048,5.143028736114502,0.6710555553436279,5.1866230964660645,False
train,0.9399875402450562,0.0,0.011997641995549202,0.2113030105829239,0.048022497445344925,5.453365325927734,0.7966533899307251,5.511247634887695,False
train,0.9404042363166809,0.0,0.012440163642168045,0.21366539597511292,0.04799861088395119,5.644789218902588,0.9109700322151184,5.7178239822387695,False
train,0.9408209919929504,0.0,0.01292823813855648,0.21608023345470428,0.047972749918699265,5.699775695800781,1.0095760822296143,5.788496017456055,False
train,0.9412376880645752,0.0,0.013454399071633816,0.21848824620246887,0.047944940626621246,5.614213466644287,1.0896750688552856,5.718984603881836,False
test,0.9416545033454895,0.0,0.014011156745254993,0.22083401679992676,0.047915153205394745,5.399805068969727,1.1510827541351318,5.5211310386657715,False
train,0.942071259021759,0.0,0.014590723440051079,0.22306767106056213,0.04788338020443916,5.084695816040039,1.1967837810516357,5.2236409187316895,False
train,0.9424880146980286,0.0,0.015188021585345268,0.22515638172626495,0.047849662601947784,4.71028470993042,1.2330654859542847,4.869007587432861,False
train,0.9429048299789429,0.0,0.01580081507563591,0.22708559036254883,0.04781397059559822,4.324288368225098,1.2684437036514282,4.506486415863037,False
train,0.9433215260505676,0.0,0.016430187970399857,0.22885897755622864,0.04777635261416435,3.9722771644592285,1.3118696212768555,4.183298587799072,False
test,0.9437382817268372,0.0,0.01708137057721615,0.23049917817115784,0.04773681238293648,3.6874284744262695,1.370419979095459,3.9338505268096924,False
train,0.9441549777984619,0.0,0.01776115596294403,0.23203743994235992,0.04769536107778549,3.4845433235168457,1.4471516609191895,3.7731008529663086,False
train,0.9445717930793762,0.0,0.01847730576992035,0.23350855708122253,0.04765200987458229,3.3565738201141357,1.5395865440368652,3.692819356918335,False
train,0.9449885487556458,0.0,0.01923389360308647,0.23493584990501404,0.04760681092739105,3.276416063308716,1.638986349105835,3.6634926795959473,False
train,0.9454052448272705,0.0,0.02003154531121254,0.23633359372615814,0.047559790313243866,3.201228380203247,1.73065185546875,3.6390960216522217,False
test,0.94582200050354,0.0,0.02086285874247551,0.2376919686794281,0.04751095920801163,3.079280376434326,1.7946659326553345,3.5640978813171387,False
train,0.9462388157844543,0.0,0.021711723878979683,0.2389809787273407,0.04746035113930702,2.8569421768188477,1.80742609500885,3.380666732788086,False
train,0.9466555118560791,0.0,0.022550886496901512,0.24014729261398315,0.04740804061293602,2.486116409301758,1.7442295551300049,3.0369575023651123,False
train,0.9470722675323486,0.0,0.023344537243247032,0.24112190306186676,0.047354042530059814,1.9308124780654907,1.582854986190796,2.4966912269592285,False
train,0.9474890828132629,0.0,0.024047914892435074,0.24182306230068207,0.04729839041829109,1.1732542514801025,1.3080536127090454,1.7571368217468262,False
test,0.9479058384895325,0.0,0.024612538516521454,0.2421674281358719,0.04724116995930672,0.2178775519132614,0.9164330959320068,0.94197678565979,False
train,0.9483225345611572,0.0,0.02499123476445675,0.2420763522386551,0.04718240350484848,-0.9073928594589233,0.4198901951313019,0.9998347759246826,False
train,0.9487392902374268,0.0,0.025145312771201134,0.241488516330719,0.047122154384851456,-2.1545207500457764,-0.1541251540184021,2.1600265502929688,False
train,0.9491561055183411,0.0,0.025050679221749306,0.2403663843870163,0.04706045985221863,-3.4595553874969482,-0.7650325894355774,3.5431339740753174,False
train,0.9495728015899658,0.0,0.024701567366719246,0.23870150744915009,0.04699741303920746,-4.751237392425537,-1.3655517101287842,4.943580627441406,False
test,0.9499895572662354,0.0,0.024111520498991013,0.2365124374628067,0.046933066099882126,-5.958951950073242,-1.9097317457199097,6.257490158081055,False
train,0.9504063725471497,0.0,0.023312173783779144,0.23384855687618256,0.04686744883656502,-7.018488883972168,-2.359612464904785,7.404522895812988,False
train,0.9508230686187744,0.0,0.022348828613758087,0.2307838797569275,0.04680068418383598,-7.876951217651367,-2.6901657581329346,8.323662757873535,False
train,0.951239824295044,0.0,0.021273348480463028,0.22741001844406128,0.04673280566930771,-8.496174812316895,-2.8913328647613525,8.974675178527832,False
train,0.9516565203666687,0.0,0.020139392465353012,0.22383220493793488,0.04666389897465706,-8.85204792022705,-2.966310739517212,9.335831642150879,False
test,0.9520733952522278,0.0,0.018996210768818855,0.22016026079654694,0.04659400135278702,-8.936511993408203,-2.9290924072265625,9.404297828674316,False
train,0.9524900913238525,0.0,0.017887642607092857,0.21651087701320648,0.04652325063943863,-8.756281852722168,-2.8005971908569336,9.193248748779297,False
train,0.9529068470001221,0.0,0.016845889389514923,0.2129870057106018,0.04645169898867607,-8.332391738891602,-2.6047308444976807,8.730027198791504,False
train,0.9533235430717468,0.0,0.015894562005996704,0.2096855491399765,0.04637942090630531,-7.6993608474731445,-2.365851879119873,8.054651260375977,False
train,0.9537403583526611,0.0,0.015046254731714725,0.20668205618858337,0.04630647972226143,-6.902531623840332,-2.1061952114105225,7.216716766357422,False
test,0.9541571140289307,0.0,0.014306167140603065,0.20403562486171722,0.04623299092054367,-5.996185302734375,-1.8450509309768677,6.273631572723389,False
train,0.9545738101005554,0.0,0.0136716952547431,0.20178009569644928,0.046159036457538605,-5.0389180183410645,-1.5979541540145874,5.2862229347229,False
train,0.9549906253814697,0.0,0.013134105131030083,0.199922576546669,0.046084679663181305,-4.089479446411133,-1.37642502784729,4.314903259277344,False
train,0.9554073810577393,0.0,0.012681684456765652,0.198449969291687,0.04601002112030983,-3.2025372982025146,-1.1883320808410645,3.415900945663452,False
train,0.955824077129364,0.0,0.012299411930143833,0.1973259449005127,0.04593517258763313,-2.4232873916625977,-1.0376737117767334,2.6361122131347656,False
test,0.9562408328056335,0.0,0.01197165809571743,0.1964980661869049,0.04586018621921539,-1.7849364280700684,-0.9250110983848572,2.0103838443756104,False
train,0.9566576480865479,0.0,0.011682950891554356,0.1959027796983719,0.045785170048475266,-1.3055012226104736,-0.8475838303565979,1.556512713432312,False
train,0.9570744037628174,0.0,0.011419937945902348,0.19547347724437714,0.045710209757089615,-0.9895824790000916,-0.800336480140686,1.2727183103561401,False
train,0.9574910998344421,0.0,0.011171423830091953,0.19514323770999908,0.04563542455434799,-0.828795313835144,-0.776468813419342,1.1356960535049438,False
train,0.9579079151153564,0.0,0.010929045267403126,0.19484998285770416,0.04556086286902428,-0.8068991899490356,-0.7688974738121033,1.114580512046814,False
test,0.958324670791626,0.0,0.010687495581805706,0.19454042613506317,0.045486655086278915,-0.903222918510437,-0.7711868286132812,1.18766188621521,False
train,0.9587413668632507,0.0,0.010443754494190216,0.19416992366313934,0.045412879437208176,-1.0963703393936157,-0.7783184051513672,1.3445472717285156,False
train,0.9591581225395203,0.0,0.010196560993790627,0.19370241463184357,0.04533962905406952,-1.366339921951294,-0.7869309782981873,1.576751470565796,False
train,0.9595749378204346,0.0,0.009945506229996681,0.19310936331748962,0.04526698216795921,-1.6946377754211426,-0.7950530052185059,1.8718724250793457,False
train,0.9599916338920593,0.0,0.00969122163951397,0.1923702359199524,0.045195072889328,-2.0635249614715576,-0.8016471862792969,2.21376895904541,False
test,0.9604083895683289,0.0,0.009434269741177559,0.19147184491157532,0.04512396454811096,-2.455150842666626,-0.8059760928153992,2.584059476852417,False
train,0.9608252048492432,0.0,0.009175706654787064,0.19040854275226593,0.045053739100694656,-2.8499674797058105,-0.8071644902229309,2.9620649814605713,False
train,0.9612419009208679,0.0,0.008917211554944515,0.189184308052063,0.044984519481658936,-3.226698875427246,-0.8039839267730713,3.3253533840179443,False
train,0.9616586565971375,0.0,0.008660582825541496,0.1878098100423813,0.04491638019680977,-3.5635876655578613,-0.7948896288871765,3.651165008544922,False
train,0.962075412273407,0.0,0.00840876903384924,0.1863069385290146,0.044849418103694916,-3.83939790725708,-0.7782154679298401,3.917473077774048,False
test,0.9624922275543213,0.0,0.008165056817233562,0.18470455706119537,0.04478371515870094,-4.0354814529418945,-0.7523970007896423,4.10502290725708,False
train,0.962908923625946,0.0,0.007933729328215122,0.18304061889648438,0.0447193868458271,-4.136859893798828,-0.7161750197410583,4.198394298553467,False
train,0.9633256793022156,0.0,0.007719051092863083,0.18135495483875275,0.04465649276971817,-4.133551597595215,-0.6686779260635376,4.1872878074646,False
train,0.9637424945831299,0.0,0.00752599211409688,0.17969374358654022,0.04459511861205101,-4.019979000091553,-0.6093928813934326,4.065905570983887,False
train,0.9641591906547546,0.0,0.0073595051653683186,0.17810285091400146,0.04453538358211517,-3.7948644161224365,-0.5380455255508423,3.832817316055298,False
test,0.9645759463310242,0.0,0.007224653847515583,0.17662842571735382,0.04447733983397484,-3.460597038269043,-0.45448189973831177,3.4903130531311035,False
train,0.9649926424026489,0.0,0.007126686628907919,0.17531560361385345,0.04442109912633896,-3.0224194526672363,-0.35853826999664307,3.0436110496520996,False
train,0.9654094576835632,0.0,0.00707074673846364,0.17420446872711182,0.04436670243740082,-2.48842191696167,-0.24997159838676453,2.500945568084717,False
train,0.9658262133598328,0.0,0.0070623960345983505,0.1733347773551941,0.044314268976449966,-1.8703192472457886,-0.1286148577928543,1.8747361898422241,False
train,0.9662429094314575,0.0,0.007106938865035772,0.17273709177970886,0.044263873249292374,-1.1827858686447144,0.005749017000198364,1.1827998161315918,False
test,0.966659665107727,0.0,0.007210073061287403,0.1724374145269394,0.044215574860572815,-0.44361570477485657,0.1532667726278305,0.46934592723846436,False
train,0.9670764803886414,0.0,0.007377347443252802,0.17245309054851532,0.04416945204138756,0.3267214894294739,0.3138766884803772,0.45306235551834106,False
train,0.9674932360649109,0.0,0.007614217232912779,0.17279216647148132,0.04412558674812317,1.106550931930542,0.48725882172584534,1.209080696105957,False
train,0.9679099321365356,0.0,0.007926099002361298,0.17345474660396576,0.044084060937166214,1.8754680156707764,0.6728954315185547,1.9925282001495361,False
train,0.96832674741745,0.0,0.008318261243402958,0.17443346977233887,0.044044919312000275,2.6165008544921875,0.8701010346412659,2.7573814392089844,False
test,0.9687435030937195,0.0,0.008795008063316345,0.17571169137954712,0.044008251279592514,3.315565824508667,1.0775920152664185,3.4862847328186035,False
train,0.9691601991653442,0.0,0.009360612370073795,0.1772710233926773,0.043974123895168304,3.9616644382476807,1.293426275253296,4.16746187210083,False
train,0.9695769548416138,0.0,0.010017952881753445,0.17908675968647003,0.04394257068634033,4.544198036193848,1.514211893081665,4.7898406982421875,False
train,0.9699937701225281,0.0,0.010768314823508263,0.18113060295581818,0.04391368478536606,5.049436092376709,1.734117865562439,5.338911056518555,False
train,0.9704104661941528,0.00047066339175216854,0.011608903296291828,0.1833643913269043,0.04388751462101936,5.458070755004883,1.9435380697250366,5.793779373168945,False
test,0.9708272218704224,0.0007228044560179114,0.012533499859273434,0.18574585020542145,0.04386410489678383,5.7464280128479,2.1289260387420654,6.128112316131592,False
train,0.9712440371513367,0.0011598489945754409,0.013528215698897839,0.18821802735328674,0.04384351149201393,5.88999080657959,2.2727410793304443,6.313267230987549,False
train,0.9716607928276062,0.001714559504762292,0.014571714214980602,0.1907164603471756,0.04382581263780594,5.869328022003174,2.3555541038513184,6.324369430541992,False
train,0.972077488899231,0.001756582991220057,0.015634434297680855,0.193169966340065,0.04381103441119194,5.678382396697998,2.3596086502075195,6.149128437042236,False
train,0.9724942445755005,0.0017397735500708222,0.016681523993611336,0.19551163911819458,0.04379921406507492,5.3288254737854,2.2733042240142822,5.7934699058532715,False
test,0.9729110598564148,0.0017397735500708222,0.01767405867576599,0.1976795643568039,0.043790414929389954,4.85129451751709,2.094677686691284,5.284196376800537,False
train,0.9733277559280396,0.001756582991220057,0.018574919551610947,0.19962915778160095,0.04378466680645943,4.291345596313477,1.8332980871200562,4.666543960571289,False
train,0.9737445116043091,0.0027903614100068808,0.019353510811924934,0.20133772492408752,0.043782010674476624,3.700174570083618,1.5079771280288696,3.9956583976745605,False
train,0.9741612076759338,0.0034795471001416445,0.019987670704722404,0.20280137658119202,0.04378247633576393,3.124666213989258,1.1424720287322998,3.3269779682159424,False
train,0.9745780229568481,0.004219160880893469,0.020465772598981857,0.20403477549552917,0.04378611221909523,2.596179723739624,0.7588034868240356,2.7047979831695557,False
test,0.9749947786331177,0.0046309917233884335,0.020783495157957077,0.20506012439727783,0.043792929500341415,2.1254324913024902,0.372836709022522,2.1578855514526367,False
train,0.9754114747047424,0.004664610140025616,0.02094133198261261,0.20589902997016907,0.04380296170711517,1.6992261409759521,-0.009071603417396545,1.699250340461731,False
train,0.9758283495903015,0.010648759081959724,0.020941071212291718,0.2065647393465042,0.04381623491644859,1.2848199605941772,-0.3889104723930359,1.342391014099121,False
train,0.9762450456619263,0.023486943915486336,0.020782167091965675,0.20705246925354004,0.04383276775479317,0.8364470601081848,-0.7734414935112,1.1392345428466797,False
train,0.9766618013381958,0.010728604160249233,0.020460765808820724,0.20733734965324402,0.04385257512331009,0.30410823225975037,-1.169984221458435,1.208860993385315,False
test,0.9770784974098206,0.01297686155885458,0.019971443340182304,0.20737558603286743,0.04387567192316055,-0.3551989197731018,-1.5802783966064453,1.6197055578231812,False
train,0.9774953126907349,0.005992553662508726,0.01930900663137436,0.20710673928260803,0.04390207305550575,-1.1702690124511719,-1.997524619102478,2.3150885105133057,False
train,0.9779120683670044,0.005799245089292526,0.01847398467361927,0.2064640074968338,0.04393178969621658,-2.1488311290740967,-2.404642343521118,3.2248690128326416,False
train,0.9783287644386292,0.005841268692165613,0.017475653439760208,0.2053818255662918,0.043964821845293045,-3.27614688873291,-2.776611804962158,4.294497966766357,False
train,0.9787455797195435,0.005799245089292526,0.016333742067217827,0.2038041055202484,0.04400116950273514,-4.517593860626221,-3.0853893756866455,5.470674991607666,False
test,0.979162335395813,0.0057824356481432915,0.015080367214977741,0.20169371366500854,0.04404083639383316,-5.823358058929443,-3.3059444427490234,6.696324825286865,False
train,0.9795790314674377,0.008278632536530495,0.013755897991359234,0.19903592765331268,0.04408380389213562,-7.137791633605957,-3.4224512577056885,7.9158854484558105,False
train,0.9799957871437073,0.02057471312582493,0.012403995729982853,0.19583675265312195,0.04413008689880371,-8.40742301940918,-3.4313433170318604,9.080687522888184,False
train,0.9804126024246216,0.018565990030765533,0.011068048886954784,0.19212542474269867,0.044179659336805344,-9.587579727172852,-3.3415660858154297,10.153213500976562,False
train,0.9808293581008911,0.02426437847316265,0.00978581141680479,0.18794696033000946,0.04423251003026962,-10.646089553833008,-3.1715188026428223,11.108454704284668,False
test,0.9812460541725159,0.023970214650034904,0.008585521019995213,0.18335552513599396,0.04428861290216446,-11.565364837646484,-2.9444754123687744,11.934303283691406,False
train,0.9816628694534302,0.02442406862974167,0.007485497742891312,0.17841000854969025,0.04434796795248985,-12.340397834777832,-2.6840689182281494,12.628920555114746,False
train,0.9820796251296997,0.023970214650034904,0.006495444104075432,0.17317113280296326,0.04441053047776222,-12.974780082702637,-2.411128520965576,13.196910858154297,False
train,0.9824963212013245,0.02426437847316265,0.0056169359013438225,0.16769616305828094,0.04447627067565918,-13.477845191955566,-2.1416501998901367,13.646940231323242,False
train,0.982913076877594,0.023978618904948235,0.004845717456191778,0.16203553974628448,0.04454518109560013,-13.859392166137695,-1.886285662651062,13.987166404724121,False
test,0.9833298921585083,0.024213949218392372,0.004174492321908474,0.156238853931427,0.04461720958352089,-14.126843452453613,-1.6512670516967773,14.223023414611816,False
train,0.9837465882301331,0.02389036864042282,0.0035942518152296543,0.15035462379455566,0.044692303985357285,-14.283010482788086,-1.4392962455749512,14.3553466796875,False
train,0.9841633439064026,0.02368445321917534,0.003095068736001849,0.1444275826215744,0.04477045685052872,-14.326550483703613,-1.2505412101745605,14.381026268005371,False
train,0.9845801591873169,0.02423916384577751,0.0026674449909478426,0.1385050266981125,0.044851601123809814,-14.253607749938965,-1.08388352394104,14.294758796691895,False
train,0.9849968552589417,0.016027769073843956,0.0023026498965919018,0.13263875246047974,0.0449356734752655,-14.061573028564453,-0.9376633763313293,14.092801094055176,False
test,0.9854136109352112,0.005215118173509836,0.001992456614971161,0.12687541544437408,0.04502265900373459,-13.751729011535645,-0.8099663257598877,13.775561332702637,False
train,0.9858303070068359,0.0052193207666277885,0.0017296451842412353,0.12126486003398895,0.04511245712637901,-13.33228588104248,-0.6990590691566467,13.350600242614746,False
train,0.986247181892395,0.0052193207666277885,0.0015075217233970761,0.11584673076868057,0.04520506411790848,-12.817534446716309,-0.6032302975654602,12.831721305847168,False
train,0.9866638779640198,0.0052193207666277885,0.0013203626731410623,0.11066131293773651,0.04530037194490433,-12.22739028930664,-0.5209818482398987,12.238484382629395,False
train,0.9870806336402893,0.005210916046053171,0.001162832137197256,0.10573233664035797,0.04539831727743149,-11.583823204040527,-0.45076489448547363,11.59259033203125,False
test,0.9874973297119141,0.005210916046053171,0.0010303620947524905,0.10107902437448502,0.045498840510845184,-10.90894889831543,-0.3911355137825012,10.915958404541016,False
train,0.9879141449928284,0.005252939648926258,0.0009189013508148491,0.09670843183994293,0.04560188949108124,-10.22207260131836,-0.340671569108963,10.227747917175293,False
train,0.9883309006690979,0.005210916046053171,0.0008250679238699377,0.09262365102767944,0.04570736736059189,-9.539318084716797,-0.2980794608592987,9.543973922729492,False
train,0.9887475967407227,0.005210916046053171,0.0007459499756805599,0.08882060647010803,0.04581516236066818,-8.872490882873535,-0.26215660572052,8.876362800598145,False
train,0.989164412021637,0.0052193207666277885,0.0006790760671719909,0.08528932183980942,0.04592527449131012,-8.229146957397461,-0.23181578516960144,8.23241138458252,False
test,0.9895811676979065,0.0052193207666277885,0.0006224559037946165,0.08202049136161804,0.04603753983974457,-7.614094257354736,-0.20613835752010345,7.616884231567383,False
train,0.9899978637695312,0.0052193207666277885,0.0005744204972870648,0.07900164276361465,0.04615188390016556,-7.029422760009766,-0.18432842195034027,7.031839370727539,False
train,0.9904146194458008,0.005210916046053171,0.0005335870082490146,0.07621930539608002,0.04626823589205742,-6.475420951843262,-0.16571491956710815,6.477540969848633,False
train,0.9908314347267151,0.00527815381065011,0.0004988392465747893,0.07366100698709488,0.046386513859033585,-5.951633930206299,-0.14975275099277496,5.953517913818359,False
train,0.9912481904029846,0.005210916046053171,0.00046926477807573974,0.07131484895944595,0.04650656506419182,-5.457289695739746,-0.13600143790245056,5.458983898162842,False
test,0.9916648864746094,0.004063674248754978,0.00044410230475477874,0.06916879862546921,0.04662831127643585,-4.991386413574219,-0.12410395592451096,4.992928981781006,False
train,0.9920817017555237,0.00509745255112648,0.00042271160054951906,0.0672103613615036,0.04675168916583061,-4.552831172943115,-0.11377274990081787,4.554252624511719,False
train,0.9924984574317932,0.005210916046053171,0.00040457144496031106,0.06542914360761642,0.04687653109431267,-4.141077995300293,-0.1047879308462143,4.142403602600098,False
train,0.992915153503418,0.0052193207666277885,0.0003892297390848398,0.06381415575742722,0.04700273647904396,-3.7554666996002197,-0.09696981310844421,3.756718397140503,False
train,0.9933319091796875,0.005194106604903936,0.00037629491998814046,0.0623541995882988,0.04713021591305733,-3.395303964614868,-0.09017038345336914,3.396501064300537,False
test,0.9937487244606018,0.0052193207666277885,0.0003654287429526448,0.061038676649332047,0.04725886508822441,-3.059941291809082,-0.08426739275455475,3.0611014366149902,False
train,0.9941654205322266,0.005252939648926258,0.00035634174128063023,0.059858210384845734,0.04738851264119148,-2.748779058456421,-0.07915747910737991,2.7499186992645264,False
train,0.9945821762084961,0.0052193207666277885,0.0003487742505967617,0.05880221351981163,0.04751908779144287,-2.4607315063476562,-0.07474477589130402,2.4618663787841797,False
train,0.9949988722801208,0.0052193207666277885,0.00034250368480570614,0.05786176025867462,0.047650426626205444,-2.194715738296509,-0.07094661891460419,2.195862293243408,False
train,0.9954157471656799,0.005210916046053171,0.0003373341460246593,0.05702734366059303,0.047782476991415024,-1.9491842985153198,-0.06768501549959183,1.9503591060638428,False
test,0.9958324432373047,0.0052193207666277885,0.00033310303115285933,0.05629148706793785,0.0479150153696537,-1.722729206085205,-0.06489346921443939,1.723950982093811,False
train,0.9962491989135742,0.0052193207666277885,0.0003296623472124338,0.05564633384346962,0.048047956079244614,-1.5134207010269165,-0.06250670552253723,1.5147110223770142,False
train,0.9966660141944885,0.0052193207666277885,0.0003268937289249152,0.055084969848394394,0.04818122088909149,-1.3193477392196655,-0.060465794056653976,1.320732593536377,False
train,0.9970827102661133,0.005236130207777023,0.0003246971173211932,0.05460177734494209,0.048314567655324936,-1.1386497020721436,-0.05871685594320297,1.1401625871658325,False
train,0.9974994659423828,0.0052193207666277885,0.0003229935246054083,0.054191362112760544,0.04844795912504196,-0.9693019390106201,-0.05720925331115723,0.9709887504577637,False
test,0.9979161620140076,0.0052193207666277885,0.00032172127976082265,0.05384962260723114,0.048581190407276154,-0.8095058798789978,-0.05589967221021652,0.8114336133003235,False
train,0.9983329772949219,0.0052193207666277885,0.00032083195401355624,0.053572677075862885,0.04871419817209244,-0.6574443578720093,-0.05475010350346565,0.6597201228141785,False
train,0.9987497329711914,0.005215118173509836,0.00032029213616624475,0.053357742726802826,0.04884679242968559,-0.5115824937820435,-0.05373112112283707,0.5143964290618896,False
train,0.9991664290428162,0.005215118173509836,0.00032007633126340806,0.05320265516638756,0.048978835344314575,-0.3704456686973572,-0.05281951650977135,0.37419232726097107,False
train,0.9995832443237305,0.005210916046053171,0.0003201703366357833,0.05310569703578949,0.04911024495959282,-0.23259952664375305,-0.05199725925922394,0.23834063112735748,False
test,1.0,0.005244534928351641,0.0003205628599971533,0.053065791726112366,0.04924081638455391,-0.09678687900304794,-0.051250044256448746,0.10951834172010422,False
