part,t,D_obs,D_pred,I_pred,u_pred,r_I,r_D,R,is_anomaly
train,0.0002083767467411235,0.0,0.004124120809137821,0.049820300191640854,0.029215307906270027,-0.21295133233070374,-0.6393387317657471,0.6738710999488831,False
train,0.0006251302547752857,0.0,0.004063605330884457,0.04967208206653595,0.029311031103134155,-0.44029104709625244,-0.539245069026947,0.6961619257926941,False
train,0.0010418837191537023,0.0,0.0040388042107224464,0.049447689205408096,0.029394783079624176,-0.5780895948410034,-0.4650188982486725,0.7419098019599915,False
train,0.0014586371835321188,0.0,0.00403847498819232,0.04918474704027176,0.029466556385159492,-0.6272128820419312,-0.4171932339668274,0.7532902359962463,False
test,0.0018753907643258572,0.0,0.004051942378282547,0.04891786351799965,0.02952643111348152,-0.6007470488548279,-0.39330247044563293,0.718041718006134,False
train,0.002292144112288952,0.0,0.004070247523486614,0.04867415502667427,0.029574478045105934,-0.5207268595695496,-0.3881872296333313,0.6494965553283691,False
train,0.0027088976930826902,0.0,0.004087075591087341,0.04847061634063721,0.029610801488161087,-0.412931889295578,-0.39512690901756287,0.57152259349823,False
train,0.0031256512738764286,0.0,0.004098997451364994,0.04831359162926674,0.029635578393936157,-0.3014722168445587,-0.40730342268943787,0.5067362189292908,False
train,0.0035424046218395233,0.0,0.004105261527001858,0.0482005849480629,0.02964898943901062,-0.20470324158668518,-0.41903766989707947,0.46636465191841125,False
test,0.003959157969802618,0.0,0.004107068758457899,0.04812277853488922,0.029651232063770294,-0.13342231512069702,-0.42646297812461853,0.44684693217277527,False
train,0.004375911783427,0.0,0.004106797277927399,0.048068802803754807,0.029642561450600624,-0.09117953479290009,-0.427639901638031,0.43725231289863586,False
train,0.004792665131390095,0.0,0.004107234999537468,0.04802655801177025,0.029623229056596756,-0.07597459852695465,-0.42226725816726685,0.42904752492904663,False
train,0.0052094184793531895,0.0,0.004110999405384064,0.04798601195216179,0.02959352731704712,-0.08249036222696304,-0.4112461805343628,0.41943782567977905,False
train,0.0056261722929775715,0.0,0.004120066296309233,0.04793926328420639,0.029553793370723724,-0.10418619960546494,-0.396222323179245,0.4096912145614624,False
test,0.006042925640940666,0.0,0.004135685972869396,0.04788140580058098,0.029504358768463135,-0.13481435179710388,-0.37922218441963196,0.4024728238582611,False
train,0.006459678988903761,0.0,0.004158176016062498,0.047809917479753494,0.029445573687553406,-0.16928276419639587,-0.36239078640937805,0.3999796509742737,False
train,0.006876432802528143,0.0,0.004186947364360094,0.047723930329084396,0.029377827420830727,-0.20387564599514008,-0.3478020131587982,0.4031519889831543,False
train,0.007293186150491238,0.0,0.004220637027174234,0.04762386903166771,0.02930152229964733,-0.23605959117412567,-0.3373163342475891,0.41171157360076904,False
train,0.007709939498454332,0.0,0.004257128108292818,0.04751141741871834,0.029217051342129707,-0.2640838325023651,-0.33245623111724854,0.42457911372184753,False
test,0.008126692846417427,0.0,0.004293827340006828,0.047388266772031784,0.029124852269887924,-0.28662753105163574,-0.3342399299144745,0.4403086006641388,False
train,0.008543446660041809,0.0,0.00432779174298048,0.04725705459713936,0.029025355353951454,-0.3026217818260193,-0.34303101897239685,0.45743876695632935,False
train,0.008960200473666191,0.0,0.004356163088232279,0.04712073132395744,0.028919007629156113,-0.3112806975841522,-0.3583831787109375,0.47469377517700195,False
train,0.009376953355967999,0.0,0.0043764556758105755,0.046982403844594955,0.028806259855628014,-0.3123335838317871,-0.3789573907852173,0.49108144640922546,False
train,0.00979370716959238,0.0,0.004386919550597668,0.04684509336948395,0.028687573969364166,-0.30630186200141907,-0.4025733172893524,0.5058518648147583,False
test,0.010210460051894188,0.0,0.004386875778436661,0.04671168699860573,0.028563421219587326,-0.29467442631721497,-0.4264317750930786,0.5183406472206116,False
train,0.01062721386551857,0.0,0.004376857541501522,0.04658378288149834,0.02843424305319786,-0.27985915541648865,-0.44749748706817627,0.5278021693229675,False
train,0.011043967679142952,0.0,0.004358690232038498,0.046462204307317734,0.028300542384386063,-0.2648504376411438,-0.4630025029182434,0.5334014296531677,False
train,0.01146072056144476,0.0,0.0043351552449166775,0.046346403658390045,0.028162749484181404,-0.2526685297489166,-0.4709296226501465,0.5344306230545044,False
train,0.011877474375069141,0.0,0.004309667740017176,0.04623466357588768,0.02802136167883873,-0.24571624398231506,-0.4703679382801056,0.5306811332702637,False
test,0.012294228188693523,0.0,0.004285750444978476,0.046124476939439774,0.02787681855261326,-0.24528329074382782,-0.4616401493549347,0.5227575898170471,False
train,0.01271098107099533,0.0,0.0042665512301027775,0.04601307213306427,0.027729587629437447,-0.25128984451293945,-0.44617852568626404,0.5120760202407837,False
train,0.013127734884619713,0.0,0.004254388157278299,0.04589802399277687,0.027580108493566513,-0.2624140679836273,-0.426192045211792,0.5005005598068237,False
train,0.013544488698244095,0.0,0.004250640515238047,0.04577762633562088,0.02742883749306202,-0.27643147110939026,-0.40422162413597107,0.4897034764289856,False
train,0.013961241580545902,0.0,0.004255560226738453,0.04565124586224556,0.02727620117366314,-0.29064449667930603,-0.38268932700157166,0.4805469214916229,False
test,0.014377995394170284,0.0,0.0042685167863965034,0.04551933333277702,0.027122629806399345,-0.3023165762424469,-0.36354607343673706,0.4728224277496338,False
train,0.014794749207794666,0.0,0.004288202151656151,0.04538358747959137,0.02696854993700981,-0.3089638948440552,-0.34806498885154724,0.46541157364845276,False
train,0.015211502090096474,0.0,0.004312935285270214,0.045246440917253494,0.026814348995685577,-0.3086543679237366,-0.33679676055908203,0.4568364918231964,False
train,0.015628255903720856,0.0,0.004340961575508118,0.04511108994483948,0.026660440489649773,-0.30027610063552856,-0.329660564661026,0.4459168314933777,False
train,0.016045009717345238,0.0,0.00437065027654171,0.04498087987303734,0.02650720253586769,-0.28381818532943726,-0.32611072063446045,0.4323204457759857,False
test,0.01646176353096962,0.0,0.00440071290358901,0.044859107583761215,0.026355009526014328,-0.2604885995388031,-0.3253301680088043,0.4167661666870117,False
train,0.016878515481948853,0.0,0.0044302125461399555,0.0447479709982872,0.026204219087958336,-0.23263975977897644,-0.3264036476612091,0.4008249044418335,False
train,0.017295269295573235,0.0,0.0044586192816495895,0.044648874551057816,0.026055166497826576,-0.20338797569274902,-0.32846730947494507,0.3863385021686554,False
train,0.017712023109197617,0.0,0.004485728684812784,0.044561680406332016,0.025908205658197403,-0.176144078373909,-0.33080121874809265,0.37477484345436096,False
train,0.018128776922822,0.0,0.004511538427323103,0.04448476806282997,0.025763651356101036,-0.15405796468257904,-0.33289381861686707,0.3668135106563568,False
test,0.01854553073644638,0.0,0.0045362962409853935,0.04441560432314873,0.025621816515922546,-0.13952882587909698,-0.3344579339027405,0.36239537596702576,False
train,0.018962284550070763,0.0,0.004560262896120548,0.044350605458021164,0.025482986122369766,-0.13394200801849365,-0.33541202545166016,0.36116713285446167,False
train,0.019379036501049995,0.0,0.0045836870558559895,0.044286005198955536,0.025347445160150528,-0.13749557733535767,-0.33583617210388184,0.3628925085067749,False
train,0.019795790314674377,0.0,0.004606728907674551,0.04421808198094368,0.025215458124876022,-0.1492549479007721,-0.3359091281890869,0.36757582426071167,False
train,0.02021254412829876,0.0,0.004629503004252911,0.04414385184645653,0.02508729323744774,-0.1672886312007904,-0.3358442783355713,0.3752024471759796,False
test,0.02062929794192314,0.0,0.00465198652818799,0.04406129941344261,0.02496318705379963,-0.1889083981513977,-0.33583512902259827,0.38532015681266785,False
train,0.021046051755547523,0.0,0.004674078896641731,0.04396946728229523,0.024843361228704453,-0.21099960803985596,-0.33602264523506165,0.39677706360816956,False
train,0.021462805569171906,0.0,0.00469567533582449,0.04386889189481735,0.02472805045545101,-0.23040254414081573,-0.33647993206977844,0.4078039824962616,False
train,0.02187955752015114,0.0,0.004716585390269756,0.0437612347304821,0.02461744286119938,-0.24428583681583405,-0.337225079536438,0.41640883684158325,False
train,0.02229631133377552,0.0,0.004736709408462048,0.04364940896630287,0.02451174519956112,-0.2505864202976227,-0.33824169635772705,0.4209524989128113,False
test,0.022713065147399902,0.0,0.004755917005240917,0.043536677956581116,0.02441113069653511,-0.2482198178768158,-0.3395007252693176,0.4205636978149414,False
train,0.023129818961024284,0.0,0.004774109926074743,0.04342679679393768,0.02431577816605568,-0.2372622936964035,-0.3409864902496338,0.415409654378891,False
train,0.023546572774648666,0.0,0.004791218787431717,0.043323080986738205,0.024225855246186256,-0.21887750923633575,-0.342702180147171,0.4066351652145386,False
train,0.02396332658827305,0.0,0.004807183053344488,0.043228209018707275,0.024141494184732437,-0.19516485929489136,-0.34467703104019165,0.3960954248905182,False
train,0.02438007853925228,0.0,0.004821886774152517,0.04314390569925308,0.024062853306531906,-0.16887016594409943,-0.3469623029232025,0.3858755826950073,False
test,0.024796832352876663,0.0,0.004835284315049648,0.043070562183856964,0.023990053683519363,-0.14304813742637634,-0.3496146500110626,0.377747505903244,False
train,0.025213586166501045,0.0,0.004847199656069279,0.04300735145807266,0.02392321452498436,-0.12066894769668579,-0.35268327593803406,0.3727552592754364,False
train,0.025630339980125427,0.0,0.004857521504163742,0.04295229911804199,0.023862453177571297,-0.10425872355699539,-0.3561754822731018,0.3711210787296295,False
train,0.02604709379374981,0.0,0.0048661017790436745,0.04290249943733215,0.023807872086763382,-0.09556693583726883,-0.36001890897750854,0.3724870979785919,False
train,0.026463845744729042,0.0,0.004872856196016073,0.04285457357764244,0.02375955693423748,-0.09531524032354355,-0.36401471495628357,0.37628674507141113,False
test,0.026880599558353424,0.0,0.004877777304500341,0.04280504956841469,0.023717619478702545,-0.10315479338169098,-0.36780330538749695,0.3819950222969055,False
train,0.027297353371977806,0.0,0.0048810685984790325,0.04275084286928177,0.023682115599513054,-0.11768490076065063,-0.3708609938621521,0.3890856206417084,False
train,0.027714107185602188,0.0,0.004883116576820612,0.04268953576683998,0.023653117939829826,-0.1367187201976776,-0.37255385518074036,0.39684805274009705,False
train,0.02813086099922657,0.0,0.004884610418230295,0.04261983558535576,0.02363070845603943,-0.15759003162384033,-0.3722544312477112,0.4042375385761261,False
train,0.028547614812850952,0.0,0.004886436741799116,0.04254160076379776,0.023614924401044846,-0.17754583060741425,-0.36950352787971497,0.4099455773830414,False
test,0.028964366763830185,0.0,0.004889659583568573,0.04245564341545105,0.023605827242136,-0.19413824379444122,-0.36415955424308777,0.4126764237880707,False
train,0.029381120577454567,0.0,0.004895249381661415,0.04236385598778725,0.02360345795750618,-0.20546524226665497,-0.35647818446159363,0.41145187616348267,False
train,0.02979787439107895,0.0,0.004904084838926792,0.04226868972182274,0.023607850074768066,-0.21034717559814453,-0.3470771312713623,0.4058429002761841,False
train,0.03021462820470333,0.0,0.004916676785796881,0.04217304289340973,0.023619046434760094,-0.20828227698802948,-0.3367939591407776,0.39599454402923584,False
train,0.030631382018327713,0.0,0.004933218006044626,0.04207966476678848,0.023637058213353157,-0.19944517314434052,-0.32649263739585876,0.3825909197330475,False
test,0.031048135831952095,0.0,0.004953566938638687,0.04199130833148956,0.02366190403699875,-0.1847134828567505,-0.31690242886543274,0.36680543422698975,False
train,0.03146488964557648,0.0,0.004977314732968807,0.04191010817885399,0.023693609982728958,-0.16573289036750793,-0.3085295557975769,0.3502254784107208,False
train,0.03188164159655571,0.0,0.005003963131457567,0.041837334632873535,0.023732177913188934,-0.1449192464351654,-0.3016653060913086,0.3346693217754364,False
train,0.03229839727282524,0.0,0.00503283366560936,0.04177318513393402,0.02377760037779808,-0.1252916157245636,-0.2964509129524231,0.32184022665023804,False
train,0.032715149223804474,0.0,0.00506326649338007,0.04171638935804367,0.023829879239201546,-0.11003653705120087,-0.29296693205833435,0.31294992566108704,False
test,0.03313190117478371,0.0,0.005094541702419519,0.04166463017463684,0.02388901077210903,-0.10187234729528427,-0.2913118898868561,0.308610737323761,False
train,0.03354865685105324,0.0,0.005125897936522961,0.04161451756954193,0.023954961448907852,-0.10243931412696838,-0.29165154695510864,0.3091188073158264,False
train,0.03396540880203247,0.0,0.005156428553164005,0.04156244173645973,0.02402772754430771,-0.11190484464168549,-0.29424625635147095,0.3148071765899658,False
train,0.034382164478302,0.0,0.005185108631849289,0.041504696011543274,0.024107256904244423,-0.12887457013130188,-0.299441933631897,0.32599711418151855,False
train,0.034798916429281235,0.0,0.005210764706134796,0.041438911110162735,0.02419354021549225,-0.15067830681800842,-0.3076412081718445,0.3425595760345459,False
test,0.03521566838026047,0.0,0.005232018884271383,0.04136365279555321,0.024286512285470963,-0.173852801322937,-0.31923165917396545,0.3635019361972809,False
train,0.03563242405653,0.0,0.0052473717369139194,0.04127922281622887,0.024386148899793625,-0.1946861892938614,-0.33449074625968933,0.3870229721069336,False
train,0.03604917600750923,0.0,0.005255238618701696,0.04118724912405014,0.024492377415299416,-0.2097606658935547,-0.3534720838069916,0.41102561354637146,False
train,0.03646593168377876,0.0,0.005254096817225218,0.041090767830610275,0.024605154991149902,-0.21640795469284058,-0.375905305147171,0.4337478578090668,False
train,0.036882683634757996,0.0,0.005242649465799332,0.04099367558956146,0.02472439967095852,-0.21303847432136536,-0.40113377571105957,0.45419567823410034,False
test,0.03729943558573723,0.0,0.005219927057623863,0.04090015962719917,0.024850042536854744,-0.19950780272483826,-0.4281235337257385,0.4723273515701294,False
train,0.03771619126200676,0.0,0.005185481160879135,0.0408143550157547,0.02498200349509716,-0.17728306353092194,-0.455544114112854,0.48882484436035156,False
train,0.03813294321298599,0.0,0.005139527376741171,0.04073909670114517,0.025120196864008904,-0.14948779344558716,-0.48190179467201233,0.5045551657676697,False
train,0.038549698889255524,0.0,0.0050828419625759125,0.04067600890994072,0.025264525786042213,-0.1205255538225174,-0.5057103633880615,0.5198743939399719,False
train,0.038966450840234756,0.0,0.0050168586894869804,0.040624406188726425,0.025414880365133286,-0.09543178975582123,-0.5256317853927612,0.5342246890068054,False
test,0.03938320651650429,0.0,0.004943431355059147,0.040581729263067245,0.025571145117282867,-0.07884468138217926,-0.5405875444412231,0.5463070273399353,False
train,0.03979995846748352,0.0,0.004864861257374287,0.04054366052150726,0.02573322132229805,-0.07390633225440979,-0.549805760383606,0.5547508597373962,False
train,0.04021671041846275,0.0,0.004783662501722574,0.04050515219569206,0.025900956243276596,-0.08134014904499054,-0.5528277158737183,0.5587796568870544,False
train,0.040633466094732285,0.0,0.004702450707554817,0.04046142101287842,0.026074225082993507,-0.09899985045194626,-0.5494881868362427,0.5583352446556091,False
train,0.04105021804571152,0.0,0.004623826127499342,0.04040903225541115,0.026252901181578636,-0.12218153476715088,-0.5399042963981628,0.5535566806793213,False
test,0.04146697372198105,0.0,0.004550265613943338,0.04034702852368355,0.02643679454922676,-0.14469730854034424,-0.5244916677474976,0.5440853238105774,False
train,0.04188372567296028,0.0,0.004484036471694708,0.040276914834976196,0.026625774800777435,-0.1604783833026886,-0.5039838552474976,0.5289168953895569,False
train,0.042300477623939514,0.0,0.004427018109709024,0.04020256549119949,0.026819653809070587,-0.1651943325996399,-0.4794492721557617,0.5071102380752563,False
train,0.042717233300209045,0.0,0.0043805912137031555,0.040128957480192184,0.02701825462281704,-0.15748178958892822,-0.4522639811038971,0.47889792919158936,False
train,0.04313398525118828,0.0,0.004345534835010767,0.04006102681159973,0.02722138725221157,-0.13914312422275543,-0.4240320920944214,0.4462779760360718,False
test,0.04355074092745781,0.0,0.004321955610066652,0.04000231623649597,0.02742885611951351,-0.11447709798812866,-0.3964456021785736,0.41264286637306213,False
train,0.04396749287843704,0.0,0.004309265874326229,0.03995440527796745,0.027640458196401596,-0.08888649940490723,-0.3711242973804474,0.38162028789520264,False
train,0.044384248554706573,0.0,0.004306248854845762,0.039916541427373886,0.027855975553393364,-0.06737305968999863,-0.3494444191455841,0.35587993264198303,False
train,0.044801000505685806,0.0,0.004311214201152325,0.03988630697131157,0.028075171634554863,-0.05338672548532486,-0.3324105739593506,0.3366703689098358,False
train,0.04521775245666504,0.0,0.004322085529565811,0.039860114455223083,0.028297822922468185,-0.0482744462788105,-0.320556104183197,0.32417070865631104,False
test,0.04563450813293457,0.0,0.004336706828325987,0.03983441740274429,0.02852366864681244,-0.05146537721157074,-0.31391116976737976,0.31810206174850464,False
train,0.0460512600839138,0.0,0.004352949559688568,0.039806075394153595,0.028752489015460014,-0.06108999252319336,-0.31201085448265076,0.31793516874313354,False
train,0.046468015760183334,0.0,0.004369042813777924,0.039772890508174896,0.02898399531841278,-0.07481436431407928,-0.3139652907848358,0.32275593280792236,False
train,0.04688476771116257,0.0,0.004383551888167858,0.03973359987139702,0.02921791560947895,-0.09056603163480759,-0.3185921907424927,0.33121469616889954,False
train,0.0473015196621418,0.0,0.004395642317831516,0.03968767821788788,0.02945399470627308,-0.10702194273471832,-0.3245850205421448,0.34177350997924805,False
test,0.04771827533841133,0.0,0.0044049592688679695,0.039635006338357925,0.029691940173506737,-0.12366576492786407,-0.33070945739746094,0.3530749976634979,False
train,0.048135027289390564,0.0,0.004411657806485891,0.03957545757293701,0.02993144653737545,-0.1406055986881256,-0.3359687924385071,0.3642045557498932,False
train,0.048551782965660095,0.0,0.004416234325617552,0.0395088754594326,0.030172225087881088,-0.15808026492595673,-0.3396962881088257,0.3746771216392517,False
train,0.04896853491663933,0.0,0.004419370088726282,0.03943494334816933,0.030413955450057983,-0.17605270445346832,-0.34155985713005066,0.3842625319957733,False
train,0.04938528686761856,0.0,0.004421839956194162,0.039353787899017334,0.030656354501843452,-0.19380755722522736,-0.3414786159992218,0.39264360070228577,False
test,0.04980204254388809,0.0,0.004424417391419411,0.039265647530555725,0.03089907392859459,-0.2099054455757141,-0.33949387073516846,0.39914456009864807,False
train,0.050218794494867325,0.0,0.0044278670102357864,0.03917158022522926,0.031141813844442368,-0.2223273664712906,-0.3356653153896332,0.4026172459125519,False
train,0.050635550171136856,0.0,0.004432904999703169,0.039073653519153595,0.03138423711061478,-0.22894497215747833,-0.3300156891345978,0.40165427327156067,False
train,0.05105230212211609,0.0,0.004440317861735821,0.038974564522504807,0.03162601217627525,-0.22802886366844177,-0.32255005836486816,0.3950135409832001,False
train,0.05146905779838562,0.0,0.004450839012861252,0.03887776657938957,0.03186681121587753,-0.21875089406967163,-0.31333762407302856,0.3821418881416321,False
test,0.05188580974936485,0.0,0.004465138074010611,0.03878667950630188,0.03210631385445595,-0.20155002176761627,-0.3026134669780731,0.36358949542045593,False
train,0.052302561700344086,0.0,0.00448382506147027,0.0387042835354805,0.03234415501356125,-0.17820630967617035,-0.290862500667572,0.3411135971546173,False
train,0.05271931737661362,0.0,0.004507157485932112,0.038632504642009735,0.032579999417066574,-0.15165653824806213,-0.2788574993610382,0.3174290657043457,False
train,0.05313606932759285,0.0,0.004535124637186527,0.03857193887233734,0.03281354904174805,-0.12555637955665588,-0.26761430501937866,0.2956041693687439,False
train,0.05355282500386238,0.0,0.004567180760204792,0.03852163627743721,0.03304441273212433,-0.10363823920488358,-0.2582756280899048,0.27829334139823914,False
test,0.053969576954841614,0.0,0.004602325614541769,0.03847917541861534,0.03327229991555214,-0.08905971050262451,-0.2519232928752899,0.26720213890075684,False
train,0.05438632890582085,0.0,0.004639194812625647,0.03844098746776581,0.033496856689453125,-0.08376612514257431,-0.24936401844024658,0.2630573809146881,False
train,0.05480308458209038,0.0,0.004676078446209431,0.038403093814849854,0.03371778130531311,-0.08812278509140015,-0.2509409189224243,0.26596423983573914,False
train,0.05521983653306961,0.0,0.0047112926840782166,0.03836166486144066,0.03393472731113434,-0.10079725086688995,-0.2564150094985962,0.2755154073238373,False
train,0.05563659220933914,0.0,0.004743366036564112,0.038313813507556915,0.03414737805724144,-0.11906391382217407,-0.2649773359298706,0.29049819707870483,False
test,0.056053344160318375,0.0,0.004771187901496887,0.03825785592198372,0.034355442970991135,-0.1393471360206604,-0.27538174390792847,0.30863040685653687,False
train,0.05647009611129761,0.0,0.004794312175363302,0.03819383680820465,0.034558624029159546,-0.15791918337345123,-0.28618669509887695,0.32686588168144226,False
train,0.05688685178756714,0.0,0.004812818951904774,0.03812311217188835,0.03475659340620041,-0.17155340313911438,-0.296034574508667,0.34215059876441956,False
train,0.05730360373854637,0.0,0.004827302414923906,0.03804831951856613,0.03494910150766373,-0.17795957624912262,-0.30390986800193787,0.3521800935268402,False
train,0.0577203594148159,0.0,0.004838739987462759,0.03797264024615288,0.03513588011264801,-0.17593857645988464,-0.309309184551239,0.35584625601768494,False
test,0.058137111365795135,0.0,0.0048481314443051815,0.037899650633335114,0.03531663119792938,-0.1653723418712616,-0.31230178475379944,0.35338422656059265,False
train,0.05855386704206467,0.0,0.004856426734477282,0.03783291578292847,0.03549112379550934,-0.14711841940879822,-0.31347528100013733,0.3462810814380646,False
train,0.0589706189930439,0.0,0.004864183254539967,0.03777517378330231,0.03565911948680878,-0.12288565188646317,-0.313785582780838,0.33699002861976624,False
train,0.05938737094402313,0.0,0.004871623124927282,0.03772846609354019,0.03582039102911949,-0.0951458066701889,-0.3143564462661743,0.3284398019313812,False
train,0.059804126620292664,0.0,0.004878394305706024,0.03769354522228241,0.035974740982055664,-0.06697876751422882,-0.3162590563297272,0.32327380776405334,False
test,0.060220878571271896,0.0,0.004883848130702972,0.03766999393701553,0.036121953278779984,-0.04187559708952904,-0.32031533122062683,0.32304099202156067,False
train,0.06063763424754143,0.0,0.004886992275714874,0.03765568509697914,0.036261867731809616,-0.023381348699331284,-0.32695117592811584,0.3277861475944519,False
train,0.06105438619852066,0.0,0.004886801820248365,0.03764718770980835,0.03639431297779083,-0.014577571302652359,-0.33613258600234985,0.3364485502243042,False
train,0.06147113814949989,0.0,0.004882294684648514,0.03764002397656441,0.0365191251039505,-0.017552834004163742,-0.34737542271614075,0.34781861305236816,False
train,0.061887893825769424,0.0,0.004872800316661596,0.03762918710708618,0.03663621097803116,-0.032839760184288025,-0.3598223328590393,0.36131781339645386,False
test,0.06230464577674866,0.0,0.00485800439491868,0.0376095324754715,0.03674539923667908,-0.05907496064901352,-0.3723613917827606,0.37701839208602905,False
train,0.06272140145301819,0.0,0.004838091321289539,0.03757733106613159,0.036846648901700974,-0.0929764062166214,-0.3837693929672241,0.3948715627193451,False
train,0.06313815712928772,0.0,0.0048137507401406765,0.037530235946178436,0.03693986311554909,-0.12966835498809814,-0.3928452730178833,0.41369226574897766,False
train,0.06355490535497665,0.0,0.004786109086126089,0.03746841102838516,0.03702497109770775,-0.16342127323150635,-0.39854761958122253,0.43075135350227356,False
train,0.06397166103124619,0.0,0.0047566997818648815,0.03739413991570473,0.03710193186998367,-0.18859821557998657,-0.4001008868217468,0.4423234164714813,False
test,0.06438841670751572,0.0,0.004727320279926062,0.03731200844049454,0.037170734256505966,-0.20071226358413696,-0.39707839488983154,0.4449232220649719,False
train,0.06480516493320465,0.0,0.004699867218732834,0.03722817078232765,0.03723134100437164,-0.19726774096488953,-0.38943496346473694,0.43654799461364746,False
train,0.06522192060947418,0.0,0.004676232114434242,0.037149038165807724,0.037283796817064285,-0.1782439798116684,-0.37748533487319946,0.4174519181251526,False
train,0.06563867628574371,0.0,0.00465810764580965,0.03708075359463692,0.03732810541987419,-0.14614355564117432,-0.36184293031692505,0.39024126529693604,False
train,0.06605542451143265,0.0,0.004646919202059507,0.03702783212065697,0.03736433386802673,-0.10559956729412079,-0.34332275390625,0.3591960072517395,False
test,0.06647218018770218,0.0,0.0046437326818704605,0.036992620676755905,0.03739252686500549,-0.06262370944023132,-0.3228449821472168,0.32886260747909546,False
train,0.06688893586397171,0.0,0.0046492102555930614,0.03697466850280762,0.03741276264190674,-0.023667432367801666,-0.3013536334037781,0.30228158831596375,False
train,0.06730569154024124,0.0,0.0046636685729026794,0.03697111830115318,0.03742515295743942,0.005459338426589966,-0.2797679901123047,0.2798212468624115,False
train,0.06772243976593018,0.0,0.0046869623474776745,0.03697687387466431,0.0374298021197319,0.020555444061756134,-0.2589572072029114,0.2597717344760895,False
train,0.06813919544219971,0.0,0.00471863429993391,0.03698568046092987,0.03742681443691254,0.019841331988573074,-0.2397419661283493,0.2405616044998169,False
test,0.06855595111846924,0.0,0.004757851827889681,0.036990970373153687,0.03741635009646416,0.0042933449149131775,-0.22291401028633118,0.2229553461074829,False
train,0.06897269934415817,0.0,0.004803404677659273,0.0369873046875,0.037398561835289,-0.022474437952041626,-0.20925775170326233,0.21046116948127747,False
train,0.0693894550204277,0.0,0.004853782709687948,0.036971043795347214,0.0373736210167408,-0.05493041127920151,-0.19955945014953613,0.20698146522045135,False
train,0.06980621069669724,0.0,0.0049070995301008224,0.03694114089012146,0.03734169900417328,-0.08675768971443176,-0.19459889829158783,0.21306249499320984,False
train,0.07022296637296677,0.0,0.004961202386766672,0.03689919412136078,0.03730299696326256,-0.11218628287315369,-0.19507914781570435,0.22503696382045746,False
test,0.0706397145986557,0.0,0.005013652145862579,0.036848705261945724,0.03725771605968475,-0.1271170675754547,-0.20151466131210327,0.23825807869434357,False
train,0.07105647027492523,0.0,0.005061898846179247,0.03679449483752251,0.037206072360277176,-0.12987329065799713,-0.2140633463859558,0.2503800690174103,False
train,0.07147322595119476,0.0,0.00510345259681344,0.03674163669347763,0.03714827820658684,-0.12132282555103302,-0.23236000537872314,0.2621266841888428,False
train,0.0718899741768837,0.0,0.005136142950505018,0.03669418394565582,0.03708456829190254,-0.10448093712329865,-0.2553907036781311,0.27593597769737244,False
train,0.07230672985315323,0.0,0.0051583172753453255,0.036654677242040634,0.03701521456241608,-0.08368276059627533,-0.2814936339855194,0.2936689853668213,False
test,0.07272348552942276,0.0,0.005169207230210304,0.03662387281656265,0.03694043308496475,-0.06358981877565384,-0.3084898591041565,0.31497564911842346,False
train,0.07314024120569229,0.0,0.005168971139937639,0.036600511521101,0.03686046600341797,-0.04819966107606888,-0.33395957946777344,0.33741992712020874,False
train,0.07355698943138123,0.0,0.005158786196261644,0.03658215329051018,0.03677560016512871,-0.04020916670560837,-0.3555920422077179,0.35785818099975586,False
train,0.07397374510765076,0.0,0.005140646826475859,0.036565233021974564,0.036686088889837265,-0.04065205901861191,-0.37153223156929016,0.37374964356422424,False
train,0.07439050078392029,0.0,0.005117224063724279,0.036546509712934494,0.03659221902489662,-0.04900743439793587,-0.38064923882484436,0.3837910294532776,False
test,0.07480724900960922,0.0,0.005091431550681591,0.03652285039424896,0.03649424389004707,-0.06354686617851257,-0.38266757130622864,0.38790807127952576,False
train,0.07522400468587875,0.0,0.005066099110990763,0.03649221360683441,0.03639243170619011,-0.08178475499153137,-0.37816882133483887,0.3869113624095917,False
train,0.07564076036214828,0.0,0.005043679382652044,0.0364537239074707,0.036287058144807816,-0.100955069065094,-0.36847400665283203,0.3820537030696869,False
train,0.07605750858783722,0.0,0.005025927443057299,0.036407459527254105,0.03617842122912407,-0.11838382482528687,-0.3554286062717438,0.37462544441223145,False
train,0.07647426426410675,0.0,0.005013759713619947,0.03635470196604729,0.036066796630620956,-0.13177967071533203,-0.34114137291908264,0.3657093346118927,False
test,0.07689101994037628,0.0,0.0050072516314685345,0.036297451704740524,0.03595241159200668,-0.1394462287425995,-0.32769671082496643,0.35613253712654114,False
train,0.07730777561664581,0.0,0.005005610641092062,0.03623836115002632,0.035835620015859604,-0.140454962849617,-0.31688040494918823,0.3466133177280426,False
train,0.07772452384233475,0.0,0.005007498897612095,0.0361802838742733,0.035716623067855835,-0.13471630215644836,-0.3099519610404968,0.3379625678062439,False
train,0.07814127951860428,0.0,0.005011132452636957,0.0361257940530777,0.03559574857354164,-0.12297382950782776,-0.307503879070282,0.33118152618408203,False
train,0.07855803519487381,0.0,0.005014666356146336,0.03607723489403725,0.035473208874464035,-0.10672783851623535,-0.30942726135253906,0.32731643319129944,False
test,0.07897478342056274,0.0,0.005016419570893049,0.03603595867753029,0.03534931689500809,-0.08809210360050201,-0.31498634815216064,0.32707279920578003,False
train,0.07939153909683228,0.0,0.005015179049223661,0.0360025055706501,0.0352243110537529,-0.06955857574939728,-0.3229977488517761,0.3304027020931244,False
train,0.0798082947731018,0.0,0.005010196007788181,0.03597622737288475,0.03509845212101936,-0.053763095289468765,-0.3320576548576355,0.33638185262680054,False
train,0.08022505044937134,0.0,0.005001393612474203,0.035955511033535004,0.03497198596596718,-0.04311564937233925,-0.34080106019973755,0.34351757168769836,False
train,0.08064179867506027,0.0,0.004989147186279297,0.035937756299972534,0.03484519198536873,-0.039452165365219116,-0.348117470741272,0.3503458797931671,False
test,0.0810585543513298,0.0,0.004974238108843565,0.035919900983572006,0.03471825644373894,-0.04366077110171318,-0.35329943895339966,0.355987012386322,False
train,0.08147531002759933,0.0,0.004957583267241716,0.035898588597774506,0.03459145501255989,-0.05542396754026413,-0.356100469827652,0.36038777232170105,False
train,0.08189205825328827,0.0,0.004940156824886799,0.03587102144956589,0.0344650000333786,-0.0731971338391304,-0.35669785737991333,0.3641307055950165,False
train,0.0823088139295578,0.0,0.004922768566757441,0.03583521023392677,0.03433913365006447,-0.09437701106071472,-0.3555787205696106,0.36789026856422424,False
train,0.08272556960582733,0.0,0.004905953537672758,0.03579040989279747,0.03421404957771301,-0.11571642756462097,-0.35338765382766724,0.3718509376049042,False
test,0.08314231783151627,0.0,0.004889980424195528,0.03573719039559364,0.03408997133374214,-0.1338304877281189,-0.35077065229415894,0.37543395161628723,False
train,0.0835590735077858,0.0,0.004874905571341515,0.03567764163017273,0.03396708518266678,-0.1457061767578125,-0.3482522964477539,0.3775049149990082,False
train,0.08397582918405533,0.0,0.004860568325966597,0.03561483696103096,0.03384561091661453,-0.14907146990299225,-0.3461487293243408,0.3768835961818695,False
train,0.08439258486032486,0.0,0.004846782423555851,0.03555256500840187,0.03372573480010033,-0.1426563411951065,-0.3445477783679962,0.37291285395622253,False
train,0.0848093330860138,0.0,0.0048333569429814816,0.03549501672387123,0.0336076021194458,-0.12629026174545288,-0.3433321416378021,0.3658226430416107,False
test,0.08522608876228333,0.0,0.004820214584469795,0.03544626757502556,0.033491428941488266,-0.10091754794120789,-0.34224697947502136,0.35681554675102234,False
train,0.08564284443855286,0.0,0.004807405173778534,0.035409580916166306,0.03337737172842026,-0.06849657744169235,-0.3409862518310547,0.3477979302406311,False
train,0.08605959266424179,0.0,0.00479508563876152,0.035387374460697174,0.03326556086540222,-0.0318390391767025,-0.3392854928970337,0.34077611565589905,False
train,0.08647634834051132,0.0,0.004783568903803825,0.035380661487579346,0.03315618634223938,0.005654316395521164,-0.33698955178260803,0.33703699707984924,False
train,0.08689310401678085,0.0,0.004773149266839027,0.03538910672068596,0.03304937109351158,0.04033876955509186,-0.33408844470977783,0.336514949798584,False
test,0.08730985969305038,0.0,0.0047641051933169365,0.03541078791022301,0.03294524550437927,0.06871409714221954,-0.3307054936885834,0.3377687931060791,False
train,0.08772660791873932,0.0,0.004756638780236244,0.03544231504201889,0.03284396603703499,0.08783338963985443,-0.32704323530197144,0.3386325240135193,False
train,0.08814336359500885,0.0,0.004750872030854225,0.035479575395584106,0.03274562954902649,0.09570102393627167,-0.32331088185310364,0.33717742562294006,False
train,0.08856011927127838,0.0,0.0047467900440096855,0.03551744297146797,0.03265036270022392,0.09160955995321274,-0.3196353018283844,0.33250418305397034,False
train,0.08897686749696732,0.0,0.004744368139654398,0.03555125370621681,0.03255830332636833,0.0763130635023117,-0.3160191774368286,0.3251027762889862,False
test,0.08939362317323685,0.0,0.004743569064885378,0.03557659685611725,0.032469492405653,0.05199439451098442,-0.3123265504837036,0.31662485003471375,False
train,0.08981037884950638,0.0,0.004744437988847494,0.03559047356247902,0.03238404542207718,0.022002238780260086,-0.30832451581954956,0.30910858511924744,False
train,0.09022712707519531,0.0,0.0047471108846366405,0.03559134900569916,0.03230207785964012,-0.009629536420106888,-0.30374929308891296,0.30390188097953796,False
train,0.09064388275146484,0.0,0.0047518415376544,0.03557930514216423,0.032223619520664215,-0.03880088031291962,-0.29837533831596375,0.3008876144886017,False
train,0.09106063842773438,0.0,0.004758929368108511,0.0355563648045063,0.032148804515600204,-0.061987001448869705,-0.29206451773643494,0.29857003688812256,False
test,0.0914773941040039,0.0,0.00476872781291604,0.03552529215812683,0.03207765519618988,-0.07674553990364075,-0.2847754657268524,0.2949354946613312,False
train,0.09189414232969284,0.0,0.004781630821526051,0.03549009561538696,0.0320102721452713,-0.08202449977397919,-0.27655988931655884,0.28846731781959534,False
train,0.09231089800596237,0.0,0.004797992296516895,0.03545461222529411,0.03194667026400566,-0.07816512882709503,-0.2675325274467468,0.2787174880504608,False
train,0.0927276536822319,0.0,0.004818096291273832,0.03542237728834152,0.03188692778348923,-0.06666208803653717,-0.25786086916923523,0.2663382589817047,False
train,0.09314440190792084,0.0,0.0048422194086015224,0.03539615496993065,0.03183109685778618,-0.049734607338905334,-0.24776586890220642,0.2527082562446594,False
test,0.09356115758419037,0.0,0.004870473872870207,0.03537767380475998,0.03177918121218681,-0.029820941388607025,-0.23754389584064484,0.23940841853618622,False
train,0.0939779132604599,0.0,0.004902853164821863,0.035367708653211594,0.031731247901916504,-0.009177401661872864,-0.22759024798870087,0.2277752012014389,False
train,0.09439466893672943,0.0,0.004939207807183266,0.035366155207157135,0.03168727457523346,0.01036098599433899,-0.21841134130954742,0.21865695714950562,False
train,0.09481141716241837,0.0,0.00497907679527998,0.035372231155633926,0.03164735063910484,0.02741691842675209,-0.21061170101165771,0.21238873898983002,False
train,0.0952281728386879,0.0,0.005021814722567797,0.03538468852639198,0.03161145746707916,0.04094810038805008,-0.20484909415245056,0.20890164375305176,False
test,0.09564492851495743,0.0,0.005066436715424061,0.03540186956524849,0.031579598784446716,0.05002196505665779,-0.20176482200622559,0.20787313580513,False
train,0.09606167674064636,0.0,0.005111721809953451,0.03542177379131317,0.03155180439352989,0.053712520748376846,-0.20190614461898804,0.20892852544784546,False
train,0.0964784324169159,0.0,0.005156238097697496,0.03544187545776367,0.03152807429432869,0.05106101557612419,-0.2056521624326706,0.21189628541469574,False
train,0.09689518809318542,0.0,0.005198442377150059,0.03545933961868286,0.03150838613510132,0.04129200056195259,-0.21318048238754272,0.21714268624782562,False
train,0.09731193631887436,0.0,0.0052367462776601315,0.035471223294734955,0.03149275854229927,0.024111654609441757,-0.22446191310882568,0.22575323283672333,False
test,0.09772869199514389,0.0,0.00526960426941514,0.035474468022584915,0.03148118779063225,0.00012544915080070496,-0.23928162455558777,0.23928165435791016,False
train,0.09814544767141342,0.0,0.005295571405440569,0.03546658158302307,0.03147362545132637,-0.028884325176477432,-0.2572668790817261,0.2588832676410675,False
train,0.09856220334768295,0.0,0.005313393659889698,0.03544606640934944,0.03147009015083313,-0.05987003445625305,-0.2779066860675812,0.28428253531455994,False
train,0.09897895157337189,0.0,0.005322075914591551,0.03541292995214462,0.03147052600979805,-0.08883354067802429,-0.30053848028182983,0.31339237093925476,False
train,0.09939570724964142,0.0,0.0053208861500024796,0.035368937999010086,0.03147493302822113,-0.11143307387828827,-0.32431912422180176,0.3429288864135742,False
test,0.09981246292591095,0.0,0.0053095645271241665,0.0353175550699234,0.03148329257965088,-0.12389307469129562,-0.34819328784942627,0.3695782423019409,False
train,0.10022921115159988,0.0,0.005288305692374706,0.035263486206531525,0.03149552270770073,-0.12394504249095917,-0.37089812755584717,0.3910598158836365,False
train,0.10064596682786942,0.0,0.005257893819361925,0.03521214798092842,0.03151165693998337,-0.11145338416099548,-0.3910360634326935,0.4066092371940613,False
train,0.10106272250413895,0.0,0.005219706334173679,0.035168249160051346,0.03153158724308014,-0.08864745497703552,-0.40720072388648987,0.41673827171325684,False
train,0.10147947818040848,0.0,0.005175728816539049,0.03513534739613533,0.03155532106757164,-0.05975266173481941,-0.4181590676307678,0.4224066436290741,False
test,0.10189622640609741,0.0,0.005128351040184498,0.03511488065123558,0.031582802534103394,-0.030125118792057037,-0.42301225662231445,0.4240835905075073,False
train,0.10231298208236694,0.0,0.005080309230834246,0.03510596230626106,0.03161397576332092,-0.0051527321338653564,-0.4213056266307831,0.4213371276855469,False
train,0.10272973775863647,0.0,0.005034375004470348,0.035105761140584946,0.031648796051740646,0.010908696800470352,-0.4130484461784363,0.4131924510002136,False
train,0.10314648598432541,0.0,0.004993228241801262,0.03510989621281624,0.03168720379471779,0.015745092183351517,-0.39866170287132263,0.3989725112915039,False
train,0.10356324166059494,0.0,0.004959274549037218,0.03511376678943634,0.03172912448644638,0.009369760751724243,-0.3788841664791107,0.3790000081062317,False
test,0.10397999733686447,0.0,0.004934551194310188,0.03511297330260277,0.031774550676345825,-0.00603170320391655,-0.3546747863292694,0.35472607612609863,False
train,0.104396753013134,0.0,0.004920653998851776,0.03510450944304466,0.031823381781578064,-0.026769377291202545,-0.32715320587158203,0.3282465934753418,False
train,0.10481350123882294,0.0,0.004918667487800121,0.03508710116147995,0.03187555447220802,-0.04855227842926979,-0.29757559299468994,0.30151045322418213,False
train,0.10523025691509247,0.0,0.004929091781377792,0.03506111353635788,0.031931038945913315,-0.06746059656143188,-0.2673231363296509,0.2757038176059723,False
train,0.105647012591362,0.0,0.004951894283294678,0.03502834588289261,0.031989745795726776,-0.0806804969906807,-0.23789268732070923,0.25120165944099426,False
test,0.10606376081705093,0.0,0.0049863550812006,0.034991562366485596,0.03205157816410065,-0.08679582923650742,-0.21084612607955933,0.2280122935771942,False
train,0.10648051649332047,0.0,0.005031160544604063,0.034953854978084564,0.03211651369929314,-0.08569812029600143,-0.18771372735500336,0.20635069906711578,False
train,0.10689727216959,0.0,0.005084353499114513,0.034917961806058884,0.03218447417020798,-0.0781981348991394,-0.16986775398254395,0.18700267374515533,False
train,0.10731402039527893,0.0,0.005143532529473305,0.034886401146650314,0.032255347818136215,-0.06553537398576736,-0.15836983919143677,0.1713939607143402,False
train,0.10773077607154846,0.0,0.005205894820392132,0.034861013293266296,0.03232910484075546,-0.04908430576324463,-0.15383440256118774,0.16147536039352417,False
test,0.108147531747818,0.0,0.00526854395866394,0.034843023866415024,0.03240562975406647,-0.030289463698863983,-0.15633325278759003,0.1592404991388321,False
train,0.10856428742408752,0.0,0.005328635219484568,0.0348331555724144,0.03248485550284386,-0.010871294885873795,-0.1653691679239273,0.16572611033916473,False
train,0.10898103564977646,0.0,0.005383720155805349,0.034831080585718155,0.03256671130657196,0.006947621703147888,-0.17991743981838226,0.1800515353679657,False
train,0.10939779132604599,0.0,0.005431799683719873,0.03483569622039795,0.032651130110025406,0.020385000854730606,-0.19855162501335144,0.19959533214569092,False
train,0.10981454700231552,0.0,0.005471532233059406,0.0348445400595665,0.032737985253334045,0.02641378715634346,-0.21960759162902832,0.22119036316871643,False
test,0.11023129522800446,0.0,0.00550228962674737,0.03485392779111862,0.03282725065946579,0.022481784224510193,-0.2413761019706726,0.24242082238197327,False
train,0.11064805090427399,0.0,0.005524111911654472,0.034859366714954376,0.03291879966855049,0.007433895021677017,-0.2622804641723633,0.2623857855796814,False
train,0.11106480658054352,0.0,0.0055376202799379826,0.03485637530684471,0.03301258385181427,-0.017710089683532715,-0.2810182273387909,0.2815757393836975,False
train,0.11148156225681305,0.0,0.005543898791074753,0.03484145924448967,0.03310849145054817,-0.04950598254799843,-0.296642929315567,0.30074551701545715,False
train,0.11189831048250198,0.0,0.005544349085539579,0.03481277450919151,0.033206451684236526,-0.08258430659770966,-0.30859240889549255,0.31945177912712097,False
test,0.11231506615877151,0.0,0.005540479905903339,0.034771256148815155,0.03330636024475098,-0.1107645034790039,-0.3166734576225281,0.3354859948158264,False
train,0.11273182183504105,0.0,0.005533871240913868,0.0347200371325016,0.033408161252737045,-0.12847104668617249,-0.3210058808326721,0.34575942158699036,False
train,0.11314857006072998,0.0,0.005525977350771427,0.034664373844861984,0.03351173549890518,-0.13200297951698303,-0.32196712493896484,0.3479764461517334,False
train,0.11356532573699951,0.0,0.0055180760100483894,0.03461049497127533,0.03361702337861061,-0.12028007209300995,-0.3201298415660858,0.34198012948036194,False
train,0.11398208141326904,0.0,0.0055112214758992195,0.03456452116370201,0.033723946660757065,-0.09496796131134033,-0.316201776266098,0.33015522360801697,False
test,0.11439882963895798,0.0,0.00550617603585124,0.034531351178884506,0.03383238613605499,-0.0599822998046875,-0.3109673857688904,0.3166995346546173,False
train,0.11481558531522751,0.0,0.005503328051418066,0.03451387956738472,0.03394230082631111,-0.020657837390899658,-0.3052261471748352,0.3059244155883789,False
train,0.11523234099149704,0.0,0.005502812564373016,0.034512750804424286,0.03405357897281647,0.01725323498249054,-0.2997356951236725,0.30023184418678284,False
train,0.11564909666776657,0.0,0.005504456348717213,0.034526288509368896,0.03416614606976509,0.048539359122514725,-0.29515427350997925,0.29911890625953674,False
train,0.1160658448934555,0.0,0.005507791880518198,0.03455076739192009,0.03427990898489952,0.06921358406543732,-0.29200121760368347,0.30009204149246216,False
test,0.11648260056972504,0.0,0.005512190982699394,0.03458123281598091,0.034394774585962296,0.07698850333690643,-0.2906319499015808,0.30065619945526123,False
train,0.11689935624599457,0.0,0.005516858771443367,0.03461221978068352,0.034510690718889236,0.07141841948032379,-0.29123392701148987,0.29986295104026794,False
train,0.1173161044716835,0.0,0.005520960781723261,0.03463831916451454,0.03462757170200348,0.05378331243991852,-0.29383179545402527,0.2987135350704193,False
train,0.11773286014795303,0.0,0.005523660220205784,0.03465503081679344,0.034745313227176666,0.026814952492713928,-0.2983052134513855,0.2995080053806305,False
train,0.11814961582422256,0.0,0.0055241831578314304,0.03465932980179787,0.03486385941505432,-0.005668163299560547,-0.30440446734428406,0.30445724725723267,False
test,0.1185663715004921,0.0,0.005521890241652727,0.034649673849344254,0.03498313948512077,-0.03927027806639671,-0.3117714822292328,0.31423497200012207,False
train,0.11898311972618103,0.0,0.005516260862350464,0.034626659005880356,0.03510303795337677,-0.0694238543510437,-0.31996241211891174,0.3274074196815491,False
train,0.11939987540245056,0.0,0.005507045425474644,0.03459259122610092,0.035223521292209625,-0.09194038063287735,-0.32848113775253296,0.3411054015159607,False
train,0.11981663107872009,0.0,0.005494155455380678,0.034551382064819336,0.03534450754523277,-0.10347741842269897,-0.3368176221847534,0.352354496717453,False
train,0.12023337930440903,0.0,0.005477793049067259,0.034508127719163895,0.03546591475605965,-0.102022685110569,-0.3444903492927551,0.35928016901016235,False
test,0.12065013498067856,0.0,0.005458262749016285,0.03446830436587334,0.03558766096830368,-0.08726367354393005,-0.35109758377075195,0.3617796003818512,False
train,0.12106689065694809,0.0,0.00543614849448204,0.03443724662065506,0.03570970520377159,-0.06084849312901497,-0.3563520610332489,0.361509770154953,False
train,0.12148363888263702,0.0,0.005412075202912092,0.034419167786836624,0.03583194315433502,-0.026422150433063507,-0.36010921001434326,0.3610772490501404,False
train,0.12190039455890656,0.0,0.005386747419834137,0.03441615030169487,0.035954367369413376,0.010691024363040924,-0.3623734712600708,0.3625311255455017,False
train,0.12231715023517609,0.0,0.00536078866571188,0.03442816436290741,0.0360768623650074,0.04420166090130806,-0.36327990889549255,0.365959107875824,False
test,0.12273390591144562,0.0,0.005334796849638224,0.034452296793460846,0.03619937598705292,0.06805859506130219,-0.3630470931529999,0.36937129497528076,False
train,0.12315065413713455,0.0,0.0053092134185135365,0.0344836451113224,0.03632185980677605,0.07779952883720398,-0.36189451813697815,0.3701626658439636,False
train,0.12356740981340408,0.0,0.005284431390464306,0.03451577574014664,0.036444228142499924,0.0717616081237793,-0.3599422574043274,0.36702609062194824,False
train,0.12398416548967361,0.0,0.005260774865746498,0.03454241901636124,0.03656645119190216,0.05156813561916351,-0.35714077949523926,0.36084458231925964,False
train,0.12440091371536255,0.0,0.0052386121824383736,0.0345584936439991,0.036688487976789474,0.02169964462518692,-0.3532591760158539,0.35392501950263977,False
test,0.12481766939163208,0.0,0.005218370817601681,0.03456111624836922,0.03681023418903351,-0.011709466576576233,-0.3479621410369873,0.3481591045856476,False
train,0.1252344250679016,0.0,0.005200707819312811,0.03455029055476189,0.03693168982863426,-0.04243154078722,-0.340944766998291,0.34357497096061707,False
train,0.12565118074417114,0.0,0.005186307244002819,0.03452815115451813,0.037052787840366364,-0.06544406712055206,-0.332069993019104,0.3384574055671692,False
train,0.12606793642044067,0.0,0.005175889004021883,0.03449864313006401,0.03717345744371414,-0.07777034491300583,-0.3214625418186188,0.3307361304759979,False
train,0.126484677195549,0.0,0.005170065443962812,0.03446648642420769,0.0372936837375164,-0.07868187129497528,-0.30953049659729004,0.31937435269355774,False
test,0.12690143287181854,0.0,0.005169271491467953,0.034436192363500595,0.03741338849067688,-0.06942732632160187,-0.296913206577301,0.30492228269577026,False
train,0.12731818854808807,0.0,0.005173639394342899,0.034411460161209106,0.03753257170319557,-0.05261591821908951,-0.2843855619430542,0.28921201825141907,False
train,0.1277349442243576,0.0,0.005182988476008177,0.03439481183886528,0.037651170045137405,-0.03151991590857506,-0.27273863554000854,0.27455395460128784,False
train,0.12815169990062714,0.0,0.00519682839512825,0.03438736870884895,0.03776915371417999,-0.009358718991279602,-0.26268306374549866,0.26284971833229065,False
train,0.12856845557689667,0.0,0.005214396398514509,0.03438891842961311,0.037886448204517365,0.011144407093524933,-0.2547887861728668,0.25503239035606384,False
test,0.1289852112531662,0.0,0.005234734155237675,0.03439836576581001,0.03800308704376221,0.02804025635123253,-0.24947179853916168,0.2510426938533783,False
train,0.12940195202827454,0.0,0.0052567231468856335,0.03441394492983818,0.03811898082494736,0.0400984063744545,-0.247013658285141,0.25024712085723877,False
train,0.12981870770454407,0.0,0.005279168486595154,0.03443345054984093,0.03823411837220192,0.046616990119218826,-0.24759653210639954,0.2519468069076538,False
train,0.1302354633808136,0.0,0.005300766788423061,0.03445451706647873,0.03834846243262291,0.04719402268528938,-0.2513273358345032,0.25571995973587036,False
train,0.13065221905708313,0.0,0.005320223513990641,0.03447451815009117,0.038462016731500626,0.041585832834243774,-0.25821956992149353,0.261546790599823,False
test,0.13106897473335266,0.0,0.005336205009371042,0.03449087589979172,0.03857468068599701,0.029672391712665558,-0.2681499719619751,0.26978668570518494,False
train,0.1314857304096222,0.0,0.005347514990717173,0.0345010831952095,0.03868652135133743,0.011687394231557846,-0.28078722953796387,0.2810303568840027,False
train,0.13190248608589172,0.0,0.005353107582777739,0.03450276330113411,0.038797445595264435,-0.01155487447977066,-0.2955198884010315,0.29574570059776306,False
train,0.13231922686100006,0.0,0.0053522647358477116,0.03449387848377228,0.038907453417778015,-0.03835008293390274,-0.3114062547683716,0.31375882029533386,False
train,0.1327359825372696,0.0,0.0053447335958480835,0.03447365388274193,0.03901650756597519,-0.06600359827280045,-0.3271785080432892,0.3337697684764862,False
test,0.13315273821353912,0.0,0.005330832675099373,0.034442342817783356,0.039124615490436554,-0.09097301214933395,-0.3413023352622986,0.35321858525276184,False
train,0.13356949388980865,0.0,0.005311536602675915,0.03440198302268982,0.03923173248767853,-0.10932058095932007,-0.3521098494529724,0.36869004368782043,False
train,0.13398624956607819,0.0,0.005288576707243919,0.0343560092151165,0.039337873458862305,-0.11748567223548889,-0.3580036163330078,0.3767883777618408,False
train,0.13440300524234772,0.0,0.005264246370643377,0.03430924564599991,0.039442963898181915,-0.11316132545471191,-0.3577135503292084,0.37518590688705444,False
train,0.13481976091861725,0.0,0.005241330713033676,0.034267064183950424,0.03954705595970154,-0.09606225043535233,-0.35054779052734375,0.36347174644470215,False
test,0.13523650169372559,0.0,0.005222688429057598,0.034234438091516495,0.03965006023645401,-0.06824447214603424,-0.336593896150589,0.34344249963760376,False
train,0.13565325736999512,0.0,0.0052110543474555016,0.03421492502093315,0.03975202888250351,-0.03390032798051834,-0.31679949164390564,0.3186081349849701,False
train,0.13607001304626465,0.0,0.005208549555391073,0.034210287034511566,0.039852917194366455,0.001511983573436737,-0.29291418194770813,0.2929180860519409,False
train,0.13648676872253418,0.0,0.005216444842517376,0.03421959653496742,0.039952706545591354,0.03235703334212303,-0.26728424429893494,0.26923567056655884,False
train,0.1369035243988037,0.0,0.005234993528574705,0.03424005210399628,0.040051404386758804,0.054043687880039215,-0.24254807829856873,0.24849605560302734,False
test,0.13732028007507324,0.0,0.0052632675506174564,0.034267134964466095,0.040148988366127014,0.0638321191072464,-0.22129283845424652,0.23031513392925262,False
train,0.13773703575134277,0.0,0.005299367476254702,0.03429575636982918,0.04024544358253479,0.061241514980793,-0.20572598278522491,0.21464785933494568,False
train,0.1381537765264511,0.0,0.005340566858649254,0.034321002662181854,0.04034073278307915,0.047891516238451004,-0.19741249084472656,0.20313860476016998,False
train,0.13857053220272064,0.0,0.005383602809160948,0.03433894366025925,0.04043491557240486,0.026926476508378983,-0.1971207559108734,0.19895131886005402,False
train,0.13898728787899017,0.0,0.005425101146101952,0.034347306936979294,0.040527913719415665,0.0022562071681022644,-0.2047911286354065,0.20480355620384216,False
test,0.1394040435552597,0.0,0.005461846012622118,0.0343453548848629,0.04061976075172424,-0.022249843925237656,-0.2196372151374817,0.22076131403446198,False
train,0.13982079923152924,0.0,0.005491089075803757,0.034333813935518265,0.04071041941642761,-0.04338531196117401,-0.2403274029493332,0.2442120909690857,False
train,0.14023755490779877,0.0,0.00551068689674139,0.034314610064029694,0.04079989343881607,-0.05892643705010414,-0.26520541310310364,0.2716730535030365,False
train,0.1406542956829071,0.0,0.005519259721040726,0.0342903807759285,0.04088817164301872,-0.06767722964286804,-0.2924855947494507,0.3002133071422577,False
train,0.14107105135917664,0.0,0.005516174249351025,0.034264057874679565,0.040975261479616165,-0.0692705363035202,-0.32039499282836914,0.3277977406978607,False
test,0.14148780703544617,0.0,0.005501540843397379,0.034238506108522415,0.041061121970415115,-0.0639474093914032,-0.34725421667099,0.35309314727783203,False
train,0.1419045627117157,0.0,0.0054761185310781,0.034216564148664474,0.04114578664302826,-0.05232495069503784,-0.3715341091156006,0.3752005994319916,False
train,0.14232131838798523,0.0,0.005441293120384216,0.03420073911547661,0.04122920334339142,-0.035372257232666016,-0.39190906286239624,0.3935021162033081,False
train,0.14273807406425476,0.0,0.0053989882580935955,0.03419286757707596,0.041311413049697876,-0.014445561915636063,-0.40731140971183777,0.40756750106811523,False
train,0.1431548297405243,0.0,0.00535144517198205,0.03419424965977669,0.04139235243201256,0.008610222488641739,-0.4170004725456238,0.4170893430709839,False
test,0.14357157051563263,0.0,0.005301195662468672,0.034205362200737,0.04147205874323845,0.0314958393573761,-0.4206133186817169,0.4217908978462219,False
train,0.14398832619190216,0.0,0.005250806454569101,0.03422553837299347,0.04155051335692406,0.051657456904649734,-0.41817763447761536,0.4213561713695526,False
train,0.1444050818681717,0.0,0.005202773492783308,0.03425314277410507,0.04162771627306938,0.06667859852313995,-0.41009408235549927,0.41547948122024536,False
train,0.14482183754444122,0.0,0.005159313790500164,0.03428560122847557,0.04170364886522293,0.07481203228235245,-0.39707207679748535,0.4040582776069641,False
train,0.14523859322071075,0.0,0.005122308153659105,0.034320004284381866,0.0417783223092556,0.07543797791004181,-0.3800468444824219,0.3874616026878357,False
test,0.14565534889698029,0.0,0.0050932071171700954,0.0343531109392643,0.041851695626974106,0.06933962553739548,-0.3600815236568451,0.3666969835758209,False
train,0.14607210457324982,0.0,0.005072985775768757,0.034382689744234085,0.041923828423023224,0.058625347912311554,-0.33829307556152344,0.3433353006839752,False
train,0.14648884534835815,0.0,0.005062132608145475,0.03440737724304199,0.04199464991688728,0.046331197023391724,-0.3157867193222046,0.3191674053668976,False
train,0.14690560102462769,0.0,0.0050607239827513695,0.03442719578742981,0.04206418991088867,0.035814881324768066,-0.2936311364173889,0.29580727219581604,False
train,0.14732235670089722,0.0,0.005068367347121239,0.03444357216358185,0.042132433503866196,0.030013564974069595,-0.27285706996917725,0.27450281381607056,False
test,0.14773911237716675,0.0,0.00508425896987319,0.03445887193083763,0.04219941422343254,0.030885957181453705,-0.2544606328010559,0.2563282251358032,False
train,0.14815586805343628,0.0,0.005107183940708637,0.03447609767317772,0.04226509481668472,0.03893721103668213,-0.23939964175224304,0.24254544079303741,False
train,0.1485726237297058,0.0,0.005135593470185995,0.03449799120426178,0.04232947528362274,0.05310049653053284,-0.2285495102405548,0.2346370369195938,False
train,0.14898937940597534,0.0,0.005167592316865921,0.034526679664850235,0.042392563074827194,0.07091106474399567,-0.22262495756149292,0.23364557325839996,False
train,0.14940612018108368,0.0,0.00520103145390749,0.03456302732229233,0.04245436191558838,0.08897808939218521,-0.2220526933670044,0.2392164170742035,False
test,0.1498228758573532,0.0,0.0052337259985506535,0.03460628539323807,0.042514875531196594,0.10378114134073257,-0.22684374451637268,0.24945662915706635,False
train,0.15023963153362274,0.0,0.0052635278552770615,0.03465457633137703,0.042574070394039154,0.11240943521261215,-0.23651883006095886,0.26187217235565186,False
train,0.15065638720989227,0.0,0.0052885995246469975,0.034704823046922684,0.04263203591108322,0.11330617964267731,-0.25010910630226135,0.2745775878429413,False
train,0.1510731428861618,0.0,0.005307582672685385,0.03475384786725044,0.042688701301813126,0.10656516253948212,-0.2662881016731262,0.28681960701942444,False
train,0.15148989856243134,0.0,0.005319707561284304,0.0347987525165081,0.042744092643260956,0.09377069771289825,-0.28357774019241333,0.2986792325973511,False
test,0.15190665423870087,0.0,0.005324792582541704,0.03483745828270912,0.042798206210136414,0.07745648175477982,-0.30059653520584106,0.31041550636291504,False
train,0.1523233950138092,0.0,0.005323159042745829,0.034869153052568436,0.04285106807947159,0.06036931276321411,-0.31626155972480774,0.3219717741012573,False
train,0.15274015069007874,0.0,0.005315511953085661,0.03489396348595619,0.04290270432829857,0.044807735830545425,-0.3298933804035187,0.33292245864868164,False
train,0.15315690636634827,0.0,0.005302793812006712,0.03491289168596268,0.04295312613248825,0.032313842326402664,-0.34119826555252075,0.34272500872612,False
train,0.1535736620426178,0.0,0.0052858865819871426,0.03492739796638489,0.04300229251384735,0.02363879606127739,-0.3501681685447693,0.35096514225006104,False
test,0.15399041771888733,0.0,0.00526577839627862,0.03493921086192131,0.04305030405521393,0.018981020897626877,-0.3569301962852478,0.35743454098701477,False
train,0.15440717339515686,0.0,0.005243357736617327,0.03494986519217491,0.0430971160531044,0.018294241279363632,-0.36159807443618774,0.3620605766773224,False
train,0.1548239290714264,0.0,0.005219485145062208,0.034961119294166565,0.04314276576042175,0.021379727870225906,-0.3641892075538635,0.36481621861457825,False
train,0.15524066984653473,0.0,0.005195034202188253,0.03497432544827461,0.04318728670477867,0.027823686599731445,-0.3645821809768677,0.36564233899116516,False
train,0.15565742552280426,0.0,0.0051710219122469425,0.034990787506103516,0.043230682611465454,0.036745958030223846,-0.3625488579273224,0.3644062876701355,False
test,0.1560741811990738,0.0,0.005148482043296099,0.03501125052571297,0.04327300563454628,0.046603184193372726,-0.3578217923641205,0.36084386706352234,False
train,0.15649093687534332,0.0,0.0051286048255860806,0.03503567352890968,0.043314263224601746,0.05520819127559662,-0.3501758277416229,0.3545011281967163,False
train,0.15690769255161285,0.0,0.005112679675221443,0.035062942653894424,0.043354496359825134,0.06015387922525406,-0.3395064175128937,0.34479427337646484,False
train,0.15732444822788239,0.0,0.005101913586258888,0.035091180354356766,0.04339371994137764,0.05950234457850456,-0.3258894681930542,0.3312770426273346,False
train,0.15774118900299072,0.0,0.005097521003335714,0.03511795029044151,0.04343200847506523,0.0526263453066349,-0.3096131682395935,0.31405389308929443,False
test,0.15815794467926025,0.0,0.005100464913994074,0.03514061123132706,0.0434693768620491,0.040672123432159424,-0.29119014739990234,0.29401689767837524,False
train,0.15857470035552979,0.0,0.00511148339137435,0.035157717764377594,0.04350586235523224,0.026496876031160355,-0.27136048674583435,0.2726510465145111,False
train,0.15899145603179932,0.0,0.005130932666361332,0.03516915813088417,0.043541524559259415,0.014044247567653656,-0.2510713040828705,0.25146380066871643,False
train,0.15940821170806885,0.0,0.005158768966794014,0.035176511853933334,0.04357634857296944,0.007309559732675552,-0.23145122826099396,0.2315666228532791,False
train,0.15982496738433838,0.0,0.005194408819079399,0.03518280014395714,0.043610479682683945,0.00933355838060379,-0.2137579768896103,0.213961660861969,False
test,0.1602417230606079,0.0,0.0052368007600307465,0.03519207611680031,0.04364394769072533,0.021520055830478668,-0.1992984116077423,0.200456902384758,False
train,0.16065846383571625,0.0,0.005284328479319811,0.03520847111940384,0.04367678239941597,0.04336453974246979,-0.18931931257247925,0.19422225654125214,False
train,0.16107521951198578,0.0,0.005334936082363129,0.03523557260632515,0.043709006160497665,0.072548046708107,-0.18485669791698456,0.19858302175998688,False
train,0.1614919751882553,0.0,0.005386201664805412,0.03527577593922615,0.04374074563384056,0.10539674758911133,-0.18658220767974854,0.21429277956485748,False
train,0.16190873086452484,0.0,0.005435572471469641,0.035329669713974,0.04377202317118645,0.13752000033855438,-0.1946299821138382,0.23831193149089813,False
test,0.16232548654079437,0.0,0.005480542313307524,0.0353960283100605,0.04380292072892189,0.16457390785217285,-0.20848584175109863,0.26561424136161804,False
train,0.1627422422170639,0.0,0.005518950056284666,0.035471972078084946,0.04383349418640137,0.18300236761569977,-0.22695325314998627,0.291543573141098,False
train,0.16315899789333344,0.0,0.005549270659685135,0.035553332418203354,0.04386385157704353,0.19057513773441315,-0.2482466995716095,0.312962144613266,False
train,0.16357573866844177,0.0,0.005570802837610245,0.03563541918992996,0.04389401152729988,0.18671539425849915,-0.27020782232284546,0.32844316959381104,False
train,0.1639924943447113,0.0,0.005583696998655796,0.03571366146206856,0.04392411932349205,0.1724826693534851,-0.29062706232070923,0.33795616030693054,False
test,0.16440925002098083,0.0,0.00558901485055685,0.035784199833869934,0.043954186141490936,0.1503693014383316,-0.3075677752494812,0.3423577845096588,False
train,0.16482600569725037,0.0,0.005588512867689133,0.03584446385502815,0.04398436099290848,0.12389339506626129,-0.3196551501750946,0.3428250253200531,False
train,0.1652427613735199,0.0,0.005584312602877617,0.035893514752388,0.04401467740535736,0.09708259999752045,-0.3262667655944824,0.340404212474823,False
train,0.16565951704978943,0.0,0.005578648764640093,0.03593190759420395,0.04404526948928833,0.07392171770334244,-0.3275848925113678,0.33582180738449097,False
train,0.16607627272605896,0.0,0.0055735185742378235,0.03596213832497597,0.04407618194818497,0.05776214227080345,-0.3245450556278229,0.32964518666267395,False
test,0.1664930135011673,0.0,0.005570413079112768,0.03598744049668312,0.044107530266046524,0.05080876126885414,-0.3186751902103424,0.322700172662735,False
train,0.16690976917743683,0.0,0.005570114124566317,0.03601190075278282,0.04413944110274315,0.05373002216219902,-0.3118895888328552,0.31648385524749756,False
train,0.16732652485370636,0.0,0.005572564899921417,0.03603952005505562,0.044171955436468124,0.06543141603469849,-0.30622678995132446,0.3131391406059265,False
train,0.1677432805299759,0.0,0.005576922558248043,0.03607334569096565,0.044205211102962494,0.08313538134098053,-0.3035774827003479,0.3147551119327545,False
train,0.16816003620624542,0.0,0.005581626668572426,0.036115095019340515,0.04423929750919342,0.10279537737369537,-0.3054106533527374,0.32224610447883606,False
test,0.16857679188251495,0.0,0.005584658123552799,0.03616466000676155,0.04427435249090195,0.11977517604827881,-0.31254953145980835,0.33471375703811646,False
train,0.16899354755878448,0.0,0.00558378454297781,0.036219995468854904,0.044310420751571655,0.12979921698570251,-0.32501280307769775,0.34997308254241943,False
train,0.16941028833389282,0.0,0.00557694910094142,0.03627750277519226,0.044347722083330154,0.12984836101531982,-0.3419801592826843,0.3658019006252289,False
train,0.16982704401016235,0.0,0.00556259136646986,0.036332689225673676,0.04438624158501625,0.11886318773031235,-0.36189568042755127,0.38091593980789185,False
train,0.17024379968643188,0.0,0.005539874546229839,0.03638113662600517,0.04442616552114487,0.09805060923099518,-0.3826785385608673,0.39504021406173706,False
test,0.17066055536270142,0.0,0.0055089183151721954,0.03641947731375694,0.04446754977107048,0.0707402229309082,-0.4020242989063263,0.40820059180259705,False
train,0.17107731103897095,0.0,0.00547074107453227,0.036445893347263336,0.0445106066763401,0.04173165559768677,-0.4177134931087494,0.41979292035102844,False
train,0.17149406671524048,0.0,0.00542721152305603,0.036460742354393005,0.04455535113811493,0.01635167747735977,-0.42788922786712646,0.4282015562057495,False
train,0.17191080749034882,0.0,0.005380909889936447,0.03646671399474144,0.04460202530026436,-0.0007032901048660278,-0.43127503991127014,0.4312756061553955,False
train,0.17232756316661835,0.0,0.005334779154509306,0.036467812955379486,0.044650621712207794,-0.006475456058979034,-0.4273037612438202,0.42735281586647034,False
test,0.17274431884288788,0.0,0.00529185775667429,0.0364689826965332,0.044701289385557175,-0.0005418844521045685,-0.41617798805236816,0.4161783456802368,False
train,0.1731610745191574,0.0,0.005254946183413267,0.036474816501140594,0.04475421458482742,0.01473495364189148,-0.39885735511779785,0.3991294503211975,False
train,0.17357783019542694,0.0,0.0052263508550822735,0.03648810833692551,0.044809505343437195,0.03471710532903671,-0.3769807517528534,0.37857598066329956,False
train,0.17399458587169647,0.0,0.005207513924688101,0.03650978207588196,0.04486721754074097,0.05373309552669525,-0.35274264216423035,0.3568117320537567,False
train,0.174411341547966,0.0,0.005198946688324213,0.03653831407427788,0.04492757469415665,0.06680649518966675,-0.3287161886692047,0.3354361951351166,False
test,0.17482808232307434,0.0,0.005199985578656197,0.03657052665948868,0.044990625232458115,0.07123774290084839,-0.3076181709766388,0.31575900316238403,False
train,0.17524483799934387,0.0,0.005208873655647039,0.03660281375050545,0.04505651071667671,0.06743636727333069,-0.29201143980026245,0.2996971011161804,False
train,0.1756615936756134,0.0,0.005222867242991924,0.036632318049669266,0.04512535408139229,0.05850134417414665,-0.2839650809764862,0.2899285554885864,False
train,0.17607834935188293,0.0,0.005238512065261602,0.03665781021118164,0.045197274535894394,0.04880547523498535,-0.2846876084804535,0.28884080052375793,False
train,0.17649510502815247,0.0,0.005252042785286903,0.036679793149232864,0.045272450894117355,0.04229968413710594,-0.2942359447479248,0.29726091027259827,False
test,0.176911860704422,0.0,0.005260029807686806,0.036700233817100525,0.04535093531012535,0.04121091216802597,-0.3113872706890106,0.31410250067710876,False
train,0.17732861638069153,0.0,0.005259762052446604,0.03672141581773758,0.04543288052082062,0.04586901143193245,-0.3337678611278534,0.33690497279167175,False
train,0.17774535715579987,0.0,0.005249690730124712,0.03674563392996788,0.04551843926310539,0.05520269274711609,-0.3582533895969391,0.3624814748764038,False
train,0.1781621128320694,0.0,0.00522967241704464,0.036774396896362305,0.04560769349336624,0.06752146035432816,-0.3815375566482544,0.3874661922454834,False
train,0.17857886850833893,0.0,0.005200855899602175,0.03680868446826935,0.04570073261857033,0.08095234632492065,-0.400716632604599,0.4088118076324463,False
test,0.17899562418460846,0.0,0.005165439564734697,0.03684844821691513,0.04579770937561989,0.0934724360704422,-0.4137253761291504,0.42415302991867065,False
train,0.179412379860878,0.0,0.005126278381794691,0.036892883479595184,0.04589872807264328,0.10273844003677368,-0.41951751708984375,0.4319145083427429,False
train,0.17982913553714752,0.0,0.0050864554941654205,0.03694005683064461,0.04600396752357483,0.10620491951704025,-0.41799473762512207,0.4312761127948761,False
train,0.18024589121341705,0.0,0.005048905033618212,0.03698708862066269,0.04611344635486603,0.10162162780761719,-0.40975362062454224,0.42216700315475464,False
train,0.1806626319885254,0.0,0.00501621700823307,0.03703025355935097,0.046227358281612396,0.08776069432497025,-0.39577221870422363,0.40538570284843445,False
test,0.18107938766479492,0.0,0.0049905478954315186,0.03706587478518486,0.04634575545787811,0.06523016095161438,-0.377134770154953,0.38273435831069946,False
train,0.18149614334106445,0.0,0.004973557312041521,0.03709082677960396,0.04646873474121094,0.036870650947093964,-0.3548588752746582,0.3567692041397095,False
train,0.18191289901733398,0.0,0.004966543056070805,0.0371035672724247,0.04659640043973923,0.007576413452625275,-0.3298601508140564,0.3299471437931061,False
train,0.18232965469360352,0.0,0.0049703833647072315,0.0371050089597702,0.04672890901565552,-0.016563095152378082,-0.3030342161655426,0.30348652601242065,False
train,0.18274641036987305,0.0,0.004985586740076542,0.037098560482263565,0.04686630889773369,-0.02959117293357849,-0.2754058837890625,0.2769910395145416,False
test,0.18316316604614258,0.0,0.005012200213968754,0.03708989918231964,0.047008734196424484,-0.02716943249106407,-0.24829033017158508,0.24977242946624756,False
train,0.18357990682125092,0.0,0.005049665924161673,0.03708583861589432,0.0471561960875988,-0.007707033306360245,-0.22339390218257904,0.22352680563926697,False
train,0.18399666249752045,0.0,0.005096662789583206,0.037093278020620346,0.04730888456106186,0.027251508086919785,-0.20278090238571167,0.20460385084152222,False
train,0.18441341817378998,0.0,0.005150982644408941,0.03711789846420288,0.04746677353978157,0.07343745231628418,-0.1886739879846573,0.20246216654777527,False
train,0.1848301738500595,0.0,0.0052095502614974976,0.03716307133436203,0.04762997850775719,0.12495081126689911,-0.183087557554245,0.22166135907173157,False
test,0.18524692952632904,0.0,0.005268591921776533,0.03722983971238136,0.04779857024550438,0.17548616230487823,-0.1873835325241089,0.2567255198955536,False
train,0.18566368520259857,0.0,0.005323933903127909,0.037316445261240005,0.0479726605117321,0.21923434734344482,-0.20185792446136475,0.29801061749458313,False
train,0.1860804259777069,0.0,0.005371608305722475,0.03741907700896263,0.04815226420760155,0.2512281537055969,-0.22552229464054108,0.3376031517982483,False
train,0.18649718165397644,0.0,0.005408226512372494,0.03753182291984558,0.048337437212467194,0.26731058955192566,-0.25615066289901733,0.3702271282672882,False
train,0.18691393733024597,0.0,0.005431585479527712,0.03764741122722626,0.0485282838344574,0.2640829086303711,-0.2905956506729126,0.39266476035118103,False
test,0.1873306930065155,0.0,0.005440822336822748,0.03775724768638611,0.04872474446892738,0.23935551941394806,-0.325297087430954,0.4038678705692291,False
train,0.18774744868278503,0.0,0.005436531733721495,0.03785232454538345,0.048926953226327896,0.19314271211624146,-0.3568387031555176,0.40575605630874634,False
train,0.18816420435905457,0.0,0.005420585162937641,0.03792419284582138,0.04913487285375595,0.12885162234306335,-0.38242489099502563,0.4035486876964569,False
train,0.1885809600353241,0.0,0.0053957668133080006,0.037966761738061905,0.04934858903288841,0.0539398156106472,-0.40022239089012146,0.4038408696651459,False
train,0.18899770081043243,0.0,0.005365442950278521,0.03797782212495804,0.04956810548901558,-0.020561393350362778,-0.4095041751861572,0.41002005338668823,False
test,0.18941445648670197,0.0,0.005333000794053078,0.03796029090881348,0.04979344457387924,-0.08197250962257385,-0.4106499254703522,0.4187515377998352,False
train,0.1898312121629715,0.0,0.005301450379192829,0.03792208433151245,0.05002454295754433,-0.11890672147274017,-0.4050077497959137,0.4221019744873047,False
train,0.19024796783924103,0.0,0.005273191723972559,0.037874966859817505,0.050261445343494415,-0.12416359782218933,-0.39465928077697754,0.41373002529144287,False
train,0.19066472351551056,0.0,0.005249638110399246,0.03783271461725235,0.050504133105278015,-0.09664418548345566,-0.3821001946926117,0.3941327929496765,False
train,0.1910814791917801,0.0,0.005231222603470087,0.03780806437134743,0.050752654671669006,-0.04154170677065849,-0.3698436915874481,0.3721694350242615,False
test,0.19149823486804962,0.0,0.0052174474112689495,0.03781053051352501,0.05100683495402336,0.031025834381580353,-0.3600316643714905,0.36136603355407715,False
train,0.19191497564315796,0.0,0.0052070654928684235,0.03784478083252907,0.05126681551337242,0.10843263566493988,-0.35410696268081665,0.3703368306159973,False
train,0.1923317313194275,0.0,0.005198425147682428,0.037910230457782745,0.05153237655758858,0.17808212339878082,-0.3526458740234375,0.3950599431991577,False
train,0.19274848699569702,0.0,0.005189781542867422,0.03800126165151596,0.05180356279015541,0.22948631644248962,-0.35538172721862793,0.4230368137359619,False
train,0.19316524267196655,0.0,0.005179686471819878,0.038108691573143005,0.05208027735352516,0.25551894307136536,-0.361393541097641,0.4426005184650421,False
test,0.19358199834823608,0.0,0.00516704423353076,0.0382210835814476,0.05236249417066574,0.25299134850502014,-0.3693609833717346,0.4476965069770813,False
train,0.19399875402450562,0.0,0.005151369608938694,0.038326654583215714,0.05265006050467491,0.22276343405246735,-0.37779009342193604,0.43857598304748535,False
train,0.19441550970077515,0.0,0.005132724065333605,0.03841470927000046,0.05294288322329521,0.16959106922149658,-0.38514411449432373,0.42082908749580383,False
train,0.19483225047588348,0.0,0.0051117995753884315,0.03847726806998253,0.053240932524204254,0.10173279792070389,-0.38989871740341187,0.40295231342315674,False
train,0.19524900615215302,0.0,0.005089906509965658,0.03851049020886421,0.053544022142887115,0.03011796623468399,-0.39060646295547485,0.39176586270332336,False
test,0.19566576182842255,0.0,0.005068866070359945,0.038515303283929825,0.053852006793022156,-0.03307903930544853,-0.38601356744766235,0.38742831349372864,False
train,0.19608251750469208,0.0,0.005050975363701582,0.038497693836688995,0.05416485667228699,-0.07651227712631226,-0.37528982758522034,0.3830099105834961,False
train,0.1964992731809616,0.0,0.0050388118252158165,0.03846775367856026,0.054482318460941315,-0.09188717603683472,-0.35827627778053284,0.3698717951774597,False
train,0.19691602885723114,0.0,0.005034829955548048,0.038438089191913605,0.05480426177382469,-0.07580359280109406,-0.33566439151763916,0.3441173732280731,False
train,0.19733278453350067,0.0,0.005041077267378569,0.03842145577073097,0.055130522698163986,-0.030528556555509567,-0.30899542570114136,0.3104998469352722,False
test,0.197749525308609,0.0,0.005058897193521261,0.038428787142038345,0.05546087026596069,0.03659429773688316,-0.28047657012939453,0.28285375237464905,False
train,0.19816628098487854,0.0,0.0050886161625385284,0.03846688196063042,0.05579516291618347,0.11483150720596313,-0.2526399493217468,0.2775125503540039,False
train,0.19858303666114807,0.0,0.005129507277160883,0.03853800892829895,0.05613323673605919,0.1922546774148941,-0.2279917299747467,0.2982316017150879,False
train,0.1989997923374176,0.0,0.005179927684366703,0.0386393778026104,0.05647480487823486,0.2579318881034851,-0.20868682861328125,0.33178162574768066,False
train,0.19941654801368713,0.0,0.005237381439656019,0.03876423463225365,0.05681959539651871,0.30350497364997864,-0.19630618393421173,0.36145731806755066,False
test,0.19983330368995667,0.0,0.0052988361567258835,0.038903094828128815,0.057167474180459976,0.3241497576236725,-0.19173389673233032,0.37660980224609375,False
train,0.2002500593662262,0.004761904943734407,0.005361002404242754,0.039045244455337524,0.057518091052770615,0.3188428282737732,-0.19510027766227722,0.3737978935241699,False
train,0.20066680014133453,0.0,0.005420683417469263,0.0391802154481411,0.0578712522983551,0.29009386897087097,-0.20579224824905396,0.35567528009414673,False
train,0.20108355581760406,0.0,0.00547504099085927,0.03929925709962845,0.05822660028934479,0.24333536624908447,-0.22252514958381653,0.32974162697792053,False
train,0.2015003114938736,0.0031746032182127237,0.005521835293620825,0.0393965058028698,0.05858398601412773,0.1859629601240158,-0.24345245957374573,0.3063516318798065,False
test,0.20191706717014313,0.0,0.005559698678553104,0.03946911171078682,0.05894295498728752,0.126288503408432,-0.26634204387664795,0.29476580023765564,False
train,0.20233382284641266,0.0007936508045531809,0.005588236264884472,0.03951796889305115,0.05930328369140625,0.07238857448101044,-0.288801908493042,0.29773586988449097,False
train,0.2027505785226822,0.0,0.005608025472611189,0.03954692184925079,0.05966468155384064,0.031087547540664673,-0.308536559343338,0.3100987672805786,False
train,0.20316731929779053,0.0,0.005620564334094524,0.039562199264764786,0.06002674251794815,0.007090717554092407,-0.3236045837402344,0.3236822485923767,False
train,0.20358407497406006,0.0,0.005628089886158705,0.03957177698612213,0.06038917228579521,0.0025074072182178497,-0.33264386653900146,0.33265331387519836,False
test,0.2040008306503296,0.0,0.005633265245705843,0.039583440870046616,0.06075162813067436,0.016777023673057556,-0.33499574661254883,0.3354156017303467,False
train,0.20441758632659912,0.0,0.005638906732201576,0.039604708552360535,0.061113737523555756,0.04701627790927887,-0.3307444751262665,0.33406949043273926,False
train,0.20483434200286865,0.0,0.005647672805935144,0.03964131698012352,0.061475154012441635,0.08866138756275177,-0.32063886523246765,0.332671195268631,False
train,0.20525109767913818,0.0,0.005661832168698311,0.03969684988260269,0.06183549761772156,0.1362719088792801,-0.30595895648002625,0.33493420481681824,False
train,0.20566785335540771,0.0,0.005683004856109619,0.03977256268262863,0.06219439208507538,0.1843067705631256,-0.2883527874946594,0.3422226011753082,False
test,0.20608459413051605,0.0,0.005712105892598629,0.03986765071749687,0.06255142390727997,0.22764326632022858,-0.26969894766807556,0.35292914509773254,False
train,0.20650134980678558,0.0,0.005749217234551907,0.03997914865612984,0.06290628015995026,0.26195645332336426,-0.25198617577552795,0.36348068714141846,False
train,0.20691810548305511,0.0007936508045531809,0.005793556105345488,0.04010254517197609,0.06325848400592804,0.2838837504386902,-0.23723506927490234,0.36996009945869446,False
train,0.20733486115932465,0.0,0.0058435420505702496,0.04023221507668495,0.06360773742198944,0.29124337434768677,-0.22738435864448547,0.3694947063922882,False
train,0.20775161683559418,0.0,0.005896756425499916,0.04036177322268486,0.06395357847213745,0.28335505723953247,-0.2241363823413849,0.3612854778766632,False
test,0.2081683725118637,0.0,0.005950161721557379,0.040485188364982605,0.06429561972618103,0.26138633489608765,-0.2287241816520691,0.34732919931411743,False
train,0.20858512818813324,0.0,0.006000314373522997,0.04059715196490288,0.06463345885276794,0.2286345660686493,-0.241632342338562,0.3326559066772461,False
train,0.20900186896324158,0.0,0.006043790373951197,0.040694110095500946,0.06496668606996536,0.19031183421611786,-0.26235273480415344,0.3241104185581207,False
train,0.2094186246395111,0.0007936508045531809,0.00607755221426487,0.04077523574233055,0.06529497355222702,0.15279991924762726,-0.28928396105766296,0.32715901732444763,False
train,0.20983538031578064,0.003968254197388887,0.006099491845816374,0.04084205627441406,0.06561783701181412,0.12234605848789215,-0.3198346495628357,0.3424365222454071,False
test,0.21025213599205017,0.0063492064364254475,0.006108713801950216,0.04089861735701561,0.0659349113702774,0.1036316379904747,-0.3507870137691498,0.36577457189559937,False
train,0.2106688916683197,0.0023809524718672037,0.0061057377606630325,0.04095037281513214,0.06624584645032883,0.09875017404556274,-0.37882575392723083,0.3914850652217865,False
train,0.21108564734458923,0.0015873016091063619,0.006092380732297897,0.0410030297935009,0.06655023247003555,0.10693302005529404,-0.4011076092720032,0.4151168465614319,False
train,0.21150240302085876,0.0031746032182127237,0.006071522831916809,0.04106134548783302,0.06684771180152893,0.12515617907047272,-0.41572651267051697,0.4341573715209961,False
train,0.2119191437959671,0.0023809524718672037,0.00604657270014286,0.04112871736288071,0.06713788956403732,0.14930132031440735,-0.4219615161418915,0.4475962519645691,False
test,0.21233589947223663,0.0023809524718672037,0.006021011620759964,0.04120681807398796,0.06742040812969208,0.17533105611801147,-0.42028167843818665,0.4553873836994171,False
train,0.21275265514850616,0.0015873016091063619,0.00599787849932909,0.04129566252231598,0.0676949992775917,0.20013919472694397,-0.41213303804397583,0.4581586420536041,False
train,0.2131694108247757,0.0031746032182127237,0.005979503504931927,0.041394300758838654,0.06796131283044815,0.22180594503879547,-0.39961257576942444,0.45704278349876404,False
train,0.21358616650104523,0.0031746032182127237,0.005967255681753159,0.04150121659040451,0.06821895390748978,0.239312082529068,-0.3851144015789032,0.4534130394458771,False
train,0.21400292217731476,0.0031746032182127237,0.005961459595710039,0.04161452502012253,0.06846760213375092,0.2520627975463867,-0.37100061774253845,0.4485277235507965,False
test,0.2144196778535843,0.0031746032182127237,0.005961567163467407,0.04173204302787781,0.06870706379413605,0.2593953013420105,-0.3593527376651764,0.44319331645965576,False
train,0.21483641862869263,0.0063492064364254475,0.0059661464765667915,0.04185139387845993,0.06893695890903473,0.26042115688323975,-0.3517591655254364,0.43766847252845764,False
train,0.21525317430496216,0.004761904943734407,0.005973318126052618,0.04196973145008087,0.06915711611509323,0.25406700372695923,-0.34917476773262024,0.43182528018951416,False
train,0.2156699299812317,0.0055555556900799274,0.005980905145406723,0.04208378866314888,0.06936728209257126,0.23949676752090454,-0.35181093215942383,0.4255932867527008,False
train,0.21608668565750122,0.003968254197388887,0.005986802279949188,0.04219001531600952,0.0695672407746315,0.2165900468826294,-0.3590976297855377,0.4193594455718994,False
test,0.21650344133377075,0.003968254197388887,0.005989281926304102,0.04228519648313522,0.06975673139095306,0.18647775053977966,-0.3697268068790436,0.4140916168689728,False
train,0.21692019701004028,0.0031746032182127237,0.0059873065911233425,0.042366791516542435,0.06993565708398819,0.15179234743118286,-0.381792277097702,0.4108603894710541,False
train,0.21733693778514862,0.0031746032182127237,0.005980651825666428,0.042433734983205795,0.07010378688573837,0.11664934456348419,-0.3930453062057495,0.4099898636341095,False
train,0.21775369346141815,0.0015873016091063619,0.005970124155282974,0.04248679801821709,0.07026097923517227,0.08613835275173187,-0.40122994780540466,0.41037213802337646,False
train,0.21817044913768768,0.0015873016091063619,0.005957339890301228,0.04252910614013672,0.07040724158287048,0.0654088705778122,-0.4044490456581116,0.40970396995544434,False
test,0.21858720481395721,0.0023809524718672037,0.0059446427039802074,0.04256558418273926,0.07054241001605988,0.058639876544475555,-0.401467502117157,0.40572747588157654,False
train,0.21900396049022675,0.0015873016091063619,0.005934699438512325,0.04260258376598358,0.07066641747951508,0.0679725781083107,-0.3919258713722229,0.3977765142917633,False
train,0.21942071616649628,0.0015873016091063619,0.005930195562541485,0.04264690726995468,0.07077916711568832,0.09296006709337234,-0.3763682544231415,0.38767850399017334,False
train,0.2198374718427658,0.0007936508045531809,0.0059333909302949905,0.04270431771874428,0.07088074088096619,0.13046112656593323,-0.35613730549812317,0.3792807459831238,False
train,0.22025421261787415,0.0015873016091063619,0.005945888813585043,0.042779140174388885,0.07097110897302628,0.17517653107643127,-0.33315375447273254,0.3764016926288605,False
test,0.22067096829414368,0.0015873016091063619,0.005968472454696894,0.04287303239107132,0.07105037569999695,0.22060608863830566,-0.3096483051776886,0.38019615411758423,False
train,0.2210877239704132,0.0015873016091063619,0.0060009220615029335,0.042984738945961,0.07111856341362,0.2601780891418457,-0.28791186213493347,0.3880539536476135,False
train,0.22150447964668274,0.0023809524718672037,0.006042113061994314,0.043110791593790054,0.0711757019162178,0.2883746325969696,-0.2700553834438324,0.3950820565223694,False
train,0.22192123532295227,0.0023809524718672037,0.006090090144425631,0.04324552044272423,0.07122194021940231,0.3016805946826935,-0.25781533122062683,0.39683741331100464,False
train,0.2223379909992218,0.0015873016091063619,0.006142233032733202,0.04338237643241882,0.071257583796978,0.2990500330924988,-0.2523845136165619,0.39131683111190796,False
test,0.22275474667549133,0.0031746032182127237,0.00619559595361352,0.04351501911878586,0.07128257304430008,0.28200119733810425,-0.2542880177497864,0.37971970438957214,False
train,0.22317148745059967,0.0015873016091063619,0.006247100420296192,0.04363807663321495,0.07129717618227005,0.2542603313922882,-0.2633020877838135,0.36602774262428284,False
train,0.2235882431268692,0.0023809524718672037,0.006293926853686571,0.04374825581908226,0.07130163908004761,0.22096434235572815,-0.2784694731235504,0.35548627376556396,False
train,0.22400499880313873,0.0031746032182127237,0.006333761382848024,0.04384433850646019,0.07129625976085663,0.18773937225341797,-0.29820141196250916,0.35237786173820496,False
train,0.22442175447940826,0.003968254197388887,0.0063650645315647125,0.04392743110656738,0.07128112018108368,0.15970376133918762,-0.3204692006111145,0.3580583930015564,False
test,0.2248385101556778,0.003968254197388887,0.006387219298630953,0.0440005324780941,0.07125679403543472,0.14075559377670288,-0.34306907653808594,0.37082141637802124,False
train,0.22525526583194733,0.0031746032182127237,0.006400511600077152,0.04406800493597984,0.07122338563203812,0.13303807377815247,-0.3638884723186493,0.3874453902244568,False
train,0.22567202150821686,0.0031746032182127237,0.006406054366379976,0.044134654104709625,0.07118134945631027,0.13687215745449066,-0.3811367154121399,0.40496814250946045,False
train,0.2260887622833252,0.003968254197388887,0.00640565250068903,0.04420510679483414,0.07113093137741089,0.15087613463401794,-0.39350730180740356,0.42143991589546204,False
train,0.22650551795959473,0.003968254197388887,0.006401530932635069,0.044282928109169006,0.07107259333133698,0.1723419427871704,-0.40025240182876587,0.4357794523239136,False
test,0.22692227363586426,0.0031746032182127237,0.006396129727363586,0.0443706251680851,0.07100676000118256,0.19776080548763275,-0.4011862576007843,0.4472803771495819,False
train,0.2273390293121338,0.004761904943734407,0.0063918535597622395,0.044468969106674194,0.07093372941017151,0.2231849879026413,-0.39662617444992065,0.4551086127758026,False
train,0.22775578498840332,0.0031746032182127237,0.006390881258994341,0.044577132910490036,0.07085413485765457,0.2447853833436966,-0.3873037099838257,0.4581746757030487,False
train,0.22817254066467285,0.003968254197388887,0.006395038217306137,0.044692859053611755,0.07076828181743622,0.25916004180908203,-0.37426120042800903,0.4552311301231384,False
train,0.22858929634094238,0.003968254197388887,0.006405634339898825,0.04481253772974014,0.0706767588853836,0.2637716829776764,-0.3587421476840973,0.44527679681777954,False
test,0.22900603711605072,0.003968254197388887,0.0064234365709125996,0.04493172466754913,0.07057984918355942,0.25727787613868713,-0.34207969903945923,0.4280308783054352,False
train,0.22942279279232025,0.0023809524718672037,0.006448603700846434,0.04504583775997162,0.07047829031944275,0.23989668488502502,-0.3255693316459656,0.40440797805786133,False
train,0.22983954846858978,0.003968254197388887,0.006480817217379808,0.04515067860484123,0.07037245482206345,0.21362243592739105,-0.3103412389755249,0.37675750255584717,False
train,0.23025630414485931,0.0055555556900799274,0.0065192957408726215,0.04524317383766174,0.07026291638612747,0.18224969506263733,-0.2972394824028015,0.3486635386943817,False
train,0.23067305982112885,0.0063492064364254475,0.006562985014170408,0.04532240703701973,0.07015031576156616,0.1509818732738495,-0.28673356771469116,0.3240550458431244,False
test,0.23108981549739838,0.007936508394777775,0.006610741373151541,0.04538954794406891,0.07003504782915115,0.12569305300712585,-0.2788853645324707,0.3059016168117523,False
train,0.2315065711736679,0.0063492064364254475,0.006661455146968365,0.04544827342033386,0.06991767883300781,0.11180046200752258,-0.2733919620513916,0.2953684329986572,False
train,0.23192331194877625,0.0055555556900799274,0.00671422528102994,0.04550420865416527,0.06979882717132568,0.11312058568000793,-0.2696947455406189,0.2924577295780182,False
train,0.23234006762504578,0.0055555556900799274,0.00676845433190465,0.04556409269571304,0.06967905163764954,0.13079115748405457,-0.2671145796775818,0.29741641879081726,False
train,0.2327568233013153,0.0055555556900799274,0.0068238265812397,0.045634329319000244,0.06955894082784653,0.1627262979745865,-0.2649814486503601,0.31095820665359497,False
test,0.23317357897758484,0.0031746032182127237,0.006880376022309065,0.0457199327647686,0.06943909823894501,0.20371297001838684,-0.2627161741256714,0.33244362473487854,False
train,0.23359033465385437,0.003968254197388887,0.006938262842595577,0.04582306742668152,0.06932005286216736,0.2461371123790741,-0.25986114144325256,0.3579263985157013,False
train,0.2340070903301239,0.0015873016091063619,0.006997911725193262,0.04594259709119797,0.06920237839221954,0.2813296616077423,-0.2560498118400574,0.38040488958358765,False
train,0.23442383110523224,0.0023809524718672037,0.0070598130114376545,0.04607372730970383,0.06908682733774185,0.3012813329696655,-0.2509654760360718,0.39211493730545044,False
train,0.23484058678150177,0.0,0.0071246009320020676,0.04620892181992531,0.0689738541841507,0.3003774583339691,-0.2443002164363861,0.3871811032295227,False
test,0.2352573424577713,0.0007936508045531809,0.0071929991245269775,0.046338871121406555,0.06886403262615204,0.27693742513656616,-0.23573708534240723,0.36368435621261597,False
train,0.23567409813404083,0.0015873016091063619,0.007265834137797356,0.04645472764968872,0.0687580481171608,0.23406358063220978,-0.22497804462909698,0.3246549963951111,False
train,0.23609085381031036,0.0007936508045531809,0.007343987002968788,0.04654984921216965,0.06865642219781876,0.179556205868721,-0.2117885947227478,0.2776595652103424,False
train,0.2365076094865799,0.0023809524718672037,0.0074283960275352,0.046621739864349365,0.06855981796979904,0.1247013509273529,-0.19607438147068024,0.23236951231956482,False
train,0.23692436516284943,0.0007936508045531809,0.007520041894167662,0.04667266458272934,0.06846868991851807,0.08184827119112015,-0.17792853713035583,0.19585123658180237,False
test,0.23734110593795776,0.0007936508045531809,0.007619771640747786,0.04671017825603485,0.0683838427066803,0.06144077330827713,-0.157679945230484,0.1692274659872055,False
train,0.2377578616142273,0.0007936508045531809,0.00772832939401269,0.04674483463168144,0.06830568611621857,0.06910467147827148,-0.1358526647090912,0.15241850912570953,False
train,0.23817461729049683,0.0015873016091063619,0.00784625019878149,0.04678850620985031,0.06823482364416122,0.10370320081710815,-0.11307263374328613,0.15342676639556885,False
train,0.23859137296676636,0.0015873016091063619,0.007973904721438885,0.046850696206092834,0.06817193329334259,0.15721511840820312,-0.0898837149143219,0.18109576404094696,False
train,0.2390081286430359,0.0007936508045531809,0.008111389353871346,0.046936966478824615,0.06811747699975967,0.21642035245895386,-0.06654998660087585,0.22642144560813904,False
test,0.23942488431930542,0.0007936508045531809,0.008258886635303497,0.047046367079019547,0.06807204335927963,0.26634150743484497,-0.042845219373703,0.2697656452655792,False
train,0.23984163999557495,0.0,0.008416825905442238,0.04717235639691353,0.06803622841835022,0.2942872643470764,-0.01793500781059265,0.2948332726955414,False
train,0.2402583807706833,0.0,0.008585969917476177,0.04730401933193207,0.06801064312458038,0.2934685945510864,0.009575635194778442,0.29362478852272034,False
train,0.24067513644695282,0.0,0.008767759427428246,0.04742923378944397,0.06799574196338654,0.26505303382873535,0.04143655300140381,0.26827242970466614,False
train,0.24109189212322235,0.0007936508045531809,0.008964335545897484,0.04753824323415756,0.06799209862947464,0.21768879890441895,0.0794048011302948,0.23171864449977875,False
test,0.24150864779949188,0.0,0.009178468026220798,0.047625862061977386,0.06800030171871185,0.16479197144508362,0.12484303116798401,0.2067418098449707,False
train,0.2419254034757614,0.0,0.009413306601345539,0.047692764550447464,0.06802085041999817,0.1203923374414444,0.17837652564048767,0.2152033895254135,False
train,0.24234215915203094,0.0007936508045531809,0.009672118350863457,0.047744717448949814,0.06805428862571716,0.09495547413825989,0.23972246050834656,0.2578437626361847,False
train,0.24275891482830048,0.0023809524718672037,0.009957882575690746,0.04779098182916641,0.06810112297534943,0.09286215901374817,0.3076944947242737,0.32140204310417175,False
train,0.2431756556034088,0.0015873016091063619,0.010272926650941372,0.04784093424677849,0.06816192716360092,0.11186622083187103,0.3803688585758209,0.3964776396751404,False
test,0.24359241127967834,0.0,0.010618817061185837,0.047901954501867294,0.06823722273111343,0.14455735683441162,0.45535534620285034,0.4777502715587616,False
train,0.24400916695594788,0.0007936508045531809,0.010995895601809025,0.04797776788473129,0.06832744181156158,0.18100842833518982,0.5300090312957764,0.560065746307373,False
train,0.2444259226322174,0.0015873016091063619,0.011403560638427734,0.04806780815124512,0.06843318045139313,0.21147742867469788,0.601720929145813,0.6378015279769897,False
train,0.24484267830848694,0.0071428571827709675,0.011840087361633778,0.04816798120737076,0.06855488568544388,0.22862914204597473,0.6681065559387207,0.706142783164978,False
train,0.24525943398475647,0.011904762126505375,0.012302827090024948,0.04827183112502098,0.06869308650493622,0.22885015606880188,0.727206289768219,0.7623656392097473,False
test,0.245676189661026,0.0,0.012788426131010056,0.048372384160757065,0.06884828954935074,0.21254891157150269,0.7776956558227539,0.8062180876731873,False
train,0.24609293043613434,0.0063492064364254475,0.013293095864355564,0.048463184386491776,0.06902087479829788,0.18353363871574402,0.8190627098083496,0.839373767375946,False
train,0.24650968611240387,0.0023809524718672037,0.013813049532473087,0.048540327697992325,0.06921155750751495,0.14776894450187683,0.8517625331878662,0.8644854426383972,False
train,0.2469264417886734,0.003968254197388887,0.014344886876642704,0.04860248789191246,0.06942056119441986,0.11184436827898026,0.8772678375244141,0.8843687176704407,False
train,0.24734319746494293,0.010317460633814335,0.014886032789945602,0.04865063726902008,0.06964848935604095,0.08149076998233795,0.8980143070220947,0.9017041921615601,False
test,0.24775995314121246,0.0063492064364254475,0.015435037203133106,0.04868804290890694,0.06989582628011703,0.06040678173303604,0.9171257019042969,0.9191129207611084,False
train,0.248176708817482,0.0063492064364254475,0.01599196530878544,0.0487188957631588,0.07016299664974213,0.049767691642045975,0.9379918575286865,0.9393112063407898,False
train,0.24859344959259033,0.01746031828224659,0.016558092087507248,0.048747532069683075,0.07045045495033264,0.048336103558540344,0.9636440277099609,0.9648554921150208,False
train,0.24901020526885986,0.008730159141123295,0.017135920003056526,0.04877706989645958,0.0707586407661438,0.05313274636864662,0.9961304664611816,0.9975464940071106,False
train,0.2494269609451294,0.0071428571827709675,0.017728498205542564,0.04880933836102486,0.07108815759420395,0.06036887317895889,1.0359388589859009,1.037696361541748,False
test,0.24984371662139893,0.02619047649204731,0.018338536843657494,0.048844654113054276,0.07143925130367279,0.06653531640768051,1.0816104412078857,1.0836549997329712,False
train,0.25026047229766846,0.009523809887468815,0.01896793581545353,0.04888195917010307,0.07181249558925629,0.06908798217773438,1.1297273635864258,1.1318378448486328,False
train,0.250677227973938,0.02857142873108387,0.01961657777428627,0.04891950637102127,0.07220827043056488,0.06686438620090485,1.1751575469970703,1.177058219909668,False
train,0.2510939836502075,0.01587301678955555,0.020282138139009476,0.04895531386137009,0.07262703031301498,0.06016382947564125,1.2117091417312622,1.213201880455017,False
train,0.25151073932647705,0.014285714365541935,0.02095952443778515,0.04898785799741745,0.07306922227144241,0.05036626011133194,1.2328901290893555,1.23391854763031,False
test,0.2519274950027466,0.03730158880352974,0.021641023457050323,0.0490160807967186,0.07353522628545761,0.03958630561828613,1.2327885627746582,1.2334239482879639,False
train,0.2523442506790161,0.01746031828224659,0.022316768765449524,0.0490403026342392,0.07402542978525162,0.030103910714387894,1.2069028615951538,1.2072782516479492,False
train,0.25276100635528564,0.04444444552063942,0.022975366562604904,0.04906128719449043,0.07454042136669159,0.023817893117666245,1.1528129577636719,1.1530590057373047,False
train,0.2531777322292328,0.04682539775967598,0.023605046793818474,0.04908087104558945,0.07508029788732529,0.02174852043390274,1.0706028938293457,1.0708237886428833,False
train,0.2535944879055023,0.0515873022377491,0.024194588884711266,0.04910058155655861,0.07564567774534225,0.023713499307632446,0.9628913402557373,0.9631832838058472,False
test,0.25401124358177185,0.02936507947742939,0.024734364822506905,0.04912193492054939,0.07623696327209473,0.028480164706707,0.8344987630844116,0.8349846005439758,False
train,0.2544279992580414,0.05079365149140358,0.025217002257704735,0.049145784229040146,0.07685448974370956,0.03430560231208801,0.6915218830108643,0.6923722624778748,False
train,0.2548447549343109,0.04523809626698494,0.025637846440076828,0.04917241632938385,0.07749854028224945,0.03981794789433479,0.5402283668518066,0.5416938066482544,False
train,0.25526151061058044,0.05793650820851326,0.02599458582699299,0.04920141026377678,0.07816950976848602,0.04480663314461708,0.3857526183128357,0.3883461356163025,False
train,0.25567826628685,0.06507936865091324,0.026286737993359566,0.04923280328512192,0.07886767387390137,0.05047054588794708,0.23122423887252808,0.23666837811470032,False
test,0.2560950219631195,0.03650793805718422,0.026514537632465363,0.04926743358373642,0.07959359884262085,0.05901573225855827,0.07730138301849365,0.09725410491228104,False
train,0.25651177763938904,0.04523809626698494,0.026677995920181274,0.04930684715509415,0.08034729957580566,0.07268431782722473,-0.0775924026966095,0.10631834715604782,False
train,0.25692853331565857,0.06904762238264084,0.026776330545544624,0.049353595823049545,0.081129290163517,0.09263332933187485,-0.23658408224582672,0.25407275557518005,False
train,0.2573452889919281,0.03809523954987526,0.026806944981217384,0.04941016063094139,0.08193980157375336,0.11821703612804413,-0.40332165360450745,0.42028993368148804,False
train,0.25776204466819763,0.06269841641187668,0.02676614560186863,0.04947850480675697,0.08277907222509384,0.1467525064945221,-0.5808643698692322,0.599115788936615,False
test,0.25817880034446716,0.05079365149140358,0.02664920873939991,0.049558963626623154,0.0836472287774086,0.17399057745933533,-0.7706972360610962,0.7900930047035217,False
train,0.2585955262184143,0.07857143133878708,0.02645116113126278,0.0496499128639698,0.08454467356204987,0.19504526257514954,-0.9719877243041992,0.9913641214370728,False
train,0.25901228189468384,0.0595238097012043,0.026167936623096466,0.04974791407585144,0.08547163009643555,0.20546194911003113,-1.1813901662826538,1.1991236209869385,False
train,0.25942903757095337,0.0357142873108387,0.025797352194786072,0.04984784871339798,0.08642815053462982,0.20238542556762695,-1.3930612802505493,1.4076858758926392,False
train,0.2598457932472229,0.0555555559694767,0.02534009888768196,0.04994399473071098,0.0874144583940506,0.18532995879650116,-1.5993802547454834,1.6100821495056152,False
test,0.26026254892349243,0.04126984253525734,0.024800218641757965,0.05003080517053604,0.08843063563108444,0.15653946995735168,-1.7918808460235596,1.7987055778503418,False
train,0.26067930459976196,0.02777777798473835,0.024185238406062126,0.050104282796382904,0.08947689086198807,0.12076687067747116,-1.962308406829834,1.9660210609436035,False
train,0.2610960602760315,0.02857142873108387,0.02350584603846073,0.05016300082206726,0.0905531644821167,0.08453460782766342,-2.103677749633789,2.1053755283355713,False
train,0.261512815952301,0.05396825447678566,0.022775305435061455,0.05020816624164581,0.09165950119495392,0.054839663207530975,-2.211038112640381,2.2117180824279785,False
train,0.26192957162857056,0.02857142873108387,0.022008374333381653,0.050243813544511795,0.09279602020978928,0.037792008370161057,-2.281970500946045,2.282283306121826,False
test,0.2623463273048401,0.01984127052128315,0.021220238879323006,0.050276175141334534,0.09396248310804367,0.037232592701911926,-2.3167383670806885,2.317037582397461,False
train,0.2627630829811096,0.02222222276031971,0.020425474271178246,0.050312504172325134,0.09515905380249023,0.05397782474756241,-2.3181216716766357,2.3187501430511475,False
train,0.26317983865737915,0.004761904943734407,0.019637146964669228,0.05035945773124695,0.09638537466526031,0.08553242683410645,-2.290992021560669,2.292587995529175,False
train,0.2635965943336487,0.02619047649204731,0.0188657995313406,0.0504223108291626,0.0976414903998375,0.1267605721950531,-2.2416841983795166,2.245265245437622,False
train,0.2640133500099182,0.01666666753590107,0.018119361251592636,0.05050365999341011,0.0989270880818367,0.17104372382164001,-2.177199602127075,2.183907985687256,False
test,0.26443007588386536,0.003968254197388887,0.017402762547135353,0.050603531301021576,0.10024184733629227,0.2118450552225113,-2.1043808460235596,2.1150169372558594,False
train,0.2648468315601349,0.011904762126505375,0.016718149185180664,0.050719231367111206,0.1015857607126236,0.2441692054271698,-2.029122829437256,2.0437607765197754,False
train,0.2652635872364044,0.011111111380159855,0.01606559567153454,0.05084666982293129,0.10295823216438293,0.2656153738498688,-1.9559099674224854,1.9738630056381226,False
train,0.26568034291267395,0.009523809887468815,0.015443664975464344,0.050981372594833374,0.10435909777879715,0.27663397789001465,-1.8875582218170166,1.907721757888794,False
train,0.2660970985889435,0.0031746032182127237,0.014849967323243618,0.05111950263381004,0.10578779131174088,0.280030757188797,-1.8252813816070557,1.8466373682022095,False
test,0.266513854265213,0.0023809524718672037,0.014281980693340302,0.051258668303489685,0.10724382102489471,0.27988147735595703,-1.769051432609558,1.791054606437683,False
train,0.26693060994148254,0.0007936508045531809,0.013737337663769722,0.05139823630452156,0.1087266057729721,0.28017163276672363,-1.7180192470550537,1.7407143115997314,False
train,0.2673473656177521,0.0007936508045531809,0.013214017264544964,0.05153917893767357,0.11023560166358948,0.28383415937423706,-1.6710150241851807,1.6949492692947388,False
train,0.2677641212940216,0.003968254197388887,0.012710608541965485,0.0516832061111927,0.11177026480436325,0.2922685146331787,-1.6269303560256958,1.652974009513855,False
train,0.26818087697029114,0.004761904943734407,0.01222610380500555,0.05183228477835655,0.11332967132329941,0.3053918480873108,-1.5849039554595947,1.6140583753585815,False
test,0.26859763264656067,0.0007936508045531809,0.011759769171476364,0.05198821425437927,0.1149132251739502,0.3221379220485687,-1.5443646907806396,1.5776041746139526,False
train,0.2690143883228302,0.0015873016091063619,0.011311069130897522,0.052152153104543686,0.11652004718780518,0.34089189767837524,-1.5048751831054688,1.5430024862289429,False
train,0.26943114399909973,0.0031746032182127237,0.01087971031665802,0.05232475325465202,0.1181492954492569,0.3597754240036011,-1.4659614562988281,1.5094640254974365,False
train,0.26984789967536926,0.0031746032182127237,0.010465589351952076,0.05250542238354683,0.11980009078979492,0.37672334909439087,-1.4269318580627441,1.4758235216140747,False
train,0.2702646255493164,0.0055555556900799274,0.01006895862519741,0.0526929646730423,0.12147121131420135,0.38944289088249207,-1.386898159980774,1.4405388832092285,False
test,0.27068138122558594,0.0071428571827709675,0.009690416976809502,0.05288510397076607,0.1231619194149971,0.395594984292984,-1.3448817729949951,1.401856780052185,False
train,0.27109813690185547,0.0023809524718672037,0.009330990724265575,0.05307875573635101,0.12487102299928665,0.39312729239463806,-1.3000855445861816,1.358223557472229,False
train,0.271514892578125,0.0007936508045531809,0.008991888724267483,0.053269948810338974,0.12659746408462524,0.38087695837020874,-1.2521007061004639,1.3087488412857056,False
train,0.27193164825439453,0.0007936508045531809,0.008674442768096924,0.05345473065972328,0.12833985686302185,0.3592577576637268,-1.2010704278945923,1.2536492347717285,False
train,0.27234840393066406,0.0,0.008379730395972729,0.05362953245639801,0.13009710609912872,0.33058881759643555,-1.1476550102233887,1.1943203210830688,False
test,0.2727651596069336,0.0015873016091063619,0.008108454756438732,0.05379226803779602,0.13186803460121155,0.2991168797016144,-1.0929033756256104,1.1330969333648682,False
train,0.2731819152832031,0.0,0.007860876619815826,0.05394298955798149,0.13365106284618378,0.2703969478607178,-1.0380468368530273,1.0726861953735352,False
train,0.27359867095947266,0.0,0.007636740803718567,0.054083965718746185,0.13544507324695587,0.2502116560935974,-0.9842920303344727,1.0155967473983765,False
train,0.2740154266357422,0.0,0.007435263134539127,0.05421987920999527,0.13724827766418457,0.2433280646800995,-0.9326958060264587,0.9639139175415039,False
train,0.2744321823120117,0.0,0.007255378644913435,0.054356899112463,0.13905975222587585,0.252358078956604,-0.8841314911842346,0.9194416999816895,False
test,0.27484893798828125,0.0,0.007095631677657366,0.05450163409113884,0.14087766408920288,0.27705809473991394,-0.8393388390541077,0.8838839530944824,False
train,0.2752656936645508,0.0,0.006954343989491463,0.054660163819789886,0.14270073175430298,0.3142414391040802,-0.7990173101425171,0.858589768409729,False
train,0.2756824195384979,0.0,0.006829551886767149,0.05483653023838997,0.14452704787254333,0.3584197163581848,-0.7639193534851074,0.8438231348991394,False
train,0.27609917521476746,0.0,0.006718933116644621,0.05503232404589653,0.14635559916496277,0.40286344289779663,-0.7349032163619995,0.8380821943283081,False
train,0.276515930891037,0.0007936508045531809,0.00661986181512475,0.05524618551135063,0.14818474650382996,0.44100576639175415,-0.7128903865814209,0.8382713198661804,False
test,0.2769326865673065,0.0,0.006529274862259626,0.0554744228720665,0.15001270174980164,0.4676682949066162,-0.6987031698226929,0.8407732844352722,False
train,0.27734944224357605,0.0007936508045531809,0.006443817634135485,0.05571139231324196,0.1518380492925644,0.48014605045318604,-0.6928126215934753,0.8429291844367981,False
train,0.2777661979198456,0.0,0.0063600800931453705,0.0559513159096241,0.1536591500043869,0.478550523519516,-0.6950502395629883,0.8438634276390076,False
train,0.2781829535961151,0.0,0.00627485616132617,0.05618874728679657,0.1554746776819229,0.4655763506889343,-0.7043787240982056,0.8443403840065002,False
train,0.27859970927238464,0.0,0.006185540463775396,0.056419696658849716,0.15728282928466797,0.44561511278152466,-0.7188354730606079,0.845752477645874,False
test,0.2790164649486542,0.0,0.0060905213467776775,0.056642450392246246,0.15908223390579224,0.423566997051239,-0.735707700252533,0.8489257097244263,False
train,0.2794332206249237,0.0,0.005989427212625742,0.05685701221227646,0.16087152063846588,0.4035893678665161,-0.7519139647483826,0.8533809185028076,False
train,0.27984997630119324,0.0,0.005883105099201202,0.05706481263041496,0.16264891624450684,0.3883621394634247,-0.7644868493080139,0.8574761152267456,False
train,0.28026673197746277,0.0,0.005773596931248903,0.057268016040325165,0.1644132435321808,0.3787861168384552,-0.7710362076759338,0.8590551614761353,False
train,0.2806834876537323,0.0,0.005663762800395489,0.05746908485889435,0.16616283357143402,0.37437063455581665,-0.7700521945953369,0.8562323451042175,False
test,0.28110024333000183,0.0,0.00555685767903924,0.05766978859901428,0.16789674758911133,0.3738970160484314,-0.7609982490539551,0.8478899002075195,False
train,0.281516969203949,0.0,0.005456207320094109,0.057871442288160324,0.1696133017539978,0.37599998712539673,-0.7442399263381958,0.8338279724121094,False
train,0.2819337248802185,0.0,0.0053648254834115505,0.05807504802942276,0.17131155729293823,0.3797008991241455,-0.7208447456359863,0.8147330284118652,False
train,0.28235048055648804,0.0,0.005285145249217749,0.05828096717596054,0.1729903221130371,0.38451969623565674,-0.6923588514328003,0.7919698357582092,False
train,0.28276723623275757,0.0,0.005218921694904566,0.05848970264196396,0.17464827001094818,0.39032453298568726,-0.660602331161499,0.7672995924949646,False
test,0.2831839919090271,0.0,0.005167132709175348,0.058701712638139725,0.17628471553325653,0.3970840871334076,-0.6275005340576172,0.7425851821899414,False
train,0.28360074758529663,0.0,0.0051299273036420345,0.058917317539453506,0.17789840698242188,0.40474146604537964,-0.5949610471725464,0.7195792198181152,False
train,0.28401750326156616,0.0,0.005106696393340826,0.05913679301738739,0.17948874831199646,0.4129733741283417,-0.5647920370101929,0.6996692419052124,False
train,0.2844342589378357,0.0,0.005096110049635172,0.05936024710536003,0.18105438351631165,0.42131832242012024,-0.5386178493499756,0.683826208114624,False
train,0.2848510146141052,0.0,0.005096206907182932,0.05958770215511322,0.1825954020023346,0.4291529357433319,-0.5178024172782898,0.6725262403488159,False
test,0.28526777029037476,0.0,0.00510454922914505,0.05981874838471413,0.1841106414794922,0.435724675655365,-0.5033490061759949,0.6657448410987854,False
train,0.2856845259666443,0.0,0.005118346307426691,0.06005263328552246,0.185599684715271,0.4403361678123474,-0.495799720287323,0.6631088256835938,False
train,0.2861012816429138,0.0,0.005134718958288431,0.06028847023844719,0.18706220388412476,0.44227778911590576,-0.4951384663581848,0.663906455039978,False
train,0.28651803731918335,0.0,0.00515091884881258,0.06052492931485176,0.18849778175354004,0.4409617781639099,-0.5007296800613403,0.6672162413597107,False
train,0.2869347631931305,0.0,0.00516454316675663,0.06076052784919739,0.18990617990493774,0.4359998106956482,-0.5113317370414734,0.6719791889190674,False
test,0.2873515188694,0.0,0.005173897836357355,0.06099382042884827,0.19128753244876862,0.42738625407218933,-0.5252162218093872,0.6771345138549805,False
train,0.28776827454566956,0.0,0.005177989136427641,0.06122329458594322,0.19264143705368042,0.4156005084514618,-0.5403620600700378,0.6817000508308411,False
train,0.2881850302219391,0.0,0.005176718812435865,0.06144782155752182,0.19396840035915375,0.40164873003959656,-0.5547416806221008,0.6848796010017395,False
train,0.2886017858982086,0.0,0.005170758813619614,0.06166680157184601,0.19526824355125427,0.38696321845054626,-0.5666041374206543,0.6861346960067749,False
train,0.28901854157447815,0.0,0.005161436740309,0.06188012287020683,0.19654159247875214,0.37318795919418335,-0.5747179985046387,0.6852518320083618,False
test,0.2894352972507477,0.0,0.0051504261791706085,0.06208863854408264,0.19778843224048615,0.3617604970932007,-0.5785255432128906,0.6823213696479797,False
train,0.2898520529270172,0.0,0.005139503162354231,0.06229361891746521,0.19900956749916077,0.3536376357078552,-0.5781568884849548,0.6777351498603821,False
train,0.29026880860328674,0.0,0.005130249075591564,0.06249623000621796,0.20020551979541779,0.34904247522354126,-0.5743408203125,0.6720848083496094,False
train,0.2906855642795563,0.0,0.0051238941960036755,0.06269797682762146,0.20137722790241241,0.34761661291122437,-0.5682217478752136,0.6661180257797241,False
train,0.2911023199558258,0.0,0.005121097434312105,0.06290015578269958,0.20252501964569092,0.34863725304603577,-0.5611160397529602,0.6606051325798035,False
test,0.29151907563209534,0.0,0.005122038070112467,0.06310351192951202,0.20365010201931,0.3514755070209503,-0.5542700886726379,0.6563157439231873,False
train,0.29193583130836487,0.0,0.005126330070197582,0.06330877542495728,0.2047535479068756,0.35587140917778015,-0.5486644506454468,0.6539703011512756,False
train,0.2923525869846344,0.0,0.005133388563990593,0.06351664662361145,0.20583611726760864,0.36205801367759705,-0.5448988676071167,0.6542177200317383,False
train,0.29276931285858154,0.0,0.005142358597368002,0.06372769176959991,0.20689918100833893,0.37044015526771545,-0.5431700944900513,0.6574645638465881,False
train,0.2931860685348511,0.0,0.005152462050318718,0.06394325196743011,0.20794403553009033,0.3813669681549072,-0.5433418154716492,0.6638230681419373,False
test,0.2936028242111206,0.0,0.005162958987057209,0.06416424363851547,0.20897197723388672,0.3946816921234131,-0.5450519323348999,0.6729452013969421,False
train,0.29401957988739014,0.0,0.0051733339205384254,0.06439138948917389,0.20998449623584747,0.40955889225006104,-0.5478469133377075,0.6840136647224426,False
train,0.29443633556365967,0.0,0.005183254834264517,0.06462515890598297,0.21098284423351288,0.4246099889278412,-0.5513068437576294,0.6958684325218201,False
train,0.2948530912399292,0.0,0.005192534066736698,0.06486532092094421,0.2119688242673874,0.4381468594074249,-0.555121898651123,0.707200825214386,False
train,0.29526984691619873,0.0,0.005201105959713459,0.06511078029870987,0.212943896651268,0.44860032200813293,-0.5591252446174622,0.7168425917625427,False
test,0.29568660259246826,0.0,0.0052088787779212,0.06536001712083817,0.21390989422798157,0.454990029335022,-0.5632921457290649,0.7240952849388123,False
train,0.2961033582687378,0.0,0.005215832497924566,0.06561131030321121,0.2148684710264206,0.45718392729759216,-0.5676956176757812,0.7289001941680908,False
train,0.2965201139450073,0.0,0.0052218143828213215,0.06586311012506485,0.21582138538360596,0.455992728471756,-0.5724645256996155,0.7318777441978455,False
train,0.29693686962127686,0.0,0.0052266367711126804,0.06611431390047073,0.21677038073539734,0.45302116870880127,-0.577731192111969,0.734167218208313,False
train,0.2973536252975464,0.0,0.005230095703154802,0.06636451929807663,0.217717707157135,0.45020192861557007,-0.5836213827133179,0.7370859980583191,False
test,0.2977703809738159,0.0,0.005231887102127075,0.06661413609981537,0.21866507828235626,0.4493654668331146,-0.5902400016784668,0.741830587387085,False
train,0.29818713665008545,0.0,0.005231714807450771,0.06686440110206604,0.21961423754692078,0.45182162523269653,-0.59767085313797,0.7492350935935974,False
train,0.2986038625240326,0.0,0.005229197908192873,0.06711672246456146,0.22056730091571808,0.45799994468688965,-0.6059696674346924,0.7595809102058411,False
train,0.2990206182003021,0.0015873016091063619,0.005224004853516817,0.06737260520458221,0.22152650356292725,0.46743541955947876,-0.6151259541511536,0.7725773453712463,False
train,0.29943737387657166,0.0031746032182127237,0.0052158222533762455,0.06763316690921783,0.2224937081336975,0.47894468903541565,-0.6250134110450745,0.7874197363853455,False
test,0.2998541295528412,0.0015873016091063619,0.00520440423861146,0.06789892911911011,0.2234710156917572,0.4908015727996826,-0.6353362798690796,0.8028314709663391,False
train,0.3002708852291107,0.0071428571827709675,0.005189697723835707,0.06816980987787247,0.2244603931903839,0.5010923147201538,-0.6456043720245361,0.8172506093978882,False
train,0.30068764090538025,0.0,0.0051718829199671745,0.06844449043273926,0.22546415030956268,0.5078941583633423,-0.6551550626754761,0.8289660215377808,False
train,0.3011043965816498,0.0,0.005151423625648022,0.06872127950191498,0.22648391127586365,0.509544849395752,-0.6632556915283203,0.8363875150680542,False
train,0.3015211522579193,0.0,0.005129065830260515,0.06899779289960861,0.22752223908901215,0.504764974117279,-0.6692410707473755,0.8382549285888672,False
test,0.30193790793418884,0.0,0.0051058027893304825,0.06927116960287094,0.22858072817325592,0.49301379919052124,-0.6726544499397278,0.8339823484420776,False
train,0.3023546636104584,0.0,0.0050827213563025,0.06953853368759155,0.2296619415283203,0.4747385084629059,-0.6733458042144775,0.8238757252693176,False
train,0.3027714192867279,0.0,0.005060904659330845,0.06979770213365555,0.23076744377613068,0.4516066312789917,-0.6714898347854614,0.8092262744903564,False
train,0.30318817496299744,0.0,0.005041302647441626,0.07004690915346146,0.23189960420131683,0.4265279769897461,-0.6675201058387756,0.7921547889709473,False
train,0.30360493063926697,0.0,0.0050246319733560085,0.07028624415397644,0.23306021094322205,0.4031881093978882,-0.6620240211486816,0.775136411190033,False
test,0.3040216565132141,0.0,0.005011351779103279,0.07051723450422287,0.2342514991760254,0.3853318691253662,-0.6556313633918762,0.7604821920394897,False
train,0.30443841218948364,0.0,0.0050017074681818485,0.07074301689863205,0.2354748249053955,0.37588489055633545,-0.6489218473434448,0.7499260306358337,False
train,0.3048551678657532,0.0,0.004995663184672594,0.07096719741821289,0.23673297464847565,0.37633830308914185,-0.6423757076263428,0.7444978356361389,False
train,0.3052719235420227,0.0,0.004993121605366468,0.07119416445493698,0.23802705109119415,0.38650891184806824,-0.6363535523414612,0.7445367574691772,False
train,0.30568867921829224,0.0,0.00499381497502327,0.07142747193574905,0.23935911059379578,0.4048890173435211,-0.6310827732086182,0.7498003840446472,False
test,0.30610543489456177,0.0,0.004997410345822573,0.07167021930217743,0.24073100090026855,0.42905759811401367,-0.626677393913269,0.7594833374023438,False
train,0.3065221905708313,0.0,0.005003579892218113,0.0719243586063385,0.24214428663253784,0.456245094537735,-0.6231412291526794,0.7723112106323242,False
train,0.30693894624710083,0.0,0.005012050271034241,0.07219035178422928,0.24360108375549316,0.48359018564224243,-0.6203994154930115,0.7866097688674927,False
train,0.30735570192337036,0.0,0.005022509954869747,0.07246771454811096,0.24510250985622406,0.5083124041557312,-0.6183412075042725,0.8004544377326965,False
train,0.3077724575996399,0.0,0.005034782458096743,0.07275497913360596,0.24664995074272156,0.5276203751564026,-0.6168633699417114,0.811728835105896,False
test,0.3081892132759094,0.0,0.005048635881394148,0.07304922491312027,0.24824579060077667,0.5389131307601929,-0.6159092783927917,0.818395733833313,False
train,0.30860596895217896,0.0,0.005063897464424372,0.07334663718938828,0.24989043176174164,0.540144681930542,-0.6154868602752686,0.8188897371292114,False
train,0.3090227246284485,0.0,0.005080299451947212,0.07364283502101898,0.25158554315567017,0.5303566455841064,-0.6156812310218811,0.8126139640808105,False
train,0.309439480304718,0.0,0.005097571760416031,0.07393334805965424,0.253332257270813,0.5103251934051514,-0.6166220903396606,0.8004090189933777,False
train,0.30985620617866516,0.0,0.00511533347889781,0.07421441376209259,0.2551317512989044,0.482988178730011,-0.6184451580047607,0.7846986651420593,False
test,0.3102729618549347,0.0,0.0051331608556210995,0.07448413223028183,0.2569851279258728,0.45348113775253296,-0.6212427616119385,0.7691473960876465,False
train,0.3106897175312042,0.0,0.005150604993104935,0.07474293559789658,0.25889351963996887,0.42851004004478455,-0.6250168085098267,0.7578039765357971,False
train,0.31110647320747375,0.0,0.00516722584143281,0.07499425113201141,0.26085713505744934,0.41533398628234863,-0.629640519618988,0.7542874217033386,False
train,0.3115232288837433,0.0,0.005182717461138964,0.07524427771568298,0.26287731528282166,0.42015182971954346,-0.6348606944084167,0.761298656463623,False
train,0.3119399845600128,0.0,0.005196914542466402,0.0755014568567276,0.2649543285369873,0.4463759660720825,-0.640329122543335,0.7805593609809875,False
test,0.31235674023628235,0.0,0.005209820345044136,0.07577476650476456,0.2670885920524597,0.49312883615493774,-0.6456708312034607,0.8124449849128723,False
train,0.3127734959125519,0.0,0.005221657920628786,0.07607172429561615,0.26928040385246277,0.5544795989990234,-0.6505727767944336,0.8548055291175842,False
train,0.3131902515888214,0.0,0.005232745315879583,0.07639624178409576,0.27153003215789795,0.6198222041130066,-0.6548528075218201,0.9016716480255127,False
train,0.31360700726509094,0.0,0.005243444815278053,0.07674726098775864,0.2738374173641205,0.6757269501686096,-0.6584922671318054,0.9435141682624817,False
train,0.3140237629413605,0.0,0.005254076328128576,0.07711812108755112,0.27620255947113037,0.7090123295783997,-0.6616004109382629,0.9697492718696594,False
test,0.31444051861763,0.0,0.005264942534267902,0.07749731838703156,0.27862459421157837,0.7101860642433167,-0.6643485426902771,0.9724830389022827,False
train,0.31485727429389954,0.0,0.005276101641356945,0.07787048816680908,0.28110384941101074,0.676403284072876,-0.6668927669525146,0.9498775601387024,False
train,0.31527402997016907,0.0,0.005287596490234137,0.07822385430335999,0.28363922238349915,0.6126795411109924,-0.669341504573822,0.907410740852356,False
train,0.3156907558441162,0.0,0.005299340467900038,0.078547403216362,0.28623002767562866,0.5312075614929199,-0.671747624874115,0.856403112411499,False
train,0.31610751152038574,0.0,0.005311236251145601,0.0788370668888092,0.2888747453689575,0.44831398129463196,-0.6741566061973572,0.8096125721931458,False
test,0.3165242671966553,0.0,0.005323133897036314,0.07909589260816574,0.2915727198123932,0.38086941838264465,-0.676630973815918,0.7764605283737183,False
train,0.3169410228729248,0.0,0.005334913264960051,0.07933324575424194,0.29432204365730286,0.34224969148635864,-0.6792877912521362,0.7606357336044312,False
train,0.31735777854919434,0.0,0.0053463527001440525,0.07956290990114212,0.2971220314502716,0.33963650465011597,-0.6823099255561829,0.7621678709983826,False
train,0.31777453422546387,0.0,0.0053572943434119225,0.07980002462863922,0.2999691963195801,0.3726472854614258,-0.6859358549118042,0.7806240916252136,False
train,0.3181912899017334,0.0,0.00536747183650732,0.08005838096141815,0.30286258459091187,0.4338589906692505,-0.690448522567749,0.8154463768005371,False
test,0.31860804557800293,0.0,0.0053765615448355675,0.08034705370664597,0.3057991862297058,0.5107406973838806,-0.6961222290992737,0.8633899688720703,False
train,0.31902480125427246,0.0,0.005384127609431744,0.08066947013139725,0.30877694487571716,0.5884108543395996,-0.7031762599945068,0.9168882966041565,False
train,0.319441556930542,0.0,0.005389735102653503,0.08102315664291382,0.3117927312850952,0.6528685092926025,-0.7117034792900085,0.965794563293457,False
train,0.3198583126068115,0.0,0.005392883904278278,0.08140008896589279,0.3148432970046997,0.6936877965927124,-0.7216113209724426,1.0009623765945435,False
train,0.32027506828308105,0.0,0.005393096245825291,0.08178927004337311,0.3179253339767456,0.7059228420257568,-0.7325814366340637,1.0173507928848267,False
test,0.3206918239593506,0.0,0.005390091333538294,0.08217883855104446,0.3210354447364807,0.6906384229660034,-0.7440762519836426,1.015199899673462,False
train,0.32110854983329773,0.0,0.0053837536834180355,0.08255846053361893,0.32416921854019165,0.6541751623153687,-0.755378246307373,0.9992704391479492,False
train,0.32152530550956726,0.0,0.005374298896640539,0.08292123675346375,0.3273228108882904,0.6061686277389526,-0.7656790614128113,0.9765781164169312,False
train,0.3219420611858368,0.0,0.005362257361412048,0.0832645446062088,0.33049193024635315,0.5573389530181885,-0.7741755843162537,0.9539258480072021,False
train,0.3223588168621063,0.0,0.005348425358533859,0.08359038084745407,0.3336713910102844,0.5171621441841125,-0.7801841497421265,0.9360256195068359,False
test,0.32277557253837585,0.0,0.005333908833563328,0.08390343189239502,0.3368570804595947,0.49220070242881775,-0.7832162380218506,0.9250347018241882,False
train,0.3231923282146454,0.0,0.005319993477314711,0.0842110812664032,0.3400427997112274,0.485502690076828,-0.7830575704574585,0.9213533401489258,False
train,0.3236090838909149,0.0,0.005307933781296015,0.08452114462852478,0.3432232737541199,0.49682676792144775,-0.7797947525978088,0.9246170520782471,False
train,0.32402583956718445,0.0,0.005299047566950321,0.08484026789665222,0.3463931679725647,0.5233575701713562,-0.7738321423530579,0.9341944456100464,False
train,0.324442595243454,0.0,0.005294319707900286,0.08517395704984665,0.3495466411113739,0.5605839490890503,-0.7658905982971191,0.9491273760795593,False
test,0.3248593509197235,0.0,0.005294430535286665,0.08552572131156921,0.35267674922943115,0.6029444336891174,-0.756966769695282,0.9677503705024719,False
train,0.32527610659599304,0.0,0.0052996049635112286,0.08589623868465424,0.3557770550251007,0.6442349553108215,-0.7482545375823975,0.9873821139335632,False
train,0.3256928622722626,0.0,0.005309602711349726,0.08628378808498383,0.35884127020835876,0.6780244708061218,-0.7410178184509277,1.0044026374816895,False
train,0.3261096179485321,0.0,0.005323544144630432,0.0866837352514267,0.3618629276752472,0.698438286781311,-0.7364137172698975,1.014948844909668,False
train,0.32652637362480164,0.0,0.005340246483683586,0.08708982914686203,0.3648340106010437,0.7013220191001892,-0.7352819442749023,1.0161162614822388,False
test,0.3269430994987488,0.0,0.005358112044632435,0.08749416470527649,0.3677476942539215,0.68546462059021,-0.7379451990127563,1.0071865320205688,False
train,0.3273598551750183,0.0,0.005375633481889963,0.08788962662220001,0.3705964982509613,0.6534990072250366,-0.7440808415412903,0.9903116822242737,False
train,0.32777661085128784,0.0,0.005391491111367941,0.08827027678489685,0.37337300181388855,0.6117978096008301,-0.7527042031288147,0.969979465007782,False
train,0.3281933665275574,0.0,0.005404896568506956,0.0886339619755745,0.376070111989975,0.5690421462059021,-0.7623105049133301,0.9512761235237122,False
train,0.3286101222038269,0.0,0.005415710620582104,0.08898221701383591,0.3786788880825043,0.5343389511108398,-0.7711095213890076,0.9381513595581055,False
test,0.32902687788009644,0.0,0.0054246182553470135,0.08931982517242432,0.38119226694107056,0.5147067904472351,-0.7773309946060181,0.9322909712791443,False
train,0.32944363355636597,0.0,0.005432993173599243,0.08965401351451874,0.3836020529270172,0.5138256549835205,-0.7794885039329529,0.933605432510376,False
train,0.3298603892326355,0.0,0.005442781373858452,0.08999259024858475,0.38590121269226074,0.5313426852226257,-0.7765605449676514,0.9409417510032654,False
train,0.33027714490890503,0.0,0.005456215236335993,0.09034253656864166,0.3880807161331177,0.5636115074157715,-0.768045961856842,0.9526554942131042,False
train,0.33069390058517456,0.0,0.0054757255129516125,0.09070870280265808,0.39013317227363586,0.6048222780227661,-0.7539193630218506,0.9665424823760986,False
test,0.3311106562614441,0.0,0.005503613501787186,0.09109339118003845,0.3920512795448303,0.6483954191207886,-0.7345211505889893,0.9797642230987549,False
train,0.3315274119377136,0.0,0.005542045459151268,0.09149617701768875,0.39382728934288025,0.6880200505256653,-0.710425078868866,0.9889769554138184,False
train,0.33194416761398315,0.0,0.005592912435531616,0.09191432595252991,0.3954533040523529,0.7185781002044678,-0.6823318600654602,0.9909244775772095,False
train,0.3323609232902527,0.0,0.005657714791595936,0.09234306961297989,0.3969219923019409,0.7365419864654541,-0.6510081887245178,0.9830085635185242,False
train,0.33277764916419983,0.0,0.005737679544836283,0.092776820063591,0.3982265591621399,0.7405546307563782,-0.6172499656677246,0.9640636444091797,False
test,0.33319440484046936,0.0,0.005833643488585949,0.09320975840091705,0.399360328912735,0.7316553592681885,-0.5818763375282288,0.9348260164260864,False
train,0.3336111605167389,0.0,0.0059460727497935295,0.09363724291324615,0.4003167450428009,0.7132402062416077,-0.5457545518875122,0.8980866074562073,False
train,0.3340279161930084,0.0007936508045531809,0.00607505114749074,0.09405598789453506,0.4010884165763855,0.690589189529419,-0.5097925662994385,0.8583716154098511,False
train,0.33444467186927795,0.0,0.006220260169357061,0.09446560591459274,0.4016704559326172,0.6697065234184265,-0.4749428629875183,0.8210222721099854,False
train,0.3348614275455475,0.0,0.006380995269864798,0.09486780315637589,0.40205761790275574,0.6557186841964722,-0.44217807054519653,0.7908782362937927,False
test,0.335278183221817,0.0,0.00655615096911788,0.09526604413986206,0.4022435247898102,0.6512312889099121,-0.4124479293823242,0.7708537578582764,False
train,0.33569493889808655,0.0,0.006744266953319311,0.09566427022218704,0.40222403407096863,0.6557530760765076,-0.3865925073623657,0.7612265348434448,False
train,0.3361116945743561,0.0,0.006943599320948124,0.09606550633907318,0.40199515223503113,0.6657763719558716,-0.36522984504699707,0.7593753933906555,False
train,0.3365284502506256,0.0,0.00715216901153326,0.09647081047296524,0.401553213596344,0.6766024827957153,-0.3486034870147705,0.7611276507377625,False
train,0.33694520592689514,0.0,0.007368090096861124,0.09687964618206024,0.4008941948413849,0.6842871308326721,-0.3364529609680176,0.7625283002853394,False
test,0.3373619616031647,0.0,0.007589640095829964,0.09729042649269104,0.400015652179718,0.6877162456512451,-0.32791668176651,0.7618943452835083,False
train,0.3377787172794342,0.0,0.007815576158463955,0.09770140051841736,0.39891576766967773,0.6889860033988953,-0.32155728340148926,0.7603294253349304,False
train,0.33819544315338135,0.0,0.00804540142416954,0.09811240434646606,0.3975932002067566,0.6925622224807739,-0.3154679536819458,0.7610272765159607,False
train,0.3386121988296509,0.0,0.008279436267912388,0.09852556884288788,0.3960467576980591,0.7031669020652771,-0.30750375986099243,0.767464816570282,False
train,0.3390289545059204,0.0,0.008518927730619907,0.09894426167011261,0.39427581429481506,0.7236843109130859,-0.29550254344940186,0.7816909551620483,False
test,0.33944571018218994,0.0,0.008766010403633118,0.09937264025211334,0.3922812044620514,0.7537860870361328,-0.2775077223777771,0.8032459020614624,False
train,0.3398624658584595,0.0,0.009023556485772133,0.09981387853622437,0.3900635540485382,0.7899447083473206,-0.2519127130508423,0.8291397094726562,False
train,0.340279221534729,0.0,0.009295006282627583,0.10026925057172775,0.38762524724006653,0.8262413144111633,-0.21757662296295166,0.8544087409973145,False
train,0.34069597721099854,0.0,0.009584237821400166,0.1007373258471489,0.38496753573417664,0.8559557199478149,-0.17384886741638184,0.8734320998191833,False
train,0.34111273288726807,0.0,0.009895212016999722,0.10121402889490128,0.3820938766002655,0.8727902173995972,-0.12060266733169556,0.8810833096504211,False
test,0.3415294885635376,0.0,0.010231818072497845,0.10169263929128647,0.37900805473327637,0.8720201253890991,-0.058190762996673584,0.873959481716156,False
train,0.34194624423980713,0.0,0.010597744025290012,0.10216528922319412,0.37571442127227783,0.8513177633285522,0.012609243392944336,0.8514111042022705,False
train,0.34236299991607666,0.0,0.01099616102874279,0.10262366384267807,0.3722173571586609,0.8114083409309387,0.09065413475036621,0.8164567947387695,False
train,0.3427797555923462,0.0,0.011429699137806892,0.10306039452552795,0.368522971868515,0.7565837502479553,0.17450648546218872,0.7764480113983154,False
train,0.3431965112686157,0.0,0.011900309473276138,0.10347048193216324,0.36463692784309387,0.694696307182312,0.26253753900527954,0.7426499128341675,False
test,0.34361326694488525,0.0,0.012409293092787266,0.10385368764400482,0.3605664372444153,0.6363948583602905,0.3531237244606018,0.7278013229370117,False
train,0.3440299928188324,0.0,0.012957265600562096,0.10421314835548401,0.3563186228275299,0.5932060480117798,0.4449429512023926,0.7415305972099304,False
train,0.34444674849510193,0.0,0.013544493354856968,0.10455770045518875,0.3519008755683899,0.5750179886817932,0.5373530387878418,0.7870158553123474,False
train,0.34486350417137146,0.0,0.014171184040606022,0.10489864647388458,0.3473219573497772,0.586709201335907,0.63071608543396,0.8614119291305542,False
train,0.345280259847641,0.0,0.014837897382676601,0.10524857044219971,0.3425907492637634,0.6261818408966064,0.7264413237571716,0.9590728282928467,False
test,0.3456970155239105,0.0,0.0155462846159935,0.1056169643998146,0.3377157747745514,0.6835420727729797,0.8268320560455322,1.0727912187576294,False
train,0.34611377120018005,0.0,0.016298644244670868,0.10600780695676804,0.3327074646949768,0.7430895566940308,0.9344288110733032,1.1938756704330444,False
train,0.3465305268764496,0.0,0.01709866337478161,0.1064189225435257,0.32757508754730225,0.7872800230979919,1.0514116287231445,1.3134976625442505,False
train,0.3469472825527191,0.0,0.017950452864170074,0.10684015601873398,0.3223292827606201,0.8016966581344604,1.178892731666565,1.4256596565246582,False
train,0.34736403822898865,0.0,0.018858350813388824,0.10725758224725723,0.31698086857795715,0.7799824476242065,1.316450595855713,1.5301681756973267,False
test,0.3477807939052582,0.0,0.019826093688607216,0.10765638947486877,0.3115396201610565,0.7262335419654846,1.4620031118392944,1.6324424743652344,False
train,0.3481975495815277,0.0,0.020856238901615143,0.1080259457230568,0.30601733922958374,0.6544525623321533,1.6120376586914062,1.7398200035095215,False
train,0.34861430525779724,0.0,0.021949507296085358,0.1083628460764885,0.30042412877082825,0.5841234922409058,1.7623186111450195,1.8566009998321533,False
train,0.3490310609340668,0.0,0.023104973137378693,0.10867152363061905,0.29477182030677795,0.5341363549232483,1.9089479446411133,1.9822673797607422,False
train,0.3494477868080139,0.0,0.024320505559444427,0.10896340757608414,0.289071649312973,0.5164899826049805,2.049522876739502,2.113600254058838,False
test,0.34986454248428345,0.0,0.025593334808945656,0.10925253480672836,0.28333330154418945,0.532787561416626,2.1838693618774414,2.2479207515716553,False
train,0.350281298160553,0.0,0.026921190321445465,0.10955171287059784,0.2775684595108032,0.5744473934173584,2.3142404556274414,2.3844704627990723,False
train,0.3506980538368225,0.0,0.028303291648626328,0.10986842215061188,0.2717880606651306,0.6262516975402832,2.444578170776367,2.5235202312469482,False
train,0.35111480951309204,0.0,0.029740503057837486,0.11020343750715256,0.2660021185874939,0.6718095541000366,2.579169988632202,2.665229082107544,False
train,0.3515315651893616,0.0,0.03123531863093376,0.11055123060941696,0.2602218985557556,0.6984526515007019,2.721348762512207,2.8095507621765137,False
test,0.3519483208656311,0.0,0.0327913761138916,0.11090243607759476,0.2544567883014679,0.7002415657043457,2.872567653656006,2.9566845893859863,False
train,0.35236507654190063,0.0,0.03441216051578522,0.1112467423081398,0.24871695041656494,0.678727388381958,3.0322844982147217,3.1073169708251953,False
train,0.35278183221817017,0.0007936508045531809,0.03610081970691681,0.11157599091529846,0.2430116832256317,0.6413539052009583,3.198451042175293,3.2621195316314697,False
train,0.3531985878944397,0.0031746032182127237,0.03785942494869232,0.1118856742978096,0.2373502105474472,0.5987758040428162,3.3686275482177734,3.4214301109313965,False
train,0.35361534357070923,0.0007936508045531809,0.03968905285000801,0.11217574030160904,0.23174113035202026,0.5615883469581604,3.5409393310546875,3.5851962566375732,False
test,0.35403209924697876,0.0007936508045531809,0.041590385138988495,0.11245077103376389,0.2261929214000702,0.537641704082489,3.7151236534118652,3.7538251876831055,False
train,0.3544488549232483,0.004761904943734407,0.04356439411640167,0.11271663010120392,0.22071325778961182,0.5300854444503784,3.893263578414917,3.929184675216675,False
train,0.3548656105995178,0.0,0.04561345651745796,0.11298009008169174,0.2153095304965973,0.5369182825088501,4.080157279968262,4.115333080291748,False
train,0.35528233647346497,0.0,0.04774264991283417,0.1132459044456482,0.20998939871788025,0.5519048571586609,4.283163070678711,4.31857442855835,False
train,0.3556990921497345,0.0007936508045531809,0.04996063560247421,0.11351599544286728,0.204757958650589,0.5667139291763306,4.511148929595947,4.546606540679932,False
test,0.35611584782600403,0.0,0.05227941274642944,0.11378854513168335,0.1996220499277115,0.5736536979675293,4.772180557250977,4.806535720825195,False
train,0.35653260350227356,0.007936508394777775,0.05471375212073326,0.11405929923057556,0.1945868581533432,0.5679969787597656,5.070548057556152,5.102262020111084,False
train,0.3569493591785431,0.0,0.057278845459222794,0.11432261765003204,0.1896573007106781,0.5491606593132019,5.403834819793701,5.431667327880859,False
train,0.3573661148548126,0.0007936508045531809,0.05998712405562401,0.11457385122776031,0.18483829498291016,0.520316481590271,5.761859893798828,5.785305500030518,False
train,0.35778287053108215,0.0015873016091063619,0.06284578889608383,0.11480943113565445,0.1801331788301468,0.4863380193710327,6.129075050354004,6.148340225219727,False
test,0.3581996262073517,0.0,0.06585493683815002,0.11502879112958908,0.17554596066474915,0.45127061009407043,6.489741325378418,6.5054121017456055,False
train,0.3586163818836212,0.0,0.06900939345359802,0.11523155122995377,0.17107954621315002,0.4164164960384369,6.834776878356934,6.847450256347656,False
train,0.35903313755989075,0.0,0.07230279594659805,0.11541739106178284,0.16673652827739716,0.38003087043762207,7.166953086853027,7.177021503448486,False
train,0.3594498932361603,0.0,0.07573215663433075,0.11558561027050018,0.16251936554908752,0.3388563394546509,7.501373291015625,7.5090227127075195,False
train,0.3598666489124298,0.0007936508045531809,0.0793030634522438,0.11573323607444763,0.15842948853969574,0.29060110449790955,7.860830783843994,7.8662004470825195,False
test,0.36028340458869934,0.0,0.08303005248308182,0.11585766077041626,0.15446875989437103,0.2360880970954895,8.267335891723633,8.270706176757812,False
train,0.36070016026496887,0.0,0.08693618327379227,0.11595708131790161,0.1506378948688507,0.17994673550128937,8.733253479003906,8.735107421875,False
train,0.361116886138916,0.0,0.09104504436254501,0.11603248119354248,0.14693790674209595,0.12933211028575897,9.25497055053711,9.255873680114746,False
train,0.36153364181518555,0.0,0.09537658840417862,0.1160876527428627,0.1433689445257187,0.09117691218852997,9.812240600585938,9.812664031982422,False
train,0.3619503974914551,0.0,0.09993894398212433,0.11612872779369354,0.13993105292320251,0.0694812536239624,10.372150421142578,10.372383117675781,False
test,0.3623671531677246,0.0,0.10472483187913895,0.1161627545952797,0.13662442564964294,0.06343329697847366,10.897480010986328,10.897665023803711,False
train,0.36278390884399414,0.0,0.10971271246671677,0.11619526147842407,0.13344846665859222,0.06758926063776016,11.357919692993164,11.35811996459961,False
train,0.36320066452026367,0.0,0.11487246304750443,0.11622895300388336,0.1304025650024414,0.07321280241012573,11.742181777954102,11.742409706115723,False
train,0.3636174201965332,0.0,0.1201748326420784,0.11626222729682922,0.12748625874519348,0.07082930207252502,12.068668365478516,12.068876266479492,False
train,0.36403417587280273,0.0,0.12560546398162842,0.11629023402929306,0.12469838559627533,0.05234493315219879,12.391145706176758,12.391256332397461,False
test,0.36445093154907227,0.0,0.13117974996566772,0.11630494892597198,0.12203793972730637,0.012559600174427032,12.79564380645752,12.795649528503418,False
train,0.3648676872253418,0.0,0.13695241510868073,0.11629734933376312,0.11950363963842392,-0.05018714815378189,13.383950233459473,13.384044647216797,False
train,0.36528444290161133,0.0023809524718672037,0.14301984012126923,0.11625804752111435,0.1170945018529892,-0.1338755488395691,14.245359420776367,14.245988845825195,False
train,0.36570119857788086,0.0007936508045531809,0.14950618147850037,0.11617952585220337,0.11480864882469177,-0.2331063598394394,15.420735359191895,15.422496795654297,False
train,0.3661179542541504,0.0,0.15653596818447113,0.11605682969093323,0.1126452386379242,-0.3397753834724426,16.869632720947266,16.87305450439453,False
test,0.36653468012809753,0.0,0.16419664025306702,0.11588919907808304,0.11060298979282379,-0.44420480728149414,18.45038414001465,18.455730438232422,False
train,0.36695143580436707,0.0,0.1724962443113327,0.11567909270524979,0.10867996513843536,-0.5367132425308228,19.92100715637207,19.92823600769043,False
train,0.3673681914806366,0.0,0.18132388591766357,0.11543383449316025,0.1068749949336052,-0.6095504760742188,20.96678924560547,20.975648880004883,True
train,0.36778494715690613,0.0007936508045531809,0.19043226540088654,0.1151624545454979,0.10518662631511688,-0.6588226556777954,21.25674057006836,21.266948699951172,True
train,0.36820170283317566,0.0023809524718672037,0.19944679737091064,0.11487482488155365,0.1036137267947197,-0.6857213973999023,20.52512550354004,20.536577224731445,False
test,0.3686184585094452,0.06507936865091324,0.20791205763816833,0.11457903683185577,0.1021551564335823,-0.6969269514083862,18.65934944152832,18.672359466552734,False
train,0.3690352141857147,0.40317460894584656,0.21536903083324432,0.1142796128988266,0.10080952197313309,-0.7029843926429749,15.760004043579102,15.775674819946289,False
train,0.36945196986198425,0.5563492178916931,0.22144660353660583,0.11397615820169449,0.09957588464021683,-0.7155563235282898,12.140264511108398,12.161334037780762,False
train,0.3698687255382538,0.5579364895820618,0.22593723237514496,0.11366431415081024,0.09845320880413055,-0.7439056038856506,8.249974250793457,8.283445358276367,False
train,0.3702854812145233,0.46269840002059937,0.22882726788520813,0.11333609372377396,0.09744072705507278,-0.7920380234718323,4.550704002380371,4.619115829467773,False
test,0.37070223689079285,0.5563492178916931,0.23027516901493073,0.112983837723732,0.09653787314891815,-0.8572638630867004,1.38740074634552,1.630883812904358,False
train,0.3711189925670624,0.4436507821083069,0.23054400086402893,0.112602099776268,0.09574376046657562,-0.9304093718528748,-1.0947178602218628,1.4366867542266846,False
train,0.3715357482433319,0.08015873283147812,0.22990988194942474,0.11219058930873871,0.09505844116210938,-0.997531533241272,-2.9650044441223145,3.128309488296509,False
train,0.37195250391960144,0.0674603208899498,0.22858481109142303,0.1117548793554306,0.09448155015707016,-1.043246865272522,-4.455041408538818,4.575560569763184,False
train,0.3723692297935486,0.12619048357009888,0.22666487097740173,0.11130701750516891,0.09401319175958633,-1.0545976161956787,-5.866164207458496,5.960206508636475,False
test,0.3727859854698181,0.28015872836112976,0.22412580251693726,0.11086266487836838,0.09365331381559372,-1.0246881246566772,-7.466072082519531,7.5360612869262695,False
train,0.37320274114608765,0.48968252539634705,0.22085317969322205,0.11043962836265564,0.09340224415063858,-0.9549516439437866,-9.405338287353516,9.453693389892578,False
train,0.3736194968223572,0.49841269850730896,0.21670092642307281,0.11005249619483948,0.09326102584600449,-0.854377269744873,-11.676614761352539,11.707830429077148,False
train,0.3740362524986267,0.45079365372657776,0.21156075596809387,0.1097114086151123,0.0932302325963974,-0.7368580102920532,-14.124885559082031,14.144092559814453,False
train,0.37445300817489624,0.3849206268787384,0.20540912449359894,0.10942046344280243,0.09331093728542328,-0.6169387698173523,-16.500877380371094,16.512407302856445,False
test,0.37486976385116577,0.0396825410425663,0.19833393394947052,0.10917817056179047,0.09350456297397614,-0.506345808506012,-18.5353946685791,18.542308807373047,False
train,0.3752865195274353,0.0023809524718672037,0.19052743911743164,0.10897884517908096,0.09381251782178879,-0.4118100702762604,-20.009695053100586,20.013933181762695,False
train,0.37570327520370483,0.003968254197388887,0.1822524070739746,0.10881557315587997,0.09423688054084778,-0.3347863554954529,-20.80113410949707,20.803829193115234,False
train,0.37612003087997437,0.003968254197388887,0.17380009591579437,0.10868122428655624,0.09477967768907547,-0.2726731598377228,-20.897764205932617,20.89954376220703,False
train,0.3765367865562439,0.0,0.16544564068317413,0.10857091844081879,0.09544318914413452,-0.22033575177192688,-20.38495635986328,20.386146545410156,False
test,0.3769535422325134,0.0,0.15741264820098877,0.1084817498922348,0.0962304100394249,-0.1719815731048584,-19.414813995361328,19.41557502746582,False
train,0.37737029790878296,0.0,0.14985406398773193,0.10841326415538788,0.09714433550834656,-0.12272155284881592,-18.171030044555664,18.171445846557617,False
train,0.3777870535850525,0.0,0.14284496009349823,0.10836630314588547,0.09818816930055618,-0.06949329376220703,-16.83470344543457,16.83484649658203,False
train,0.37820377945899963,0.0,0.13639049232006073,0.10834331810474396,0.09936580806970596,-0.011499486863613129,-15.558636665344238,15.55864143371582,False
train,0.37862053513526917,0.0,0.1304408609867096,0.10834550112485886,0.10068083554506302,0.049978457391262054,-14.450201034545898,14.450287818908691,False
test,0.3790372908115387,0.0,0.12491250038146973,0.10837429016828537,0.10213825851678848,0.11264050751924515,-13.56469440460205,13.565162658691406,False
train,0.3794540464878082,0.0,0.11970933526754379,0.10842976719141006,0.1037425622344017,0.1741192638874054,-12.907773971557617,12.908947944641113,False
train,0.37987080216407776,0.0,0.11474249511957169,0.1085110604763031,0.10549873113632202,0.23284974694252014,-12.445513725280762,12.447691917419434,False
train,0.3802875578403473,0.0,0.10994207113981247,0.10861661285161972,0.10741230845451355,0.2882789671421051,-12.119298934936523,12.122727394104004,False
train,0.3807043135166168,0.0,0.10526525974273682,0.10874547064304352,0.10948929935693741,0.3405168652534485,-11.862218856811523,11.867105484008789,False
test,0.38112106919288635,0.0,0.10069651901721954,0.10889622569084167,0.11173579841852188,0.38935601711273193,-11.613092422485352,11.619617462158203,False
train,0.3815378248691559,0.0,0.09624259173870087,0.10906754434108734,0.11415842175483704,0.43375128507614136,-11.326982498168945,11.335284233093262,False
train,0.3819545805454254,0.0,0.09192454069852829,0.10925682634115219,0.11676429212093353,0.4717637896537781,-10.980406761169434,10.9905366897583,False
train,0.38237133622169495,0.0,0.08776834607124329,0.10946134477853775,0.1195610761642456,0.5010776519775391,-10.572101593017578,10.583969116210938,False
train,0.3827880918979645,0.0,0.08379662036895752,0.10967715084552765,0.12255629897117615,0.5199177265167236,-10.118914604187012,10.13226318359375,False
test,0.383204847574234,0.0,0.08002251386642456,0.10989968478679657,0.12575837969779968,0.527885377407074,-9.648345947265625,9.662775993347168,False
train,0.38362157344818115,0.0,0.07644728571176529,0.11012469977140427,0.1291755884885788,0.5262202024459839,-9.189250946044922,9.204305648803711,False
train,0.3840383291244507,0.0,0.07306061685085297,0.11034893989562988,0.13281717896461487,0.5176860690116882,-8.762999534606934,8.778277397155762,False
train,0.3844550848007202,0.0,0.06984643638134003,0.11057017743587494,0.13669262826442719,0.5061405301094055,-8.379020690917969,8.394293785095215,False
train,0.38487184047698975,0.0,0.06678742915391922,0.11078847199678421,0.140811488032341,0.49662911891937256,-8.034761428833008,8.050095558166504,False
test,0.3852885961532593,0.0,0.06386828422546387,0.11100577563047409,0.14518384635448456,0.4955844283103943,-7.720714569091797,7.736603736877441,False
train,0.3857053518295288,0.0,0.061078935861587524,0.11122788488864899,0.14981967210769653,0.5107634663581848,-7.427061080932617,7.444602966308594,False
train,0.38612210750579834,0.0,0.058411844074726105,0.11146283149719238,0.1547299176454544,0.5501385927200317,-7.148380756378174,7.169518947601318,False
train,0.38653886318206787,0.0,0.055860914289951324,0.1117221936583519,0.15992505848407745,0.6192798018455505,-6.884274005889893,6.912071704864502,False
train,0.3869556188583374,0.0,0.05342007428407669,0.11201871186494827,0.1654157042503357,0.7181344628334045,-6.636579990386963,6.675321102142334,False
test,0.38737237453460693,0.0,0.051082052290439606,0.11236367374658585,0.17121359705924988,0.8380310535430908,-6.405251502990723,6.459840774536133,False
train,0.38778913021087646,0.0,0.048840995877981186,0.11276233941316605,0.17732901871204376,0.961880087852478,-6.186318874359131,6.260651111602783,False
train,0.388205885887146,0.0,0.04669323191046715,0.11321201175451279,0.1837736964225769,1.067489743232727,-5.972872734069824,6.0675153732299805,False
train,0.3886226415634155,0.0,0.044638097286224365,0.11370084434747696,0.1905578076839447,1.133954644203186,-5.758267402648926,5.868858337402344,False
train,0.38903939723968506,0.0,0.04267680644989014,0.11420951038599014,0.1976923644542694,1.148788332939148,-5.5394439697265625,5.657309532165527,False
test,0.3894561231136322,0.0,0.0408109687268734,0.11471617221832275,0.20518715679645538,1.11268150806427,-5.31828498840332,5.433434963226318,False
train,0.38987287878990173,0.0,0.03904017060995102,0.11520245671272278,0.2130531370639801,1.0399342775344849,-5.1003923416137695,5.2053303718566895,False
train,0.39028963446617126,0.0,0.03736155107617378,0.11565797030925751,0.2212994545698166,0.9544042944908142,-4.8922295570373535,4.984455585479736,False
train,0.3907063901424408,0.0,0.03576986864209175,0.11608318984508514,0.2299347072839737,0.8824188709259033,-4.698189735412598,4.780340194702148,False
train,0.3911231458187103,0.0,0.03425879403948784,0.11648866534233093,0.23896647989749908,0.8456742167472839,-4.518815040588379,4.597265720367432,False
test,0.39153990149497986,0.0,0.032822784036397934,0.11689187586307526,0.24840271472930908,0.8557536602020264,-4.3506999015808105,4.4340620040893555,False
train,0.3919566571712494,0.0,0.03145819157361984,0.1173131987452507,0.25824859738349915,0.9127035140991211,-4.187798500061035,4.28610372543335,False
train,0.3923734128475189,0.0,0.030164381489157677,0.11777034401893616,0.26850929856300354,1.0061118602752686,-4.023385047912598,4.147274971008301,False
train,0.39279016852378845,0.0,0.0289432592689991,0.11827545613050461,0.279188334941864,1.1191134452819824,-3.8520636558532715,4.0113348960876465,False
train,0.393206924200058,0.0,0.027798444032669067,0.11883243918418884,0.2902876138687134,1.2325754165649414,-3.6710171699523926,3.8724164962768555,False
test,0.3936236798763275,0.0,0.026734353974461555,0.11943818628787994,0.3018077313899994,1.329384207725525,-3.480593204498291,3.72582745552063,False
train,0.39404043555259705,0.0,0.02575421705842018,0.12008346617221832,0.31374669075012207,1.3972954750061035,-3.2839572429656982,3.568866729736328,False
train,0.3944571912288666,0.0,0.02485969290137291,0.1207544356584549,0.32610103487968445,1.4304771423339844,-3.08638334274292,3.401768207550049,False
train,0.3948739469051361,0.0,0.024049926549196243,0.12143692374229431,0.3388654589653015,1.4295085668563843,-2.8941709995269775,3.227959156036377,False
train,0.39529067277908325,0.0,0.023321328684687614,0.12211795896291733,0.35203149914741516,1.4003150463104248,-2.713486433029175,3.053504705429077,False
test,0.3957074284553528,0.0,0.02266780100762844,0.12278799712657928,0.3655911982059479,1.3525822162628174,-2.5494308471679688,2.8860137462615967,False
train,0.3961241841316223,0.0,0.02208160050213337,0.12344153970479965,0.37953051924705505,1.2977913618087769,-2.4053127765655518,2.7330920696258545,False
train,0.39654093980789185,0.0,0.02155393734574318,0.12407847493886948,0.3938353359699249,1.2474124431610107,-2.2822067737579346,2.6008663177490234,False
train,0.3969576954841614,0.0,0.021076232194900513,0.12470263987779617,0.408488005399704,1.2109960317611694,-2.178809642791748,2.492733955383301,False
train,0.3973744511604309,0.0,0.02064076066017151,0.12532177567481995,0.4234692454338074,1.1951799392700195,-2.091801166534424,2.409167528152466,False
test,0.39779120683670044,0.0,0.02024165727198124,0.12594512104988098,0.4387545585632324,1.2024987936019897,-2.016387701034546,2.347727060317993,False
train,0.39820796251296997,0.0,0.019875191152095795,0.1265823394060135,0.45432183146476746,1.231402039527893,-1.9471452236175537,2.3038501739501953,False
train,0.3986247181892395,0.0,0.019539956003427505,0.12724140286445618,0.4701416790485382,1.2764021158218384,-1.8788278102874756,2.2713863849639893,False
train,0.39904147386550903,0.0,0.019236594438552856,0.12792742252349854,0.4861840307712555,1.329226016998291,-1.8071106672286987,2.243321418762207,False
train,0.39945822954177856,0.0,0.018967246636748314,0.1286420375108719,0.5024166107177734,1.380528211593628,-1.7290349006652832,2.212559700012207,False
test,0.3998749852180481,0.0015873016091063619,0.018734991550445557,0.12938253581523895,0.5188050270080566,1.42171311378479,-1.643296718597412,2.172945499420166,False
train,0.4002917408943176,0.009523809887468815,0.018543021753430367,0.13014356791973114,0.5353122353553772,1.4467880725860596,-1.5502240657806396,2.120469331741333,False
train,0.40070846676826477,0.0,0.018394123762845993,0.1309177279472351,0.5518985390663147,1.453580379486084,-1.4516632556915283,2.0543179512023926,False
train,0.4011252224445343,0.012698412872850895,0.018289977684617043,0.13169777393341064,0.5685237646102905,1.4438501596450806,-1.3506889343261719,1.9771353006362915,False
train,0.40154197812080383,0.0,0.018230706453323364,0.1324775665998459,0.5851466059684753,1.4224661588668823,-1.2513067722320557,1.8945127725601196,False
test,0.40195873379707336,0.0,0.018214721232652664,0.13325370848178864,0.6017216444015503,1.3954429626464844,-1.1581597328186035,1.813448429107666,False
train,0.4023754894733429,0.01984127052128315,0.018238291144371033,0.13402493298053741,0.6182044148445129,1.3683269023895264,-1.0760624408721924,1.7407552003860474,False
train,0.4027922451496124,0.0,0.018295928835868835,0.13479205965995789,0.6345487236976624,1.3445194959640503,-1.0095444917678833,1.681342601776123,False
train,0.40320900082588196,0.0,0.018380139023065567,0.13555647432804108,0.6507073044776917,1.3250038623809814,-0.9623200297355652,1.6375881433486938,False
train,0.4036257565021515,0.0,0.018482377752661705,0.1363200843334198,0.6666330099105835,1.3092069625854492,-0.9366931915283203,1.609787940979004,False
test,0.404042512178421,0.0,0.018593475222587585,0.13708360493183136,0.6822782754898071,1.2959975004196167,-0.9331161975860596,1.5969706773757935,False
train,0.40445926785469055,0.0,0.018704550340771675,0.1378483921289444,0.697594940662384,1.2852115631103516,-0.9499689936637878,1.5981895923614502,False
train,0.4048760235309601,0.0,0.01880769059062004,0.1386154592037201,0.7125359773635864,1.278409719467163,-0.9837055206298828,1.6130740642547607,False
train,0.4052927792072296,0.02777777798473835,0.018896903842687607,0.13938672840595245,0.7270540595054626,1.2787437438964844,-1.0293655395507812,1.641578197479248,False
train,0.40570953488349915,0.0,0.018968481570482254,0.14016591012477875,0.7411028146743774,1.2896959781646729,-1.0814192295074463,1.6830873489379883,False
test,0.4061262905597687,0.0,0.019020788371562958,0.1409575194120407,0.7546367645263672,1.313872218132019,-1.1345902681350708,1.735959529876709,False
train,0.4065430164337158,0.007936508394777775,0.019054526463150978,0.14176729321479797,0.7676109671592712,1.351364254951477,-1.1845899820327759,1.797063946723938,False
train,0.40695977210998535,0.09841269999742508,0.019071651622653008,0.14260011911392212,0.7799839973449707,1.3993104696273804,-1.2284319400787354,1.8620190620422363,False
train,0.4073765277862549,0.08968254178762436,0.019075246527791023,0.14345857501029968,0.7917142510414124,1.4519052505493164,-1.2645089626312256,1.9253602027893066,False
train,0.4077932834625244,0.02857142873108387,0.019068865105509758,0.14434324204921722,0.8027611970901489,1.5016669034957886,-1.2923851013183594,1.9812275171279907,False
test,0.40821003913879395,0.009523809887468815,0.01905592530965805,0.1452503502368927,0.8130884170532227,1.5412462949752808,-1.3125349283218384,2.0243980884552,False
train,0.4086267948150635,0.011904762126505375,0.01903940923511982,0.14617499709129333,0.8226596713066101,1.5653622150421143,-1.3260058164596558,2.051499605178833,False
train,0.409043550491333,0.003968254197388887,0.01902199350297451,0.14710909128189087,0.8314424753189087,1.5718052387237549,-1.3341429233551025,2.061676263809204,False
train,0.40946030616760254,0.0071428571827709675,0.01900559477508068,0.1480458527803421,0.839405357837677,1.5622354745864868,-1.3383255004882812,2.0571084022521973,False
train,0.40987706184387207,0.009523809887468815,0.01899162121117115,0.148978590965271,0.846521258354187,1.5412852764129639,-1.3396873474121094,2.0421366691589355,False
test,0.4102938175201416,0.012698412872850895,0.018981052562594414,0.1499035656452179,0.8527634739875793,1.515348196029663,-1.3388861417770386,2.022101879119873,False
train,0.41071057319641113,0.0071428571827709675,0.018974779173731804,0.15081985294818878,0.8581107258796692,1.4909831285476685,-1.3358674049377441,2.001892328262329,False
train,0.41112732887268066,0.011111111380159855,0.018973760306835175,0.151729017496109,0.8625428080558777,1.4734344482421875,-1.3296849727630615,1.98470938205719,False
train,0.4115440845489502,0.0071428571827709675,0.018979722633957863,0.1526339203119278,0.8660429120063782,1.4658147096633911,-1.3184694051742554,1.9715410470962524,False
train,0.41196081042289734,0.011111111380159855,0.018995286896824837,0.1535387933254242,0.8685973286628723,1.4689066410064697,-1.2995785474777222,1.9612728357315063,False
test,0.41237756609916687,0.007936508394777775,0.019024234265089035,0.1544475257396698,0.8701962828636169,1.4813001155853271,-1.269904375076294,1.951129674911499,False
train,0.4127943217754364,0.0071428571827709675,0.019071761518716812,0.15536287426948547,0.8708321452140808,1.4999300241470337,-1.2264351844787598,1.9375070333480835,False
train,0.41321107745170593,0.004761904943734407,0.01914406381547451,0.15628603100776672,0.870501697063446,1.5208845138549805,-1.1668694019317627,1.916943907737732,False
train,0.41362783312797546,0.0071428571827709675,0.01924818567931652,0.15721726417541504,0.8692024350166321,1.5401842594146729,-1.0902981758117676,1.8870394229888916,False
train,0.414044588804245,0.0031746032182127237,0.01939108967781067,0.15815423429012299,0.8669384121894836,1.554560899734497,-0.9975947141647339,1.8471206426620483,False
test,0.4144613444805145,0.004761904943734407,0.01957891322672367,0.15909428894519806,0.8637149333953857,1.5623552799224854,-0.8916361927986145,1.7988799810409546,False
train,0.41487810015678406,0.004761904943734407,0.019816234707832336,0.16003426909446716,0.8595405220985413,1.5637860298156738,-0.7770373225212097,1.7461997270584106,False
train,0.4152948558330536,0.0055555556900799274,0.02010543830692768,0.16097164154052734,0.854428768157959,1.5611324310302734,-0.6595704555511475,1.6947470903396606,False
train,0.4157116115093231,0.011904762126505375,0.020446419715881348,0.16190476715564728,0.8483943343162537,1.5580089092254639,-0.5453229546546936,1.650687336921692,False
train,0.41612836718559265,0.010317460633814335,0.02083653025329113,0.1628340184688568,0.8414559364318848,1.5581698417663574,-0.43984663486480713,1.6190608739852905,False
test,0.4165451228618622,0.008730159141123295,0.021271217614412308,0.16376101970672607,0.8336356282234192,1.5643608570098877,-0.34732627868652344,1.602454423904419,False
train,0.4169618785381317,0.009523809887468815,0.021744366735219955,0.1646881401538849,0.8249586820602417,1.5770617723464966,-0.2701568603515625,1.6000338792800903,False
train,0.41737863421440125,0.007936508394777775,0.022249506786465645,0.16561737656593323,0.8154519200325012,1.5940639972686768,-0.20869433879852295,1.607667088508606,False
train,0.4177953600883484,0.011904762126505375,0.0227802861481905,0.16654926538467407,0.805147111415863,1.610819697380066,-0.16152894496917725,1.6188982725143433,False
train,0.4182121157646179,0.007936508394777775,0.02333124540746212,0.16748204827308655,0.7940763831138611,1.6217591762542725,-0.12578988075256348,1.6266303062438965,False
test,0.41862887144088745,0.009523809887468815,0.023898443207144737,0.16841232776641846,0.7822758555412292,1.6218922138214111,-0.09763526916503906,1.6248283386230469,False
train,0.419045627117157,0.01984127052128315,0.024479547515511513,0.16933435201644897,0.7697847485542297,1.6090917587280273,-0.07278788089752197,1.6107372045516968,False
train,0.4194623827934265,0.01825396902859211,0.02507399581372738,0.1702428162097931,0.7566429376602173,1.5850341320037842,-0.04685509204864502,1.5857264995574951,False
train,0.41987913846969604,0.01587301678955555,0.02568313479423523,0.171133890748024,0.7428929209709167,1.5557029247283936,-0.015636682510375977,1.5557814836502075,False
train,0.4202958941459656,0.02619047649204731,0.02630988322198391,0.17200686037540436,0.7285805940628052,1.5297223329544067,0.024740219116210938,1.529922366142273,False
test,0.4207126498222351,0.01825396902859211,0.02695871889591217,0.17286472022533417,0.713750422000885,1.5159261226654053,0.07769548892974854,1.5179158449172974,False
train,0.42112940549850464,0.01587301678955555,0.027635371312499046,0.1737138330936432,0.6984509825706482,1.5202662944793701,0.14607524871826172,1.5272680521011353,False
train,0.42154616117477417,0.015079365111887455,0.028346704319119453,0.17456203699111938,0.6827307939529419,1.5438146591186523,0.2318723201751709,1.5611305236816406,False
train,0.4219629168510437,0.010317460633814335,0.02910025231540203,0.17541617155075073,0.666639506816864,1.581897497177124,0.3359856605529785,1.6171846389770508,False
train,0.42237967252731323,0.0055555556900799274,0.029903441667556763,0.1762806922197342,0.6502277851104736,1.625445008277893,0.4578695297241211,1.6887024641036987,False
test,0.42279642820358276,0.003968254197388887,0.03076343610882759,0.1771550327539444,0.633545994758606,1.6633827686309814,0.5953041315078735,1.766700029373169,False
train,0.4232131838798523,0.003968254197388887,0.031685832887887955,0.17803506553173065,0.6166461110115051,1.685959815979004,0.7444705963134766,1.8430129289627075,False
train,0.42362990975379944,0.004761904943734407,0.032674357295036316,0.17891259491443634,0.5995784401893616,1.6873817443847656,0.9002339839935303,1.9125057458877563,False
train,0.42404666543006897,0.003968254197388887,0.03373083472251892,0.1797785609960556,0.5823913812637329,1.6671862602233887,1.0569688081741333,1.9740043878555298,False
train,0.4244634211063385,0.0063492064364254475,0.03485408425331116,0.18062472343444824,0.5651357769966125,1.6302802562713623,1.209527611732483,2.02996826171875,False
test,0.42488017678260803,0.0063492064364254475,0.036041583865880966,0.1814461201429367,0.547859787940979,1.585310459136963,1.354555368423462,2.085192918777466,False
train,0.42529693245887756,0.008730159141123295,0.03728995844721794,0.18224111199378967,0.5306106209754944,1.5417704582214355,1.4916831254959106,2.145267963409424,False
train,0.4257136881351471,0.004761904943734407,0.038596153259277344,0.18301209807395935,0.5134330987930298,1.5078727006912231,1.623984694480896,2.216078996658325,False
train,0.4261304438114166,0.0031746032182127237,0.039959244430065155,0.1837642937898636,0.4963712692260742,1.4880037307739258,1.7579232454299927,2.3031389713287354,False
train,0.42654719948768616,0.004761904943734407,0.04138162359595299,0.18450398743152618,0.4794669449329376,1.482210397720337,1.902181625366211,2.4114813804626465,False
test,0.4269639551639557,0.0031746032182127237,0.042869534343481064,0.18523603677749634,0.4627588093280792,1.486983299255371,2.065768241882324,2.545293092727661,False
train,0.4273807108402252,0.009523809887468815,0.044432274997234344,0.18596413731575012,0.44628462195396423,1.496820330619812,2.2557995319366455,2.7072315216064453,False
train,0.42779746651649475,0.0063492064364254475,0.04608175903558731,0.18668943643569946,0.4300776422023773,1.5063328742980957,2.4758174419403076,2.898052930831909,False
train,0.4282142221927643,0.0071428571827709675,0.04783039167523384,0.1874108761548996,0.4141702353954315,1.511429786682129,2.724656105041504,3.1157937049865723,False
train,0.4286309778690338,0.004761904943734407,0.0496891513466835,0.18812602758407593,0.3985902667045593,1.5100809335708618,2.9964497089385986,3.3554515838623047,False
test,0.42904770374298096,0.003968254197388887,0.05166511610150337,0.18883243203163147,0.3833656311035156,1.501971960067749,3.2815871238708496,3.6089794635772705,False
train,0.4294644594192505,0.003968254197388887,0.05376172065734863,0.189527690410614,0.3685166835784912,1.487784504890442,3.5685768127441406,3.86629581451416,False
train,0.42988121509552,0.0063492064364254475,0.05597735196352005,0.19020958244800568,0.35406380891799927,1.4692095518112183,3.8460283279418945,4.117099761962891,False
train,0.43029797077178955,0.0023809524718672037,0.05830534175038338,0.19087684154510498,0.3400247395038605,1.4488104581832886,4.104775905609131,4.352957248687744,False
train,0.4307147264480591,0.004761904943734407,0.06073687598109245,0.19152991473674774,0.3264143168926239,1.4295692443847656,4.339835166931152,4.56922721862793,False
test,0.4311314821243286,0.02301587350666523,0.06326183676719666,0.1921696662902832,0.313242644071579,1.4140571355819702,4.551538944244385,4.76613712310791,False
train,0.43154823780059814,0.07619047909975052,0.06587129086256027,0.1927981972694397,0.3005193769931793,1.4031169414520264,4.745987892150879,4.94905424118042,False
train,0.4319649934768677,0.04603174701333046,0.06856005638837814,0.19341738522052765,0.2882503569126129,1.395261287689209,4.934331893920898,5.127805233001709,False
train,0.4323817491531372,0.01984127052128315,0.07132862508296967,0.19402840733528137,0.27643993496894836,1.387302041053772,5.131242752075195,5.315473556518555,False
train,0.43279850482940674,0.0071428571827709675,0.0741838812828064,0.19462993741035461,0.2650892436504364,1.3763450384140015,5.352635383605957,5.5267558097839355,False
test,0.43321526050567627,0.0071428571827709675,0.07713877409696579,0.19522136449813843,0.2541973292827606,1.3616195917129517,5.613337516784668,5.776120662689209,False
train,0.4336320161819458,0.0063492064364254475,0.08021228760480881,0.19580164551734924,0.2437625676393509,1.3454471826553345,5.924803733825684,6.075650215148926,False
train,0.43404877185821533,0.0055555556900799274,0.08342690020799637,0.196370929479599,0.23378010094165802,1.3314168453216553,6.293458938598633,6.432751655578613,False
train,0.43446552753448486,0.0055555556900799274,0.08680666238069534,0.1969309151172638,0.22424450516700745,1.3220570087432861,6.719271659851074,6.848097801208496,False
train,0.434882253408432,0.0055555556900799274,0.09037340432405472,0.19748367369174957,0.21514874696731567,1.3156342506408691,7.195115089416504,7.314408302307129,False
test,0.43529900908470154,0.0055555556900799274,0.09414585679769516,0.1980292797088623,0.2064836174249649,1.3055505752563477,7.706733226776123,7.816534042358398,False
train,0.43571576476097107,0.0055555556900799274,0.09813442826271057,0.19856444001197815,0.19824019074440002,1.2816914319992065,8.234256744384766,8.333409309387207,False
train,0.4361325204372406,0.0055555556900799274,0.10234081745147705,0.1990814059972763,0.19040827453136444,1.2343134880065918,8.755976676940918,8.842548370361328,False
train,0.43654927611351013,0.008730159141123295,0.10675852000713348,0.199569433927536,0.18297676742076874,1.159388542175293,9.253992080688477,9.326336860656738,False
train,0.43696603178977966,0.0063492064364254475,0.11137498170137405,0.20001821219921112,0.17593398690223694,1.0623831748962402,9.720099449157715,9.777984619140625,False
test,0.4373827874660492,0.011111111380159855,0.11617773026227951,0.20042116940021515,0.16926823556423187,0.9580467343330383,10.16077709197998,10.205843925476074,False
train,0.4377995431423187,0.0071428571827709675,0.12115954607725143,0.20077961683273315,0.16296707093715668,0.866828978061676,10.598067283630371,10.633458137512207,False
train,0.43821629881858826,0.008730159141123295,0.12632563710212708,0.20110350847244263,0.1570182889699936,0.80722975730896,11.065580368041992,11.094985008239746,False
train,0.4386330544948578,0.009523809887468815,0.13169635832309723,0.20140869915485382,0.1514090895652771,0.7885642647743225,11.600276947021484,11.62704849243164,False
train,0.4390498101711273,0.011111111380159855,0.13730569183826447,0.20171144604682922,0.14612722396850586,0.8061361312866211,12.232293128967285,12.258827209472656,False
test,0.43946656584739685,0.013492063619196415,0.14319758117198944,0.20202398300170898,0.14116062223911285,0.8425652384757996,12.976819038391113,13.004143714904785,False
train,0.4398833215236664,0.010317460633814335,0.1494194120168686,0.20234908163547516,0.13649673759937286,0.8737831115722656,13.829068183898926,13.856645584106445,False
train,0.4403000771999359,0.008730159141123295,0.1560106724500656,0.20268043875694275,0.1321239173412323,0.8773109316825867,14.764214515686035,14.79025650024414,False
train,0.44071680307388306,0.009523809887468815,0.16299687325954437,0.20300263166427612,0.12803122401237488,0.8396914005279541,15.741456985473633,15.763836860656738,False
train,0.4411335587501526,0.013492063619196415,0.1703863888978958,0.2032986730337143,0.1242065504193306,0.7607424855232239,16.712007522583008,16.729312896728516,False
test,0.4415503144264221,0.012698412872850895,0.1781652867794037,0.20355363190174103,0.12063978612422943,0.6522674560546875,17.62904167175293,17.641103744506836,False
train,0.44196707010269165,0.02063492126762867,0.18630312383174896,0.20375876128673553,0.11732043325901031,0.533318281173706,18.459213256835938,18.466915130615234,False
train,0.4423838257789612,0.012698412872850895,0.1947605460882187,0.20391413569450378,0.11423885822296143,0.42320382595062256,19.194255828857422,19.19892120361328,False
train,0.4428005814552307,0.02142857201397419,0.20350171625614166,0.20402668416500092,0.11138585954904556,0.33495357632637024,19.859270095825195,19.86209487915039,False
train,0.44321733713150024,0.015079365111887455,0.2125079184770584,0.20410625636577606,0.10875274240970612,0.2714483141899109,20.514537811279297,20.516332626342773,False
test,0.4436340928077698,0.02619047649204731,0.22179310023784637,0.2041623890399933,0.10633108764886856,0.22512489557266235,21.250349044799805,21.251541137695312,True
train,0.4440508484840393,0.02142857201397419,0.2314121276140213,0.20419934391975403,0.10411353409290314,0.18128655850887299,22.170984268188477,22.17172622680664,True
train,0.44446760416030884,0.02301587350666523,0.24146217107772827,0.20421484112739563,0.10209256410598755,0.12379267811775208,23.37123680114746,23.371564865112305,True
train,0.44488435983657837,0.02063492126762867,0.2520727217197418,0.20420069992542267,0.10026206821203232,0.04105927795171738,24.909011840820312,24.909046173095703,True
train,0.4453011155128479,0.04206349328160286,0.2633858919143677,0.20414498448371887,0.0986158698797226,-0.07081599533557892,26.780057907104492,26.7801513671875,True
test,0.44571787118911743,0.07460317760705948,0.27552473545074463,0.2040368914604187,0.09714848548173904,-0.20709285140037537,28.898696899414062,28.899438858032227,True
train,0.4461345970630646,0.08888889104127884,0.2885577082633972,0.20386813580989838,0.09585531055927277,-0.356965035200119,31.091062545776367,31.09311294555664,True
train,0.4465513527393341,0.06587301939725876,0.30246514081954956,0.20363615453243256,0.09473170340061188,-0.5076600313186646,33.1022834777832,33.106178283691406,True
train,0.44696810841560364,0.0515873022377491,0.3171060085296631,0.20334245264530182,0.09377394616603851,-0.6488063335418701,34.619503021240234,34.625579833984375,True
train,0.44738486409187317,0.1746031790971756,0.332205593585968,0.20299284160137177,0.09297901391983032,-0.7745842337608337,35.31088638305664,35.31938171386719,True
test,0.4478016197681427,0.14920635521411896,0.34735262393951416,0.20259419083595276,0.09234415739774704,-0.8850786685943604,34.87724685668945,34.88847351074219,True
train,0.44821837544441223,0.19206349551677704,0.3620324730873108,0.20215174555778503,0.0918673723936081,-0.9846380352973938,33.11332702636719,33.12796401977539,True
train,0.44863513112068176,0.6634920835494995,0.3756749629974365,0.20166924595832825,0.0915469080209732,-1.0793811082839966,29.963930130004883,29.98336410522461,True
train,0.4490518867969513,0.8611111044883728,0.387721985578537,0.2011469453573227,0.09138208627700806,-1.175110101699829,25.56334686279297,25.590341567993164,True
train,0.4494686424732208,0.5992063283920288,0.39771807193756104,0.20058465003967285,0.09137226641178131,-1.274501085281372,20.246566772460938,20.28664207458496,False
test,0.44988539814949036,0.1944444477558136,0.40538230538368225,0.19998043775558472,0.09151739627122879,-1.376409888267517,14.515264511108398,14.580377578735352,False
train,0.4503021538257599,0.22142857313156128,0.41066795587539673,0.19933466613292694,0.09181828796863556,-1.4753330945968628,8.96411418914795,9.084710121154785,False
train,0.4507189095020294,0.5825396776199341,0.4137732684612274,0.1986500471830368,0.09227616339921951,-1.5620269775390625,4.175710678100586,4.458305358886719,False
train,0.45113566517829895,0.7690476179122925,0.41511988639831543,0.19793465733528137,0.09289281070232391,-1.624877691268921,0.6059786677360535,1.7341965436935425,False
train,0.4515524208545685,0.48174601793289185,0.4152756333351135,0.19720062613487244,0.09367036819458008,-1.652287483215332,-1.5066510438919067,2.236079454421997,False
test,0.4519691467285156,0.6246031522750854,0.4148520231246948,0.19646470248699188,0.09461193531751633,-1.6366811990737915,-2.1902823448181152,2.734238862991333,False
train,0.45238590240478516,0.4253968298435211,0.414392352104187,0.19574518501758575,0.09572096914052963,-1.5786781311035156,-1.732471227645874,2.343860149383545,False
train,0.4528026580810547,0.3301587402820587,0.41427627205848694,0.19505751132965088,0.0970013439655304,-1.4898369312286377,-0.6256927847862244,1.6158915758132935,False
train,0.4532194137573242,0.2984127104282379,0.4146501421928406,0.1944107711315155,0.09845776855945587,-1.3925684690475464,0.5212886333465576,1.4869394302368164,False
train,0.45363616943359375,0.3206349313259125,0.41539812088012695,0.19380223751068115,0.10009554773569107,-1.3139748573303223,1.0913445949554443,1.7080875635147095,False
test,0.4540529251098633,0.2571428716182709,0.4161684215068817,0.19321927428245544,0.10192052274942398,-1.2772101163864136,0.5683737993240356,1.3979679346084595,False
train,0.4544696807861328,0.4722222089767456,0.41643020510673523,0.1926419883966446,0.10393922030925751,-1.2917600870132446,-1.3659871816635132,1.880043864250183,False
train,0.45488643646240234,0.682539701461792,0.41557589173316956,0.1920507699251175,0.10615815222263336,-1.3483285903930664,-4.769777297973633,4.95668888092041,False
train,0.4553031921386719,0.6523809432983398,0.4130284786224365,0.19143259525299072,0.10858559608459473,-1.4205632209777832,-9.426212310791016,9.532652854919434,False
train,0.4557199478149414,0.7031745910644531,0.4083543121814728,0.19078859686851501,0.11122947186231613,-1.4733595848083496,-14.886944770812988,14.959676742553711,False
test,0.45613670349121094,0.6650793552398682,0.4013415277004242,0.19013385474681854,0.11409873515367508,-1.4751582145690918,-20.563432693481445,20.616275787353516,False
train,0.45655345916748047,0.7190476059913635,0.39202913641929626,0.18949377536773682,0.1172030121088028,-1.4085026979446411,-25.84443473815918,25.882787704467773,True
train,0.45697021484375,0.40317460894584656,0.38069629669189453,0.18889692425727844,0.12055251002311707,-1.2765982151031494,-30.21305274963379,30.24001121520996,True
train,0.45738694071769714,0.5206349492073059,0.3678054213523865,0.18836723268032074,0.12415751069784164,-1.1010000705718994,-33.330078125,33.34825897216797,True
train,0.4578036963939667,0.39126983284950256,0.35391029715538025,0.18791607022285461,0.12802959978580475,-0.9126189351081848,-35.072635650634766,35.08450698852539,True
test,0.4582204520702362,0.4214285612106323,0.33957439661026,0.18754293024539948,0.13218092918395996,-0.7400050759315491,-35.51986312866211,35.52756881713867,True
train,0.45863720774650574,0.20317460596561432,0.3252946436405182,0.1872372031211853,0.13662363588809967,-0.5991001725196838,-34.90178298950195,34.90692138671875,True
train,0.45905396342277527,0.05000000074505806,0.3114515244960785,0.18698562681674957,0.14137037098407745,-0.48900896310806274,-33.530006408691406,33.533573150634766,True
train,0.4594707190990448,0.0071428571827709675,0.2982913553714752,0.18677790462970734,0.14643509685993195,-0.3960998058319092,-31.72876739501953,31.731239318847656,True
train,0.45988747477531433,0.007936508394777775,0.28593119978904724,0.18661059439182281,0.15183113515377045,-0.3035901188850403,-29.782793045043945,29.784339904785156,True
test,0.46030423045158386,0.011904762126505375,0.2743825912475586,0.18648625910282135,0.15757285058498383,-0.19979779422283173,-27.904922485351562,27.905637741088867,True
train,0.4607209861278534,0.004761904943734407,0.26358816027641296,0.1864105612039566,0.16367413103580475,-0.0828581303358078,-26.226688385009766,26.226818084716797,True
train,0.4611377418041229,0.0063492064364254475,0.25344914197921753,0.18638800084590912,0.17015044391155243,0.04090946912765503,-24.80156898498535,24.80160140991211,True
train,0.46155449748039246,0.0055555556900799274,0.2438599169254303,0.18641948699951172,0.17701618373394012,0.16234871745109558,-23.622074127197266,23.62263298034668,True
train,0.461971253156662,0.0023809524718672037,0.23472779989242554,0.18650296330451965,0.18428544700145721,0.2746480107307434,-22.64031219482422,22.641977310180664,True
test,0.4623880088329315,0.0055555556900799274,0.22598230838775635,0.18663372099399567,0.19197380542755127,0.3758738338947296,-21.789188385009766,21.792430877685547,True
train,0.46280476450920105,0.013492063619196415,0.21758344769477844,0.18680815398693085,0.20009532570838928,0.4676639139652252,-21.004039764404297,21.009244918823242,True
train,0.4632214903831482,0.007936508394777775,0.2095157951116562,0.18702268600463867,0.20866259932518005,0.5531198978424072,-20.2358341217041,20.243392944335938,False
train,0.4636382460594177,0.004761904943734407,0.20177635550498962,0.18727532029151917,0.21769116818904877,0.6342963576316833,-19.45869255065918,19.46902847290039,False
train,0.46405500173568726,0.0396825410425663,0.19437119364738464,0.18756473064422607,0.2271922081708908,0.7113950848579407,-18.67069435119629,18.684242248535156,False
test,0.4644717574119568,0.04603174701333046,0.1873006820678711,0.18788914382457733,0.2371782511472702,0.783507227897644,-17.88755989074707,17.904712677001953,False
train,0.4648885130882263,0.14365079998970032,0.18055878579616547,0.18824675679206848,0.2476596087217331,0.8497360348701477,-17.133075714111328,17.15413475036621,False
train,0.46530526876449585,0.15317460894584656,0.17412881553173065,0.18863484263420105,0.2586453855037689,0.9093739986419678,-16.429210662841797,16.45435905456543,False
train,0.4657220244407654,0.07222222536802292,0.16798558831214905,0.18905048072338104,0.2701435089111328,0.9618585109710693,-15.78719711303711,15.816471099853516,False
train,0.4661387801170349,0.0007936508045531809,0.1621045619249344,0.18949151039123535,0.2821599841117859,1.0063637495040894,-15.203658103942871,15.23692798614502,False
test,0.46655553579330444,0.014285714365541935,0.15646405518054962,0.1899540275335312,0.29469868540763855,1.0429877042770386,-14.660004615783691,14.697059631347656,False
train,0.466972291469574,0.012698412872850895,0.15105287730693817,0.19043587148189545,0.30776217579841614,1.0736913681030273,-14.127410888671875,14.168152809143066,False
train,0.4673890471458435,0.0071428571827709675,0.14587315917015076,0.19093485176563263,0.3213500380516052,1.1030082702636719,-13.57503604888916,13.619773864746094,False
train,0.46780580282211304,0.011111111380159855,0.14093877375125885,0.19145268201828003,0.33545851707458496,1.1377205848693848,-12.979206085205078,13.028975486755371,False
train,0.46822255849838257,0.0063492064364254475,0.13626903295516968,0.19199322164058685,0.3500839173793793,1.1842215061187744,-12.330535888671875,12.3872709274292,False
test,0.4686393141746521,0.0023809524718672037,0.13188563287258148,0.19256195425987244,0.36521607637405396,1.2449951171875,-11.636775016784668,11.70318603515625,False
train,0.46905604004859924,0.0023809524718672037,0.12780322134494781,0.19316448271274567,0.3808424174785614,1.3172532320022583,-10.919898986816406,10.999061584472656,False
train,0.4694727957248688,0.0,0.12402492761611938,0.1938045769929886,0.3969510495662689,1.3927884101867676,-10.208527565002441,10.303101539611816,False
train,0.4698895514011383,0.0031746032182127237,0.12054244428873062,0.1944815218448639,0.4135226905345917,1.4610093832015991,-9.530281066894531,9.641618728637695,False
train,0.47030630707740784,0.0015873016091063619,0.11733785271644592,0.19519029557704926,0.4305371940135956,1.5122853517532349,-8.90444564819336,9.031952857971191,False
test,0.47072306275367737,0.004761904943734407,0.11438676714897156,0.19592289626598358,0.4479680359363556,1.5417715311050415,-8.338774681091309,8.480107307434082,False
train,0.4711398184299469,0.0,0.11166471242904663,0.19667036831378937,0.4657880365848541,1.55110764503479,-7.829403877258301,7.981572151184082,False
train,0.47155657410621643,0.0015873016091063619,0.10914991050958633,0.1974259316921234,0.4839669466018677,1.5478185415267944,-7.363938808441162,7.524847984313965,False
train,0.47197332978248596,0.0023809524718672037,0.10682808607816696,0.1981866955757141,0.5024699568748474,1.5435900688171387,-6.926468849182129,7.096382141113281,False
train,0.4723900854587555,0.0,0.10468989610671997,0.19895508885383606,0.5212588906288147,1.5500223636627197,-6.502631187438965,6.684817314147949,False
test,0.472806841135025,0.0031746032182127237,0.10273176431655884,0.1997370421886444,0.5402941703796387,1.5742707252502441,-6.084018230438232,6.284393787384033,False
train,0.47322359681129456,0.02857142873108387,0.10095164179801941,0.2005407214164734,0.5595325827598572,1.6162887811660767,-5.670699596405029,5.896543025970459,False
train,0.4736403524875641,0.0396825410425663,0.09934600442647934,0.20137202739715576,0.5789278745651245,1.6677374839782715,-5.2713727951049805,5.528898239135742,False
train,0.4740571081638336,0.01666666753590107,0.09790556877851486,0.20223203301429749,0.5984315872192383,1.7153966426849365,-4.901553153991699,5.193053722381592,False
train,0.47447383403778076,0.04682539775967598,0.09661425650119781,0.20311641693115234,0.6179924607276917,1.7463237047195435,-4.579789638519287,4.901440620422363,False
test,0.4748905897140503,0.12063492089509964,0.09544844925403595,0.20401708781719208,0.6375600695610046,1.7541853189468384,-4.324057102203369,4.666329860687256,False
train,0.4753073453903198,0.11587301641702652,0.09437716007232666,0.20492400228977203,0.6570810675621033,1.7427781820297241,-4.147432804107666,4.498719215393066,False
train,0.47572410106658936,0.03333333507180214,0.09336638450622559,0.20583225786685944,0.6765002012252808,1.7247650623321533,-4.0543718338012695,4.405989646911621,False
train,0.4761408567428589,0.15555556118488312,0.09238237142562866,0.20674175024032593,0.6957599520683289,1.7159314155578613,-4.037858963012695,4.387336730957031,False
train,0.4765576124191284,0.1349206417798996,0.09139689058065414,0.20765937864780426,0.7148043513298035,1.7279486656188965,-4.077781677246094,4.428781986236572,False
test,0.47697436809539795,0.04206349328160286,0.0903925895690918,0.20859400928020477,0.7335769534111023,1.7623825073242188,-4.1416778564453125,4.501053810119629,False
train,0.4773911237716675,0.0015873016091063619,0.08936841040849686,0.20955359935760498,0.7520214319229126,1.810438871383667,-4.188409805297852,4.5629448890686035,False
train,0.477807879447937,0.0015873016091063619,0.08834028989076614,0.2105409801006317,0.7700802087783813,1.857137680053711,-4.17436408996582,4.5688371658325195,False
train,0.47822463512420654,0.03650793805718422,0.08734222501516342,0.21155181527137756,0.787697434425354,1.8885204792022705,-4.061193943023682,4.478817462921143,False
train,0.4786413908004761,0.0031746032182127237,0.08642114698886871,0.21257781982421875,0.8048191666603088,1.8972322940826416,-3.823777675628662,4.268579006195068,False
test,0.4790581464767456,0.0031746032182127237,0.08563099056482315,0.21360956132411957,0.8213908672332764,1.8861695528030396,-3.4561829566955566,3.937364101409912,False
train,0.47947490215301514,0.007936508394777775,0.0850234180688858,0.2146407514810562,0.8373576402664185,1.8650004863739014,-2.9736199378967285,3.5100772380828857,False
train,0.47989165782928467,0.011111111380159855,0.08463946729898453,0.2156686931848526,0.8526722192764282,1.8457698822021484,-2.4101169109344482,3.0357091426849365,False
train,0.4803083837032318,0.0063492064364254475,0.08450360596179962,0.21669639647006989,0.8672834038734436,1.836775541305542,-1.8115181922912598,2.5797951221466064,False
train,0.48072513937950134,0.01746031828224659,0.08461998403072357,0.21772877871990204,0.8811452984809875,1.840141773223877,-1.2256355285644531,2.210951089859009,False
test,0.4811418950557709,0.004761904943734407,0.08497431874275208,0.2187693566083908,0.8942152857780457,1.8523499965667725,-0.693030595779419,1.977749228477478,False
train,0.4815586507320404,0.010317460633814335,0.08553819358348846,0.21982084214687347,0.9064478874206543,1.8670051097869873,-0.23965275287628174,1.8823233842849731,False
train,0.48197540640830994,0.009523809887468815,0.08627629280090332,0.22088195383548737,0.9178052544593811,1.8787841796875,0.12532317638397217,1.8829593658447266,False
train,0.48239216208457947,0.02857142873108387,0.08715202659368515,0.22195123136043549,0.9282501339912415,1.8844493627548218,0.40765202045440674,1.9280377626419067,False
train,0.482808917760849,0.02539682574570179,0.08813420683145523,0.22302483022212982,0.9377487301826477,1.8830080032348633,0.6230711936950684,1.9834154844284058,False
test,0.48322567343711853,0.09444444626569748,0.08919879794120789,0.22409966588020325,0.9462718367576599,1.8744431734085083,0.7929379940032959,2.0352611541748047,False
train,0.48364242911338806,0.11349206417798996,0.09033216536045074,0.22517211735248566,0.9537907242774963,1.8588016033172607,0.9413366317749023,2.083568572998047,False
train,0.4840591847896576,0.010317460633814335,0.09153033047914505,0.22623930871486664,0.9602805972099304,1.8365943431854248,1.0938009023666382,2.137634038925171,False
train,0.4844759404659271,0.013492063619196415,0.09280038625001907,0.22729794681072235,0.965721070766449,1.8090320825576782,1.2766551971435547,2.214146852493286,False
train,0.48489269614219666,0.02301587350666523,0.09416046738624573,0.228346049785614,0.9700923562049866,1.77955961227417,1.5153963565826416,2.3373615741729736,False
test,0.4853094518184662,0.0023809524718672037,0.09563805907964706,0.2293834090232849,0.9733834862709045,1.754082202911377,1.8312867879867554,2.5358264446258545,False
train,0.4857262074947357,0.0007936508045531809,0.09726836532354355,0.23041313886642456,0.9755792021751404,1.7405221462249756,2.2371890544891357,2.834507465362549,False
train,0.48614293336868286,0.0007936508045531809,0.09908924251794815,0.2314411848783493,0.9766758680343628,1.7464778423309326,2.733386516571045,3.243699550628662,False
train,0.4865596890449524,0.0055555556900799274,0.10113605111837387,0.2324763536453247,0.9766663312911987,1.7761896848678589,3.3052289485931396,3.752251148223877,False
train,0.4869764447212219,0.03888889029622078,0.10343392938375473,0.23352785408496857,0.9755516052246094,1.827200174331665,3.9233860969543457,4.328003883361816,False
test,0.48739320039749146,0.011111111380159855,0.10599441081285477,0.23460204899311066,0.9733343720436096,1.8884499073028564,4.547994613647461,4.9244794845581055,False
train,0.487809956073761,0.03492063656449318,0.10881070792675018,0.23569904267787933,0.9700201153755188,1.941367506980896,5.136909484863281,5.491515636444092,False
train,0.4882267117500305,0.04682539775967598,0.11186070740222931,0.23681052029132843,0.9656165242195129,1.9637892246246338,5.655750274658203,5.9869842529296875,False
train,0.48864346742630005,0.05714285746216774,0.11511073261499405,0.23791900277137756,0.9601397514343262,1.9383783340454102,6.089027404785156,6.390114784240723,False
train,0.4890602231025696,0.04285714402794838,0.11852605640888214,0.23900289833545685,0.9536053538322449,1.860907793045044,6.447020053863525,6.710219383239746,False
test,0.4894769787788391,0.01587301678955555,0.12208155542612076,0.24004244804382324,0.9460330605506897,1.745569109916687,6.764739990234375,6.986323833465576,False
train,0.48989373445510864,0.011904762126505375,0.12577077746391296,0.24102696776390076,0.9374425411224365,1.6225838661193848,7.090907573699951,7.274183750152588,False
train,0.4903104901313782,0.02698412723839283,0.12960533797740936,0.2419610619544983,0.9278641939163208,1.5273069143295288,7.468762397766113,7.623324871063232,False
train,0.4907272458076477,0.05317460373044014,0.1336127519607544,0.24286101758480072,0.9173239469528198,1.484686255455017,7.917273998260498,8.055278778076172,False
train,0.49114400148391724,0.04682539775967598,0.13781903684139252,0.24375006556510925,0.9058564305305481,1.4981803894042969,8.420060157775879,8.55230712890625,False
test,0.4915607273578644,0.09603174775838852,0.1422380805015564,0.24464817345142365,0.8934944868087769,1.5493223667144775,8.930294036865234,9.06369400024414,False
train,0.4919774830341339,0.20555555820465088,0.14686068892478943,0.2455645203590393,0.8802758455276489,1.606733798980713,9.388700485229492,9.525192260742188,False
train,0.49239423871040344,0.11746031790971756,0.15165448188781738,0.24649398028850555,0.8662416934967041,1.6395998001098633,9.748310089111328,9.885232925415039,False
train,0.492810994386673,0.05793650820851326,0.15657386183738708,0.2474222481250763,0.8514347672462463,1.6287797689437866,9.996847152709961,10.128665924072266,False
train,0.4932277500629425,0.012698412872850895,0.16157852113246918,0.24832934141159058,0.8359004855155945,1.5716825723648071,10.169295310974121,10.290031433105469,False
test,0.49364450573921204,0.02301587350666523,0.16665153205394745,0.2491980642080307,0.8196849226951599,1.4802131652832031,10.346245765686035,10.451594352722168,False
train,0.49406126141548157,0.02142857201397419,0.17181743681430817,0.2500176429748535,0.8028359413146973,1.3751721382141113,10.63931941986084,10.727824211120605,False
train,0.4944780170917511,0.01825396902859211,0.17714866995811462,0.25078651309013367,0.7854087948799133,1.2784414291381836,11.166080474853516,11.239028930664062,False
train,0.49489477276802063,0.02698412723839283,0.18276342749595642,0.2515128552913666,0.7674533128738403,1.2064225673675537,12.021289825439453,12.08167552947998,False
train,0.49531152844429016,0.02460317499935627,0.18880976736545563,0.2522070109844208,0.7490236759185791,1.165513515472412,13.250019073486328,13.30118179321289,False
test,0.4957282841205597,0.0436507947742939,0.1954403817653656,0.2528820037841797,0.7301730513572693,1.1502431631088257,14.826651573181152,14.87120246887207,False
train,0.4961450397968292,0.02777777798473835,0.20277929306030273,0.25354552268981934,0.710960328578949,1.1463770866394043,16.641210556030273,16.68065071105957,False
train,0.49656179547309875,0.05238095298409462,0.21088720858097076,0.2541979253292084,0.6914390921592712,1.1353635787963867,18.493867874145508,18.5286865234375,False
train,0.4969785511493683,0.03333333507180214,0.21972179412841797,0.25483277440071106,0.6716665029525757,1.1009310483932495,20.09914779663086,20.129276275634766,False
train,0.49739527702331543,0.05714285746216774,0.2291082888841629,0.25543850660324097,0.6517001390457153,1.034853458404541,21.107177734375,21.132530212402344,True
test,0.49781203269958496,0.07301587611436844,0.23872031271457672,0.25600147247314453,0.6315931677818298,0.93892502784729,21.148487091064453,21.16931915283203,True
train,0.4982287883758545,0.13015873730182648,0.24808615446090698,0.256510853767395,0.6114013195037842,0.8244305849075317,19.907594680786133,19.924657821655273,False
train,0.498645544052124,0.3888888955116272,0.2566280663013458,0.25696346163749695,0.5911810398101807,0.7074914574623108,17.21588897705078,17.23042106628418,False
train,0.49906229972839355,0.5833333134651184,0.2637477219104767,0.2573607861995697,0.5709834098815918,0.6036328077316284,13.14018440246582,13.15404224395752,False
train,0.4994790554046631,0.6436507701873779,0.26893213391304016,0.2577107846736908,0.5508610010147095,0.5238597989082336,8.026416778564453,8.04349422454834,False
test,0.4998958110809326,0.7277777791023254,0.27186664938926697,0.25802555680274963,0.5308614373207092,0.474059134721756,2.46580171585083,2.510957956314087,False
train,0.5003125667572021,0.658730149269104,0.2725149691104889,0.2583177089691162,0.5110346674919128,0.45802056789398193,-2.8219122886657715,2.8588409423828125,False
train,0.5007293224334717,0.43412697315216064,0.2711370885372162,0.2586026191711426,0.49142536520957947,0.4794764816761017,-7.160775661468506,7.176810264587402,False
train,0.5011460781097412,0.1825396865606308,0.2682379186153412,0.2588965594768524,0.4720754623413086,0.5421367883682251,-10.083901405334473,10.098464012145996,False
train,0.5015628337860107,0.17301587760448456,0.26445287466049194,0.2592170834541321,0.45302459597587585,0.6435114145278931,-11.43499755859375,11.45309066772461,False
test,0.5019795894622803,0.16825397312641144,0.26041460037231445,0.2595766484737396,0.4343107342720032,0.7673132419586182,-11.372767448425293,11.3986234664917,False
train,0.5023963451385498,0.17936508357524872,0.25663596391677856,0.2599797546863556,0.4159681499004364,0.879835844039917,-10.285300254821777,10.322863578796387,False
train,0.5028131008148193,0.21111111342906952,0.2534447908401489,0.2604120373725891,0.3980264961719513,0.9404032230377197,-8.656817436218262,8.707746505737305,False
train,0.5032298564910889,0.11428571492433548,0.2509705126285553,0.2608462870121002,0.38051241636276245,0.9216156005859375,-6.930182933807373,6.991195201873779,False
train,0.5036466121673584,0.10079365223646164,0.2491837739944458,0.2612491846084595,0.3634527921676636,0.830231785774231,-5.407034397125244,5.470402717590332,False
test,0.5040633678436279,0.13650794327259064,0.24796797335147858,0.26159849762916565,0.34686657786369324,0.7097636461257935,-4.20973539352417,4.269149303436279,False
train,0.5044801235198975,0.04047619178891182,0.24718935787677765,0.26189520955085754,0.33077147603034973,0.6215648651123047,-3.3045496940612793,3.3624978065490723,False
train,0.504896879196167,0.02222222276031971,0.24674881994724274,0.2621641755104065,0.31518304347991943,0.6146013736724854,-2.5677738189697266,2.6403024196624756,False
train,0.5053136348724365,0.011111111380159855,0.246606707572937,0.26244398951530457,0.3001115918159485,0.7017279863357544,-1.8587740659713745,1.9868223667144775,False
train,0.5057303309440613,0.009523809887468815,0.24677427113056183,0.2627686560153961,0.28556686639785767,0.8554567098617554,-1.0755287408828735,1.3742518424987793,False
test,0.5061470866203308,0.03650793805718422,0.247292160987854,0.2631565034389496,0.2715512216091156,1.0217100381851196,-0.17962050437927246,1.0373789072036743,False
train,0.5065638422966003,0.02460317499935627,0.24820512533187866,0.2635996341705322,0.25806790590286255,1.1426129341125488,0.8040339946746826,1.3971524238586426,False
train,0.5069805979728699,0.02063492126762867,0.24953535199165344,0.2640707194805145,0.24511820077896118,1.1782886981964111,1.8070731163024902,2.157284736633301,False
train,0.5073973536491394,0.3087301552295685,0.25127315521240234,0.2645311653614044,0.23269924521446228,1.1181966066360474,2.743779420852661,2.9628853797912598,False
train,0.5078141093254089,0.3261904716491699,0.25337404012680054,0.2649441659450531,0.22080570459365845,0.982973575592041,3.5375094413757324,3.6715404987335205,False
test,0.5082308650016785,0.12777778506278992,0.2557673454284668,0.2652871906757355,0.20943114161491394,0.813714861869812,4.141445159912109,4.220627784729004,False
train,0.508647620677948,0.05476190522313118,0.2583683729171753,0.26555633544921875,0.1985679268836975,0.6578699350357056,4.549411773681641,4.596731662750244,False
train,0.5090643763542175,0.02460317499935627,0.26110389828681946,0.26576560735702515,0.18820525705814362,0.5538843274116516,4.799707412719727,4.8315606117248535,False
train,0.5094811320304871,0.15714286267757416,0.26392221450805664,0.2659415304660797,0.17833183705806732,0.5207293629646301,4.969659805297852,4.996866703033447,False
train,0.5098978877067566,0.17539682984352112,0.2668111026287079,0.26611435413360596,0.1689346581697464,0.555307924747467,5.1644487380981445,5.194217681884766,False
test,0.5103146433830261,0.02063492126762867,0.26980453729629517,0.2663077414035797,0.16000080108642578,0.6350002288818359,5.5014543533325195,5.537980079650879,False
train,0.5107313990592957,0.015079365111887455,0.2729857563972473,0.2665349841117859,0.1515151560306549,0.7267903089523315,6.090625762939453,6.133836269378662,False
train,0.5111481547355652,0.0396825410425663,0.276478111743927,0.26679331064224243,0.1434631049633026,0.7972039580345154,7.011836528778076,7.057009696960449,False
train,0.5115649104118347,0.4444444477558136,0.2804270386695862,0.26706817746162415,0.13582859933376312,0.8213924765586853,8.290553092956543,8.331143379211426,False
train,0.5119816660881042,0.22460317611694336,0.2849731147289276,0.2673385441303253,0.12859630584716797,0.7902164459228516,9.872685432434082,9.90425968170166,False
test,0.5123984217643738,0.33095237612724304,0.2902134656906128,0.2675827741622925,0.12174957245588303,0.7116464376449585,11.604790687561035,11.626590728759766,False
train,0.5128151774406433,0.09444444626569748,0.2961590886116028,0.2677847743034363,0.11527258157730103,0.6054275631904602,13.224867820739746,13.23871898651123,False
train,0.5132319331169128,0.07380952686071396,0.3026915490627289,0.26793795824050903,0.10914857685565948,0.4969244599342346,14.376017570495605,14.384603500366211,False
train,0.5136486887931824,0.10634920746088028,0.309531033039093,0.26804688572883606,0.10336217284202576,0.4060489237308502,14.655141830444336,14.660765647888184,False
train,0.5140654444694519,0.0023809524718672037,0.31623533368110657,0.2681209444999695,0.09789720177650452,0.3422829210758209,13.702057838439941,13.706332206726074,False
test,0.5144822001457214,0.0023809524718672037,0.32224151492118835,0.268172025680542,0.09273812174797058,0.3040565252304077,11.31799030303955,11.322073936462402,False
train,0.514898955821991,0.05873015895485878,0.32695937156677246,0.26820850372314453,0.08786969631910324,0.28370052576065063,7.576128959655762,7.581439018249512,False
train,0.5153157114982605,1.0,0.3298930823802948,0.26823747158050537,0.08327741920948029,0.2749550938606262,2.86513352394104,2.8782966136932373,False
train,0.51573246717453,0.6515873074531555,0.3307681381702423,0.26826298236846924,0.07894657552242279,0.2771371603012085,-2.1758241653442383,2.1934027671813965,False
train,0.5161492228507996,0.2023809552192688,0.32960203289985657,0.2682906687259674,0.07486346364021301,0.29383453726768494,-6.816936492919922,6.82326602935791,False
test,0.5165659785270691,0.009523809887468815,0.3266988694667816,0.26832690834999084,0.07101427763700485,0.32617396116256714,-10.436606407165527,10.441701889038086,False
train,0.5169827342033386,0.02777777798473835,0.32257118821144104,0.2683773338794708,0.06738679856061935,0.36879950761795044,-12.669219970703125,12.67458724975586,False
train,0.5173994302749634,0.0055555556900799274,0.31782275438308716,0.2684445381164551,0.06396868824958801,0.41136279702186584,-13.45309829711914,13.459385871887207,False
train,0.5178161859512329,0.18412698805332184,0.3130233585834503,0.26852643489837646,0.0607471764087677,0.44484564661979675,-12.977745056152344,12.985366821289062,False
train,0.5182329416275024,0.3682539761066437,0.30863267183303833,0.2686186730861664,0.057711411267519,0.46930640935897827,-11.578719139099121,11.588226318359375,False
test,0.518649697303772,0.0055555556900799274,0.30495575070381165,0.2687196135520935,0.054850880056619644,0.494709849357605,-9.6255521774292,9.638256072998047,False
train,0.5190664529800415,0.02698412723839283,0.30215340852737427,0.2688327133655548,0.05215524509549141,0.5357258915901184,-7.44388484954834,7.463137626647949,False
train,0.519483208656311,0.0063492064364254475,0.30026713013648987,0.26896706223487854,0.04961475357413292,0.6017290353775024,-5.273809909820557,5.3080267906188965,False
train,0.5198999643325806,0.0007936508045531809,0.29925745725631714,0.269132137298584,0.047219932079315186,0.6882766485214233,-3.2630701065063477,3.334868907928467,False
train,0.5203167200088501,0.0,0.2990405857563019,0.26933369040489197,0.04496246948838234,0.7762182354927063,-1.4815077781677246,1.6725369691848755,False
test,0.5207334756851196,0.0007936508045531809,0.2995162010192871,0.2695663869380951,0.0428338423371315,0.8380483388900757,0.056232571601867676,0.8399327993392944,False
train,0.5211502313613892,0.007936508394777775,0.3005848526954651,0.2698138952255249,0.040826283395290375,0.8496094346046448,1.3690416812896729,1.6112452745437622,False
train,0.5215669870376587,0.0007936508045531809,0.3021598160266876,0.27005258202552795,0.038932327181100845,0.8007938861846924,2.4948086738586426,2.6201796531677246,False
train,0.5219837427139282,0.0007936508045531809,0.3041732907295227,0.2702591121196747,0.0371452197432518,0.7013200521469116,3.485963821411133,3.5558114051818848,False
train,0.5224004983901978,0.011904762126505375,0.3065808415412903,0.270417183637619,0.03545838221907616,0.5778475999832153,4.407188415527344,4.44490909576416,False
test,0.5228172540664673,0.0015873016091063619,0.30937081575393677,0.27052390575408936,0.0338655486702919,0.4654030203819275,5.339476585388184,5.3597211837768555,False
train,0.5232340097427368,0.0,0.31256595253944397,0.2705913782119751,0.03236088156700134,0.39498773217201233,6.377891540527344,6.390110969543457,False
train,0.5236507654190063,0.0015873016091063619,0.31623026728630066,0.27064043283462524,0.030939115211367607,0.38267606496810913,7.623337745666504,7.632936477661133,False
train,0.5240675210952759,0.0007936508045531809,0.32046979665756226,0.2706955373287201,0.029595086351037025,0.423910915851593,9.16755485534668,9.177350044250488,False
train,0.5244842767715454,0.004761904943734407,0.3254225254058838,0.2707744240760803,0.028323937207460403,0.4945736527442932,11.069464683532715,11.0805082321167,False
test,0.5249010324478149,0.008730159141123295,0.33124035596847534,0.270882248878479,0.027121055871248245,0.5591727495193481,13.329627990722656,13.341351509094238,False
train,0.5253177881240845,0.02142857201397419,0.3380572199821472,0.2710089385509491,0.025982433930039406,0.582329273223877,15.86694622039795,15.877628326416016,False
train,0.525734543800354,0.03015873022377491,0.3459544777870178,0.2711319923400879,0.024904029443860054,0.5419631004333496,18.506458282470703,18.514392852783203,False
train,0.5261512994766235,0.04285714402794838,0.35492175817489624,0.27122342586517334,0.023882128298282623,0.436100035905838,20.983470916748047,20.98800277709961,True
train,0.5265680551528931,0.26428571343421936,0.36482423543930054,0.271260142326355,0.02291315793991089,0.2843474745750427,22.969741821289062,22.97150230407715,True
test,0.5269848108291626,0.3182539641857147,0.3753824830055237,0.2712291181087494,0.02199401892721653,0.11914607882499695,24.124584197998047,24.1248779296875,True
train,0.5274015665054321,0.1587301641702652,0.38618993759155273,0.27113214135169983,0.021121524274349213,-0.025753885507583618,24.16375160217285,24.16376495361328,True
train,0.5278183221817017,0.380952388048172,0.39674070477485657,0.2709830701351166,0.02029288187623024,-0.12696394324302673,22.93429946899414,22.934650421142578,True
train,0.5282350778579712,0.6095238327980042,0.4065096378326416,0.27080193161964417,0.01950540393590927,-0.17826375365257263,20.478431701660156,20.479206085205078,False
train,0.528651773929596,0.5706349015235901,0.41503167152404785,0.27060824632644653,0.018756719306111336,-0.1896742582321167,17.058006286621094,17.05906105041504,False
test,0.5290685296058655,0.8849206566810608,0.4219968318939209,0.27041420340538025,0.018044210970401764,-0.18128177523612976,13.126564979553223,13.127816200256348,False
train,0.529485285282135,0.8420634865760803,0.42730844020843506,0.2702239453792572,0.017365889623761177,-0.1742766797542572,9.249677658081055,9.25131893157959,False
train,0.5299020409584045,0.6007936596870422,0.43111148476600647,0.27003347873687744,0.01671954244375229,-0.18416690826416016,5.984551429748535,5.987384796142578,False
train,0.5303187966346741,0.21587301790714264,0.4337537884712219,0.26983392238616943,0.01610344834625721,-0.21690905094146729,3.758575677871704,3.764829397201538,False
train,0.5307355523109436,0.25555557012557983,0.4357239007949829,0.26961612701416016,0.01551569253206253,-0.26942694187164307,2.786470890045166,2.799466133117676,False
test,0.5311523079872131,0.3896825313568115,0.43754762411117554,0.2693735361099243,0.014954637736082077,-0.3320818543434143,3.047229290008545,3.0652706623077393,False
train,0.5315690636634827,0.3619047701358795,0.4396996796131134,0.2691047787666321,0.014418693259358406,-0.3932337462902069,4.327435493469238,4.3452653884887695,False
train,0.5319858193397522,0.2944444417953491,0.44254082441329956,0.26881298422813416,0.013906391337513924,-0.44336655735969543,6.306361675262451,6.321928024291992,False
train,0.5324025750160217,0.1785714328289032,0.4462890028953552,0.26850318908691406,0.013416389003396034,-0.47754621505737305,8.653833389282227,8.666999816894531,False
train,0.5328193306922913,0.0912698432803154,0.4510398805141449,0.26818224787712097,0.012947404757142067,-0.4978512227535248,11.108268737792969,11.11941909790039,False
test,0.5332360863685608,0.17777778208255768,0.4568038880825043,0.2678537666797638,0.012498206458985806,-0.5124838948249817,13.524006843566895,13.533713340759277,False
train,0.5336528420448303,0.2579365074634552,0.4635535478591919,0.2675192058086395,0.012067717500030994,-0.5334622859954834,15.875853538513184,15.88481330871582,False
train,0.5340695977210999,0.4039682447910309,0.47127431631088257,0.2671717405319214,0.011654849164187908,-0.5740706920623779,18.234424591064453,18.243459701538086,False
train,0.5344863533973694,0.1547619104385376,0.47999027371406555,0.2668015956878662,0.011258679442107677,-0.6453770399093628,20.716182708740234,20.726232528686523,False
train,0.5349031090736389,0.06190476194024086,0.4897753894329071,0.2663939297199249,0.010878239758312702,-0.75380939245224,23.42491340637207,23.43703842163086,True
test,0.5353198647499084,0.12619048357009888,0.5007361769676208,0.2659333050251007,0.010512691922485828,-0.8992981314659119,26.395050048828125,26.41036605834961,True
train,0.535736620426178,0.1388888955116272,0.5129636526107788,0.26540520787239075,0.010161299258470535,-1.0745123624801636,29.547380447387695,29.566911697387695,True
train,0.5361533761024475,0.03412698581814766,0.5264972448348999,0.26480087637901306,0.009823248721659184,-1.2665765285491943,32.67025375366211,32.69479751586914,True
train,0.536570131778717,0.02222222276031971,0.5412565469741821,0.2641153633594513,0.009497868828475475,-1.4593366384506226,35.437705993652344,35.467742919921875,True
train,0.5369868874549866,0.0015873016091063619,0.5570117235183716,0.2633528411388397,0.009184539318084717,-1.6373804807662964,37.47439193725586,37.51014709472656,True
test,0.5374036431312561,0.003968254197388887,0.5733915567398071,0.2625214755535126,0.008882625959813595,-1.7904562950134277,38.46160888671875,38.50326156616211,True
train,0.5378203988075256,0.01825396902859211,0.5899173617362976,0.26163148880004883,0.008591589517891407,-1.9158918857574463,38.25567626953125,38.30362319946289,True
train,0.5382371544837952,0.8357142806053162,0.6061066389083862,0.26069504022598267,0.008310886099934578,-2.0187339782714844,36.975399017333984,37.03046798706055,True
train,0.5386539101600647,0.9396825432777405,0.6215865015983582,0.25971946120262146,0.008040022104978561,-2.108144521713257,35.009788513183594,35.073204040527344,True
train,0.5390706658363342,0.46587300300598145,0.6361836194992065,0.258708119392395,0.007778581697493792,-2.1936802864074707,32.93321228027344,33.00619125366211,True
test,0.5394874215126038,0.02460317499935627,0.649986982345581,0.2576608955860138,0.007526088505983353,-2.2821333408355713,31.360307693481445,31.443235397338867,True
train,0.5399041175842285,0.09047619253396988,0.6633103489875793,0.25657618045806885,0.0072822184301912785,-2.37709903717041,30.787776947021484,30.87940788269043,True
train,0.540320873260498,0.44603174924850464,0.6766397953033447,0.25545012950897217,0.007046517916023731,-2.4807004928588867,31.4740047454834,31.57161521911621,True
train,0.5407376289367676,0.7865079641342163,0.6905022859573364,0.2542794346809387,0.006818675436079502,-2.594930648803711,33.38292694091797,33.4836311340332,True
train,0.5411543846130371,0.711904764175415,0.7053444981575012,0.2530592381954193,0.006598386447876692,-2.7225966453552246,36.193634033203125,36.29589080810547,True
test,0.5415711402893066,0.6166666746139526,0.7214397192001343,0.2517825663089752,0.00638531893491745,-2.8674888610839844,39.36676025390625,39.4710578918457,True
train,0.5419878959655762,0.1071428582072258,0.7388001680374146,0.2504420578479767,0.0061792186461389065,-3.0325798988342285,42.25169372558594,42.360382080078125,True
train,0.5424046516418457,0.32301586866378784,0.7571729421615601,0.24902918934822083,0.005979827605187893,-3.218367576599121,44.22089385986328,44.33785629272461,True
train,0.5428214073181152,0.8682539463043213,0.7760682106018066,0.24753539264202118,0.005786871537566185,-3.4211065769195557,44.80413818359375,44.9345588684082,True
train,0.5432381629943848,0.938095211982727,0.7948536276817322,0.24595580995082855,0.005600153934210539,-3.6323726177215576,43.79832077026367,43.94868469238281,True
test,0.5436549186706543,0.9595237970352173,0.8128821849822998,0.24428929388523102,0.005419446155428886,-3.838726282119751,41.3134651184082,41.491424560546875,True
train,0.5440716743469238,0.9730158448219299,0.8296092748641968,0.24254140257835388,0.0052445498295128345,-4.02423095703125,37.738033294677734,37.95199203491211,True
train,0.5444884300231934,0.9785714149475098,0.8446938395500183,0.24072407186031342,0.0050752735696733,-4.174063205718994,33.62178039550781,33.87989044189453,True
train,0.5449051856994629,0.9634920358657837,0.8580299019813538,0.23885416984558105,0.004911445081233978,-4.279207229614258,29.523019790649414,29.831531524658203,True
train,0.5453219413757324,0.9674603343009949,0.8697202801704407,0.23695063591003418,0.004752893466502428,-4.339473724365234,25.86616325378418,26.22764778137207,True
test,0.545738697052002,0.973809540271759,0.880003035068512,0.23503084480762482,0.0045994604006409645,-4.364800930023193,22.866228103637695,23.27908706665039,True
train,0.5461554527282715,0.9642857313156128,0.8891610503196716,0.23310573399066925,0.004450999666005373,-4.3720598220825195,20.531145095825195,20.991493225097656,True
train,0.546572208404541,0.9579365253448486,0.8974485993385315,0.23117896914482117,0.004307371564209461,-4.380802631378174,18.717937469482422,19.223751068115234,False
train,0.5469889640808105,0.9658730030059814,0.9050377607345581,0.22924582660198212,0.00416844617575407,-4.407717704772949,17.220598220825195,17.775741577148438,False
train,0.5474057197570801,0.9698412418365479,0.9120227694511414,0.22729697823524475,0.004034082870930433,-4.46238374710083,15.846184730529785,16.46251678466797,False
test,0.5478224754333496,0.9904761910438538,0.9184232354164124,0.2253204733133316,0.0039041750133037567,-4.544851303100586,14.46788501739502,15.164938926696777,False
train,0.5482392311096191,0.9833333492279053,0.9242274761199951,0.2233055979013443,0.003778598038479686,-4.646762371063232,13.041903495788574,13.844986915588379,False
train,0.5486559867858887,0.9690476059913635,0.929417610168457,0.22124746441841125,0.003657237160950899,-4.753580570220947,11.59785270690918,12.534221649169922,False
train,0.5490727424621582,0.9690476059913635,0.934003472328186,0.21914835274219513,0.0035399964544922113,-4.84922456741333,10.206561088562012,11.299949645996094,False
train,0.5494894981384277,0.970634937286377,0.9380215406417847,0.21701450645923615,0.0034267620649188757,-4.920253276824951,8.939773559570312,10.204334259033203,False
test,0.5499062538146973,0.9817460179328918,0.9415329098701477,0.21485835313796997,0.0033174389973282814,-4.959146976470947,7.839405536651611,9.276283264160156,False
train,0.5503230094909668,0.9857142567634583,0.9446102976799011,0.212694451212883,0.003211929928511381,-4.9660420417785645,6.8988213539123535,8.500312805175781,False
train,0.5507397651672363,0.9865079522132874,0.9473123550415039,0.21053418517112732,0.0031101370695978403,-4.948025226593018,6.067629814147949,7.829373359680176,False
train,0.5511564612388611,0.9801587462425232,0.9496654272079468,0.2083854079246521,0.0030119926668703556,-4.917402267456055,5.2722554206848145,7.209543704986572,False
train,0.5515732169151306,0.970634937286377,0.9516729116439819,0.20625007152557373,0.0029173700604587793,-4.888200283050537,4.448765754699707,6.609539985656738,False
test,0.5519899725914001,0.9714285731315613,0.9533165693283081,0.20412586629390717,0.0028261973056942225,-4.872551918029785,3.5719993114471436,6.041601181030273,False
train,0.5524067282676697,0.9714285731315613,0.9545776844024658,0.2020048350095749,0.00273839570581913,-4.877677917480469,2.667621612548828,5.5594916343688965,False
train,0.5528234839439392,0.9801587462425232,0.9554612040519714,0.19987836480140686,0.0026538753882050514,-4.9040303230285645,1.806588053703308,5.226210117340088,False
train,0.5532402396202087,0.9658730030059814,0.9560003876686096,0.1977379024028778,0.0025725632440298796,-4.945652484893799,1.0801846981048584,5.0622406005859375,False
train,0.5536569952964783,0.9785714149475098,0.9562695026397705,0.19558006525039673,0.002494368702173233,-4.992204189300537,0.561781644821167,5.023714065551758,False
test,0.5540737509727478,0.9690476059913635,0.9563658833503723,0.19340470433235168,0.0024192207492887974,-5.031996250152588,0.2810392379760742,5.0398383140563965,False
train,0.5544905066490173,0.9730158448219299,0.9563799500465393,0.19121696054935455,0.0023470439482480288,-5.055959224700928,0.20610272884368896,5.0601582527160645,False
train,0.5549072623252869,0.9666666388511658,0.9563837647438049,0.1890239268541336,0.002277759136632085,-5.059474945068359,0.24736511707305908,5.065518379211426,False
train,0.5553240180015564,0.9634920358657837,0.9563990235328674,0.18683506548404694,0.002211296232417226,-5.043710231781006,0.2806084156036377,5.051509857177734,False
train,0.5557407736778259,0.9785714149475098,0.956394612789154,0.18465691804885864,0.002147579798474908,-5.0148234367370605,0.16894376277923584,5.0176682472229,False
test,0.5561575293540955,0.9777777791023254,0.9562849402427673,0.18249264359474182,0.0020865381229668856,-4.981561660766602,-0.20308411121368408,4.985699653625488,False
train,0.556574285030365,0.9849206209182739,0.9559429287910461,0.18034227192401886,0.002028108574450016,-4.95371675491333,-0.9098775386810303,5.036584854125977,False
train,0.5569910407066345,0.9753968119621277,0.9552268981933594,0.17820240557193756,0.00197221920825541,-4.939098358154297,-1.9628608226776123,5.3148393630981445,False
train,0.557407796382904,0.9801587462425232,0.9540017247200012,0.17606596648693085,0.0019188078586012125,-4.942131996154785,-3.300823450088501,5.943072319030762,False
train,0.5578245520591736,0.970634937286377,0.9521766901016235,0.1739255040884018,0.0018678032793104649,-4.962741374969482,-4.783924102783203,6.893093109130859,False
test,0.5582413077354431,0.9817460179328918,0.9497305750846863,0.17177432775497437,0.001819153898395598,-4.996062755584717,-6.199526309967041,7.962083339691162,False
train,0.5586580634117126,0.9801587462425232,0.9467504024505615,0.1696091890335083,0.0017727871891111135,-5.03341007232666,-7.281007766723633,8.851456642150879,False
train,0.5590748190879822,0.9833333492279053,0.9434317946434021,0.1674305498600006,0.0017286526272073388,-5.0643229484558105,-7.744993209838867,9.253771781921387,False
train,0.5594915747642517,0.9571428298950195,0.9400887489318848,0.16524314880371094,0.0016866890946403146,-5.078975200653076,-7.343137741088867,8.928475379943848,False
train,0.5599083304405212,0.9642857313156128,0.9371140003204346,0.16305473446846008,0.0016468447865918279,-5.0712890625,-5.929941177368164,7.802702903747559,False
test,0.5603250861167908,0.9603174328804016,0.9349340200424194,0.16087563335895538,0.0016090651042759418,-5.041134357452393,-3.5224080085754395,6.149828910827637,False
train,0.5607418417930603,0.4126984179019928,0.9339240193367004,0.15871387720108032,0.0015732980100437999,-4.995600700378418,-0.34097325801849365,5.007223606109619,False
train,0.5611585974693298,0.3698412775993347,0.9343242049217224,0.15657290816307068,0.0015394998481497169,-4.948081970214844,3.2009129524230957,5.893162250518799,False
train,0.5615753531455994,0.908730149269104,0.9361729025840759,0.15444998443126678,0.0015076230047270656,-4.915173530578613,6.567179203033447,8.202851295471191,False
train,0.5619921088218689,0.9920634627342224,0.9392858743667603,0.15233631432056427,0.001477621728554368,-4.911849498748779,9.225273132324219,10.451408386230469,False
test,0.5624088644981384,0.9722222089767456,0.9432763457298279,0.1502172201871872,0.0014494541101157665,-4.946833610534668,10.794357299804688,11.873892784118652,False
train,0.5628255605697632,0.9753968119621277,0.9476551413536072,0.14807648956775665,0.001423089997842908,-5.018967151641846,11.154961585998535,12.232056617736816,False
train,0.5632423162460327,0.9825396537780762,0.9519463181495667,0.14590056240558624,0.0013984832912683487,-5.117353439331055,10.471506118774414,11.655031204223633,False
train,0.5636590719223022,0.9817460179328918,0.955786406993866,0.14368227124214172,0.0013756061671301723,-5.224000930786133,9.113020896911621,10.504158020019531,False
train,0.5640758275985718,0.9849206209182739,0.958982527256012,0.14142227172851562,0.001354425330646336,-5.319040775299072,7.5150322914123535,9.206949234008789,False
test,0.5644925832748413,0.9722222089767456,0.9615175127983093,0.13912935554981232,0.001334916683845222,-5.386084079742432,6.0441999435424805,8.095816612243652,False
train,0.5649093389511108,0.9873015880584717,0.9634965658187866,0.13681645691394806,0.0013170555466786027,-5.415829658508301,4.914452075958252,7.313210487365723,False
train,0.5653260946273804,0.9825396537780762,0.9650769233703613,0.13450074195861816,0.0013008202658966184,-5.4082159996032715,4.174564361572266,6.831968307495117,False
train,0.5657428503036499,0.9896825551986694,0.9664084911346436,0.13219565153121948,0.001286195358261466,-5.371463775634766,3.7482497692108154,6.549962043762207,False
train,0.5661596059799194,0.9920634627342224,0.9675941467285156,0.12991072237491608,0.001273163128644228,-5.319626331329346,3.4982142448425293,6.366783142089844,False
test,0.566576361656189,0.9888888597488403,0.9686779379844666,0.12764853239059448,0.001261719036847353,-5.268133163452148,3.2893314361572266,6.2107110023498535,False
train,0.5669931173324585,0.9888888597488403,0.9696577787399292,0.12540650367736816,0.0012518479488790035,-5.229979515075684,3.0295467376708984,6.044074535369873,False
train,0.567409873008728,0.9833333492279053,0.9705036282539368,0.12317744642496109,0.001243553007952869,-5.211889743804932,2.688826560974121,5.864604473114014,False
train,0.5678266286849976,0.9888888597488403,0.9711859226226807,0.12095270305871964,0.0012368327006697655,-5.21368408203125,2.289599895477295,5.69427490234375,False
train,0.5682433843612671,0.9801587462425232,0.9716858267784119,0.11872478574514389,0.0012316979700699449,-5.22930908203125,1.8838766813278198,5.558297157287598,False
test,0.5686601400375366,0.9849206209182739,0.972018837928772,0.11649034917354584,0.0012281490489840508,-5.24981689453125,1.5262643098831177,5.467180252075195,False
train,0.5690768957138062,0.9682539701461792,0.9722109436988831,0.11424873024225235,0.001226206892170012,-5.2667036056518555,1.2515506744384766,5.41336727142334,False
train,0.5694936513900757,0.9698412418365479,0.9722981452941895,0.11200293898582458,0.001225887332111597,-5.2745361328125,1.0663584470748901,5.381250381469727,False
train,0.5699104070663452,0.9865079522132874,0.9723146557807922,0.10975687205791473,0.0012272176099941134,-5.272324562072754,0.9529143571853638,5.3577470779418945,False
train,0.5703271627426147,0.9841269850730896,0.9722862243652344,0.10751443356275558,0.001230226713232696,-5.263312339782715,0.8801364898681641,5.3363938331604,False
test,0.5707439184188843,0.9793650507926941,0.9722211956977844,0.10527712851762772,0.0012349480530247092,-5.25377893447876,0.8175976276397705,5.317016124725342,False
train,0.5711606740951538,0.9801587462425232,0.9721217751502991,0.10304377228021622,0.0012414250522851944,-5.251148223876953,0.7429234981536865,5.303441524505615,False
train,0.5715774297714233,0.9666666388511658,0.9719761610031128,0.1008095070719719,0.001249705790542066,-5.261898040771484,0.6483969688415527,5.30169677734375,False
train,0.5719941854476929,0.9865079522132874,0.9717822670936584,0.0985686331987381,0.0012598433531820774,-5.289405822753906,0.5373704433441162,5.316632270812988,False
train,0.5724109411239624,0.9746031761169434,0.9715297222137451,0.09631375223398209,0.0012719030492007732,-5.332598686218262,0.4230794906616211,5.349355697631836,False
test,0.5728276968002319,0.9865079522132874,0.971226155757904,0.09403979033231735,0.0012859496055170894,-5.38551139831543,0.32425403594970703,5.395264148712158,False
train,0.5732444524765015,0.9674603343009949,0.9708772897720337,0.09174436330795288,0.001302065560594201,-5.438328742980957,0.25821924209594727,5.444455623626709,False
train,0.573661208152771,0.9785714149475098,0.9705012440681458,0.08942980319261551,0.0013203362468630075,-5.479920387268066,0.23332571983337402,5.4848856925964355,False
train,0.5740779042243958,0.9809523820877075,0.9701141715049744,0.0871034786105156,0.0013408501399680972,-5.500831127166748,0.23642587661743164,5.505909442901611,False
train,0.5744946599006653,0.9730158448219299,0.9697190523147583,0.08477416634559631,0.0013637285446748137,-5.496499538421631,0.23040735721588135,5.501326560974121,False
test,0.5749114155769348,0.9777777791023254,0.9693010449409485,0.08245282620191574,0.0013890817062929273,-5.468748092651367,0.15582275390625,5.470967769622803,False
train,0.5753281712532043,0.9904761910438538,0.9688202738761902,0.08014781773090363,0.0014170346548780799,-5.425479412078857,-0.04792642593383789,5.4256911277771,False
train,0.5757449269294739,0.9865079522132874,0.9682101011276245,0.07786300033330917,0.0014477355871349573,-5.3783698081970215,-0.41379380226135254,5.394264221191406,False
train,0.5761616826057434,0.973809540271759,0.9674096703529358,0.07559777051210403,0.0014813311863690615,-5.3394060134887695,-0.9236934185028076,5.41871452331543,False
train,0.5765784382820129,0.976190447807312,0.9663694500923157,0.07334615290164948,0.001518001314252615,-5.31805944442749,-1.507692813873291,5.527647972106934,False
test,0.5769951939582825,0.9785714149475098,0.9650799632072449,0.0710996612906456,0.0015579268801957369,-5.319311618804932,-2.070888042449951,5.708209037780762,False
train,0.577411949634552,0.9746031761169434,0.963566780090332,0.06884913891553879,0.0016013085842132568,-5.343328475952148,-2.54007625579834,5.916345596313477,False
train,0.5778287053108215,0.9912698268890381,0.9618732929229736,0.06658539921045303,0.0016483692452311516,-5.385879039764404,-2.8986659049987793,6.116367816925049,False
train,0.5782454609870911,0.9801587462425232,0.9600396752357483,0.06430231779813766,0.0016993487952277064,-5.439700126647949,-3.193840503692627,6.30800724029541,False
train,0.5786622166633606,0.9849206209182739,0.958075225353241,0.061997223645448685,0.0017545114969834685,-5.495636463165283,-3.5083775520324707,6.520025730133057,False
test,0.5790789723396301,0.9753968119621277,0.9559555649757385,0.05967079475522041,0.001814141171053052,-5.543967247009277,-3.9193456172943115,6.789465427398682,False
train,0.5794957280158997,0.9849206209182739,0.9536284804344177,0.05732867494225502,0.0018785428255796432,-5.5757880210876465,-4.466653823852539,7.144257068634033,False
train,0.5799124836921692,0.9777777791023254,0.9510382413864136,0.05497895926237106,0.0019480660557746887,-5.584270477294922,-5.147510051727295,7.594796657562256,False
train,0.5803292393684387,0.9746031761169434,0.9481340646743774,0.052632253617048264,0.0020230680238455534,-5.565424919128418,-5.93358039855957,8.135190963745117,False
train,0.5807459950447083,0.973809540271759,0.9448814988136292,0.05030051991343498,0.002103941747918725,-5.518790245056152,-6.7975664138793945,8.7557954788208,False
test,0.5811627507209778,0.9714285731315613,0.9412468075752258,0.047994475811719894,0.0021911324001848698,-5.446991920471191,-7.734686851501465,9.460185050964355,False
train,0.5815795063972473,0.9698412418365479,0.9371963739395142,0.0457238145172596,0.0022851035464555025,-5.355288505554199,-8.768315315246582,10.274359703063965,False
train,0.5819962620735168,0.9730158448219299,0.932684063911438,0.043495435267686844,0.0023863574024289846,-5.250164985656738,-9.938424110412598,11.239951133728027,False
train,0.5824130177497864,0.988095223903656,0.9276435971260071,0.041313424706459045,0.0024954499676823616,-5.138366222381592,-11.28566837310791,12.400367736816406,False
train,0.5828297734260559,0.9793650507926941,0.9219979643821716,0.039179477840662,0.002612977521494031,-5.025634288787842,-12.831384658813477,13.780473709106445,False
test,0.5832465291023254,0.9730158448219299,0.9156635403633118,0.03709275647997856,0.002739593153819442,-4.915918827056885,-14.570016860961914,15.376984596252441,False
train,0.583663284778595,0.9769841432571411,0.9085674285888672,0.035051871091127396,0.0028759902343153954,-4.811165809631348,-16.474210739135742,17.162370681762695,False
train,0.5840800404548645,0.9785714149475098,0.9006471037864685,0.03305446729063988,0.003022931283339858,-4.7113494873046875,-18.511234283447266,19.101377487182617,False
train,0.584496796131134,0.976190447807312,0.8918522596359253,0.031098706647753716,0.0031812337692826986,-4.615076541900635,-20.66921043395996,21.178176879882812,True
train,0.5849135518074036,0.9785714149475098,0.8821289539337158,0.029183639213442802,0.0033517840784043074,-4.520193576812744,-22.978595733642578,23.41896629333496,True
test,0.5853302478790283,0.9746031761169434,0.8714026212692261,0.027309389784932137,0.003535508643835783,-4.424379348754883,-25.525798797607422,25.90639877319336,True
train,0.5857470035552979,0.9801587462425232,0.8595409393310547,0.02547631971538067,0.003733502933755517,-4.32523775100708,-28.445701599121094,28.772655487060547,True
train,0.5861637592315674,0.973809540271759,0.8463638424873352,0.023686537519097328,0.003946851473301649,-4.2201972007751465,-31.88692855834961,32.16498565673828,True
train,0.5865805149078369,0.9698412418365479,0.83162522315979,0.02194315195083618,0.004176777321845293,-4.10599946975708,-35.96306228637695,36.19670104980469,True
train,0.5869972705841064,0.9730158448219299,0.815060555934906,0.020250825211405754,0.0044245352037250996,-3.978276252746582,-40.690513610839844,40.884525299072266,True
test,0.587414026260376,0.9714285731315613,0.7964175343513489,0.018616335466504097,0.004691543988883495,-3.8317904472351074,-45.941253662109375,46.10077667236328,True
train,0.5878307819366455,0.9555555582046509,0.7755337357521057,0.01704847440123558,0.004979313816875219,-3.6612770557403564,-51.425899505615234,51.556068420410156,True
train,0.588247537612915,0.932539701461792,0.7524003386497498,0.015558124519884586,0.005289447493851185,-3.463043212890625,-56.722042083740234,56.827659606933594,True
train,0.5886642932891846,0.9285714030265808,0.727199375629425,0.014157131314277649,0.00562365772202611,-3.236537456512451,-61.34660720825195,61.431922912597656,True
train,0.5890810489654541,0.8007936477661133,0.7003046274185181,0.012856586836278439,0.005983829498291016,-2.985173463821411,-64.85078430175781,64.91944885253906,True
test,0.5894978046417236,0.7404761910438538,0.6722638607025146,0.011665472760796547,0.006371908821165562,-2.716254711151123,-66.91455841064453,66.96966552734375,True
train,0.5899145603179932,0.7126984000205994,0.6437050104141235,0.010589026845991611,0.006790058687329292,-2.4395880699157715,-67.40748596191406,67.45161437988281,True
train,0.5903313159942627,0.18174603581428528,0.6152803897857666,0.009628312662243843,0.007240502163767815,-2.165816068649292,-66.40977478027344,66.44508361816406,True
train,0.5907480716705322,0.13809524476528168,0.5875604748725891,0.008779971860349178,0.007725675590336323,-1.9045125246047974,-64.17745208740234,64.20570373535156,True
train,0.5911648273468018,0.16031746566295624,0.560983419418335,0.008037117309868336,0.00824815221130848,-1.6630220413208008,-61.0789794921875,61.10161590576172,True
test,0.5915815830230713,0.05476190522313118,0.5358290672302246,0.007390463724732399,0.008810649625957012,-1.4459401369094849,-57.515419006347656,57.533592224121094,True
train,0.5919983386993408,0.0793650820851326,0.5122106075286865,0.006829327903687954,0.009416063316166401,-1.2551389932632446,-53.848907470703125,53.86353302001953,True
train,0.5924150943756104,0.04047619178891182,0.4901081323623657,0.006342749111354351,0.010067482478916645,-1.0902272462844849,-50.35232925415039,50.364131927490234,True
train,0.5928318500518799,0.06904762238264084,0.4694153666496277,0.005920314230024815,0.010768075473606586,-0.9492217898368835,-47.19230651855469,47.20185089111328,True
train,0.5932486057281494,0.10952381044626236,0.449969619512558,0.005552638787776232,0.011521325446665287,-0.8291766047477722,-44.434844970703125,44.44258117675781,True
test,0.593665361404419,0.12936508655548096,0.4316056966781616,0.005231642629951239,0.012330735102295876,-0.7267705202102661,-42.072723388671875,42.07899856567383,True
train,0.5940821170806885,0.15000000596046448,0.4141662120819092,0.0049507194198668,0.013200108893215656,-0.638763427734375,-40.05584716796875,40.06093978881836,True
train,0.594498872756958,0.15158730745315552,0.39751896262168884,0.004704461432993412,0.0141333919018507,-0.5622580647468567,-38.319862365722656,38.3239860534668,True
train,0.5949156284332275,0.17619048058986664,0.3815605044364929,0.004488610662519932,0.015134647488594055,-0.4948723018169403,-36.80632400512695,36.80965042114258,True
train,0.5953323841094971,0.27142858505249023,0.36620596051216125,0.00429979432374239,0.016208147630095482,-0.4347461760044098,-35.46794891357422,35.470611572265625,True
test,0.5957491397857666,0.3174603283405304,0.3513926565647125,0.004135319031774998,0.017358222976326942,-0.3804963529109955,-34.26915740966797,34.271270751953125,True
train,0.5961658954620361,0.2650793790817261,0.3370662033557892,0.003992960788309574,0.018589485436677933,-0.3311077654361725,-33.1805419921875,33.182193756103516,True
train,0.5965826511383057,0.28730159997940063,0.32318708300590515,0.0038708948995918036,0.019906602799892426,-0.2858232855796814,-32.17366409301758,32.17493438720703,True
train,0.5969993472099304,0.18412698805332184,0.30972838401794434,0.00376757699996233,0.02131408080458641,-0.24405770003795624,-31.218748092651367,31.219701766967773,True
train,0.5974161028862,0.1349206417798996,0.29667139053344727,0.003681659698486328,0.022817224264144897,-0.20529679954051971,-30.28455924987793,30.285255432128906,True
test,0.5978328585624695,0.1865079402923584,0.2840143144130707,0.003612024476751685,0.024420781061053276,-0.16910381615161896,-29.342693328857422,29.343181610107422,True
train,0.598249614238739,0.22063492238521576,0.2717665135860443,0.0035577185917645693,0.026129620149731636,-0.1350783258676529,-28.37160301208496,28.371925354003906,True
train,0.5986663699150085,0.04920634999871254,0.25994035601615906,0.0035179732367396355,0.027948854491114616,-0.10287567228078842,-27.359743118286133,27.359935760498047,True
train,0.5990831255912781,0.0555555559694767,0.24855554103851318,0.0034920969046652317,0.02988322637975216,-0.07222175598144531,-26.308115005493164,26.30821418762207,True
train,0.5994998812675476,0.09841269999742508,0.23762400448322296,0.003479554783552885,0.03193775191903114,-0.04292864724993706,-25.228235244750977,25.228271484375,True
test,0.5999166369438171,0.03730158880352974,0.22715380787849426,0.0034798358101397753,0.034117113798856735,-0.01490059494972229,-24.139358520507812,24.13936424255371,True
train,0.6003333926200867,0.0,0.21714472770690918,0.0034924817737191916,0.036425843834877014,0.011875789612531662,-23.063642501831055,23.063644409179688,True
train,0.6007501482963562,0.0,0.20758572220802307,0.003516978584229946,0.03886834904551506,0.037341732531785965,-22.020732879638672,22.02076530456543,True
train,0.6011669039726257,0.0,0.19846028089523315,0.0035528431180864573,0.041448742151260376,0.06138424202799797,-21.025344848632812,21.025434494018555,True
train,0.6015836596488953,0.0,0.18974564969539642,0.003599494695663452,0.04417094588279724,0.08385360240936279,-20.08573341369629,20.085906982421875,False
test,0.6020004153251648,0.0,0.18141792714595795,0.003656290704384446,0.04703819379210472,0.10457169264554977,-19.204050064086914,19.204334259033203,False
train,0.6024171710014343,0.0,0.1734529733657837,0.003722522174939513,0.05005359277129173,0.1233537346124649,-18.37816047668457,18.37857437133789,False
train,0.6028339266777039,0.0,0.16582803428173065,0.0037974005099385977,0.053219713270664215,0.14002808928489685,-17.602819442749023,17.603376388549805,False
train,0.6032506823539734,0.0,0.1585233062505722,0.0038801042828708887,0.05653850734233856,0.15445509552955627,-16.87129020690918,16.871997833251953,False
train,0.6036674380302429,0.0,0.15152256190776825,0.003969695419073105,0.06001110374927521,0.16655291616916656,-16.17583465576172,16.17669105529785,False
test,0.6040841937065125,0.0,0.14481130242347717,0.004065286833792925,0.06363833695650101,0.17633220553398132,-15.508694648742676,15.509696960449219,False
train,0.604500949382782,0.0,0.13837923109531403,0.004165994934737682,0.06742018461227417,0.18391317129135132,-14.862627029418945,14.863765716552734,False
train,0.6049177050590515,0.0,0.13221892714500427,0.0042710076086223125,0.07135593146085739,0.18955670297145844,-14.232239723205566,14.233501434326172,False
train,0.605334460735321,0.0,0.12632407248020172,0.004379665944725275,0.07544375211000443,0.19367460906505585,-13.614378929138184,13.615756034851074,False
train,0.6057512164115906,0.0,0.12068930268287659,0.0044915028847754,0.07968131452798843,0.19683310389518738,-13.008560180664062,13.010048866271973,False
test,0.6061679720878601,0.0,0.11530967801809311,0.004606321919709444,0.08406504988670349,0.1997259259223938,-12.416947364807129,12.418553352355957,False
train,0.6065847277641296,0.0,0.11017777770757675,0.004724246449768543,0.0885908231139183,0.20314103364944458,-11.842806816101074,11.844549179077148,False
train,0.6070014834403992,0.0007936508045531809,0.10528550297021866,0.004845710936933756,0.09325315803289413,0.20788611471652985,-11.28996753692627,11.29188060760498,False
train,0.6074182391166687,0.0,0.10062293708324432,0.0049714595079422,0.0980459451675415,0.21470333635807037,-10.761408805847168,10.763550758361816,False
train,0.6078349947929382,0.0,0.0961797833442688,0.005102562718093395,0.10296201705932617,0.22419464588165283,-10.2589693069458,10.261418342590332,False
test,0.608251690864563,0.0,0.09194526821374893,0.005240258295089006,0.10799266397953033,0.2367386668920517,-9.783039093017578,9.785902976989746,False
train,0.6086684465408325,0.0,0.08790694177150726,0.005385913420468569,0.11313005536794662,0.25244441628456116,-9.332625389099121,9.336039543151855,False
train,0.609085202217102,0.0,0.08405566960573196,0.005540839862078428,0.11836326122283936,0.27114588022232056,-8.906513214111328,8.910639762878418,False
train,0.6095019578933716,0.0007936508045531809,0.08038065582513809,0.005706258583813906,0.12368176132440567,0.29245010018348694,-8.503268241882324,8.508296012878418,False
train,0.6099187135696411,0.0,0.07687243074178696,0.005883151199668646,0.12907393276691437,0.31580138206481934,-8.121856689453125,8.1279935836792,False
test,0.6103354692459106,0.0,0.07352263480424881,0.006072300020605326,0.1345275491476059,0.340606689453125,-7.761615753173828,7.769085884094238,False
train,0.6107522249221802,0.0007936508045531809,0.07032217085361481,0.006274179555475712,0.14002874493598938,0.36631327867507935,-7.421438694000244,7.430473327636719,False
train,0.6111689805984497,0.0031746032182127237,0.06726294010877609,0.00648910878226161,0.14556433260440826,0.392475426197052,-7.099596977233887,7.110436916351318,False
train,0.6115857362747192,0.0,0.06433805823326111,0.006717173848301172,0.15112003684043884,0.41871416568756104,-6.793185234069824,6.806077003479004,False
train,0.6120024919509888,0.0007936508045531809,0.06154131889343262,0.006958333775401115,0.15668106079101562,0.444652259349823,-6.49850606918335,6.513700485229492,False
test,0.6124192476272583,0.0,0.0588688962161541,0.007212396245449781,0.1622322052717209,0.46977728605270386,-6.212120056152344,6.229857444763184,False
train,0.6128360033035278,0.0007936508045531809,0.056317802518606186,0.00747881131246686,0.16775818169116974,0.4933117926120758,-5.931754112243652,5.9522318840026855,False
train,0.6132527589797974,0.0031746032182127237,0.05388536676764488,0.0077567072585225105,0.17324450612068176,0.5141760110855103,-5.6572699546813965,5.680588245391846,False
train,0.6136695146560669,0.0015873016091063619,0.05156896263360977,0.008044659160077572,0.1786743551492691,0.5310378074645996,-5.3907928466796875,5.4168853759765625,False
train,0.6140862703323364,0.0031746032182127237,0.04936410114169121,0.008340679109096527,0.18403291702270508,0.5425032377243042,-5.136190891265869,5.164762020111084,False
test,0.614503026008606,0.0,0.0472651906311512,0.008642241358757019,0.18930499255657196,0.5473805665969849,-4.898268222808838,4.928758144378662,False
train,0.6149197816848755,0.0031746032182127237,0.04526393115520477,0.008946368470788002,0.19447603821754456,0.5449733734130859,-4.681368350982666,4.712982654571533,False
train,0.615336537361145,0.0031746032182127237,0.04335085302591324,0.009249983355402946,0.19953064620494843,0.535301148891449,-4.488563060760498,4.520370006561279,False
train,0.6157532930374146,0.0023809524718672037,0.04151598736643791,0.009550108574330807,0.2044551819562912,0.5191848278045654,-4.320815086364746,4.351895809173584,False
train,0.6161700487136841,0.0015873016091063619,0.03974844142794609,0.009844365529716015,0.20923632383346558,0.49817800521850586,-4.176347732543945,4.205955505371094,False
test,0.6165868043899536,0.0,0.03803952783346176,0.010130999609827995,0.2138620764017105,0.47432011365890503,-4.050592422485352,4.078269004821777,False
train,0.6170035600662231,0.0007936508045531809,0.036382853984832764,0.010409287177026272,0.21831847727298737,0.4498634338378906,-3.936380624771118,3.962003231048584,False
train,0.6174203157424927,0.0023809524718672037,0.03477531671524048,0.010679325088858604,0.22259512543678284,0.42695605754852295,-3.824852705001831,3.8486087322235107,False
train,0.6178370714187622,0.0015873016091063619,0.033217642456293106,0.01094208937138319,0.22668194770812988,0.40741658210754395,-3.706699848175049,3.729022979736328,False
train,0.6182538270950317,0.003968254197388887,0.03171437978744507,0.011199227534234524,0.23056912422180176,0.39263245463371277,-3.574153184890747,3.5956544876098633,False
test,0.6186705827713013,0.0023809524718672037,0.030272260308265686,0.011452816426753998,0.23424787819385529,0.38354039192199707,-3.4224753379821777,3.443899154663086,False
train,0.6190873384475708,0.0015873016091063619,0.028899673372507095,0.011705293320119381,0.237711563706398,0.3806825280189514,-3.251199245452881,3.2734103202819824,False
train,0.6195040345191956,0.0007936508045531809,0.02760418690741062,0.011959182098507881,0.24095213413238525,0.38431820273399353,-3.0643959045410156,3.0884013175964355,False
train,0.6199207901954651,0.0023809524718672037,0.026390448212623596,0.012217175215482712,0.243965744972229,0.3944656252861023,-2.8696305751800537,2.896615743637085,False
train,0.6203375458717346,0.0007936508045531809,0.025259796530008316,0.01248179841786623,0.24674801528453827,0.4109094738960266,-2.676771640777588,2.70812726020813,False
test,0.6207543015480042,0.0,0.02420921064913273,0.012755518779158592,0.24929441511631012,0.43310442566871643,-2.495903253555298,2.5332021713256836,False
train,0.6211710572242737,0.0023809524718672037,0.023231981322169304,0.013040432706475258,0.25160375237464905,0.4600311517715454,-2.335613250732422,2.3804867267608643,False
train,0.6215878129005432,0.0023809524718672037,0.022317977622151375,0.013338025659322739,0.25367406010627747,0.49003785848617554,-2.2016046047210693,2.2554821968078613,False
train,0.6220045685768127,0.0015873016091063619,0.021455921232700348,0.013649084605276585,0.25550588965415955,0.5207808613777161,-2.0959951877593994,2.159723997116089,False
train,0.6224213242530823,0.003968254197388887,0.02063404954969883,0.013973149470984936,0.25709986686706543,0.5492780208587646,-2.0172815322875977,2.0907249450683594,False
test,0.6228380799293518,0.0023809524718672037,0.019841933622956276,0.01430855505168438,0.2584570348262787,0.5722225904464722,-1.9611642360687256,2.042940139770508,False
train,0.6232548356056213,0.0031746032182127237,0.0190715529024601,0.014652181416749954,0.25958171486854553,0.5864630937576294,-1.921668291091919,2.0091660022735596,False
train,0.6236715912818909,0.0063492064364254475,0.018317172303795815,0.014999734237790108,0.2604762017726898,0.5896841883659363,-1.8924827575683594,1.9822256565093994,False
train,0.6240883469581604,0.0063492064364254475,0.017575742676854134,0.015346365049481392,0.26114508509635925,0.5810379385948181,-1.867977499961853,1.9562578201293945,False
train,0.6245051026344299,0.004761904943734407,0.016846327111124992,0.01568714901804924,0.26159414649009705,0.5615735054016113,-1.843761920928955,1.9273875951766968,False
test,0.6249218583106995,0.0031746032182127237,0.01612929068505764,0.016018081456422806,0.26182863116264343,0.5342668294906616,-1.8166338205337524,1.8935679197311401,False
train,0.625338613986969,0.0031746032182127237,0.015426450408995152,0.016336610540747643,0.2618559002876282,0.5035997629165649,-1.7842687368392944,1.8539762496948242,False
train,0.6257553696632385,0.0,0.01474035158753395,0.01664244942367077,0.26168280839920044,0.474713534116745,-1.7446935176849365,1.808122992515564,False
train,0.6261721253395081,0.0015873016091063619,0.01407421100884676,0.016937175765633583,0.2613166570663452,0.4523116946220398,-1.6959863901138306,1.7552651166915894,False
train,0.6265888810157776,0.004761904943734407,0.013432195410132408,0.017224226146936417,0.2607665956020355,0.4397989511489868,-1.6364561319351196,1.6945240497589111,False
test,0.6270056366920471,0.0015873016091063619,0.012819121591746807,0.017508072778582573,0.26004108786582947,0.4386151134967804,-1.565010666847229,1.6253128051757812,False
train,0.6274223923683167,0.0023809524718672037,0.012239906936883926,0.017793193459510803,0.25914788246154785,0.44811776280403137,-1.4816490411758423,1.5479319095611572,False
train,0.6278391480445862,0.0015873016091063619,0.011699222959578037,0.01808362640440464,0.25809818506240845,0.46590444445610046,-1.3878809213638306,1.4639947414398193,False
train,0.6282559037208557,0.0023809524718672037,0.011200787499547005,0.018381958827376366,0.25690069794654846,0.4883619546890259,-1.286728024482727,1.3762871026992798,False
train,0.6286726593971252,0.0,0.010746946558356285,0.01868927851319313,0.2555648982524872,0.5114138722419739,-1.1823318004608154,1.28819739818573,False
test,0.6290894150733948,0.0,0.010337986052036285,0.01900489628314972,0.254101037979126,0.5311922430992126,-1.079221487045288,1.2028650045394897,False
train,0.6295061707496643,0.0,0.00997256301343441,0.019326748326420784,0.2525184154510498,0.5445975661277771,-0.9816137552261353,1.1225649118423462,False
train,0.6299229264259338,0.0,0.00964753981679678,0.01965172402560711,0.25082850456237793,0.5497397184371948,-0.892802894115448,1.0484801530838013,False
train,0.6303396821022034,0.0,0.009358840063214302,0.019976165145635605,0.24903981387615204,0.5461392402648926,-0.814941942691803,0.9810190796852112,False
train,0.6307563781738281,0.0,0.00910157896578312,0.020296378061175346,0.2471625804901123,0.5347064733505249,-0.7490794658660889,0.9203429222106934,False
test,0.6311731338500977,0.0,0.008870560675859451,0.02060972899198532,0.2452063411474228,0.5174846649169922,-0.6953922510147095,0.86681067943573,False
train,0.6315898895263672,0.0,0.008660809136927128,0.02091418020427227,0.24318106472492218,0.4971888065338135,-0.6535417437553406,0.8211659789085388,False
train,0.6320066452026367,0.0,0.008467421866953373,0.02120904065668583,0.24109628796577454,0.4766123294830322,-0.62281733751297,0.7842580676078796,False
train,0.6324234008789062,0.0,0.008285985328257084,0.02149464748799801,0.2389611005783081,0.4581120014190674,-0.6022379994392395,0.756675124168396,False
train,0.6328401565551758,0.0,0.008112394250929356,0.021772263571619987,0.23678337037563324,0.4432770013809204,-0.5905174016952515,0.7383801937103271,False
test,0.6332569122314453,0.0,0.007943318225443363,0.02204359509050846,0.23457302153110504,0.4327418804168701,-0.5860403776168823,0.7284976840019226,False
train,0.6336736679077148,0.0,0.007776088081300259,0.022310340777039528,0.23233816027641296,0.4262985289096832,-0.5868884921073914,0.7253747582435608,False
train,0.6340904235839844,0.0,0.007608884479850531,0.02257404662668705,0.2300865352153778,0.423093318939209,-0.5909465551376343,0.7267914414405823,False
train,0.6345071792602539,0.0,0.007440831977874041,0.0228358693420887,0.2278262972831726,0.4219350814819336,-0.5961403846740723,0.7303509712219238,False
train,0.6349239349365234,0.0,0.0072718290612101555,0.02309633046388626,0.22556404769420624,0.42153534293174744,-0.6006350517272949,0.733794629573822,False
test,0.635340690612793,0.0,0.007102432195097208,0.023355554789304733,0.2233080267906189,0.4207337200641632,-0.6030397415161133,0.7353052496910095,False
train,0.6357574462890625,0.0,0.006933793891221285,0.023613115772604942,0.22106386721134186,0.4186234474182129,-0.6024722456932068,0.7336336970329285,False
train,0.636174201965332,0.0,0.006767190061509609,0.023868411779403687,0.21883812546730042,0.41465285420417786,-0.5985106229782104,0.7281153798103333,False
train,0.6365909576416016,0.0,0.006604036316275597,0.02412058785557747,0.21663764119148254,0.4086504578590393,-0.5910625457763672,0.7185750603675842,False
train,0.6370077133178711,0.0,0.006445851642638445,0.024368824437260628,0.21446697413921356,0.40078240633010864,-0.5801872611045837,0.7051551342010498,False
test,0.6374244689941406,0.0,0.00629388215020299,0.024612482637166977,0.21233215928077698,0.3915884494781494,-0.5659531354904175,0.688218355178833,False
train,0.6378412246704102,0.0,0.006149624940007925,0.024851173162460327,0.2102375030517578,0.38185128569602966,-0.5483744144439697,0.6682252287864685,False
train,0.6382579803466797,0.0,0.006014354061335325,0.02508494257926941,0.20818842947483063,0.37251338362693787,-0.5274226665496826,0.6457095742225647,False
train,0.6386747360229492,0.0,0.005889527499675751,0.025314081460237503,0.20618851482868195,0.364513635635376,-0.5031799077987671,0.6213374137878418,False
train,0.6390914916992188,0.0,0.005776395555585623,0.025539342314004898,0.20424245297908783,0.3586301803588867,-0.47598183155059814,0.5959650278091431,False
test,0.6395082473754883,0.0,0.005676026456058025,0.025761887431144714,0.20235316455364227,0.3552159070968628,-0.4465656578540802,0.5706130266189575,False
train,0.6399250030517578,0.0007936508045531809,0.005589086562395096,0.025982500985264778,0.2005249559879303,0.35409456491470337,-0.4161168932914734,0.5463846921920776,False
train,0.6403417587280273,0.0,0.005515704397112131,0.0262022502720356,0.19875971972942352,0.35450685024261475,-0.3861691355705261,0.5242153406143188,False
train,0.6407585144042969,0.0,0.005455268081277609,0.02642141655087471,0.19706158339977264,0.3552713990211487,-0.35838115215301514,0.504633367061615,False
train,0.6411752700805664,0.0,0.005406585987657309,0.02664000354707241,0.19543202221393585,0.35505765676498413,-0.3342623710632324,0.48764461278915405,False
test,0.6415920257568359,0.0,0.005367834120988846,0.026857376098632812,0.1938745528459549,0.35280320048332214,-0.31490880250930786,0.47290343046188354,False
train,0.6420087814331055,0.0,0.0053369151428341866,0.027072498574852943,0.19239026308059692,0.3480457365512848,-0.30080175399780273,0.460019052028656,False
train,0.6424254775047302,0.0,0.005311640445142984,0.02728443033993244,0.19098174571990967,0.34123361110687256,-0.2917480170726776,0.4489513039588928,False
train,0.6428422331809998,0.0,0.005290028639137745,0.02749272622168064,0.18965017795562744,0.3336542248725891,-0.28690171241760254,0.4400428831577301,False
train,0.6432589888572693,0.0,0.005270566791296005,0.02769741602241993,0.1883978694677353,0.32725027203559875,-0.28493577241897583,0.4339137375354767,False
test,0.6436757445335388,0.0,0.005252387374639511,0.02789939194917679,0.18722523748874664,0.32414013147354126,-0.28429022431373596,0.4311470091342926,False
train,0.6440925002098083,0.0,0.005235249642282724,0.028100568801164627,0.18613427877426147,0.326034814119339,-0.2834640443325043,0.4320307672023773,False
train,0.6445092558860779,0.0,0.005219457671046257,0.02830318734049797,0.18512538075447083,0.3338497579097748,-0.2813217043876648,0.4365748167037964,False
train,0.6449260115623474,0.0,0.005205745808780193,0.028509847819805145,0.18419992923736572,0.3474106192588806,-0.27727845311164856,0.44449687004089355,False
train,0.6453427672386169,0.0,0.005194915924221277,0.02872270531952381,0.18335816264152527,0.3655673861503601,-0.2713812291622162,0.4552881419658661,False
test,0.6457595229148865,0.0,0.0051876395009458065,0.028943343088030815,0.18260148167610168,0.3864874243736267,-0.26422247290611267,0.468173086643219,False
train,0.646176278591156,0.0,0.0051843347027897835,0.029172509908676147,0.1819297820329666,0.4081520438194275,-0.256754070520401,0.4821936786174774,False
train,0.6465930342674255,0.0,0.00518488185480237,0.029410170391201973,0.18134398758411407,0.42871803045272827,-0.2500288188457489,0.4962998628616333,False
train,0.6470097899436951,0.0,0.0051888213492929935,0.02965562418103218,0.18084396421909332,0.446725070476532,-0.2449667900800705,0.5094821453094482,False
train,0.6474265456199646,0.0,0.005195333156734705,0.02990751527249813,0.18043069541454315,0.46101778745651245,-0.2421785145998001,0.5207569599151611,False
test,0.6478433012962341,0.0,0.0052034687250852585,0.03016413375735283,0.18010327219963074,0.4706707000732422,-0.2418835163116455,0.5291866660118103,False
train,0.6482600569725037,0.0,0.005212174728512764,0.030423440039157867,0.17986264824867249,0.4747852087020874,-0.24390862882137299,0.5337718725204468,False
train,0.6486768126487732,0.0,0.005220629740506411,0.030683012679219246,0.17970818281173706,0.47267019748687744,-0.24777203798294067,0.5336741805076599,False
train,0.6490935683250427,0.0,0.005228165537118912,0.030940210446715355,0.17964069545269012,0.46411624550819397,-0.2528153955936432,0.528506875038147,False
train,0.6495103240013123,0.0,0.00523442542180419,0.031192446127533913,0.17965909838676453,0.4497487545013428,-0.25834548473358154,0.5186678171157837,False
test,0.6499270796775818,0.0,0.005239297170192003,0.031437650322914124,0.17976456880569458,0.43129438161849976,-0.26377439498901367,0.5055608749389648,False
train,0.6503438353538513,0.0,0.005242933984845877,0.03167474642395973,0.17995502054691315,0.4114271402359009,-0.26872244477272034,0.4914102554321289,False
train,0.6507605910301208,0.0,0.005245512817054987,0.03190387040376663,0.18023191392421722,0.39344626665115356,-0.27305930852890015,0.47891685366630554,False
train,0.6511773467063904,0.0,0.005247241817414761,0.03212646022439003,0.18059378862380981,0.38048356771469116,-0.27689921855926514,0.47057509422302246,False
train,0.6515941023826599,0.0,0.005248235072940588,0.032345205545425415,0.18104061484336853,0.3747999370098114,-0.2805178463459015,0.46815088391304016,False
test,0.6520108580589294,0.0,0.005248554516583681,0.03256332501769066,0.18157178163528442,0.3772367537021637,-0.28423255681991577,0.47233009338378906,False
train,0.652427613735199,0.0,0.005248090717941523,0.03278422728180885,0.18218716979026794,0.38693633675575256,-0.28826552629470825,0.48251086473464966,False
train,0.6528443694114685,0.0,0.005246717482805252,0.03301040455698967,0.1828857660293579,0.40157660841941833,-0.2926369607448578,0.49689051508903503,False
train,0.653261125087738,0.0,0.005244325380772352,0.033243440091609955,0.18366731703281403,0.41788405179977417,-0.2971069812774658,0.5127373933792114,False
train,0.6536778211593628,0.0,0.005241054110229015,0.03348323702812195,0.18453088402748108,0.4323956370353699,-0.3012021481990814,0.5269618034362793,False
test,0.6540945768356323,0.0,0.005237167235463858,0.033728424459695816,0.18547505140304565,0.4421840310096741,-0.3043270707130432,0.536788284778595,False
train,0.6545113325119019,0.0,0.005233210977166891,0.0339767150580883,0.18650031089782715,0.44542810320854187,-0.3059268891811371,0.540367841720581,False
train,0.6549280881881714,0.0,0.005229924339801073,0.03422517701983452,0.18760429322719574,0.44153112173080444,-0.3056437075138092,0.5369988679885864,False
train,0.6553448438644409,0.0,0.005228081252425909,0.034470994025468826,0.1887875348329544,0.43102481961250305,-0.30344992876052856,0.527128279209137,False
train,0.6557615995407104,0.0,0.005228436551988125,0.03471166640520096,0.1900472342967987,0.41521936655044556,-0.2997015714645386,0.5120821595191956,False
test,0.65617835521698,0.0,0.005231446120887995,0.03494536131620407,0.19138336181640625,0.3959294855594635,-0.2950851321220398,0.4937969148159027,False
train,0.6565951108932495,0.0,0.00523725152015686,0.03517123684287071,0.19279438257217407,0.37540608644485474,-0.2904832661151886,0.47466859221458435,False
train,0.657011866569519,0.0,0.005245652515441179,0.035389140248298645,0.19427892565727234,0.35621434450149536,-0.28678542375564575,0.45731231570243835,False
train,0.6574286222457886,0.0,0.005256093107163906,0.035600416362285614,0.1958351880311966,0.3412896990776062,-0.28471246361732483,0.444454550743103,False
train,0.6578453779220581,0.0,0.005267755128443241,0.03580756112933159,0.19746245443820953,0.33374226093292236,-0.28467974066734314,0.43866440653800964,False
test,0.6582621335983276,0.0,0.0052797612734138966,0.036014117300510406,0.1991579234600067,0.3363495171070099,-0.2867729663848877,0.4420064687728882,False
train,0.6586788892745972,0.0,0.005291236098855734,0.03622486814856529,0.20092062652111053,0.35105887055397034,-0.29079994559288025,0.4558584690093994,False
train,0.6590956449508667,0.0007936508045531809,0.005301515571773052,0.03644503280520439,0.20274798572063446,0.37826788425445557,-0.2964150607585907,0.4805710017681122,False
train,0.6595124006271362,0.0,0.005310019012540579,0.03667958080768585,0.20463871955871582,0.4163503348827362,-0.3032645583152771,0.5150893330574036,False
train,0.6599291563034058,0.0007936508045531809,0.005316371563822031,0.03693229332566261,0.20658986270427704,0.4614938497543335,-0.3111206591129303,0.5565721988677979,False
test,0.6603459119796753,0.0007936508045531809,0.005320225842297077,0.03720507398247719,0.20860035717487335,0.5080397725105286,-0.31995126605033875,0.6003941893577576,False
train,0.6607626676559448,0.0,0.005321240518242121,0.03749709576368332,0.2106660157442093,0.5491123199462891,-0.32993462681770325,0.6406100392341614,False
train,0.6611794233322144,0.0007936508045531809,0.005318941082805395,0.03780467435717583,0.21278615295886993,0.5779691934585571,-0.3413837254047394,0.6712609529495239,False
train,0.6615961790084839,0.0,0.005312670953571796,0.038121506571769714,0.21495619416236877,0.589316189289093,-0.35464292764663696,0.6877973675727844,False
train,0.6620129346847534,0.0,0.005301658995449543,0.038439638912677765,0.21717539429664612,0.5805699825286865,-0.36995211243629456,0.6884228587150574,False
test,0.662429690361023,0.0,0.005285054910928011,0.03875085711479187,0.2194390594959259,0.5526698231697083,-0.38732069730758667,0.674878716468811,False
train,0.6628464460372925,0.0007936508045531809,0.005261978600174189,0.039048027247190475,0.22174523770809174,0.5100404024124146,-0.40644556283950806,0.6521803736686707,False
train,0.663263201713562,0.0023809524718672037,0.005231794901192188,0.03932640329003334,0.22409053146839142,0.4598096013069153,-0.4266746938228607,0.6272767782211304,False
train,0.6636799573898315,0.0007936508045531809,0.005194147117435932,0.03958463668823242,0.22647124528884888,0.4104328751564026,-0.44701212644577026,0.606856644153595,False
train,0.6640967130661011,0.0023809524718672037,0.0051492019556462765,0.03982466086745262,0.228883758187294,0.3699381351470947,-0.46617141366004944,0.5951218605041504,False
test,0.6645134687423706,0.0007936508045531809,0.005097676068544388,0.04005185887217522,0.23132574558258057,0.34466007351875305,-0.4826822280883789,0.5931043028831482,False
train,0.6649301648139954,0.0007936508045531809,0.005041010212153196,0.040273092687129974,0.23379157483577728,0.3381004333496094,-0.49503645300865173,0.599477231502533,False
train,0.6653469204902649,0.0,0.004981142468750477,0.04049670323729515,0.23627975583076477,0.3507067561149597,-0.5019044876098633,0.612293541431427,False
train,0.6657636761665344,0.0,0.0049206567928195,0.04073005169630051,0.23878531157970428,0.37982624769210815,-0.5023328065872192,0.6297668218612671,False
train,0.666180431842804,0.0,0.0048623718321323395,0.04097916558384895,0.24130390584468842,0.4204097390174866,-0.49594342708587646,0.65015709400177,False
test,0.6665971875190735,0.0,0.004809150472283363,0.04124728590250015,0.2438320368528366,0.4658232033252716,-0.4830300509929657,0.6710508465766907,False
train,0.667013943195343,0.0007936508045531809,0.004763594828546047,0.041535068303346634,0.24636593461036682,0.5089819431304932,-0.4645909070968628,0.6891351938247681,False
train,0.6674306988716125,0.0,0.004727770108729601,0.0418400876224041,0.24890084564685822,0.543546199798584,-0.4422200620174408,0.700714647769928,False
train,0.6678474545478821,0.0,0.004702940583229065,0.04215795174241066,0.25143328309059143,0.565117597579956,-0.41792160272598267,0.7028629779815674,False
train,0.6682642102241516,0.0,0.004689491353929043,0.04248269274830818,0.25395822525024414,0.571989893913269,-0.3938687741756439,0.6944818496704102,False
test,0.6686809659004211,0.0007936508045531809,0.004686886444687843,0.04280819371342659,0.2564719617366791,0.5653618574142456,-0.3721502125263214,0.6768528819084167,False
train,0.6690977215766907,0.0,0.004693758673965931,0.04312968626618385,0.2589699625968933,0.5487531423568726,-0.3545266389846802,0.6533139944076538,False
train,0.6695144772529602,0.0,0.004708075430244207,0.043443843722343445,0.26144808530807495,0.5268653631210327,-0.3422389030456543,0.6282631754875183,False
train,0.6699312329292297,0.0,0.004727434832602739,0.04374947398900986,0.2639021873474121,0.5041825771331787,-0.33587467670440674,0.605815052986145,False
train,0.6703479886054993,0.0,0.0047493563033640385,0.04404694214463234,0.26632794737815857,0.48405158519744873,-0.3353196978569031,0.588850736618042,False
test,0.6707647442817688,0.0,0.004771507810801268,0.04433780163526535,0.26872116327285767,0.46820273995399475,-0.33980613946914673,0.5785170793533325,False
train,0.6711814999580383,0.0007936508045531809,0.004792018793523312,0.044623855501413345,0.27107858657836914,0.45710813999176025,-0.34803304076194763,0.5745214223861694,False
train,0.6715982556343079,0.0,0.004809658043086529,0.044907096773386,0.2733953297138214,0.45039379596710205,-0.35839390754699707,0.5755873322486877,False
train,0.6720150113105774,0.0,0.004823877941817045,0.0451892726123333,0.27566787600517273,0.4475044310092926,-0.36921581625938416,0.580155611038208,False
train,0.6724317669868469,0.0,0.004834824241697788,0.04547171667218208,0.27789244055747986,0.4480229616165161,-0.37901514768600464,0.5868364572525024,False
test,0.6728485226631165,0.0,0.004843147937208414,0.04575582593679428,0.28006476163864136,0.45172253251075745,-0.38665440678596497,0.5946048498153687,False
train,0.673265278339386,0.0,0.004849934950470924,0.04604291915893555,0.282182514667511,0.4585634171962738,-0.39145761728286743,0.6029257774353027,False
train,0.6736820340156555,0.0,0.004856450017541647,0.04633420333266258,0.28424158692359924,0.4685436189174652,-0.3932008743286133,0.6116698384284973,False
train,0.674098789691925,0.0,0.004863944835960865,0.04663114994764328,0.2862391173839569,0.4816674590110779,-0.39207249879837036,0.6210671067237854,False
train,0.6745155453681946,0.0,0.00487356074154377,0.04693467542529106,0.2881723642349243,0.4976513385772705,-0.38857218623161316,0.6313835382461548,False
test,0.6749323010444641,0.0,0.004886153154075146,0.04724619537591934,0.29003778100013733,0.5159050226211548,-0.3834502696990967,0.6428002119064331,False
train,0.6753490567207336,0.0,0.004902219399809837,0.047566112130880356,0.2918335199356079,0.535248875617981,-0.37759846448898315,0.6550358533859253,False
train,0.6757658123970032,0.0,0.004921936895698309,0.04789474233984947,0.2935568392276764,0.5538023114204407,-0.37200111150741577,0.6671445369720459,False
train,0.6761825084686279,0.0,0.004944995045661926,0.04823087155818939,0.2952055037021637,0.5691293478012085,-0.3676348030567169,0.6775422692298889,False
train,0.6765992641448975,0.0,0.00497072609141469,0.04857289418578148,0.29677852988243103,0.5784245729446411,-0.365388959646225,0.6841667294502258,False
test,0.677016019821167,0.0,0.004998085089027882,0.048917464911937714,0.2982732355594635,0.5791233777999878,-0.3659592568874359,0.6850621104240417,False
train,0.6774327754974365,0.0,0.00502582686021924,0.04926082119345665,0.29968857765197754,0.5694471001625061,-0.36973682045936584,0.678951621055603,False
train,0.677849531173706,0.0,0.005052587483078241,0.04959826171398163,0.3010236322879791,0.549087405204773,-0.376730740070343,0.6659001708030701,False
train,0.6782662868499756,0.0,0.00507703609764576,0.04992564767599106,0.30227741599082947,0.519798994064331,-0.38652151823043823,0.6477575898170471,False
train,0.6786830425262451,0.0,0.005098180379718542,0.0502399317920208,0.3034496009349823,0.4855569005012512,-0.39830219745635986,0.6280208230018616,False
test,0.6790997982025146,0.0,0.005115299019962549,0.05054033175110817,0.3045392632484436,0.4523528814315796,-0.410989910364151,0.6111757755279541,False
train,0.6795165538787842,0.0,0.0051282853819429874,0.050828609615564346,0.30554673075675964,0.4274163842201233,-0.42337766289711,0.6016089916229248,False
train,0.6799333095550537,0.0,0.005137408617883921,0.051109809428453445,0.3064722418785095,0.4178125262260437,-0.4343259036540985,0.6026660203933716,False
train,0.6803500652313232,0.0,0.005143478978425264,0.05139134079217911,0.3073160648345947,0.4287920296192169,-0.4429328739643097,0.6164836883544922,False
train,0.6807668209075928,0.0,0.005147632211446762,0.05168236792087555,0.3080792725086212,0.4621924161911011,-0.4486342668533325,0.6441230773925781,False
test,0.6811835765838623,0.0,0.0051511977799236774,0.05199184641242027,0.30876225233078003,0.5156509280204773,-0.45123326778411865,0.6852060556411743,False
train,0.6816003322601318,0.0,0.005155499558895826,0.05232684686779976,0.30936652421951294,0.5824415683746338,-0.4508501887321472,0.7365487813949585,False
train,0.6820170879364014,0.0,0.005161841865628958,0.05269072577357292,0.30989426374435425,0.6526380181312561,-0.4478324353694916,0.7915113568305969,False
train,0.6824338436126709,0.0,0.005171334370970726,0.0530826710164547,0.31034618616104126,0.7146209478378296,-0.4426487386226654,0.8406075239181519,False
train,0.6828505992889404,0.0,0.00518488185480237,0.05349685996770859,0.31072431802749634,0.7573508620262146,-0.43582212924957275,0.8737970590591431,False
test,0.68326735496521,0.0,0.005203064996749163,0.05392308533191681,0.31103193759918213,0.7722537517547607,-0.427904337644577,0.8828805088996887,False
train,0.6836841106414795,0.0,0.005226274020969868,0.054348982870578766,0.31127023696899414,0.7552715539932251,-0.4194960594177246,0.8639513850212097,False
train,0.684100866317749,0.0,0.005254531279206276,0.054761238396167755,0.3114420175552368,0.7077906131744385,-0.41132012009620667,0.8186280131340027,False
train,0.6845176219940186,0.0,0.005287485662847757,0.05514826625585556,0.31155064702033997,0.6370269060134888,-0.40426573157310486,0.754476010799408,False
train,0.6849343776702881,0.0,0.005324316211044788,0.05550289899110794,0.3115985095500946,0.5552494525909424,-0.3994445204734802,0.6840013861656189,False
test,0.6853511333465576,0.0,0.00536371860653162,0.055823732167482376,0.31158965826034546,0.47802603244781494,-0.3981280028820038,0.6221051216125488,False
train,0.6857678890228271,0.0,0.005403850693255663,0.05611614137887955,0.3115251362323761,0.4215129315853119,-0.40161359310150146,0.5822083950042725,False
train,0.6861846446990967,0.0,0.005442343652248383,0.05639136582612991,0.3114110827445984,0.3994278013706207,-0.4109727144241333,0.573097825050354,False
train,0.6866014003753662,0.0,0.005476600024849176,0.05666603520512581,0.3112497925758362,0.4200294017791748,-0.42678916454315186,0.5988101959228516,False
train,0.6870181560516357,0.0,0.0055040111765265465,0.056958261877298355,0.31104424595832825,0.4839223623275757,-0.4488619863986969,0.6600438952445984,False
test,0.6874349117279053,0.0,0.005522194784134626,0.057284653186798096,0.31079989671707153,0.5831727981567383,-0.47610384225845337,0.7528381943702698,False
train,0.68785160779953,0.0,0.005529599264264107,0.05765686556696892,0.3105194866657257,0.7019566893577576,-0.5065732598304749,0.8656556010246277,False
train,0.6882683634757996,0.0,0.005525548942387104,0.05807878449559212,0.310206800699234,0.8190742135047913,-0.5377944707870483,0.9798496961593628,False
train,0.6886851191520691,0.0,0.005510472226887941,0.058544792234897614,0.3098667562007904,0.9118008613586426,-0.5671201944351196,1.0737812519073486,False
train,0.6891018748283386,0.0,0.005485824774950743,0.059040617197752,0.3095030188560486,0.9607053995132446,-0.5921674966812134,1.1285464763641357,False
test,0.6895186305046082,0.0,0.005453893449157476,0.05954500660300255,0.3091188073158264,0.9543301463127136,-0.6111278533935547,1.1332358121871948,False
train,0.6899353861808777,0.0,0.0054174261167645454,0.0600346140563488,0.30871981382369995,0.8922842741012573,-0.6228880882263184,1.0881915092468262,False
train,0.6903521418571472,0.0,0.005379464477300644,0.0604882538318634,0.30830901861190796,0.7860829830169678,-0.627051830291748,1.005544900894165,False
train,0.6907688975334167,0.0,0.0053429799154400826,0.06089157983660698,0.3078916072845459,0.6567906141281128,-0.6238412857055664,0.905843198299408,False
train,0.6911856532096863,0.0,0.005310670472681522,0.061240386217832565,0.30747002363204956,0.5303324460983276,-0.6139818429946899,0.8113114237785339,False
test,0.6916024088859558,0.0,0.005284941289573908,0.06154107674956322,0.30705055594444275,0.43173277378082275,-0.5985875129699707,0.7380380630493164,False
train,0.6920191645622253,0.0,0.0052676149643957615,0.0618097223341465,0.30663609504699707,0.37978750467300415,-0.5790491104125977,0.6924856901168823,False
train,0.6924359202384949,0.0,0.005260024685412645,0.06206788867712021,0.3062306046485901,0.38361531496047974,-0.5569366216659546,0.6762685179710388,False
train,0.6928526759147644,0.0,0.005262884311378002,0.06233885884284973,0.3058392405509949,0.44157299399375916,-0.5339174866676331,0.6928597092628479,False
train,0.6932694315910339,0.0007936508045531809,0.005276307463645935,0.06264310330152512,0.30546537041664124,0.5423508882522583,-0.5117172598838806,0.7456534504890442,False
test,0.6936861872673035,0.0,0.005299730692058802,0.0629950538277626,0.305112361907959,0.6678489446640015,-0.49207308888435364,0.8295530080795288,False
train,0.694102942943573,0.0,0.005331897642463446,0.06340035796165466,0.304784893989563,0.7966804504394531,-0.4766566753387451,0.928386390209198,False
train,0.6945196986198425,0.0,0.005370964761823416,0.06385617703199387,0.30448681116104126,0.9082169532775879,-0.4669604003429413,1.02122962474823,False
train,0.6949364542961121,0.0,0.005414430517703295,0.06435143947601318,0.30422189831733704,0.9860179424285889,-0.46413591504096985,1.0897952318191528,False
train,0.6953532099723816,0.0,0.005459402687847614,0.06487014889717102,0.30399349331855774,1.0203365087509155,-0.4688195288181305,1.1228883266448975,False
test,0.6957699656486511,0.0,0.005502784159034491,0.0653931125998497,0.3038060963153839,1.0094588994979858,-0.4809744656085968,1.1181877851486206,False
train,0.6961867213249207,0.0,0.005541578866541386,0.06590288877487183,0.3036625385284424,0.9594519138336182,-0.4998473525047302,1.08184814453125,False
train,0.6966034770011902,0.0,0.005573184695094824,0.06638544052839279,0.3035666346549988,0.8825316429138184,-0.5240307450294495,1.026387095451355,False
train,0.6970202326774597,0.0,0.005595671012997627,0.06683290004730225,0.30352094769477844,0.7944692373275757,-0.551647424697876,0.9672105312347412,False
train,0.6974369883537292,0.0,0.005607886239886284,0.06724376231431961,0.30353018641471863,0.7116538286209106,-0.580578625202179,0.9184349179267883,False
test,0.6978537440299988,0.0,0.0056096226908266544,0.06762368977069855,0.3035970628261566,0.6483379006385803,-0.6087588667869568,0.8893421292304993,False
train,0.6982704997062683,0.0,0.005601474549621344,0.0679829940199852,0.30372416973114014,0.6145591735839844,-0.6343768239021301,0.8832422494888306,False
train,0.6986872553825378,0.0,0.005584804341197014,0.06833533197641373,0.3039152920246124,0.6150249242782593,-0.6560449004173279,0.8992500305175781,False
train,0.6991039514541626,0.0,0.005561433266848326,0.06869475543498993,0.30417290329933167,0.6491091251373291,-0.6728578805923462,0.9349226951599121,False
train,0.6995207071304321,0.0,0.005533544812351465,0.06907448172569275,0.30449992418289185,0.7112804055213928,-0.6844301223754883,0.9870989918708801,False
test,0.6999374628067017,0.0,0.005503445863723755,0.06948445737361908,0.3048994839191437,0.7921838760375977,-0.690853476524353,1.0511107444763184,False
train,0.7003542184829712,0.0,0.005473301745951176,0.06993003934621811,0.3053741157054901,0.8799691200256348,-0.6926562190055847,1.1198742389678955,False
train,0.7007709741592407,0.0,0.00544497137889266,0.07041126489639282,0.30592599511146545,0.9617366790771484,-0.6907569766044617,1.1840957403182983,False
train,0.7011877298355103,0.0,0.005419907160103321,0.07092328369617462,0.30655813217163086,1.02505624294281,-0.686400294303894,1.233647346496582,False
train,0.7016044855117798,0.0,0.005398898385465145,0.0714559555053711,0.3072729706764221,1.059767484664917,-0.6810386776924133,1.2597304582595825,False
test,0.7020212411880493,0.0,0.005382115487009287,0.07199617475271225,0.30807244777679443,1.059446096420288,-0.6762178540229797,1.2568598985671997,False
train,0.7024379968643188,0.0,0.005369008984416723,0.07252860069274902,0.30895859003067017,1.0226361751556396,-0.6733629107475281,1.224419116973877,False
train,0.7028547525405884,0.0,0.005358476657420397,0.0730389729142189,0.3099340498447418,0.9534732103347778,-0.6735530495643616,1.1673837900161743,False
train,0.7032715082168579,0.0,0.005349002778530121,0.0735153779387474,0.3110005557537079,0.8613688349723816,-0.6772792935371399,1.095747947692871,False
train,0.7036882638931274,0.0,0.0053390022367239,0.07395137846469879,0.3121598958969116,0.7596889734268188,-0.6842918395996094,1.0224395990371704,False
test,0.704105019569397,0.0,0.005327130202203989,0.07434598356485367,0.31341418623924255,0.6641004085540771,-0.6935819387435913,0.9602527022361755,False
train,0.7045217752456665,0.0,0.00531260808929801,0.07470491528511047,0.31476500630378723,0.5899924039840698,-0.7035731673240662,0.9182081818580627,False
train,0.704938530921936,0.0,0.00529540004208684,0.07504025846719742,0.3162139654159546,0.5501872897148132,-0.7125129103660583,0.9002114534378052,False
train,0.7053552865982056,0.0,0.0052762143313884735,0.07536811381578445,0.31776168942451477,0.552538275718689,-0.7188694477081299,0.9066817760467529,False
train,0.7057720422744751,0.0,0.005256386008113623,0.07570654153823853,0.3194110095500946,0.5978537201881409,-0.7216611504554749,0.9371359944343567,False
test,0.7061887979507446,0.0,0.005237520672380924,0.07607220858335495,0.3211619257926941,0.6786606311798096,-0.7205584049224854,0.9898407459259033,False
train,0.7066055536270142,0.0,0.005221379455178976,0.07647687941789627,0.32301655411720276,0.7798701524734497,-0.7157865166664124,1.0585592985153198,False
train,0.7070223093032837,0.0,0.0052094957791268826,0.0769253820180893,0.324974924325943,0.8812621235847473,-0.7079246640205383,1.1303894519805908,False
train,0.7074390649795532,0.0,0.005203196778893471,0.07741297781467438,0.3270389139652252,0.9617856740951538,-0.6977003812789917,1.1881992816925049,False
train,0.7078558206558228,0.0,0.0052034188993275166,0.07792756706476212,0.3292083144187927,1.0054116249084473,-0.6858454346656799,1.2170606851577759,False
test,0.7082725763320923,0.0,0.005210761912167072,0.07845180481672287,0.33148425817489624,1.005198359489441,-0.67304927110672,1.2097185850143433,False
train,0.7086893320083618,0.0,0.005225493106991053,0.07896830886602402,0.3338671624660492,0.965492844581604,-0.6599684953689575,1.1695019006729126,False
train,0.7091060876846313,0.0,0.0052474867552518845,0.07946299016475677,0.33635783195495605,0.9001524448394775,-0.6472781300544739,1.1087125539779663,False
train,0.7095228433609009,0.0,0.005276364739984274,0.07992932945489883,0.3389551639556885,0.8281551599502563,-0.6357595920562744,1.0440455675125122,False
train,0.7099395990371704,0.0,0.005311307031661272,0.0803682878613472,0.3416607677936554,0.7678508758544922,-0.6263298392295837,0.9909005761146545,False
test,0.7103562951087952,0.0,0.005351165309548378,0.08078798651695251,0.3444722592830658,0.7325155735015869,-0.620029091835022,0.9596953392028809,False
train,0.7107730507850647,0.0,0.00539433816447854,0.08120042830705643,0.34739235043525696,0.7277935743331909,-0.6179155707359314,0.9547267556190491,False
train,0.7111898064613342,0.0,0.005438853520900011,0.08161786943674088,0.35041865706443787,0.7520190477371216,-0.6208962202072144,0.9752152562141418,False
train,0.7116065621376038,0.0,0.005482551641762257,0.08205165714025497,0.35355085134506226,0.7980020642280579,-0.6295640468597412,1.0164438486099243,False
train,0.7120233178138733,0.0,0.005523058585822582,0.0825083926320076,0.3567880392074585,0.8556240200996399,-0.6440211534500122,1.070913553237915,False
test,0.7124400734901428,0.0,0.005558144301176071,0.08299089968204498,0.3601298928260803,0.9144814014434814,-0.663801908493042,1.1300040483474731,False
train,0.7128568291664124,0.0,0.005585893057286739,0.08349782973527908,0.36357352137565613,0.9656606316566467,-0.6878703236579895,1.18560791015625,False
train,0.7132735848426819,0.0,0.0056049032136797905,0.08402440696954727,0.36711978912353516,1.0029226541519165,-0.7146843671798706,1.23151433467865,False
train,0.7136903405189514,0.0,0.00561447674408555,0.08456467092037201,0.37076494097709656,1.0231107473373413,-0.7423691153526306,1.2640678882598877,False
train,0.714107096195221,0.0,0.005614748690277338,0.08511070162057877,0.3745087683200836,1.0261121988296509,-0.7688722014427185,1.2822132110595703,False
test,0.7145238518714905,0.0,0.005606638267636299,0.08565610647201538,0.37834757566452026,1.0145199298858643,-0.7922242283821106,1.2871946096420288,False
train,0.71494060754776,0.0,0.005591787397861481,0.08619600534439087,0.38228049874305725,0.9930844902992249,-0.810746431350708,1.28200101852417,False
train,0.7153573632240295,0.0,0.005572503432631493,0.08672734349966049,0.3863045573234558,0.9676083922386169,-0.8232455253601074,1.270432710647583,False
train,0.7157741189002991,0.0,0.005551353562623262,0.08724962174892426,0.390417218208313,0.9443061947822571,-0.8291656970977783,1.2566741704940796,False
train,0.7161908745765686,0.0,0.005531082395464182,0.0877651795744896,0.39461439847946167,0.9281478524208069,-0.8286682367324829,1.2442466020584106,False
test,0.7166076302528381,0.0,0.005514168180525303,0.08827736973762512,0.39889517426490784,0.9222612380981445,-0.8225792050361633,1.2358002662658691,False
train,0.7170243859291077,0.0,0.0055026947520673275,0.08879133313894272,0.4032527208328247,0.9271631836891174,-0.8122819662094116,1.232653021812439,False
train,0.7174411416053772,0.0,0.00549802090972662,0.08931059390306473,0.4076867997646332,0.9404575824737549,-0.7995040416717529,1.234369158744812,False
train,0.7178578972816467,0.0,0.005500850733369589,0.08983796834945679,0.41219162940979004,0.9578227400779724,-0.7860620617866516,1.239079475402832,False
train,0.7182746529579163,0.0,0.005511111114174128,0.09037438035011292,0.4167637825012207,0.9738913774490356,-0.7736176252365112,1.2437639236450195,False
test,0.7186914086341858,0.0,0.0055281720124185085,0.09091775864362717,0.42139798402786255,0.9835464954376221,-0.7634778022766113,1.2450952529907227,False
train,0.7191081643104553,0.0,0.005550857167690992,0.09146507829427719,0.4260905086994171,0.9834490418434143,-0.7564746141433716,1.2407360076904297,False
train,0.7195249199867249,0.0,0.005577760748565197,0.09201174974441528,0.4308362901210785,0.9725955724716187,-0.7529234886169434,1.2299740314483643,False
train,0.7199416756629944,0.0,0.005607502534985542,0.09255359321832657,0.4356309473514557,0.9529024362564087,-0.7526524066925049,1.2142934799194336,False
train,0.7203584313392639,0.0,0.00563878333196044,0.09308809041976929,0.4404672384262085,0.9286137819290161,-0.7551121711730957,1.196878433227539,False
test,0.7207751870155334,0.0,0.005670564249157906,0.09361421316862106,0.4453423023223877,0.9056897759437561,-0.759508490562439,1.1820013523101807,False
train,0.721191942691803,0.0,0.005702182184904814,0.09413373470306396,0.4502490162849426,0.8898085355758667,-0.7649776935577393,1.1734352111816406,False
train,0.7216086387634277,0.0,0.005733375903218985,0.09465084969997406,0.4551803171634674,0.8855102062225342,-0.7707408666610718,1.173954725265503,False
train,0.7220253944396973,0.0,0.005764120724052191,0.09517060965299606,0.4601346552371979,0.8942866921424866,-0.7762577533721924,1.1841979026794434,False
train,0.7224421501159668,0.0,0.005794657859951258,0.09569868445396423,0.465101033449173,0.9143702983856201,-0.7812919020652771,1.2027010917663574,False
test,0.7228589057922363,0.0,0.005825134925544262,0.09623830765485764,0.470076322555542,0.9412251710891724,-0.7859258055686951,1.2262072563171387,False
train,0.7232756614685059,0.0,0.005855743773281574,0.09679123759269714,0.4750521779060364,0.968382716178894,-0.7905421257019043,1.2500888109207153,False
train,0.7236924171447754,0.0,0.0058864508755505085,0.09735632687807083,0.4800248146057129,0.9894267320632935,-0.7957002520561218,1.2696866989135742,False
train,0.7241091728210449,0.0,0.005916863679885864,0.09792981296777725,0.48498424887657166,0.9994866251945496,-0.802036464214325,1.281497597694397,False
train,0.7245259284973145,0.0,0.005946454592049122,0.09850657731294632,0.48992711305618286,0.9964932203292847,-0.8101344108581543,1.284257173538208,False
test,0.724942684173584,0.0,0.005974374711513519,0.09908151626586914,0.49484434723854065,0.9819972515106201,-0.8204193711280823,1.2796119451522827,False
train,0.7253594398498535,0.0,0.005999638698995113,0.09965015947818756,0.49973100423812866,0.960671067237854,-0.8330768942832947,1.271576166152954,False
train,0.725776195526123,0.0,0.006021285895258188,0.10021189600229263,0.5045775771141052,0.9395469427108765,-0.8480358719825745,1.265667200088501,False
train,0.7261929512023926,0.0,0.006038333754986525,0.10076770186424255,0.5093812942504883,0.9257450103759766,-0.8650030493736267,1.26697838306427,False
train,0.7266097068786621,0.0,0.006050034426152706,0.10132201761007309,0.5141342282295227,0.9248606562614441,-0.8835085034370422,1.2790443897247314,False
test,0.7270264625549316,0.0,0.006055918987840414,0.10188105702400208,0.5188290476799011,0.9390078783035278,-0.9030094146728516,1.3027516603469849,False
train,0.7274432182312012,0.0,0.00605567405000329,0.10245036333799362,0.5234583616256714,0.9662084579467773,-0.9229336380958557,1.3361756801605225,False
train,0.7278599739074707,0.0,0.0060493238270282745,0.10303427278995514,0.5280189514160156,1.0008586645126343,-0.9427288770675659,1.3749384880065918,False
train,0.7282767295837402,0.0,0.006037067621946335,0.1036348044872284,0.5325012803077698,1.035186767578125,-0.9618616700172424,1.4130779504776,False
train,0.7286934852600098,0.0,0.0060193827375769615,0.10424960404634476,0.5369018912315369,1.0615683794021606,-0.9797894954681396,1.4446158409118652,False
test,0.7291102409362793,0.0,0.0059969462454319,0.10487451404333115,0.5412125587463379,1.0746150016784668,-0.9959498047828674,1.465166687965393,False
train,0.7295269966125488,0.0,0.00597061263397336,0.10550279170274734,0.5454307794570923,1.0726410150527954,-1.0097495317459106,1.4731438159942627,False
train,0.7299437522888184,0.0,0.005941497627645731,0.10612920671701431,0.5495474934577942,1.0580679178237915,-1.020621418952942,1.4700937271118164,False
train,0.7303605079650879,0.0,0.005910961888730526,0.10674943774938583,0.553560197353363,1.0369727611541748,-1.0280531644821167,1.460207462310791,False
train,0.7307772636413574,0.0,0.005880448035895824,0.10736197978258133,0.5574631690979004,1.0172340869903564,-1.0316864252090454,1.4488416910171509,False
test,0.731194019317627,0.0,0.0058515602722764015,0.10796955227851868,0.5612505674362183,1.0067858695983887,-1.0313856601715088,1.4413098096847534,False
train,0.7316107749938965,0.0,0.005825904663652182,0.10857672989368439,0.5649195313453674,1.0113236904144287,-1.0272809267044067,1.4415552616119385,False
train,0.732027530670166,0.0,0.005805031396448612,0.10919100046157837,0.5684669613838196,1.0328595638275146,-1.0198066234588623,1.4514834880828857,False
train,0.7324442863464355,0.0,0.005790179595351219,0.10981818288564682,0.5718867182731628,1.069021224975586,-1.0096373558044434,1.470433235168457,False
train,0.7328610420227051,0.0,0.005782418884336948,0.11046376824378967,0.5751771330833435,1.1135661602020264,-0.9976502656936646,1.4951038360595703,False
test,0.7332777380943298,0.0,0.005782319698482752,0.11112888902425766,0.5783354043960571,1.1579442024230957,-0.9847896695137024,1.5200806856155396,False
train,0.7336944937705994,0.0,0.005790157709270716,0.11181242018938065,0.5813577175140381,1.1932382583618164,-0.9719750881195068,1.5390104055404663,False
train,0.7341112494468689,0.0,0.0058057853020727634,0.11250825226306915,0.5842428207397461,1.2128552198410034,-0.959971010684967,1.5467909574508667,False
train,0.7345280051231384,0.0,0.00582875544205308,0.11320939660072327,0.5869878530502319,1.214086651802063,-0.9493386149406433,1.541184663772583,False
train,0.734944760799408,0.0,0.005858427844941616,0.1139080598950386,0.5895934700965881,1.1989736557006836,-0.9403836727142334,1.5237648487091064,False
test,0.7353615164756775,0.0,0.005894088186323643,0.11459916085004807,0.5920577645301819,1.1740893125534058,-0.9331727623939514,1.4997657537460327,False
train,0.735778272151947,0.0,0.0059349425137043,0.11527994275093079,0.5943790078163147,1.148362398147583,-0.9275768995285034,1.476189374923706,False
train,0.7361950278282166,0.0,0.005980359390377998,0.11595218628644943,0.5965591073036194,1.1309921741485596,-0.9233261346817017,1.4600255489349365,False
train,0.7366117835044861,0.0,0.006029820069670677,0.11662045121192932,0.5985958576202393,1.1281720399856567,-0.9201101660728455,1.4558073282241821,False
train,0.7370285391807556,0.0,0.006082914303988218,0.11729162931442261,0.6004933714866638,1.1415437459945679,-0.9176146984100342,1.4646292924880981,False
test,0.7374452948570251,0.0,0.0061394572257995605,0.11797136813402176,0.6022500991821289,1.1669280529022217,-0.9155865907669067,1.4832463264465332,False
train,0.7378620505332947,0.0,0.006199322175234556,0.11866353452205658,0.6038681864738464,1.1955524682998657,-0.9138432741165161,1.5048106908798218,False
train,0.7382788062095642,0.0,0.006262460257858038,0.11936634033918381,0.6053503751754761,1.2160102128982544,-0.9122501015663147,1.520158290863037,False
train,0.7386955618858337,0.0,0.006328843999654055,0.12007427960634232,0.6066999435424805,1.2180086374282837,-0.910673975944519,1.52081298828125,False
train,0.7391123175621033,0.0,0.006398532073944807,0.12077841907739639,0.6079162955284119,1.1952776908874512,-0.9089248180389404,1.5016101598739624,False
test,0.7395290732383728,0.0,0.006471611093729734,0.12146786600351334,0.6090054512023926,1.1477177143096924,-0.9067187309265137,1.4626669883728027,False
train,0.7399458289146423,0.0,0.006548266392201185,0.12213362008333206,0.6099690198898315,1.082129955291748,-0.9036583304405212,1.409824013710022,False
train,0.7403625845909119,0.0,0.006628834642469883,0.12277045845985413,0.6108132004737854,1.011131763458252,-0.8992658853530884,1.3531690835952759,False
train,0.7407793402671814,0.0,0.006713890004903078,0.12337950617074966,0.6115406155586243,0.9504337310791016,-0.8930705785751343,1.3041852712631226,False
train,0.7411960959434509,0.0,0.006804122589528561,0.12396779656410217,0.6121560335159302,0.9152622818946838,-0.884727954864502,1.2729684114456177,False
test,0.7416128516197205,0.0007936508045531809,0.006900451146066189,0.12454890459775925,0.6126645803451538,0.9167630076408386,-0.874125063419342,1.2667080163955688,False
train,0.74202960729599,0.0,0.007003746461123228,0.12513886392116547,0.6130726337432861,0.9591138958930969,-0.8614696264266968,1.2891972064971924,False
train,0.7424463629722595,0.0,0.007114844862371683,0.12575456500053406,0.6133832335472107,1.0381089448928833,-0.8473146557807922,1.340004563331604,False
train,0.742863118648529,0.0,0.007234309334307909,0.1264086812734604,0.6136040687561035,1.141823172569275,-0.8324778079986572,1.4130744934082031,False
train,0.7432798743247986,0.0,0.00736236572265625,0.1271079182624817,0.6137396693229675,1.252936601638794,-0.8179240226745605,1.4962786436080933,False
test,0.7436966300010681,0.0,0.007498880382627249,0.12785136699676514,0.6137992739677429,1.3529284000396729,-0.8045551776885986,1.574078917503357,False
train,0.7441133856773376,0.0,0.007643367629498243,0.1286311149597168,0.6137859225273132,1.4259809255599976,-0.7930335998535156,1.6316629648208618,False
train,0.7445300817489624,0.0,0.0077950553968548775,0.12943316996097565,0.6137089729309082,1.462742805480957,-0.7836014032363892,1.6594117879867554,False
train,0.7449468374252319,0.0,0.007953200489282608,0.13024258613586426,0.6135727763175964,1.461840271949768,-0.7760193347930908,1.6550477743148804,False
train,0.7453635931015015,0.0,0.008117139339447021,0.1310441941022873,0.6133860945701599,1.429479956626892,-0.7695767879486084,1.623471975326538,False
test,0.745780348777771,0.0,0.008286571130156517,0.13182735443115234,0.6131551265716553,1.3773609399795532,-0.7631871700286865,1.5746675729751587,False
train,0.7461971044540405,0.0,0.00846162997186184,0.13258661329746246,0.6128882169723511,1.3189936876296997,-0.7555622458457947,1.5200718641281128,False
train,0.7466138601303101,0.0,0.008643067441880703,0.13332189619541168,0.6125908493995667,1.2663438320159912,-0.7453513145446777,1.4694132804870605,False
train,0.7470306158065796,0.0,0.008832049556076527,0.13403739035129547,0.6122730374336243,1.2274973392486572,-0.7312613725662231,1.4288082122802734,False
train,0.7474473714828491,0.0,0.009030485525727272,0.13473990559577942,0.6119397282600403,1.2057679891586304,-0.7120672464370728,1.400327205657959,False
test,0.7478641271591187,0.0,0.009240619838237762,0.1354362517595291,0.6116005182266235,1.2002735137939453,-0.6866205334663391,1.3827886581420898,False
train,0.7482808828353882,0.0,0.009465300478041172,0.13613274693489075,0.611261785030365,1.2077527046203613,-0.6537712812423706,1.373347520828247,False
train,0.7486976385116577,0.0,0.009707832708954811,0.13683359324932098,0.6109322309494019,1.224055528640747,-0.6123403310775757,1.3686754703521729,False
train,0.7491143941879272,0.0,0.009972114115953445,0.13754229247570038,0.6106170415878296,1.2451061010360718,-0.5611863136291504,1.3657302856445312,False
train,0.7495311498641968,0.0,0.01026233658194542,0.1382594108581543,0.610328197479248,1.2675553560256958,-0.4992491602897644,1.3623311519622803,False
test,0.7499479055404663,0.0007936508045531809,0.01058327779173851,0.13898545503616333,0.6100676655769348,1.288414478302002,-0.4257422685623169,1.3569334745407104,False
train,0.7503646612167358,0.0,0.010939732193946838,0.13971862196922302,0.6098474264144897,1.3048419952392578,-0.3403826355934143,1.3485076427459717,False
train,0.7507814168930054,0.0,0.011336674913764,0.14045728743076324,0.6096708178520203,1.3141716718673706,-0.24366521835327148,1.3365702629089355,False
train,0.7511981725692749,0.0015873016091063619,0.011778448708355427,0.14119704067707062,0.609548807144165,1.3137799501419067,-0.13711464405059814,1.3209155797958374,False
train,0.7516149282455444,0.0,0.012268608435988426,0.14193426072597504,0.6094856858253479,1.3016505241394043,-0.02356433868408203,1.3018637895584106,False
test,0.752031683921814,0.0,0.012809219770133495,0.14266322553157806,0.6094908118247986,1.276921272277832,0.09281957149505615,1.2802903652191162,False
train,0.7524484395980835,0.0015873016091063619,0.013400206342339516,0.14337915182113647,0.6095699071884155,1.2405116558074951,0.20661091804504395,1.2575998306274414,False
train,0.752865195274353,0.0,0.014039134606719017,0.14407753944396973,0.6097314357757568,1.195281744003296,0.3116413354873657,1.2352403402328491,False
train,0.7532819509506226,0.0,0.014721043407917023,0.14475591480731964,0.6099792718887329,1.1462749242782593,0.40177083015441895,1.2146464586257935,False
train,0.7536987066268921,0.0031746032182127237,0.015438382513821125,0.14541390538215637,0.6103225350379944,1.0999011993408203,0.4718191623687744,1.1968274116516113,False
test,0.7541154623031616,0.003968254197388887,0.016181964427232742,0.14605437219142914,0.6107648015022278,1.06313157081604,0.5186405181884766,1.1828933954238892,False
train,0.7545322179794312,0.0007936508045531809,0.016941847279667854,0.14668233692646027,0.6113162040710449,1.0424151420593262,0.5417592525482178,1.174790382385254,False
train,0.7549489736557007,0.0,0.01770848222076893,0.14730602502822876,0.6119783520698547,1.0423705577850342,0.543515682220459,1.1755619049072266,False
train,0.7553657293319702,0.0,0.01847393810749054,0.1479342132806778,0.612761378288269,1.0651135444641113,0.5285079479217529,1.189028024673462,False
train,0.755782425403595,0.0634920671582222,0.019232235848903656,0.14857688546180725,0.6136694550514221,1.109553337097168,0.5025382041931152,1.2180531024932861,False
test,0.7561991810798645,0.05000000074505806,0.019980350509285927,0.1492418646812439,0.6147037744522095,1.1710933446884155,0.4711787700653076,1.2623268365859985,False
train,0.756615936756134,0.03650793805718422,0.020716974511742592,0.14993463456630707,0.6158758997917175,1.2421202659606934,0.4386221170425415,1.3172897100448608,False
train,0.7570326924324036,0.02460317499935627,0.02144220471382141,0.1506577581167221,0.6171869039535522,1.3125948905944824,0.4066575765609741,1.3741455078125,False
train,0.7574494481086731,0.0476190485060215,0.022156324237585068,0.15140841901302338,0.6186423897743225,1.3716177940368652,0.3744344711303711,1.4218075275421143,False
train,0.7578662037849426,0.0436507947742939,0.02285865880548954,0.15217991173267365,0.6202466487884521,1.4098069667816162,0.33857643604278564,1.4498929977416992,False
test,0.7582829594612122,0.04920634999871254,0.02354671247303486,0.15296201407909393,0.6220049262046814,1.4213134050369263,0.29372966289520264,1.4513472318649292,False
train,0.7586997151374817,0.0515873022377491,0.024215571582317352,0.15374372899532318,0.6239201426506042,1.4055962562561035,0.23345434665679932,1.424851417541504,False
train,0.7591164708137512,0.03888889029622078,0.0248571764677763,0.15451453626155853,0.625995934009552,1.3678046464920044,0.15130126476287842,1.3761473894119263,False
train,0.7595332264900208,0.04603174701333046,0.025461506098508835,0.15526732802391052,0.6282358169555664,1.3173582553863525,0.04187321662902832,1.3180235624313354,False
train,0.7599499821662903,0.05238095298409462,0.026016201823949814,0.15599852800369263,0.6306459307670593,1.2656344175338745,-0.09825348854064941,1.2694425582885742,False
test,0.7603667378425598,0.0595238097012043,0.02650820091366768,0.15671108663082123,0.633222222328186,1.2230890989303589,-0.2697943449020386,1.2524919509887695,False
train,0.7607834935188293,0.04047619178891182,0.02692481316626072,0.15740923583507538,0.6359726786613464,1.1967695951461792,-0.47033780813217163,1.2858752012252808,False
train,0.7612002491950989,0.06031746044754982,0.027254898101091385,0.15810154378414154,0.638897180557251,1.1893284320831299,-0.6945105195045471,1.377260684967041,False
train,0.7616170048713684,0.0555555559694767,0.027490418404340744,0.15879546105861664,0.6419989466667175,1.1994946002960205,-0.9342538714408875,1.5204005241394043,False
train,0.7620337605476379,0.05476190522313118,0.027627039700746536,0.15949766337871552,0.6452764272689819,1.2232751846313477,-1.179729700088501,1.6994600296020508,False
test,0.7624505162239075,0.05714285746216774,0.027664517983794212,0.16021256148815155,0.6487346887588501,1.2558813095092773,-1.420364499092102,1.8959623575210571,False
train,0.762867271900177,0.0555555559694767,0.027607185766100883,0.16094376146793365,0.6523705124855042,1.2930010557174683,-1.646040439605713,2.0931556224823,False
train,0.7632840275764465,0.0555555559694767,0.027463389560580254,0.16169175505638123,0.6561862826347351,1.3313584327697754,-1.8482918739318848,2.2778713703155518,False
train,0.7637007832527161,0.05079365149140358,0.027244174852967262,0.16245689988136292,0.6601817607879639,1.3690025806427002,-2.021243095397949,2.441227436065674,False
train,0.7641175389289856,0.05793650820851326,0.02696266956627369,0.1632385104894638,0.6643564701080322,1.404322862625122,-2.1623711585998535,2.5783660411834717,False
test,0.7645342946052551,0.05317460373044014,0.026632051914930344,0.16403569281101227,0.6687071323394775,1.4357678890228271,-2.272768020629883,2.6882901191711426,False
train,0.7649510502815247,0.05793650820851326,0.02626454085111618,0.16484616696834564,0.6732330322265625,1.4612654447555542,-2.3570642471313477,2.7732739448547363,False
train,0.7653678059577942,0.05079365149140358,0.0258693378418684,0.1656673103570938,0.6779325008392334,1.4786388874053955,-2.4228739738464355,2.8384311199188232,False
train,0.7657845616340637,0.05793650820851326,0.025452397763729095,0.1664951890707016,0.6828035712242126,1.4858546257019043,-2.4795422554016113,2.8906562328338623,False
train,0.7662013173103333,0.0634920671582222,0.025015579536557198,0.1673254370689392,0.6878403425216675,1.482064962387085,-2.5364787578582764,2.937727212905884,False
test,0.7666180729866028,0.04920634999871254,0.024557186290621758,0.1681535542011261,0.6930433511734009,1.468070387840271,-2.6011452674865723,2.9868357181549072,False
train,0.7670348286628723,0.05634920671582222,0.024072980508208275,0.16897639632225037,0.698403537273407,1.4465162754058838,-2.67724609375,3.0430338382720947,False
train,0.7674515247344971,0.010317460633814335,0.02355845645070076,0.1697905957698822,0.7039167284965515,1.421417236328125,-2.763607978820801,3.107725143432617,False
train,0.7678682804107666,0.0015873016091063619,0.02301006205379963,0.17059683799743652,0.7095794677734375,1.3978493213653564,-2.8544325828552246,3.178327798843384,False
train,0.7682850360870361,0.0015873016091063619,0.02242792397737503,0.17139621078968048,0.7153850197792053,1.3810782432556152,-2.9407382011413574,3.2488949298858643,False
test,0.7687017917633057,0.008730159141123295,0.021816063672304153,0.1721932590007782,0.7213242053985596,1.3757851123809814,-3.0125865936279297,3.3118669986724854,False
train,0.7691185474395752,0.02619047649204731,0.021182337775826454,0.17299310863018036,0.7273921966552734,1.3853200674057007,-3.0613293647766113,3.3601858615875244,False
train,0.7695353031158447,0.02063492126762867,0.020537756383419037,0.17380230128765106,0.7335785031318665,1.4102191925048828,-3.0811595916748047,3.3885488510131836,False
train,0.7699520587921143,0.0,0.019895082339644432,0.17462682723999023,0.739875316619873,1.4478046894073486,-3.0696678161621094,3.393965005874634,False
train,0.7703688144683838,0.0,0.019267244264483452,0.17547117173671722,0.7462711334228516,1.4910227060317993,-3.0275816917419434,3.3748185634613037,False
test,0.7707855701446533,0.0,0.018666526302695274,0.1763349175453186,0.7527598142623901,1.5295982360839844,-2.95804762840271,3.330122470855713,False
train,0.7712023258209229,0.0,0.01810360513627529,0.17721408605575562,0.7593240737915039,1.5524194240570068,-2.865640640258789,3.2591259479522705,False
train,0.7716190814971924,0.0,0.01758676953613758,0.1781003475189209,0.7659563422203064,1.551161527633667,-2.7555642127990723,3.162156820297241,False
train,0.7720358371734619,0.0,0.017122387886047363,0.17898321151733398,0.7726418972015381,1.524085521697998,-2.6330060958862305,3.04229474067688,False
train,0.7724525928497314,0.0,0.01671453006565571,0.1798524409532547,0.7793678641319275,1.4777761697769165,-2.5026113986968994,2.9063527584075928,False
test,0.772869348526001,0.0015873016091063619,0.01636546291410923,0.18070310354232788,0.7861204743385315,1.4261157512664795,-2.3683884143829346,2.7646102905273438,False
train,0.7732861042022705,0.0,0.016075996682047844,0.18153655529022217,0.7928844690322876,1.3863085508346558,-2.233632802963257,2.6288716793060303,False
train,0.77370285987854,0.0,0.015845753252506256,0.1823614090681076,0.7996431589126587,1.3739447593688965,-2.1010773181915283,2.5104281902313232,False
train,0.7741196155548096,0.0015873016091063619,0.015673071146011353,0.1831907033920288,0.8063818216323853,1.3982205390930176,-1.9731225967407227,2.4183120727539062,False
train,0.7745363712310791,0.04285714402794838,0.015555674210190773,0.18404054641723633,0.8130820989608765,1.459418535232544,-1.8519591093063354,2.3578920364379883,False
test,0.7749531269073486,0.011904762126505375,0.01549029815942049,0.18492427468299866,0.8197282552719116,1.5495576858520508,-1.7397632598876953,2.329786539077759,False
train,0.7753698825836182,0.0,0.015472943894565105,0.18585199117660522,0.8262986540794373,1.6543761491775513,-1.6387066841125488,2.328587532043457,False
train,0.7757866382598877,0.0,0.015498538501560688,0.1868257373571396,0.8327775597572327,1.7571589946746826,-1.5509191751480103,2.3437061309814453,False
train,0.7762033939361572,0.0,0.015561364591121674,0.18784111738204956,0.839143693447113,1.8418940305709839,-1.4782875776290894,2.3617594242095947,False
train,0.7766201496124268,0.0007936508045531809,0.015654856339097023,0.18888799846172333,0.8453759551048279,1.8962318897247314,-1.4221937656402588,2.3703019618988037,False
test,0.7770369052886963,0.0,0.015772100538015366,0.18995223939418793,0.851456344127655,1.9131414890289307,-1.3829870223999023,2.3606700897216797,False
train,0.7774536609649658,0.0007936508045531809,0.015906309708952904,0.19101707637310028,0.8573628664016724,1.8917663097381592,-1.3594077825546265,2.329542636871338,False
train,0.7778704166412354,0.0007936508045531809,0.016051435843110085,0.19206781685352325,0.8630728721618652,1.837554931640625,-1.348061442375183,2.279008150100708,False
train,0.7782871723175049,0.0,0.01620352640748024,0.19309283792972565,0.8685657978057861,1.7615172863006592,-1.3430323600769043,2.215102434158325,False
train,0.7787038683891296,0.0,0.016361501067876816,0.1940860003232956,0.873818576335907,1.6788537502288818,-1.3361544609069824,2.145660400390625,False
test,0.7791206240653992,0.0015873016091063619,0.016527917236089706,0.19504810869693756,0.8788076639175415,1.6061341762542725,-1.3179779052734375,2.0776748657226562,False
train,0.7795373797416687,0.0,0.016709236428141594,0.19598576426506042,0.883514940738678,1.5580861568450928,-1.2794709205627441,2.0161046981811523,False
train,0.7799541354179382,0.0,0.016915464773774147,0.19691187143325806,0.8879132866859436,1.5438904762268066,-1.2140045166015625,1.9640276432037354,False
train,0.7803708910942078,0.0,0.01715835928916931,0.19784072041511536,0.8919811844825745,1.5644049644470215,-1.1190407276153564,1.923438310623169,False
train,0.7807876467704773,0.0007936508045531809,0.017450079321861267,0.1987856775522232,0.8956961631774902,1.611889123916626,-0.9965625405311584,1.8950787782669067,False
test,0.7812044024467468,0.0,0.01780088059604168,0.19975432753562927,0.8990361094474792,1.672227382659912,-0.8525241613388062,1.8770034313201904,False
train,0.7816211581230164,0.0007936508045531809,0.018218237906694412,0.20074906945228577,0.9019781351089478,1.7289483547210693,-0.6951583623886108,1.863466501235962,False
train,0.7820379137992859,0.0,0.018705785274505615,0.20176458358764648,0.9044994711875916,1.7681756019592285,-0.532987117767334,1.8467594385147095,False
train,0.7824546694755554,0.0031746032182127237,0.01926419325172901,0.20279225707054138,0.9065791964530945,1.7817736864089966,-0.3730950355529785,1.820416808128357,False
train,0.782871425151825,0.0063492064364254475,0.019891124218702316,0.20381926000118256,0.908198356628418,1.7684998512268066,-0.22013092041015625,1.7821474075317383,False
test,0.7832881808280945,0.0015873016091063619,0.020583350211381912,0.20483672618865967,0.9093310832977295,1.7335796356201172,-0.07616817951202393,1.7352521419525146,False
train,0.783704936504364,0.0007936508045531809,0.02133687026798725,0.205836221575737,0.9099612832069397,1.686329960823059,0.05878591537475586,1.687354326248169,False
train,0.7841216921806335,0.0,0.022148020565509796,0.20681536197662354,0.9100669622421265,1.637749433517456,0.1857970952987671,1.6482548713684082,False
train,0.7845384478569031,0.0,0.023013539612293243,0.20777499675750732,0.9096331596374512,1.5980015993118286,0.306107759475708,1.6270560026168823,False
train,0.7849552035331726,0.0,0.02393091842532158,0.20872068405151367,0.9086387157440186,1.5746328830718994,0.4206976890563965,1.6298636198043823,False
test,0.7853719592094421,0.0,0.024897649884223938,0.20965981483459473,0.9070684313774109,1.5710153579711914,0.5301840305328369,1.6580665111541748,False
train,0.7857887148857117,0.0,0.025911832228302956,0.21060021221637726,0.9049068093299866,1.5855391025543213,0.63543701171875,1.7081317901611328,False
train,0.7862054705619812,0.0,0.02697194367647171,0.21154733002185822,0.9021404981613159,1.6119298934936523,0.7381829023361206,1.772916316986084,False
train,0.7866222262382507,0.003968254197388887,0.028077559545636177,0.21250535547733307,0.8987532258033752,1.6409022808074951,0.841697096824646,1.8441839218139648,False
train,0.7870389819145203,0.0,0.02922990545630455,0.21347150206565857,0.8947373628616333,1.6622514724731445,0.9508241415023804,1.9149794578552246,False
test,0.7874557375907898,0.0015873016091063619,0.03043266572058201,0.21444186568260193,0.8900814652442932,1.668502926826477,1.0714969635009766,1.9829291105270386,False
train,0.7878724932670593,0.0007936508045531809,0.03169191628694534,0.21540863811969757,0.884774923324585,1.6569762229919434,1.2097214460372925,2.051583766937256,False
train,0.7882892489433289,0.0,0.03301578387618065,0.21636421978473663,0.8788142204284668,1.631272792816162,1.3704816102981567,2.130556583404541,False
train,0.7887060046195984,0.004761904943734407,0.03441423177719116,0.21730469167232513,0.8721938729286194,1.6000070571899414,1.556928277015686,2.2324981689453125,False
train,0.7891227602958679,0.0007936508045531809,0.03589840978384018,0.21822960674762726,0.8649078607559204,1.574334979057312,1.7700937986373901,2.3689160346984863,False
test,0.7895395159721375,0.0,0.037478841841220856,0.21914289891719818,0.8569597601890564,1.5630502700805664,2.0086002349853516,2.5451130867004395,False
train,0.7899562120437622,0.0007936508045531809,0.03916522487998009,0.2200508862733841,0.8483487963676453,1.5699732303619385,2.2687435150146484,2.7589876651763916,False
train,0.7903729677200317,0.0,0.04096568375825882,0.22096137702465057,0.8390743732452393,1.5924534797668457,2.543996810913086,3.0013043880462646,False
train,0.7907897233963013,0.0,0.04288419336080551,0.22187919914722443,0.8291446566581726,1.622870922088623,2.8245255947113037,3.2575535774230957,False
train,0.7912064790725708,0.0,0.04492049291729927,0.22280478477478027,0.8185654878616333,1.6510403156280518,3.097524881362915,3.510070562362671,False
test,0.7916232347488403,0.0,0.04706795513629913,0.22373463213443756,0.8073511719703674,1.6683764457702637,3.3486709594726562,3.7412667274475098,False
train,0.7920399904251099,0.0,0.04931526631116867,0.22466368973255157,0.7955054044723511,1.6699562072753906,3.5655925273895264,3.937283754348755,False
train,0.7924567461013794,0.0,0.051645949482917786,0.2255842089653015,0.7830505967140198,1.655374526977539,3.7415356636047363,4.091375350952148,False
train,0.7928735017776489,0.0,0.054043058305978775,0.2264900803565979,0.7699996829032898,1.6281681060791016,3.8792638778686523,4.207091331481934,False
train,0.7932902574539185,0.0,0.05649329721927643,0.22737683355808258,0.7563727498054504,1.5933786630630493,3.9923863410949707,4.298604965209961,False
test,0.793707013130188,0.0,0.05899055674672127,0.2282426804304123,0.7421894073486328,1.556741714477539,4.103520393371582,4.388886451721191,False
train,0.7941237688064575,0.0,0.06153952702879906,0.2290869504213333,0.7274767756462097,1.5219321250915527,4.240154266357422,4.5050177574157715,False
train,0.794540524482727,0.0,0.06415636092424393,0.22991107404232025,0.7122597098350525,1.4917888641357422,4.428854465484619,4.673348426818848,False
train,0.7949572801589966,0.0,0.066866934299469,0.23071607947349548,0.6965670585632324,1.4672253131866455,4.689874649047852,4.914028167724609,False
train,0.7953740358352661,0.0007936508045531809,0.06970477849245071,0.2315061241388321,0.6804265379905701,1.4486567974090576,5.033990859985352,5.238288879394531,False
test,0.7957907915115356,0.0,0.07270295917987823,0.23228195309638977,0.6638779640197754,1.4364945888519287,5.460910320281982,5.646685600280762,False
train,0.7962075471878052,0.0,0.07589590549468994,0.23304691910743713,0.6469487547874451,1.4306716918945312,5.9609055519104,6.130188941955566,False
train,0.7966243028640747,0.0,0.07930941879749298,0.23380298912525177,0.6296812295913696,1.430374026298523,6.5165791511535645,6.671714782714844,False
train,0.7970410585403442,0.0,0.08296222239732742,0.2345525622367859,0.6121099591255188,1.4333827495574951,7.105895042419434,7.249022483825684,False
train,0.7974578142166138,0.0,0.08686300367116928,0.23529532551765442,0.5942797660827637,1.4355368614196777,7.704773902893066,7.837366104125977,False
test,0.7978745698928833,0.0,0.09101102501153946,0.23602992296218872,0.5762273669242859,1.4315900802612305,8.289369583129883,8.412080764770508,False
train,0.7982913255691528,0.0007936508045531809,0.09539461135864258,0.23675279319286346,0.5579989552497864,1.4158815145492554,8.837703704833984,8.950403213500977,False
train,0.7987080812454224,0.0,0.09999478608369827,0.23745866119861603,0.5396372675895691,1.3850901126861572,9.331136703491211,9.43337631225586,False
train,0.7991248369216919,0.0007936508045531809,0.10478479415178299,0.2381395846605301,0.5211880207061768,1.3385244607925415,9.75510311126709,9.846506118774414,False
train,0.7995415925979614,0.0007936508045531809,0.10973456501960754,0.23879030346870422,0.502692699432373,1.2800267934799194,10.099864959716797,10.180655479431152,False
test,0.799958348274231,0.004761904943734407,0.1148081123828888,0.23940791189670563,0.48420026898384094,1.21698796749115,10.360468864440918,10.431700706481934,False
train,0.8003751039505005,0.10555555671453476,0.11997087299823761,0.23999141156673431,0.46575257182121277,1.1582109928131104,10.5377197265625,10.601178169250488,False
train,0.80079185962677,0.0031746032182127237,0.12518897652626038,0.24054525792598724,0.4473961591720581,1.1120702028274536,10.63914680480957,10.69710922241211,False
train,0.8012085556983948,0.210317462682724,0.13043266534805298,0.24107511341571808,0.42917636036872864,1.0825268030166626,10.680527687072754,10.735247611999512,False
train,0.8016253113746643,0.1190476194024086,0.13568390905857086,0.24158808588981628,0.4111301004886627,1.0681068897247314,10.687374114990234,10.740614891052246,False
test,0.8020420670509338,0.09285714477300644,0.1409347951412201,0.24208956956863403,0.39330026507377625,1.0617400407791138,10.696078300476074,10.748645782470703,False
train,0.8024588227272034,0.18968254327774048,0.14619415998458862,0.24258065223693848,0.37572816014289856,1.0531450510025024,10.751646041870117,10.803101539611816,False
train,0.8028755784034729,0.0063492064364254475,0.15149323642253876,0.24305856227874756,0.3584485650062561,1.0313632488250732,10.902519226074219,10.951193809509277,False
train,0.8032923340797424,0.010317460633814335,0.15687943994998932,0.24351532757282257,0.3415014147758484,0.988727331161499,11.191949844360352,11.235538482666016,False
train,0.803709089756012,0.008730159141123295,0.1624171882867813,0.24394218623638153,0.3249153792858124,0.9229524731636047,11.647696495056152,11.684206008911133,False
test,0.8041258454322815,0.11825396865606308,0.16817785799503326,0.2443309873342514,0.30872347950935364,0.837500274181366,12.273590087890625,12.302129745483398,False
train,0.804542601108551,0.19603174924850464,0.17422741651535034,0.24467405676841736,0.292950838804245,0.7407312393188477,13.044771194458008,13.06578540802002,False
train,0.8049593567848206,0.02222222276031971,0.18061579763889313,0.24496978521347046,0.27762463688850403,0.6432212591171265,13.909260749816895,13.924124717712402,False
train,0.8053761124610901,0.011111111380159855,0.18736739456653595,0.24522002041339874,0.26276320219039917,0.5543313026428223,14.795345306396484,14.805726051330566,False
train,0.8057928681373596,0.004761904943734407,0.19447313249111176,0.2454298585653305,0.24838756024837494,0.4798545837402344,15.622612953186035,15.62998104095459,False
test,0.8062096238136292,0.10952381044626236,0.20189373195171356,0.24560576677322388,0.2345103770494461,0.42037951946258545,16.31458854675293,16.320003509521484,False
train,0.8066263794898987,0.15952381491661072,0.2095566689968109,0.24575386941432953,0.22114579379558563,0.371084988117218,16.810073852539062,16.81416893005371,False
train,0.8070431351661682,0.01904761977493763,0.21737352013587952,0.24587638676166534,0.20830051600933075,0.32378411293029785,17.07174301147461,17.074811935424805,False
train,0.8074598908424377,0.2698412835597992,0.22524012625217438,0.2459728866815567,0.19598284363746643,0.2692110538482666,17.088035583496094,17.09015655517578,False
train,0.8078766465187073,0.26825398206710815,0.2330590784549713,0.24603861570358276,0.18419316411018372,0.20108413696289062,16.87232208251953,16.873519897460938,False
test,0.8082934021949768,0.26428571343421936,0.24073874950408936,0.24606789648532867,0.17293329536914825,0.11886174976825714,16.457069396972656,16.45749855041504,False
train,0.8087101578712463,0.30793651938438416,0.24820539355278015,0.2460566908121109,0.1621989756822586,0.027945324778556824,15.88532543182373,15.885350227355957,False
train,0.8091269135475159,0.31904762983322144,0.255402147769928,0.24600259959697723,0.15198665857315063,-0.06202888488769531,15.201681137084961,15.201807975769043,False
train,0.8095436692237854,0.36666667461395264,0.26229140162467957,0.2459091991186142,0.1422884464263916,-0.14142131805419922,14.445112228393555,14.445804595947266,False
train,0.8099604249000549,0.33095237612724304,0.2688490152359009,0.24578186869621277,0.1330959051847458,-0.2043512910604477,13.643722534179688,13.64525318145752,False
test,0.8103771805763245,0.3730158805847168,0.2750604748725891,0.2456289827823639,0.12439657002687454,-0.2504417896270752,12.812859535217285,12.815306663513184,False
train,0.810793936252594,0.3365079462528229,0.2809143662452698,0.24545513093471527,0.11617911607027054,-0.2842708230018616,11.95829963684082,11.961678504943848,False
train,0.8112106919288635,0.37857142090797424,0.28640270233154297,0.24526607990264893,0.10842818021774292,-0.3120489716529846,11.080991744995117,11.085384368896484,False
train,0.8116274476051331,0.3103174567222595,0.2915152609348297,0.2450624704360962,0.10112974047660828,-0.33914652466773987,10.183891296386719,10.189537048339844,False
train,0.8120442032814026,0.3579365015029907,0.296247273683548,0.24484457075595856,0.09426657855510712,-0.368116557598114,9.27780818939209,9.28510856628418,False
test,0.8124609589576721,0.369047611951828,0.3005988895893097,0.24461135268211365,0.08782266825437546,-0.39899352192878723,8.387478828430176,8.396963119506836,False
train,0.8128776550292969,0.3126984238624573,0.30458375811576843,0.24436230957508087,0.08178173750638962,-0.43145692348480225,7.5507917404174805,7.563108444213867,False
train,0.8132944107055664,0.3920634984970093,0.30823609232902527,0.24409767985343933,0.07612304389476776,-0.4653971195220947,6.814604759216309,6.830478191375732,False
train,0.8137111663818359,0.3174603283405304,0.31160616874694824,0.24381539225578308,0.07083099335432053,-0.5022013187408447,6.227805137634277,6.248020648956299,False
train,0.8141279220581055,0.3722222149372101,0.314767062664032,0.2435159981250763,0.06588653475046158,-0.5424762964248657,5.828083038330078,5.853275299072266,False
test,0.814544677734375,0.29603174328804016,0.3177981972694397,0.2431970089673996,0.061272673308849335,-0.5849274396896362,5.632652759552002,5.662942409515381,False
train,0.8149614334106445,0.3603174686431885,0.3207879662513733,0.24285848438739777,0.05697101354598999,-0.6254692673683167,5.632397651672363,5.667019844055176,False
train,0.8153781890869141,0.25634920597076416,0.3238081932067871,0.24250324070453644,0.0529647171497345,-0.6580398082733154,5.793554306030273,5.83080530166626,False
train,0.8157949447631836,0.3650793731212616,0.3269161581993103,0.2421356588602066,0.049236372113227844,-0.6767798066139221,6.0660905838012695,6.103727340698242,False
train,0.8162117004394531,0.230158731341362,0.3301471173763275,0.24176207184791565,0.04577017202973366,-0.6788220405578613,6.396015644073486,6.431937217712402,False
test,0.8166284561157227,0.369047611951828,0.33351609110832214,0.24139057099819183,0.042549699544906616,-0.6657145023345947,6.737975120544434,6.770781993865967,False
train,0.8170452117919922,0.34761905670166016,0.3370193541049957,0.24102503061294556,0.03955979645252228,-0.6431249380111694,7.063947677612305,7.09316349029541,False
train,0.8174619674682617,0.2587301731109619,0.3406508266925812,0.24066871404647827,0.03678550198674202,-0.6185086965560913,7.368166446685791,7.394080638885498,False
train,0.8178787231445312,0.3539682626724243,0.3444017469882965,0.24032074213027954,0.0342131108045578,-0.5996730923652649,7.665656089782715,7.689075946807861,False
train,0.8182954788208008,0.26428571343421936,0.34827694296836853,0.23997734487056732,0.031828872859478,-0.5926612615585327,7.988523483276367,8.010478019714355,False
test,0.8187122344970703,0.3531745970249176,0.3522930443286896,0.23963308334350586,0.029620299115777016,-0.6000599265098572,8.38046932220459,8.401925086975098,False
train,0.8191289901733398,0.2507936656475067,0.35649195313453674,0.23928208649158478,0.027575122192502022,-0.6224584579467773,8.88906478881836,8.910831451416016,False
train,0.8195457458496094,0.3452380895614624,0.3609282970428467,0.23891840875148773,0.02568214386701584,-0.6585543155670166,9.557731628417969,9.580392837524414,False
train,0.8199625015258789,0.24682539701461792,0.3656783998012543,0.2385360300540924,0.02393019199371338,-0.7067911028862,10.416975021362305,10.440924644470215,False
train,0.8203792572021484,0.3373015820980072,0.3708217740058899,0.2381310760974884,0.022309549152851105,-0.7649662494659424,11.474361419677734,11.499832153320312,False
test,0.820796012878418,0.2706349194049835,0.37643682956695557,0.23769962787628174,0.020810529589653015,-0.8306161165237427,12.704450607299805,12.731574058532715,False
train,0.8212127685546875,0.341269850730896,0.3825846314430237,0.23723994195461273,0.019424285739660263,-0.8993103504180908,14.040984153747559,14.069754600524902,False
train,0.821629524230957,0.27539682388305664,0.389284610748291,0.23675110936164856,0.018142441287636757,-0.9645941853523254,15.371397018432617,15.401632308959961,False
train,0.8220462799072266,0.3460317552089691,0.3965034782886505,0.23623798787593842,0.016957281157374382,-1.0189290046691895,16.540376663208008,16.57172966003418,False
train,0.8224630355834961,0.2984127104282379,0.4041365087032318,0.23570433259010315,0.015861524268984795,-1.0569181442260742,17.360849380493164,17.39299201965332,False
test,0.8228797912597656,0.3920634984970093,0.4119952321052551,0.23515823483467102,0.014848449267446995,-1.0800526142120361,17.63912010192871,17.672155380249023,False
train,0.8232965469360352,0.41031745076179504,0.41981902718544006,0.23460382223129272,0.013911745510995388,-1.0995944738388062,17.208070755004883,17.243167877197266,False
train,0.8237133026123047,0.5515872836112976,0.4272884428501129,0.23403817415237427,0.013045677915215492,-1.135477900505066,15.9739990234375,16.014305114746094,False
train,0.8241299986839294,0.49444442987442017,0.4340694546699524,0.23345069587230682,0.012244869023561478,-1.2089263200759888,13.964253425598145,14.016485214233398,False
train,0.824546754360199,0.6095238327980042,0.4398742616176605,0.23282229900360107,0.011504152789711952,-1.3309487104415894,11.36412239074707,11.44179630279541,False
test,0.8249635100364685,0.541269838809967,0.44452211260795593,0.2321346551179886,0.010819071903824806,-1.490244746208191,8.521825790405273,8.65114688873291,False
train,0.825380265712738,0.6460317373275757,0.44800955057144165,0.2313782423734665,0.010185213759541512,-1.6520475149154663,5.900603294372559,6.127510070800781,False
train,0.8257970213890076,0.5507936477661133,0.45052653551101685,0.23056291043758392,0.009598762728273869,-1.7696259021759033,3.9675965309143066,4.3443522453308105,False
train,0.8262137770652771,0.44999998807907104,0.45244044065475464,0.22971421480178833,0.00905599258840084,-1.8060462474822998,3.054671049118042,3.5486361980438232,False
train,0.8266305327415466,0.32301586866378784,0.45419907569885254,0.22886931896209717,0.008553581312298775,-1.7542091608047485,3.245882034301758,3.689579963684082,False
test,0.8270472884178162,0.3769841194152832,0.45623472332954407,0.22806008160114288,0.008088378235697746,-1.6418256759643555,4.351357460021973,4.650795936584473,False
train,0.8274640440940857,0.31507936120033264,0.45884987711906433,0.22730252146720886,0.007657566107809544,-1.5182032585144043,5.980632781982422,6.170324802398682,False
train,0.8278807997703552,0.3936507999897003,0.4621686339378357,0.2265896499156952,0.007258488330990076,-1.4335285425186157,7.669336318969727,7.80216121673584,False
train,0.8282975554466248,0.33571428060531616,0.4661232829093933,0.22589850425720215,0.006888734642416239,-1.4203975200653076,9.009486198425293,9.120766639709473,False
train,0.8287143111228943,0.3976190388202667,0.470509797334671,0.22519651055335999,0.006546054035425186,-1.4863700866699219,9.73845100402832,9.851229667663574,False
test,0.8291310667991638,0.36269840598106384,0.47504937648773193,0.22445279359817505,0.006228405982255936,-1.6150754690170288,9.77701473236084,9.909515380859375,False
train,0.8295478224754333,0.5468254089355469,0.4794674217700958,0.2236480414867401,0.005933895241469145,-1.7750959396362305,9.218339920043945,9.387691497802734,False
train,0.8299645781517029,0.5373015999794006,0.4835594594478607,0.2227768748998642,0.005660774651914835,-1.928841471672058,8.284677505493164,8.506251335144043,False
train,0.8303813338279724,0.6404761672019958,0.48722580075263977,0.22184905409812927,0.005407454911619425,-2.0433614253997803,7.258453845977783,7.540588855743408,False
train,0.8307980895042419,0.5690476298332214,0.49048733711242676,0.22088631987571716,0.005172458011657,-2.0973477363586426,6.414942741394043,6.749100685119629,False
test,0.8312148451805115,0.617460310459137,0.49346664547920227,0.21991489827632904,0.004954438656568527,-2.087207555770874,5.957727432250977,6.312760829925537,False
train,0.831631600856781,0.33888888359069824,0.49634766578674316,0.21895967423915863,0.004752169828861952,-2.025939702987671,5.981706619262695,6.315476894378662,False
train,0.8320483565330505,0.4007936418056488,0.4993312656879425,0.21803604066371918,0.004564469680190086,-1.9404730796813965,6.461612701416016,6.7466936111450195,False
train,0.8324651122093201,0.3531745970249176,0.5025814175605774,0.21714791655540466,0.004390333313494921,-1.8638672828674316,7.264091491699219,7.499402046203613,False
train,0.8328818678855896,0.4396825432777405,0.5061917304992676,0.2162848562002182,0.004228762350976467,-1.825793743133545,8.178977012634277,8.380285263061523,False
test,0.8332986235618591,0.43095237016677856,0.5101579427719116,0.2154262363910675,0.004078889265656471,-1.8447442054748535,8.959242820739746,9.147191047668457,False
train,0.8337153792381287,0.553174614906311,0.5143733024597168,0.21454733610153198,0.0039398870430886745,-1.9225804805755615,9.365009307861328,9.560319900512695,False
train,0.8341321349143982,0.6261904835700989,0.5186373591423035,0.21362729370594025,0.0038110078312456608,-2.044015884399414,9.200685501098633,9.424999237060547,False
train,0.8345488905906677,0.5777778029441833,0.5226840376853943,0.21265222132205963,0.003691581543534994,-2.1811599731445312,8.345725059509277,8.626041412353516,False
train,0.8349656462669373,0.6626983880996704,0.5262156128883362,0.21162323653697968,0.0035809578839689493,-2.3013339042663574,6.776241302490234,7.15636682510376,False
test,0.835382342338562,0.5349206328392029,0.5289512276649475,0.21055303514003754,0.003478564787656069,-2.376492977142334,4.5703959465026855,5.151333808898926,False
train,0.8357990980148315,0.6373015642166138,0.5306581854820251,0.2094644457101822,0.003383846255019307,-2.3910679817199707,1.902915358543396,3.0558621883392334,False
train,0.8362158536911011,0.6634920835494995,0.5311934351921082,0.20838281512260437,0.003296336391940713,-2.3456661701202393,-0.9756679534912109,2.540487766265869,False
train,0.8366326093673706,0.5944444537162781,0.5305318236351013,0.20733101665973663,0.003215562319383025,-2.255941390991211,-3.774989604949951,4.397706031799316,False
train,0.8370493650436401,0.5825396776199341,0.5287671089172363,0.2063213437795639,0.003141123102977872,-2.1471800804138184,-6.208571910858154,6.5693793296813965,False
test,0.8374661207199097,0.629365086555481,0.5261059999465942,0.20535680651664734,0.0030726196710020304,-2.0470399856567383,-8.041725158691406,8.298174858093262,False
train,0.8378828763961792,0.5626984238624573,0.5228321552276611,0.20442849397659302,0.003009722102433443,-1.9779446125030518,-9.131044387817383,9.342817306518555,False
train,0.8382996320724487,0.6428571343421936,0.5192651748657227,0.2035212367773056,0.0029520948883146048,-1.950985312461853,-9.442342758178711,9.641793251037598,False
train,0.8387163877487183,0.4722222089767456,0.5157203078269958,0.20261670649051666,0.0028994407039135695,-1.9639626741409302,-9.048437118530273,9.259122848510742,False
train,0.8391331434249878,0.44206348061561584,0.512459933757782,0.20170094072818756,0.0028514787554740906,-2.0025382041931152,-8.100737571716309,8.344585418701172,False
test,0.8395498991012573,0.3968254029750824,0.5096747875213623,0.2007678598165512,0.0028079706244170666,-2.0456666946411133,-6.795761585235596,7.096980571746826,False
train,0.8399666547775269,0.3484126925468445,0.5074713230133057,0.19982068240642548,0.002768679754808545,-2.072394371032715,-5.337579250335693,5.725780963897705,False
train,0.8403834104537964,0.39444443583488464,0.5058737397193909,0.19886793196201324,0.002733389148488641,-2.0687947273254395,-3.913156032562256,4.426364421844482,False
train,0.8408001661300659,0.4079365134239197,0.5048331022262573,0.1979246735572815,0.002701892051845789,-2.032148599624634,-2.673994302749634,3.3585522174835205,False
train,0.8412169218063354,0.4682539701461792,0.5042455196380615,0.19700171053409576,0.0026740306057035923,-1.9712189435958862,-1.7288758754730225,2.6219680309295654,False
test,0.841633677482605,0.36349207162857056,0.5039757490158081,0.19610781967639923,0.0026496159844100475,-1.9019968509674072,-1.1387935876846313,2.2168543338775635,False
train,0.8420504331588745,0.4317460358142853,0.5038741230964661,0.19524140655994415,0.002628505462780595,-1.8425530195236206,-0.9147864580154419,2.057142734527588,False
train,0.842467188835144,0.46587300300598145,0.5037915706634521,0.19439619779586792,0.0026105446740984917,-1.8066315650939941,-1.0192002058029175,2.074291944503784,False
train,0.8428839445114136,0.5888888835906982,0.5036063194274902,0.1935597062110901,0.002595615806058049,-1.799761176109314,-1.3719886541366577,2.2630717754364014,False
train,0.8433007001876831,0.6000000238418579,0.5032410621643066,0.1927212029695511,0.0025835831183940172,-1.8183101415634155,-1.8602149486541748,2.601278781890869,False
test,0.8437174558639526,0.5373015999794006,0.5026623606681824,0.1918714940547943,0.0025743364822119474,-1.8509509563446045,-2.356060266494751,2.99617075920105,False
train,0.8441342115402222,0.591269850730896,0.5018929839134216,0.191009059548378,0.0025677774101495743,-1.8832653760910034,-2.7379894256591797,3.3231422901153564,False
train,0.8445509672164917,0.4563491940498352,0.501003623008728,0.1901349276304245,0.002563804853707552,-1.9020403623580933,-2.9093618392944336,3.475937843322754,False
train,0.8449677228927612,0.4158730208873749,0.5000941157341003,0.18925832211971283,0.0025623219553381205,-1.8998169898986816,-2.8174898624420166,3.3981692790985107,False
train,0.8453844785690308,0.3095238208770752,0.4992769658565521,0.18838703632354736,0.002563239773735404,-1.8762785196304321,-2.4603848457336426,3.094174385070801,False
test,0.8458012342453003,0.42301586270332336,0.49865439534187317,0.18753035366535187,0.0025664828717708588,-1.8384462594985962,-1.8868731260299683,2.6344211101531982,False
train,0.8462179899215698,0.4595237970352173,0.49829694628715515,0.18668965995311737,0.0025719678960740566,-1.7982373237609863,-1.1839101314544678,2.152974843978882,False
train,0.8466346859931946,0.5507936477661133,0.4982369840145111,0.1858648806810379,0.002579638035967946,-1.7688143253326416,-0.4570655822753906,1.826913595199585,False
train,0.8470514416694641,0.41428571939468384,0.49846673011779785,0.18504846096038818,0.002589399693533778,-1.7608540058135986,0.19353866577148438,1.7714581489562988,False
train,0.8474681973457336,0.5492063760757446,0.4989343285560608,0.18423029780387878,0.002601199084892869,-1.7788714170455933,0.6967601776123047,1.9104602336883545,False
test,0.8478849530220032,0.5563492178916931,0.4995710551738739,0.183399960398674,0.0026149777695536613,-1.8200478553771973,1.0237101316452026,2.0881946086883545,False
train,0.8483017086982727,0.44682538509368896,0.5003061890602112,0.18254989385604858,0.0026306593790650368,-1.874759554862976,1.193773627281189,2.2225704193115234,False
train,0.8487184643745422,0.3420634865760803,0.5010854601860046,0.18167683482170105,0.0026481894310563803,-1.92978036403656,1.2618330717086792,2.3057048320770264,False
train,0.8491352200508118,0.5761904716491699,0.5018800497055054,0.18078340590000153,0.002667509950697422,-1.971068263053894,1.3018211126327515,2.3621702194213867,False
train,0.8495519757270813,0.553174614906311,0.5026952028274536,0.17987783253192902,0.002688540378585458,-1.9887423515319824,1.3833752870559692,2.422565460205078,False
test,0.8499687314033508,0.5706349015235901,0.5035561323165894,0.17897097766399384,0.00271124136634171,-1.9783371686935425,1.5535521507263184,2.515420913696289,False
train,0.8503854870796204,0.4214285612106323,0.504504919052124,0.17807519435882568,0.0027355519123375416,-1.9425079822540283,1.823926568031311,2.664591073989868,False
train,0.8508022427558899,0.3722222149372101,0.505579948425293,0.1771981567144394,0.0027614012360572815,-1.8894391059875488,2.166696071624756,2.8748133182525635,False
train,0.8512189984321594,0.5777778029441833,0.5067964792251587,0.17634496092796326,0.0027887357864528894,-1.8326022624969482,2.522486686706543,3.1179111003875732,False
train,0.851635754108429,0.5436508059501648,0.5081479549407959,0.17551401257514954,0.002817477099597454,-1.786721110343933,2.81353759765625,3.3329215049743652,False
test,0.8520525097846985,0.4801587164402008,0.5095895528793335,0.17469817399978638,0.002847561612725258,-1.7658921480178833,2.964078187942505,3.4502367973327637,False
train,0.852469265460968,0.4690476059913635,0.5110495686531067,0.17388388514518738,0.0028789485804736614,-1.7794232368469238,2.921066999435425,3.420377254486084,False
train,0.8528860211372375,0.4246031641960144,0.5124460458755493,0.17305758595466614,0.002911524847149849,-1.8291901350021362,2.672700881958008,3.2387137413024902,False
train,0.8533027768135071,0.5952380895614624,0.5136963129043579,0.17220385372638702,0.002945251762866974,-1.9085290431976318,2.2539405822753906,2.9534270763397217,False
train,0.8537195324897766,0.5841270089149475,0.514744758605957,0.17131374776363373,0.0029800627380609512,-2.0027241706848145,1.7435318231582642,2.6553356647491455,False
test,0.8541362881660461,0.47857141494750977,0.5155757069587708,0.17038500308990479,0.0030158469453454018,-2.0931060314178467,1.2445236444473267,2.435145139694214,False
train,0.8545530438423157,0.5365079641342163,0.5162143707275391,0.16942326724529266,0.0030525545589625835,-2.161510944366455,0.8627938032150269,2.3273468017578125,False
train,0.8549697995185852,0.5658730268478394,0.5167313814163208,0.16844020783901215,0.0030900731217116117,-2.195020914077759,0.6840749979019165,2.2991466522216797,False
train,0.8553865551948547,0.43809524178504944,0.5172197222709656,0.16745202243328094,0.0031283467542380095,-2.1891465187072754,0.7595652341842651,2.3171753883361816,False
train,0.8558033108711243,0.42222222685813904,0.5177910327911377,0.16647401452064514,0.003167291171848774,-2.1482160091400146,1.0972809791564941,2.4122307300567627,False
test,0.8562200665473938,0.5865079164505005,0.5185496211051941,0.16551925241947174,0.0032067871652543545,-2.0844593048095703,1.6613539457321167,2.6655333042144775,False
train,0.8566368222236633,0.5507936477661133,0.5195724964141846,0.1645931452512741,0.0032467700075358152,-2.014420509338379,2.378424644470215,3.116856336593628,False
train,0.8570535778999329,0.37460318207740784,0.5209037661552429,0.16369497776031494,0.0032871346920728683,-1.9564566612243652,3.14255690574646,3.701808452606201,False
train,0.8574703335762024,0.5492063760757446,0.5225392580032349,0.16281601786613464,0.003327770624309778,-1.926365613937378,3.830300807952881,4.287434101104736,False
train,0.8578870892524719,0.5507936477661133,0.5244165658950806,0.16194216907024384,0.0033685844391584396,-1.934338092803955,4.315932273864746,4.729580879211426,False
test,0.8583037853240967,0.5246031880378723,0.5264310836791992,0.16105705499649048,0.0034095002338290215,-1.9829130172729492,4.498388290405273,4.916038990020752,False
train,0.8587205410003662,0.4571428596973419,0.5284423828125,0.16014479100704193,0.003450392745435238,-2.0644068717956543,4.326210975646973,4.793524265289307,False
train,0.8591372966766357,0.5785714387893677,0.5303065776824951,0.15919478237628937,0.003491156967356801,-2.1621434688568115,3.8213047981262207,4.390584945678711,False
train,0.8595540523529053,0.5841270089149475,0.5319018363952637,0.15820516645908356,0.0035316988360136747,-2.253817558288574,3.083066463470459,3.819030284881592,False
train,0.8599708080291748,0.5515872836112976,0.5331640839576721,0.15718314051628113,0.003571889828890562,-2.3164401054382324,2.273959159851074,3.2460415363311768,False
test,0.8603875637054443,0.3896825313568115,0.5341023206710815,0.15614481270313263,0.00361164310015738,-2.3333120346069336,1.580557107925415,2.8182451725006104,False
train,0.8608043193817139,0.5857142806053162,0.5347977876663208,0.15511026978492737,0.003650866448879242,-2.2991695404052734,1.1657214164733887,2.5778064727783203,False
train,0.8612210750579834,0.5722222328186035,0.5353952050209045,0.1540997177362442,0.0036894192453473806,-2.222498893737793,1.1300674676895142,2.4933018684387207,False
train,0.8616378307342529,0.4952380955219269,0.5360559225082397,0.15312761068344116,0.0037272071931511164,-2.123758554458618,1.4872655868530273,2.5927417278289795,False
train,0.8620545864105225,0.37063491344451904,0.5369304418563843,0.15219664573669434,0.003764163004234433,-2.030245542526245,2.169647693634033,2.9714083671569824,False
test,0.862471342086792,0.5476190447807312,0.5381346940994263,0.15129916369915009,0.0038001372013241053,-1.9689087867736816,3.05057430267334,3.6307859420776367,False
train,0.8628880977630615,0.5563492178916931,0.5397140979766846,0.15041768550872803,0.003835070412606001,-1.9588650465011597,3.976736545562744,4.433010578155518,False
train,0.863304853439331,0.4515872895717621,0.5416605472564697,0.14952825009822845,0.003868836211040616,-2.0072264671325684,4.805694580078125,5.208037853240967,False
train,0.8637216091156006,0.5047619342803955,0.5439060926437378,0.14860844612121582,0.003901370568200946,-2.106515407562256,5.428020477294922,5.8224406242370605,False
train,0.8641383647918701,0.5809524059295654,0.5463497042655945,0.14764006435871124,0.003932570107281208,-2.2376530170440674,5.782874584197998,6.200704097747803,False
test,0.8645551204681396,0.5571428537368774,0.5488797426223755,0.14661535620689392,0.003962354734539986,-2.3743464946746826,5.858600616455078,6.321449279785156,False
train,0.8649718761444092,0.5388888716697693,0.5513796210289001,0.14553788304328918,0.003990657161921263,-2.4906134605407715,5.68514347076416,6.206771373748779,False
train,0.8653886318206787,0.6063492298126221,0.5537595152854919,0.14442013204097748,0.004017400089651346,-2.56638503074646,5.324828624725342,5.911017894744873,False
train,0.8658053874969482,0.5976190567016602,0.5559602975845337,0.143281489610672,0.004042503423988819,-2.5916695594787598,4.858564376831055,5.506577968597412,False
train,0.8662221431732178,0.5055555701255798,0.5579515099525452,0.14214365184307098,0.004065932705998421,-2.5679750442504883,4.375990390777588,5.073833465576172,False
test,0.8666388988494873,0.6111111044883728,0.5597497224807739,0.14102454483509064,0.004087614361196756,-2.506380558013916,3.967625617980957,4.6929731369018555,False
train,0.8670556545257568,0.5611110925674438,0.5613982677459717,0.13993625342845917,0.004107508342713118,-2.424553155899048,3.714233636856079,4.435536861419678,False
train,0.8674724102020264,0.5484126806259155,0.5629834532737732,0.1388835608959198,0.0041255829855799675,-2.34277081489563,3.6790592670440674,4.36165714263916,False
train,0.8678891658782959,0.6404761672019958,0.5646013021469116,0.13786189258098602,0.004141791258007288,-2.2800543308258057,3.897195339202881,4.515172004699707,False
train,0.8683059215545654,0.5063492059707642,0.5663578510284424,0.13686050474643707,0.004156128503382206,-2.250952959060669,4.371735572814941,4.917200565338135,False
test,0.868722677230835,0.43095237016677856,0.5683542490005493,0.13586296141147614,0.00416856724768877,-2.2630808353424072,5.067281246185303,5.549673080444336,False
train,0.8691394329071045,0.5015873312950134,0.5706704258918762,0.13485217094421387,0.00417909724637866,-2.316323757171631,5.91462516784668,6.352019309997559,False
train,0.8695561289787292,0.49444442987442017,0.573346734046936,0.13381247222423553,0.004187717102468014,-2.402695417404175,6.817174911499023,7.228196144104004,False
train,0.8699728846549988,0.5166666507720947,0.576387882232666,0.13273270428180695,0.004194431472569704,-2.508618116378784,7.665593147277832,8.065635681152344,False
train,0.8703896403312683,0.5928571224212646,0.5797427892684937,0.13160790503025055,0.004199272021651268,-2.61685848236084,8.352346420288086,8.752693176269531,False
test,0.8708063960075378,0.64682537317276,0.583328902721405,0.13044142723083496,0.004202244337648153,-2.710683822631836,8.790520668029785,9.198970794677734,False
train,0.8712231516838074,0.5111111402511597,0.587027907371521,0.1292416900396347,0.004203376360237598,-2.7764434814453125,8.928674697875977,9.350394248962402,False
train,0.8716399073600769,0.6507936716079712,0.5907133221626282,0.12802188098430634,0.004202712327241898,-2.8070597648620605,8.760244369506836,9.198992729187012,False
train,0.8720566630363464,0.6809523701667786,0.5942633152008057,0.12679770588874817,0.00420028530061245,-2.802964210510254,8.324934959411621,8.784141540527344,False
train,0.872473418712616,0.5753968358039856,0.5975801944732666,0.12558171153068542,0.004196170251816511,-2.7724709510803223,7.696725845336914,8.180842399597168,False
test,0.8728901743888855,0.6682539582252502,0.6006047129631042,0.12438204884529114,0.004190379753708839,-2.7298481464385986,6.968456268310547,7.4840803146362305,False
train,0.873306930065155,0.6507936716079712,0.6033135056495667,0.1231996938586235,0.0041830167174339294,-2.691892385482788,6.2331695556640625,6.7896013259887695,False
train,0.8737236857414246,0.5484126806259155,0.6057217121124268,0.12203063070774078,0.004174137022346258,-2.6741983890533447,5.56660795211792,6.175634384155273,False
train,0.8741404414176941,0.6579365134239197,0.6078689098358154,0.12086314707994461,0.004163793288171291,-2.6869187355041504,5.012890815734863,5.6875834465026855,False
train,0.8745571970939636,0.670634925365448,0.6098045706748962,0.11968422681093216,0.004152082372456789,-2.7322394847869873,4.584870338439941,5.337243556976318,False
test,0.8749739527702332,0.5682539939880371,0.6115818023681641,0.11848075687885284,0.004139086231589317,-2.8040390014648438,4.264874458312988,5.104095458984375,False
train,0.8753907084465027,0.6563491821289062,0.6132321953773499,0.11724448204040527,0.004124874714761972,-2.8894946575164795,4.013885498046875,4.945751190185547,False
train,0.8758074641227722,0.5476190447807312,0.6147798299789429,0.11597342044115067,0.004109561443328857,-2.9731557369232178,3.782992362976074,4.811515808105469,False
train,0.8762242197990417,0.6722221970558167,0.6162202954292297,0.11467065662145615,0.0040932102128863335,-3.0406973361968994,3.5266287326812744,4.656495571136475,False
train,0.8766409754753113,0.6253968477249146,0.6175386905670166,0.11334579437971115,0.004075928591191769,-3.082667827606201,3.2139363288879395,4.453339099884033,False
test,0.8770577311515808,0.5825396776199341,0.6187042593955994,0.11200966686010361,0.004057818092405796,-3.095818281173706,2.8366641998291016,4.198899269104004,False
train,0.8774744868278503,0.6714285612106323,0.6196969747543335,0.11067409068346024,0.0040389616042375565,-3.083369016647339,2.4131951332092285,3.915440559387207,False
train,0.8778912425041199,0.5888888835906982,0.6205055713653564,0.1093490943312645,0.004019472748041153,-3.052565813064575,1.9821956157684326,3.6396782398223877,False
train,0.8783079981803894,0.6650793552398682,0.6211355924606323,0.10803915560245514,0.003999434877187014,-3.0128166675567627,1.593674659729004,3.4083518981933594,False
train,0.8787247538566589,0.6023809313774109,0.6216135621070862,0.10674650222063065,0.003978958819061518,-2.9728386402130127,1.2953689098358154,3.242799758911133,False
test,0.8791415095329285,0.6555555462837219,0.6219879388809204,0.1054704338312149,0.003958157263696194,-2.9396934509277344,1.1193385124206543,3.1455867290496826,False
train,0.879558265209198,0.6611111164093018,0.6223137974739075,0.10420604795217514,0.003937105182558298,-2.9178221225738525,1.0754976272583008,3.1097238063812256,False
train,0.8799750208854675,0.579365074634552,0.6226391196250916,0.10294855386018753,0.003915911074727774,-2.9093074798583984,1.1478517055511475,3.1275603771209717,False
train,0.8803917765617371,0.6666666865348816,0.6230069398880005,0.10169278830289841,0.003894675523042679,-2.9144034385681152,1.297361135482788,3.190124273300171,False
train,0.8808084726333618,0.5714285969734192,0.6234405636787415,0.10043282806873322,0.003873488400131464,-2.9324193000793457,1.4704439640045166,3.280440330505371,False
test,0.8812252283096313,0.6666666865348816,0.6239354610443115,0.09916291385889053,0.003852460067719221,-2.9615917205810547,1.6077907085418701,3.369868755340576,False
train,0.8816419839859009,0.6571428775787354,0.6244643330574036,0.09787967056035995,0.0038316643331199884,-2.999074697494507,1.6547681093215942,3.4253036975860596,False
train,0.8820587396621704,0.5992063283920288,0.6249809861183167,0.09658075124025345,0.003811212722212076,-3.040792465209961,1.5687103271484375,3.4215891361236572,False
train,0.8824754953384399,0.6801587343215942,0.6254235506057739,0.09526471048593521,0.0037911986000835896,-3.0807766914367676,1.3247389793395996,3.3535232543945312,False
train,0.8828922510147095,0.6142857074737549,0.6257269978523254,0.09393452852964401,0.003771694842725992,-3.111886739730835,0.9204401969909668,3.2451577186584473,False
test,0.883309006690979,0.6301587224006653,0.6258265376091003,0.09259490668773651,0.003752789692953229,-3.126970052719116,0.37440550327301025,3.1493048667907715,False
train,0.8837257623672485,0.6714285612106323,0.6256672739982605,0.09125353395938873,0.0037346011959016323,-3.121027946472168,-0.27861887216567993,3.133439540863037,False
train,0.8841425180435181,0.6714285612106323,0.6252180337905884,0.08992030471563339,0.003717173123732209,-3.0931789875030518,-0.9918305277824402,3.248304843902588,False
train,0.8845592737197876,0.6214285492897034,0.6244627237319946,0.08860278129577637,0.003700609551742673,-3.047938585281372,-1.7186977863311768,3.49912166595459,False
train,0.8849760293960571,0.6769841313362122,0.6234060525894165,0.08730698376893997,0.0036849684547632933,-2.994826316833496,-2.4158287048339844,3.8477542400360107,False
test,0.8853927850723267,0.5920634865760803,0.6220671534538269,0.08603348582983017,0.0036703578662127256,-2.9459598064422607,-3.0497617721557617,4.240250587463379,False
train,0.8858095407485962,0.6650793552398682,0.6204758882522583,0.0847778171300888,0.0036568385548889637,-2.9122183322906494,-3.598642349243164,4.629388809204102,False
train,0.8862262964248657,0.6722221970558167,0.6186752319335938,0.08353271335363388,0.0036444738507270813,-2.8997244834899902,-4.048992156982422,4.980234622955322,False
train,0.8866430521011353,0.5761904716491699,0.6167030930519104,0.08228866755962372,0.0036333645693957806,-2.907785177230835,-4.396190643310547,5.2708353996276855,False
train,0.8870598077774048,0.629365086555481,0.6146054267883301,0.08103883266448975,0.0036235619336366653,-2.929368734359741,-4.640966415405273,5.488148212432861,False
test,0.8874765634536743,0.4952380955219269,0.6124242544174194,0.07977978885173798,0.0036151395179331303,-2.953842878341675,-4.788896083831787,5.626607418060303,False
train,0.8878933191299438,0.5849206447601318,0.6101965308189392,0.07851177453994751,0.0036081704311072826,-2.9705746173858643,-4.851046562194824,5.688318252563477,False
train,0.8883100748062134,0.632539689540863,0.6079546809196472,0.07724068313837051,0.00360273034311831,-2.9726078510284424,-4.843172550201416,5.682668209075928,False
train,0.8887268304824829,0.5920634865760803,0.6057242155075073,0.07597280293703079,0.0035988723393529654,-2.958207845687866,-4.785099506378174,5.625670433044434,False
train,0.8891435861587524,0.5984126925468445,0.6035223603248596,0.07471419870853424,0.0035966667346656322,-2.930712938308716,-4.69868803024292,5.537756443023682,False
test,0.889560341835022,0.5960317254066467,0.6013556718826294,0.07346930354833603,0.003596183843910694,-2.896845579147339,-4.604948997497559,5.440337181091309,False
train,0.8899770975112915,0.6452381014823914,0.5992224812507629,0.07223891466856003,0.003597498871386051,-2.8642964363098145,-4.522919178009033,5.353596210479736,False
train,0.890393853187561,0.5785714387893677,0.5971150994300842,0.07102140784263611,0.003600676776841283,-2.838939905166626,-4.466924667358398,5.292730331420898,False
train,0.8908106088638306,0.5809524059295654,0.5950230956077576,0.06981311738491058,0.0036057583056390285,-2.823566436767578,-4.446608543395996,5.267338275909424,False
train,0.8912273645401001,0.5857142806053162,0.5929263830184937,0.0686095654964447,0.003612843109294772,-2.8170599937438965,-4.47039270401001,5.283960342407227,False
test,0.8916441202163696,0.629365086555481,0.5908066630363464,0.06740804016590118,0.003621977288275957,-2.8151326179504395,-4.545721530914307,5.346826553344727,False
train,0.8920608162879944,0.5888888835906982,0.5886421203613281,0.0662083551287651,0.00363322626799345,-2.81180739402771,-4.684250354766846,5.463374614715576,False
train,0.8924775719642639,0.6039682626724243,0.5863999724388123,0.06501168757677078,0.0036466792225837708,-2.8012993335723877,-4.9027228355407715,5.646589279174805,False
train,0.8928943276405334,0.6142857074737549,0.5840431451797485,0.06382196396589279,0.0036624001804739237,-2.7800238132476807,-5.222705841064453,5.916518211364746,False
train,0.893311083316803,0.5968254208564758,0.5815256237983704,0.0626440942287445,0.003680460387840867,-2.7473320960998535,-5.668143272399902,6.298863410949707,False
test,0.8937278389930725,0.5968254208564758,0.5787912607192993,0.061482518911361694,0.003700928296893835,-2.7057244777679443,-6.261830806732178,6.8213982582092285,False
train,0.894144594669342,0.605555534362793,0.5757722854614258,0.06033966690301895,0.003723885864019394,-2.6596648693084717,-7.021993637084961,7.5088090896606445,False
train,0.8945613503456116,0.6452381014823914,0.5723979473114014,0.05921681225299835,0.0037494227290153503,-2.6137871742248535,-7.954678058624268,8.373099327087402,False
train,0.8949781060218811,0.6365079283714294,0.5686006546020508,0.05811285227537155,0.0037775945384055376,-2.5712192058563232,-9.054410934448242,9.412413597106934,False
train,0.8953948616981506,0.641269862651825,0.5643112063407898,0.05702626332640648,0.003808503970503807,-2.532219409942627,-10.299501419067383,10.606218338012695,False
test,0.8958116173744202,0.6238095164299011,0.5594788789749146,0.055956266820430756,0.0038422136567533016,-2.4942455291748047,-11.655086517333984,11.918990135192871,False
train,0.8962283730506897,0.5928571224212646,0.5540661215782166,0.054902974516153336,0.0038788269739598036,-2.4526381492614746,-13.078361511230469,13.306350708007812,False
train,0.8966451287269592,0.6039682626724243,0.5480548143386841,0.0538690984249115,0.003918439149856567,-2.4025697708129883,-14.523521423339844,14.720904350280762,False
train,0.8970618844032288,0.6039682626724243,0.5414465069770813,0.05285905301570892,0.003961130976676941,-2.340759515762329,-15.949560165405273,16.12040901184082,False
train,0.8974786400794983,0.6261904835700989,0.5342550873756409,0.05187784507870674,0.004007007461041212,-2.2668514251708984,-17.32217788696289,17.469873428344727,False
test,0.8978953957557678,0.6253968477249146,0.5265094041824341,0.050929754972457886,0.004056173376739025,-2.1836354732513428,-18.613216400146484,18.74086570739746,False
train,0.8983121514320374,0.579365074634552,0.5182525515556335,0.05001796409487724,0.004108722787350416,-2.0963551998138428,-19.797527313232422,19.9082088470459,False
train,0.8987289071083069,0.5730158686637878,0.5095311999320984,0.04914267361164093,0.004164776299148798,-2.011033535003662,-20.845876693725586,20.942655563354492,False
train,0.8991456627845764,0.5365079641342163,0.5004141330718994,0.048302061855793,0.004224409814924002,-1.93289315700531,-21.72225570678711,21.808082580566406,True
train,0.899562418460846,0.5309523940086365,0.49097728729248047,0.047492269426584244,0.0042877839878201485,-1.8648192882537842,-22.383831024169922,22.461376190185547,True
test,0.8999791741371155,0.4761904776096344,0.48132187128067017,0.04670917987823486,0.004355006851255894,-1.8066662549972534,-22.786991119384766,22.85849952697754,True
train,0.900395929813385,0.43492063879966736,0.4715658128261566,0.0459490567445755,0.004426160827279091,-1.755286693572998,-22.89779281616211,22.9649715423584,True
train,0.9008126854896545,0.4373015761375427,0.4618315100669861,0.04521031305193901,0.004501427058130503,-1.7054499387741089,-22.700714111328125,22.76468849182129,True
train,0.9012294411659241,0.4238095283508301,0.4522481858730316,0.044493384659290314,0.004580890294164419,-1.6508508920669556,-22.207948684692383,22.269224166870117,True
train,0.9016461968421936,0.3642857074737549,0.4429301917552948,0.04380148649215698,0.004664698615670204,-1.5857465267181396,-21.459182739257812,21.51769256591797,True
test,0.9020629525184631,0.35158729553222656,0.43397146463394165,0.043139997869729996,0.004752988461405039,-1.5060824155807495,-20.51795196533203,20.573152542114258,False
train,0.9024797081947327,0.3380952477455139,0.4254382848739624,0.04251542687416077,0.004845887888222933,-1.4104869365692139,-19.460590362548828,19.511638641357422,False
train,0.9028964638710022,0.3499999940395355,0.4173603057861328,0.0419340580701828,0.0049435654655098915,-1.3006644248962402,-18.36256980895996,18.40857696533203,False
train,0.9033132195472717,0.3444444537162781,0.4097414016723633,0.04140086844563484,0.005046132020652294,-1.1813446283340454,-17.289268493652344,17.329580307006836,False
train,0.9037299156188965,0.32777777314186096,0.4025624394416809,0.04091857001185417,0.005153729114681482,-1.0595568418502808,-16.285053253173828,16.319486618041992,False
test,0.904146671295166,0.3444444537162781,0.39578595757484436,0.040486324578523636,0.005266535095870495,-0.9435375332832336,-15.373489379882812,15.402416229248047,False
train,0.9045634269714355,0.3420634865760803,0.3893730640411377,0.04009987413883209,0.005384706426411867,-0.8414759039878845,-14.55929946899414,14.583596229553223,False
train,0.9049801826477051,0.33095237612724304,0.38328394293785095,0.03975210711359978,0.0055083706974983215,-0.7601833343505859,-13.836810111999512,13.85767650604248,False
train,0.9053969383239746,0.32698413729667664,0.3774827718734741,0.03943349048495293,0.005637694615870714,-0.7038223147392273,-13.196354866027832,13.215110778808594,False
train,0.9058136940002441,0.3206349313259125,0.3719349503517151,0.0391329862177372,0.005772809498012066,-0.6733388304710388,-12.633183479309082,12.651114463806152,False
test,0.9062304496765137,0.32698413729667664,0.3666105568408966,0.03884036839008331,0.005913868546485901,-0.666351854801178,-12.14691162109375,12.165175437927246,False
train,0.9066472053527832,0.3246031701564789,0.36147478222846985,0.038546785712242126,0.006061045918613672,-0.6776803731918335,-11.740802764892578,11.760344505310059,False
train,0.9070639610290527,0.3222222328186035,0.35649463534355164,0.038245972245931625,0.006214478984475136,-0.7004439830780029,-11.415283203125,11.436752319335938,False
train,0.9074807167053223,0.3404761850833893,0.35163748264312744,0.037934936583042145,0.006374274846166372,-0.7270934581756592,-11.162050247192383,11.18570613861084,False
train,0.9078974723815918,0.33492064476013184,0.3468768298625946,0.03761333227157593,0.006540639325976372,-0.7505829930305481,-10.96091365814209,10.98658275604248,False
test,0.9083142280578613,0.3222222328186035,0.3421964645385742,0.037283800542354584,0.006713673006743193,-0.765245795249939,-10.780837059020996,10.807962417602539,False
train,0.9087309837341309,0.33492064476013184,0.3375978469848633,0.03695104643702507,0.006893489509820938,-0.7672649621963501,-10.58375358581543,10.611528396606445,False
train,0.9091477394104004,0.31190475821495056,0.33309221267700195,0.03662053123116493,0.007080257870256901,-0.7549612522125244,-10.333272933959961,10.360815048217773,False
train,0.9095644950866699,0.289682537317276,0.32871073484420776,0.03629836440086365,0.0072740474715828896,-0.728533923625946,-10.002119064331055,10.028616905212402,False
train,0.9099812507629395,0.27222222089767456,0.3244878649711609,0.03599005565047264,0.007474992889910936,-0.6898176670074463,-9.577498435974121,9.60230827331543,False
test,0.910398006439209,0.26031747460365295,0.32046380639076233,0.035700082778930664,0.007683202158659697,-0.641808807849884,-9.064091682434082,9.086786270141602,False
train,0.9108147621154785,0.2817460298538208,0.3166709840297699,0.0354318767786026,0.007898684591054916,-0.5880264639854431,-8.483819007873535,8.504172325134277,False
train,0.911231517791748,0.2547619044780731,0.3131309747695923,0.03518670052289963,0.0081216124817729,-0.5320704579353333,-7.869079113006592,7.887046813964844,False
train,0.9116482734680176,0.24047619104385376,0.3098483681678772,0.03496500104665756,0.00835198350250721,-0.4771173298358917,-7.259354114532471,7.2750163078308105,False
train,0.9120650291442871,0.29206350445747375,0.3068160116672516,0.034765664488077164,0.008589799515902996,-0.4256560504436493,-6.691667079925537,6.705191135406494,False
test,0.9124817848205566,0.27222222089767456,0.3040066063404083,0.03458697348833084,0.008835144340991974,-0.3793354034423828,-6.195037364959717,6.206640243530273,False
train,0.9128985404968262,0.2769841253757477,0.301388144493103,0.03442653641104698,0.009087971411645412,-0.33903706073760986,-5.786032676696777,5.795957088470459,False
train,0.9133152961730957,0.2650793790817261,0.298923134803772,0.03428167849779129,0.009348291903734207,-0.3050387501716614,-5.465847492218018,5.474352836608887,False
train,0.9137320518493652,0.26825398206710815,0.296576589345932,0.034149862825870514,0.00961605180054903,-0.27724969387054443,-5.22115421295166,5.22851037979126,False
train,0.9141488075256348,0.2547619044780731,0.2943217158317566,0.034028660506010056,0.009891118854284286,-0.2553938031196594,-5.025942802429199,5.0324273109436035,False
test,0.9145655632019043,0.25634920597076416,0.29214611649513245,0.03391547128558159,0.010173474438488483,-0.2391328066587448,-4.846467971801758,4.8523640632629395,False
train,0.914982259273529,0.28412699699401855,0.29004862904548645,0.0338081531226635,0.010462929494678974,-0.22803722321987152,-4.646472454071045,4.652064800262451,False
train,0.9153990149497986,0.2650793790817261,0.28804636001586914,0.03370460122823715,0.010759386233985424,-0.22156469523906708,-4.393550872802734,4.399134159088135,False
train,0.9158157706260681,0.25952380895614624,0.28616663813591003,0.03360319882631302,0.011062618345022202,-0.21885384619235992,-4.065759181976318,4.071645259857178,False
train,0.9162325263023376,0.21984127163887024,0.28444039821624756,0.03350243717432022,0.011372421868145466,-0.21857532858848572,-3.655221462249756,3.6617507934570312,False
test,0.9166492819786072,0.24365079402923584,0.2829025089740753,0.033401817083358765,0.011688563041388988,-0.21891731023788452,-3.171356678009033,3.178903579711914,False
train,0.9170660376548767,0.24761904776096344,0.28157851099967957,0.03330149129033089,0.012010671198368073,-0.2175854742527008,-2.639342784881592,2.648296356201172,False
train,0.9174827933311462,0.25238096714019775,0.2804805040359497,0.03320258483290672,0.012338532134890556,-0.2121989130973816,-2.0970253944396973,2.107734203338623,False
train,0.9178995490074158,0.23968254029750824,0.27960386872291565,0.03310747817158699,0.012671677395701408,-0.20058122277259827,-1.5865132808685303,1.5991426706314087,False
train,0.9183163046836853,0.22777777910232544,0.2789273262023926,0.033018823713064194,0.013009782880544662,-0.1815280318260193,-1.146863341331482,1.1611407995224,False
test,0.9187330603599548,0.25,0.2784130573272705,0.032939739525318146,0.01335242111235857,-0.15517906844615936,-0.8051787614822388,0.8199959397315979,False
train,0.9191498160362244,0.23650793731212616,0.27802008390426636,0.032873284071683884,0.01369902677834034,-0.12338856607675552,-0.5701689720153809,0.5833672881126404,False
train,0.9195665717124939,0.27936509251594543,0.27770379185676575,0.03282061964273453,0.01404919009655714,-0.089704230427742,-0.43051308393478394,0.4397594630718231,False
train,0.9199833273887634,0.2888889014720917,0.277430921792984,0.032781779766082764,0.014402346685528755,-0.05891137570142746,-0.3579452335834503,0.3627607226371765,False
train,0.920400083065033,0.24523809552192688,0.2771807610988617,0.032754432410001755,0.01475788839161396,-0.03622175753116608,-0.31528133153915405,0.317355215549469,False
test,0.9208168387413025,0.2769841253757477,0.27694880962371826,0.03273420035839081,0.015115199610590935,-0.026301240548491478,-0.26670604944229126,0.2679997682571411,False
train,0.921233594417572,0.2809523940086365,0.27674317359924316,0.032715003937482834,0.01547357439994812,-0.03224852681159973,-0.18932074308395386,0.19204768538475037,False
train,0.9216503500938416,0.26825398206710815,0.27657556533813477,0.03268992528319359,0.015832511708140373,-0.054864607751369476,-0.08093249797821045,0.09777624905109406,False
train,0.9220671057701111,0.2857142984867096,0.27645695209503174,0.032652538269758224,0.016191137954592705,-0.09221494942903519,0.035477906465530396,0.09880424290895462,False
train,0.9224838614463806,0.3142857253551483,0.2763817012310028,0.0325973816215992,0.016548682004213333,-0.13982254266738892,0.11518397927284241,0.18115654587745667,False
test,0.9229006171226501,0.2769841253757477,0.27632075548171997,0.03252147138118744,0.01690453477203846,-0.19132636487483978,0.1003413200378418,0.21604202687740326,False
train,0.9233173727989197,0.2547619044780731,0.27622246742248535,0.0324246771633625,0.017257895320653915,-0.23973964154720306,-0.0678478479385376,0.2491554319858551,False
train,0.9237341284751892,0.2777777910232544,0.2760153114795685,0.032309748232364655,0.017607778310775757,-0.2786361873149872,-0.4335252046585083,0.5153467059135437,False
train,0.9241508841514587,0.3055555522441864,0.2756105661392212,0.03218156471848488,0.01795353926718235,-0.30337896943092346,-1.0134316682815552,1.0578669309616089,False
train,0.9245676398277283,0.33095237612724304,0.27492138743400574,0.03204665333032608,0.01829432137310505,-0.3118727207183838,-1.7877368927001953,1.814736247062683,False
test,0.9249843955039978,0.38650792837142944,0.27387893199920654,0.0319117046892643,0.01862923987209797,-0.30469563603401184,-2.7004072666168213,2.717542886734009,False
train,0.9254011511802673,0.41428571939468384,0.2724423408508301,0.03178272023797035,0.018957551568746567,-0.2848246395587921,-3.666191816329956,3.677239179611206,False
train,0.9258179068565369,0.3880952298641205,0.27061039209365845,0.03166419640183449,0.019278252497315407,-0.2567683756351471,-4.585607528686523,4.592790603637695,False
train,0.9262346029281616,0.2571428716182709,0.2684232294559479,0.03155826777219772,0.019590647891163826,-0.22560273110866547,-5.362198352813721,5.366941928863525,False
train,0.9266513586044312,0.2738095223903656,0.26595768332481384,0.03146533668041229,0.019893886521458626,-0.19600000977516174,-5.917614936828613,5.9208598136901855,False
test,0.9270681142807007,0.2547619044780731,0.2633175253868103,0.03138396888971329,0.02018728107213974,-0.17148742079734802,-6.202617645263672,6.204987525939941,False
train,0.9274848699569702,0.18015873432159424,0.2606211006641388,0.0313115119934082,0.02046969160437584,-0.15395182371139526,-6.200984001159668,6.202894687652588,False
train,0.9279016256332397,0.24047619104385376,0.25798434019088745,0.031245052814483643,0.02074078470468521,-0.1435825079679489,-5.927732944488525,5.929471492767334,False
train,0.9283183813095093,0.2023809552192688,0.255513459444046,0.031181685626506805,0.020999612286686897,-0.13906444609165192,-5.421720027923584,5.423503398895264,False
train,0.9287351369857788,0.18174603581428528,0.2532936930656433,0.031119488179683685,0.021245485171675682,-0.13798853754997253,-4.7387237548828125,4.740732669830322,False
test,0.9291518926620483,0.18174603581428528,0.2513867914676666,0.031057732179760933,0.02147788181900978,-0.13753853738307953,-3.941394805908203,3.943793773651123,False
train,0.9295686483383179,0.1865079402923584,0.24982696771621704,0.03099662810564041,0.021695885807275772,-0.13496799767017365,-3.0914292335510254,3.094373941421509,False
train,0.9299854040145874,0.17698413133621216,0.24862177670001984,0.030937502160668373,0.021899374201893806,-0.12827080488204956,-2.2451744079589844,2.248835563659668,False
train,0.9304021596908569,0.17301587760448456,0.24776189029216766,0.030882252380251884,0.022087426856160164,-0.1166277676820755,-1.4477602243423462,1.4524502754211426,False
train,0.9308189153671265,0.14047619700431824,0.24721938371658325,0.030833005905151367,0.022259702906012535,-0.10056695342063904,-0.7318503856658936,0.7387277483940125,False
test,0.931235671043396,0.16349206864833832,0.24695374071598053,0.030791085213422775,0.022415928542613983,-0.08198598772287369,-0.11763691902160645,0.14338810741901398,False
train,0.9316524267196655,0.170634925365448,0.24692149460315704,0.030757013708353043,0.022555682808160782,-0.06382694840431213,0.38732701539993286,0.3925507664680481,False
train,0.9320691823959351,0.22301587462425232,0.2470773607492447,0.03073001652956009,0.022678539156913757,-0.04941823333501816,0.7855246663093567,0.7870776057243347,False
train,0.9324859380722046,0.22857142984867096,0.24737794697284698,0.030707618221640587,0.022784480825066566,-0.041828177869319916,1.0873496532440186,1.0881539583206177,False
train,0.9329026937484741,0.25,0.2477874755859375,0.03068663738667965,0.022872989997267723,-0.04314824938774109,1.3080965280532837,1.3088079690933228,False
test,0.9333194494247437,0.20396825671195984,0.24827389419078827,0.030663222074508667,0.022944515570998192,-0.05400070548057556,1.464918613433838,1.4659135341644287,False
train,0.9337362051010132,0.24841269850730896,0.24881413578987122,0.030633406713604927,0.022998616099357605,-0.07344479858875275,1.5743052959442139,1.5760176181793213,False
train,0.9341529607772827,0.22857142984867096,0.24939413368701935,0.030594177544116974,0.02303539216518402,-0.09912828356027603,1.650276780128479,1.65325129032135,False
train,0.9345697164535522,0.20873016119003296,0.2499973475933075,0.030543530359864235,0.023055043071508408,-0.1276065558195114,1.7029521465301514,1.7077264785766602,False
train,0.9349864721298218,0.2611111104488373,0.25061988830566406,0.03048110567033291,0.023057635873556137,-0.15515373647212982,1.7399141788482666,1.7468181848526,False
test,0.9354032278060913,0.2809523940086365,0.25125405192375183,0.030408067628741264,0.023043347522616386,-0.1783270537853241,1.7660484313964844,1.7750288248062134,False
train,0.9358199834823608,0.2587301731109619,0.25189563632011414,0.030326753854751587,0.023012584075331688,-0.19442172348499298,1.7864803075790405,1.7970285415649414,False
train,0.9362367391586304,0.2579365074634552,0.25254717469215393,0.030240481719374657,0.022965475916862488,-0.2021426409482956,1.8074051141738892,1.818673849105835,False
train,0.9366534948348999,0.24365079402923584,0.25320640206336975,0.030152851715683937,0.02290264517068863,-0.20140324532985687,1.8353744745254517,1.8463917970657349,False
train,0.9370702505111694,0.23174603283405304,0.2538795471191406,0.030067071318626404,0.02282436564564705,-0.1934552788734436,1.8767945766448975,1.886738657951355,False
test,0.937487006187439,0.23571428656578064,0.2545717656612396,0.029985763132572174,0.02273114025592804,-0.18033185601234436,1.934891939163208,1.9432772397994995,False
train,0.9379037022590637,0.2587301731109619,0.255291223526001,0.02991054393351078,0.022623475641012192,-0.16437219083309174,2.0070955753326416,2.013814926147461,False
train,0.9383204579353333,0.24761904776096344,0.25604110956192017,0.029842223972082138,0.022502046078443527,-0.1477096974849701,2.085649013519287,2.0908730030059814,False
train,0.9387372136116028,0.27142858505249023,0.2568216919898987,0.029780704528093338,0.022367389872670174,-0.13207225501537323,2.1579251289367676,2.1619629859924316,False
train,0.9391539692878723,0.2666666805744171,0.25762850046157837,0.029725108295679092,0.02222006395459175,-0.118568554520607,2.2110345363616943,2.2142114639282227,False
test,0.9395707249641418,0.2531746029853821,0.25845032930374146,0.0296745877712965,0.022060761228203773,-0.10774603486061096,2.234657049179077,2.237252950668335,False
train,0.9399874806404114,0.25238096714019775,0.25927412509918213,0.029628049582242966,0.021890370175242424,-0.0997781753540039,2.2265639305114746,2.2287983894348145,False
train,0.9404042363166809,0.2746031880378723,0.2600889503955841,0.029584063217043877,0.02170920930802822,-0.09450224786996841,2.1927337646484375,2.1947691440582275,False
train,0.9408209919929504,0.2420634925365448,0.2608846426010132,0.029541851952672005,0.021518433466553688,-0.0915946215391159,2.146260976791382,2.14821457862854,False
train,0.94123774766922,0.2666666805744171,0.26166173815727234,0.029500283300876617,0.021318387240171432,-0.09057573229074478,2.1042847633361816,2.1062331199645996,False
test,0.9416545033454895,0.24523809552192688,0.26242342591285706,0.029458820819854736,0.021110061556100845,-0.09105504304170609,2.0814714431762695,2.0834622383117676,False
train,0.942071259021759,0.24920634925365448,0.2631794810295105,0.02941664308309555,0.02089414745569229,-0.09290485084056854,2.084367275238037,2.0864367485046387,False
train,0.9424880146980286,0.2626984119415283,0.26394179463386536,0.029373440891504288,0.020671317353844643,-0.09655257314443588,2.1085572242736816,2.110766649246216,False
train,0.9429047703742981,0.28412699699401855,0.2647150158882141,0.029328027740120888,0.020442405715584755,-0.10314830392599106,2.1372439861297607,2.1397316455841064,False
train,0.9433215260505676,0.2587301731109619,0.26549485325813293,0.029278859496116638,0.020208122208714485,-0.11452361941337585,2.1455461978912354,2.1486005783081055,False
test,0.9437382817268372,0.3182539641857147,0.26627102494239807,0.029223429039120674,0.019969038665294647,-0.13291560113430023,2.108020067214966,2.112206220626831,False
train,0.9441550374031067,0.3206349313259125,0.2670154869556427,0.02915855124592781,0.019726146012544632,-0.16018065810203552,2.0057942867279053,2.0121798515319824,False
train,0.9445717930793762,0.23730158805847168,0.26770323514938354,0.029080253094434738,0.019479896873235703,-0.1970854252576828,1.8325252532958984,1.843092918395996,False
train,0.9449885487556458,0.2825396955013275,0.2683020532131195,0.028984513133764267,0.01923120953142643,-0.24251283705234528,1.5961300134658813,1.6144483089447021,False
train,0.9454053044319153,0.2825396955013275,0.2687927186489105,0.02886868827044964,0.018980564549565315,-0.2930591106414795,1.3183791637420654,1.3505581617355347,False
test,0.9458220601081848,0.28730159997940063,0.2691645622253418,0.02873154543340206,0.01872861757874489,-0.34344884753227234,1.029396653175354,1.0851795673370361,False
train,0.9462388157844543,0.289682537317276,0.2694171369075775,0.028574492782354355,0.018476050347089767,-0.38724878430366516,0.761430025100708,0.8542466163635254,False
train,0.9466555714607239,0.2777777910232544,0.2695668637752533,0.028401674702763557,0.018223455175757408,-0.41826197504997253,0.5438199639320374,0.6860635876655579,False
train,0.9470723271369934,0.2865079343318939,0.26964008808135986,0.028219304978847504,0.017971307039260864,-0.4319044053554535,0.3980353772640228,0.5873445272445679,False
train,0.9474890828132629,0.2730158865451813,0.2696681618690491,0.028035325929522514,0.017720254138112068,-0.42616069316864014,0.336643785238266,0.5430855751037598,False
test,0.9479058384895325,0.2817460298538208,0.2696888744831085,0.02785750851035118,0.017470737919211388,-0.4022146761417389,0.36045369505882263,0.540095865726471,False
train,0.948322594165802,0.2817460298538208,0.26973485946655273,0.027692807838320732,0.01722331903874874,-0.36414799094200134,0.4604337811470032,0.587028980255127,False
train,0.9487393498420715,0.26349207758903503,0.26983484625816345,0.02754591964185238,0.016978366300463676,-0.3182728886604309,0.6180473566055298,0.6951835751533508,False
train,0.9491560459136963,0.28730159997940063,0.2700076401233673,0.027418361976742744,0.016736390069127083,-0.2718829810619354,0.8057955503463745,0.8504274487495422,False
train,0.9495728015899658,0.2690476179122925,0.27025800943374634,0.02730892226099968,0.016497766599059105,-0.23206624388694763,0.9894152879714966,1.0162663459777832,False
test,0.9499895572662354,0.21984127163887024,0.2705770432949066,0.02721371129155159,0.016262855380773544,-0.2046341449022293,1.1294057369232178,1.1477946043014526,False
train,0.9504063129425049,0.16111111640930176,0.2709367573261261,0.027126537635922432,0.016032086685299873,-0.19328472018241882,1.185605525970459,1.2012574672698975,False
train,0.9508230686187744,0.2571428716182709,0.2712966501712799,0.027040444314479828,0.01580563746392727,-0.19913968443870544,1.1225744485855103,1.1401009559631348,False
train,0.951239824295044,0.29126983880996704,0.2715996205806732,0.026948565617203712,0.015583962202072144,-0.2206547111272812,0.9162851572036743,0.9424791932106018,False
train,0.9516565799713135,0.2507936656475067,0.27178388833999634,0.026844991371035576,0.015367284417152405,-0.2537252902984619,0.560367226600647,0.6151324510574341,False
test,0.952073335647583,0.3722222149372101,0.27179232239723206,0.026726264506578445,0.015155790373682976,-0.2921629250049591,0.07037848234176636,0.30052006244659424,False
train,0.9524900913238525,0.4555555582046509,0.27157244086265564,0.026591597124934196,0.014949839562177658,-0.32869863510131836,-0.5176165103912354,0.6131636500358582,False
train,0.9529068470001221,0.36349207162857056,0.27109843492507935,0.026443392038345337,0.014749465510249138,-0.3560093939304352,-1.1485592126846313,1.2024686336517334,False
train,0.9533236026763916,0.23492063581943512,0.2703609764575958,0.026286760345101357,0.014555043540894985,-0.3682944178581238,-1.7598567008972168,1.7979811429977417,False
train,0.9537403583526611,0.26825398206710815,0.26938432455062866,0.02612871676683426,0.014366669580340385,-0.3623524308204651,-2.2900407314300537,2.318531036376953,False
test,0.9541571140289307,0.2706349194049835,0.2682141661643982,0.025977004319429398,0.014184381812810898,-0.3384644389152527,-2.6922478675842285,2.71343994140625,False
train,0.9545738697052002,0.23333333432674408,0.2669063210487366,0.025838345289230347,0.014008522033691406,-0.30029648542404175,-2.942375659942627,2.957659959793091,False
train,0.9549906253814697,0.25,0.2655257284641266,0.025717446580529213,0.013839101418852806,-0.2542700171470642,-3.044210910797119,3.054811716079712,False
train,0.9554073810577393,0.2690476179122925,0.2641317844390869,0.025616122409701347,0.013676157221198082,-0.20797507464885712,-3.0259833335876465,3.0331220626831055,False
train,0.9558241367340088,0.27222222089767456,0.2627629041671753,0.025532791391015053,0.013519895263016224,-0.1685672402381897,-2.9326565265655518,2.937497138977051,False
test,0.9562408924102783,0.25,0.26144129037857056,0.025463497266173363,0.01337030716240406,-0.14115874469280243,-2.8139073848724365,2.817445755004883,False
train,0.9566576480865479,0.25634920597076416,0.2601657807826996,0.025402594357728958,0.013227595016360283,-0.12777523696422577,-2.7121293544769287,2.715137481689453,False
train,0.9570744037628174,0.26746031641960144,0.2589266002178192,0.025344593450427055,0.01309162750840187,-0.12736202776432037,-2.6555278301239014,2.6585803031921387,False
train,0.9574911594390869,0.2809523940086365,0.25770053267478943,0.02528446726500988,0.012962546199560165,-0.13655878603458405,-2.6537163257598877,2.6572275161743164,False
train,0.9579079151153564,0.2698412835597992,0.25646424293518066,0.02521933987736702,0.012840415351092815,-0.15103910863399506,-2.7020182609558105,2.7062363624572754,False
test,0.958324670791626,0.2690476179122925,0.25520044565200806,0.025147659704089165,0.012725239619612694,-0.16677448153495789,-2.7866363525390625,2.7916224002838135,False
train,0.9587414264678955,0.261904776096344,0.25389939546585083,0.02506970427930355,0.012616964057087898,-0.18089526891708374,-2.8896124362945557,2.8952691555023193,False
train,0.959158182144165,0.22698412835597992,0.25255268812179565,0.024986539036035538,0.012515736743807793,-0.19174356758594513,-2.9957544803619385,3.0018844604492188,False
train,0.9595749378204346,0.2658730149269104,0.25116607546806335,0.024899624288082123,0.012421495281159878,-0.19856150448322296,-3.093453884124756,3.0998198986053467,False
train,0.9599916934967041,0.2531746029853821,0.24974121153354645,0.02481081895530224,0.012334264814853668,-0.20096810162067413,-3.1781768798828125,3.1845245361328125,False
test,0.9604083895683289,0.24444444477558136,0.24828489124774933,0.02472205087542534,0.012254051864147186,-0.1984470933675766,-3.2507123947143555,3.2567639350891113,False
train,0.9608251452445984,0.2706349194049835,0.2468000054359436,0.024635419249534607,0.012180880643427372,-0.19022272527217865,-3.3177261352539062,3.3231749534606934,False
train,0.9612419009208679,0.25158730149269104,0.24528901278972626,0.02455361932516098,0.012114658020436764,-0.17520968616008759,-3.389892578125,3.3944175243377686,False
train,0.9616586565971375,0.2380952388048172,0.24374420940876007,0.024479692801833153,0.012055529281497002,-0.15239113569259644,-3.4793477058410645,3.4826834201812744,False
train,0.962075412273407,0.2531746029853821,0.24215804040431976,0.024417057633399963,0.012003391981124878,-0.12110012024641037,-3.5976054668426514,3.5996432304382324,False
test,0.9624921679496765,0.24920634925365448,0.24051706492900848,0.024369146674871445,0.011958240531384945,-0.08139385282993317,-3.750911235809326,3.7517943382263184,False
train,0.962908923625946,0.2222222238779068,0.23880590498447418,0.024339456111192703,0.011920137330889702,-0.03439812362194061,-3.9358458518981934,3.9359962940216064,False
train,0.9633256793022156,0.26428571343421936,0.23701463639736176,0.024330444633960724,0.011889101006090641,0.017779629677534103,-4.136599063873291,4.136637210845947,False
train,0.9637424349784851,0.25158730149269104,0.23514391481876373,0.024343760684132576,0.011864982545375824,0.07200341671705246,-4.3238325119018555,4.324431896209717,False
train,0.9641591906547546,0.2809523940086365,0.23320601880550385,0.024379421025514603,0.011847907677292824,0.12444594502449036,-4.4551873207092285,4.456924915313721,False
test,0.9645759463310242,0.2738095223903656,0.23123574256896973,0.024435801431536674,0.011837842874228954,0.17102932929992676,-4.482848644256592,4.486110210418701,False
train,0.9649927020072937,0.230158731341362,0.22928500175476074,0.02450968697667122,0.01183477882295847,0.20783285796642303,-4.360110759735107,4.365061283111572,False
train,0.9654094576835632,0.15396825969219208,0.22742587327957153,0.024596208706498146,0.011838756501674652,0.23165090382099152,-4.049229145050049,4.055850028991699,False
train,0.9658262133598328,0.06111111119389534,0.22574105858802795,0.02468962036073208,0.01184974517673254,0.24028772115707397,-3.5290322303771973,3.537203311920166,False
train,0.9662429690361023,0.003968254197388887,0.22431974112987518,0.024783162400126457,0.011867783963680267,0.23282967507839203,-2.7976438999176025,2.8073155879974365,False
test,0.9666597247123718,0.16984127461910248,0.22324463725090027,0.02487027645111084,0.011892848648130894,0.20974497497081757,-1.8750680685043335,1.8867626190185547,False
train,0.9670764803886414,0.15317460894584656,0.22258877754211426,0.02494482882320881,0.011924928985536098,0.17285452783107758,-0.8004928827285767,0.8189429044723511,False
train,0.9674932360649109,0.06031746044754982,0.22240318357944489,0.025001583620905876,0.011964085511863232,0.12522132694721222,0.368374228477478,0.38907575607299805,False
train,0.9679099917411804,0.02142857201397419,0.2227131426334381,0.025036999955773354,0.012010324746370316,0.07092320919036865,1.559983730316162,1.56159508228302,False
train,0.96832674741745,0.011111111380159855,0.22350917756557465,0.025049127638339996,0.012063617818057537,0.014721699990332127,2.6931333541870117,2.69317364692688,False
test,0.9687435030937195,0.004761904943734407,0.22474998235702515,0.02503841556608677,0.012124095112085342,-0.03843808174133301,3.686521053314209,3.6867215633392334,False
train,0.969160258769989,0.0023809524718672037,0.22636184096336365,0.025006987154483795,0.012191617861390114,-0.08412007242441177,4.469354152679443,4.4701457023620605,False
train,0.9695770144462585,0.0833333358168602,0.22824633121490479,0.024958739057183266,0.012266312725841999,-0.11893937736749649,4.994225025177002,4.995641231536865,False
train,0.9699937701225281,0.2658730149269104,0.23028984665870667,0.024898571893572807,0.01234813779592514,-0.14117789268493652,5.245916366577148,5.2478156089782715,False
train,0.9704105257987976,0.2785714268684387,0.23238417506217957,0.02483193390071392,0.012437133118510246,-0.15080854296684265,5.246544361114502,5.248711585998535,False
test,0.9708272814750671,0.23492063581943512,0.23443128168582916,0.024763694033026695,0.012533328495919704,-0.14941097795963287,5.047996997833252,5.050207614898682,False
train,0.9712440371513367,0.27222222089767456,0.2363647222518921,0.024697909131646156,0.012636732310056686,-0.13983361423015594,4.7224602699279785,4.724530220031738,False
train,0.9716607332229614,0.2857142984867096,0.23814769089221954,0.02463730052113533,0.012747307308018208,-0.12567196786403656,4.346380233764648,4.348196506500244,False
train,0.972077488899231,0.26428571343421936,0.23977506160736084,0.024582916870713234,0.012865187600255013,-0.11095655709505081,3.98842453956604,3.9899675846099854,False
train,0.9724942445755005,0.22142857313156128,0.241262748837471,0.024534137919545174,0.012990296818315983,-0.09962863475084305,3.698988437652588,3.7003297805786133,False
test,0.97291100025177,0.29126983880996704,0.24265038967132568,0.02448890171945095,0.013122630305588245,-0.09516678005456924,3.507044553756714,3.508335590362549,False
train,0.9733277559280396,0.22063492238521576,0.24397599697113037,0.02444365806877613,0.013262270949780941,-0.1001734584569931,3.4190452098846436,3.4205121994018555,False
train,0.9737445116043091,0.2611111104488373,0.24528488516807556,0.024394141510128975,0.013409165665507317,-0.11601682752370834,3.4228782653808594,3.4248440265655518,False
train,0.9741612672805786,0.2746031880378723,0.24660922586917877,0.02433587983250618,0.013563238084316254,-0.14253239333629608,3.491588592529297,3.4944965839385986,False
train,0.9745780229568481,0.23888888955116272,0.24796761572360992,0.024264737963676453,0.013724669814109802,-0.17792735993862152,3.5907812118530273,3.595186710357666,False
test,0.9749947786331177,0.22777777910232544,0.24936643242835999,0.024177605286240578,0.0138932466506958,-0.2188219279050827,3.6844308376312256,3.6909232139587402,False
train,0.9754115343093872,0.26746031641960144,0.2507956922054291,0.024073172360658646,0.014069121330976486,-0.26074591279029846,3.741274118423462,3.750349521636963,False
train,0.9758282899856567,0.2531746029853821,0.2522345185279846,0.02395203523337841,0.014252116903662682,-0.2987316846847534,3.7393202781677246,3.7512340545654297,False
train,0.9762450456619263,0.22380952537059784,0.2536584734916687,0.023816902190446854,0.014442247338593006,-0.3281954228878021,3.667592763900757,3.6822476387023926,False
train,0.9766618013381958,0.2769841253757477,0.25503456592559814,0.023671954870224,0.014639518223702908,-0.3457609713077545,3.5262451171875,3.543156147003174,False
test,0.9770785570144653,0.2777777910232544,0.25633704662323,0.023522667586803436,0.014843818731606007,-0.3498269319534302,3.3223962783813477,3.3407628536224365,False
train,0.9774953126907349,0.27539682388305664,0.25754308700561523,0.023374607786536217,0.015055052004754543,-0.34088459610939026,3.069014072418213,3.0878875255584717,False
train,0.9779120683670044,0.2706349194049835,0.25863224267959595,0.023232683539390564,0.015273278579115868,-0.32133686542510986,2.7806689739227295,2.7991743087768555,False
train,0.9783288240432739,0.3063492178916931,0.25959670543670654,0.02310068905353546,0.015498223714530468,-0.2950240671634674,2.473759651184082,2.4912900924682617,False
train,0.9787455797195435,0.28412699699401855,0.2604304552078247,0.022980356588959694,0.01572992093861103,-0.2664666175842285,2.1619668006896973,2.17832612991333,False
test,0.979162335395813,0.2579365074634552,0.2611340880393982,0.022871853783726692,0.015968145802617073,-0.2400834858417511,1.8550465106964111,1.8705180883407593,False
train,0.9795790910720825,0.3182539641857147,0.26171061396598816,0.022773275151848793,0.01621287129819393,-0.21954813599586487,1.5533363819122314,1.5687750577926636,False
train,0.979995846748352,0.2738095223903656,0.26215893030166626,0.022681791335344315,0.01646391488611698,-0.20720414817333221,1.24700129032135,1.2640987634658813,False
train,0.9804126024246216,0.29603174328804016,0.26247504353523254,0.022593775764107704,0.016721084713935852,-0.2041015923023224,0.9171056747436523,0.9395425915718079,False
train,0.9808293581008911,0.2738095223903656,0.2626451253890991,0.022505193948745728,0.01698417030274868,-0.20997054874897003,0.5436985492706299,0.5828342437744141,False
test,0.9812461137771606,0.2380952388048172,0.2626482844352722,0.022412702441215515,0.01725309155881405,-0.22374475002288818,0.1199236810207367,0.2538570463657379,False
train,0.9816628694534302,0.3460317552089691,0.26246654987335205,0.022313205525279045,0.01752753183245659,-0.24394747614860535,-0.3345647156238556,0.4140578806400299,False
train,0.9820796251296997,0.2380952388048172,0.26209792494773865,0.02220427244901657,0.017807310447096825,-0.26912158727645874,-0.7666242718696594,0.8124895095825195,False
train,0.9824963808059692,0.28333333134651184,0.26156771183013916,0.022084342315793037,0.018092110753059387,-0.2978954017162323,-1.097333312034607,1.137049674987793,False
train,0.9829131364822388,0.24682539701461792,0.26093441247940063,0.021951990202069283,0.01838173158466816,-0.3288157284259796,-1.2496947050094604,1.2922292947769165,False
test,0.9833298325538635,0.23333333432674408,0.26028263568878174,0.021806839853525162,0.018675822764635086,-0.36003321409225464,-1.1839864253997803,1.2375167608261108,False
train,0.9837465882301331,0.21904762089252472,0.2597002387046814,0.021649271249771118,0.018974145874381065,-0.3891388177871704,-0.9285322427749634,1.0067776441574097,False
train,0.9841633439064026,0.23968254029750824,0.259247750043869,0.021480586379766464,0.019276393577456474,-0.4134453535079956,-0.5777711868286133,0.710462212562561,False
train,0.9845800995826721,0.30714285373687744,0.258938193321228,0.021303432062268257,0.019582102075219154,-0.43092286586761475,-0.26525115966796875,0.5060164928436279,False
train,0.9849968552589417,0.2380952388048172,0.25872862339019775,0.02112068608403206,0.01989097148180008,-0.4411636292934418,-0.11271172761917114,0.45533424615859985,False
test,0.9854136109352112,0.22063492238521576,0.2585351765155792,0.02093513496220112,0.020202720537781715,-0.44592592120170593,-0.1890009045600891,0.4843255877494812,False
train,0.9858303666114807,0.2825396955013275,0.2582612931728363,0.02074834331870079,0.020516708493232727,-0.4488699436187744,-0.4920792877674103,0.6660527586936951,False
train,0.9862471222877502,0.28730159997940063,0.25782376527786255,0.02056008018553257,0.020832721143960953,-0.45460188388824463,-0.956680178642273,1.0591977834701538,False
train,0.9866638779640198,0.2658730149269104,0.25717493891716003,0.020368287339806557,0.02115033008158207,-0.4673554599285126,-1.4858238697052002,1.5575922727584839,False
train,0.9870806336402893,0.30714285373687744,0.25630947947502136,0.020169490948319435,0.021468881517648697,-0.4897773861885071,-1.9834637641906738,2.043039560317993,False
test,0.9874973893165588,0.30793651938438416,0.25525572896003723,0.01995948888361454,0.02178814448416233,-0.5220175385475159,-2.3834288120269775,2.439925193786621,False
train,0.9879141449928284,0.26349207758903503,0.2540613114833832,0.0197345819324255,0.02210742048919201,-0.5615776777267456,-2.6607322692871094,2.7193503379821777,False
train,0.9883309006690979,0.2785714268684387,0.25277456641197205,0.01949271373450756,0.02242644689977169,-0.6036642789840698,-2.8279311656951904,2.89164400100708,False
train,0.9887476563453674,0.2817460298538208,0.2514342963695526,0.019234010949730873,0.0227445587515831,-0.6422529816627502,-2.92057466506958,2.990358829498291,False
train,0.989164412021637,0.25952380895614624,0.2500653564929962,0.01896134950220585,0.023061251267790794,-0.6712861061096191,-2.979247808456421,3.053938865661621,False
test,0.9895811676979065,0.2777777910232544,0.24867363274097443,0.018679672852158546,0.023376110941171646,-0.6858147978782654,-3.035029411315918,3.1115503311157227,False
train,0.989997923374176,0.25,0.24725577235221863,0.018395768478512764,0.02368846908211708,-0.6827728748321533,-3.1039838790893555,3.1781904697418213,False
train,0.9904146790504456,0.24682539701461792,0.24580609798431396,0.018117262050509453,0.02399786002933979,-0.6612527966499329,-3.1893467903137207,3.2571749687194824,False
train,0.9908314347267151,0.25634920597076416,0.24431799352169037,0.017851656302809715,0.0243037361651659,-0.6223443150520325,-3.286996364593506,3.345393657684326,False
train,0.9912481904029846,0.22460317611694336,0.24278785288333893,0.017605716362595558,0.024605654180049896,-0.5686558485031128,-3.392899513244629,3.440223217010498,False
test,0.9916649460792542,0.2579365074634552,0.2412121295928955,0.01738482527434826,0.02490292116999626,-0.5036894679069519,-3.507307291030884,3.543290615081787,False
train,0.9920817017555237,0.2690476179122925,0.23958711326122284,0.01719292812049389,0.025195078924298286,-0.43120115995407104,-3.635836362838745,3.6613166332244873,False
train,0.9924984574317932,0.23650793731212616,0.23790472745895386,0.017032379284501076,0.02548161707818508,-0.3546847105026245,-3.7884023189544678,3.804969549179077,False
train,0.9929152131080627,0.2984127104282379,0.23615162074565887,0.016904212534427643,0.025761982426047325,-0.27707403898239136,-3.978074789047241,3.9877121448516846,False
train,0.9933319687843323,0.23968254029750824,0.23431144654750824,0.016808412969112396,0.02603568136692047,-0.20054540038108826,-4.217162609100342,4.221928119659424,False
test,0.9937487244606018,0.2587301731109619,0.232360377907753,0.016744153574109077,0.02630222588777542,-0.1265055239200592,-4.515911102294922,4.517683029174805,False
train,0.9941654801368713,0.2539682686328888,0.23027294874191284,0.016710203140974045,0.026561148464679718,-0.055744148790836334,-4.880202770233154,4.880521297454834,False
train,0.9945821762084961,0.2626984119415283,0.2280217856168747,0.01670514978468418,0.026811864227056503,0.011382302269339561,-5.307695388793945,5.307707786560059,False
train,0.9949989318847656,0.2857142984867096,0.22558419406414032,0.016727346926927567,0.02705412171781063,0.07479200512170792,-5.7832417488098145,5.783725261688232,False
train,0.9954156875610352,0.2706349194049835,0.22294537723064423,0.01677527092397213,0.027287360280752182,0.13427682220935822,-6.275150299072266,6.276587009429932,False
test,0.9958324432373047,0.2587301731109619,0.22010968625545502,0.016847163438796997,0.027511179447174072,0.18931400775909424,-6.730195999145508,6.732858180999756,False
train,0.9962491989135742,0.2222222238779068,0.21710817515850067,0.01694094017148018,0.02772524580359459,0.23881255090236664,-7.0726237297058105,7.076654434204102,False
train,0.9966659545898438,0.25238096714019775,0.21400512754917145,0.01705392450094223,0.027929173782467842,0.2808937728404999,-7.208672523498535,7.2141432762146,False
train,0.9970827102661133,0.05238095298409462,0.21090948581695557,0.01718246564269066,0.028122667223215103,0.3128402829170227,-7.039314270019531,7.046262264251709,False
train,0.9974994659423828,0.0015873016091063619,0.20796608924865723,0.017321640625596046,0.02830534614622593,0.3313280940055847,-6.483088970184326,6.491549968719482,False
test,0.9979162216186523,0.0,0.2053440362215042,0.017465177923440933,0.028477102518081665,0.3328969478607178,-5.510374546051025,5.520421028137207,False
train,0.9983329772949219,0.0007936508045531809,0.20320828258991241,0.017605330795049667,0.028637513518333435,0.31493261456489563,-4.180507659912109,4.192353248596191,False
train,0.9987497329711914,0.0007936508045531809,0.20167526602745056,0.01773376576602459,0.028786424547433853,0.27675631642341614,-2.6704230308532715,2.6847259998321533,False
train,0.9991664886474609,0.0,0.20076124370098114,0.017842445522546768,0.028923723846673965,0.22061201930046082,-1.2767388820648193,1.295658826828003,False
train,0.9995832443237305,0.0007936508045531809,0.200339213013649,0.017924847081303596,0.02904931828379631,0.1518443077802658,-0.3701136112213135,0.40005096793174744,False
test,1.0,0.0007936508045531809,0.20013201236724854,0.017977343872189522,0.02916296198964119,0.07815215736627579,-0.3046751022338867,0.314538836479187,False
