part,t,D_obs,D_pred,I_pred,u_pred,r_I,r_D,R,is_anomaly
train,0.0002083767467411235,0.0,0.0051767826080322266,0.04532292112708092,0.04868502914905548,0.039654675871133804,-0.352802574634552,0.35502415895462036,False
train,0.0006251302547752857,0.0,0.005182108376175165,0.04535006359219551,0.04896489903330803,0.03952959179878235,-0.352984756231308,0.35519126057624817,False
train,0.0010418837191537023,0.0,0.005187456961721182,0.045377228409051895,0.04924127459526062,0.03940840810537338,-0.35316693782806396,0.3553588390350342,False
train,0.0014586371835321188,0.0,0.00519282091408968,0.04540445655584335,0.0495140366256237,0.03929127752780914,-0.353349506855011,0.3555273413658142,False
test,0.0018753907643258572,0.0,0.005198190454393625,0.04543173685669899,0.049783047288656235,0.03917832300066948,-0.3535323441028595,0.35569658875465393,False
train,0.002292144112288952,0.0,0.005203580483794212,0.0454590804874897,0.050048187375068665,0.03906970098614693,-0.35371556878089905,0.35586676001548767,False
train,0.0027088976930826902,0.0,0.005208980292081833,0.04548649489879608,0.050309326499700546,0.03896549344062805,-0.3538992702960968,0.3560379147529602,False
train,0.0031256512738764286,0.0,0.005214393604546785,0.04551394656300545,0.050566334277391434,0.03886587917804718,-0.3540831208229065,0.35620978474617004,False
train,0.0035424046218395233,0.0,0.0052198427729308605,0.04554147645831108,0.05081911012530327,0.03877095505595207,-0.3542673587799072,0.3563825786113739,False
test,0.003959157969802618,0.0,0.005225292406976223,0.045569051057100296,0.051067523658275604,0.03868081793189049,-0.35445189476013184,0.356556236743927,False
train,0.004375911783427,0.0,0.00523076206445694,0.04559674486517906,0.05131145566701889,0.03859572112560272,-0.3546372354030609,0.35673126578330994,False
train,0.004792665131390095,0.0,0.005236237775534391,0.045624423772096634,0.05155079811811447,0.038515519350767136,-0.3548223674297333,0.3569066524505615,False
train,0.0052094184793531895,0.0,0.005241729784756899,0.04565218836069107,0.051785439252853394,0.0384405218064785,-0.35500800609588623,0.35708311200141907,False
train,0.0056261722929775715,0.0,0.005247239023447037,0.045680005103349686,0.0520152822136879,0.038370780646800995,-0.35519394278526306,0.35726049542427063,False
test,0.006042925640940666,0.0,0.005252767354249954,0.04570784792304039,0.05224020779132843,0.0383063480257988,-0.3553798794746399,0.35743841528892517,False
train,0.006459678988903761,0.0,0.005258313380181789,0.045735858380794525,0.05246012657880783,0.03824755549430847,-0.355567067861557,0.3576182425022125,False
train,0.006876432802528143,0.0,0.005263868253678083,0.04576384276151657,0.05267493799328804,0.03819417953491211,-0.35575389862060547,0.357798308134079,False
train,0.007293186150491238,0.0,0.005269446410238743,0.045791950076818466,0.0528845489025116,0.038146596401929855,-0.3559415936470032,0.35797983407974243,False
train,0.007709939498454332,0.0,0.005275027826428413,0.045820094645023346,0.05308886244893074,0.038104716688394547,-0.3561294376850128,0.35816219449043274,False
test,0.008126692846417427,0.0,0.005280630197376013,0.045848239213228226,0.0532878041267395,0.03806854039430618,-0.3563171327114105,0.3583449721336365,False
train,0.008543446660041809,0.0,0.005286248400807381,0.045876502990722656,0.05348127335309982,0.03803839161992073,-0.3565056324005127,0.3585291802883148,False
train,0.008960200473666191,0.0,0.005291900597512722,0.045904841274023056,0.05366921052336693,0.038014329969882965,-0.3566945195198059,0.3587144613265991,False
train,0.009376953355967999,0.0,0.005297540687024593,0.045933157205581665,0.053851544857025146,0.03799613192677498,-0.35688316822052,0.3589000999927521,False
train,0.00979370716959238,0.0,0.005303210113197565,0.045961637049913406,0.05402818322181702,0.037984319031238556,-0.35707294940948486,0.35908758640289307,False
test,0.010210460051894188,0.0,0.005308900494128466,0.04599012807011604,0.05419906973838806,0.03797861933708191,-0.35726267099380493,0.3592756390571594,False
train,0.01062721386551857,0.0,0.005314601585268974,0.04601868987083435,0.0543641522526741,0.03797924146056175,-0.3574528098106384,0.35946476459503174,False
train,0.011043967679142952,0.0,0.005320314783602953,0.04604734852910042,0.054523367434740067,0.03798624128103256,-0.35764360427856445,0.3596552610397339,False
train,0.01146072056144476,0.0,0.005326048471033573,0.04607598856091499,0.054676659405231476,0.03799948841333389,-0.3578340709209442,0.3598460555076599,False
train,0.011877474375069141,0.0,0.005331796128302813,0.04610476270318031,0.054823972284793854,0.03801931068301201,-0.3580254912376404,0.36003848910331726,False
test,0.012294228188693523,0.0,0.005337562877684832,0.0461336188018322,0.05496527999639511,0.038045696914196014,-0.35821738839149475,0.36023208498954773,False
train,0.01271098107099533,0.0,0.0053433384746313095,0.046162478625774384,0.05510052666068077,0.03807847201824188,-0.35840919613838196,0.36042630672454834,False
train,0.013127734884619713,0.0,0.005349145270884037,0.046191420406103134,0.05522969365119934,0.03811785578727722,-0.358601450920105,0.3606216311454773,False
train,0.013544488698244095,0.0,0.00535495625808835,0.04622042924165726,0.05535273253917694,0.03816387057304382,-0.35879412293434143,0.360818088054657,False
train,0.013961241580545902,0.0,0.005360793322324753,0.046249501407146454,0.05546962842345238,0.03821651637554169,-0.35898715257644653,0.3610156178474426,False
test,0.014377995394170284,0.0,0.005366634577512741,0.04627864062786102,0.05558037757873535,0.03827577084302902,-0.3591805398464203,0.36121419072151184,False
train,0.014794749207794666,0.0,0.00537250516936183,0.04630785062909126,0.05568494275212288,0.03834177181124687,-0.35937437415122986,0.3614139258861542,False
train,0.015211502090096474,0.0,0.005378385074436665,0.046337079256772995,0.055783312767744064,0.038414329290390015,-0.35956817865371704,0.3616143465042114,False
train,0.015628255903720856,0.0,0.005384278483688831,0.04636647179722786,0.055875472724437714,0.03849377483129501,-0.35976314544677734,0.3618166446685791,False
train,0.016045009717345238,0.0,0.005390191450715065,0.046395864337682724,0.05596145614981651,0.0385797880589962,-0.3599579930305481,0.36201953887939453,False
test,0.01646176353096962,0.0,0.0053961388766765594,0.046425290405750275,0.056041229516267776,0.03867243230342865,-0.36015284061431885,0.36222314834594727,False
train,0.016878515481948853,0.0,0.0054020751267671585,0.04645485058426857,0.05611482262611389,0.038771893829107285,-0.36034876108169556,0.36242860555648804,False
train,0.017295269295573235,0.0,0.005408043973147869,0.046484433114528656,0.05618223175406456,0.0388779453933239,-0.3605445921421051,0.36263465881347656,False
train,0.017712023109197617,0.0,0.00541403703391552,0.04651407152414322,0.056243497878313065,0.03899064660072327,-0.36074069142341614,0.36284172534942627,False
train,0.018128776922822,0.0,0.005420036613941193,0.04654381424188614,0.05629861354827881,0.03911006450653076,-0.3609375059604645,0.363050252199173,False
test,0.01854553073644638,0.0,0.005426045507192612,0.04657359793782234,0.05634763091802597,0.03923604264855385,-0.36113449931144714,0.3632596731185913,False
train,0.018962284550070763,0.0,0.005432078614830971,0.046603474766016006,0.05639057233929634,0.039368636906147,-0.36133211851119995,0.3634704649448395,False
train,0.019379036501049995,0.0,0.0054381294175982475,0.04663339629769325,0.05642746016383171,0.03950775787234306,-0.3615298569202423,0.3636821508407593,False
train,0.019795790314674377,0.0,0.0054442076943814754,0.046663373708724976,0.05645836517214775,0.03965336084365845,-0.36172789335250854,0.36389485001564026,False
train,0.02021254412829876,0.0,0.005450297612696886,0.04669344797730446,0.056483302265405655,0.03980548307299614,-0.3619265556335449,0.3641089200973511,False
test,0.02062929794192314,0.0,0.005456401966512203,0.04672356694936752,0.0565023310482502,0.039964012801647186,-0.36212536692619324,0.3643238842487335,False
train,0.021046051755547523,0.0,0.0054625291377305984,0.04675377905368805,0.05651552230119705,0.040128931403160095,-0.3623247742652893,0.3645402193069458,False
train,0.021462805569171906,0.0,0.005468673538416624,0.04678400605916977,0.05652288720011711,0.04030006378889084,-0.362524151802063,0.364757239818573,False
train,0.02187955752015114,0.0,0.005474827252328396,0.04681438207626343,0.05652453750371933,0.040477629750967026,-0.36272454261779785,0.36497607827186584,False
train,0.02229631133377552,0.0,0.005481006111949682,0.046844787895679474,0.0565204881131649,0.04066133871674538,-0.3629250228404999,0.36519572138786316,False
test,0.022713065147399902,0.0,0.005487189162522554,0.04687521234154701,0.05651085823774338,0.04085102677345276,-0.3631255030632019,0.36541613936424255,False
train,0.023129818961024284,0.0,0.005493410862982273,0.046905770897865295,0.056495703756809235,0.04104690998792648,-0.3633268475532532,0.3656381368637085,False
train,0.023546572774648666,0.0,0.005499644670635462,0.04693635180592537,0.05647508427500725,0.04124869406223297,-0.36352816224098206,0.36586087942123413,False
train,0.02396332658827305,0.0,0.005505898501724005,0.046967051923274994,0.056449100375175476,0.04145646095275879,-0.3637303113937378,0.3660852015018463,False
train,0.02438007853925228,0.0,0.005512154661118984,0.046997785568237305,0.056417807936668396,0.041670024394989014,-0.36393260955810547,0.3663104176521301,False
test,0.024796832352876663,0.0,0.005518446210771799,0.04702860489487648,0.05638134106993675,0.041889287531375885,-0.3641353249549866,0.36653685569763184,False
train,0.025213586166501045,0.0,0.005524753127247095,0.04705946147441864,0.05633974075317383,0.04211418703198433,-0.3643381893634796,0.3667641282081604,False
train,0.025630339980125427,0.0,0.005531077738851309,0.04709045588970184,0.05629313364624977,0.04234473407268524,-0.3645419776439667,0.3669930696487427,False
train,0.02604709379374981,0.0,0.005537419579923153,0.04712147265672684,0.056241605430841446,0.04258069396018982,-0.36474576592445374,0.3672228157520294,False
train,0.026463845744729042,0.0,0.0055437772534787655,0.047152549028396606,0.05618525296449661,0.04282193258404732,-0.36494988203048706,0.36745357513427734,False
test,0.026880599558353424,0.0,0.005550154950469732,0.047183673828840256,0.056124165654182434,0.04306842386722565,-0.3651541769504547,0.3676852583885193,False
train,0.027297353371977806,0.0,0.005556561052799225,0.04721495136618614,0.05605848878622055,0.04332025721669197,-0.3653595447540283,0.36791878938674927,False
train,0.027714107185602188,0.0,0.005562975537031889,0.047246236354112625,0.05598828196525574,0.04357701912522316,-0.36556476354599,0.3681528866291046,False
train,0.02813086099922657,0.0,0.005569403991103172,0.047277629375457764,0.05591367185115814,0.043838780373334885,-0.36577069759368896,0.36838841438293457,False
train,0.028547614812850952,0.0,0.0055758594535291195,0.04730905964970589,0.055834781378507614,0.044105298817157745,-0.3659767210483551,0.3686247766017914,False
test,0.028964366763830185,0.0,0.005582337733358145,0.04734060913324356,0.05575170740485191,0.044376716017723083,-0.3661835193634033,0.36886265873908997,False
train,0.029381120577454567,0.0,0.005588823463767767,0.04737217724323273,0.055664584040641785,0.04465256258845329,-0.36639028787612915,0.3691011965274811,False
train,0.02979787439107895,0.0,0.005595341324806213,0.04740381985902786,0.05557351931929588,0.04493292048573494,-0.366597443819046,0.3693408668041229,False
train,0.03021462820470333,0.0,0.005601860582828522,0.04743555933237076,0.05547861009836197,0.04521770775318146,-0.3668053150177002,0.3695819079875946,False
train,0.030631382018327713,0.0,0.0056084091775119305,0.04746735841035843,0.055380020290613174,0.04550674930214882,-0.3670133352279663,0.3698238134384155,False
test,0.031048135831952095,0.0,0.005614988971501589,0.047499243170022964,0.055277831852436066,0.04579998180270195,-0.367221862077713,0.37006694078445435,False
train,0.03146488964557648,0.0,0.005621574819087982,0.04753118380904198,0.05517220124602318,0.046097174286842346,-0.3674306869506836,0.37031102180480957,False
train,0.03188164159655571,0.0,0.0056281862780451775,0.047563206404447556,0.055063243955373764,0.04639824479818344,-0.36764001846313477,0.3705563247203827,False
train,0.03229839727282524,0.0,0.0056348214857280254,0.0475953072309494,0.054951079189777374,0.046703144907951355,-0.3678496778011322,0.3708026111125946,False
train,0.032715149223804474,0.0,0.005641470663249493,0.04762747883796692,0.05483580380678177,0.047011684626340866,-0.36805978417396545,0.37105000019073486,False
test,0.03313190117478371,0.0,0.005648129619657993,0.04765970632433891,0.054717596620321274,0.04732367396354675,-0.3682701885700226,0.37129834294319153,False
train,0.03354865685105324,0.0,0.005654826294630766,0.04769203066825867,0.05459658056497574,0.0476391427218914,-0.3684810996055603,0.3715478479862213,False
train,0.03396540880203247,0.0,0.0056615304201841354,0.0477244034409523,0.054472848773002625,0.04795783758163452,-0.36869221925735474,0.37179818749427795,False
train,0.034382164478302,0.0,0.005668259225785732,0.047756846994161606,0.054346565157175064,0.04827963188290596,-0.3689037263393402,0.37204959988594055,False
train,0.034798916429281235,0.0,0.005675012245774269,0.04778946191072464,0.054217852652072906,0.04860467463731766,-0.3691164255142212,0.372302770614624,False
test,0.03521566838026047,0.0,0.0056817783042788506,0.04782205447554588,0.054086796939373016,0.04893236979842186,-0.36932873725891113,0.3725561499595642,False
train,0.03563242405653,0.0,0.0056885769590735435,0.04785474017262459,0.05395359918475151,0.04926290363073349,-0.3695415258407593,0.3728106617927551,False
train,0.03604917600750923,0.0,0.005695375148206949,0.04788752645254135,0.05381835624575615,0.049596063792705536,-0.3697550594806671,0.3730664551258087,False
train,0.03646593168377876,0.0,0.005702209193259478,0.047920357435941696,0.05368117243051529,0.04993171989917755,-0.36996862292289734,0.37332284450531006,False
train,0.036882683634757996,0.0,0.005709064658731222,0.04795327037572861,0.05354222282767296,0.05026973783969879,-0.37018272280693054,0.37358036637306213,False
test,0.03729943558573723,0.0,0.005715934094041586,0.04798620939254761,0.053401608020067215,0.05060987547039986,-0.37039679288864136,0.3738383948802948,False
train,0.03771619126200676,0.0,0.0057228305377066135,0.04801934212446213,0.05325945094227791,0.05095244199037552,-0.3706122040748596,0.3740983307361603,False
train,0.03813294321298599,0.0,0.005729729775339365,0.04805245250463486,0.05311590060591698,0.05129674822092056,-0.3708272874355316,0.3743584156036377,False
train,0.038549698889255524,0.0,0.0057366699911653996,0.04808567464351654,0.052971091121435165,0.051642999053001404,-0.37104299664497375,0.37461966276168823,False
train,0.038966450840234756,0.0,0.005743626970797777,0.048118989914655685,0.052825115621089935,0.05199108272790909,-0.37125927209854126,0.3748820126056671,False
test,0.03938320651650429,0.0,0.005750605836510658,0.048152364790439606,0.052678145468235016,0.05234067142009735,-0.37147584557533264,0.3751451075077057,False
train,0.03979995846748352,0.0,0.005757604259997606,0.048185836523771286,0.05253026261925697,0.052691854536533356,-0.3716929256916046,0.37540918588638306,False
train,0.04021671041846275,0.0,0.005764625035226345,0.048219382762908936,0.05238160490989685,0.053044386208057404,-0.3719104528427124,0.37567418813705444,False
train,0.040633466094732285,0.0,0.00577166210860014,0.04825299605727196,0.05223231017589569,0.05339813977479935,-0.37212827801704407,0.37593990564346313,False
train,0.04105021804571152,0.0,0.0057787164114415646,0.048286665230989456,0.05208252742886543,0.05375298857688904,-0.37234634160995483,0.37620630860328674,False
test,0.04146697372198105,0.0,0.005785801447927952,0.048320379108190536,0.05193227902054787,0.05410877615213394,-0.37256455421447754,0.37647324800491333,False
train,0.04188372567296028,0.0,0.005792911164462566,0.04835432395339012,0.051781781017780304,0.05446580797433853,-0.3727843761444092,0.37674224376678467,False
train,0.042300477623939514,0.0,0.0058000353164970875,0.04838815703988075,0.05163111910223961,0.05482318252325058,-0.37300312519073486,0.3770104944705963,False
train,0.042717233300209045,0.0,0.0058071850799024105,0.04842210188508034,0.05148041620850563,0.055181294679641724,-0.3732225298881531,0.37727978825569153,False
train,0.04313398525118828,0.0,0.005814348813146353,0.04845621436834335,0.05132977291941643,0.05554015561938286,-0.3734431266784668,0.3775506317615509,False
test,0.04355074092745781,0.0,0.005821538157761097,0.04849040508270264,0.051179349422454834,0.055899426341056824,-0.3736640512943268,0.3778221309185028,False
train,0.04396749287843704,0.0,0.00582875544205308,0.0485246367752552,0.05102919787168503,0.05625893175601959,-0.3738851249217987,0.3780941069126129,False
train,0.044384248554706573,0.0,0.0058359927497804165,0.04855894669890404,0.05087945982813835,0.05661870539188385,-0.3741065561771393,0.37836673855781555,False
train,0.044801000505685806,0.0,0.005843250546604395,0.048593372106552124,0.050730254501104355,0.05697859823703766,-0.37432876229286194,0.37864044308662415,False
train,0.04521775245666504,0.0,0.005850533954799175,0.0486278161406517,0.0505816787481308,0.05733838677406311,-0.37455084919929504,0.3789142668247223,False
test,0.04563450813293457,0.0,0.005857831798493862,0.048662375658750534,0.050433848053216934,0.05769814923405647,-0.37477365136146545,0.3791891038417816,False
train,0.0460512600839138,0.0,0.005865158513188362,0.048697035759687424,0.05028685927391052,0.05805772915482521,-0.37499701976776123,0.379464715719223,False
train,0.046468015760183334,0.0,0.005872513633221388,0.04873175173997879,0.05014082416892052,0.058416932821273804,-0.3752206265926361,0.37974077463150024,False
train,0.04688476771116257,0.0,0.005879875272512436,0.04876653105020523,0.04999583959579468,0.05877571552991867,-0.37544453144073486,0.38001734018325806,False
train,0.0473015196621418,0.0,0.005887268111109734,0.048801448196172714,0.04985200613737106,0.05913408845663071,-0.37566930055618286,0.3802949786186218,False
test,0.04771827533841133,0.0,0.005894687492400408,0.04883643239736557,0.04970942437648773,0.059491828083992004,-0.37589433789253235,0.380573034286499,False
train,0.048135027289390564,0.0,0.005902130156755447,0.04887145012617111,0.049568209797143936,0.05984872207045555,-0.376119464635849,0.3808513283729553,False
train,0.048551782965660095,0.0,0.005909579806029797,0.04890661686658859,0.049428440630435944,0.06020498275756836,-0.37634557485580444,0.38113072514533997,False
train,0.04896853491663933,0.0,0.0059170774184167385,0.04894176125526428,0.049290191382169724,0.06056014448404312,-0.3765712082386017,0.38140976428985596,False
train,0.04938528686761856,0.0,0.005924581550061703,0.04897709935903549,0.049153588712215424,0.0609145388007164,-0.37679818272590637,0.38169023394584656,False
test,0.04980204254388809,0.0,0.0059321182779967785,0.0490124449133873,0.04901871085166931,0.061267755925655365,-0.37702494859695435,0.38197061419487,False
train,0.050218794494867325,0.0,0.005939664784818888,0.04904793202877045,0.04888565465807915,0.06161987781524658,-0.3772526979446411,0.382252037525177,False
train,0.050635550171136856,0.0,0.005947246216237545,0.049083516001701355,0.0487544909119606,0.06197084113955498,-0.3774809241294861,0.3825339674949646,False
train,0.05105230212211609,0.0,0.005954848136752844,0.04911912977695465,0.048625312745571136,0.06232032924890518,-0.37770920991897583,0.38281598687171936,False
train,0.05146905779838562,0.0,0.005962474271655083,0.04915484040975571,0.04849819466471672,0.06266844272613525,-0.3779379427433014,0.38309845328330994,False
test,0.05188580974936485,0.0,0.005970130208879709,0.04919064790010452,0.04837324470281601,0.06301507353782654,-0.3781672418117523,0.3833814859390259,False
train,0.052302561700344086,0.0,0.00597780104726553,0.04922649636864662,0.048250533640384674,0.06336010992527008,-0.3783966302871704,0.3836645781993866,False
train,0.05271931737661362,0.0,0.00598549610003829,0.049262452870607376,0.04813012108206749,0.0637035071849823,-0.37862667441368103,0.38394829630851746,False
train,0.05313606932759285,0.0,0.005993224214762449,0.049298543483018875,0.04801211133599281,0.06404528766870499,-0.3788575232028961,0.384232759475708,False
train,0.05355282500386238,0.0,0.006000964902341366,0.04933464899659157,0.04789655655622482,0.06438516080379486,-0.37908825278282166,0.38451701402664185,False
test,0.053969576954841614,0.0,0.006008744239807129,0.0493709035217762,0.04778354614973068,0.06472330540418625,-0.3793199062347412,0.3848021328449249,False
train,0.05438632890582085,0.0,0.006016527768224478,0.04940720275044441,0.04767313972115517,0.06505943834781647,-0.3795517086982727,0.3850873112678528,False
train,0.05480308458209038,0.0,0.006024358328431845,0.0494435653090477,0.047565437853336334,0.06539348512887955,-0.3797836899757385,0.38537248969078064,False
train,0.05521983653306961,0.0,0.006032196804881096,0.04948011785745621,0.04746045917272568,0.06572571396827698,-0.38001707196235657,0.38565897941589355,False
train,0.05563659220933914,0.0,0.0060400706715881824,0.049516674131155014,0.04735831171274185,0.06605566293001175,-0.38025012612342834,0.3859449326992035,False
test,0.056053344160318375,0.0,0.0060479664243757725,0.04955332353711128,0.04725904017686844,0.06638340651988983,-0.3804836869239807,0.38623127341270447,False
train,0.05647009611129761,0.0,0.006055875681340694,0.049590080976486206,0.0471627302467823,0.06670890748500824,-0.3807179033756256,0.38651806116104126,False
train,0.05688685178756714,0.0,0.006063821259886026,0.0496269054710865,0.047069426625967026,0.06703208386898041,-0.380952388048172,0.38680487871170044,False
train,0.05730360373854637,0.0,0.0060717882588505745,0.049663763493299484,0.046979207545518875,0.06735274940729141,-0.3811868727207184,0.3870914876461029,False
train,0.0577203594148159,0.0,0.006079786457121372,0.04970083385705948,0.04689212515950203,0.0676712840795517,-0.381422758102417,0.3873792886734009,False
test,0.058137111365795135,0.0,0.006087800487875938,0.04973791912198067,0.04680821672081947,0.06798712909221649,-0.3816585838794708,0.3876667618751526,False
train,0.05855386704206467,0.0,0.006095851305872202,0.04977511987090111,0.04672757536172867,0.06830050051212311,-0.3818950057029724,0.38795456290245056,False
train,0.0589706189930439,0.0,0.006103915628045797,0.04981234297156334,0.046650245785713196,0.06861113756895065,-0.3821313679218292,0.3882420063018799,False
train,0.05938737094402313,0.0,0.00611201673746109,0.049849752336740494,0.04657626524567604,0.0689193457365036,-0.3823689818382263,0.3885304629802704,False
train,0.059804126620292664,0.0,0.006120146252214909,0.049887143075466156,0.04650569707155228,0.06922461092472076,-0.3826060891151428,0.38881802558898926,False
test,0.060220878571271896,0.0,0.006128291599452496,0.049924686551094055,0.04643862694501877,0.06952719390392303,-0.3828442394733429,0.3891063332557678,False
train,0.06063763424754143,0.0,0.006136454176157713,0.049962397664785385,0.04637506976723671,0.06982721388339996,-0.3830834925174713,0.38939544558525085,False
train,0.06105438619852066,0.0,0.006144654005765915,0.050000082701444626,0.04631507024168968,0.07012410461902618,-0.38332223892211914,0.3896836042404175,False
train,0.06147113814949989,0.0,0.006152893882244825,0.05003787577152252,0.04625868797302246,0.07041816413402557,-0.38356149196624756,0.3899719715118408,False
train,0.061887893825769424,0.0,0.006161138880997896,0.05007583275437355,0.04620599374175072,0.07070940732955933,-0.3838018774986267,0.39026105403900146,False
test,0.06230464577674866,0.0,0.006169421132653952,0.050113826990127563,0.046157002449035645,0.07099754363298416,-0.38404226303100586,0.39054974913597107,False
train,0.06272140145301819,0.0,0.0061777206137776375,0.05015194043517113,0.04611176997423172,0.07128274440765381,-0.3842833638191223,0.39083874225616455,False
train,0.06313815712928772,0.0,0.006186057813465595,0.05019007995724678,0.04607033729553223,0.07156471908092499,-0.38452428579330444,0.3911271393299103,False
train,0.06355490535497665,0.0,0.006194408982992172,0.05022834986448288,0.04603275656700134,0.0718436986207962,-0.3847661018371582,0.3914159834384918,False
train,0.06397166103124619,0.0,0.006202806252986193,0.05026670917868614,0.04599907994270325,0.07211943715810776,-0.3850082755088806,0.3917047083377838,False
test,0.06438841670751572,0.0,0.006211218889802694,0.05030514672398567,0.04596932232379913,0.07239201664924622,-0.38525083661079407,0.39199337363243103,False
train,0.06480516493320465,0.0,0.006219657137989998,0.05034373700618744,0.04594355449080467,0.07266147434711456,-0.38549432158470154,0.39228248596191406,False
train,0.06522192060947418,0.0,0.0062281242571771145,0.05038239434361458,0.045921776443719864,0.07292763143777847,-0.3857380449771881,0.392571359872818,False
train,0.06563867628574371,0.0,0.0062366146594285965,0.05042106658220291,0.045904066413640976,0.07319030165672302,-0.38598161935806274,0.392859548330307,False
train,0.06605542451143265,0.0,0.0062451353296637535,0.05045996233820915,0.0458904430270195,0.07344991713762283,-0.3862267732620239,0.39314883947372437,False
test,0.06647218018770218,0.0,0.006253684870898724,0.050498850643634796,0.04588094353675842,0.07370594888925552,-0.3864714503288269,0.39343708753585815,False
train,0.06688893586397171,0.0,0.006262272596359253,0.05053788051009178,0.04587562382221222,0.07395865023136139,-0.3867169916629791,0.3937256932258606,False
train,0.06730569154024124,0.0,0.006270869635045528,0.050576984882354736,0.04587449133396149,0.07420788705348969,-0.386962890625,0.3940140902996063,False
train,0.06772243976593018,0.0,0.006279507651925087,0.050616197288036346,0.04587759077548981,0.0744536817073822,-0.38720935583114624,0.39430245757102966,False
train,0.06813919544219971,0.0,0.006288167089223862,0.050655487924814224,0.04588496685028076,0.07469595223665237,-0.38745611906051636,0.3945905864238739,False
test,0.06855595111846924,0.0,0.006296862382441759,0.05069488659501076,0.04589665308594704,0.0749346911907196,-0.38770347833633423,0.39487871527671814,False
train,0.06897269934415817,0.0,0.006305578630417585,0.05073443055152893,0.045912668108940125,0.07516999542713165,-0.38795167207717896,0.3951670825481415,False
train,0.0693894550204277,0.0,0.006314324680715799,0.05077396333217621,0.04593305289745331,0.07540144771337509,-0.38819950819015503,0.395454466342926,False
train,0.06980621069669724,0.0,0.00632309727370739,0.05081368237733841,0.04595784842967987,0.07562947273254395,-0.3884485363960266,0.3957424461841583,False
train,0.07022296637296677,0.0,0.006331886164844036,0.050853461027145386,0.04598706215620041,0.07585376501083374,-0.3886977732181549,0.3960300087928772,False
test,0.0706397145986557,0.0,0.006340740714222193,0.05089331790804863,0.04602075740695,0.07607433944940567,-0.38894718885421753,0.3963170647621155,False
train,0.07105647027492523,0.0,0.006349592935293913,0.050933290272951126,0.04605891555547714,0.07629126310348511,-0.38919737935066223,0.3966042995452881,False
train,0.07147322595119476,0.0,0.006358487531542778,0.050973471254110336,0.046101607382297516,0.07650469243526459,-0.389448881149292,0.39689216017723083,False
train,0.0718899741768837,0.0,0.0063674068078398705,0.051013533025979996,0.04614885151386261,0.07671387493610382,-0.3896990716457367,0.3971780240535736,False
train,0.07230672985315323,0.0,0.006376353558152914,0.051053836941719055,0.04620066657662392,0.07691963016986847,-0.3899509608745575,0.39746493101119995,False
test,0.07272348552942276,0.0,0.00638533104211092,0.051094215363264084,0.046257082372903824,0.07712147384881973,-0.3902030885219574,0.3977513909339905,False
train,0.07314024120569229,0.0,0.006394339259713888,0.05113469809293747,0.04631812125444412,0.07731953263282776,-0.39045578241348267,0.39803773164749146,False
train,0.07355698943138123,0.0,0.006403372157365084,0.05117519199848175,0.04638384282588959,0.07751351594924927,-0.39070820808410645,0.39832302927970886,False
train,0.07397374510765076,0.0,0.006412460934370756,0.051215969026088715,0.046454232186079025,0.077704057097435,-0.39096254110336304,0.39860963821411133,False
train,0.07439050078392029,0.0,0.006421556230634451,0.05125667154788971,0.04652932286262512,0.07789026945829391,-0.3912160098552704,0.3988945484161377,False
test,0.07480724900960922,0.0,0.0064306799322366714,0.05129757896065712,0.04660914093255997,0.07807285338640213,-0.39147084951400757,0.399180144071579,False
train,0.07522400468587875,0.0,0.0064398376271128654,0.05133850872516632,0.046693723648786545,0.07825129479169846,-0.39172545075416565,0.39946475625038147,False
train,0.07564076036214828,0.0,0.006449020467698574,0.05137955769896507,0.046783093363046646,0.0784258097410202,-0.39198076725006104,0.3997493386268616,False
train,0.07605750858783722,0.0,0.00645823497325182,0.05142076686024666,0.04687725007534027,0.07859650254249573,-0.3922370374202728,0.4000341296195984,False
train,0.07647426426410675,0.0,0.006467490456998348,0.05146203562617302,0.0469762422144413,0.07876307517290115,-0.3924933969974518,0.4003182351589203,False
test,0.07689101994037628,0.0,0.006476768292486668,0.05150342360138893,0.047080062329769135,0.0789257064461708,-0.39275041222572327,0.400602251291275,False
train,0.07730777561664581,0.0,0.006486081052571535,0.0515449121594429,0.047188758850097656,0.07908426970243454,-0.39300787448883057,0.4008858799934387,False
train,0.07772452384233475,0.0,0.006495434790849686,0.05158647149801254,0.04730234667658806,0.07923871278762817,-0.39326557517051697,0.4011690020561218,False
train,0.07814127951860428,0.0,0.0065047862008214,0.05162813887000084,0.04742083698511124,0.0793890729546547,-0.3935239017009735,0.401451975107193,False
train,0.07855803519487381,0.0,0.006514191627502441,0.05166995897889137,0.047544244676828384,0.07953547686338425,-0.3937830328941345,0.40173494815826416,False
test,0.07897478342056274,0.0,0.006523625925183296,0.051711808890104294,0.04767261818051338,0.07967758923768997,-0.394042044878006,0.4020169675350189,False
train,0.07939153909683228,0.0,0.00653310539200902,0.051753830164670944,0.04780593514442444,0.07981578260660172,-0.3943020701408386,0.40229925513267517,False
train,0.0798082947731018,0.0,0.006542601156979799,0.051795899868011475,0.04794423654675484,0.07994968444108963,-0.3945622146129608,0.40258079767227173,False
train,0.08022505044937134,0.0,0.006552139297127724,0.05183812975883484,0.04808754473924637,0.08007955551147461,-0.39482325315475464,0.40286242961883545,False
train,0.08064179867506027,0.0,0.006561700254678726,0.05188043788075447,0.04823585972189903,0.08020522445440292,-0.39508455991744995,0.4031434953212738,False
test,0.0810585543513298,0.0,0.006571293342858553,0.05192284658551216,0.04838920384645462,0.08032673597335815,-0.39534634351730347,0.4034242331981659,False
train,0.08147531002759933,0.0,0.006580917164683342,0.0519653782248497,0.048547565937042236,0.0804440900683403,-0.3956087827682495,0.40370479226112366,False
train,0.08189205825328827,0.0,0.00659057917073369,0.052007973194122314,0.04871102422475815,0.08055710047483444,-0.3958714008331299,0.4039846658706665,False
train,0.0823088139295578,0.0,0.0066002714447677135,0.05205073952674866,0.04887952655553818,0.08066613227128983,-0.39613497257232666,0.4042646884918213,False
train,0.08272556960582733,0.0,0.006610008887946606,0.05209353193640709,0.04905311018228531,0.08077071607112885,-0.3963983654975891,0.4045436382293701,False
test,0.08314231783151627,0.0,0.006619764491915703,0.05213648080825806,0.04923180118203163,0.08087119460105896,-0.39666274189949036,0.40482276678085327,False
train,0.0835590735077858,0.0,0.006629549898207188,0.052179526537656784,0.04941558837890625,0.08096741139888763,-0.39692747592926025,0.40510138869285583,False
train,0.08397582918405533,0.0,0.006639387458562851,0.05222273990511894,0.04960448294878006,0.08105956763029099,-0.39719322323799133,0.4053801894187927,False
train,0.08439258486032486,0.0,0.006649239454418421,0.052265990525484085,0.04979850724339485,0.08114734292030334,-0.39745891094207764,0.405658096075058,False
train,0.0848093330860138,0.0,0.006659125443547964,0.05230932682752609,0.04999766871333122,0.0812307670712471,-0.3977249264717102,0.4059354364871979,False
test,0.08522608876228333,0.0,0.00666905427351594,0.052352793514728546,0.05020196735858917,0.08131001889705658,-0.3979915678501129,0.4062125086784363,False
train,0.08564284443855286,0.0,0.0066790045239031315,0.052396371960639954,0.0504113994538784,0.0813850462436676,-0.398258775472641,0.4064893126487732,False
train,0.08605959266424179,0.0,0.006689006928354502,0.052440106868743896,0.05062595009803772,0.08145593106746674,-0.3985268771648407,0.40676620602607727,False
train,0.08647634834051132,0.0,0.006699034944176674,0.052483849227428436,0.05084570497274399,0.08152222633361816,-0.39879459142684937,0.4070417582988739,False
train,0.08689310401678085,0.0,0.00670908996835351,0.052527811378240585,0.05107058584690094,0.08158464729785919,-0.3990637958049774,0.40731802582740784,False
test,0.08730985969305038,0.0,0.006719172932207584,0.052571896463632584,0.051300641149282455,0.081642746925354,-0.3993335962295532,0.4075939953327179,False
train,0.08772660791873932,0.0,0.006729322485625744,0.05261602997779846,0.051535848528146744,0.08169649541378021,-0.3996032774448395,0.40786898136138916,False
train,0.08814336359500885,0.0,0.006739477161318064,0.05266021937131882,0.051776185631752014,0.08174589276313782,-0.39987310767173767,0.40814322233200073,False
train,0.08856011927127838,0.0,0.0067496695555746555,0.052704572677612305,0.05202170088887215,0.08179115504026413,-0.40014395117759705,0.40841764211654663,False
train,0.08897686749696732,0.0,0.006759916432201862,0.05274908244609833,0.05227237939834595,0.08183227479457855,-0.4004155099391937,0.408691942691803,False
test,0.08939362317323685,0.0,0.006770178209990263,0.052793651819229126,0.05252818763256073,0.08186906576156616,-0.40068724751472473,0.408965528011322,False
train,0.08981037884950638,0.0,0.006780481897294521,0.05283838137984276,0.05278913676738739,0.08190172910690308,-0.40095990896224976,0.4092392325401306,False
train,0.09022712707519531,0.0,0.006790826562792063,0.05288314446806908,0.053055208176374435,0.08193005621433258,-0.4012323319911957,0.4095118045806885,False
train,0.09064388275146484,0.0,0.006801193580031395,0.052928075194358826,0.053326405584812164,0.08195427805185318,-0.40150579810142517,0.40978458523750305,False
train,0.09106063842773438,0.0,0.00681160856038332,0.05297311395406723,0.053602736443281174,0.08197431266307831,-0.4017796814441681,0.4100569486618042,False
test,0.0914773941040039,0.0,0.006822062656283379,0.053018245846033096,0.05388414114713669,0.08199015259742737,-0.40205392241477966,0.41032880544662476,False
train,0.09189414232969284,0.0,0.006832548417150974,0.05306350439786911,0.0541706420481205,0.08200186491012573,-0.4023287296295166,0.4106004536151886,False
train,0.09231089800596237,0.0,0.0068430667743086815,0.05310892313718796,0.05446220934391022,0.08200956881046295,-0.40260449051856995,0.4108721613883972,False
train,0.0927276536822319,0.0,0.006853633560240269,0.053154416382312775,0.05475883558392525,0.08201305568218231,-0.40288040041923523,0.4111432433128357,False
train,0.09314440190792084,0.0,0.0068642073310911655,0.053199976682662964,0.05506052076816559,0.08201228827238083,-0.4031565189361572,0.41141363978385925,False
test,0.09356115758419037,0.0,0.0068748462945222855,0.05324580892920494,0.05536718666553497,0.08200792968273163,-0.40343430638313293,0.4116849899291992,False
train,0.0939779132604599,0.0,0.006885511334985495,0.05329157039523125,0.05567886307835579,0.0819990485906601,-0.40371114015579224,0.41195452213287354,False
train,0.09439466893672943,0.0,0.006896222475916147,0.05333751067519188,0.05599550902843475,0.08198630809783936,-0.4039889872074127,0.41222426295280457,False
train,0.09481141716241837,0.0,0.006906956434249878,0.05338365212082863,0.05631706863641739,0.08196981251239777,-0.4042680263519287,0.4124944806098938,False
train,0.0952281728386879,0.0,0.006917736493051052,0.05342983081936836,0.05664355307817459,0.08194916695356369,-0.40454697608947754,0.412763774394989,False
test,0.09564492851495743,0.0,0.006928556598722935,0.053476087749004364,0.05697493255138397,0.08192447572946548,-0.4048260748386383,0.4130324125289917,False
train,0.09606167674064636,0.0,0.006939403712749481,0.053522512316703796,0.05731114745140076,0.0818961039185524,-0.40510615706443787,0.4133013188838959,False
train,0.0964784324169159,0.0,0.00695030065253377,0.05356904864311218,0.05765218660235405,0.08186384290456772,-0.40538668632507324,0.4135698974132538,False
train,0.09689518809318542,0.0,0.006961234379559755,0.053615719079971313,0.05799800530076027,0.0818277969956398,-0.40566784143447876,0.41383835673332214,False
train,0.09731193631887436,0.0,0.006972195114940405,0.05366251617670059,0.058348555117845535,0.08178803324699402,-0.4059496223926544,0.41410672664642334,False
test,0.09772869199514389,0.0,0.006983216851949692,0.05370943248271942,0.058703839778900146,0.08174455165863037,-0.4062318205833435,0.41437479853630066,False
train,0.09814544767141342,0.0,0.006994254887104034,0.0537564679980278,0.05906374007463455,0.08169744908809662,-0.40651464462280273,0.4146427810192108,False
train,0.09856220334768295,0.0,0.0070053511299192905,0.05380361154675484,0.05942826718091965,0.08164666593074799,-0.4067977964878082,0.41491037607192993,False
train,0.09897895157337189,0.0,0.007016471121460199,0.05385088175535202,0.05979735031723976,0.08159234374761581,-0.40708160400390625,0.41517797112464905,False
train,0.09939570724964142,0.0,0.007027618587017059,0.053898245096206665,0.06017092242836952,0.0815344899892807,-0.40736573934555054,0.4154452085494995,False
test,0.09981246292591095,0.0,0.007038830779492855,0.053945716470479965,0.060548990964889526,0.08147308975458145,-0.4076502025127411,0.4157121181488037,False
train,0.10022921115159988,0.0,0.007050061132758856,0.053993403911590576,0.06093141809105873,0.08140864223241806,-0.40793606638908386,0.41597980260849,False
train,0.10064596682786942,0.0,0.007061352487653494,0.0540410652756691,0.061318229883909225,0.08134037256240845,-0.40822115540504456,0.4162460267543793,False
train,0.10106272250413895,0.0,0.0070726689882576466,0.05408906936645508,0.06170929968357086,0.08126941323280334,-0.4085085988044739,0.4165140986442566,False
train,0.10147947818040848,0.0,0.007084036711603403,0.054137006402015686,0.06210460513830185,0.08119480311870575,-0.40879496932029724,0.4167804419994354,False
test,0.10189622640609741,0.0,0.007095426321029663,0.05418509989976883,0.06250406056642532,0.08111712336540222,-0.40908223390579224,0.41704708337783813,False
train,0.10231298208236694,0.0,0.007106881123036146,0.05423329398036003,0.0629076138138771,0.08103631436824799,-0.40936973690986633,0.4173133969306946,False
train,0.10272973775863647,0.0,0.007118368521332741,0.054281700402498245,0.06331517547369003,0.08095280826091766,-0.4096585214138031,0.4175804853439331,False
train,0.10314648598432541,0.0,0.007129894103854895,0.05433019995689392,0.06372664868831635,0.08086632192134857,-0.40994760394096375,0.41784733533859253,False
train,0.10356324166059494,0.0,0.007141455542296171,0.054378803819417953,0.06414200365543365,0.08077691495418549,-0.41023704409599304,0.41811403632164,False
test,0.10397999733686447,0.0,0.007153056096285582,0.05442751944065094,0.06456116586923599,0.08068475127220154,-0.41052693128585815,0.4183806777000427,False
train,0.104396753013134,0.0,0.0071647027507424355,0.05447643995285034,0.06498400866985321,0.0805901437997818,-0.4108179807662964,0.4186480641365051,False
train,0.10481350123882294,0.0,0.007176409009844065,0.05452540144324303,0.06541046500205994,0.08049276471138,-0.41110876202583313,0.41891467571258545,False
train,0.10523025691509247,0.0,0.007188124116510153,0.05457456782460213,0.0658404603600502,0.08039306104183197,-0.41140085458755493,0.4191822111606598,False
train,0.105647012591362,0.0,0.007199899293482304,0.05462377518415451,0.06627392023801804,0.08029074966907501,-0.41169273853302,0.4194490611553192,False
test,0.10606376081705093,0.0,0.007211717311292887,0.0546732135117054,0.0667107030749321,0.08018648624420166,-0.41198599338531494,0.4197169542312622,False
train,0.10648051649332047,0.0,0.0072235725820064545,0.054722659289836884,0.06715073436498642,0.08007965981960297,-0.41227880120277405,0.41998401284217834,False
train,0.10689727216959,0.0,0.007235491648316383,0.054772280156612396,0.06759396940469742,0.07997086644172668,-0.41257244348526,0.4202515482902527,False
train,0.10731402039527893,0.0,0.007247427012771368,0.05482202395796776,0.06804022192955017,0.07986012101173401,-0.4128666818141937,0.4205193519592285,False
train,0.10773077607154846,0.0,0.007259402424097061,0.05487189441919327,0.0684894248843193,0.07974746823310852,-0.4131614565849304,0.42078739404678345,False
test,0.108147531747818,0.0,0.007271442096680403,0.05492199584841728,0.06894148141145706,0.07963337749242783,-0.4134575128555298,0.42105650901794434,False
train,0.10856428742408752,0.0,0.007283516228199005,0.0549720823764801,0.06939627975225449,0.0795171856880188,-0.413752943277359,0.4213246703147888,False
train,0.10898103564977646,0.0,0.007295634131878614,0.05502238869667053,0.06985366344451904,0.0793997198343277,-0.4140496850013733,0.42159393429756165,False
train,0.10939779132604599,0.0,0.007307789754122496,0.05507279559969902,0.07031357288360596,0.07928086072206497,-0.4143466651439667,0.42186328768730164,False
train,0.10981454700231552,0.0,0.007319997064769268,0.055123262107372284,0.07077591121196747,0.07916036993265152,-0.41464364528656006,0.42213237285614014,False
test,0.11023129522800446,0.0,0.007332255598157644,0.05517401173710823,0.07124046236276627,0.07903922349214554,-0.41494229435920715,0.4224030077457428,False
train,0.11064805090427399,0.0,0.007344541605561972,0.055224768817424774,0.07170721143484116,0.07891663908958435,-0.4152405560016632,0.4226731061935425,False
train,0.11106480658054352,0.0,0.007356883026659489,0.05527575686573982,0.07217598706483841,0.07879339158535004,-0.4155402183532715,0.4229445457458496,False
train,0.11148156225681305,0.0,0.00736927380785346,0.05532681196928024,0.07264665514230728,0.07866918295621872,-0.4158397614955902,0.42321571707725525,False
train,0.11189831048250198,0.0,0.007381702307611704,0.0553780123591423,0.07311907410621643,0.07854443788528442,-0.41613996028900146,0.4234875440597534,False
test,0.11231506615877151,0.0,0.007394175976514816,0.05542934685945511,0.0735931396484375,0.07841911911964417,-0.41644078493118286,0.42375993728637695,False
train,0.11273182183504105,0.0,0.007406692486256361,0.055480800569057465,0.07406873255968094,0.07829336822032928,-0.4167419672012329,0.42403268814086914,False
train,0.11314857006072998,0.0,0.007419261150062084,0.05553240701556206,0.07454564422369003,0.07816748321056366,-0.41704386472702026,0.424306184053421,False
train,0.11356532573699951,0.0,0.007431876379996538,0.055584173649549484,0.0750238224864006,0.07804149389266968,-0.41734644770622253,0.4245804250240326,False
train,0.11398208141326904,0.0,0.00744452653452754,0.05563601106405258,0.07550308108329773,0.07791545987129211,-0.41764912009239197,0.4248548150062561,False
test,0.11439882963895798,0.0,0.007457240950316191,0.05568800866603851,0.07598327845335007,0.07778963446617126,-0.4179524779319763,0.4251299798488617,False
train,0.11481558531522751,0.0,0.007469994947314262,0.05574020743370056,0.07646429538726807,0.07766439020633698,-0.418256938457489,0.42540642619132996,False
train,0.11523234099149704,0.0,0.007482805754989386,0.055792491883039474,0.076945960521698,0.07753945142030716,-0.4185614585876465,0.42568305134773254,False
train,0.11564909666776657,0.0,0.00749563192948699,0.05584491044282913,0.0774281769990921,0.0774151161313057,-0.4188666045665741,0.4259604811668396,False
train,0.1160658448934555,0.0,0.007508526090532541,0.05589747801423073,0.07791069895029068,0.07729168236255646,-0.41917237639427185,0.4262387752532959,False
test,0.11648260056972504,0.0,0.007521471008658409,0.05595013499259949,0.07839344441890717,0.0771690309047699,-0.419478178024292,0.4265172779560089,False
train,0.11689935624599457,0.0,0.007534455507993698,0.05600293353199959,0.07887624204158783,0.07704751193523407,-0.41978466510772705,0.4267967641353607,False
train,0.1173161044716835,0.0,0.007547498680651188,0.056055933237075806,0.07935895025730133,0.07692744582891464,-0.4200921356678009,0.4270775616168976,False
train,0.11773286014795303,0.0,0.0075605823658406734,0.05610905960202217,0.07984139025211334,0.07680876553058624,-0.42040008306503296,0.42735913395881653,False
train,0.11814961582422256,0.0,0.00757372472435236,0.05616234242916107,0.08032342791557312,0.07669171690940857,-0.42070865631103516,0.4276416599750519,False
test,0.1185663715004921,0.0,0.007586886174976826,0.05621573328971863,0.08080492913722992,0.0765763446688652,-0.4210176467895508,0.4279249906539917,False
train,0.11898311972618103,0.0,0.007600127719342709,0.056269291788339615,0.08128566294908524,0.07646298408508301,-0.42132726311683655,0.4282093644142151,False
train,0.11939987540245056,0.0,0.007613406982272863,0.05632294714450836,0.0817655399441719,0.07635156810283661,-0.4216371178627014,0.4284943640232086,False
train,0.11981663107872009,0.0,0.007626734673976898,0.05637677386403084,0.0822443813085556,0.07624244689941406,-0.421947717666626,0.42878058552742004,False
train,0.12023337930440903,0.0,0.007640103809535503,0.05643073096871376,0.0827220231294632,0.07613566517829895,-0.4222588539123535,0.42906782031059265,False
test,0.12065013498067856,0.0,0.007653558626770973,0.05648485943675041,0.08319829404354095,0.07603160291910172,-0.4225705862045288,0.4293561577796936,False
train,0.12106689065694809,0.0,0.0076670292764902115,0.05653907731175423,0.08367304503917694,0.07593008875846863,-0.4228825867176056,0.42964527010917664,False
train,0.12148363888263702,0.0,0.007680556271225214,0.05659352242946625,0.08414609730243683,0.07583171129226685,-0.4231957793235779,0.42993617057800293,False
train,0.12190039455890656,0.0,0.00769413635134697,0.05664798244833946,0.08461731672286987,0.07573603093624115,-0.4235084652900696,0.4302271008491516,False
train,0.12231715023517609,0.0,0.007707769982516766,0.05670267343521118,0.08508654683828354,0.07564380019903183,-0.42382240295410156,0.4305199384689331,False
test,0.12273390591144562,0.0,0.0077214534394443035,0.0567576140165329,0.08555358648300171,0.07555530965328217,-0.42413774132728577,0.43081483244895935,False
train,0.12315065413713455,0.0,0.007735193707048893,0.05681252107024193,0.08601830154657364,0.07546984404325485,-0.42445215582847595,0.4311094284057617,False
train,0.12356740981340408,0.0,0.007748980075120926,0.05686767399311066,0.08648054301738739,0.07538840919733047,-0.4247679114341736,0.43140605092048645,False
train,0.12398416548967361,0.0,0.007762813474982977,0.05692289024591446,0.08694013208150864,0.0753106027841568,-0.42508360743522644,0.4317032992839813,False
train,0.12440091371536255,0.0,0.007776712067425251,0.05697828158736229,0.08739694952964783,0.07523693889379501,-0.4253999590873718,0.4320019781589508,False
test,0.12481766939163208,0.0,0.00779066514223814,0.057033855468034744,0.08785080164670944,0.07516757398843765,-0.42571714520454407,0.4323022663593292,False
train,0.1252344250679016,0.0,0.0078046428970992565,0.057089582085609436,0.08830153942108154,0.07510256767272949,-0.426035076379776,0.4326040744781494,False
train,0.12565118074417114,0.0,0.007818694226443768,0.05714539811015129,0.0887489840388298,0.0750419944524765,-0.42635297775268555,0.4329066574573517,False
train,0.12606793642044067,0.0,0.007832796312868595,0.05720146745443344,0.08919303864240646,0.07498635351657867,-0.4266722798347473,0.43321147561073303,False
train,0.126484677195549,0.0,0.007846950553357601,0.057257670909166336,0.08963349461555481,0.07493551075458527,-0.4269920289516449,0.43351760506629944,False
test,0.12690143287181854,0.0,0.007861174643039703,0.057313986122608185,0.09007024019956589,0.07488959282636642,-0.42731189727783203,0.433824747800827,False
train,0.12731818854808807,0.0,0.00787543598562479,0.05737035721540451,0.09050311893224716,0.07484850287437439,-0.427631676197052,0.4341326355934143,False
train,0.1277349442243576,0.0,0.007889753207564354,0.057426974177360535,0.09093201905488968,0.07481302320957184,-0.42795273661613464,0.43444278836250305,False
train,0.12815169990062714,0.0,0.00790412537753582,0.05748381093144417,0.09135673195123672,0.07478311657905579,-0.42827486991882324,0.43475496768951416,False
train,0.12856845557689667,0.0,0.007918539457023144,0.05754069983959198,0.09177713096141815,0.07475864142179489,-0.4285968244075775,0.43506792187690735,False
test,0.1289852112531662,0.0,0.007933028973639011,0.05759774148464203,0.0921931266784668,0.07473982870578766,-0.42891925573349,0.43538233637809753,False
train,0.12940195202827454,0.0,0.007947558537125587,0.057654969394207,0.09260452538728714,0.07472699880599976,-0.4292425513267517,0.43569862842559814,False
train,0.12981870770454407,0.0,0.007962161675095558,0.05771234259009361,0.09301123768091202,0.07472008466720581,-0.42956626415252686,0.43601635098457336,False
train,0.1302354633808136,0.0,0.007976805791258812,0.05776989832520485,0.0934130921959877,0.07471951842308044,-0.42989081144332886,0.4363360106945038,False
train,0.13065221905708313,0.0,0.007991518825292587,0.057827532291412354,0.09381002187728882,0.07472492009401321,-0.4302152693271637,0.4366565942764282,False
test,0.13106897473335266,0.0,0.008006281219422817,0.05788542702794075,0.09420184791088104,0.0747370794415474,-0.43054112792015076,0.436979740858078,False
train,0.1314857304096222,0.0,0.008021105080842972,0.05794340744614601,0.09458848088979721,0.07475556433200836,-0.43086692690849304,0.43730390071868896,False
train,0.13190248608589172,0.0,0.00803598016500473,0.05800151452422142,0.09496975690126419,0.07478059083223343,-0.431193083524704,0.4376295506954193,False
train,0.13231922686100006,0.0,0.008050912991166115,0.05805981159210205,0.09534560143947601,0.07481253892183304,-0.4315200746059418,0.43795719742774963,False
train,0.1327359825372696,0.0,0.008065919391810894,0.058118388056755066,0.09571588039398193,0.07485175132751465,-0.43184852600097656,0.43828749656677246,False
test,0.13315273821353912,0.0,0.008080956526100636,0.05817699059844017,0.09608053416013718,0.07489757239818573,-0.43217653036117554,0.4386185109615326,False
train,0.13356949388980865,0.0,0.008096056990325451,0.05823569744825363,0.0964394137263298,0.07495029270648956,-0.43250468373298645,0.4389508366584778,False
train,0.13398624956607819,0.0,0.008111227303743362,0.05829465761780739,0.09679248929023743,0.07501055300235748,-0.43283402919769287,0.43928566575050354,False
train,0.13440300524234772,0.0,0.00812645722180605,0.05835379287600517,0.09713954478502274,0.07507815957069397,-0.433164119720459,0.4396224617958069,False
train,0.13481976091861725,0.0,0.008141735568642616,0.05841302126646042,0.09748059511184692,0.0751529335975647,-0.4334942698478699,0.4399604797363281,False
test,0.13523650169372559,0.0,0.00815709587186575,0.0584724135696888,0.09781545400619507,0.07523534446954727,-0.4338248372077942,0.4403002858161926,False
train,0.13565325736999512,0.0,0.00817248597741127,0.05853205919265747,0.09814416617155075,0.07532550394535065,-0.4341568350791931,0.4406428337097168,False
train,0.13607001304626465,0.0,0.008187954314053059,0.05859176442027092,0.09846655279397964,0.07542311400175095,-0.43448853492736816,0.4409863352775574,False
train,0.13648676872253418,0.0,0.0082034757360816,0.05865169316530228,0.09878262877464294,0.0755285769701004,-0.4348212480545044,0.4413321912288666,False
train,0.1369035243988037,0.0,0.00821906141936779,0.05871177464723587,0.0990922600030899,0.07564184069633484,-0.43515443801879883,0.44167983531951904,False
test,0.13732028007507324,0.0,0.008234703913331032,0.058771949261426926,0.09939537942409515,0.07576282322406769,-0.4354875981807709,0.44202879071235657,False
train,0.13773703575134277,0.0,0.008250419981777668,0.05883237347006798,0.0996919572353363,0.07589201629161835,-0.4358220100402832,0.4423803985118866,False
train,0.1381537765264511,0.0,0.008266174234449863,0.05889292433857918,0.09998190402984619,0.07602906972169876,-0.436156690120697,0.44273364543914795,False
train,0.13857053220272064,0.0,0.008282019756734371,0.058953627943992615,0.1002652496099472,0.07617416977882385,-0.4364917278289795,0.4430886209011078,False
train,0.13898728787899017,0.0,0.008297908119857311,0.059014566242694855,0.1005418598651886,0.07632765173912048,-0.43682795763015747,0.44344624876976013,False
test,0.1394040435552597,0.0,0.008313861675560474,0.059075623750686646,0.10081176459789276,0.07648906111717224,-0.437164306640625,0.44380539655685425,False
train,0.13982079923152924,0.0,0.00832988228648901,0.05913684517145157,0.10107485949993134,0.07665874063968658,-0.4375011920928955,0.4441664516925812,False
train,0.14023755490779877,0.0,0.008345965296030045,0.059198275208473206,0.10133116692304611,0.07683675736188889,-0.43783897161483765,0.4445299208164215,False
train,0.1406542956829071,0.0,0.008362098596990108,0.059259768575429916,0.1015806496143341,0.0770227387547493,-0.4381764829158783,0.4448945224285126,False
train,0.14107105135917664,0.0,0.00837832223623991,0.0593215748667717,0.10182327777147293,0.07721744477748871,-0.4385156035423279,0.44526225328445435,False
test,0.14148780703544617,0.0,0.008394582197070122,0.05938347056508064,0.10205906629562378,0.07742016762495041,-0.43885475397109985,0.4456314444541931,False
train,0.1419045627117157,0.0,0.008410932496190071,0.05944548174738884,0.10228797048330307,0.07763107120990753,-0.43919387459754944,0.4460020661354065,False
train,0.14232131838798523,0.0,0.008427334949374199,0.05950769782066345,0.10250997543334961,0.07785052061080933,-0.43953388929367065,0.4463751018047333,False
train,0.14273807406425476,0.0,0.008443801663815975,0.05957014113664627,0.10272515565156937,0.07807836681604385,-0.43987488746643066,0.446750670671463,False
train,0.1431548297405243,0.0,0.00846034474670887,0.05963267758488655,0.10293343663215637,0.0783143937587738,-0.4402157664299011,0.4471275508403778,False
test,0.14357157051563263,0.0,0.00847693532705307,0.05969543755054474,0.103134885430336,0.07855881750583649,-0.44055765867233276,0.44750702381134033,False
train,0.14398832619190216,0.0,0.00849360041320324,0.059758394956588745,0.10332946479320526,0.07881167531013489,-0.4409002959728241,0.4478887617588043,False
train,0.1444050818681717,0.0,0.00851033627986908,0.05982138216495514,0.10351721942424774,0.07907244563102722,-0.4412422776222229,0.44827133417129517,False
train,0.14482183754444122,0.0,0.008527134545147419,0.05988473817706108,0.10369819402694702,0.0793420746922493,-0.44158637523651123,0.44865766167640686,False
train,0.14523859322071075,0.0,0.008544006384909153,0.059948164969682693,0.1038724035024643,0.07961970567703247,-0.4419301450252533,0.4490451514720917,False
test,0.14565534889698029,0.0,0.00856093131005764,0.060011789202690125,0.10403986275196075,0.07990558445453644,-0.4422747492790222,0.4494350552558899,False
train,0.14607210457324982,0.0,0.008577934466302395,0.060075607150793076,0.10420069098472595,0.08019968122243881,-0.4426199793815613,0.4498271048069,False
train,0.14648884534835815,0.0,0.008595000021159649,0.06013951078057289,0.10435479134321213,0.08050171285867691,-0.4429650604724884,0.45022058486938477,False
train,0.14690560102462769,0.0,0.008612144738435745,0.060203682631254196,0.10450234264135361,0.08081216365098953,-0.44331127405166626,0.4506168067455292,False
train,0.14732235670089722,0.0,0.00862934347242117,0.06026795506477356,0.10464335978031158,0.08113038539886475,-0.4436575770378113,0.45101460814476013,False
test,0.14773911237716675,0.0,0.008646633476018906,0.060332462191581726,0.10477787256240845,0.08145685493946075,-0.44400471448898315,0.45141488313674927,False
train,0.14815586805343628,0.0,0.008663974702358246,0.060397159308195114,0.10490597039461136,0.08179127424955368,-0.4443525969982147,0.45181751251220703,False
train,0.1485726237297058,0.0,0.008681396953761578,0.06046202778816223,0.1050276979804039,0.08213365823030472,-0.44470083713531494,0.4522220492362976,False
train,0.14898937940597534,0.0,0.008698878809809685,0.06052703410387039,0.10514319688081741,0.08248363435268402,-0.4450494050979614,0.4526284635066986,False
train,0.14940612018108368,0.0,0.008716436102986336,0.06059229001402855,0.10525243729352951,0.08284160494804382,-0.44539904594421387,0.4530375599861145,False
test,0.1498228758573532,0.0,0.008734053000807762,0.060657668858766556,0.10535562038421631,0.08320704102516174,-0.4457487463951111,0.4534482955932617,False
train,0.15023963153362274,0.0,0.008751751855015755,0.060723185539245605,0.10545270144939423,0.08358000218868256,-0.44609859585762024,0.4538607597351074,False
train,0.15065638720989227,0.0,0.008769536390900612,0.06078900024294853,0.10554385930299759,0.0839608684182167,-0.4464498460292816,0.4542762339115143,False
train,0.1510731428861618,0.0,0.008787374012172222,0.060854945331811905,0.10562913119792938,0.08434899151325226,-0.4468012750148773,0.45469343662261963,False
train,0.15148989856243134,0.0,0.008805305697023869,0.0609210766851902,0.10570866614580154,0.08474450558423996,-0.44715312123298645,0.45511266589164734,False
test,0.15190665423870087,0.0,0.008823303505778313,0.06098738685250282,0.10578254610300064,0.08514714986085892,-0.44750556349754333,0.45553404092788696,False
train,0.1523233950138092,0.0,0.00884135439991951,0.061053868383169174,0.10585082322359085,0.08555704355239868,-0.4478584825992584,0.45595747232437134,False
train,0.15274015069007874,0.0,0.008859488181769848,0.06112048029899597,0.10591370612382889,0.08597370237112045,-0.4482114613056183,0.45638251304626465,False
train,0.15315690636634827,0.0,0.008877702057361603,0.06118735298514366,0.10597119480371475,0.08639755845069885,-0.4485655128955841,0.45681020617485046,False
train,0.1535736620426178,0.0,0.00889600720256567,0.06125445291399956,0.10602349787950516,0.08682844787836075,-0.4489203095436096,0.4572402238845825,False
test,0.15399041771888733,0.0,0.00891436729580164,0.061321716755628586,0.10607066005468369,0.08726593852043152,-0.44927555322647095,0.45767223834991455,False
train,0.15440717339515686,0.0,0.008932799100875854,0.06138910353183746,0.10611284524202347,0.08770982176065445,-0.44963082671165466,0.45810577273368835,False
train,0.1548239290714264,0.0,0.008951310999691486,0.06145670264959335,0.10615015774965286,0.08816035091876984,-0.4499867558479309,0.45854151248931885,False
train,0.15524066984653473,0.0,0.008969898335635662,0.06152442470192909,0.10618271678686142,0.08861701935529709,-0.45034274458885193,0.4589788317680359,False
train,0.15565742552280426,0.0,0.008988573215901852,0.06159250810742378,0.10621068626642227,0.08908044546842575,-0.4507005512714386,0.4594195485115051,False
test,0.1560741811990738,0.0,0.00900732446461916,0.06166064366698265,0.10623415559530258,0.08954961597919464,-0.4510577321052551,0.45986106991767883,False
train,0.15649093687534332,0.0,0.009026131592690945,0.06172901764512062,0.1062532365322113,0.09002497792243958,-0.45141586661338806,0.4603050947189331,False
train,0.15690769255161285,0.0,0.00904504582285881,0.06179758533835411,0.10626813769340515,0.0905061811208725,-0.4517744481563568,0.4607510268688202,False
train,0.15732444822788239,0.0,0.00906401313841343,0.06186632066965103,0.10627895593643188,0.09099304676055908,-0.452133446931839,0.4611988663673401,False
train,0.15774118900299072,0.0,0.009083063341677189,0.061935313045978546,0.10628583282232285,0.09148568660020828,-0.45249345898628235,0.46164917945861816,False
test,0.15815794467926025,0.0,0.00910220481455326,0.062004413455724716,0.10628890991210938,0.0919836163520813,-0.452853262424469,0.46210071444511414,False
train,0.15857470035552979,0.0,0.009121421724557877,0.062073804438114166,0.10628832876682281,0.0924871638417244,-0.4532143473625183,0.4625549912452698,False
train,0.15899145603179932,0.0,0.009140713140368462,0.06214331090450287,0.10628421604633331,0.09299564361572266,-0.4535753130912781,0.4630105197429657,False
train,0.15940821170806885,0.0,0.009160093031823635,0.06221304461359978,0.1062767431139946,0.09350930899381638,-0.45393699407577515,0.4634682238101959,False
train,0.15982496738433838,0.0,0.009179553017020226,0.06228294596076012,0.1062660664319992,0.09402778744697571,-0.4542989432811737,0.4639275372028351,False
test,0.1602417230606079,0.0,0.009199094027280807,0.062353041023015976,0.10625234991312027,0.09455104917287827,-0.45466136932373047,0.4643886983394623,False
train,0.16065846383571625,0.0,0.009218702092766762,0.06242341175675392,0.10623569041490555,0.09507911652326584,-0.45502498745918274,0.4648524224758148,False
train,0.16107521951198578,0.0,0.009238400496542454,0.062493808567523956,0.10621628165245056,0.09561121463775635,-0.4553877115249634,0.4653165340423584,False
train,0.1614919751882553,0.0,0.00925819668918848,0.06256455183029175,0.10619425028562546,0.0961480438709259,-0.4557519853115082,0.46578356623649597,False
train,0.16190873086452484,0.0,0.009278054349124432,0.06263554096221924,0.10616977512836456,0.09668920189142227,-0.4561172127723694,0.4662528336048126,False
test,0.16232548654079437,0.0,0.009298020042479038,0.0627065896987915,0.10614298284053802,0.09723402559757233,-0.4564816951751709,0.46672260761260986,False
train,0.1627422422170639,0.0,0.009318058378994465,0.06277789920568466,0.10611402988433838,0.0977829098701477,-0.45684725046157837,0.46719470620155334,False
train,0.16315899789333344,0.0,0.009338176809251308,0.06284942477941513,0.10608310997486115,0.09833557903766632,-0.4572133421897888,0.4676685929298401,False
train,0.16357573866844177,0.0,0.009358372539281845,0.06292110681533813,0.10605033487081528,0.09889166802167892,-0.45757973194122314,0.4681439697742462,False
train,0.1639924943447113,0.0,0.009378666058182716,0.06299301236867905,0.1060158908367157,0.0994512289762497,-0.4579465687274933,0.4686209559440613,False
test,0.16440925002098083,0.0,0.009399044327437878,0.06306511163711548,0.10597992688417435,0.10001413524150848,-0.45831388235092163,0.46909961104393005,False
train,0.16482600569725037,0.0,0.009419500827789307,0.06313741207122803,0.10594262927770615,0.100580133497715,-0.4586816728115082,0.46957987546920776,False
train,0.1652427613735199,0.0,0.009440046735107899,0.06320993602275848,0.10590411722660065,0.10114917159080505,-0.4590499997138977,0.4700617492198944,False
train,0.16565951704978943,0.0,0.00946070160716772,0.06328265368938446,0.10586454719305038,0.10172095894813538,-0.45941871404647827,0.4705451428890228,False
train,0.16607627272605896,0.0,0.009481426328420639,0.06335563212633133,0.1058240532875061,0.10229575634002686,-0.45978838205337524,0.4710305333137512,False
test,0.1664930135011673,0.0,0.009502229280769825,0.06342880427837372,0.10578285902738571,0.10287290066480637,-0.46015840768814087,0.47151732444763184,False
train,0.16690976917743683,0.0,0.009523140266537666,0.06350211054086685,0.10574110597372055,0.10345225036144257,-0.46052825450897217,0.4720049202442169,False
train,0.16732652485370636,0.0,0.009544114582240582,0.0635756254196167,0.10569891333580017,0.10403378307819366,-0.46089866757392883,0.4724940359592438,False
train,0.1677432805299759,0.0,0.009565204381942749,0.06364947557449341,0.1056564450263977,0.10461790859699249,-0.46127045154571533,0.47298556566238403,False
train,0.16816003620624542,0.0,0.009586376138031483,0.06372344493865967,0.10561387985944748,0.10520360618829727,-0.4616420269012451,0.47347772121429443,False
test,0.16857679188251495,0.0,0.00960763543844223,0.06379766762256622,0.10557140409946442,0.10579123347997665,-0.462014377117157,0.4739716053009033,False
train,0.16899354755878448,0.0,0.009628992527723312,0.06387199461460114,0.1055290624499321,0.10638017952442169,-0.46238628029823303,0.47446581721305847,False
train,0.16941028833389282,0.0,0.009650437161326408,0.06394659727811813,0.10548713803291321,0.10697080194950104,-0.4627591669559479,0.47496187686920166,False
train,0.16982704401016235,0.0,0.009671967476606369,0.06402144581079483,0.10544568300247192,0.1075628399848938,-0.46313291788101196,0.47545963525772095,False
train,0.17024379968643188,0.0,0.009693599306046963,0.06409648060798645,0.10540491342544556,0.1081559881567955,-0.4635067582130432,0.4759582281112671,False
test,0.17066055536270142,0.0,0.009715317748486996,0.06417176127433777,0.10536491870880127,0.10875031352043152,-0.4638812839984894,0.47645828127861023,False
train,0.17107731103897095,0.0,0.009737138636410236,0.0642472580075264,0.10532589256763458,0.10934561491012573,-0.464256227016449,0.4769594371318817,False
train,0.17149406671524048,0.0,0.009759054519236088,0.06432289630174637,0.10528800636529922,0.10994137823581696,-0.4646311104297638,0.47746115922927856,False
train,0.17191080749034882,0.0,0.009781057015061378,0.06439878791570663,0.10525139421224594,0.11053790152072906,-0.4650067090988159,0.47796428203582764,False
train,0.17232756316661835,0.0,0.009803165681660175,0.0644749104976654,0.10521615296602249,0.11113499104976654,-0.46538272500038147,0.4784684479236603,False
test,0.17274431884288788,0.0,0.009825360961258411,0.06455126404762268,0.10518241673707962,0.11173247545957565,-0.46575936675071716,0.4789738357067108,False
train,0.1731610745191574,0.0,0.009847656823694706,0.06462781131267548,0.10515045374631882,0.11233003437519073,-0.46613621711730957,0.47947993874549866,False
train,0.17357783019542694,0.0,0.009870055131614208,0.06470458954572678,0.10512030124664307,0.11292772740125656,-0.46651357412338257,0.4799870550632477,False
train,0.17399458587169647,0.0,0.009892531670629978,0.0647815689444542,0.1050921380519867,0.11352534592151642,-0.4668912887573242,0.48049503564834595,False
train,0.174411341547966,0.0,0.009915133938193321,0.06485871225595474,0.10506609827280045,0.11412249505519867,-0.46726882457733154,0.4810032248497009,False
test,0.17482808232307434,0.0,0.009937817230820656,0.06493619084358215,0.10504234582185745,0.11471973359584808,-0.4676477313041687,0.48151326179504395,False
train,0.17524483799934387,0.0,0.0099605992436409,0.06501389294862747,0.10502099990844727,0.11531645059585571,-0.46802711486816406,0.4820241332054138,False
train,0.1756615936756134,0.0,0.009983476251363754,0.06509172916412354,0.10500208288431168,0.11591245234012604,-0.4684062600135803,0.48253509402275085,False
train,0.17607834935188293,0.0,0.010006476193666458,0.06516983360052109,0.10498592257499695,0.11650773137807846,-0.4687859117984772,0.48304685950279236,False
train,0.17649510502815247,0.0,0.010029556229710579,0.06524813920259476,0.10497256368398666,0.11710214614868164,-0.4691659212112427,0.4835592806339264,False
test,0.176911860704422,0.0,0.010052738711237907,0.06532669067382812,0.10496211796998978,0.11769568175077438,-0.46954652667045593,0.4840725362300873,False
train,0.17732861638069153,0.0,0.010076040402054787,0.0654054582118988,0.1049547791481018,0.11828796565532684,-0.4699273705482483,0.4845861792564392,False
train,0.17774535715579987,0.0,0.010099410079419613,0.06548446416854858,0.10495063662528992,0.11887916922569275,-0.47030889987945557,0.48510074615478516,False
train,0.1781621128320694,0.0,0.010122906416654587,0.06556370854377747,0.10494980961084366,0.1194690614938736,-0.4706907570362091,0.48561573028564453,False
train,0.17857886850833893,0.0,0.010146495886147022,0.06564312428236008,0.104952372610569,0.12005734443664551,-0.4710725247859955,0.4861307442188263,False
test,0.17899562418460846,0.0,0.010170197114348412,0.06572286784648895,0.10495852679014206,0.12064442038536072,-0.471455454826355,0.4866470396518707,False
train,0.179412379860878,0.0,0.010194030590355396,0.06580275297164917,0.10496839135885239,0.12122951447963715,-0.47183793783187866,0.48716282844543457,False
train,0.17982913553714752,0.0,0.010217925533652306,0.06588294357061386,0.10498207062482834,0.12181296944618225,-0.4722215533256531,0.4876798093318939,False
train,0.18024589121341705,0.0,0.010241953656077385,0.0659632757306099,0.10499968379735947,0.12239427864551544,-0.47260481119155884,0.48819634318351746,False
train,0.1806626319885254,0.0,0.010266081430017948,0.06604394316673279,0.1050214022397995,0.12297385185956955,-0.47298917174339294,0.48871394991874695,False
test,0.18107938766479492,0.0,0.01029032003134489,0.06612475216388702,0.10504718869924545,0.12355105578899384,-0.473373144865036,0.48923102021217346,False
train,0.18149614334106445,0.0,0.010314659215509892,0.06620580703020096,0.10507729649543762,0.12412606179714203,-0.47375765442848206,0.4897485077381134,False
train,0.18191289901733398,0.0,0.010339110158383846,0.06628715246915817,0.10511176288127899,0.12469895929098129,-0.4741429388523102,0.4902666211128235,False
train,0.18232965469360352,0.0,0.010363656096160412,0.06636866927146912,0.10515078157186508,0.1252691149711609,-0.47452816367149353,0.4907844066619873,False
train,0.18274641036987305,0.0,0.010388346388936043,0.06645053625106812,0.10519436001777649,0.12583716213703156,-0.47491440176963806,0.49130305647850037,False
test,0.18316316604614258,0.0,0.010413123294711113,0.06653248518705368,0.10524272918701172,0.12640193104743958,-0.4752998650074005,0.4918205142021179,False
train,0.18357990682125092,0.0,0.010438019409775734,0.06661473214626312,0.10529587417840958,0.1269642859697342,-0.47568607330322266,0.49233847856521606,False
train,0.18399666249752045,0.0,0.010463008657097816,0.06669728457927704,0.10535398125648499,0.12752391397953033,-0.47607332468032837,0.4928571581840515,False
train,0.18441341817378998,0.0,0.010488132014870644,0.0667799711227417,0.10541707277297974,0.1280803382396698,-0.4764598608016968,0.49337467551231384,False
train,0.1848301738500595,0.0,0.010513360612094402,0.06686297804117203,0.10548529773950577,0.1286340355873108,-0.47684741020202637,0.4938928782939911,False
test,0.18524692952632904,0.0,0.010538694448769093,0.06694620847702026,0.10555871576070786,0.1291845440864563,-0.47723522782325745,0.4944108724594116,False
train,0.18566368520259857,0.0,0.010564158670604229,0.06702971458435059,0.10563752055168152,0.1297318935394287,-0.47762352228164673,0.49492889642715454,False
train,0.1860804259777069,0.0,0.010589725337922573,0.06711333245038986,0.10572174936532974,0.13027547299861908,-0.4780111312866211,0.49544557929039,False
train,0.18649718165397644,0.0,0.010615418665111065,0.0671973004937172,0.10581141710281372,0.13081619143486023,-0.4783998727798462,0.49596303701400757,False
train,0.18691393733024597,0.0,0.010641219094395638,0.06728148460388184,0.10590673238039017,0.13135327398777008,-0.47878867387771606,0.49647989869117737,False
test,0.1873306930065155,0.0,0.010667132213711739,0.067365862429142,0.10600773990154266,0.13188666105270386,-0.47917741537094116,0.49699607491493225,False
train,0.18774744868278503,0.0,0.010693180374801159,0.0674506351351738,0.10611450672149658,0.13241691887378693,-0.47956758737564087,0.4975131154060364,False
train,0.18816420435905457,0.0,0.01071932539343834,0.06753557920455933,0.1062270924448967,0.1329432725906372,-0.4799574613571167,0.4980292022228241,False
train,0.1885809600353241,0.0,0.01074560172855854,0.06762074679136276,0.10634568333625793,0.13346563279628754,-0.4803473949432373,0.4985445737838745,False
train,0.18899770081043243,0.0,0.01077201310545206,0.06770613044500351,0.1064702719449997,0.13398411870002747,-0.48073723912239075,0.49905914068222046,False
test,0.18941445648670197,0.0,0.010798510164022446,0.06779185682535172,0.10660100728273392,0.1344989836215973,-0.4811282753944397,0.499574214220047,False
train,0.1898312121629715,0.0,0.010825153440237045,0.06787773221731186,0.1067379042506218,0.13500946760177612,-0.4815186560153961,0.5000877380371094,False
train,0.19024796783924103,0.0,0.010851919651031494,0.06796392053365707,0.10688110440969467,0.13551613688468933,-0.48190975189208984,0.5006012916564941,False
train,0.19066472351551056,0.0,0.01087880227714777,0.06805038452148438,0.10703058540821075,0.136018767952919,-0.4823012948036194,0.5011144280433655,False
train,0.1910814791917801,0.0,0.01090580876916647,0.06813710182905197,0.10718651115894318,0.13651719689369202,-0.4826931357383728,0.5016269683837891,False
test,0.19149823486804962,0.0,0.010932943783700466,0.06822396069765091,0.10734889656305313,0.13701091706752777,-0.4830842912197113,0.5021378397941589,False
train,0.19191497564315796,0.0,0.010960182175040245,0.06831123679876328,0.10751788318157196,0.13750097155570984,-0.48347705602645874,0.5026495456695557,False
train,0.1923317313194275,0.0,0.010987570509314537,0.0683986246585846,0.10769349336624146,0.13798609375953674,-0.4838688373565674,0.50315922498703,False
train,0.19274848699569702,0.0,0.011015085503458977,0.06848635524511337,0.1078757643699646,0.1384669840335846,-0.4842614531517029,0.5036687850952148,False
train,0.19316524267196655,0.0,0.011042711324989796,0.06857433915138245,0.10806477814912796,0.13894346356391907,-0.48465442657470703,0.5041777491569519,False
test,0.19358199834823608,0.0,0.011070474050939083,0.06866254657506943,0.10826070606708527,0.13941514492034912,-0.48504719138145447,0.5046854019165039,False
train,0.19399875402450562,0.0,0.011098379269242287,0.06875099241733551,0.10846339166164398,0.13988225162029266,-0.4854399263858795,0.5051920413970947,False
train,0.19441550970077515,0.0,0.011126391589641571,0.06883975118398666,0.10867306590080261,0.14034488797187805,-0.48583340644836426,0.5056983232498169,False
train,0.19483225047588348,0.0,0.01115454826503992,0.06892874836921692,0.10888978838920593,0.14080259203910828,-0.4862268567085266,0.5062034130096436,False
train,0.19524900615215302,0.0,0.011182808317244053,0.06901797652244568,0.10911352932453156,0.14125549793243408,-0.48662036657333374,0.506707489490509,False
test,0.19566576182842255,0.0,0.011211235076189041,0.06910751760005951,0.10934439301490784,0.14170381426811218,-0.4870143234729767,0.507210910320282,False
train,0.19608251750469208,0.0,0.01123978104442358,0.06919735670089722,0.10958237200975418,0.14214733242988586,-0.48740875720977783,0.5077136754989624,False
train,0.1964992731809616,0.0,0.011268442496657372,0.06928736716508865,0.10982762277126312,0.1425856351852417,-0.4878026843070984,0.5082146525382996,False
train,0.19691602885723114,0.0,0.01129726693034172,0.06937769055366516,0.11008007079362869,0.14301925897598267,-0.4881969690322876,0.5087148547172546,False
train,0.19733278453350067,0.0,0.011326208710670471,0.06946828961372375,0.11033986508846283,0.1434478461742401,-0.48859161138534546,0.5092141628265381,False
test,0.197749525308609,0.0,0.011355298571288586,0.06955906748771667,0.11060697585344315,0.14387111365795135,-0.48898565769195557,0.5097115635871887,False
train,0.19816628098487854,0.0,0.01138451136648655,0.06965023279190063,0.11088146269321442,0.14428986608982086,-0.4893808364868164,0.5102089643478394,False
train,0.19858303666114807,0.0,0.011413870379328728,0.0697416365146637,0.1111634373664856,0.14470329880714417,-0.4897758364677429,0.5107048153877258,False
train,0.1989997923374176,0.0,0.011443347670137882,0.06983330845832825,0.11145287752151489,0.1451115906238556,-0.4901711344718933,0.5111997127532959,False
train,0.19941654801368713,0.0,0.01147298701107502,0.06992524862289429,0.11174982041120529,0.1455148458480835,-0.49056628346443176,0.5116931200027466,False
test,0.19983330368995667,0.0,0.011502784676849842,0.0700174868106842,0.11205429583787918,0.14591297507286072,-0.4909616708755493,0.5121854543685913,False
train,0.2002500593662262,0.004761904943734407,0.011532675474882126,0.07010991126298904,0.11236634850502014,0.146305650472641,-0.4913567900657654,0.5126761794090271,False
train,0.20066680014133453,0.0,0.011562726460397243,0.07020261138677597,0.11268601566553116,0.14669296145439148,-0.49175190925598145,0.5131654143333435,False
train,0.20108355581760406,0.0,0.011592937633395195,0.07029568403959274,0.11301328986883163,0.14707554876804352,-0.4921477138996124,0.5136541724205017,False
train,0.2015003114938736,0.0031746032182127237,0.011623292230069637,0.07038898020982742,0.11334827542304993,0.1474526822566986,-0.49254319071769714,0.5141411423683167,False
test,0.20191706717014313,0.0,0.011653760448098183,0.07048259675502777,0.11369094252586365,0.14782464504241943,-0.4929393231868744,0.5146273374557495,False
train,0.20233382284641266,0.0007936508045531809,0.011684389784932137,0.07057639211416245,0.1140412911772728,0.1481909602880478,-0.4933345913887024,0.5151112079620361,False
train,0.2027505785226822,0.0,0.011715162545442581,0.07067053020000458,0.11439941823482513,0.14855214953422546,-0.49373045563697815,0.5155943036079407,False
train,0.20316731929779053,0.0,0.011746086180210114,0.0707649514079094,0.11476526409387589,0.14890818297863007,-0.49412640929222107,0.5160761475563049,False
train,0.20358407497406006,0.0,0.011777164414525032,0.07085965573787689,0.11513888835906982,0.14925871789455414,-0.4945223331451416,0.5165563821792603,False
test,0.2040008306503296,0.0,0.011808369308710098,0.07095463573932648,0.11552031338214874,0.14960414171218872,-0.4949184060096741,0.5170354247093201,False
train,0.20441758632659912,0.0,0.011839751154184341,0.07104980945587158,0.11590950936079025,0.14994370937347412,-0.4953136146068573,0.5175120234489441,False
train,0.20483434200286865,0.0,0.011871260590851307,0.0711454227566719,0.11630653589963913,0.15027858316898346,-0.49571022391319275,0.5179886817932129,False
train,0.20525109767913818,0.0,0.011902944184839725,0.07124128937721252,0.11671135574579239,0.15060806274414062,-0.4961063861846924,0.5184634327888489,False
train,0.20566785335540771,0.0,0.011934751644730568,0.07133735716342926,0.11712396144866943,0.15093189477920532,-0.4965021014213562,0.5189362168312073,False
test,0.20608459413051605,0.0,0.01196672860532999,0.07143371552228928,0.11754442006349564,0.15125037729740143,-0.49689772725105286,0.5194073915481567,False
train,0.20650134980678558,0.0,0.01199885830283165,0.07153038680553436,0.11797264218330383,0.15156370401382446,-0.4972935616970062,0.5198773145675659,False
train,0.20691810548305511,0.0007936508045531809,0.012031137011945248,0.07162735611200333,0.11840873211622238,0.1518717259168625,-0.49768945574760437,0.5203458666801453,False
train,0.20733486115932465,0.0,0.012063576839864254,0.07172466069459915,0.1188526302576065,0.15217465162277222,-0.4980856478214264,0.5208132266998291,False
train,0.20775161683559418,0.0,0.012096177786588669,0.07182220369577408,0.11930431425571442,0.15247203409671783,-0.4984813630580902,0.5212786197662354,False
test,0.2081683725118637,0.0,0.012128935195505619,0.0719200000166893,0.11976376175880432,0.1527642011642456,-0.498876690864563,0.5217421650886536,False
train,0.20858512818813324,0.0,0.012161832302808762,0.07201813906431198,0.1202310174703598,0.15305110812187195,-0.49927252531051636,0.5222046971321106,False
train,0.20900186896324158,0.0,0.012194899842143059,0.07211657613515854,0.12070602178573608,0.15333300828933716,-0.4996681809425354,0.5226655602455139,False
train,0.2094186246395111,0.0007936508045531809,0.012228143401443958,0.07221534848213196,0.12118880450725555,0.1536097526550293,-0.5000640749931335,0.5231252312660217,False
train,0.20983538031578064,0.003968254197388887,0.012261546216905117,0.07231433689594269,0.12167929112911224,0.15388110280036926,-0.5004591941833496,0.5235826373100281,False
test,0.21025213599205017,0.0063492064364254475,0.012295104563236237,0.0724136158823967,0.12217755615711212,0.154147207736969,-0.5008541941642761,0.5240384340286255,False
train,0.2106688916683197,0.0023809524718672037,0.012328806333243847,0.07251323759555817,0.12268338352441788,0.1544085443019867,-0.5012495517730713,0.5244932174682617,False
train,0.21108564734458923,0.0015873016091063619,0.012362687848508358,0.07261306792497635,0.12319692224264145,0.15466433763504028,-0.5016440153121948,0.5249454975128174,False
train,0.21150240302085876,0.0031746032182127237,0.012396755628287792,0.07271341234445572,0.12371805310249329,0.15491601824760437,-0.502039909362793,0.5253980159759521,False
train,0.2119191437959671,0.0023809524718672037,0.012430988252162933,0.07281383872032166,0.12424676865339279,0.15516194701194763,-0.5024338960647583,0.5258470177650452,False
test,0.21233589947223663,0.0023809524718672037,0.012465372681617737,0.07291464507579803,0.124782994389534,0.15540316700935364,-0.5028284788131714,0.5262951850891113,False
train,0.21275265514850616,0.0015873016091063619,0.012499922886490822,0.07301576435565948,0.12532679736614227,0.15563955903053284,-0.5032229423522949,0.5267419219017029,False
train,0.2131694108247757,0.0031746032182127237,0.012534652836620808,0.07311717420816422,0.12587805092334747,0.15587115287780762,-0.5036171674728394,0.527186930179596,False
train,0.21358616650104523,0.0031746032182127237,0.012569548562169075,0.07321883738040924,0.1264367252588272,0.15609771013259888,-0.5040106773376465,0.5276298522949219,False
train,0.21400292217731476,0.0031746032182127237,0.012604612857103348,0.07332094013690948,0.1270027607679367,0.15632003545761108,-0.50440514087677,0.5280724763870239,False
test,0.2144196778535843,0.0031746032182127237,0.01263985875993967,0.07342322170734406,0.12757608294487,0.1565372347831726,-0.5047983527183533,0.5285123586654663,False
train,0.21483641862869263,0.0063492064364254475,0.012675303965806961,0.07352586835622787,0.1281566321849823,0.15675018727779388,-0.5051915645599365,0.5289509892463684,False
train,0.21525317430496216,0.004761904943734407,0.012710885144770145,0.07362882047891617,0.12874439358711243,0.15695849061012268,-0.5055847764015198,0.5293883085250854,False
train,0.2156699299812317,0.0055555556900799274,0.012746655382215977,0.07373198866844177,0.12933936715126038,0.15716193616390228,-0.5059769153594971,0.5298231244087219,False
train,0.21608668565750122,0.003968254197388887,0.012782585807144642,0.07383562624454498,0.12994131445884705,0.1573616862297058,-0.5063702464103699,0.5302579998970032,False
test,0.21650344133377075,0.003968254197388887,0.012818733230233192,0.07393942028284073,0.130550354719162,0.15755656361579895,-0.5067617297172546,0.5306896567344666,False
train,0.21692019701004028,0.0031746032182127237,0.012855024076998234,0.0740436390042305,0.1311662793159485,0.15774759650230408,-0.5071540474891663,0.531121015548706,False
train,0.21733693778514862,0.0031746032182127237,0.012891515158116817,0.07414816319942474,0.13178905844688416,0.15793442726135254,-0.5075459480285645,0.5315507650375366,False
train,0.21775369346141815,0.0015873016091063619,0.012928176671266556,0.07425297051668167,0.13241863250732422,0.15811723470687866,-0.5079372525215149,0.5319786667823792,False
train,0.21817044913768768,0.0015873016091063619,0.012965033762156963,0.07435803860425949,0.1330549269914627,0.15829570591449738,-0.5083277821540833,0.5324046015739441,False
test,0.21858720481395721,0.0023809524718672037,0.01300207432359457,0.07446353882551193,0.13369783759117126,0.15847080945968628,-0.508718729019165,0.5328299403190613,False
train,0.21900396049022675,0.0015873016091063619,0.0130393011495471,0.07456929981708527,0.13434727489948273,0.15864187479019165,-0.5091090202331543,0.5332534313201904,False
train,0.21942071616649628,0.0015873016091063619,0.013076715171337128,0.07467535883188248,0.13500314950942993,0.15880927443504333,-0.5094987750053406,0.5336753726005554,False
train,0.2198374718427658,0.0007936508045531809,0.013114284723997116,0.07478173822164536,0.1356653869152069,0.15897300839424133,-0.5098882913589478,0.5340959429740906,False
train,0.22025421261787415,0.0015873016091063619,0.013152086175978184,0.07488848268985748,0.13633377850055695,0.15913355350494385,-0.510277509689331,0.5345153212547302,False
test,0.22067096829414368,0.0015873016091063619,0.01319008320569992,0.07499554753303528,0.13700847327709198,0.15929053723812103,-0.5106662511825562,0.5349331498146057,False
train,0.2210877239704132,0.0015873016091063619,0.013228252530097961,0.07510295510292053,0.13768911361694336,0.15944451093673706,-0.5110549330711365,0.5353500843048096,False
train,0.22150447964668274,0.0023809524718672037,0.013266599737107754,0.07521060854196548,0.13837574422359467,0.15959495306015015,-0.5114425420761108,0.5357648730278015,False
train,0.22192123532295227,0.0023809524718672037,0.01330517791211605,0.07531861960887909,0.139068141579628,0.1597425639629364,-0.5118297338485718,0.5361785292625427,False
train,0.2223379909992218,0.0015873016091063619,0.013343924656510353,0.07542696595191956,0.13976635038852692,0.1598871946334839,-0.5122167468070984,0.5365909934043884,False
test,0.22275474667549133,0.0031746032182127237,0.013382870703935623,0.07553556561470032,0.14047011733055115,0.16002875566482544,-0.5126026272773743,0.5370015501976013,False
train,0.22317148745059967,0.0015873016091063619,0.01342201977968216,0.07564461976289749,0.14117933809757233,0.1601683348417282,-0.5129889249801636,0.5374118685722351,False
train,0.2235882431268692,0.0023809524718672037,0.01346135325729847,0.07575400173664093,0.14189395308494568,0.16030524671077728,-0.5133748650550842,0.5378210544586182,False
train,0.22400499880313873,0.0031746032182127237,0.013500915840268135,0.07586364448070526,0.14261376857757568,0.1604396253824234,-0.5137594938278198,0.5382282733917236,False
train,0.22442175447940826,0.003968254197388887,0.013540650717914104,0.07597354054450989,0.14333869516849518,0.16057132184505463,-0.5141432285308838,0.5386338233947754,False
test,0.2248385101556778,0.003968254197388887,0.013580618426203728,0.07608398050069809,0.14406855404376984,0.1607019007205963,-0.5145277380943298,0.5390397906303406,False
train,0.22525526583194733,0.0031746032182127237,0.013620749115943909,0.07619461417198181,0.14480336010456085,0.16082975268363953,-0.5149109959602356,0.5394437313079834,False
train,0.22567202150821686,0.0031746032182127237,0.01366112008690834,0.0763055682182312,0.14554274082183838,0.16095596551895142,-0.5152931213378906,0.5398461222648621,False
train,0.2260887622833252,0.003968254197388887,0.013701694086194038,0.07641693949699402,0.1462867110967636,0.1610807478427887,-0.51567542552948,0.5402482151985168,False
train,0.22650551795959473,0.003968254197388887,0.013742472045123577,0.07652866095304489,0.14703510701656342,0.16120406985282898,-0.5160571932792664,0.5406494140625,False
test,0.22692227363586426,0.0031746032182127237,0.013783467933535576,0.07664059847593307,0.14778776466846466,0.16132551431655884,-0.5164373517036438,0.5410484671592712,False
train,0.2273390293121338,0.004761904943734407,0.01382465846836567,0.07675300538539886,0.1485445201396942,0.16144634783267975,-0.5168179273605347,0.5414478182792664,False
train,0.22775578498840332,0.0031746032182127237,0.01386606227606535,0.07686564326286316,0.14930525422096252,0.1615656167268753,-0.5171969532966614,0.5418450832366943,False
train,0.22817254066467285,0.003968254197388887,0.013907669112086296,0.07697870582342148,0.15006981790065765,0.16168442368507385,-0.5175759792327881,0.5422423481941223,False
train,0.22858929634094238,0.003968254197388887,0.01394953764975071,0.07709205895662308,0.15083801746368408,0.16180230677127838,-0.5179535150527954,0.5426378846168518,False
test,0.22900603711605072,0.003968254197388887,0.01399158500134945,0.07720580697059631,0.1516096144914627,0.161919966340065,-0.5183311700820923,0.5430334210395813,False
train,0.22942279279232025,0.0023809524718672037,0.014033864252269268,0.0773199126124382,0.15238463878631592,0.16203713417053223,-0.5187079906463623,0.5434280037879944,False
train,0.22983954846858978,0.003968254197388887,0.014076370745897293,0.07743430882692337,0.15316271781921387,0.16215400397777557,-0.5190834403038025,0.5438212752342224,False
train,0.23025630414485931,0.0055555556900799274,0.014119084924459457,0.07754908502101898,0.15394388139247894,0.1622709333896637,-0.5194585919380188,0.5442141890525818,False
train,0.23067305982112885,0.0063492064364254475,0.01416202262043953,0.07766420394182205,0.15472781658172607,0.16238810122013092,-0.5198327898979187,0.5446063280105591,False
test,0.23108981549739838,0.007936508394777775,0.01420515589416027,0.07777964323759079,0.15551446378231049,0.16250531375408173,-0.5202061533927917,0.5449976325035095,False
train,0.2315065711736679,0.0063492064364254475,0.014248575083911419,0.07789543271064758,0.1563035100698471,0.16262318193912506,-0.5205782651901245,0.5453879833221436,False
train,0.23192331194877625,0.0055555556900799274,0.014292187057435513,0.07801153510808945,0.15709488093852997,0.162741556763649,-0.5209494233131409,0.5457774996757507,False
train,0.23234006762504578,0.0055555556900799274,0.014336026273667812,0.0781281366944313,0.15788839757442474,0.16286145150661469,-0.5213208198547363,0.54616779088974,False
train,0.2327568233013153,0.0055555556900799274,0.014380116015672684,0.07824502140283585,0.15868373215198517,0.16298222541809082,-0.5216906666755676,0.546556830406189,False
test,0.23317357897758484,0.0031746032182127237,0.014424407854676247,0.07836221903562546,0.1594809591770172,0.16310393810272217,-0.5220595002174377,0.5469451546669006,False
train,0.23359033465385437,0.003968254197388887,0.014468930661678314,0.0784798189997673,0.16027967631816864,0.16322749853134155,-0.5224276781082153,0.5473334193229675,False
train,0.2340070903301239,0.0015873016091063619,0.014513727277517319,0.07859775424003601,0.1610797941684723,0.16335245966911316,-0.5227944254875183,0.547720730304718,False
train,0.23442383110523224,0.0023809524718672037,0.014558730646967888,0.07871610671281815,0.16188108921051025,0.16347958147525787,-0.5231609344482422,0.5481085181236267,False
train,0.23484058678150177,0.0,0.014603969641029835,0.07883474975824356,0.16268345713615417,0.16360855102539062,-0.5235258340835571,0.5484952926635742,False
test,0.2352573424577713,0.0007936508045531809,0.014649473130702972,0.07895378023386002,0.163486510515213,0.16373994946479797,-0.5238897800445557,0.5488818287849426,False
train,0.23567409813404083,0.0015873016091063619,0.01469520665705204,0.07907324284315109,0.16429033875465393,0.16387391090393066,-0.524253249168396,0.5492687225341797,False
train,0.23609085381031036,0.0007936508045531809,0.014741160906851292,0.07919297367334366,0.1650945395231247,0.16401007771492004,-0.5246150493621826,0.5496546626091003,False
train,0.2365076094865799,0.0023809524718672037,0.014787381514906883,0.07931306958198547,0.16589902341365814,0.1641492396593094,-0.5249756574630737,0.5500403642654419,False
train,0.23692436516284943,0.0007936508045531809,0.01483383122831583,0.07943357527256012,0.1667035073041916,0.16429172456264496,-0.5253355503082275,0.5504264235496521,False
test,0.23734110593795776,0.0007936508045531809,0.014880544506013393,0.0795544758439064,0.16750790178775787,0.16443738341331482,-0.5256944298744202,0.5508123636245728,False
train,0.2377578616142273,0.0007936508045531809,0.014927503652870655,0.07967562228441238,0.1683119386434555,0.16458606719970703,-0.5260512232780457,0.5511972904205322,False
train,0.23817461729049683,0.0015873016091063619,0.01497470960021019,0.07979726046323776,0.16911546885967255,0.16473892331123352,-0.5264078378677368,0.5515832901000977,False
train,0.23859137296676636,0.0015873016091063619,0.015022155828773975,0.07991928607225418,0.16991835832595825,0.16489553451538086,-0.5267634391784668,0.5519694089889526,False
train,0.2390081286430359,0.0007936508045531809,0.015069901011884212,0.08004163205623627,0.17072027921676636,0.16505615413188934,-0.5271170735359192,0.5523549318313599,False
test,0.23942488431930542,0.0007936508045531809,0.015117846429347992,0.08016427606344223,0.17152103781700134,0.16522076725959778,-0.527469277381897,0.552740216255188,False
train,0.23984163999557495,0.0,0.015166073106229305,0.08028744161128998,0.17232058942317963,0.16539032757282257,-0.5278211236000061,0.5531266927719116,False
train,0.2402583807706833,0.0,0.01521455217152834,0.0804109051823616,0.17311863601207733,0.16556426882743835,-0.528171181678772,0.553512692451477,False
train,0.24067513644695282,0.0,0.015263307839632034,0.08053474873304367,0.17391498386859894,0.1657431423664093,-0.5285198092460632,0.5538988709449768,False
train,0.24109189212322235,0.0007936508045531809,0.015312306582927704,0.0806589350104332,0.1747094988822937,0.1659267395734787,-0.5288668870925903,0.5542849898338318,False
test,0.24150864779949188,0.0,0.015361577272415161,0.08078353852033615,0.1755020022392273,0.16611580550670624,-0.5292128920555115,0.5546717047691345,False
train,0.2419254034757614,0.0,0.015411129221320152,0.08090853691101074,0.17629224061965942,0.1663104146718979,-0.529557466506958,0.5550587773323059,False
train,0.24234215915203094,0.0007936508045531809,0.015460934489965439,0.08103391528129578,0.17707999050617218,0.1665107011795044,-0.5299007296562195,0.5554462671279907,False
train,0.24275891482830048,0.0023809524718672037,0.015511018224060535,0.08115972578525543,0.1778651773929596,0.16671697795391083,-0.5302428603172302,0.5558345317840576,False
train,0.2431756556034088,0.0015873016091063619,0.015561358071863651,0.08128590881824493,0.17864753305912018,0.16692927479743958,-0.5305835008621216,0.5562231540679932,False
test,0.24359241127967834,0.0,0.015611992217600346,0.08141237497329712,0.17942701280117035,0.1671471893787384,-0.5309216976165771,0.556611180305481,False
train,0.24400916695594788,0.0007936508045531809,0.015662886202335358,0.08153928816318512,0.18020328879356384,0.16737186908721924,-0.5312589406967163,0.5570003986358643,False
train,0.2444259226322174,0.0015873016091063619,0.015714064240455627,0.08166658133268356,0.1809762716293335,0.16760316491127014,-0.531594455242157,0.5573899149894714,False
train,0.24484267830848694,0.0071428571827709675,0.015765542164444923,0.08179433643817902,0.18174564838409424,0.167841374874115,-0.5319288969039917,0.5577805042266846,False
train,0.24525943398475647,0.011904762126505375,0.01581726223230362,0.08192238956689835,0.18251146376132965,0.16808617115020752,-0.5322612524032593,0.5581710934638977,False
test,0.245676189661026,0.0,0.01586928591132164,0.08205077797174454,0.18327336013317108,0.16833797097206116,-0.5325912237167358,0.5585616230964661,False
train,0.24609293043613434,0.0063492064364254475,0.01592160016298294,0.08217979222536087,0.18403127789497375,0.16859790682792664,-0.5329214930534363,0.5589548945426941,False
train,0.24650968611240387,0.0023809524718672037,0.01597418263554573,0.08230907469987869,0.18478502333164215,0.16886480152606964,-0.5332491397857666,0.5593478083610535,False
train,0.2469264417886734,0.003968254197388887,0.016027091071009636,0.08243872225284576,0.18553441762924194,0.1691392958164215,-0.5335745215415955,0.5597409009933472,False
train,0.24734319746494293,0.010317460633814335,0.016080262139439583,0.08256878703832626,0.18627934157848358,0.16942156851291656,-0.5338984727859497,0.560135006904602,False
test,0.24775995314121246,0.0063492064364254475,0.016133740544319153,0.0826992616057396,0.18701958656311035,0.16971184313297272,-0.5342206954956055,0.5605299472808838,False
train,0.248176708817482,0.0063492064364254475,0.016187485307455063,0.08283015340566635,0.1877550631761551,0.17001035809516907,-0.5345413684844971,0.5609260201454163,False
train,0.24859344959259033,0.01746031828224659,0.01624155417084694,0.08296145498752594,0.18848562240600586,0.1703171581029892,-0.5348601341247559,0.561322808265686,False
train,0.24901020526885986,0.008730159141123295,0.016295915469527245,0.08309309184551239,0.18921099603176117,0.17063218355178833,-0.5351763963699341,0.5617197751998901,False
train,0.2494269609451294,0.0071428571827709675,0.016350584104657173,0.08322515338659286,0.1899312436580658,0.17095573246479034,-0.5354909896850586,0.5621178150177002,False
test,0.24984371662139893,0.02619047649204731,0.016405533999204636,0.08335764706134796,0.19064608216285706,0.17128820717334747,-0.535804033279419,0.5625171661376953,False
train,0.25026047229766846,0.009523809887468815,0.01646081544458866,0.08349050581455231,0.19135548174381256,0.17162920534610748,-0.5361144542694092,0.5629167556762695,False
train,0.250677227973938,0.02857142873108387,0.01651640050113201,0.08362381905317307,0.19205917418003082,0.17197957634925842,-0.5364233255386353,0.5633178353309631,False
train,0.2510939836502075,0.01587301678955555,0.016572287306189537,0.08375763893127441,0.1927572637796402,0.17233937978744507,-0.5367310643196106,0.5637207627296448,False
train,0.25151073932647705,0.014285714365541935,0.01662849634885788,0.08389180153608322,0.19344934821128845,0.17270813882350922,-0.5370359420776367,0.564123809337616,False
test,0.2519274950027466,0.03730158880352974,0.0166850034147501,0.08402629941701889,0.19413556158542633,0.17308592796325684,-0.537338376045227,0.5645274519920349,False
train,0.2523442506790161,0.01746031828224659,0.016741812229156494,0.08416116237640381,0.19481566548347473,0.1734730303287506,-0.5376383066177368,0.5649317502975464,False
train,0.25276100635528564,0.04444444552063942,0.01679900474846363,0.0842965841293335,0.19548961520195007,0.1738702952861786,-0.5379366874694824,0.5653377175331116,False
train,0.2531777322292328,0.04682539775967598,0.016856461763381958,0.08443235605955124,0.19615712761878967,0.17427700757980347,-0.5382329225540161,0.5657447576522827,False
train,0.2535944879055023,0.0515873022377491,0.01691425032913685,0.08456853032112122,0.19681842625141144,0.17469345033168793,-0.5385265946388245,0.5661525130271912,False
test,0.25401124358177185,0.02936507947742939,0.016972379758954048,0.0847051590681076,0.19747330248355865,0.1751197874546051,-0.5388181805610657,0.5665615797042847,False
train,0.2544279992580414,0.05079365149140358,0.017030810937285423,0.08484221249818802,0.1981215924024582,0.17555630207061768,-0.5391076803207397,0.5669718980789185,False
train,0.2548447549343109,0.04523809626698494,0.01708960346877575,0.08497972786426544,0.1987631767988205,0.176003098487854,-0.5393948554992676,0.5673834085464478,False
train,0.25526151061058044,0.05793650820851326,0.017148727551102638,0.08511755615472794,0.1993982344865799,0.17645922303199768,-0.5396788120269775,0.567794919013977,False
train,0.25567826628685,0.06507936865091324,0.017208142206072807,0.08525589853525162,0.20002636313438416,0.17692625522613525,-0.5399614572525024,0.5682088136672974,False
test,0.2560950219631195,0.03650793805718422,0.017267925664782524,0.08539467304944992,0.20064783096313477,0.17740343511104584,-0.5402413606643677,0.5686234831809998,False
train,0.25651177763938904,0.04523809626698494,0.01732805371284485,0.08553378283977509,0.20126231014728546,0.1778905987739563,-0.540518045425415,0.5690385103225708,False
train,0.25692853331565857,0.06904762238264084,0.017388544976711273,0.08567343652248383,0.2018699198961258,0.17838874459266663,-0.5407928228378296,0.5694553256034851,False
train,0.2573452889919281,0.03809523954987526,0.01744934543967247,0.08581340312957764,0.2024705410003662,0.17889675498008728,-0.5410643815994263,0.5698725581169128,False
train,0.25776204466819763,0.06269841641187668,0.017510496079921722,0.08595389872789383,0.20306426286697388,0.17941561341285706,-0.5413342118263245,0.5702917575836182,False
test,0.25817880034446716,0.05079365149140358,0.017572002485394478,0.08609478920698166,0.2036508023738861,0.1799449324607849,-0.5416009426116943,0.5707116723060608,False
train,0.2585955262184143,0.07857143133878708,0.017633862793445587,0.08623611181974411,0.20423024892807007,0.1804848611354828,-0.5418649911880493,0.5711326003074646,False
train,0.25901228189468384,0.0595238097012043,0.017696049064397812,0.086377814412117,0.20480279624462128,0.18103499710559845,-0.5421259999275208,0.5715542435646057,False
train,0.25942903757095337,0.0357142873108387,0.017758654430508614,0.08652011305093765,0.2053680568933487,0.18159650266170502,-0.5423850417137146,0.571977972984314,False
train,0.2598457932472229,0.0555555559694767,0.017821570858359337,0.08666268736124039,0.20592647790908813,0.18216775357723236,-0.5426403284072876,0.5724016427993774,False
test,0.26026254892349243,0.04126984253525734,0.01788485236465931,0.08680573105812073,0.206477552652359,0.18275009095668793,-0.5428930521011353,0.5728267431259155,False
train,0.26067930459976196,0.02777777798473835,0.017948510125279427,0.08694932609796524,0.20702169835567474,0.18334327638149261,-0.5431435108184814,0.5732535719871521,False
train,0.2610960602760315,0.02857142873108387,0.01801251992583275,0.08709326386451721,0.2075587511062622,0.18394672870635986,-0.5433904528617859,0.5736807584762573,False
train,0.261512815952301,0.05396825447678566,0.01807691529393196,0.08723761141300201,0.20808854699134827,0.1845606565475464,-0.5436339378356934,0.5741084218025208,False
train,0.26192957162857056,0.02857142873108387,0.018141670152544975,0.08738239854574203,0.20861148834228516,0.18518498539924622,-0.5438745021820068,0.5745371580123901,False
test,0.2623463273048401,0.01984127052128315,0.018206821754574776,0.08752782642841339,0.2091272622346878,0.18582108616828918,-0.5441133379936218,0.5749685168266296,False
train,0.2627630829811096,0.02222222276031971,0.018272340297698975,0.08767349272966385,0.2096361666917801,0.18646669387817383,-0.5443474054336548,0.5753989219665527,False
train,0.26317983865737915,0.004761904943734407,0.018338242545723915,0.08781968057155609,0.2101379930973053,0.18712320923805237,-0.5445789098739624,0.5758309364318848,False
train,0.2635965943336487,0.02619047649204731,0.018404515460133553,0.08796629309654236,0.2106330543756485,0.18778979778289795,-0.5448070764541626,0.5762636065483093,False
train,0.2640133500099182,0.01666666753590107,0.01847119629383087,0.08811341226100922,0.2111211121082306,0.18846744298934937,-0.5450321435928345,0.5766975283622742,False
test,0.26443007588386536,0.003968254197388887,0.018538257107138634,0.08826100826263428,0.2116023153066635,0.1891554892063141,-0.5452542901039124,0.5771325826644897,False
train,0.2648468315601349,0.011904762126505375,0.018605707213282585,0.08840902149677277,0.21207696199417114,0.18985353410243988,-0.5454727411270142,0.5775680541992188,False
train,0.2652635872364044,0.011111111380159855,0.018673552200198174,0.08855751156806946,0.21254488825798035,0.19056206941604614,-0.5456878542900085,0.5780044198036194,False
train,0.26568034291267395,0.009523809887468815,0.01874179020524025,0.08870632201433182,0.21300628781318665,0.19128000736236572,-0.5458984971046448,0.5784403085708618,False
train,0.2660970985889435,0.0031746032182127237,0.0188104547560215,0.08885574340820312,0.2134609818458557,0.19200897216796875,-0.5461066961288452,0.5788782238960266,False
test,0.266513854265213,0.0023809524718672037,0.018879491835832596,0.08900555223226547,0.21390946209430695,0.19274750351905823,-0.5463109016418457,0.5793161392211914,False
train,0.26693060994148254,0.0007936508045531809,0.018948938697576523,0.08915585279464722,0.214351624250412,0.19349601864814758,-0.5465117692947388,0.5797550082206726,False
train,0.2673473656177521,0.0007936508045531809,0.019018815830349922,0.08930656313896179,0.2147873491048813,0.19425436854362488,-0.546708345413208,0.5801937580108643,False
train,0.2677641212940216,0.003968254197388887,0.01908908225595951,0.08945794403553009,0.21521706879138947,0.1950233429670334,-0.5469030737876892,0.5806350708007812,False
train,0.26818087697029114,0.004761904943734407,0.01915975660085678,0.08960948139429092,0.2156406193971634,0.19580072164535522,-0.5470916032791138,0.5810741186141968,False
test,0.26859763264656067,0.0007936508045531809,0.019230863079428673,0.08976175636053085,0.21605846285820007,0.1965886652469635,-0.5472782850265503,0.5815157890319824,False
train,0.2690143883228302,0.0015873016091063619,0.01930239610373974,0.08991429954767227,0.21647024154663086,0.19738531112670898,-0.547459602355957,0.581956148147583,False
train,0.26943114399909973,0.0031746032182127237,0.01937435381114483,0.09006749093532562,0.21687650680541992,0.1981920301914215,-0.5476382970809937,0.5823982954025269,False
train,0.26984789967536926,0.0031746032182127237,0.01944674365222454,0.09022099524736404,0.21727709472179413,0.19900721311569214,-0.5478116273880005,0.5828391313552856,False
train,0.2702646255493164,0.0055555556900799274,0.019519547000527382,0.09037508815526962,0.21767224371433258,0.19983214139938354,-0.5479820966720581,0.5832814574241638,False
test,0.27068138122558594,0.0071428571827709675,0.019592808559536934,0.09052953869104385,0.21806226670742035,0.20066526532173157,-0.5481473207473755,0.5837225914001465,False
train,0.27109813690185547,0.0023809524718672037,0.019666491076350212,0.09068459272384644,0.2184469848871231,0.20150786638259888,-0.5483095049858093,0.5841649770736694,False
train,0.271514892578125,0.0007936508045531809,0.01974061131477356,0.09083995223045349,0.21882683038711548,0.20235836505889893,-0.548466145992279,0.584605872631073,False
train,0.27193164825439453,0.0007936508045531809,0.01981518045067787,0.0909959003329277,0.21920163929462433,0.2032179832458496,-0.5486193895339966,0.5850476622581482,False
train,0.27234840393066406,0.0,0.019890204071998596,0.0911523699760437,0.21957199275493622,0.20408597588539124,-0.5487685203552246,0.5854895114898682,False
test,0.2727651596069336,0.0015873016091063619,0.019965682178735733,0.09130927920341492,0.21993769705295563,0.2049621045589447,-0.5489128828048706,0.5859307646751404,False
train,0.2731819152832031,0.0,0.020041577517986298,0.09146662801504135,0.2202989012002945,0.2058461755514145,-0.5490528345108032,0.5863716006278992,False
train,0.27359867095947266,0.0,0.02011796087026596,0.09162459522485733,0.22065597772598267,0.20673871040344238,-0.5491889715194702,0.5868129134178162,False
train,0.2740154266357422,0.0,0.020194804295897484,0.09178285300731659,0.22100892663002014,0.20763808488845825,-0.5493189096450806,0.5872519612312317,False
train,0.2744321823120117,0.0,0.02027212083339691,0.09194175153970718,0.22135812044143677,0.20854562520980835,-0.5494455695152283,0.5876918435096741,False
test,0.27484893798828125,0.0,0.0203498937189579,0.0921010747551918,0.2217033952474594,0.2094605714082718,-0.5495669841766357,0.5881305932998657,False
train,0.2752656936645508,0.0,0.0204281248152256,0.09226087480783463,0.22204536199569702,0.2103824019432068,-0.549683690071106,0.5885685086250305,False
train,0.2756824195384979,0.0,0.020506832748651505,0.09242118895053864,0.22238384187221527,0.2113114893436432,-0.5497957468032837,0.5890058875083923,False
train,0.27609917521476746,0.0,0.02058604173362255,0.09258206933736801,0.22271914780139923,0.21224787831306458,-0.5499032735824585,0.589442789554596,False
train,0.276515930891037,0.0007936508045531809,0.020665723830461502,0.09274330735206604,0.22305160760879517,0.21319013833999634,-0.5500047206878662,0.5898773074150085,False
test,0.2769326865673065,0.0,0.020745866000652313,0.09290513396263123,0.2233811616897583,0.21413935720920563,-0.5501022934913635,0.5903119444847107,False
train,0.27734944224357605,0.0007936508045531809,0.020826542750000954,0.09306744486093521,0.22370827198028564,0.2150948941707611,-0.5501940250396729,0.59074467420578,False
train,0.2777661979198456,0.0,0.020907677710056305,0.0932302325963974,0.22403283417224884,0.2160564363002777,-0.5502809286117554,0.5911763310432434,False
train,0.2781829535961151,0.0,0.020989343523979187,0.09339351952075958,0.22435538470745087,0.21702376008033752,-0.5503621697425842,0.5916061401367188,False
train,0.27859970927238464,0.0,0.021071454510092735,0.09355725347995758,0.2246757596731186,0.21799661219120026,-0.5504382252693176,0.5920343995094299,False
test,0.2790164649486542,0.0,0.021154116839170456,0.0937216579914093,0.22499458491802216,0.2189757078886032,-0.5505098104476929,0.5924621224403381,False
train,0.2794332206249237,0.0,0.021237261593341827,0.09388650208711624,0.2253117561340332,0.2199595868587494,-0.5505756139755249,0.5928876399993896,False
train,0.27984997630119324,0.0,0.021320946514606476,0.09405175596475601,0.2256273776292801,0.22094853222370148,-0.5506349205970764,0.5933102965354919,False
train,0.28026673197746277,0.0,0.021405111998319626,0.09421759843826294,0.22594204545021057,0.22194242477416992,-0.5506896376609802,0.5937318801879883,False
train,0.2806834876537323,0.0,0.021489830687642097,0.09438389539718628,0.2262555956840515,0.22294101119041443,-0.5507378578186035,0.5941505432128906,False
test,0.28110024333000183,0.0,0.021575069054961205,0.09455066919326782,0.22656862437725067,0.2239435911178589,-0.550780177116394,0.5945666432380676,False
train,0.281516969203949,0.0,0.02166079543530941,0.09471802413463593,0.22688084840774536,0.22495108842849731,-0.5508176684379578,0.5949816107749939,False
train,0.2819337248802185,0.0,0.021747078746557236,0.09488596767187119,0.22719280421733856,0.22596296668052673,-0.5508494973182678,0.5953943729400635,False
train,0.28235048055648804,0.0,0.021833887323737144,0.0950542613863945,0.22750486433506012,0.22697749733924866,-0.5508742332458496,0.5958029627799988,False
train,0.28276723623275757,0.0,0.021921256557106972,0.09522318840026855,0.22781692445278168,0.22799642384052277,-0.5508936047554016,0.5962098240852356,False
test,0.2831839919090271,0.0,0.022009175270795822,0.09539257735013962,0.22812943160533905,0.22901853919029236,-0.5509063005447388,0.5966131687164307,False
train,0.28360074758529663,0.0,0.022097626700997353,0.09556256979703903,0.22844231128692627,0.23004421591758728,-0.5509137511253357,0.5970144867897034,False
train,0.28401750326156616,0.0,0.022186625748872757,0.09573294222354889,0.22875621914863586,0.23107197880744934,-0.5509137511253357,0.5974112749099731,False
train,0.2844342589378357,0.0,0.02227618917822838,0.09590393304824829,0.22907094657421112,0.23210301995277405,-0.550908088684082,0.5978056192398071,False
train,0.2848510146141052,0.0,0.022366326302289963,0.09607542306184769,0.22938701510429382,0.23313650488853455,-0.5508955717086792,0.5981960892677307,False
test,0.28526777029037476,0.0,0.02245698682963848,0.09624747186899185,0.22970452904701233,0.23417234420776367,-0.5508773326873779,0.5985837578773499,False
train,0.2856845259666443,0.0,0.022548260167241096,0.09641999006271362,0.2300235778093338,0.235210120677948,-0.5508514642715454,0.5989667177200317,False
train,0.2861012816429138,0.0,0.022640090435743332,0.09659307450056076,0.2303447127342224,0.2362496554851532,-0.5508195161819458,0.5993463397026062,False
train,0.28651803731918335,0.0,0.022732501849532127,0.09676674753427505,0.23066776990890503,0.23729145526885986,-0.5507811307907104,0.5997225046157837,False
train,0.2869347631931305,0.0,0.02282547950744629,0.09694080054759979,0.2309931367635727,0.23833373188972473,-0.55073481798172,0.6000931859016418,False
test,0.2873515188694,0.0,0.022919099777936935,0.09711547940969467,0.23132115602493286,0.23937775194644928,-0.5506817698478699,0.6004599332809448,False
train,0.28776827454566956,0.0,0.02301325649023056,0.09729066491127014,0.2316519170999527,0.24042245745658875,-0.5506219863891602,0.600822389125824,False
train,0.2881850302219391,0.0,0.023108046501874924,0.0974663570523262,0.23198574781417847,0.24146758019924164,-0.5505544543266296,0.6011795401573181,False
train,0.2886017858982086,0.0,0.02320338599383831,0.09764260798692703,0.2323226034641266,0.24251365661621094,-0.5504804253578186,0.6015326976776123,False
train,0.28901854157447815,0.0,0.02329937182366848,0.09781941771507263,0.23266302049160004,0.24355998635292053,-0.5503987669944763,0.6018806099891663,False
test,0.2894352972507477,0.0,0.023395966738462448,0.09799671918153763,0.23300695419311523,0.2446063756942749,-0.5503093004226685,0.6022230386734009,False
train,0.2898520529270172,0.0,0.02349318005144596,0.09817473590373993,0.23335497081279755,0.245652973651886,-0.5502136945724487,0.6025615930557251,False
train,0.29026880860328674,0.0,0.023591019213199615,0.09835297614336014,0.23370681703090668,0.24669833481311798,-0.5501078367233276,0.6028919219970703,False
train,0.2906855642795563,0.0,0.023689456284046173,0.09853202849626541,0.23406317830085754,0.24774384498596191,-0.5499967336654663,0.603219211101532,False
train,0.2911023199558258,0.0,0.023788543418049812,0.09871158748865128,0.23442378640174866,0.24878880381584167,-0.5498772859573364,0.603540301322937,False
test,0.29151907563209534,0.0,0.023888271301984787,0.09889158606529236,0.2347894012928009,0.24983187019824982,-0.5497488975524902,0.6038541197776794,False
train,0.29193583130836487,0.0,0.02398861199617386,0.09907224029302597,0.23515984416007996,0.25087442994117737,-0.5496137738227844,0.6041632890701294,False
train,0.2923525869846344,0.0,0.024089600890874863,0.09925331175327301,0.23553529381752014,0.25191497802734375,-0.5494693517684937,0.6044648289680481,False
train,0.29276931285858154,0.0,0.024191277101635933,0.0994350016117096,0.23591606318950653,0.2529541552066803,-0.5493170022964478,0.6047602295875549,False
train,0.2931860685348511,0.0,0.02429359406232834,0.09961722791194916,0.23630259931087494,0.2539910674095154,-0.5491561889648438,0.6050487160682678,False
test,0.2936028242111206,0.0,0.024396564811468124,0.09980010241270065,0.23669464886188507,0.25502678751945496,-0.548987865447998,0.6053315997123718,False
train,0.29401957988739014,0.0,0.024500207975506783,0.09998345375061035,0.23709283769130707,0.2560597360134125,-0.5488102436065674,0.6056065559387207,False
train,0.29443633556365967,0.0,0.024604523554444313,0.10016734153032303,0.237497016787529,0.2570902407169342,-0.5486239194869995,0.605874240398407,False
train,0.2948530912399292,0.0,0.02470950409770012,0.1003517434000969,0.2379077672958374,0.2581174969673157,-0.5484285354614258,0.6061340570449829,False
train,0.29526984691619873,0.0,0.024815162643790245,0.10053687542676926,0.23832479119300842,0.2591431140899658,-0.5482257604598999,0.6063882112503052,False
test,0.29568660259246826,0.0,0.024921512231230736,0.10072241723537445,0.23874874413013458,0.26016461849212646,-0.5480126142501831,0.6066328883171082,False
train,0.2961033582687378,0.0,0.025028575211763382,0.10090856999158859,0.23917947709560394,0.26118338108062744,-0.5477905869483948,0.6068700551986694,False
train,0.2965201139450073,0.0,0.025136319920420647,0.10109531879425049,0.23961758613586426,0.26219844818115234,-0.5475598573684692,0.6070995330810547,False
train,0.29693686962127686,0.0,0.02524476684629917,0.10128249228000641,0.2400626838207245,0.26320967078208923,-0.547318696975708,0.6073195934295654,False
train,0.2973536252975464,0.0,0.025353962555527687,0.10147043317556381,0.24051550030708313,0.26421740651130676,-0.547069251537323,0.6075323820114136,False
test,0.2977703809738159,0.0,0.025463826954364777,0.1016589030623436,0.24097593128681183,0.2652212679386139,-0.546810507774353,0.6077368259429932,False
train,0.29818713665008545,0.0,0.025574419647455215,0.10184777528047562,0.2414441704750061,0.2662199139595032,-0.5465405583381653,0.607930600643158,False
train,0.2986038625240326,0.0,0.025685742497444153,0.10203731805086136,0.24192027747631073,0.2672150731086731,-0.5462616682052612,0.6081165075302124,False
train,0.2990206182003021,0.0015873016091063619,0.025797784328460693,0.10222746431827545,0.2424047589302063,0.26820552349090576,-0.5459732413291931,0.6082934737205505,False
train,0.29943737387657166,0.0031746032182127237,0.025910576805472374,0.10241801291704178,0.24289749562740326,0.2691904604434967,-0.5456733107566833,0.6084594130516052,False
test,0.2998541295528412,0.0015873016091063619,0.026024114340543747,0.10260939598083496,0.24339886009693146,0.2701716423034668,-0.5453652143478394,0.6086180210113525,False
train,0.3002708852291107,0.0071428571827709675,0.0261384267359972,0.10280123353004456,0.24390892684459686,0.27114707231521606,-0.5450456142425537,0.6087655425071716,False
train,0.30068764090538025,0.0,0.026253486052155495,0.10299365222454071,0.24442777037620544,0.2721174359321594,-0.5447156429290771,0.6089031100273132,False
train,0.3011043965816498,0.0,0.026369264349341393,0.10318663716316223,0.2449556142091751,0.2730821967124939,-0.5443756580352783,0.6090310215950012,False
train,0.3015211522579193,0.0,0.0264858640730381,0.10338026285171509,0.24549268186092377,0.27404168248176575,-0.5440247058868408,0.6091483235359192,False
test,0.30193790793418884,0.0,0.02660324051976204,0.10357439517974854,0.246039018034935,0.2749950885772705,-0.543662428855896,0.6092545390129089,False
train,0.3023546636104584,0.0,0.02672138251364231,0.10376907140016556,0.2465948909521103,0.27594220638275146,-0.5432891249656677,0.60934978723526,False
train,0.3027714192867279,0.0,0.02684030681848526,0.1039644405245781,0.2471601814031601,0.2768840789794922,-0.5429056286811829,0.6094352602958679,False
train,0.30318817496299744,0.0,0.026960019022226334,0.10416030138731003,0.2477354109287262,0.27781903743743896,-0.5425101518630981,0.6095085740089417,False
train,0.30360493063926697,0.0,0.02708052471280098,0.10435677319765091,0.24832040071487427,0.2787477970123291,-0.54210364818573,0.6095709204673767,False
test,0.3040216565132141,0.0,0.027201872318983078,0.10455381870269775,0.24891549348831177,0.27966970205307007,-0.5416852235794067,0.6096212267875671,False
train,0.30443841218948364,0.0,0.027324043214321136,0.1047515720129013,0.24952055513858795,0.28058603405952454,-0.5412559509277344,0.6096609830856323,False
train,0.3048551678657532,0.0,0.02744700200855732,0.10494983196258545,0.2501359283924103,0.28149500489234924,-0.5408145189285278,0.6096882820129395,False
train,0.3052719235420227,0.0,0.027570802718400955,0.10514862835407257,0.25076183676719666,0.28239649534225464,-0.5403605699539185,0.6097026467323303,False
train,0.30568867921829224,0.0,0.0276954285800457,0.10534806549549103,0.25139814615249634,0.2832915782928467,-0.5398950576782227,0.6097055077552795,False
test,0.30610543489456177,0.0,0.027820877730846405,0.10554811358451843,0.2520449459552765,0.28417956829071045,-0.539417564868927,0.609696090221405,False
train,0.3065221905708313,0.0,0.027947215363383293,0.10574868321418762,0.2527025043964386,0.28505992889404297,-0.5389266014099121,0.6096729040145874,False
train,0.30693894624710083,0.0,0.028074385598301888,0.10594984889030457,0.2533710300922394,0.2859325706958771,-0.538423478603363,0.6096370220184326,False
train,0.30735570192337036,0.0,0.02820242941379547,0.10615169256925583,0.2540503740310669,0.28679826855659485,-0.5379080772399902,0.6095886826515198,False
train,0.3077724575996399,0.0,0.02833133563399315,0.10635421425104141,0.2547405958175659,0.28765687346458435,-0.5373806357383728,0.6095280051231384,False
test,0.3081892132759094,0.0,0.028461089357733727,0.10655707865953445,0.2554420828819275,0.2885058522224426,-0.5368385314941406,0.6094515919685364,False
train,0.30860596895217896,0.0,0.02859177254140377,0.10676074028015137,0.2561546266078949,0.2893487215042114,-0.5362842082977295,0.6093631386756897,False
train,0.3090227246284485,0.0,0.028723323717713356,0.10696499049663544,0.25687867403030396,0.2901831269264221,-0.5357166528701782,0.6092606782913208,False
train,0.309439480304718,0.0,0.02885577641427517,0.10716978460550308,0.2576137185096741,0.29100969433784485,-0.53513503074646,0.6091437935829163,False
train,0.30985620617866516,0.0,0.028989145532250404,0.10737515240907669,0.2583603262901306,0.2918277084827423,-0.5345394611358643,0.6090121865272522,False
test,0.3102729618549347,0.0,0.029123416170477867,0.1075812354683876,0.25911837816238403,0.29263821244239807,-0.5339311361312866,0.6088674664497375,False
train,0.3106897175312042,0.0,0.029258621856570244,0.10778792202472687,0.2598881721496582,0.2934402823448181,-0.5333085060119629,0.6087077856063843,False
train,0.31110647320747375,0.0,0.02939472161233425,0.10799511522054672,0.2606693208217621,0.29423367977142334,-0.532671332359314,0.6085328459739685,False
train,0.3115232288837433,0.0,0.029531819745898247,0.10820300877094269,0.2614622414112091,0.2950189709663391,-0.532019853591919,0.6083430647850037,False
train,0.3119399845600128,0.0,0.02966979518532753,0.10841137170791626,0.26226672530174255,0.29579517245292664,-0.5313535928726196,0.6081376671791077,False
test,0.31235674023628235,0.0,0.029808787629008293,0.10862049460411072,0.26308315992355347,0.2965635061264038,-0.5306729078292847,0.6079174876213074,False
train,0.3127734959125519,0.0,0.02994871884584427,0.10883022844791412,0.26391109824180603,0.2973235249519348,-0.5299776792526245,0.6076821684837341,False
train,0.3131902515888214,0.0,0.030089592561125755,0.10904053598642349,0.26475098729133606,0.298074334859848,-0.529267430305481,0.6074308753013611,False
train,0.31360700726509094,0.0,0.030231451615691185,0.10925141721963882,0.26560261845588684,0.2988167405128479,-0.5285413861274719,0.6071634292602539,False
train,0.3140237629413605,0.0,0.030374327674508095,0.10946299135684967,0.26646628975868225,0.2995503842830658,-0.5278002023696899,0.6068801283836365,False
test,0.31444051861763,0.0,0.03051813319325447,0.10967510938644409,0.2673414945602417,0.3002752661705017,-0.5270435810089111,0.6065807342529297,False
train,0.31485727429389954,0.0,0.030663013458251953,0.1098879873752594,0.2682287096977234,0.3009919822216034,-0.5262715220451355,0.6062655448913574,False
train,0.31527402997016907,0.0,0.030808815732598305,0.11010132730007172,0.2691277861595154,0.30169883370399475,-0.5254831314086914,0.6059329509735107,False
train,0.3156907558441162,0.0,0.03095570020377636,0.11031530797481537,0.2700388431549072,0.30239710211753845,-0.5246779918670654,0.6055831909179688,False
train,0.31610751152038574,0.0,0.03110363334417343,0.11052995175123215,0.2709615230560303,0.3030869960784912,-0.5238565802574158,0.6052168607711792,False
test,0.3165242671966553,0.0,0.031252577900886536,0.11074523627758026,0.2718961238861084,0.30376818776130676,-0.5230189561843872,0.6048338413238525,False
train,0.3169410228729248,0.0,0.031402554363012314,0.11096110194921494,0.2728424668312073,0.30444034934043884,-0.5221644639968872,0.6044332981109619,False
train,0.31735777854919434,0.0,0.03155353665351868,0.11117767542600632,0.2738008499145508,0.30510368943214417,-0.521294116973877,0.6040164232254028,False
train,0.31777453422546387,0.0,0.031705670058727264,0.11139477789402008,0.2747706472873688,0.30575817823410034,-0.5204047560691833,0.6035802960395813,False
train,0.3181912899017334,0.0,0.03185882046818733,0.11161255091428757,0.27575233578681946,0.30640387535095215,-0.5194990634918213,0.6031273603439331,False
test,0.31860804557800293,0.0,0.032013118267059326,0.1118309423327446,0.276745468378067,0.3070410490036011,-0.5185747742652893,0.6026557683944702,False
train,0.31902480125427246,0.0,0.032168421894311905,0.11205001175403595,0.2777504324913025,0.30766957998275757,-0.5176341533660889,0.6021674871444702,False
train,0.319441556930542,0.0,0.03232492506504059,0.11226961761713028,0.2787669003009796,0.3082887828350067,-0.5166735053062439,0.6016589403152466,False
train,0.3198583126068115,0.0,0.03248242661356926,0.11248991638422012,0.2797948122024536,0.3088997006416321,-0.5156965255737305,0.6011338829994202,False
train,0.32027506828308105,0.0,0.03264111280441284,0.1127108782529831,0.28083401918411255,0.30950212478637695,-0.5147004723548889,0.6005898118019104,False
test,0.3206918239593506,0.0,0.03280090540647507,0.11293242871761322,0.28188470005989075,0.31009602546691895,-0.5136855840682983,0.6000270247459412,False
train,0.32110854983329773,0.0,0.032961804419755936,0.11315460503101349,0.2829465866088867,0.31068137288093567,-0.5126520991325378,0.599445641040802,False
train,0.32152530550956726,0.0,0.033123910427093506,0.11337745934724808,0.28401950001716614,0.3112584054470062,-0.5115993022918701,0.5988452434539795,False
train,0.3219420611858368,0.0,0.03328714147210121,0.11360091716051102,0.2851034998893738,0.3118269145488739,-0.5105268955230713,0.598225474357605,False
train,0.3223588168621063,0.0,0.03345157206058502,0.11382502317428589,0.2861984670162201,0.3123873472213745,-0.5094347596168518,0.5975865125656128,False
test,0.32277557253837585,0.0,0.033617131412029266,0.11404983699321747,0.2873043417930603,0.3129398226737976,-0.5083237886428833,0.596929132938385,False
train,0.3231923282146454,0.0,0.033783912658691406,0.11427515000104904,0.2884208559989929,0.3134833574295044,-0.5071914196014404,0.5962507128715515,False
train,0.3236090838909149,0.0,0.033951856195926666,0.11450116336345673,0.2895478308200836,0.3140195608139038,-0.506039559841156,0.5955538153648376,False
train,0.32402583956718445,0.0,0.034121040254831314,0.11472774296998978,0.2906852960586548,0.31454718112945557,-0.5048660635948181,0.5948358178138733,False
train,0.324442595243454,0.0,0.03429145738482475,0.11495515704154968,0.29183319211006165,0.315067857503891,-0.503673255443573,0.594099760055542,False
test,0.3248593509197235,0.0,0.034463070333004,0.11518312245607376,0.29299113154411316,0.315580815076828,-0.5024590492248535,0.5933433771133423,False
train,0.32527610659599304,0.0,0.03463594987988472,0.115411676466465,0.2941589951515198,0.3160858154296875,-0.5012227296829224,0.5925660133361816,False
train,0.3256928622722626,0.0,0.03481004387140274,0.11564094573259354,0.2953367531299591,0.31658369302749634,-0.49996572732925415,0.5917693376541138,False
train,0.3261096179485321,0.0,0.03498540446162224,0.1158708706498146,0.2965242862701416,0.31707441806793213,-0.4986870288848877,0.5909525752067566,False
train,0.32652637362480164,0.0,0.0351620651781559,0.11610140651464462,0.29772111773490906,0.31755802035331726,-0.49738574028015137,0.590114951133728,False
test,0.3269430994987488,0.0,0.03534000366926193,0.11633259803056717,0.2989272177219391,0.3180345892906189,-0.49606209993362427,0.5892568230628967,False
train,0.3273598551750183,0.0,0.035519231110811234,0.11656440794467926,0.3001425266265869,0.31850409507751465,-0.4947156310081482,0.5883777737617493,False
train,0.32777661085128784,0.0,0.03569972142577171,0.11679677665233612,0.3013666570186615,0.3189660906791687,-0.4933464825153351,0.5874777436256409,False
train,0.3281933665275574,0.0,0.03588161617517471,0.11703000962734222,0.3025997281074524,0.31942319869995117,-0.49195438623428345,0.5865579843521118,False
train,0.3286101222038269,0.0,0.03606478497385979,0.1172637790441513,0.30384114384651184,0.31987327337265015,-0.4905388057231903,0.5856170058250427,False
test,0.32902687788009644,0.0,0.036249276250600815,0.11749822646379471,0.30509090423583984,0.3203175961971283,-0.4890998303890228,0.5846554636955261,False
train,0.32944363355636597,0.0,0.036435168236494064,0.11773329228162766,0.3063485622406006,0.32075566053390503,-0.48763608932495117,0.5836721062660217,False
train,0.3298603892326355,0.0,0.036622438579797745,0.11796900629997253,0.30761420726776123,0.3211878538131714,-0.48614776134490967,0.5826674103736877,False
train,0.33027714490890503,0.0,0.03681102767586708,0.11820537596940994,0.3088873326778412,0.32161465287208557,-0.48463577032089233,0.5816423296928406,False
train,0.33069390058517456,0.0,0.037001024931669235,0.11844246834516525,0.3101678192615509,0.3220362663269043,-0.4830990433692932,0.5805962681770325,False
test,0.3311106562614441,0.0,0.03719242662191391,0.1186801865696907,0.31145530939102173,0.3224529027938843,-0.48153701424598694,0.5795289278030396,False
train,0.3315274119377136,0.0,0.037385255098342896,0.11891855299472809,0.3127497434616089,0.3228644132614136,-0.47994932532310486,0.5784399509429932,False
train,0.33194416761398315,0.0,0.03757953271269798,0.11915761977434158,0.3140506446361542,0.32327142357826233,-0.478335976600647,0.5773298144340515,False
train,0.3323609232902527,0.0,0.03777517378330231,0.11939727514982224,0.31535804271698,0.3236736059188843,-0.47669678926467896,0.5761982798576355,False
train,0.33277764916419983,0.0,0.03797229379415512,0.11963766068220139,0.31667107343673706,0.32407230138778687,-0.47503164410591125,0.5750460028648376,False
test,0.33319440484046936,0.0,0.038170915096998215,0.1198786050081253,0.31799009442329407,0.32446616888046265,-0.4733384847640991,0.5738707184791565,False
train,0.3336111605167389,0.0,0.03837102651596069,0.12012021988630295,0.3193143904209137,0.32485663890838623,-0.4716181755065918,0.572674036026001,False
train,0.3340279161930084,0.0007936508045531809,0.03857257217168808,0.12036250531673431,0.3206438422203064,0.32524383068084717,-0.4698713421821594,0.5714566111564636,False
train,0.33444467186927795,0.0,0.03877565637230873,0.12060555070638657,0.3219780921936035,0.32562804222106934,-0.4680972099304199,0.5702180862426758,False
train,0.3348614275455475,0.0,0.03898023068904877,0.12084907293319702,0.3233169615268707,0.32600849866867065,-0.4662940502166748,0.5689566731452942,False
test,0.335278183221817,0.0,0.039186328649520874,0.12109347432851791,0.3246598541736603,0.3263871967792511,-0.4644645154476166,0.5676758289337158,False
train,0.33569493889808655,0.0,0.039394013583660126,0.1213383898139,0.3260067403316498,0.3267630338668823,-0.4626045227050781,0.5663717985153198,False
train,0.3361116945743561,0.0,0.03960322588682175,0.1215839833021164,0.32735708355903625,0.3271368741989136,-0.4607159495353699,0.5650466680526733,False
train,0.3365284502506256,0.0,0.03981403633952141,0.12183024734258652,0.328710675239563,0.3275090456008911,-0.4587979316711426,0.5637000203132629,False
train,0.33694520592689514,0.0,0.04002641886472702,0.12207719683647156,0.33006712794303894,0.32787957787513733,-0.45685046911239624,0.5623320937156677,False
test,0.3373619616031647,0.0,0.04024038463830948,0.12232480198144913,0.33142605423927307,0.3282487988471985,-0.4548735022544861,0.5609431266784668,False
train,0.3377787172794342,0.0,0.04045601934194565,0.1225731149315834,0.3327871859073639,0.3286173939704895,-0.4528653621673584,0.5595323443412781,False
train,0.33819544315338135,0.0,0.040673162788152695,0.12282206118106842,0.3341500461101532,0.32898542284965515,-0.45082807540893555,0.5581015944480896,False
train,0.3386121988296509,0.0,0.04089207947254181,0.12307160347700119,0.33551445603370667,0.3293527662754059,-0.44875723123550415,0.5566473603248596,False
train,0.3390289545059204,0.0,0.04111262410879135,0.12332194298505783,0.33687999844551086,0.32972031831741333,-0.4466567039489746,0.5551735758781433,False
test,0.33944571018218994,0.0,0.041334811598062515,0.12357284128665924,0.33824622631073,0.33008822798728943,-0.44452357292175293,0.5536780953407288,False
train,0.3398624658584595,0.0,0.04155874624848366,0.12382447719573975,0.3396128714084625,0.3304569721221924,-0.44235819578170776,0.5521617531776428,False
train,0.340279221534729,0.0,0.04178430885076523,0.12407667934894562,0.3409794569015503,0.33082613348960876,-0.44016051292419434,0.5506243705749512,False
train,0.34069597721099854,0.0,0.04201165586709976,0.12432963401079178,0.3423457443714142,0.3311966359615326,-0.43792957067489624,0.5490660667419434,False
train,0.34111273288726807,0.0,0.04224066436290741,0.1245831772685051,0.34371116757392883,0.33156880736351013,-0.43566566705703735,0.5474873781204224,False
test,0.3415294885635376,0.0,0.04247148707509041,0.12483742833137512,0.34507542848587036,0.3319430351257324,-0.43336760997772217,0.5458879470825195,False
train,0.34194624423980713,0.0,0.042704056948423386,0.1250923126935959,0.3464381992816925,0.3323192000389099,-0.4310351014137268,0.5442676544189453,False
train,0.34236299991607666,0.0,0.0429384745657444,0.12534795701503754,0.3477989733219147,0.33269861340522766,-0.4286680221557617,0.5426275134086609,False
train,0.3427797555923462,0.0,0.043174609541893005,0.12560422718524933,0.349157452583313,0.3330806493759155,-0.4262666702270508,0.5409676432609558,False
train,0.3431965112686157,0.0,0.04341256618499756,0.1258610188961029,0.35051319003105164,0.33346524834632874,-0.4238288402557373,0.5392865538597107,False
test,0.34361326694488525,0.0,0.04365239664912224,0.1261187493801117,0.3518659472465515,0.3338545858860016,-0.421356737613678,0.537587583065033,False
train,0.3440299928188324,0.0,0.043894022703170776,0.1263769119977951,0.35321491956710815,0.3342471122741699,-0.41884756088256836,0.5358679294586182,False
train,0.34444674849510193,0.0,0.04413756728172302,0.1266358643770218,0.35456007719039917,0.3346446454524994,-0.4163013696670532,0.5341290831565857,False
train,0.34486350417137146,0.0,0.04438299313187599,0.12689542770385742,0.35590100288391113,0.3350457549095154,-0.41371822357177734,0.5323705673217773,False
train,0.345280259847641,0.0,0.04463028162717819,0.12715572118759155,0.35723719000816345,0.335452675819397,-0.41109853982925415,0.5305944681167603,False
test,0.3456970155239105,0.0,0.044879522174596786,0.1274167001247406,0.35856837034225464,0.3358648419380188,-0.40844017267227173,0.5287991762161255,False
train,0.34611377120018005,0.0,0.04513068497180939,0.12767809629440308,0.3598938584327698,0.3362811803817749,-0.40574198961257935,0.5269834995269775,False
train,0.3465305268764496,0.0,0.04538381099700928,0.12794049084186554,0.36121344566345215,0.33670574426651,-0.403007447719574,0.5251530408859253,False
train,0.3469472825527191,0.0,0.045638903975486755,0.1282033920288086,0.3625267446041107,0.33713498711586,-0.40023231506347656,0.5233029127120972,False
train,0.34736403822898865,0.0,0.04589605703949928,0.12846699357032776,0.36383339762687683,0.3375714421272278,-0.3974165916442871,0.5214349627494812,False
test,0.3477807939052582,0.0,0.04615515097975731,0.12873128056526184,0.3651328682899475,0.33801528811454773,-0.3945614695549011,0.5195508599281311,False
train,0.3481975495815277,0.0,0.0464162714779377,0.1289961189031601,0.3664248287677765,0.3384650945663452,-0.39166510105133057,0.5176486968994141,False
train,0.34861430525779724,0.0,0.046679411083459854,0.12926170229911804,0.36770886182785034,0.3389234244823456,-0.3887283205986023,0.5157313346862793,False
train,0.3490310609340668,0.0,0.04694467410445213,0.12952792644500732,0.368984580039978,0.3393893837928772,-0.38574904203414917,0.5137971043586731,False
train,0.3494477868080139,0.0,0.04721197113394737,0.12979480624198914,0.37025174498558044,0.339863657951355,-0.38272809982299805,0.511847734451294,False
test,0.34986454248428345,0.0,0.04748139530420303,0.13006237149238586,0.3715096116065979,0.34034639596939087,-0.3796643614768982,0.5098829865455627,False
train,0.350281298160553,0.0,0.047752898186445236,0.13033059239387512,0.3727581202983856,0.34083837270736694,-0.37655794620513916,0.5079042315483093,False
train,0.3506980538368225,0.0,0.04802665486931801,0.13059943914413452,0.373996764421463,0.3413388133049011,-0.3734058141708374,0.5059092044830322,False
train,0.35111480951309204,0.0,0.04830249398946762,0.1308690458536148,0.3752250671386719,0.3418499529361725,-0.37021154165267944,0.5039027333259583,False
train,0.3515315651893616,0.0,0.04858056828379631,0.13113930821418762,0.3764428496360779,0.3423703908920288,-0.3669717311859131,0.5018821954727173,False
test,0.3519483208656311,0.0,0.048860784620046616,0.1314101219177246,0.3776496350765228,0.3429003953933716,-0.36368662118911743,0.4998486042022705,False
train,0.35236507654190063,0.0,0.04914325475692749,0.13168174028396606,0.37884509563446045,0.343441367149353,-0.3603564500808716,0.4978039264678955,False
train,0.35278183221817017,0.0007936508045531809,0.049427978694438934,0.13195392489433289,0.3800288140773773,0.3439928889274597,-0.3569791913032532,0.4957471787929535,False
train,0.3531985878944397,0.0031746032182127237,0.049714963883161545,0.1322268396615982,0.3812004029750824,0.34455543756484985,-0.3535557985305786,0.4936802089214325,False
train,0.35361534357070923,0.0007936508045531809,0.0500042587518692,0.13250026106834412,0.38235971331596375,0.3451286554336548,-0.35008299350738525,0.4916013479232788,False
test,0.35403209924697876,0.0007936508045531809,0.05029581859707832,0.13277453184127808,0.3835061192512512,0.34571391344070435,-0.3465651273727417,0.4895155727863312,False
train,0.3544488549232483,0.004761904943734407,0.050589703023433685,0.13304932415485382,0.3846395015716553,0.34631073474884033,-0.3429970145225525,0.48741981387138367,False
train,0.3548656105995178,0.0,0.05088602751493454,0.13332486152648926,0.3857593834400177,0.3469194769859314,-0.33937931060791016,0.48531582951545715,False
train,0.35528233647346497,0.0,0.05118463933467865,0.1336008757352829,0.38686543703079224,0.34753960371017456,-0.335712194442749,0.48320436477661133,False
train,0.3556990921497345,0.0007936508045531809,0.05148566886782646,0.13387776911258698,0.38795754313468933,0.3481736481189728,-0.3319961428642273,0.48108869791030884,False
test,0.35611584782600403,0.0,0.051789190620183945,0.1341552436351776,0.38903525471687317,0.3488197922706604,-0.32822704315185547,0.47896578907966614,False
train,0.35653260350227356,0.007936508394777775,0.05209507420659065,0.1344332993030548,0.3900982141494751,0.34947869181632996,-0.32440757751464844,0.47683921456336975,False
train,0.3569493591785431,0.0,0.05240338668227196,0.13471214473247528,0.3911462724208832,0.3501509130001068,-0.320537805557251,0.4747105836868286,False
train,0.3573661148548126,0.0007936508045531809,0.052714306861162186,0.13499155640602112,0.39217904210090637,0.35083621740341187,-0.3166128396987915,0.4725777506828308,False
train,0.35778287053108215,0.0015873016091063619,0.0530276894569397,0.13527163863182068,0.3931962847709656,0.3515348434448242,-0.3126356601715088,0.4704442620277405,False
test,0.3581996262073517,0.0,0.05334358289837837,0.13555237650871277,0.394197553396225,0.35224759578704834,-0.30860471725463867,0.468311071395874,False
train,0.3586163818836212,0.0,0.053662046790122986,0.13583363592624664,0.3951827883720398,0.3529733121395111,-0.30451804399490356,0.46617743372917175,False
train,0.35903313755989075,0.0,0.0539831705391407,0.13611580431461334,0.3961518108844757,0.3537142276763916,-0.3003774881362915,0.4640478193759918,False
train,0.3594498932361603,0.0,0.054306816309690475,0.13639837503433228,0.3971041738986969,0.35446780920028687,-0.29618048667907715,0.46192023158073425,False
train,0.3598666489124298,0.0007936508045531809,0.054633136838674545,0.1366817057132721,0.3980396091938019,0.3552372455596924,-0.2919272780418396,0.4597989022731781,False
test,0.36028340458869934,0.0,0.05496204271912575,0.13696567714214325,0.3989581763744354,0.3560200035572052,-0.2876180410385132,0.4576837122440338,False
train,0.36070016026496887,0.0,0.055293742567300797,0.13725028932094574,0.3998594284057617,0.3568175137042999,-0.2832491397857666,0.45557525753974915,False
train,0.361116886138916,0.0,0.05562809109687805,0.13753551244735718,0.40074312686920166,0.35762983560562134,-0.27882295846939087,0.4534769356250763,False
train,0.36153364181518555,0.0,0.055965226143598557,0.13782134652137756,0.4016093611717224,0.35845625400543213,-0.2743363380432129,0.4513881802558899,False
train,0.3619503974914551,0.0,0.05630503594875336,0.13810786604881287,0.40245771408081055,0.3592976927757263,-0.26979172229766846,0.44931328296661377,False
test,0.3623671531677246,0.0,0.05664772912859917,0.13839492201805115,0.4032880365848541,0.3601537346839905,-0.26518428325653076,0.44725096225738525,False
train,0.36278390884399414,0.0,0.05699324980378151,0.13868284225463867,0.4041002094745636,0.36102575063705444,-0.2605174779891968,0.4452066421508789,False
train,0.36320066452026367,0.0,0.057341527193784714,0.13897119462490082,0.40489402413368225,0.36191219091415405,-0.2557879686355591,0.44317933917045593,False
train,0.3636174201965332,0.0,0.057692766189575195,0.13926030695438385,0.40566956996917725,0.36281371116638184,-0.250995934009552,0.4411720037460327,False
train,0.36403417587280273,0.0,0.058046821504831314,0.13954991102218628,0.4064265489578247,0.36372944712638855,-0.24614030122756958,0.4391857981681824,False
test,0.36445093154907227,0.0,0.058403849601745605,0.1398402750492096,0.4071647524833679,0.3646605312824249,-0.24122142791748047,0.43722429871559143,False
train,0.3648676872253418,0.0,0.05876382440328598,0.14013122022151947,0.4078841209411621,0.3656068742275238,-0.23623692989349365,0.4352887272834778,False
train,0.36528444290161133,0.0023809524718672037,0.0591268353164196,0.14042280614376068,0.408584862947464,0.3665678799152374,-0.23118627071380615,0.43338099122047424,False
train,0.36570119857788086,0.0007936508045531809,0.0594928041100502,0.14071495831012726,0.40926632285118103,0.3675442337989807,-0.22606968879699707,0.43150466680526733,False
train,0.3661179542541504,0.0,0.059861861169338226,0.1410077065229416,0.4099290072917938,0.36853477358818054,-0.2208850383758545,0.429660439491272,False
test,0.36653468012809753,0.0,0.060233861207962036,0.14130116999149323,0.41057270765304565,0.3695409595966339,-0.21563512086868286,0.4278539717197418,False
train,0.36695143580436707,0.0,0.06060906872153282,0.141595259308815,0.4111972749233246,0.3705615997314453,-0.21031469106674194,0.4260846972465515,False
train,0.3673681914806366,0.0,0.060987409204244614,0.14188991487026215,0.4118026793003082,0.37159645557403564,-0.20492517948150635,0.42435628175735474,False
train,0.36778494715690613,0.0007936508045531809,0.06136887148022652,0.1421852856874466,0.41238871216773987,0.3726468086242676,-0.1994660496711731,0.4226728677749634,False
train,0.36820170283317566,0.0023809524718672037,0.061753589659929276,0.14248111844062805,0.41295576095581055,0.3737107515335083,-0.1939336061477661,0.42103442549705505,False
test,0.3686184585094452,0.06507936865091324,0.06214146688580513,0.14277757704257965,0.4135037362575531,0.3747890293598175,-0.1883307695388794,0.4194464087486267,False
train,0.3690352141857147,0.40317460894584656,0.06253267079591751,0.14307472109794617,0.4140326678752899,0.375881552696228,-0.18265396356582642,0.41791078448295593,False
train,0.36945196986198425,0.5563492178916931,0.06292703747749329,0.14337238669395447,0.41454246640205383,0.37698808312416077,-0.17690563201904297,0.4164319932460785,False
train,0.3698687255382538,0.5579364895820618,0.06332485377788544,0.14367078244686127,0.4150330722332001,0.37810879945755005,-0.17108094692230225,0.415012001991272,False
train,0.3702854812145233,0.46269840002059937,0.06372593343257904,0.14396965503692627,0.4155047833919525,0.37924283742904663,-0.1651824712753296,0.4136548936367035,False
test,0.37070223689079285,0.5563492178916931,0.06413052976131439,0.14426924288272858,0.41595762968063354,0.38039034605026245,-0.15920579433441162,0.41236308217048645,False
train,0.3711189925670624,0.4436507821083069,0.06453833729028702,0.1445692926645279,0.4163915514945984,0.38155144453048706,-0.15315425395965576,0.4111419916152954,False
train,0.3715357482433319,0.08015873283147812,0.06494984775781631,0.14487004280090332,0.41680672764778137,0.38272517919540405,-0.14702200889587402,0.4099927246570587,False
train,0.37195250391960144,0.0674603208899498,0.06536471098661423,0.1451713740825653,0.4172033965587616,0.3839120864868164,-0.14081251621246338,0.40892133116722107,False
train,0.3723692297935486,0.12619048357009888,0.06578303873538971,0.14547322690486908,0.4175814986228943,0.3851110339164734,-0.13452363014221191,0.40793028473854065,False
test,0.3727859854698181,0.28015872836112976,0.06620494276285172,0.14577564597129822,0.4179413616657257,0.3863218128681183,-0.12815415859222412,0.4070234000682831,False
train,0.37320274114608765,0.48968252539634705,0.06663042306900024,0.14607864618301392,0.41828247904777527,0.38754570484161377,-0.12170279026031494,0.4062059223651886,False
train,0.3736194968223572,0.49841269850730896,0.06705955415964127,0.14638230204582214,0.4186059832572937,0.3887805938720703,-0.11516940593719482,0.40548038482666016,False
train,0.3740362524986267,0.45079365372657776,0.06749244034290314,0.1466866284608841,0.41891154646873474,0.3900277018547058,-0.1085515022277832,0.40485185384750366,False
train,0.37445300817489624,0.3849206268787384,0.06792882829904556,0.1469913274049759,0.4191993176937103,0.39128485321998596,-0.10185086727142334,0.40432342886924744,False
test,0.37486976385116577,0.0396825410425663,0.06836912035942078,0.147296741604805,0.41946956515312195,0.39255332946777344,-0.09506332874298096,0.4038999378681183,False
train,0.3752865195274353,0.0023809524718672037,0.06881305575370789,0.14760257303714752,0.4197223484516144,0.39383170008659363,-0.08818984031677246,0.4035850167274475,False
train,0.37570327520370483,0.003968254197388887,0.06926090270280838,0.14790913462638855,0.41995805501937866,0.39512065052986145,-0.0812293291091919,0.40338385105133057,False
train,0.37612003087997437,0.003968254197388887,0.06971251219511032,0.14821617305278778,0.4201768636703491,0.3964187502861023,-0.07418060302734375,0.40329962968826294,False
train,0.3765367865562439,0.0,0.07016801089048386,0.14852374792099,0.420378714799881,0.3977268934249878,-0.06704246997833252,0.4033378064632416,False
test,0.3769535422325134,0.0,0.07062747329473495,0.14883200824260712,0.4205642640590668,0.3990441858768463,-0.0598146915435791,0.4035022556781769,False
train,0.37737029790878296,0.0,0.07109085470438004,0.14914068579673767,0.42073357105255127,0.4003692865371704,-0.05249440670013428,0.4037960171699524,False
train,0.3777870535850525,0.0,0.07155825942754745,0.14944998919963837,0.42088720202445984,0.40170231461524963,-0.04508233070373535,0.404224157333374,False
train,0.37820377945899963,0.0,0.07202965766191483,0.14975976943969727,0.42102500796318054,0.4030437469482422,-0.03757739067077637,0.4047917127609253,False
train,0.37862053513526917,0.0,0.07250513881444931,0.15007007122039795,0.42114704847335815,0.4043917953968048,-0.02997767925262451,0.4055013954639435,False
test,0.3790372908115387,0.0,0.07298479229211807,0.15038099884986877,0.421254426240921,0.40574681758880615,-0.022281885147094727,0.40635815262794495,False
train,0.3794540464878082,0.0,0.07346857339143753,0.15069247782230377,0.4213467538356781,0.40710899233818054,-0.014490246772766113,0.4073667824268341,False
train,0.37987080216407776,0.0,0.07395657151937485,0.15100432932376862,0.4214246869087219,0.40847545862197876,-0.006600022315979004,0.40852877497673035,False
train,0.3802875578403473,0.0,0.07444874942302704,0.15131686627864838,0.42148831486701965,0.4098491072654724,0.0013873577117919922,0.40985146164894104,False
train,0.3807043135166168,0.0,0.07494524866342545,0.1516299545764923,0.4215380847454071,0.4112272262573242,0.00947427749633789,0.41133633255958557,False
test,0.38112106919288635,0.0,0.07544606924057007,0.15194344520568848,0.42157432436943054,0.4126091003417969,0.01766359806060791,0.41298702359199524,False
train,0.3815378248691559,0.0,0.07595130801200867,0.15225739777088165,0.42159733176231384,0.4139949679374695,0.025956034660339355,0.41480782628059387,False
train,0.3819545805454254,0.0,0.07646084576845169,0.15257200598716736,0.4216073453426361,0.41538482904434204,0.034348130226135254,0.4168025255203247,False
train,0.38237133622169495,0.0,0.07697488367557526,0.15288709104061127,0.42160502076148987,0.4167778193950653,0.04284548759460449,0.4189743101596832,False
train,0.3827880918979645,0.0,0.07749345153570175,0.1532025784254074,0.4215905964374542,0.418172150850296,0.05144977569580078,0.42132532596588135,False
test,0.383204847574234,0.0,0.07801655679941177,0.15351878106594086,0.42156416177749634,0.4195702075958252,0.06015908718109131,0.42386114597320557,False
train,0.38362157344818115,0.0,0.0785442590713501,0.1538352221250534,0.4215264618396759,0.42096737027168274,0.06897735595703125,0.4265810549259186,False
train,0.3840383291244507,0.0,0.07907652109861374,0.15415239334106445,0.42147743701934814,0.4223674237728119,0.07790195941925049,0.4294915199279785,False
train,0.3844550848007202,0.0,0.07961350679397583,0.15446986258029938,0.42141789197921753,0.42376619577407837,0.08693838119506836,0.4325922727584839,False
train,0.38487184047698975,0.0,0.08015526086091995,0.15478792786598206,0.42134812474250793,0.4251652956008911,0.09608614444732666,0.4358876943588257,False
test,0.3852885961532593,0.0,0.08070173859596252,0.15510642528533936,0.42126837372779846,0.4265630841255188,0.1053459644317627,0.43937891721725464,False
train,0.3857053518295288,0.0,0.08125307410955429,0.15542538464069366,0.42117902636528015,0.42795929312705994,0.11471939086914062,0.4430685043334961,False
train,0.38612210750579834,0.0,0.08180923014879227,0.15574485063552856,0.4210805594921112,0.4293544292449951,0.1242070198059082,0.4469592869281769,False
train,0.38653886318206787,0.0,0.08237038552761078,0.15606477856636047,0.4209735691547394,0.43074631690979004,0.1338120698928833,0.45105215907096863,False
train,0.3869556188583374,0.0,0.08293643593788147,0.15638506412506104,0.42085790634155273,0.43213462829589844,0.1435335874557495,0.45534849166870117,False
test,0.38737237453460693,0.0,0.08350750803947449,0.15670591592788696,0.4207344055175781,0.4335193634033203,0.15337276458740234,0.4598502218723297,False
train,0.38778913021087646,0.0,0.08408363908529282,0.15702717006206512,0.42060357332229614,0.4349001348018646,0.1633319854736328,0.4645594358444214,False
train,0.388205885887146,0.0,0.08466490358114243,0.15734881162643433,0.4204655587673187,0.43627452850341797,0.17341232299804688,0.46947556734085083,False
train,0.3886226415634155,0.0,0.0852513313293457,0.15767094492912292,0.42032089829444885,0.4376440644264221,0.1836150884628296,0.47460177540779114,False
train,0.38903939723968506,0.0,0.08584301173686981,0.1579935997724533,0.4201698899269104,0.4390082359313965,0.1939406394958496,0.4799387454986572,False
test,0.3894561231136322,0.0,0.0864398330450058,0.15831658244132996,0.4200130105018616,0.4403645992279053,0.20438921451568604,0.4854852557182312,False
train,0.38987287878990173,0.0,0.08704207092523575,0.15863993763923645,0.41985082626342773,0.4417131841182709,0.2149660587310791,0.49124428629875183,False
train,0.39028963446617126,0.0,0.08764972537755966,0.15896381437778473,0.4196836054325104,0.4430542588233948,0.2256695032119751,0.49721604585647583,False
train,0.3907063901424408,0.0,0.08826278150081635,0.15928803384304047,0.419511616230011,0.44438642263412476,0.2365020513534546,0.5034009218215942,False
train,0.3911231458187103,0.0,0.0888812318444252,0.1596127152442932,0.41933563351631165,0.44570937752723694,0.24746167659759521,0.5097981095314026,False
test,0.39153990149497986,0.0,0.08950532227754593,0.1599377989768982,0.4191558063030243,0.4470224380493164,0.25855445861816406,0.5164101719856262,False
train,0.3919566571712494,0.0,0.09013499319553375,0.16026319563388824,0.4189726710319519,0.4483242630958557,0.26977968215942383,0.5232357978820801,False
train,0.3923734128475189,0.0,0.0907701849937439,0.1605890393257141,0.4187862277030945,0.4496157169342041,0.2811356782913208,0.5302749872207642,False
train,0.39279016852378845,0.0,0.09141121804714203,0.16091519594192505,0.41859757900238037,0.45089468359947205,0.292629599571228,0.5375296473503113,False
train,0.393206924200058,0.0,0.09205801784992218,0.1612417995929718,0.4184068739414215,0.45216140151023865,0.30425941944122314,0.544998824596405,False
test,0.3936236798763275,0.0,0.09271052479743958,0.1615687757730484,0.4182145297527313,0.45341500639915466,0.316023588180542,0.5526807904243469,False
train,0.39404043555259705,0.0,0.09336891025304794,0.16189609467983246,0.4180207848548889,0.454654723405838,0.3279273509979248,0.5605776309967041,False
train,0.3944571912288666,0.0,0.09403332322835922,0.16222374141216278,0.41782596707344055,0.45587995648384094,0.3399730920791626,0.5686899423599243,False
train,0.3948739469051361,0.0,0.09470371156930923,0.16255174577236176,0.4176309406757355,0.45709025859832764,0.3521590232849121,0.5770159959793091,False
train,0.39529067277908325,0.0,0.0953800156712532,0.16288010776042938,0.4174357056617737,0.4582850933074951,0.36448466777801514,0.5855546593666077,False
test,0.3957074284553528,0.0,0.09606249630451202,0.16320882737636566,0.41724085807800293,0.4594634473323822,0.3769550323486328,0.5943077802658081,False
train,0.3961241841316223,0.0,0.0967511385679245,0.16353775560855865,0.4170464277267456,0.460624635219574,0.38957154750823975,0.6032752394676208,False
train,0.39654093980789185,0.0,0.09744612872600555,0.16386720538139343,0.4168534576892853,0.4617692828178406,0.40233421325683594,0.6124570965766907,False
train,0.3969576954841614,0.0,0.09814722090959549,0.16419680416584015,0.4166618585586548,0.462894469499588,0.4152418375015259,0.6218497157096863,False
train,0.3973744511604309,0.0,0.09885475784540176,0.1645268201828003,0.416471928358078,0.46400168538093567,0.42829906940460205,0.6314567923545837,False
test,0.39779120683670044,0.0,0.09956865012645721,0.16485708951950073,0.41628414392471313,0.4650890529155731,0.44150543212890625,0.6412760019302368,False
train,0.39820796251296997,0.0,0.10028901696205139,0.16518773138523102,0.4160991311073303,0.4661579430103302,0.45486247539520264,0.6513087749481201,False
train,0.3986247181892395,0.0,0.10101594775915146,0.16551853716373444,0.4159170985221863,0.4672043025493622,0.4683718681335449,0.6615527868270874,False
train,0.39904147386550903,0.0,0.10174958407878876,0.16584967076778412,0.41573846340179443,0.46822983026504517,0.4820359945297241,0.6720103025436401,False
train,0.39945822954177856,0.0,0.10248974710702896,0.16618111729621887,0.41556316614151,0.46923500299453735,0.4958524703979492,0.6826794147491455,False
test,0.3998749852180481,0.0015873016091063619,0.10323658585548401,0.16651272773742676,0.41539207100868225,0.4702157974243164,0.5098235607147217,0.6935581564903259,False
train,0.4002917408943176,0.009523809887468815,0.10399030894041061,0.16684462130069733,0.41522538661956787,0.4711742699146271,0.5239518880844116,0.7046493887901306,False
train,0.40070846676826477,0.0,0.10475078970193863,0.1671767234802246,0.4150630533695221,0.4721096158027649,0.5382366180419922,0.7159512042999268,False
train,0.4011252224445343,0.012698412872850895,0.1055181697010994,0.16750912368297577,0.4149056077003479,0.4730204641819,0.5526785850524902,0.7274627089500427,False
train,0.40154197812080383,0.0,0.10629258304834366,0.1678418219089508,0.41475388407707214,0.47390660643577576,0.5672805309295654,0.7391851544380188,False
test,0.40195873379707336,0.0,0.1070740818977356,0.16817469894886017,0.4146076738834381,0.47476726770401,0.5820435285568237,0.7511182427406311,False
train,0.4023754894733429,0.01984127052128315,0.10786264389753342,0.16850773990154266,0.414467453956604,0.4756012260913849,0.5969663858413696,0.7632597088813782,False
train,0.4027922451496124,0.0,0.10865843296051025,0.16884097456932068,0.4143332540988922,0.4764094352722168,0.6120527982711792,0.7756124138832092,False
train,0.40320900082588196,0.0,0.10946140438318253,0.16917450726032257,0.414205402135849,0.47719091176986694,0.6272997856140137,0.7881726622581482,False
train,0.4036257565021515,0.0,0.11027171462774277,0.16950812935829163,0.4140845537185669,0.4779442548751831,0.6427105665206909,0.8009417057037354,False
test,0.404042512178421,0.0,0.11108946800231934,0.16984207928180695,0.4139706492424011,0.47866979241371155,0.6582862138748169,0.8139198422431946,False
train,0.40445926785469055,0.0,0.1119144931435585,0.17017602920532227,0.41386398673057556,0.4793657660484314,0.6740245819091797,0.8271037936210632,False
train,0.4048760235309601,0.0,0.11274716258049011,0.17051027715206146,0.4137647747993469,0.4800332486629486,0.6899290084838867,0.8404962420463562,False
train,0.4052927792072296,0.02777777798473835,0.11358729004859924,0.17084448039531708,0.41367343068122864,0.48067015409469604,0.7059981822967529,0.854094386100769,False
train,0.40570953488349915,0.0,0.11443521827459335,0.17117905616760254,0.4135899841785431,0.4812772572040558,0.7222350835800171,0.867900550365448,False
test,0.4061262905597687,0.0,0.1152908056974411,0.17151370644569397,0.4135148227214813,0.48185351490974426,0.7386367321014404,0.8819109797477722,False
train,0.4065430164337158,0.007936508394777775,0.11615419387817383,0.171848326921463,0.41344788670539856,0.48239800333976746,0.7552073001861572,0.896128237247467,False
train,0.40695977210998535,0.09841269999742508,0.11702533811330795,0.17218324542045593,0.413389652967453,0.4829116463661194,0.7719413042068481,0.91054767370224,False
train,0.4073765277862549,0.08968254178762436,0.11790444701910019,0.17251817882061005,0.4133402705192566,0.4833919107913971,0.788843035697937,0.9251708388328552,False
train,0.4077932834625244,0.02857142873108387,0.1187916174530983,0.1728532761335373,0.4132997393608093,0.48383915424346924,0.8059122562408447,0.9399973154067993,False
test,0.40821003913879395,0.009523809887468815,0.11968669295310974,0.17318832874298096,0.413268119096756,0.4842531979084015,0.8231469392776489,0.9550246596336365,False
train,0.4086267948150635,0.011904762126505375,0.12058999389410019,0.17352356016635895,0.41324591636657715,0.4846334159374237,0.8405475616455078,0.9702523946762085,False
train,0.409043550491333,0.003968254197388887,0.12150151282548904,0.1738588958978653,0.4132331311702728,0.48497986793518066,0.858115553855896,0.9856813549995422,False
train,0.40946030616760254,0.0071428571827709675,0.1224212646484375,0.17419427633285522,0.41322973370552063,0.48529163002967834,0.875847339630127,1.0013073682785034,False
train,0.40987706184387207,0.009523809887468815,0.12334930151700974,0.17452962696552277,0.4132360517978668,0.485567569732666,0.8937441110610962,1.0171304941177368,False
test,0.4102938175201416,0.012698412872850895,0.1242857351899147,0.17486506700515747,0.4132520258426666,0.48580801486968994,0.9118038415908813,1.0331484079360962,False
train,0.41071057319641113,0.0071428571827709675,0.1252305805683136,0.1752004623413086,0.4132780432701111,0.4860118627548218,0.9300256967544556,1.0493594408035278,False
train,0.41112732887268066,0.011111111380159855,0.12618397176265717,0.17553582787513733,0.41331368684768677,0.48617881536483765,0.9484094381332397,1.0657627582550049,False
train,0.4115440845489502,0.0071428571827709675,0.12714599072933197,0.1758713722229004,0.413359135389328,0.48631003499031067,0.9669532775878906,1.0823566913604736,False
train,0.41196081042289734,0.011111111380159855,0.12811659276485443,0.17620672285556793,0.41341477632522583,0.48640286922454834,0.9856551885604858,1.099137783050537,False
test,0.41237756609916687,0.007936508394777775,0.1290958821773529,0.17654208838939667,0.4134804904460907,0.4864581823348999,1.004512071609497,1.1161030530929565,False
train,0.4127943217754364,0.0071428571827709675,0.13008402287960052,0.17687742412090302,0.4135562479496002,0.48647478222846985,1.0235259532928467,1.1332533359527588,False
train,0.41321107745170593,0.004761904943734407,0.1310809850692749,0.17721280455589294,0.413642019033432,0.48645347356796265,1.0426902770996094,1.1505824327468872,False
train,0.41362783312797546,0.0071428571827709675,0.1320868581533432,0.1775481402873993,0.41373753547668457,0.4863933324813843,1.0620052814483643,1.168089747428894,False
train,0.414044588804245,0.0031746032182127237,0.1331016719341278,0.17788328230381012,0.41384339332580566,0.4862935245037079,1.0814666748046875,1.1857705116271973,False
test,0.4144613444805145,0.004761904943734407,0.13412544131278992,0.17821837961673737,0.4139591157436371,0.48615404963493347,1.1010712385177612,1.2036210298538208,False
train,0.41487810015678406,0.004761904943734407,0.13515833020210266,0.17855334281921387,0.414084792137146,0.4859737753868103,1.1208171844482422,1.2216389179229736,False
train,0.4152948558330536,0.0055555556900799274,0.13620024919509888,0.1788882166147232,0.4142201542854309,0.48575401306152344,1.140697956085205,1.2398179769515991,False
train,0.4157116115093231,0.011904762126505375,0.13725148141384125,0.17922309041023254,0.4143655300140381,0.485493928194046,1.1607136726379395,1.2581576108932495,False
train,0.41612836718559265,0.010317460633814335,0.1383119523525238,0.1795576810836792,0.41452038288116455,0.4851914644241333,1.1808586120605469,1.2766510248184204,False
test,0.4165451228618622,0.008730159141123295,0.1393815129995346,0.17989219725131989,0.4146849513053894,0.48484858870506287,1.2011220455169678,1.2952884435653687,False
train,0.4169618785381317,0.009523809887468815,0.14046064019203186,0.18022647500038147,0.4148585796356201,0.48446354269981384,1.2215102910995483,1.3140747547149658,False
train,0.41737863421440125,0.007936508394777775,0.14154905080795288,0.18056076765060425,0.4150419235229492,0.48403704166412354,1.2420077323913574,1.3329946994781494,False
train,0.4177953600883484,0.011904762126505375,0.1426466852426529,0.1808946132659912,0.41523388028144836,0.4835682511329651,1.2626093626022339,1.3520431518554688,False
train,0.4182121157646179,0.007936508394777775,0.14375396072864532,0.1812283992767334,0.41543516516685486,0.48305636644363403,1.2833141088485718,1.3712178468704224,False
test,0.41862887144088745,0.009523809887468815,0.14487068355083466,0.18156196177005768,0.41564488410949707,0.482503205537796,1.304112195968628,1.3905099630355835,False
train,0.419045627117157,0.01984127052128315,0.14599689841270447,0.18189533054828644,0.41586336493492126,0.48190635442733765,1.3249940872192383,1.4099088907241821,False
train,0.4194623827934265,0.01825396902859211,0.14713281393051147,0.18222831189632416,0.4160902202129364,0.4812653064727783,1.345957636833191,1.4294118881225586,False
train,0.41987913846969604,0.01587301678955555,0.14827822148799896,0.1825612485408783,0.4163249731063843,0.480582058429718,1.366986632347107,1.4490035772323608,False
train,0.4202958941459656,0.02619047649204731,0.1494331955909729,0.18289369344711304,0.41656726598739624,0.47985464334487915,1.3880754709243774,1.4686776399612427,False
test,0.4207126498222351,0.01825396902859211,0.15059785544872284,0.18322600424289703,0.4168173670768738,0.47908395528793335,1.4092144966125488,1.488424301147461,False
train,0.42112940549850464,0.01587301678955555,0.15177209675312042,0.1835578829050064,0.4170745611190796,0.47826817631721497,1.430391788482666,1.5082311630249023,False
train,0.42154616117477417,0.015079365111887455,0.15295599400997162,0.18388962745666504,0.41733869910240173,0.477409303188324,1.451594591140747,1.5280859470367432,False
train,0.4219629168510437,0.010317460633814335,0.15414957702159882,0.18422095477581024,0.4176090359687805,0.4765056371688843,1.4728134870529175,1.5479785203933716,False
train,0.42237967252731323,0.0055555556900799274,0.15535281598567963,0.18455177545547485,0.41788598895072937,0.4755569100379944,1.4940375089645386,1.5678974390029907,False
test,0.42279642820358276,0.003968254197388887,0.15656569600105286,0.1848824918270111,0.41816848516464233,0.4745650887489319,1.5152456760406494,1.5878229141235352,False
train,0.4232131838798523,0.003968254197388887,0.15778817236423492,0.1852126270532608,0.418456494808197,0.47352734208106995,1.5364294052124023,1.607744812965393,False
train,0.42362990975379944,0.004761904943734407,0.15902036428451538,0.18554241955280304,0.41874945163726807,0.472445547580719,1.5575717687606812,1.627647042274475,False
train,0.42404666543006897,0.003968254197388887,0.16026198863983154,0.18587173521518707,0.4190467596054077,0.47131815552711487,1.5786528587341309,1.6475088596343994,False
train,0.4244634211063385,0.0063492064364254475,0.16151322424411774,0.1862007975578308,0.41934844851493835,0.47014719247817993,1.5996572971343994,1.6673157215118408,False
test,0.42488017678260803,0.0063492064364254475,0.16277416050434113,0.1865292489528656,0.4196537137031555,0.4689294099807739,1.6205681562423706,1.6870495080947876,False
train,0.42529693245887756,0.008730159141123295,0.16404439508914948,0.18685729801654816,0.41996216773986816,0.46766793727874756,1.6413623094558716,1.7066879272460938,False
train,0.4257136881351471,0.004761904943734407,0.16532407701015472,0.1871849000453949,0.4202730059623718,0.46636146306991577,1.6620197296142578,1.7262104749679565,False
train,0.4261304438114166,0.0031746032182127237,0.1666131615638733,0.18751195073127747,0.4205862283706665,0.46500930190086365,1.6825181245803833,1.7455947399139404,False
train,0.42654719948768616,0.004761904943734407,0.16791146993637085,0.18783843517303467,0.420900821685791,0.4636126160621643,1.7028329372406006,1.764816403388977,False
test,0.4269639551639557,0.0031746032182127237,0.16921907663345337,0.18816439807415009,0.4212167263031006,0.4621700346469879,1.7229396104812622,1.7838503122329712,False
train,0.4273807108402252,0.009523809887468815,0.17053571343421936,0.18848979473114014,0.42153269052505493,0.46068206429481506,1.7428110837936401,1.802669882774353,False
train,0.42779746651649475,0.0063492064364254475,0.17186127603054047,0.18881481885910034,0.42184868454933167,0.4591507315635681,1.7624160051345825,1.8212440013885498,False
train,0.4282142221927643,0.0071428571827709675,0.1731957048177719,0.18913888931274414,0.42216378450393677,0.45757371187210083,1.7817301750183105,1.839547872543335,False
train,0.4286309778690338,0.004761904943734407,0.1745389699935913,0.1894625723361969,0.4224776029586792,0.455951988697052,1.800719141960144,1.8575471639633179,False
test,0.42904770374298096,0.003968254197388887,0.17589060962200165,0.18978554010391235,0.42278897762298584,0.45428666472435,1.8193471431732178,1.875206708908081,False
train,0.4294644594192505,0.003968254197388887,0.17725089192390442,0.19010794162750244,0.4230976700782776,0.45257678627967834,1.8375842571258545,1.892496109008789,False
train,0.42988121509552,0.0063492064364254475,0.17861929535865784,0.19042958319187164,0.4234031140804291,0.45082172751426697,1.8553885221481323,1.90937340259552,False
train,0.43029797077178955,0.0023809524718672037,0.17999579012393951,0.19075065851211548,0.4237041771411896,0.4490243196487427,1.8727233409881592,1.9258025884628296,False
train,0.4307147264480591,0.004761904943734407,0.18138019740581512,0.19107085466384888,0.4240000545978546,0.44718217849731445,1.8895481824874878,1.9417425394058228,False
test,0.4311314821243286,0.02301587350666523,0.1827722191810608,0.19139039516448975,0.42429056763648987,0.44529587030410767,1.9058184623718262,1.9571490287780762,False
train,0.43154823780059814,0.07619047909975052,0.18417157232761383,0.19170932471752167,0.4245743155479431,0.4433680772781372,1.9214860200881958,1.9719746112823486,False
train,0.4319649934768677,0.04603174701333046,0.18557806313037872,0.19202731549739838,0.42485085129737854,0.44139689207077026,1.9365097284317017,1.9861774444580078,False
train,0.4323817491531372,0.01984127052128315,0.186991348862648,0.1923445463180542,0.42511919140815735,0.4393826425075531,1.9508305788040161,1.9996992349624634,False
train,0.43279850482940674,0.0071428571827709675,0.1884111613035202,0.19266097247600555,0.42537885904312134,0.43732690811157227,1.964403510093689,2.0124950408935547,False
test,0.43321526050567627,0.0071428571827709675,0.18983718752861023,0.19297662377357483,0.4256284832954407,0.43522965908050537,1.9771685600280762,2.0245048999786377,False
train,0.4336320161819458,0.0063492064364254475,0.19126908481121063,0.19329124689102173,0.4258674681186676,0.43309059739112854,1.9890705347061157,2.0356740951538086,False
train,0.43404877185821533,0.0055555556900799274,0.19270621240139008,0.19360512495040894,0.42609497904777527,0.43091094493865967,2.000042676925659,2.045936107635498,False
train,0.43446552753448486,0.0055555556900799274,0.19414885342121124,0.19391827285289764,0.4263099133968353,0.4286918640136719,2.0100321769714355,2.055238723754883,False
train,0.434882253408432,0.0055555556900799274,0.19559557735919952,0.19423003494739532,0.4265110492706299,0.42643269896507263,2.0189623832702637,2.063505172729492,False
test,0.43529900908470154,0.0055555556900799274,0.19704684615135193,0.19454120099544525,0.42669856548309326,0.4241352081298828,2.026770830154419,2.070673942565918,False
train,0.43571576476097107,0.0055555556900799274,0.19850175082683563,0.1948513686656952,0.4268707036972046,0.42179930210113525,2.0333821773529053,2.076669931411743,False
train,0.4361325204372406,0.0055555556900799274,0.1999596655368805,0.19516046345233917,0.42702630162239075,0.4194243550300598,2.038717031478882,2.081413984298706,False
train,0.43654927611351013,0.008730159141123295,0.20142030715942383,0.19546864926815033,0.42716485261917114,0.41701409220695496,2.0427019596099854,2.084833860397339,False
train,0.43696603178977966,0.0063492064364254475,0.20288291573524475,0.19577571749687195,0.427285373210907,0.4145675301551819,2.0452561378479004,2.0868489742279053,False
test,0.4373827874660492,0.011111111380159855,0.20434707403182983,0.19608178734779358,0.4273865520954132,0.41208624839782715,2.046294689178467,2.0873756408691406,False
train,0.4377995431423187,0.0071428571827709675,0.2058117836713791,0.1963866949081421,0.42746731638908386,0.4095706343650818,2.0457253456115723,2.08632230758667,False
train,0.43821629881858826,0.008730159141123295,0.20727676153182983,0.19669054448604584,0.4275270104408264,0.4070211350917816,2.0434606075286865,2.083601951599121,False
train,0.4386330544948578,0.009523809887468815,0.2087409496307373,0.19699342548847198,0.4275643229484558,0.404440701007843,2.039402484893799,2.0791187286376953,False
train,0.4390498101711273,0.011111111380159855,0.21020382642745972,0.19729508459568024,0.4275780916213989,0.4018291234970093,2.0334603786468506,2.072782516479492,False
test,0.43946656584739685,0.013492063619196415,0.21166424453258514,0.19759529829025269,0.4275674819946289,0.39918628334999084,2.025524139404297,2.0644848346710205,False
train,0.4398833215236664,0.010317460633814335,0.21312156319618225,0.19789469242095947,0.42753133177757263,0.39651697874069214,2.0154995918273926,2.054133415222168,False
train,0.4403000771999359,0.008730159141123295,0.2145751416683197,0.19819265604019165,0.4274687170982361,0.39382004737854004,2.0032808780670166,2.041624069213867,False
train,0.44071680307388306,0.009523809887468815,0.2160235196352005,0.1984894722700119,0.42737826704978943,0.3910973072052002,1.9887518882751465,2.0268425941467285,False
train,0.4411335587501526,0.013492063619196415,0.21746611595153809,0.19878508150577545,0.42725902795791626,0.3883501887321472,1.9718031883239746,2.0096824169158936,False
test,0.4415503144264221,0.012698412872850895,0.21890172362327576,0.1990792453289032,0.42710956931114197,0.3855805993080139,1.9523248672485352,1.9900363683700562,False
train,0.44196707010269165,0.02063492126762867,0.22032928466796875,0.19937224686145782,0.4269292652606964,0.3827904164791107,1.9301964044570923,1.967787265777588,False
train,0.4423838257789612,0.012698412872850895,0.22174768149852753,0.19966387748718262,0.4267166256904602,0.37998104095458984,1.905301809310913,1.942822813987732,False
train,0.4428005814552307,0.02142857201397419,0.22315563261508942,0.19995415210723877,0.4264708161354065,0.3771544098854065,1.877522587776184,1.9150291681289673,False
train,0.44321733713150024,0.015079365111887455,0.22455215454101562,0.2002430558204651,0.42619043588638306,0.37431201338768005,1.8467413187026978,1.884293794631958,False
test,0.4436340928077698,0.02619047649204731,0.22593580186367035,0.20053067803382874,0.4258747696876526,0.37145793437957764,1.812830924987793,1.8504964113235474,False
train,0.4440508484840393,0.02142857201397419,0.2273051142692566,0.20081683993339539,0.42552217841148376,0.36859238147735596,1.7756699323654175,1.8135225772857666,False
train,0.44446760416030884,0.02301587350666523,0.22865892946720123,0.2011016607284546,0.4251319468021393,0.3657184839248657,1.735147476196289,1.7732700109481812,False
train,0.44488435983657837,0.02063492126762867,0.22999581694602966,0.20138493180274963,0.424702525138855,0.36283814907073975,1.6911321878433228,1.7296183109283447,False
train,0.4453011155128479,0.04206349328160286,0.2313140481710434,0.20166681706905365,0.42423316836357117,0.3599535822868347,1.6435085535049438,1.682464599609375,False
test,0.44571787118911743,0.07460317760705948,0.23261241614818573,0.20194707810878754,0.4237225651741028,0.35706883668899536,1.592164397239685,1.6317124366760254,False
train,0.4461345970630646,0.08888889104127884,0.23388910293579102,0.20222611725330353,0.4231700301170349,0.35418614745140076,1.536987066268921,1.5772688388824463,False
train,0.4465513527393341,0.06587301939725876,0.23514261841773987,0.20250335335731506,0.4225738048553467,0.35130828619003296,1.4778639078140259,1.5190455913543701,False
train,0.44696810841560364,0.0515873022377491,0.2363715022802353,0.20277941226959229,0.421933114528656,0.3484383225440979,1.414690613746643,1.4569690227508545,False
train,0.44738486409187317,0.1746031790971756,0.2375735491514206,0.2030535638332367,0.4212469756603241,0.34557825326919556,1.347364068031311,1.390976071357727,False
test,0.4478016197681427,0.14920635521411896,0.23874738812446594,0.20332635939121246,0.4205142557621002,0.34273457527160645,1.2758060693740845,1.3210405111312866,False
train,0.44821837544441223,0.19206349551677704,0.23989105224609375,0.2035975605249405,0.41973379254341125,0.33990678191185,1.199918270111084,1.2471328973770142,False
train,0.44863513112068176,0.6634920835494995,0.24100279808044434,0.20386716723442078,0.41890469193458557,0.3371015787124634,1.119640588760376,1.1692872047424316,False
train,0.4490518867969513,0.8611111044883728,0.2420809268951416,0.20413534343242645,0.41802600026130676,0.3343212604522705,1.0348970890045166,1.0875581502914429,False
train,0.4494686424732208,0.5992063283920288,0.2431233674287796,0.20440161228179932,0.4170965254306793,0.33156919479370117,0.945649266242981,1.0020931959152222,False
test,0.44988539814949036,0.1944444477558136,0.24412813782691956,0.204666405916214,0.4161152243614197,0.3288503885269165,0.8518457412719727,0.9131175875663757,False
train,0.4503021538257599,0.22142857313156128,0.24509365856647491,0.20492979884147644,0.4150814414024353,0.3261703550815582,0.7534650564193726,0.8210338950157166,False
train,0.4507189095020294,0.5825396776199341,0.24601778388023376,0.2051914632320404,0.4139939546585083,0.32353025674819946,0.6505109071731567,0.7265233993530273,False
train,0.45113566517829895,0.7690476179122925,0.24689893424510956,0.20545145869255066,0.4128519892692566,0.3209357261657715,0.5429854393005371,0.6307399868965149,False
train,0.4515524208545685,0.48174601793289185,0.24773457646369934,0.20570988953113556,0.41165462136268616,0.3183914124965668,0.4309178590774536,0.5357828736305237,False
test,0.4519691467285156,0.6246031522750854,0.24852359294891357,0.2059667706489563,0.4104010760784149,0.31590259075164795,0.3143683671951294,0.4456701874732971,False
train,0.45238590240478516,0.4253968298435211,0.24926361441612244,0.206221804022789,0.4090906083583832,0.31347301602363586,0.1934034824371338,0.36833441257476807,False
train,0.4528026580810547,0.3301587402820587,0.24995315074920654,0.2064753919839859,0.407722145318985,0.31110841035842896,0.06810760498046875,0.31847620010375977,False
train,0.4532194137573242,0.2984127104282379,0.2505900263786316,0.20672713220119476,0.40629518032073975,0.30881115794181824,-0.06138479709625244,0.3148530125617981,False
train,0.45363616943359375,0.3206349313259125,0.2511729300022125,0.20697735249996185,0.4048088490962982,0.3065904676914215,-0.1949169635772705,0.3633047640323639,False
test,0.4540529251098633,0.2571428716182709,0.25170010328292847,0.2072262018918991,0.4032626152038574,0.30444902181625366,-0.3323327302932739,0.4507041871547699,False
train,0.4544696807861328,0.4722222089767456,0.2521698474884033,0.2074732780456543,0.40165603160858154,0.30239182710647583,-0.4734313488006592,0.561763346195221,False
train,0.45488643646240234,0.682539701461792,0.25258076190948486,0.20771878957748413,0.39998799562454224,0.30042603611946106,-0.617951512336731,0.6871097683906555,False
train,0.4553031921386719,0.6523809432983398,0.2529316842556,0.20796272158622742,0.3982580602169037,0.2985553443431854,-0.7656533718109131,0.8218031525611877,False
train,0.4557199478149414,0.7031745910644531,0.2532211244106293,0.20820525288581848,0.39646604657173157,0.29678502678871155,-0.9162293672561646,0.9630979299545288,False
test,0.45613670349121094,0.6650793552398682,0.25344789028167725,0.20844605565071106,0.39461132884025574,0.2951217293739319,-1.0693600177764893,1.1093366146087646,False
train,0.45655345916748047,0.7190476059913635,0.253611296415329,0.2086854875087738,0.39269334077835083,0.2935718894004822,-1.2246901988983154,1.2593849897384644,False
train,0.45697021484375,0.40317460894584656,0.25371018052101135,0.20892317593097687,0.3907119333744049,0.2921372950077057,-1.3818325996398926,1.412375807762146,False
train,0.45738694071769714,0.5206349492073059,0.25374406576156616,0.20915961265563965,0.38866692781448364,0.2908283472061157,-1.5403575897216797,1.5675722360610962,False
train,0.4578036963939667,0.39126983284950256,0.25371265411376953,0.209394633769989,0.3865577280521393,0.289648175239563,-1.6998337507247925,1.724334955215454,False
test,0.4582204520702362,0.4214285612106323,0.25361528992652893,0.20962807536125183,0.38438424468040466,0.28860342502593994,-1.8597941398620605,1.8820537328720093,False
train,0.45863720774650574,0.20317460596561432,0.2534521222114563,0.20986029505729675,0.38214635848999023,0.28769806027412415,-2.019735813140869,2.040123224258423,False
train,0.45905396342277527,0.05000000074505806,0.2532232999801636,0.21009109914302826,0.3798438310623169,0.28693917393684387,-2.1791343688964844,2.1979446411132812,False
train,0.4594707190990448,0.0071428571827709675,0.25292906165122986,0.2103205919265747,0.3774770498275757,0.2863308787345886,-2.337447166442871,2.354919195175171,False
train,0.45988747477531433,0.007936508394777775,0.25256985425949097,0.21054880321025848,0.37504568696022034,0.2858808636665344,-2.4941165447235107,2.5104472637176514,False
test,0.46030423045158386,0.011904762126505375,0.2521468997001648,0.2107757329940796,0.37254998087882996,0.2855944335460663,-2.648569107055664,2.6639223098754883,False
train,0.4607209861278534,0.004761904943734407,0.2516610622406006,0.21100158989429474,0.3699899911880493,0.2854740619659424,-2.8002214431762695,2.8147354125976562,False
train,0.4611377418041229,0.0063492064364254475,0.25111353397369385,0.21122626960277557,0.36736610531806946,0.2855270504951477,-2.9484915733337402,2.9622843265533447,False
train,0.46155449748039246,0.0055555556900799274,0.25050586462020874,0.2114497274160385,0.36467859148979187,0.285757452249527,-3.0927672386169434,3.105940580368042,False
train,0.461971253156662,0.0023809524718672037,0.2498399019241333,0.21167230606079102,0.3619275987148285,0.2861727774143219,-3.232473850250244,3.245116710662842,False
test,0.4623880088329315,0.0055555556900799274,0.2491176426410675,0.21189376711845398,0.35911399126052856,0.28677207231521606,-3.3670268058776855,3.3792169094085693,False
train,0.46280476450920105,0.013492063619196415,0.2483416497707367,0.21211430430412292,0.35623812675476074,0.2875647246837616,-3.495844841003418,3.5076522827148438,False
train,0.4632214903831482,0.007936508394777775,0.2475142776966095,0.21233396232128143,0.35330042243003845,0.2885515093803406,-3.618375778198242,3.6298630237579346,False
train,0.4636382460594177,0.004761904943734407,0.24663791060447693,0.21255259215831757,0.3503015339374542,0.28973814845085144,-3.734097480773926,3.74532151222229,False
train,0.46405500173568726,0.0396825410425663,0.24571603536605835,0.21277070045471191,0.3472422659397125,0.2911261320114136,-3.842498779296875,3.8535115718841553,False
test,0.4644717574119568,0.04603174701333046,0.24475160241127014,0.21298807859420776,0.3441232740879059,0.2927194833755493,-3.9430994987487793,3.9539496898651123,False
train,0.4648885130882263,0.14365079998970032,0.2437477856874466,0.21320460736751556,0.34094563126564026,0.2945204973220825,-4.035464286804199,4.046197414398193,False
train,0.46530526876449585,0.15317460894584656,0.2427082061767578,0.21342065930366516,0.3377101719379425,0.2965288460254669,-4.11919641494751,4.129855632781982,False
train,0.4657220244407654,0.07222222536802292,0.24163669347763062,0.21363632380962372,0.33441799879074097,0.29874831438064575,-4.193929672241211,4.204556465148926,False
train,0.4661387801170349,0.0007936508045531809,0.2405368685722351,0.2138511687517166,0.3310699760913849,0.3011769652366638,-4.259354591369629,4.269989490509033,False
test,0.46655553579330444,0.014285714365541935,0.2394130378961563,0.21406599879264832,0.3276672959327698,0.30381637811660767,-4.315210342407227,4.325892448425293,False
train,0.466972291469574,0.012698412872850895,0.23826870322227478,0.21428030729293823,0.324211448431015,0.30666476488113403,-4.361279487609863,4.3720479011535645,False
train,0.4673890471458435,0.0071428571827709675,0.23710855841636658,0.21449434757232666,0.3207036852836609,0.3097182512283325,-4.3974103927612305,4.408303737640381,False
train,0.46780580282211304,0.011111111380159855,0.23593631386756897,0.21470819413661957,0.3171449601650238,0.31297701597213745,-4.42349100112915,4.434549331665039,False
train,0.46822255849838257,0.0063492064364254475,0.23475618660449982,0.21492181718349457,0.3135373592376709,0.3164350688457489,-4.439470291137695,4.450733661651611,False
test,0.4686393141746521,0.0023809524718672037,0.23357269167900085,0.21513542532920837,0.30988195538520813,0.3200886845588684,-4.445352554321289,4.456861972808838,False
train,0.46905604004859924,0.0023809524718672037,0.2323898822069168,0.2153489589691162,0.3061804175376892,0.32393157482147217,-4.441186904907227,4.452984809875488,False
train,0.4694727957248688,0.0,0.23121199011802673,0.21556268632411957,0.30243444442749023,0.32795700430870056,-4.427077770233154,4.439208507537842,False
train,0.4698895514011383,0.0031746032182127237,0.23004283010959625,0.21577633917331696,0.2986457347869873,0.3321571350097656,-4.403169631958008,4.415680408477783,False
train,0.47030630707740784,0.0015873016091063619,0.22888688743114471,0.21599018573760986,0.2948160767555237,0.3365228772163391,-4.3696699142456055,4.382608890533447,False
test,0.47072306275367737,0.004761904943734407,0.22774773836135864,0.2162041813135147,0.2909470498561859,0.3410435616970062,-4.326807498931885,4.3402276039123535,False
train,0.4711398184299469,0.0,0.22662951052188873,0.21641843020915985,0.2870410084724426,0.34570953249931335,-4.274868011474609,4.288824081420898,False
train,0.47155657410621643,0.0015873016091063619,0.22553575038909912,0.21663300693035126,0.2830996513366699,0.3505094647407532,-4.214165687561035,4.228716850280762,False
train,0.47197332978248596,0.0023809524718672037,0.22446998953819275,0.2168479859828949,0.2791249454021454,0.35542815923690796,-4.145042419433594,4.160253047943115,False
train,0.4723900854587555,0.0,0.22343580424785614,0.21706312894821167,0.27511894702911377,0.36045148968696594,-4.067873954772949,4.083812236785889,False
test,0.472806841135025,0.0031746032182127237,0.22243638336658478,0.217278853058815,0.27108412981033325,0.3655668795108795,-3.9830594062805176,3.999800205230713,False
train,0.47322359681129456,0.02857142873108387,0.22147466242313385,0.21749486029148102,0.2670222520828247,0.3707578182220459,-3.8910036087036133,3.90862774848938,False
train,0.4736403524875641,0.0396825410425663,0.220553919672966,0.21771137416362762,0.2629355788230896,0.3760066032409668,-3.792142391204834,3.8107380867004395,False
train,0.4740571081638336,0.01666666753590107,0.21967653930187225,0.21792826056480408,0.2588265538215637,0.3812984526157379,-3.68691349029541,3.706578016281128,False
train,0.47447383403778076,0.04682539775967598,0.21884533762931824,0.21814556419849396,0.2546977996826172,0.3866145610809326,-3.5757784843444824,3.596618413925171,False
test,0.4748905897140503,0.12063492089509964,0.21806256473064423,0.2183634340763092,0.25055059790611267,0.39193764328956604,-3.459160804748535,3.4812941551208496,False
train,0.4753073453903198,0.11587301641702652,0.2173302173614502,0.21858161687850952,0.24638806283473969,0.3972492814064026,-3.337519884109497,3.3610782623291016,False
train,0.47572410106658936,0.03333333507180214,0.21665059030056,0.21880032122135162,0.2422124445438385,0.40253233909606934,-3.2112984657287598,3.2364284992218018,False
train,0.4761408567428589,0.15555556118488312,0.21602536737918854,0.21901936829090118,0.2380261868238449,0.4077660143375397,-3.0809383392333984,3.1078052520751953,False
train,0.4765576124191284,0.1349206417798996,0.21545620262622833,0.21923866868019104,0.23383142054080963,0.4129332900047302,-2.9468579292297363,2.9756486415863037,False
test,0.47697436809539795,0.04206349328160286,0.2149442583322525,0.21945855021476746,0.2296309620141983,0.41801753640174866,-2.809478282928467,2.8404061794281006,False
train,0.4773911237716675,0.0015873016091063619,0.2144913375377655,0.21967843174934387,0.22542713582515717,0.4229975938796997,-2.6691946983337402,2.7025039196014404,False
train,0.477807879447937,0.0015873016091063619,0.21409811079502106,0.2198987752199173,0.22122244536876678,0.4278585612773895,-2.5264012813568115,2.562375068664551,False
train,0.47822463512420654,0.03650793805718422,0.2137657254934311,0.22011931240558624,0.21701914072036743,0.4325813055038452,-2.3814566135406494,2.4204261302948,False
train,0.4786413908004761,0.0031746032182127237,0.21349503099918365,0.22033971548080444,0.21282000839710236,0.4371492266654968,-2.2347118854522705,2.2770676612854004,False
test,0.4790581464767456,0.0031746032182127237,0.21328653395175934,0.2205604612827301,0.20862729847431183,0.4415488839149475,-2.086493968963623,2.1327030658721924,False
train,0.47947490215301514,0.007936508394777775,0.21314090490341187,0.220781147480011,0.20444336533546448,0.4457617402076721,-1.9371283054351807,1.9877549409866333,False
train,0.47989165782928467,0.011111111380159855,0.21305863559246063,0.2210017889738083,0.20027108490467072,0.4497736692428589,-1.7868849039077759,1.8426214456558228,False
train,0.4803083837032318,0.0063492064364254475,0.21303965151309967,0.2212221324443817,0.19611290097236633,0.45357075333595276,-1.6360546350479126,1.6977635622024536,False
train,0.48072513937950134,0.01746031828224659,0.213084414601326,0.22144226729869843,0.1919703334569931,0.4571402072906494,-1.4848772287368774,1.5536530017852783,False
test,0.4811418950557709,0.004761904943734407,0.21319296956062317,0.22166210412979126,0.18784652650356293,0.46046948432922363,-1.3335678577423096,1.410827875137329,False
train,0.4815586507320404,0.010317460633814335,0.21336522698402405,0.22188153862953186,0.1837436407804489,0.4635477066040039,-1.182358741760254,1.2699798345565796,False
train,0.48197540640830994,0.009523809887468815,0.21360112726688385,0.2221003621816635,0.17966391146183014,0.46636295318603516,-1.0314269065856934,1.1319611072540283,False
train,0.48239216208457947,0.02857142873108387,0.213900625705719,0.2223186194896698,0.17560943961143494,0.4689079523086548,-0.8809571266174316,0.9979780316352844,False
train,0.482808917760849,0.02539682574570179,0.2142631709575653,0.22253593802452087,0.17158284783363342,0.4711707532405853,-0.7310903072357178,0.8697671294212341,False
test,0.48322567343711853,0.09444444626569748,0.21468888223171234,0.22275276482105255,0.16758613288402557,0.4731460213661194,-0.5819772481918335,0.7500430941581726,False
train,0.48364242911338806,0.11349206417798996,0.21517707407474518,0.2229684442281723,0.16362136602401733,0.47482407093048096,-0.43374502658843994,0.6431117057800293,False
train,0.4840591847896576,0.010317460633814335,0.21572749316692352,0.22318314015865326,0.1596904844045639,0.47620147466659546,-0.2864975929260254,0.5557416081428528,False
train,0.4844759404659271,0.013492063619196415,0.216339573264122,0.22339656949043274,0.15579576790332794,0.47727102041244507,-0.14031517505645752,0.49746957421302795,False
train,0.48489269614219666,0.02301587350666523,0.2170128971338272,0.2236088216304779,0.15193913877010345,0.4780276417732239,0.004706382751464844,0.4780507981777191,False
test,0.4853094518184662,0.0023809524718672037,0.21774683892726898,0.22381949424743652,0.14812229573726654,0.47846779227256775,0.14851224422454834,0.5009863376617432,False
train,0.4857262074947357,0.0007936508045531809,0.21854102611541748,0.22402885556221008,0.14434696733951569,0.4785889983177185,0.2910352945327759,0.5601329803466797,False
train,0.48614293336868286,0.0007936508045531809,0.21939495205879211,0.22423648834228516,0.14061547815799713,0.47838592529296875,0.4322272539138794,0.6447274684906006,False
train,0.4865596890449524,0.0055555556900799274,0.22030769288539886,0.22444234788417816,0.1369287073612213,0.47786033153533936,0.5720713138580322,0.745396614074707,False
train,0.4869764447212219,0.03888889029622078,0.2212790697813034,0.22464635968208313,0.13328874111175537,0.4770073890686035,0.7105376720428467,0.8558036088943481,False
test,0.48739320039749146,0.011111111380159855,0.2223081737756729,0.22484837472438812,0.12969696521759033,0.4758271872997284,0.8475981950759888,0.9720258116722107,False
train,0.487809956073761,0.03492063656449318,0.22339457273483276,0.2250484675168991,0.12615478038787842,0.4743206202983856,0.9832465648651123,1.0916748046875,False
train,0.4882267117500305,0.04682539775967598,0.22453759610652924,0.22524605691432953,0.12266343086957932,0.47248443961143494,1.1174888610839844,1.2132694721221924,False
train,0.48864346742630005,0.05714285746216774,0.2257366180419922,0.22544153034687042,0.11922451853752136,0.47032180428504944,1.2503196001052856,1.3358523845672607,False
train,0.4890602231025696,0.04285714402794838,0.22699101269245148,0.22563445568084717,0.11583896726369858,0.467831015586853,1.3817499876022339,1.4588004350662231,False
test,0.4894769787788391,0.01587301678955555,0.22830024361610413,0.22582492232322693,0.11250793933868408,0.4650164246559143,1.5117857456207275,1.5816878080368042,False
train,0.48989373445510864,0.011904762126505375,0.2296636700630188,0.22601260244846344,0.10923225432634354,0.4618750512599945,1.6404584646224976,1.7042396068572998,False
train,0.4903104901313782,0.02698412723839283,0.23108071088790894,0.22619763016700745,0.10601325333118439,0.45841169357299805,1.7677936553955078,1.8262627124786377,False
train,0.4907272458076477,0.05317460373044014,0.23255081474781036,0.22637973725795746,0.10285142809152603,0.4546259641647339,1.8938028812408447,1.9476072788238525,False
train,0.49114400148391724,0.04682539775967598,0.23407341539859772,0.22655880451202393,0.09974765032529831,0.45051950216293335,2.0185165405273438,2.0681819915771484,False
test,0.4915607273578644,0.09603174775838852,0.23564766347408295,0.22673489153385162,0.0967026948928833,0.44609713554382324,2.141963243484497,2.1879234313964844,False
train,0.4919774830341339,0.20555555820465088,0.23727354407310486,0.2269076704978943,0.09371688961982727,0.4413575530052185,2.2641873359680176,2.3068032264709473,False
train,0.49239423871040344,0.11746031790971756,0.23895026743412018,0.22707705199718475,0.09079068154096603,0.43630272150039673,2.3852267265319824,2.424802541732788,False
train,0.492810994386673,0.05793650820851326,0.24067723751068115,0.2272430956363678,0.08792471885681152,0.4309374690055847,2.505107879638672,2.541903257369995,False
train,0.4932277500629425,0.012698412872850895,0.24245396256446838,0.2274056226015091,0.08511923998594284,0.42526236176490784,2.623867988586426,2.658106803894043,False
test,0.49364450573921204,0.02301587350666523,0.24428008496761322,0.22756458818912506,0.08237451314926147,0.41928067803382874,2.741554021835327,2.773430109024048,False
train,0.49406126141548157,0.02142857201397419,0.24615521728992462,0.2277197688817978,0.07969050109386444,0.4129926562309265,2.85819673538208,2.8878800868988037,False
train,0.4944780170917511,0.01825396902859211,0.2480786293745041,0.2278711497783661,0.077067531645298,0.4064026176929474,2.973839044570923,3.0014798641204834,False
train,0.49489477276802063,0.02698412723839283,0.2500501573085785,0.22801847755908966,0.07450548559427261,0.39951083064079285,3.0885262489318848,3.114258050918579,False
train,0.49531152844429016,0.02460317499935627,0.2520691454410553,0.2281620055437088,0.07200439274311066,0.3923208713531494,3.202282190322876,3.226224899291992,False
test,0.4957282841205597,0.0436507947742939,0.25413525104522705,0.22830119729042053,0.0695638433098793,0.38483357429504395,3.3151659965515137,3.3374276161193848,False
train,0.4961450397968292,0.02777777798473835,0.2562483847141266,0.22843623161315918,0.06718393415212631,0.37705111503601074,3.427208423614502,3.4478869438171387,False
train,0.49656179547309875,0.05238095298409462,0.2584078013896942,0.2285669445991516,0.06486423313617706,0.3689780533313751,3.538445472717285,3.557631492614746,False
train,0.4969785511493683,0.03333333507180214,0.26061326265335083,0.2286934107542038,0.06260443478822708,0.3606107234954834,3.6489171981811523,3.6666929721832275,False
train,0.49739527702331543,0.05714285746216774,0.26286429166793823,0.22881510853767395,0.060404177755117416,0.3519555628299713,3.758652925491333,3.775095224380493,False
test,0.49781203269958496,0.07301587611436844,0.26516085863113403,0.22893233597278595,0.058262791484594345,0.3430112600326538,3.867709159851074,3.88288950920105,False
train,0.4982287883758545,0.13015873730182648,0.2675025761127472,0.22904489934444427,0.05617978423833847,0.33378100395202637,3.976105213165283,3.9900906085968018,False
train,0.498645544052124,0.3888888955116272,0.2698889970779419,0.2291525900363922,0.05415472388267517,0.32426249980926514,4.083887577056885,4.09674072265625,False
train,0.49906229972839355,0.5833333134651184,0.2723201513290405,0.22925546765327454,0.05218693986535072,0.3144616484642029,4.191086769104004,4.20286750793457,False
train,0.4994790554046631,0.6436507701873779,0.2747955024242401,0.22935329377651215,0.05027566850185394,0.30437666177749634,4.2977294921875,4.308494567871094,False
test,0.4998958110809326,0.7277777791023254,0.277314692735672,0.22944624722003937,0.048420172184705734,0.2940090000629425,4.403846740722656,4.413650035858154,False
train,0.5003125667572021,0.658730149269104,0.27987784147262573,0.22953374683856964,0.04661978781223297,0.28335854411125183,4.50947904586792,4.518373012542725,False
train,0.5007293224334717,0.43412697315216064,0.28248435258865356,0.22961626946926117,0.044873692095279694,0.272427499294281,4.614644527435303,4.622679233551025,False
train,0.5011460781097412,0.1825396865606308,0.28513431549072266,0.22969327867031097,0.04318099096417427,0.2612149715423584,4.7193756103515625,4.726599216461182,False
train,0.5015628337860107,0.17301587760448456,0.28782734274864197,0.229764923453331,0.04154074564576149,0.24972249567508698,4.823704242706299,4.830163955688477,False
test,0.5019795894622803,0.16825397312641144,0.2905633747577667,0.22983087599277496,0.03995218500494957,0.2379475235939026,4.927649021148682,4.9333906173706055,False
train,0.5023963451385498,0.17936508357524872,0.29334214329719543,0.22989124059677124,0.03841433674097061,0.22589117288589478,5.031235218048096,5.036303520202637,False
train,0.5028131008148193,0.21111111342906952,0.296163409948349,0.22994598746299744,0.03692620247602463,0.21355488896369934,5.134482383728027,5.138921737670898,False
train,0.5032298564910889,0.11428571492433548,0.29902711510658264,0.22999471426010132,0.03548675775527954,0.20093536376953125,5.237417221069336,5.241270542144775,False
train,0.5036466121673584,0.10079365223646164,0.3019329011440277,0.23003768920898438,0.034095119684934616,0.18803444504737854,5.340047836303711,5.343357563018799,False
test,0.5040633678436279,0.13650794327259064,0.3048810064792633,0.23007479310035706,0.03275026008486748,0.17485249042510986,5.442406177520752,5.44521427154541,False
train,0.5044801235198975,0.04047619178891182,0.30787089467048645,0.23010551929473877,0.0314510278403759,0.1613837629556656,5.544497489929199,5.54684591293335,False
train,0.504896879196167,0.02222222276031971,0.3109026849269867,0.23013024032115936,0.030196527019143105,0.14763143658638,5.646346092224121,5.648275852203369,False
train,0.5053136348724365,0.011111111380159855,0.3139761984348297,0.23014849424362183,0.028985656797885895,0.13359251618385315,5.747961521148682,5.749513626098633,False
train,0.5057303309440613,0.009523809887468815,0.31709060072898865,0.23016054928302765,0.02781749702990055,0.1192702054977417,5.8493332862854,5.850549221038818,False
test,0.5061470866203308,0.03650793805718422,0.32024699449539185,0.23016586899757385,0.026690714061260223,0.10465467721223831,5.950514793395996,5.951435089111328,False
train,0.5065638422966003,0.02460317499935627,0.32344478368759155,0.2301645427942276,0.025604339316487312,0.0897497907280922,6.051494121551514,6.052159786224365,False
train,0.5069805979728699,0.02063492126762867,0.3266834616661072,0.2301565557718277,0.024557417258620262,0.07455208152532578,6.1522698402404785,6.152721881866455,False
train,0.5073973536491394,0.3087301552295685,0.3299635946750641,0.2301417589187622,0.02354883775115013,0.05905952304601669,6.252866268157959,6.25314474105835,False
train,0.5078141093254089,0.3261904716491699,0.333284467458725,0.23012009263038635,0.022577565163373947,0.043272361159324646,6.353272438049316,6.353419780731201,False
test,0.5082308650016785,0.12777778506278992,0.3366464376449585,0.23009134829044342,0.021642489358782768,0.02718442678451538,6.453503608703613,6.453560829162598,False
train,0.508647620677948,0.05476190522313118,0.3400488495826721,0.23005546629428864,0.020742665976285934,0.01079772412776947,6.5535430908203125,6.553552150726318,False
train,0.5090643763542175,0.02460317499935627,0.3434917628765106,0.230012446641922,0.01987702026963234,-0.005893498659133911,6.65339469909668,6.653397560119629,False
train,0.5094811320304871,0.15714286267757416,0.3469755947589874,0.2299618273973465,0.01904454454779625,-0.022891297936439514,6.75307559967041,6.753114223480225,False
train,0.5098978877067566,0.17539682984352112,0.3504995107650757,0.22990389168262482,0.018244167789816856,-0.040199242532253265,6.852558612823486,6.8526763916015625,False
test,0.5103146433830261,0.02063492126762867,0.3540639281272888,0.22983837127685547,0.017474999651312828,-0.05781812220811844,6.951854228973389,6.952094554901123,False
train,0.5107313990592957,0.015079365111887455,0.3576686382293701,0.2297651469707489,0.016736004501581192,-0.0757518857717514,7.050953388214111,7.051360130310059,False
train,0.5111481547355652,0.0396825410425663,0.3613131046295166,0.22968411445617676,0.016026202589273453,-0.09400439262390137,7.149838447570801,7.150456428527832,False
train,0.5115649104118347,0.4444444477558136,0.3649977147579193,0.22959500551223755,0.015344642102718353,-0.11258000880479813,7.248505592346191,7.249379634857178,False
train,0.5119816660881042,0.22460317611694336,0.3687218427658081,0.22949804365634918,0.01469043642282486,-0.13148078322410583,7.346938610076904,7.348114967346191,False
test,0.5123984217643738,0.33095237612724304,0.37248581647872925,0.22939269244670868,0.014062619768083096,-0.15070927143096924,7.445137023925781,7.446662425994873,False
train,0.5128151774406433,0.09444444626569748,0.37628939747810364,0.22927910089492798,0.013460326939821243,-0.1702726036310196,7.543074607849121,7.54499626159668,False
train,0.5132319331169128,0.07380952686071396,0.38013219833374023,0.22915711998939514,0.012882612645626068,-0.1901715099811554,7.6407365798950195,7.643102645874023,False
train,0.5136486887931824,0.10634920746088028,0.3840140700340271,0.22902654111385345,0.012328706681728363,-0.21041128039360046,7.738103866577148,7.740963935852051,False
train,0.5140654444694519,0.0023809524718672037,0.3879352807998657,0.22888730466365814,0.011797714978456497,-0.23099756240844727,7.8351593017578125,7.838563919067383,False
test,0.5144822001457214,0.0023809524718672037,0.3918951451778412,0.22873903810977936,0.011288811452686787,-0.2519301772117615,7.931880950927734,7.935880661010742,False
train,0.514898955821991,0.05873015895485878,0.39589402079582214,0.2285819947719574,0.01080119889229536,-0.27321794629096985,8.028257369995117,8.032905578613281,False
train,0.5153157114982605,1.0,0.39993080496788025,0.22841575741767883,0.01033411268144846,-0.29486358165740967,8.124231338500977,8.1295804977417,False
train,0.51573246717453,0.6515873074531555,0.40400636196136475,0.22824043035507202,0.00988676492124796,-0.31687086820602417,8.219813346862793,8.225918769836426,False
train,0.5161492228507996,0.2023809552192688,0.4081198275089264,0.2280556708574295,0.009458433836698532,-0.3392457962036133,8.314953804016113,8.321871757507324,False
test,0.5165659785270691,0.009523809887468815,0.4122708737850189,0.2278611958026886,0.009048365987837315,-0.3619921803474426,8.409626960754395,8.417413711547852,False
train,0.5169827342033386,0.02777777798473835,0.4164598286151886,0.22765710949897766,0.008655908517539501,-0.38511601090431213,8.503807067871094,8.512523651123047,False
train,0.5173994302749634,0.0055555556900799274,0.4206855893135071,0.2274434119462967,0.008280407637357712,-0.4086175560951233,8.59744644165039,8.60715103149414,False
train,0.5178161859512329,0.18412698805332184,0.42494887113571167,0.22721947729587555,0.007921086624264717,-0.43250882625579834,8.690534591674805,8.701290130615234,False
train,0.5182329416275024,0.3682539761066437,0.4292488992214203,0.22698542475700378,0.007577359676361084,-0.45679211616516113,8.783013343811035,8.794883728027344,False
test,0.518649697303772,0.0055555556900799274,0.4335854649543762,0.2267412692308426,0.007248618174344301,-0.48147037625312805,8.874859809875488,8.887909889221191,False
train,0.5190664529800415,0.02698412723839283,0.43795815110206604,0.22648657858371735,0.006934271659702063,-0.5065494179725647,8.966029167175293,8.980326652526855,False
train,0.519483208656311,0.0063492064364254475,0.4423667788505554,0.22622135281562805,0.006633722689002752,-0.5320366024971008,9.056480407714844,9.072094917297363,False
train,0.5198999643325806,0.0007936508045531809,0.44681060314178467,0.22594524919986725,0.006346382666379213,-0.5579348206520081,9.146159172058105,9.163161277770996,False
train,0.5203167200088501,0.0,0.4512898325920105,0.22565826773643494,0.006071765441447496,-0.5842511057853699,9.235034942626953,9.253498077392578,False
test,0.5207334756851196,0.0007936508045531809,0.4558034837245941,0.22536017000675201,0.0058093140833079815,-0.610987663269043,9.323055267333984,9.34305477142334,False
train,0.5211502313613892,0.007936508394777775,0.4603515565395355,0.22505086660385132,0.005558522418141365,-0.6381505727767944,9.410171508789062,9.431784629821777,False
train,0.5215669870376587,0.0007936508045531809,0.46493351459503174,0.22473007440567017,0.0053188977763056755,-0.6657472848892212,9.49633502960205,9.51964282989502,False
train,0.5219837427139282,0.0007936508045531809,0.4695488214492798,0.22439759969711304,0.005089981481432915,-0.693780243396759,9.581498146057129,9.606582641601562,False
train,0.5224004983901978,0.011904762126505375,0.47419700026512146,0.2240535467863083,0.004871319513767958,-0.722255527973175,9.66559886932373,9.692546844482422,False
test,0.5228172540664673,0.0015873016091063619,0.4788776636123657,0.2236974537372589,0.004662468563765287,-0.7511769533157349,9.748589515686035,9.777487754821777,False
train,0.5232340097427368,0.0,0.48359012603759766,0.2233290672302246,0.004462993238121271,-0.7805504202842712,9.83041000366211,9.861350059509277,False
train,0.5236507654190063,0.0015873016091063619,0.4883342385292053,0.22294853627681732,0.004272518213838339,-0.8103792667388916,9.91100788116455,9.944083213806152,False
train,0.5240675210952759,0.0007936508045531809,0.49310871958732605,0.22255535423755646,0.004090634174644947,-0.8406735062599182,9.99030876159668,10.025617599487305,False
train,0.5244842767715454,0.004761904943734407,0.4979134798049927,0.22214965522289276,0.003916966263204813,-0.871428370475769,10.068268775939941,10.105910301208496,False
test,0.5249010324478149,0.008730159141123295,0.5027479529380798,0.22173088788986206,0.0037511540576815605,-0.9026565551757812,10.144813537597656,10.184892654418945,True
train,0.5253177881240845,0.02142857201397419,0.5076112151145935,0.2212992161512375,0.0035928613506257534,-0.9343570470809937,10.21988296508789,10.262506484985352,True
train,0.525734543800354,0.03015873022377491,0.5125025510787964,0.22085410356521606,0.0034417544957250357,-0.9665369987487793,10.29340934753418,10.338687896728516,True
train,0.5261512994766235,0.04285714402794838,0.5174216628074646,0.22039547562599182,0.0032975103240460157,-0.9991986751556396,10.36532974243164,10.413378715515137,True
train,0.5265680551528931,0.26428571343421936,0.5223673582077026,0.21992343664169312,0.003159814979881048,-1.032344102859497,10.435572624206543,10.48651123046875,True
test,0.5269848108291626,0.3182539641857147,0.5273389220237732,0.21943746507167816,0.0030283911619335413,-1.0659799575805664,10.504058837890625,10.558009147644043,True
train,0.5274015665054321,0.1587301641702652,0.5323359966278076,0.2189374566078186,0.0029029494617134333,-1.1001077890396118,10.570730209350586,10.62782096862793,True
train,0.5278183221817017,0.380952388048172,0.5373572111129761,0.2184230536222458,0.0027832237537950277,-1.1347310543060303,10.635502815246582,10.695865631103516,True
train,0.5282350778579712,0.6095238327980042,0.5424020290374756,0.2178942710161209,0.002668948145583272,-1.1698521375656128,10.69830322265625,10.76207447052002,True
train,0.528651773929596,0.5706349015235901,0.5474686622619629,0.21735088527202606,0.002559903310611844,-1.2054630517959595,10.759062767028809,10.826382637023926,True
test,0.5290685296058655,0.8849206566810608,0.5525581240653992,0.21679261326789856,0.002455813577398658,-1.241584062576294,10.817700386047363,10.888717651367188,True
train,0.529485285282135,0.8420634865760803,0.5576674342155457,0.21621929109096527,0.00235646846704185,-1.2782034873962402,10.874129295349121,10.948994636535645,True
train,0.5299020409584045,0.6007936596870422,0.5627975463867188,0.2156306356191635,0.0022616502828896046,-1.315330147743225,10.928293228149414,11.00716495513916,True
train,0.5303187966346741,0.21587301790714264,0.5679457187652588,0.21502666175365448,0.0021711583249270916,-1.3529564142227173,10.980086326599121,11.063127517700195,True
train,0.5307355523109436,0.25555557012557983,0.5731114149093628,0.21440692245960236,0.0020847877021878958,-1.3910857439041138,11.029436111450195,11.116815567016602,True
test,0.5311523079872131,0.3896825313568115,0.5782942771911621,0.21377110481262207,0.002002354944124818,-1.4297198057174683,11.076271057128906,11.168163299560547,True
train,0.5315690636634827,0.3619047701358795,0.5834919810295105,0.21311956644058228,0.0019236732041463256,-1.4688533544540405,11.1204833984375,11.217071533203125,True
train,0.5319858193397522,0.2944444417953491,0.5887043476104736,0.21245142817497253,0.0018485735636204481,-1.5084856748580933,11.162018775939941,11.26348876953125,True
train,0.5324025750160217,0.1785714328289032,0.5939295887947083,0.2117670476436615,0.0017768889665603638,-1.5486154556274414,11.200769424438477,11.307318687438965,True
train,0.5328193306922913,0.0912698432803154,0.5991668701171875,0.21106576919555664,0.0017084651626646519,-1.5892401933670044,11.236660957336426,11.348490715026855,True
test,0.5332360863685608,0.17777778208255768,0.6044147610664368,0.21034759283065796,0.0016431439435109496,-1.630353331565857,11.269612312316895,11.386931419372559,True
train,0.5336528420448303,0.2579365074634552,0.6096716523170471,0.20961253345012665,0.0015807909658178687,-1.671951174736023,11.299521446228027,11.422548294067383,True
train,0.5340695977210999,0.4039682447910309,0.614936351776123,0.20886018872261047,0.0015212632715702057,-1.7140295505523682,11.326305389404297,11.4552640914917,True
train,0.5344863533973694,0.1547619104385376,0.6202077865600586,0.2080903947353363,0.0014644318725913763,-1.7565819025039673,11.349889755249023,11.485015869140625,True
train,0.5349031090736389,0.06190476194024086,0.625484824180603,0.20730265974998474,0.0014101681299507618,-1.7996013164520264,11.370183944702148,11.511717796325684,True
test,0.5353198647499084,0.12619048357009888,0.6307649612426758,0.20649726688861847,0.00135835784021765,-1.84307861328125,11.387093544006348,11.535286903381348,True
train,0.535736620426178,0.1388888955116272,0.6360474824905396,0.20567376911640167,0.0013088874984532595,-1.8870035409927368,11.400542259216309,11.555654525756836,True
train,0.5361533761024475,0.03412698581814766,0.6413304209709167,0.20483212172985077,0.001261645695194602,-1.9313699007034302,11.410431861877441,11.572732925415039,True
train,0.536570131778717,0.02222222276031971,0.6466130018234253,0.2039722055196762,0.0012165299849584699,-1.9761651754379272,11.416694641113281,11.586463928222656,True
train,0.5369868874549866,0.0015873016091063619,0.6518927216529846,0.20309333503246307,0.0011734437430277467,-2.0213773250579834,11.419219017028809,11.596746444702148,True
test,0.5374036431312561,0.003968254197388887,0.657168447971344,0.2021961510181427,0.001132290344685316,-2.06699275970459,11.417950630187988,11.603536605834961,True
train,0.5378203988075256,0.01825396902859211,0.6624380350112915,0.20127980411052704,0.0010929827112704515,-2.1129980087280273,11.41278076171875,11.60673713684082,True
train,0.5382371544837952,0.8357142806053162,0.6677004098892212,0.20034436881542206,0.001055434113368392,-2.159377336502075,11.403640747070312,11.60628890991211,True
train,0.5386539101600647,0.9396825432777405,0.672953724861145,0.1993899643421173,0.001019564107991755,-2.206113576889038,11.390456199645996,11.602130889892578,True
train,0.5390706658363342,0.46587300300598145,0.6781959533691406,0.19841626286506653,0.000985296443104744,-2.2531917095184326,11.373128890991211,11.59417724609375,True
test,0.5394874215126038,0.02460317499935627,0.6834253668785095,0.19742292165756226,0.0009525554487481713,-2.3005902767181396,11.35158634185791,11.582366943359375,True
train,0.5399041175842285,0.09047619253396988,0.688639223575592,0.19641026854515076,0.0009212751174345613,-2.348280906677246,11.325765609741211,11.566649436950684,True
train,0.540320873260498,0.44603174924850464,0.6938374042510986,0.1953776776790619,0.0008913833880797029,-2.396257162094116,11.295581817626953,11.546957015991211,True
train,0.5407376289367676,0.7865079641342163,0.6990177631378174,0.19432520866394043,0.0008628179202787578,-2.444491147994995,11.260953903198242,11.523221015930176,True
train,0.5411543846130371,0.711904764175415,0.7041770219802856,0.19325296580791473,0.0008355203899554908,-2.492954730987549,11.221820831298828,11.495394706726074,True
test,0.5415711402893066,0.6166666746139526,0.7093142867088318,0.19216057658195496,0.000809430901426822,-2.541623115539551,11.178107261657715,11.463417053222656,True
train,0.5419878959655762,0.1071428582072258,0.7144270539283752,0.19104841351509094,0.0007844959618523717,-2.5904715061187744,11.129754066467285,11.427247047424316,True
train,0.5424046516418457,0.32301586866378784,0.7195141315460205,0.18991585075855255,0.000760663824621588,-2.6394662857055664,11.076713562011719,11.386850357055664,True
train,0.5428214073181152,0.8682539463043213,0.7245725393295288,0.18876320123672485,0.0007378831505775452,-2.6885814666748047,11.018888473510742,11.342150688171387,True
train,0.5432381629943848,0.938095211982727,0.7296003103256226,0.1875903159379959,0.0007161072571761906,-2.737785816192627,10.956245422363281,11.293129920959473,True
test,0.5436549186706543,0.9595237970352173,0.7345959544181824,0.1863972395658493,0.0006952925468795002,-2.787043571472168,10.888725280761719,11.23974895477295,True
train,0.5440716743469238,0.9730158448219299,0.7395572066307068,0.1851838082075119,0.0006753955385647714,-2.8363213539123535,10.81628704071045,11.181984901428223,True
train,0.5444884300231934,0.9785714149475098,0.7444816827774048,0.18395018577575684,0.0006563749047927558,-2.8855841159820557,10.73886489868164,11.119793891906738,True
train,0.5449051856994629,0.9634920358657837,0.7493674755096436,0.1826964020729065,0.0006381921120919287,-2.93479061126709,10.656438827514648,11.05317497253418,True
train,0.5453219413757324,0.9674603343009949,0.7542121410369873,0.18142233788967133,0.0006208104896359146,-2.983907699584961,10.568942070007324,10.982087135314941,True
test,0.545738697052002,0.973809540271759,0.7590137124061584,0.1801280528306961,0.000604194647166878,-3.0328900814056396,10.476362228393555,10.906538963317871,True
train,0.5461554527282715,0.9642857313156128,0.7637699842453003,0.1788138747215271,0.0005883121630176902,-3.081698417663574,10.378657341003418,10.826513290405273,True
train,0.546572208404541,0.9579365253448486,0.7684786915779114,0.17747950553894043,0.0005731300916522741,-3.1302881240844727,10.275800704956055,10.742010116577148,True
train,0.5469889640808105,0.9658730030059814,0.773137629032135,0.17612546682357788,0.0005586196784861386,-3.178619861602783,10.167768478393555,10.653034210205078,True
train,0.5474057197570801,0.9698412418365479,0.7777448892593384,0.17475159466266632,0.0005447512958198786,-3.2266428470611572,10.054544448852539,10.55959701538086,True
test,0.5478224754333496,0.9904761910438538,0.7822977304458618,0.17335794866085052,0.0005314981681294739,-3.274308681488037,9.936119079589844,10.461718559265137,True
train,0.5482392311096191,0.9833333492279053,0.786794126033783,0.17194503545761108,0.0005188339273445308,-3.321573495864868,9.812474250793457,10.359416007995605,True
train,0.5486559867858887,0.9690476059913635,0.7912319302558899,0.17051281034946442,0.0005067345919087529,-3.3683879375457764,9.683612823486328,10.252726554870605,True
train,0.5490727424621582,0.9690476059913635,0.7956094741821289,0.16906149685382843,0.0004951760056428611,-3.414705276489258,9.54952621459961,10.141679763793945,True
train,0.5494894981384277,0.970634937286377,0.799923300743103,0.16759130358695984,0.0004841371555812657,-3.460467576980591,9.410218238830566,10.026317596435547,False
test,0.5499062538146973,0.9817460179328918,0.8041719198226929,0.16610249876976013,0.0004735953116323799,-3.5056264400482178,9.265707969665527,9.906702995300293,False
train,0.5503230094909668,0.9857142567634583,0.8083531260490417,0.16459527611732483,0.000463532138383016,-3.5501294136047363,9.116012573242188,9.78289794921875,False
train,0.5507397651672363,0.9865079522132874,0.8124648928642273,0.16307035088539124,0.00045392767060548067,-3.5939297676086426,8.961148262023926,9.654973030090332,False
train,0.5511564612388611,0.9801587462425232,0.8165040612220764,0.16152749955654144,0.00044476549373939633,-3.6369576454162598,8.801152229309082,9.523011207580566,False
train,0.5515732169151306,0.970634937286377,0.8204697370529175,0.159967303276062,0.00043602511868812144,-3.6791787147521973,8.636014938354492,9.38707160949707,False
test,0.5519899725914001,0.9714285731315613,0.8243593573570251,0.15838992595672607,0.00042769251740537584,-3.7205302715301514,8.46579647064209,9.247272491455078,False
train,0.5524067282676697,0.9714285731315613,0.8281705975532532,0.15679599344730377,0.00041975200292654335,-3.7609596252441406,8.290533065795898,9.10372257232666,False
train,0.5528234839439392,0.9801587462425232,0.831900954246521,0.15518562495708466,0.0004121882957406342,-3.8004119396209717,8.110251426696777,8.956522941589355,False
train,0.5532402396202087,0.9658730030059814,0.835548996925354,0.15355947613716125,0.00040498864836990833,-3.8388335704803467,7.925014972686768,8.805822372436523,False
train,0.5536569952964783,0.9785714149475098,0.8391119837760925,0.15191790461540222,0.00039813900366425514,-3.8761696815490723,7.734872341156006,8.651759147644043,False
test,0.5540737509727478,0.9690476059913635,0.8425883650779724,0.15026141703128815,0.0003916276909876615,-3.912374496459961,7.539864540100098,8.494482040405273,False
train,0.5544905066490173,0.9730158448219299,0.8459762930870056,0.14859053492546082,0.0003854421665892005,-3.9473893642425537,7.340061187744141,8.334169387817383,False
train,0.5549072623252869,0.9666666388511658,0.8492729663848877,0.14690560102462769,0.00037957183667458594,-3.9811646938323975,7.135529518127441,8.171012878417969,False
train,0.5553240180015564,0.9634920358657837,0.852476954460144,0.14520731568336487,0.00037400616565719247,-4.013650894165039,6.926320552825928,8.005205154418945,False
train,0.5557407736778259,0.9785714149475098,0.8555864095687866,0.14349621534347534,0.0003687351127155125,-4.0447998046875,6.712508678436279,7.83697509765625,False
test,0.5561575293540955,0.9777777791023254,0.8585988283157349,0.14177268743515015,0.00036374913179315627,-4.074558734893799,6.494166851043701,7.666565895080566,False
train,0.556574285030365,0.9849206209182739,0.8615127205848694,0.1400374472141266,0.00035903966636396945,-4.102891445159912,6.27133321762085,7.49422025680542,False
train,0.5569910407066345,0.9753968119621277,0.8643268346786499,0.13829120993614197,0.0003545983927324414,-4.129746913909912,6.044132232666016,7.320269584655762,False
train,0.557407796382904,0.9801587462425232,0.8670382499694824,0.13653439283370972,0.00035041780211031437,-4.155081748962402,5.812604904174805,7.145003795623779,False
train,0.5578245520591736,0.970634937286377,0.8696455359458923,0.1347678005695343,0.00034648992004804313,-4.178860187530518,5.57683801651001,6.96878719329834,False
test,0.5582413077354431,0.9817460179328918,0.8721466660499573,0.13299205899238586,0.00034280805266462266,-4.201043605804443,5.336899757385254,6.791999816894531,False
train,0.5586580634117126,0.9801587462425232,0.8745404481887817,0.13120785355567932,0.00033936614636331797,-4.221590518951416,5.092880725860596,6.615078449249268,False
train,0.5590748190879822,0.9833333492279053,0.8768253326416016,0.12941578030586243,0.0003361581184435636,-4.24047327041626,4.844851970672607,6.438493728637695,False
train,0.5594915747642517,0.9571428298950195,0.8789997100830078,0.1276167333126068,0.0003331780026201159,-4.2576584815979,4.592898368835449,6.2627763748168945,False
train,0.5599083304405212,0.9642857313156128,0.8810611367225647,0.1258111447095871,0.00033042076393030584,-4.273123264312744,4.337054252624512,6.088482856750488,False
test,0.5603250861167908,0.9603174328804016,0.8830086588859558,0.12399996817111969,0.0003278817457612604,-4.286834239959717,4.07744026184082,5.916287899017334,False
train,0.5607418417930603,0.4126984179019928,0.8848404884338379,0.12218382954597473,0.0003255564661230892,-4.298772811889648,3.8140993118286133,5.746894836425781,False
train,0.5611585974693298,0.3698412775993347,0.8865549564361572,0.1203635036945343,0.000323440704960376,-4.308920383453369,3.5471134185791016,5.581111907958984,False
train,0.5615753531455994,0.908730149269104,0.8881509304046631,0.11853966116905212,0.0003215311444364488,-4.317259788513184,3.2765443325042725,5.419822692871094,False
train,0.5619921088218689,0.9920634627342224,0.889626681804657,0.11671317368745804,0.0003198237100150436,-4.323777675628662,3.0024545192718506,5.264008522033691,False
test,0.5624088644981384,0.9722222089767456,0.8909811973571777,0.11488490551710129,0.0003183161898050457,-4.328468322753906,2.724909782409668,5.114759922027588,False
train,0.5628255605697632,0.9753968119621277,0.8922125697135925,0.11305561661720276,0.00031700555700808764,-4.331319332122803,2.44398832321167,4.973268985748291,False
train,0.5632423162460327,0.9825396537780762,0.893319845199585,0.11122557520866394,0.00031588913407176733,-4.332324981689453,2.1596851348876953,4.840793132781982,False
train,0.5636590719223022,0.9817460179328918,0.8943015336990356,0.10939621925354004,0.00031496488372795284,-4.331502437591553,1.872075080871582,4.718747615814209,False
train,0.5640758275985718,0.9849206209182739,0.8951560258865356,0.1075679138302803,0.00031423140899278224,-4.328835487365723,1.5812084674835205,4.608582973480225,False
test,0.5644925832748413,0.9722222089767456,0.8958824276924133,0.10574135184288025,0.00031368687632493675,-4.324335098266602,1.2871134281158447,4.511821746826172,False
train,0.5649093389511108,0.9873015880584717,0.8964789509773254,0.10391763597726822,0.0003133305290248245,-4.318015098571777,0.9898275136947632,4.4300127029418945,False
train,0.5653260946273804,0.9825396537780762,0.8969445824623108,0.1020972952246666,0.0003131608827970922,-4.309887886047363,0.689384400844574,4.3646745681762695,False
train,0.5657428503036499,0.9896825551986694,0.897278368473053,0.1002810150384903,0.0003131779085379094,-4.299961090087891,0.3857804536819458,4.317232131958008,False
train,0.5661596059799194,0.9920634627342224,0.8974786996841431,0.09846983104944229,0.00031338134431280196,-4.288261890411377,0.07908371090888977,4.2889909744262695,False
test,0.566576361656189,0.9888888597488403,0.8975440859794617,0.09666410833597183,0.00031377060804516077,-4.274801731109619,-0.23073789477348328,4.28102445602417,False
train,0.5669931173324585,0.9888888597488403,0.8974738717079163,0.09486491978168488,0.0003143465146422386,-4.259615421295166,-0.5436584949493408,4.294168949127197,False
train,0.567409873008728,0.9833333492279053,0.8972667455673218,0.09307269752025604,0.00031510935514234006,-4.242717742919922,-0.8596653342247009,4.328935146331787,False
train,0.5678266286849976,0.9888888597488403,0.8969205617904663,0.09128835052251816,0.0003160602645948529,-4.224145412445068,-1.1787734031677246,4.385534286499023,False
train,0.5682433843612671,0.9801587462425232,0.8964358568191528,0.08951245248317719,0.00031720029073767364,-4.203920364379883,-1.5009459257125854,4.463830947875977,False
test,0.5686601400375366,0.9849206209182739,0.8958097100257874,0.08774569630622864,0.000318530248478055,-4.18208122253418,-1.8262405395507812,4.563436985015869,False
train,0.5690768957138062,0.9682539701461792,0.8950416445732117,0.08598887175321579,0.000320052815368399,-4.158664703369141,-2.154630661010742,4.683687210083008,False
train,0.5694936513900757,0.9698412418365479,0.8941301703453064,0.08424245566129684,0.00032176944660022855,-4.133697032928467,-2.486121892929077,4.8237175941467285,False
train,0.5699104070663452,0.9865079522132874,0.8930745124816895,0.0825071856379509,0.0003236825577914715,-4.1072211265563965,-2.820720672607422,4.982542514801025,False
train,0.5703271627426147,0.9841269850730896,0.8918731212615967,0.08078357577323914,0.00032579494290985167,-4.07927131652832,-3.158463954925537,5.1591033935546875,False
test,0.5707439184188843,0.9793650507926941,0.8905248641967773,0.07907240092754364,0.00032810907578095794,-4.049892902374268,-3.49932599067688,5.352281093597412,False
train,0.5711606740951538,0.9801587462425232,0.8890283107757568,0.07737409323453903,0.00033062847796827555,-4.019120693206787,-3.843320369720459,5.560975074768066,False
train,0.5715774297714233,0.9666666388511658,0.8873827457427979,0.07568929344415665,0.00033335722400806844,-3.9869964122772217,-4.19043493270874,5.784106254577637,False
train,0.5719941854476929,0.9865079522132874,0.8855866193771362,0.07401853799819946,0.0003362976131029427,-3.9535601139068604,-4.540663719177246,6.020653247833252,False
train,0.5724109411239624,0.9746031761169434,0.8836380243301392,0.07236223667860031,0.00033945549512282014,-3.9188480377197266,-4.893991947174072,6.269650936126709,False
test,0.5728276968002319,0.9865079522132874,0.8815373778343201,0.07072120159864426,0.00034283421700820327,-3.8829152584075928,-5.250395774841309,6.530213356018066,False
train,0.5732444524765015,0.9674603343009949,0.8792821168899536,0.06909562647342682,0.0003464390756562352,-3.84578537940979,-5.609830856323242,6.80148983001709,False
train,0.573661208152771,0.9785714149475098,0.876871645450592,0.06748615950345993,0.00035027548437938094,-3.807511329650879,-5.972240924835205,7.082711696624756,False
train,0.5740779042243958,0.9809523820877075,0.8743048906326294,0.06589343398809433,0.00035434760502539575,-3.768134355545044,-6.337526321411133,7.37313175201416,False
train,0.5744946599006653,0.9730158448219299,0.8715804815292358,0.06431747227907181,0.00035866364487446845,-3.7276835441589355,-6.705721855163574,7.672178745269775,False
test,0.5749114155769348,0.9777777791023254,0.8686975836753845,0.06275904923677444,0.00036322855157777667,-3.6862082481384277,-7.076623916625977,7.9791436195373535,False
train,0.5753281712532043,0.9904761910438538,0.8656553030014038,0.061218347400426865,0.00036804910632781684,-3.643740653991699,-7.450169086456299,8.29348373413086,False
train,0.5757449269294739,0.9865079522132874,0.8624519109725952,0.05969587713479996,0.0003731324104592204,-3.600320339202881,-7.826201438903809,8.614623069763184,False
train,0.5761616826057434,0.973809540271759,0.8590875267982483,0.058192066848278046,0.00037848579813726246,-3.5559892654418945,-8.204550743103027,8.94201946258545,False
train,0.5765784382820129,0.976190447807312,0.8555607199668884,0.05670733004808426,0.00038411738933064044,-3.5107829570770264,-8.585021018981934,9.275137901306152,False
test,0.5769951939582825,0.9785714149475098,0.8518705368041992,0.05524180084466934,0.00039003571146167815,-3.464728593826294,-8.967409133911133,9.613468170166016,False
train,0.577411949634552,0.9746031761169434,0.8480167984962463,0.05379605293273926,0.00039624920464120805,-3.4178738594055176,-9.351446151733398,9.956475257873535,False
train,0.5778287053108215,0.9912698268890381,0.8439987301826477,0.052370209246873856,0.0004027674440294504,-3.3702428340911865,-9.736891746520996,10.303668975830078,True
train,0.5782454609870911,0.9801587462425232,0.8398163914680481,0.050964731723070145,0.0004096002085134387,-3.3218727111816406,-10.12338924407959,10.654475212097168,True
train,0.5786622166633606,0.9849206209182739,0.8354690074920654,0.04957987740635872,0.0004167566657997668,-3.272801399230957,-10.51063060760498,11.008386611938477,True
test,0.5790789723396301,0.9753968119621277,0.8309566974639893,0.048215966671705246,0.00042424918501637876,-3.2230589389801025,-10.898202896118164,11.364810943603516,True
train,0.5794957280158997,0.9849206209182739,0.8262796401977539,0.04687314108014107,0.0004320880980230868,-3.1726722717285156,-11.285703659057617,11.723179817199707,True
train,0.5799124836921692,0.9777777791023254,0.8214374780654907,0.04555181786417961,0.00044028586125932634,-3.1216840744018555,-11.672685623168945,12.082901000976562,True
train,0.5803292393684387,0.9746031761169434,0.8164314031600952,0.04425209388136864,0.00044885394163429737,-3.0701167583465576,-12.058647155761719,12.443334579467773,True
train,0.5807459950447083,0.973809540271759,0.8112617135047913,0.04297427460551262,0.00045780601794831455,-3.0180087089538574,-12.443081855773926,12.803853988647461,True
test,0.5811627507209778,0.9714285731315613,0.8059293031692505,0.041718579828739166,0.000467156118247658,-2.9653921127319336,-12.825407028198242,13.163761138916016,True
train,0.5815795063972473,0.9698412418365479,0.8004350662231445,0.040485139936208725,0.0004769176593981683,-2.912296772003174,-13.205036163330078,13.522369384765625,True
train,0.5819962620735168,0.9730158448219299,0.7947805523872375,0.0392741784453392,0.0004871059791184962,-2.8587582111358643,-13.581335067749023,13.878947257995605,True
train,0.5824130177497864,0.988095223903656,0.7889677286148071,0.03808595612645149,0.0004977363278158009,-2.8048131465911865,-13.953596115112305,14.232702255249023,True
train,0.5828297734260559,0.9793650507926941,0.7829983830451965,0.03692050278186798,0.0005088251200504601,-2.7504918575286865,-14.321154594421387,14.582889556884766,True
test,0.5832465291023254,0.9730158448219299,0.7768741250038147,0.035778019577264786,0.0005203899927437305,-2.6958346366882324,-14.683282852172852,14.92870807647705,True
train,0.583663284778595,0.9769841432571411,0.7705984711647034,0.03465865179896355,0.0005324481171555817,-2.640878200531006,-15.039200782775879,15.269309043884277,True
train,0.5840800404548645,0.9785714149475098,0.7641735672950745,0.033562466502189636,0.0005450178286992013,-2.5856590270996094,-15.388124465942383,15.603845596313477,True
train,0.584496796131134,0.976190447807312,0.7576029896736145,0.032489582896232605,0.0005581198493018746,-2.5302183628082275,-15.729272842407227,15.931479454040527,True
train,0.5849135518074036,0.9785714149475098,0.7508905529975891,0.03144009783864021,0.0005717732128687203,-2.4745988845825195,-16.061811447143555,16.251319885253906,True
test,0.5853302478790283,0.9746031761169434,0.7440397143363953,0.03041417896747589,0.000585996313020587,-2.4188485145568848,-16.384851455688477,16.56243324279785,True
train,0.5857470035552979,0.9801587462425232,0.7370544075965881,0.029411612078547478,0.0006008170312270522,-2.3629977703094482,-16.697662353515625,16.86403465270996,True
train,0.5861637592315674,0.973809540271759,0.7299392819404602,0.028432529419660568,0.0006162544596008956,-2.3070971965789795,-16.99935531616211,17.155197143554688,True
train,0.5865805149078369,0.9698412418365479,0.7226995825767517,0.027476998046040535,0.0006323349662125111,-2.251199722290039,-17.28909683227539,17.43504524230957,True
train,0.5869972705841064,0.9730158448219299,0.7153404355049133,0.02654491923749447,0.0006490805535577238,-2.195348024368286,-17.56606674194336,17.70271873474121,True
test,0.587414026260376,0.9714285731315613,0.7078676223754883,0.025636382400989532,0.0006665178225375712,-2.139598846435547,-17.829410552978516,17.95733070373535,True
train,0.5878307819366455,0.9555555582046509,0.7002866864204407,0.024751121178269386,0.000684675294905901,-2.0839903354644775,-18.07839584350586,18.198116302490234,True
train,0.588247537612915,0.932539701461792,0.692604124546051,0.023889319971203804,0.0007035808521322906,-2.0285918712615967,-18.31223487854004,18.424253463745117,True
train,0.5886642932891846,0.9285714030265808,0.6848264336585999,0.023050634190440178,0.0007232617936097085,-1.9734385013580322,-18.530202865600586,18.634990692138672,True
train,0.5890810489654541,0.8007936477661133,0.6769608855247498,0.022235140204429626,0.0007437504827976227,-1.9185984134674072,-18.731603622436523,18.829605102539062,True
test,0.5894978046417236,0.7404761910438538,0.6690143346786499,0.021442603319883347,0.0007650767802260816,-1.8641200065612793,-18.91581916809082,19.007450103759766,True
train,0.5899145603179932,0.7126984000205994,0.6609938144683838,0.020672790706157684,0.0007872761925682425,-1.8100500106811523,-19.08224868774414,19.16790199279785,True
train,0.5903313159942627,0.18174603581428528,0.6529073119163513,0.019925668835639954,0.0008103789878077805,-1.7564572095870972,-19.23039436340332,19.310443878173828,True
train,0.5907480716705322,0.13809524476528168,0.6447629332542419,0.019200902432203293,0.0008344227098859847,-1.7033828496932983,-19.359783172607422,19.4345760345459,True
train,0.5911648273468018,0.16031746566295624,0.6365676522254944,0.018498333171010017,0.0008594457758590579,-1.6508867740631104,-19.469995498657227,19.539859771728516,True
test,0.5915815830230713,0.05476190522313118,0.6283308267593384,0.017817644402384758,0.0008854847401380539,-1.5990153551101685,-19.56075668334961,19.626005172729492,True
train,0.5919983386993408,0.0793650820851326,0.6200599074363708,0.017158575356006622,0.0009125774959102273,-1.5478209257125854,-19.631820678710938,19.6927433013916,True
train,0.5924150943756104,0.04047619178891182,0.6117638349533081,0.01652083732187748,0.0009407696197740734,-1.4973528385162354,-19.683000564575195,19.739871978759766,True
train,0.5928318500518799,0.06904762238264084,0.6034504771232605,0.01590419001877308,0.0009700985392555594,-1.4476654529571533,-19.714229583740234,19.767311096191406,True
train,0.5932486057281494,0.10952381044626236,0.5951281189918518,0.015308172442018986,0.001000613090582192,-1.3987927436828613,-19.72553253173828,19.775066375732422,True
test,0.593665361404419,0.12936508655548096,0.5868054032325745,0.014732489362359047,0.0010323546594008803,-1.3507823944091797,-19.717004776000977,19.763221740722656,True
train,0.5940821170806885,0.15000000596046448,0.5784907937049866,0.014176743105053902,0.001065372722223401,-1.303672194480896,-19.688810348510742,19.731924057006836,True
train,0.594498872756958,0.15158730745315552,0.5701918601989746,0.013640567660331726,0.0010997187346220016,-1.2575011253356934,-19.64121437072754,19.681428909301758,True
train,0.5949156284332275,0.17619048058986664,0.5619176626205444,0.013123592361807823,0.0011354407761245966,-1.2123068571090698,-19.574581146240234,19.612085342407227,True
train,0.5953323841094971,0.27142858505249023,0.5536755323410034,0.012625346891582012,0.0011725916992872953,-1.1681153774261475,-19.48931312561035,19.524288177490234,True
test,0.5957491397857666,0.3174603283405304,0.5454726815223694,0.012145396322011948,0.0012112241238355637,-1.1249539852142334,-19.385923385620117,19.418537139892578,True
train,0.5961658954620361,0.2650793790817261,0.5373178720474243,0.011683376505970955,0.0012513970723375678,-1.0828536748886108,-19.265012741088867,19.295421600341797,True
train,0.5965826511383057,0.28730159997940063,0.5292174220085144,0.01123878825455904,0.0012931700330227613,-1.041831135749817,-19.127195358276367,19.155548095703125,True
train,0.5969993472099304,0.18412698805332184,0.5211789608001709,0.01081121526658535,0.0013365913182497025,-1.0019075870513916,-18.973203659057617,18.9996395111084,True
train,0.5974161028862,0.1349206417798996,0.5132079124450684,0.010400120168924332,0.0013817360159009695,-0.9630897045135498,-18.803791046142578,18.82843780517578,True
test,0.5978328585624695,0.1865079402923584,0.505311131477356,0.010005060583353043,0.0014286660589277744,-0.9253906011581421,-18.619766235351562,18.64274787902832,True
train,0.598249614238739,0.22063492238521576,0.4974944591522217,0.00962555781006813,0.0014774429146200418,-0.888816773891449,-18.4219970703125,18.44342613220215,True
train,0.5986663699150085,0.04920634999871254,0.48976394534111023,0.009261189959943295,0.0015281400410458446,-0.8533769845962524,-18.211400985717773,18.23138427734375,True
train,0.5990831255912781,0.0555555559694767,0.4821248948574066,0.008911476470530033,0.0015808187890797853,-0.8190706372261047,-17.988901138305664,18.007537841796875,True
train,0.5994998812675476,0.09841269999742508,0.47458091378211975,0.00857587531208992,0.00163555599283427,-0.7858890891075134,-17.755430221557617,17.77281379699707,True
test,0.5999166369438171,0.03730158880352974,0.4671372175216675,0.008253983221948147,0.0016924269730225205,-0.7538330554962158,-17.511999130249023,17.528217315673828,True
train,0.6003333926200867,0.0,0.4597983956336975,0.007945308461785316,0.0017515014624223113,-0.7228921055793762,-17.259586334228516,17.27471923828125,True
train,0.6007501482963562,0.0,0.45256710052490234,0.007649384438991547,0.0018128599040210247,-0.6930549740791321,-16.999156951904297,17.01327896118164,True
train,0.6011669039726257,0.0,0.4454467296600342,0.007365759927779436,0.0018765856511890888,-0.6643087863922119,-16.731706619262695,16.744890213012695,True
train,0.6015836596488953,0.0,0.4384394586086273,0.007093959022313356,0.001942758564837277,-0.6366358399391174,-16.458200454711914,16.470508575439453,True
test,0.6020004153251648,0.0,0.4315491318702698,0.006833572871983051,0.002011460019275546,-0.6100221872329712,-16.179649353027344,16.191144943237305,True
train,0.6024171710014343,0.0,0.4247758388519287,0.006584140006452799,0.0020827786065638065,-0.5844452977180481,-15.896917343139648,15.907657623291016,True
train,0.6028339266777039,0.0,0.41812241077423096,0.006345229223370552,0.002156799891963601,-0.5598841309547424,-15.610981941223145,15.62101936340332,True
train,0.6032506823539734,0.0,0.41158944368362427,0.006116433069109917,0.0022336214315146208,-0.5363166928291321,-15.322694778442383,15.332077980041504,True
train,0.6036674380302429,0.0,0.405178040266037,0.005897335708141327,0.002313324948772788,-0.5137187242507935,-15.032922744750977,15.04169750213623,True
test,0.6040841937065125,0.0,0.3988882601261139,0.005687554366886616,0.0023960103280842304,-0.49206656217575073,-14.74247932434082,14.750688552856445,True
train,0.604500949382782,0.0,0.3927209675312042,0.005486666690558195,0.0024817693047225475,-0.4713313579559326,-14.452168464660645,14.45985221862793,True
train,0.6049177050590515,0.0,0.38667505979537964,0.0052943057380616665,0.00257070641964674,-0.45148736238479614,-14.162687301635742,14.169881820678711,True
train,0.605334460735321,0.0,0.38075026869773865,0.005110130179673433,0.0026629166677594185,-0.43250906467437744,-13.874732971191406,13.881471633911133,True
train,0.6057512164115906,0.0,0.3749462366104126,0.004933750722557306,0.002758498303592205,-0.41436636447906494,-13.588987350463867,13.595303535461426,True
test,0.6061679720878601,0.0,0.36926156282424927,0.004764836747199297,0.002857557265087962,-0.3970325291156769,-13.306024551391602,13.311946868896484,True
train,0.6065847277641296,0.0,0.3636951744556427,0.004603076726198196,0.0029602048452943563,-0.3804810643196106,-13.026409149169922,13.031964302062988,True
train,0.6070014834403992,0.0007936508045531809,0.358244925737381,0.004448115825653076,0.0030665327794849873,-0.3646809458732605,-12.750624656677246,12.755839347839355,True
train,0.6074182391166687,0.0,0.3529103696346283,0.004299681633710861,0.0031766584143042564,-0.3496077358722687,-12.479194641113281,12.484090805053711,True
train,0.6078349947929382,0.0,0.34768810868263245,0.0041574458591639996,0.0032906809356063604,-0.3352307379245758,-12.212462425231934,12.217062950134277,True
test,0.608251690864563,0.0,0.34257784485816956,0.004021175671368837,0.0034087032545357943,-0.3215276598930359,-11.950889587402344,11.95521354675293,True
train,0.6086684465408325,0.0,0.3375760018825531,0.0038905295077711344,0.00353087205439806,-0.30846530199050903,-11.694718360900879,11.698785781860352,True
train,0.609085202217102,0.0,0.3326803147792816,0.0037652726750820875,0.0036572632379829884,-0.29602012038230896,-11.444266319274902,11.448094367980957,True
train,0.6095019578933716,0.0007936508045531809,0.32788828015327454,0.003645157441496849,0.0037880009040236473,-0.28416621685028076,-11.199761390686035,11.203365325927734,True
train,0.6099187135696411,0.0,0.32319802045822144,0.0035299519076943398,0.003923201002180576,-0.2728794515132904,-10.96143627166748,10.964832305908203,True
test,0.6103354692459106,0.0,0.31860655546188354,0.00341940694488585,0.00406297342851758,-0.2621338665485382,-10.729454040527344,10.73265552520752,True
train,0.6107522249221802,0.0007936508045531809,0.3141111731529236,0.0033133230172097683,0.004207426682114601,-0.2519068717956543,-10.503937721252441,10.5069580078125,True
train,0.6111689805984497,0.0031746032182127237,0.3097095489501953,0.0032114828936755657,0.004356672987341881,-0.2421751171350479,-10.285000801086426,10.287851333618164,True
train,0.6115857362747192,0.0,0.3053981065750122,0.003113677492365241,0.00451083667576313,-0.23291505873203278,-10.072669982910156,10.075362205505371,False
train,0.6120024919509888,0.0007936508045531809,0.30117475986480713,0.0030197217129170895,0.004670020192861557,-0.22410589456558228,-9.867037773132324,9.869582176208496,False
test,0.6124192476272583,0.0,0.2970365285873413,0.0029294367413967848,0.004834329709410667,-0.21572676301002502,-9.668074607849121,9.670480728149414,False
train,0.6128360033035278,0.0007936508045531809,0.29298046231269836,0.0028426393400877714,0.005003887228667736,-0.207756906747818,-9.475774765014648,9.478052139282227,False
train,0.6132527589797974,0.0031746032182127237,0.28900402784347534,0.002759181894361973,0.005178799387067556,-0.2001781165599823,-9.290096282958984,9.292252540588379,False
train,0.6136695146560669,0.0015873016091063619,0.2851044535636902,0.0026788944378495216,0.0053591616451740265,-0.19297091662883759,-9.110982894897461,9.11302661895752,False
train,0.6140862703323364,0.0031746032182127237,0.2812787592411041,0.002601619577035308,0.00554509786888957,-0.18611674010753632,-8.938329696655273,8.940266609191895,False
test,0.614503026008606,0.0,0.27752432227134705,0.00252723041921854,0.005736697465181351,-0.17959970235824585,-8.772065162658691,8.773903846740723,False
train,0.6149197816848755,0.0031746032182127237,0.2738388478755951,0.002455597510561347,0.005934073124080896,-0.17340371012687683,-8.61205768585205,8.613802909851074,False
train,0.615336537361145,0.0031746032182127237,0.27021947503089905,0.0023865699768066406,0.006137315183877945,-0.16751132905483246,-8.458170890808105,8.459829330444336,False
train,0.6157532930374146,0.0023809524718672037,0.26666343212127686,0.002320040250197053,0.00634651817381382,-0.16190877556800842,-8.310253143310547,8.311830520629883,False
train,0.6161700487136841,0.0015873016091063619,0.26316866278648376,0.00225588446483016,0.006561781279742718,-0.15658102929592133,-8.168166160583496,8.16966724395752,False
test,0.6165868043899536,0.0,0.25973275303840637,0.0021940062288194895,0.0067831953056156635,-0.1515154391527176,-8.03174114227295,8.033169746398926,False
train,0.6170035600662231,0.0007936508045531809,0.2563529312610626,0.002134287729859352,0.0070108287036418915,-0.14669795334339142,-7.900784015655518,7.9021453857421875,False
train,0.6174203157424927,0.0023809524718672037,0.2530275285243988,0.0020766330417245626,0.007244775537401438,-0.14211639761924744,-7.775132179260254,7.776431083679199,False
train,0.6178370714187622,0.0015873016091063619,0.2497536987066269,0.0020209585782140493,0.007485106121748686,-0.13775964081287384,-7.654574394226074,7.655814170837402,False
train,0.6182538270950317,0.003968254197388887,0.24653024971485138,0.001967164920642972,0.007731894962489605,-0.13361583650112152,-7.538951396942139,7.540135383605957,False
test,0.6186705827713013,0.0023809524718672037,0.2433542162179947,0.0019151760498061776,0.00798520166426897,-0.1296747475862503,-7.428031921386719,7.429163932800293,False
train,0.6190873384475708,0.0015873016091063619,0.24022427201271057,0.0018648977857083082,0.008245081640779972,-0.12592527270317078,-7.321627616882324,7.3227105140686035,False
train,0.6195040345191956,0.0007936508045531809,0.237139031291008,0.0018162783235311508,0.0085115572437644,-0.122359499335289,-7.219568252563477,7.22060489654541,False
train,0.6199207901954651,0.0023809524718672037,0.23409555852413177,0.001769226510077715,0.008784737437963486,-0.11896678060293198,-7.121599197387695,7.122592926025391,False
train,0.6203375458717346,0.0007936508045531809,0.2310926467180252,0.0017236751737073064,0.009064650163054466,-0.1157386302947998,-7.027547359466553,7.028500556945801,False
test,0.6207543015480042,0.0,0.22812868654727936,0.0016795579576864839,0.00935130100697279,-0.11266670376062393,-6.937197208404541,6.938112258911133,False
train,0.6211710572242737,0.0023809524718672037,0.22520244121551514,0.0016368298092857003,0.009644715115427971,-0.10974425077438354,-6.850381851196289,6.851260662078857,False
train,0.6215878129005432,0.0023809524718672037,0.2223121076822281,0.001595414592884481,0.009944921359419823,-0.10696259140968323,-6.766860485076904,6.767705917358398,False
train,0.6220045685768127,0.0015873016091063619,0.2194567322731018,0.0015552672557532787,0.010251928120851517,-0.10431547462940216,-6.686471939086914,6.687285900115967,False
train,0.6224213242530823,0.003968254197388887,0.2166348099708557,0.0015163385542109609,0.010565702803432941,-0.10179629921913147,-6.609011650085449,6.609795570373535,False
test,0.6228380799293518,0.0023809524718672037,0.21384523808956146,0.001478572259657085,0.010886269621551037,-0.09939846396446228,-6.534299373626709,6.535055160522461,False
train,0.6232548356056213,0.0031746032182127237,0.2110866755247116,0.0014419236686080694,0.011213583871722221,-0.09711605310440063,-6.462145805358887,6.4628753662109375,False
train,0.6236715912818909,0.0063492064364254475,0.20835831761360168,0.0014063449343666434,0.01154764462262392,-0.09494322538375854,-6.392379283905029,6.393084526062012,False
train,0.6240883469581604,0.0063492064364254475,0.20565930008888245,0.0013718021800741553,0.011888384819030762,-0.09287519007921219,-6.324830055236816,6.325511932373047,False
train,0.6245051026344299,0.004761904943734407,0.2029884308576584,0.0013382489560171962,0.012235748581588268,-0.09090638160705566,-6.25931978225708,6.259979724884033,False
test,0.6249218583106995,0.0031746032182127237,0.20034512877464294,0.0013056508032605052,0.012589714489877224,-0.08903229236602783,-6.1957011222839355,6.196340560913086,False
train,0.625338613986969,0.0031746032182127237,0.19772844016551971,0.0012739707017317414,0.012950146570801735,-0.08724827319383621,-6.133812427520752,6.134432792663574,False
train,0.6257553696632385,0.0,0.19513791799545288,0.0012431725626811385,0.01331700012087822,-0.08554990589618683,-6.073505401611328,6.074108123779297,False
train,0.6261721253395081,0.0015873016091063619,0.19257275760173798,0.0012132261181250215,0.013690193183720112,-0.0839332714676857,-6.014641284942627,6.0152268409729,False
train,0.6265888810157776,0.004761904943734407,0.19003243744373322,0.0011840994702652097,0.014069600030779839,-0.08239445835351944,-5.9570841789245605,5.957653999328613,False
test,0.6270056366920471,0.0015873016091063619,0.187516450881958,0.0011557670077309012,0.014455080032348633,-0.08092987537384033,-5.900699138641357,5.901254177093506,False
train,0.6274223923683167,0.0023809524718672037,0.18502402305603027,0.001128194504417479,0.014846544712781906,-0.07953585684299469,-5.845362186431885,5.845902919769287,False
train,0.6278391480445862,0.0015873016091063619,0.18255528807640076,0.0011013614712283015,0.015243811532855034,-0.07820931822061539,-5.790968418121338,5.791496276855469,False
train,0.6282559037208557,0.0023809524718672037,0.18010953068733215,0.0010752369416877627,0.015646783635020256,-0.07694695144891739,-5.737405300140381,5.737921237945557,False
train,0.6286726593971252,0.0,0.17768645286560059,0.0010498020565137267,0.016055218875408173,-0.07574591785669327,-5.684565544128418,5.685070037841797,False
test,0.6290894150733948,0.0,0.17528578639030457,0.0010250341147184372,0.01646897755563259,-0.07460348308086395,-5.63235330581665,5.632847309112549,False
train,0.6295061707496643,0.0,0.17290732264518738,0.0010009057587012649,0.016887860372662544,-0.07351662218570709,-5.580681324005127,5.581165790557861,False
train,0.6299229264259338,0.0,0.17055091261863708,0.0009774044156074524,0.017311694100499153,-0.07248330116271973,-5.529472827911377,5.529947757720947,False
train,0.6303396821022034,0.0,0.16821631789207458,0.0009545010980218649,0.01774020865559578,-0.0715005099773407,-5.478641986846924,5.4791083335876465,False
train,0.6307563781738281,0.0,0.16590352356433868,0.0009321869001723826,0.018173150718212128,-0.07056649029254913,-5.428127288818359,5.428586006164551,False
test,0.6311731338500977,0.0,0.16361205279827118,0.0009104359778575599,0.018610384315252304,-0.0696786642074585,-5.3778510093688965,5.378302574157715,False
train,0.6315898895263672,0.0,0.16134192049503326,0.0008892301702871919,0.019051624462008476,-0.06883486360311508,-5.3277587890625,5.328203201293945,False
train,0.6320066452026367,0.0,0.15909326076507568,0.0008685567881911993,0.019496604800224304,-0.06803332269191742,-5.277807712554932,5.2782464027404785,False
train,0.6324234008789062,0.0,0.1568659394979477,0.0008484024438075721,0.019945014268159866,-0.06727219372987747,-5.227943420410156,5.228376388549805,False
train,0.6328401565551758,0.0,0.15465982258319855,0.0008287477539852262,0.020396610721945763,-0.06654942780733109,-5.178118705749512,5.17854642868042,False
test,0.6332569122314453,0.0,0.15247492492198944,0.0008095772936940193,0.020851068198680878,-0.06586319953203201,-5.128301620483398,5.128724575042725,False
train,0.6336736679077148,0.0,0.15031136572360992,0.0007908823899924755,0.021308138966560364,-0.0652121901512146,-5.078463077545166,5.078881740570068,False
train,0.6340904235839844,0.0,0.14816908538341522,0.0007726438925601542,0.021767430007457733,-0.06459436565637589,-5.028567314147949,5.028982162475586,False
train,0.6345071792602539,0.0,0.14604805409908295,0.0007548537105321884,0.022228647023439407,-0.06400847434997559,-4.978597164154053,4.979008674621582,False
train,0.6349239349365234,0.0,0.14394833147525787,0.0007374970591627061,0.02269149012863636,-0.06345291435718536,-4.928532600402832,4.928941249847412,False
test,0.635340690612793,0.0,0.14187011122703552,0.0007205639849416912,0.023155612871050835,-0.06292633712291718,-4.878360748291016,4.8787665367126465,False
train,0.6357574462890625,0.0,0.13981319963932037,0.0007040402269922197,0.023620616644620895,-0.062427178025245667,-4.828063011169434,4.828466415405273,False
train,0.636174201965332,0.0,0.13777779042720795,0.0006879167049191892,0.024086197838187218,-0.06195424869656563,-4.777637958526611,4.778039455413818,False
train,0.6365909576416016,0.0,0.1357639729976654,0.0006721824174746871,0.0245519932359457,-0.06150621920824051,-4.727080821990967,4.727480888366699,False
train,0.6370077133178711,0.0,0.13377156853675842,0.0006568271201103926,0.025017594918608665,-0.06108183413743973,-4.676384925842285,4.676784038543701,False
test,0.6374244689941406,0.0,0.13180087506771088,0.0006418408011086285,0.02548266015946865,-0.06067989766597748,-4.625556468963623,4.625954627990723,False
train,0.6378412246704102,0.0,0.1298518031835556,0.0006272156024351716,0.02594677172601223,-0.06029929965734482,-4.574594497680664,4.574991703033447,False
train,0.6382579803466797,0.0,0.12792463600635529,0.0006129400571808219,0.026409661397337914,-0.059938907623291016,-4.523515701293945,4.5239129066467285,False
train,0.6386747360229492,0.0,0.12601901590824127,0.0005990078207105398,0.02687080018222332,-0.059597618877887726,-4.472309589385986,4.4727067947387695,False
train,0.6390914916992188,0.0,0.12413524091243744,0.0005854054470546544,0.027329884469509125,-0.05927420035004616,-4.420999050140381,4.421396255493164,False
test,0.6395082473754883,0.0,0.1222732737660408,0.0005721287452615798,0.027786504477262497,-0.058967821300029755,-4.369592666625977,4.369990348815918,False
train,0.6399250030517578,0.0007936508045531809,0.12043331563472748,0.0005591704975813627,0.028240319341421127,-0.05867759883403778,-4.318107604980469,4.318506240844727,False
train,0.6403417587280273,0.0,0.11861521750688553,0.000546521507203579,0.028690842911601067,-0.05840238928794861,-4.26655387878418,4.266953468322754,False
train,0.6407585144042969,0.0,0.11681905388832092,0.0005341735086403787,0.029137754812836647,-0.058141276240348816,-4.214949131011963,4.215350151062012,False
train,0.6411752700805664,0.0,0.11504482477903366,0.0005221180617809296,0.029580621048808098,-0.05789325386285782,-4.163308143615723,4.163710594177246,False
test,0.6415920257568359,0.0,0.1132923886179924,0.0005103498697280884,0.03001917153596878,-0.057657644152641296,-4.111643314361572,4.1120476722717285,False
train,0.6420087814331055,0.0,0.11156213283538818,0.0004988622386008501,0.03045286238193512,-0.05743344500660896,-4.059986591339111,4.0603928565979,False
train,0.6424254775047302,0.0,0.10985398292541504,0.0004876502207480371,0.030881378799676895,-0.05721999704837799,-4.0083537101745605,4.008762359619141,False
train,0.6428422331809998,0.0,0.10816748440265656,0.00047670237836427987,0.03130436688661575,-0.057016223669052124,-3.956752061843872,3.957162857055664,False
train,0.6432589888572693,0.0,0.10650290548801422,0.00046601597568951547,0.031721487641334534,-0.05682156980037689,-3.9052064418792725,3.9056198596954346,False
test,0.6436757445335388,0.0,0.1048601046204567,0.0004555824853014201,0.03213236480951309,-0.05663513392210007,-3.85373592376709,3.854151964187622,False
train,0.6440925002098083,0.0,0.10323913395404816,0.00044539690134115517,0.03253659978508949,-0.05645618215203285,-3.8023598194122314,3.802778959274292,False
train,0.6445092558860779,0.0,0.10164003074169159,0.0004354553238954395,0.03293384239077568,-0.056284114718437195,-3.751101016998291,3.75152325630188,False
train,0.6449260115623474,0.0,0.10006257891654968,0.0004257489927113056,0.03332380950450897,-0.056118130683898926,-3.6999783515930176,3.700403928756714,False
train,0.6453427672386169,0.0,0.09850675612688065,0.0004162741533946246,0.03370611369609833,-0.05595758184790611,-3.6490061283111572,3.649435043334961,False
test,0.6457595229148865,0.0,0.09697258472442627,0.00040702373371459544,0.03408048301935196,-0.055801793932914734,-3.5982096195220947,3.598642110824585,False
train,0.646176278591156,0.0,0.09545986354351044,0.0003979948814958334,0.034446533769369125,-0.05565018579363823,-3.5476019382476807,3.5480384826660156,False
train,0.6465930342674255,0.0,0.09396851807832718,0.0003891797678079456,0.03480403497815132,-0.05550208315253258,-3.497199535369873,3.4976398944854736,False
train,0.6470097899436951,0.0,0.09249859303236008,0.00038057632627896965,0.03515269234776497,-0.05535705387592316,-3.4470300674438477,3.447474479675293,False
train,0.6474265456199646,0.0,0.09104971587657928,0.00037217704812064767,0.035492192953825,-0.055214352905750275,-3.397094964981079,3.3975436687469482,False
test,0.6478433012962341,0.0,0.08962215483188629,0.00036397884832695127,0.03582225367426872,-0.05507352948188782,-3.347425937652588,3.347878932952881,False
train,0.6482600569725037,0.0,0.0882154181599617,0.00035597608075477183,0.03614269942045212,-0.0549340657889843,-3.2980265617370605,3.2984838485717773,False
train,0.6486768126487732,0.0,0.08682961761951447,0.00034816350671462715,0.03645322099328041,-0.05479537323117256,-3.24891996383667,3.2493820190429688,False
train,0.6490935683250427,0.0,0.0854644775390625,0.0003405395254958421,0.03675364702939987,-0.05465716868638992,-3.2001142501831055,3.2005810737609863,False
train,0.6495103240013123,0.0,0.08411994576454163,0.000333095173118636,0.03704369068145752,-0.0545186810195446,-3.1516270637512207,3.1520986557006836,False
test,0.6499270796775818,0.0,0.08279597014188766,0.000325830711517483,0.03732326626777649,-0.05437982454895973,-3.1034750938415527,3.1039514541625977,False
train,0.6503438353538513,0.0,0.08149226009845734,0.00031874014530330896,0.0375920832157135,-0.05423998460173607,-3.055664539337158,3.0561459064483643,False
train,0.6507605910301208,0.0,0.08020869642496109,0.00031181867234408855,0.037850044667720795,-0.054098788648843765,-3.0082082748413086,3.008694648742676,False
train,0.6511773467063904,0.0,0.07894515246152878,0.00030506320763379335,0.038096942007541656,-0.053955867886543274,-2.9611167907714844,2.961608409881592,False
train,0.6515941023826599,0.0,0.07770147174596786,0.00029846993857063353,0.038332708179950714,-0.05381093919277191,-2.914405345916748,2.9149019718170166,False
test,0.6520108580589294,0.0,0.07647746801376343,0.00029203473241068423,0.038557153195142746,-0.05366358906030655,-2.8680779933929443,2.8685801029205322,False
train,0.652427613735199,0.0,0.07527295500040054,0.00028575322357937694,0.03877023234963417,-0.0535135343670845,-2.8221452236175537,2.822652578353882,False
train,0.6528443694114685,0.0,0.07408783584833145,0.00027962305466644466,0.03897178918123245,-0.053360484540462494,-2.7766165733337402,2.7771291732788086,False
train,0.653261125087738,0.0,0.07292187213897705,0.0002736407914198935,0.039161864668130875,-0.05320430174469948,-2.7315011024475098,2.7320191860198975,False
train,0.6536778211593628,0.0,0.07177508622407913,0.0002678030577953905,0.039340242743492126,-0.053044579923152924,-2.686810255050659,2.687333822250366,False
test,0.6540945768356323,0.0,0.07064694166183472,0.00026210484793409705,0.03950698673725128,-0.052881114184856415,-2.642538070678711,2.6430671215057373,False
train,0.6545113325119019,0.0,0.06953737884759903,0.0002565434842836112,0.03966207429766655,-0.05271373316645622,-2.5986952781677246,2.5992298126220703,False
train,0.6549280881881714,0.0,0.0684463381767273,0.00025111614377237856,0.03980543836951256,-0.052542220801115036,-2.5552895069122314,2.5558297634124756,False
train,0.6553448438644409,0.0,0.06737352907657623,0.0002458204689901322,0.039937134832143784,-0.052366502583026886,-2.5123260021209717,2.512871742248535,False
train,0.6557615995407104,0.0,0.06631878018379211,0.00024065159959718585,0.04005712270736694,-0.0521862767636776,-2.469805955886841,2.4703571796417236,False
test,0.65617835521698,0.0,0.06528190523386002,0.00023560733825434,0.0401654876768589,-0.05200150981545448,-2.427736520767212,2.428293466567993,False
train,0.6565951108932495,0.0,0.0642627626657486,0.00023068547307047993,0.04026223346590996,-0.05181208625435829,-2.386120557785034,2.3866829872131348,False
train,0.657011866569519,0.0,0.06326110661029816,0.00022588235151488334,0.040347497910261154,-0.05161794275045395,-2.344958782196045,2.345526933670044,False
train,0.6574286222457886,0.0,0.062276750802993774,0.00022119525237940252,0.040421273559331894,-0.051418937742710114,-2.3042562007904053,2.3048298358917236,False
train,0.6578453779220581,0.0,0.06130944937467575,0.00021662127983290702,0.040483687072992325,-0.051215022802352905,-2.2640092372894287,2.2645883560180664,False
test,0.6582621335983276,0.0,0.06035912409424782,0.00021215765445958823,0.04053482040762901,-0.05100613832473755,-2.2242283821105957,2.2248129844665527,False
train,0.6586788892745972,0.0,0.05942549183964729,0.00020780283375643194,0.04057483375072479,-0.05079235881567001,-2.184908151626587,2.1854984760284424,False
train,0.6590956449508667,0.0007936508045531809,0.05850837379693985,0.00020355251035653055,0.04060377553105354,-0.05057350546121597,-2.1460506916046143,2.146646499633789,False
train,0.6595124006271362,0.0,0.05760755017399788,0.00019940602942369878,0.040621861815452576,-0.050349749624729156,-2.107656478881836,2.10825777053833,False
train,0.6599291563034058,0.0007936508045531809,0.05672293156385422,0.0001953598257387057,0.04062919691205025,-0.0501210056245327,-2.0697290897369385,2.070335865020752,False
test,0.6603459119796753,0.0007936508045531809,0.05585413798689842,0.0001914106833282858,0.04062598943710327,-0.049887314438819885,-2.0322611331939697,2.0328733921051025,False
train,0.6607626676559448,0.0,0.05500117689371109,0.00018755797646008432,0.0406123511493206,-0.04964873939752579,-1.99526047706604,1.9958781003952026,False
train,0.6611794233322144,0.0007936508045531809,0.05416363477706909,0.00018379911489319056,0.04058849439024925,-0.049405358731746674,-1.958716869354248,1.9593398571014404,False
train,0.6615961790084839,0.0,0.05334142595529556,0.0001801313628675416,0.040554627776145935,-0.049157239496707916,-1.9226367473602295,1.923264980316162,False
train,0.6620129346847534,0.0,0.052534446120262146,0.00017655194096732885,0.04051091894507408,-0.048904381692409515,-1.8870183229446411,1.8876519203186035,False
test,0.662429690361023,0.0,0.051742393523454666,0.00017305964138358831,0.040457550436258316,-0.048646919429302216,-1.8518584966659546,1.8524973392486572,False
train,0.6628464460372925,0.0007936508045531809,0.05096505582332611,0.00016965210670605302,0.040394797921180725,-0.048384979367256165,-1.817154884338379,1.8177988529205322,False
train,0.663263201713562,0.0023809524718672037,0.05020231753587723,0.00016632700862828642,0.04032287001609802,-0.048118654638528824,-1.782907247543335,1.7835564613342285,False
train,0.6636799573898315,0.0007936508045531809,0.04945390298962593,0.00016308343037962914,0.040241990238428116,-0.047848112881183624,-1.7491118907928467,1.749766230583191,False
train,0.6640967130661011,0.0023809524718672037,0.04871966317296028,0.00015991818509064615,0.040152374655008316,-0.047573402523994446,-1.71576726436615,1.7164266109466553,False
test,0.6645134687423706,0.0007936508045531809,0.047999415546655655,0.00015682900266256183,0.040054284036159515,-0.04729466140270233,-1.6828718185424805,1.6835362911224365,False
train,0.6649301648139954,0.0007936508045531809,0.047293081879615784,0.00015381621778942645,0.03994797170162201,-0.04701213911175728,-1.6504281759262085,1.6510976552963257,False
train,0.6653469204902649,0.0,0.046600233763456345,0.0001508762507000938,0.03983369469642639,-0.046725910156965256,-1.6184219121932983,1.619096279144287,False
train,0.6657636761665344,0.0,0.04592081159353256,0.0001480072969570756,0.03971165046095848,-0.04643607512116432,-1.5868570804595947,1.587536334991455,False
train,0.666180431842804,0.0,0.045254629105329514,0.00014520839613396674,0.03958217054605484,-0.046142902225255966,-1.555729866027832,1.556414008140564,False
test,0.6665971875190735,0.0,0.044601473957300186,0.00014247653598431498,0.039445437490940094,-0.04584641754627228,-1.5250369310379028,1.5257259607315063,False
train,0.667013943195343,0.0007936508045531809,0.043961089104413986,0.00013981180381961167,0.039301808923482895,-0.04554697126150131,-1.4947720766067505,1.495465874671936,False
train,0.6674306988716125,0.0,0.04333353042602539,0.00013721195864491165,0.03915148973464966,-0.045244645327329636,-1.4649399518966675,1.4656383991241455,False
train,0.6678474545478821,0.0,0.04271841049194336,0.00013467455573845655,0.03899476304650307,-0.044939592480659485,-1.435531497001648,1.4362348318099976,False
train,0.6682642102241516,0.0,0.04211555793881416,0.00013219908578321338,0.03883190080523491,-0.04463205486536026,-1.406541347503662,1.4072492122650146,False
test,0.6686809659004211,0.0007936508045531809,0.04152493551373482,0.0001297838316531852,0.03866314888000488,-0.044322170317173004,-1.3779733180999756,1.3786859512329102,False
train,0.6690977215766907,0.0,0.04094623029232025,0.0001274269015993923,0.03848881646990776,-0.04401015490293503,-1.3498176336288452,1.3505349159240723,False
train,0.6695144772529602,0.0,0.04037931188941002,0.0001251272187801078,0.038309141993522644,-0.04369617998600006,-1.32207190990448,1.3227938413619995,False
train,0.6699312329292297,0.0,0.0398239903151989,0.0001228838082170114,0.03812436759471893,-0.04338042810559273,-1.2947322130203247,1.2954587936401367,False
train,0.6703479886054993,0.0,0.039280232042074203,0.00012069371587131172,0.03793483227491379,-0.04306308925151825,-1.267799735069275,1.2685308456420898,False
test,0.6707647442817688,0.0,0.03874760866165161,0.00011855769116664305,0.037740763276815414,-0.04274440184235573,-1.2412610054016113,1.2419967651367188,False
train,0.6711814999580383,0.0007936508045531809,0.03822615370154381,0.00011647301289485767,0.037542399019002914,-0.04242447391152382,-1.2151192426681519,1.2158596515655518,False
train,0.6715982556343079,0.0,0.03771562874317169,0.0001144384077633731,0.03734006732702255,-0.04210355877876282,-1.189368724822998,1.1901137828826904,False
train,0.6720150113105774,0.0,0.037215862423181534,0.00011245359928580001,0.03713393583893776,-0.04178179055452347,-1.1640048027038574,1.1647543907165527,False
train,0.6724317669868469,0.0,0.036726683378219604,0.00011051660112570971,0.03692436218261719,-0.04145943000912666,-1.1390222311019897,1.1397764682769775,False
test,0.6728485226631165,0.0,0.03624802827835083,0.0001086261254386045,0.03671152889728546,-0.04113658517599106,-1.1144211292266846,1.1151800155639648,False
train,0.673265278339386,0.0,0.035779643803834915,0.00010678201215341687,0.036495670676231384,-0.04081346094608307,-1.0901936292648315,1.0909572839736938,False
train,0.6736820340156555,0.0,0.035321399569511414,0.0001049818383762613,0.03627711161971092,-0.040490273386240005,-1.066336750984192,1.0671052932739258,False
train,0.674098789691925,0.0,0.034873101860284805,0.00010322528396500275,0.03605605289340019,-0.040167178958654404,-1.042844533920288,1.043617844581604,False
train,0.6745155453681946,0.0,0.034434642642736435,0.00010151138121727854,0.03583269938826561,-0.0398443304002285,-1.01971435546875,1.0204925537109375,False
test,0.6749323010444641,0.0,0.03400583937764168,9.983868949348107e-05,0.035607364028692245,-0.0395219661295414,-0.9969415068626404,0.9977245926856995,False
train,0.6753490567207336,0.0,0.033586595207452774,9.820601553656161e-05,0.03538016602396965,-0.039200134575366974,-0.9745221734046936,0.9753102660179138,False
train,0.6757658123970032,0.0,0.03317670151591301,9.66125589911826e-05,0.03515144810080528,-0.03887913003563881,-0.9524504542350769,0.9532436728477478,False
train,0.6761825084686279,0.0,0.03277607262134552,9.505782509222627e-05,0.03492138534784317,-0.038559090346097946,-0.930725634098053,0.9315240383148193,False
train,0.6765992641448975,0.0,0.03238449990749359,9.354015492135659e-05,0.034690145403146744,-0.03824009746313095,-0.9093375205993652,0.9101411700248718,False
test,0.677016019821167,0.0,0.03200189024209976,9.205917740473524e-05,0.034457989037036896,-0.03792237490415573,-0.8882851004600525,0.8890941739082336,False
train,0.6774327754974365,0.0,0.03162802755832672,9.061348828254268e-05,0.03422506898641586,-0.03760600835084915,-0.8675614595413208,0.8683761358261108,False
train,0.677849531173706,0.0,0.0312628373503685,8.920273830881342e-05,0.03399166837334633,-0.03729125112295151,-0.8471639752388,0.8479843139648438,False
train,0.6782662868499756,0.0,0.03090616874396801,8.782500663073733e-05,0.033757928758859634,-0.03697814792394638,-0.8270877003669739,0.8279138803482056,False
train,0.6786830425262451,0.0,0.0305579025298357,8.648083894513547e-05,0.033524032682180405,-0.03666688874363899,-0.8073288798332214,0.8081611394882202,False
test,0.6790997982025146,0.0,0.030217885971069336,8.5168780060485e-05,0.03329019993543625,-0.036357611417770386,-0.7878810167312622,0.7887194156646729,False
train,0.6795165538787842,0.0,0.029885992407798767,8.388805144932121e-05,0.03305659070611,-0.03605043888092041,-0.7687405943870544,0.7695854306221008,False
train,0.6799333095550537,0.0,0.029562093317508698,8.2637787272688e-05,0.032823346555233,-0.03574546054005623,-0.7499028444290161,0.7507542967796326,False
train,0.6803500652313232,0.0,0.029246076941490173,8.141739817801863e-05,0.03259068727493286,-0.03544285520911217,-0.7313635945320129,0.7322218418121338,False
train,0.6807668209075928,0.0,0.028937775641679764,8.022597467061132e-05,0.032358717173337936,-0.0351426787674427,-0.7131171822547913,0.7139825820922852,False
test,0.6811835765838623,0.0,0.02863708883523941,7.906238897703588e-05,0.032127656042575836,-0.03484509140253067,-0.6951583027839661,0.6960310935974121,False
train,0.6816003322601318,0.0,0.028343897312879562,7.792712131049484e-05,0.03189761936664581,-0.03455021232366562,-0.677483320236206,0.6783637404441833,False
train,0.6820170879364014,0.0,0.028058132156729698,7.681825809413567e-05,0.03166873753070831,-0.034258075058460236,-0.6600889563560486,0.6609773635864258,False
train,0.6824338436126709,0.0,0.02777961827814579,7.573614857392386e-05,0.03144120052456856,-0.03396888077259064,-0.6429685950279236,0.6438652873039246,False
train,0.6828505992889404,0.0,0.027508221566677094,7.467947580153123e-05,0.031215105205774307,-0.033682648092508316,-0.6261164546012878,0.6270217895507812,False
test,0.68326735496521,0.0,0.0272438433021307,7.364757766481489e-05,0.030990568920969963,-0.033399466425180435,-0.6095296740531921,0.6104440689086914,False
train,0.6836841106414795,0.0,0.026986420154571533,7.264032319653779e-05,0.030767735093832016,-0.033119458705186844,-0.5932038426399231,0.5941277146339417,False
train,0.684100866317749,0.0,0.026735819876194,7.165654824348167e-05,0.030546724796295166,-0.03284268081188202,-0.5771331787109375,0.578066885471344,False
train,0.6845176219940186,0.0,0.026491902768611908,7.069594721542671e-05,0.03032766468822956,-0.03256923705339432,-0.5613124370574951,0.5622565150260925,False
train,0.6849343776702881,0.0,0.026254592463374138,6.97579889674671e-05,0.030110672116279602,-0.0322992168366909,-0.5457387566566467,0.546693742275238,False
test,0.6853511333465576,0.0,0.02602379582822323,6.884232425363734e-05,0.02989577315747738,-0.03203260898590088,-0.5304057002067566,0.5313720703125,False
train,0.6857678890228271,0.0,0.025799397379159927,6.794768705731258e-05,0.029683170840144157,-0.03176956996321678,-0.5153099894523621,0.5162883996963501,False
train,0.6861846446990967,0.0,0.02558125928044319,6.70743320370093e-05,0.029472898691892624,-0.031510114669799805,-0.5004452466964722,0.5014362931251526,False
train,0.6866014003753662,0.0,0.02536933682858944,6.622097862418741e-05,0.02926504984498024,-0.03125429153442383,-0.48580753803253174,0.4868118464946747,False
train,0.6870181560516357,0.0,0.025163548067212105,6.538795423693955e-05,0.02905970998108387,-0.031002171337604523,-0.4713936448097229,0.47241201996803284,False
test,0.6874349117279053,0.0,0.024963729083538055,6.457416020566598e-05,0.02885698340833187,-0.030753813683986664,-0.4571961760520935,0.4582293629646301,False
train,0.68785160779953,0.0,0.024769913405179977,6.377948739100248e-05,0.028656985610723495,-0.03050932288169861,-0.44321516156196594,0.4442639946937561,False
train,0.6882683634757996,0.0,0.024581871926784515,6.30031936452724e-05,0.028459690511226654,-0.03026862069964409,-0.4294407367706299,0.4305061399936676,False
train,0.6886851191520691,0.0,0.02439955808222294,6.224506068974733e-05,0.028265204280614853,-0.030031803995370865,-0.4158701002597809,0.41695305705070496,False
train,0.6891018748283386,0.0,0.024222923442721367,6.150456465547904e-05,0.028073614463210106,-0.029798921197652817,-0.40249913930892944,0.4036007225513458,False
test,0.6895186305046082,0.0,0.024051835760474205,6.078098522266373e-05,0.027884962037205696,-0.02956998534500599,-0.3893221318721771,0.39044347405433655,False
train,0.6899353861808777,0.0,0.023886235430836678,6.007393676554784e-05,0.027699323371052742,-0.029345044866204262,-0.3763357996940613,0.3774781823158264,False
train,0.6903521418571472,0.0,0.023726092651486397,5.938349568168633e-05,0.02751675620675087,-0.029124146327376366,-0.36353600025177,0.3647007644176483,False
train,0.6907688975334167,0.0,0.023571288213133812,5.870888344361447e-05,0.02733725868165493,-0.028907254338264465,-0.35091787576675415,0.3521064817905426,False
train,0.6911856532096863,0.0,0.02342168614268303,5.804990723845549e-05,0.02716096118092537,-0.028694475069642067,-0.3384754955768585,0.33968961238861084,False
test,0.6916024088859558,0.0,0.02327728644013405,5.7406148698646575e-05,0.026987843215465546,-0.028485767543315887,-0.32620617747306824,0.3274475634098053,False
train,0.6920191645622253,0.0,0.023138023912906647,5.6777007557684556e-05,0.026817956939339638,-0.028281155973672867,-0.31410592794418335,0.31537654995918274,False
train,0.6924359202384949,0.0,0.023003797978162766,5.6162465625675395e-05,0.026651358231902122,-0.02808067575097084,-0.30216866731643677,0.303470641374588,False
train,0.6928526759147644,0.0,0.02287456952035427,5.5561784392921254e-05,0.02648807503283024,-0.027884330600500107,-0.2903910279273987,0.2917267382144928,False
train,0.6932694315910339,0.0007936508045531809,0.022750208154320717,5.497507663676515e-05,0.02632814086973667,-0.027692139148712158,-0.2787684500217438,0.2801404893398285,False
test,0.6936861872673035,0.0,0.022630725055933,5.440152017399669e-05,0.026171594858169556,-0.02750411070883274,-0.2672968804836273,0.2687082290649414,False
train,0.694102942943573,0.0,0.02251596935093403,5.384138421504758e-05,0.026018399745225906,-0.027320200577378273,-0.2559719979763031,0.25742581486701965,False
train,0.6945196986198425,0.0,0.022405946627259254,5.3293675591703504e-05,0.025868697091937065,-0.027140513062477112,-0.2447890192270279,0.24628899991512299,False
train,0.6949364542961121,0.0,0.022300582379102707,5.275857984088361e-05,0.025722423568367958,-0.026964979246258736,-0.23374450206756592,0.23529471457004547,False
train,0.6953532099723816,0.0,0.02219984494149685,5.2235376642784104e-05,0.025579608976840973,-0.026793599128723145,-0.22283463180065155,0.22443968057632446,False
test,0.6957699656486511,0.0,0.022103650495409966,5.172432429390028e-05,0.025440290570259094,-0.026626406237483025,-0.2120545357465744,0.21371965110301971,False
train,0.6961867213249207,0.0,0.02201191522181034,5.122486618347466e-05,0.025304479524493217,-0.026463385671377182,-0.20140062272548676,0.2031317800283432,False
train,0.6966034770011902,0.0,0.02192462794482708,5.073685315437615e-05,0.025172187015414238,-0.02630453370511532,-0.1908680945634842,0.19267214834690094,False
train,0.6970202326774597,0.0,0.0218417476862669,5.025976861361414e-05,0.02504345029592514,-0.026149863377213478,-0.18045373260974884,0.18233859539031982,False
train,0.6974369883537292,0.0,0.021763185039162636,4.9793343350756913e-05,0.024918215349316597,-0.02599930949509144,-0.17015349864959717,0.172128364443779,False
test,0.6978537440299988,0.0,0.02168889157474041,4.933736636303365e-05,0.024796579033136368,-0.025852952152490616,-0.15996280312538147,0.16203849017620087,False
train,0.6982704997062683,0.0,0.02161886729300022,4.88918085466139e-05,0.02467845007777214,-0.025710685178637505,-0.1498788297176361,0.152068093419075,False
train,0.6986872553825378,0.0,0.021553024649620056,4.845623334404081e-05,0.024563942104578018,-0.025572607293725014,-0.13989707827568054,0.14221516251564026,False
train,0.6991039514541626,0.0,0.02149134688079357,4.803054252988659e-05,0.024452999234199524,-0.025438649579882622,-0.1300148218870163,0.13248009979724884,False
train,0.6995207071304321,0.0,0.02143377996981144,4.7614397772122175e-05,0.02434561401605606,-0.02530878409743309,-0.12022560089826584,0.1228606104850769,False
test,0.6999374628067017,0.0,0.021380305290222168,4.720753713627346e-05,0.024241818115115166,-0.02518302947282791,-0.11052806675434113,0.11336065828800201,False
train,0.7003542184829712,0.0,0.021330831572413445,4.680985875893384e-05,0.02414160966873169,-0.02506137639284134,-0.10091745853424072,0.10398272424936295,False
train,0.7007709741592407,0.0,0.021285371854901314,4.642106796381995e-05,0.0240449421107769,-0.02494375966489315,-0.0913902074098587,0.0947331041097641,False
train,0.7011877298355103,0.0,0.021243875846266747,4.6041124733164907e-05,0.023951906710863113,-0.024830259382724762,-0.08194321393966675,0.08562261611223221,False
train,0.7016044855117798,0.0,0.02120629884302616,4.566938878269866e-05,0.02386239916086197,-0.024720754474401474,-0.07257182896137238,0.07666672021150589,False
test,0.7020212411880493,0.0,0.021172646433115005,4.530604928731918e-05,0.023776503279805183,-0.024615319445729256,-0.06327392160892487,0.06789331883192062,False
train,0.7024379968643188,0.0,0.02114284224808216,4.4951091695111245e-05,0.023694172501564026,-0.02451390214264393,-0.054044511169195175,0.059344254434108734,False
train,0.7028547525405884,0.0,0.02111688069999218,4.460385025595315e-05,0.02361539751291275,-0.024416472762823105,-0.044881291687488556,0.05109299719333649,False
train,0.7032715082168579,0.0,0.02109471708536148,4.426435043569654e-05,0.023540189489722252,-0.024323031306266785,-0.03578004240989685,0.04326454922556877,False
train,0.7036882638931274,0.0,0.02107635699212551,4.3932421249337494e-05,0.023468561470508575,-0.024233583360910416,-0.026737239211797714,0.03608526661992073,False
test,0.704105019569397,0.0,0.021061742678284645,4.360814273240976e-05,0.02340046316385269,-0.02414807118475437,-0.017750192433595657,0.029969962313771248,False
train,0.7045217752456665,0.0,0.021050874143838882,4.329107832745649e-05,0.023335907608270645,-0.024066489189863205,-0.00881470087915659,0.025629960000514984,False
train,0.704938530921936,0.0,0.021043702960014343,4.298075145925395e-05,0.023274900391697884,-0.023988835513591766,7.181894034147263e-05,0.023988943547010422,False
train,0.7053552865982056,0.0,0.021040262654423714,4.267786061973311e-05,0.02321740984916687,-0.02391507476568222,0.008913103491067886,0.025522034615278244,False
train,0.7057720422744751,0.0,0.021040480583906174,4.2381303501315415e-05,0.02316347323358059,-0.02384522184729576,0.017712760716676712,0.029704149812459946,False
test,0.7061887979507446,0.0,0.02104436419904232,4.209142571198754e-05,0.023113004863262177,-0.023779192939400673,0.026473194360733032,0.03558482602238655,False
train,0.7066055536270142,0.0,0.02105184644460678,4.1808190871961415e-05,0.0230660829693079,-0.02371705323457718,0.03519841283559799,0.04244321957230568,False
train,0.7070223093032837,0.0,0.021062979474663734,4.1531104216119274e-05,0.023022610694169998,-0.023658692836761475,0.04389140009880066,0.04986169561743736,False
train,0.7074390649795532,0.0,0.021077748388051987,4.126041312702e-05,0.022982673719525337,-0.023604197427630424,0.05255503207445145,0.05761240795254707,False
train,0.7078558206558228,0.0,0.021096091717481613,4.099567013327032e-05,0.0229461919516325,-0.023553472012281418,0.06119299307465553,0.06556941568851471,False
test,0.7082725763320923,0.0,0.02111804112792015,4.073662785231136e-05,0.02291318029165268,-0.02350652404129505,0.06980787217617035,0.07365931570529938,False
train,0.7086893320083618,0.0,0.021143561229109764,4.048385380883701e-05,0.022883618250489235,-0.023463329300284386,0.0784030333161354,0.08183864504098892,False
train,0.7091060876846313,0.0,0.021172646433115005,4.023652945761569e-05,0.022857526317238808,-0.023423895239830017,0.08698120713233948,0.09008001536130905,False
train,0.7095228433609009,0.0,0.021205296739935875,3.999474938609637e-05,0.022834816947579384,-0.023388128727674484,0.09554608911275864,0.09836696088314056,False
train,0.7099395990371704,0.0,0.02124149538576603,3.975837171310559e-05,0.02281559444963932,-0.023356124758720398,0.10410065203905106,0.10668858140707016,False
test,0.7103562951087952,0.0,0.021281244233250618,3.9527196349808946e-05,0.02279972843825817,-0.023327747359871864,0.1126461997628212,0.11503630131483078,False
train,0.7107730507850647,0.0,0.02132456749677658,3.9301674405578524e-05,0.022787317633628845,-0.023303095251321793,0.12118828296661377,0.12340840697288513,False
train,0.7111898064613342,0.0,0.02137143537402153,3.9080718124751e-05,0.022778263315558434,-0.023282047361135483,0.1297290176153183,0.13180163502693176,False
train,0.7116065621376038,0.0,0.021421827375888824,3.886508056893945e-05,0.022772593423724174,-0.02326463721692562,0.13827084004878998,0.14021436870098114,False
train,0.7120233178138733,0.0,0.02147580496966839,3.86540632462129e-05,0.022770291194319725,-0.02325083687901497,0.14681720733642578,0.14864687621593475,False
test,0.7124400734901428,0.0,0.021533284336328506,3.844807724817656e-05,0.022771380841732025,-0.023240666836500168,0.1553703397512436,0.1570989191532135,False
train,0.7128568291664124,0.0,0.02159433811903,3.8246762414928526e-05,0.02277575060725212,-0.023234007880091667,0.163933664560318,0.165571928024292,False
train,0.7132735848426819,0.0,0.021658940240740776,3.804987500188872e-05,0.02278350293636322,-0.02323095314204693,0.17250956594944,0.17406673729419708,False
train,0.7136903405189514,0.0,0.021727096289396286,3.78575423383154e-05,0.02279452607035637,-0.023231390863656998,0.18110182881355286,0.18258579075336456,False
train,0.714107096195221,0.0,0.02179882861673832,3.766976806218736e-05,0.02280890941619873,-0.02323540486395359,0.18971247971057892,0.19113008677959442,False
test,0.7145238518714905,0.0,0.02187412977218628,3.7486217479454353e-05,0.022826557978987694,-0.0232428889721632,0.19834481179714203,0.19970200955867767,False
train,0.71494060754776,0.0,0.021953031420707703,3.730690878001042e-05,0.02284749038517475,-0.02325385995209217,0.20700153708457947,0.2083035707473755,False
train,0.7153573632240295,0.0,0.0220355037599802,3.713170735863969e-05,0.02287168614566326,-0.023268291726708412,0.21568523347377777,0.21693670749664307,False
train,0.7157741189002991,0.0,0.022121552377939224,3.69606823369395e-05,0.022899148985743523,-0.023286184296011925,0.2243986278772354,0.2256036102771759,False
train,0.7161908745765686,0.0,0.022211257368326187,3.679342626128346e-05,0.0229298435151577,-0.023307494819164276,0.23314514756202698,0.23430727422237396,False
test,0.7166076302528381,0.0,0.022304577752947807,3.663024472189136e-05,0.022963793948292732,-0.023332243785262108,0.24192677438259125,0.24304929375648499,False
train,0.7170243859291077,0.0,0.022401535883545876,3.647081757662818e-05,0.023000894114375114,-0.023360321298241615,0.25074687600135803,0.2518326938152313,False
train,0.7174411416053772,0.0,0.022502167150378227,3.631512663559988e-05,0.02304125763475895,-0.023391835391521454,0.25960788130760193,0.2606596052646637,False
train,0.7178578972816467,0.0,0.022606464102864265,3.6163273762213066e-05,0.02308478206396103,-0.023426679894328117,0.26851293444633484,0.2695329487323761,False
train,0.7182746529579163,0.0,0.022714465856552124,3.6014942452311516e-05,0.023131467401981354,-0.023464851081371307,0.27746427059173584,0.2784546911716461,False
test,0.7186914086341858,0.0,0.02282615937292576,3.5870190913556144e-05,0.023181313648819923,-0.023506341502070427,0.2864648401737213,0.2874276340007782,False
train,0.7191081643104553,0.0,0.022941594943404198,3.5728786315303296e-05,0.02323431335389614,-0.02355114370584488,0.2955176830291748,0.29645463824272156,False
train,0.7195249199867249,0.0,0.023060781881213188,3.559075412340462e-05,0.023290418088436127,-0.023599199950695038,0.3046254515647888,0.30553820729255676,False
train,0.7199416756629944,0.0,0.02318372204899788,3.545626168488525e-05,0.023349659517407417,-0.02365054562687874,0.31379008293151855,0.3146800994873047,False
train,0.7203584313392639,0.0,0.023310476914048195,3.532497430569492e-05,0.023411942645907402,-0.023705076426267624,0.32301488518714905,0.3238835334777832,False
test,0.7207751870155334,0.0,0.023441068828105927,3.5196993849240243e-05,0.0234773438423872,-0.023762866854667664,0.33230292797088623,0.3331514894962311,False
train,0.721191942691803,0.0,0.023575516417622566,3.507221845211461e-05,0.023545781150460243,-0.023823831230401993,0.34165653586387634,0.3424861431121826,False
train,0.7216086387634277,0.0,0.02371380850672722,3.495058626867831e-05,0.023617243394255638,-0.023887956514954567,0.3510777950286865,0.35188955068588257,False
train,0.7220253944396973,0.0,0.0238560251891613,3.483179534669034e-05,0.023691760376095772,-0.023955266922712326,0.3605707883834839,0.3613656759262085,False
train,0.7224421501159668,0.0,0.02400215156376362,3.4716096706688404e-05,0.023769233375787735,-0.024025658145546913,0.3701372742652893,0.3709162175655365,False
test,0.7228589057922363,0.0,0.024152275174856186,3.460338484728709e-05,0.0238497294485569,-0.02409919910132885,0.37978100776672363,0.38054484128952026,False
train,0.7232756614685059,0.0,0.024306392297148705,3.449353971518576e-05,0.02393316850066185,-0.02417580410838127,0.3895036578178406,0.3902532160282135,False
train,0.7236924171447754,0.0,0.024464497342705727,3.438643761910498e-05,0.02401953935623169,-0.024255458265542984,0.39930781722068787,0.4000438153743744,False
train,0.7241091728210449,0.0,0.02462669089436531,3.428228592383675e-05,0.024108823388814926,-0.024338141083717346,0.40919721126556396,0.4099203646183014,False
train,0.7245259284973145,0.0,0.024792978540062904,3.41808918165043e-05,0.024201028048992157,-0.024423858150839806,0.4191736578941345,0.419884592294693,False
test,0.724942684173584,0.0,0.024963418021798134,3.408213524380699e-05,0.024296050891280174,-0.024512503296136856,0.42924126982688904,0.4299406111240387,False
train,0.7253594398498535,0.0,0.025138026103377342,3.398599801585078e-05,0.024393966421484947,-0.02460414543747902,0.439401239156723,0.44008955359458923,False
train,0.725776195526123,0.0,0.025316797196865082,3.3892429200932384e-05,0.02449466474354267,-0.02469867840409279,0.44965603947639465,0.450333833694458,False
train,0.7261929512023926,0.0,0.02549985982477665,3.380163252586499e-05,0.024598196148872375,-0.024796143174171448,0.46001070737838745,0.4606785178184509,False
train,0.7266097068786621,0.0,0.025687197223305702,3.3713298762449995e-05,0.02470448799431324,-0.024896468967199326,0.470465749502182,0.4711240231990814,False
test,0.7270264625549316,0.0,0.02587886154651642,3.362730785738677e-05,0.024813514202833176,-0.024999625980854034,0.4810246527194977,0.48167383670806885,False
train,0.7274432182312012,0.0,0.026074906811118126,3.35438089678064e-05,0.024925243109464645,-0.02510557882487774,0.4916909635066986,0.49233147501945496,False
train,0.7278599739074707,0.0,0.02627534605562687,3.3462943974882364e-05,0.025039663538336754,-0.025214316323399544,0.5024662017822266,0.5030984282493591,False
train,0.7282767295837402,0.0,0.026480266824364662,3.338421447551809e-05,0.02515672892332077,-0.02532578818500042,0.5133537650108337,0.513978123664856,False
train,0.7286934852600098,0.0,0.026689667254686356,3.330776598886587e-05,0.025276435539126396,-0.02543998882174492,0.5243562459945679,0.5249729752540588,False
test,0.7291102409362793,0.0,0.026903659105300903,3.323377313790843e-05,0.025398684665560722,-0.025556817650794983,0.5354773998260498,0.536086916923523,False
train,0.7295269966125488,0.0,0.027122247964143753,3.316200672998093e-05,0.02552352100610733,-0.025676317512989044,0.5467192530632019,0.5473218560218811,False
train,0.7299437522888184,0.0,0.0273454450070858,3.3092375815613195e-05,0.025650860741734505,-0.02579839900135994,0.558083713054657,0.5586796402931213,False
train,0.7303605079650879,0.0,0.02757340297102928,3.3025004086084664e-05,0.025780677795410156,-0.02592303976416588,0.5695755481719971,0.5701651573181152,False
train,0.7307772636413574,0.0,0.027806097641587257,3.29597205563914e-05,0.02591293677687645,-0.026050200685858727,0.5811961889266968,0.5817796587944031,False
test,0.731194019317627,0.0,0.02804359793663025,3.2896572520257905e-05,0.026047594845294952,-0.026179835200309753,0.592948853969574,0.5935265421867371,False
train,0.7316107749938965,0.0,0.028285963460803032,3.283561090938747e-05,0.02618461847305298,-0.026311907917261124,0.6048370599746704,0.6054090857505798,False
train,0.732027530670166,0.0,0.028533244505524635,3.2776573789305985e-05,0.02632398158311844,-0.0264463908970356,0.6168626546859741,0.6174293160438538,False
train,0.7324442863464355,0.0,0.028785476461052895,3.2719672162784263e-05,0.026465585455298424,-0.026583189144730568,0.6290284991264343,0.6295899748802185,False
train,0.7328610420227051,0.0,0.02904280088841915,3.266461499151774e-05,0.026609456166625023,-0.026722319424152374,0.6413395404815674,0.6418960094451904,False
test,0.7332777380943298,0.0,0.02930510975420475,3.261173333157785e-05,0.02675548940896988,-0.02686367928981781,0.6537933945655823,0.6543450355529785,False
train,0.7336944937705994,0.0,0.029572678729891777,3.256073978263885e-05,0.02690366469323635,-0.027007248252630234,0.6664008498191833,0.6669479012489319,False
train,0.7341112494468689,0.0,0.02984544448554516,3.25117762258742e-05,0.02705393172800541,-0.027152972295880318,0.6791598796844482,0.6797024607658386,False
train,0.7345280051231384,0.0,0.030123461037874222,3.246446794946678e-05,0.02720623090863228,-0.027300788089632988,0.6920738816261292,0.6926121711730957,False
train,0.734944760799408,0.0,0.030406856909394264,3.241905142203905e-05,0.02736053057014942,-0.027450667694211006,0.7051469683647156,0.7056810855865479,False
test,0.7353615164756775,0.0,0.030695602297782898,3.2375610317103565e-05,0.02751678228378296,-0.027602557092905045,0.7183802127838135,0.7189103364944458,False
train,0.735778272151947,0.0,0.030989866703748703,3.233389725210145e-05,0.02767486311495304,-0.027756333351135254,0.7317789793014526,0.7323051691055298,False
train,0.7361950278282166,0.0,0.031289659440517426,3.229414141969755e-05,0.027834808453917503,-0.02791203185915947,0.7453449368476868,0.7458673715591431,False
train,0.7366117835044861,0.0,0.03159504756331444,3.2255884434562176e-05,0.027996482327580452,-0.02806951105594635,0.7590808868408203,0.7595996856689453,False
train,0.7370285391807556,0.0,0.03190614655613899,3.221960650989786e-05,0.028159895911812782,-0.02822878584265709,0.7729909420013428,0.773506224155426,False
test,0.7374452948570251,0.0,0.03222296014428139,3.2184936571866274e-05,0.02832493558526039,-0.028389738872647285,0.787077009677887,0.7875888347625732,False
train,0.7378620505332947,0.0,0.032545607537031174,3.2151987397810444e-05,0.02849155105650425,-0.02855231985449791,0.8013423681259155,0.8018508553504944,False
train,0.7382788062095642,0.0,0.03287418931722641,3.212060619262047e-05,0.028659680858254433,-0.02871646173298359,0.8157918453216553,0.8162971138954163,False
train,0.7386955618858337,0.0,0.0332087017595768,3.209093847544864e-05,0.028829313814640045,-0.028882158920168877,0.8304255604743958,0.8309276700019836,False
train,0.7391123175621033,0.0,0.03354932367801666,3.2062947866506875e-05,0.029000258073210716,-0.029049213975667953,0.8452501893043518,0.8457491993904114,False
test,0.7395290732383728,0.0,0.033896055072546005,3.203663436579518e-05,0.02917255088686943,-0.029217664152383804,0.860265851020813,0.8607618808746338,False
train,0.7399458289146423,0.0,0.034248918294906616,3.20118670060765e-05,0.029346037656068802,-0.029387354850769043,0.8754751086235046,0.8759682178497314,False
train,0.7403625845909119,0.0,0.0346081517636776,3.198861304554157e-05,0.02952074259519577,-0.029558304697275162,0.8908846974372864,0.8913748860359192,False
train,0.7407793402671814,0.0,0.034973714500665665,3.196702164132148e-05,0.029696542769670486,-0.02973039634525776,0.9064947962760925,0.9069821834564209,False
train,0.7411960959434509,0.0,0.035345759242773056,3.194699820596725e-05,0.02987331710755825,-0.029903503134846687,0.9223101139068604,0.922794759273529,False
test,0.7416128516197205,0.0007936508045531809,0.03572431206703186,3.1928237149259076e-05,0.030051063746213913,-0.030077623203396797,0.9383322596549988,0.9388142228126526,False
train,0.74202960729599,0.0,0.03610949218273163,3.191122232237831e-05,0.030229676514863968,-0.030252650380134583,0.9545660614967346,0.9550453424453735,False
train,0.7424463629722595,0.0,0.036501362919807434,3.18956736009568e-05,0.030409056693315506,-0.030428484082221985,0.9710130095481873,0.971489667892456,False
train,0.742863118648529,0.0,0.03690008074045181,3.1881565519142896e-05,0.03058912418782711,-0.030605044215917587,0.9876792430877686,0.988153338432312,False
train,0.7432798743247986,0.0,0.03730565309524536,3.186888716300018e-05,0.030769823119044304,-0.030782274901866913,1.0045651197433472,1.00503671169281,False
test,0.7436966300010681,0.0,0.037718191742897034,3.1857674912316725e-05,0.030951064079999924,-0.03096008114516735,1.0216749906539917,1.0221439599990845,False
train,0.7441133856773376,0.0,0.03813780099153519,3.184792512911372e-05,0.03113275021314621,-0.03113836981356144,1.0390113592147827,1.0394779443740845,False
train,0.7445300817489624,0.0,0.03856455907225609,3.183951412211172e-05,0.031314779072999954,-0.03131703659892082,1.0565773248672485,1.0570412874221802,False
train,0.7449468374252319,0.0,0.03899861127138138,3.183256194461137e-05,0.03149709850549698,-0.03149602934718132,1.0743788480758667,1.0748404264450073,False
train,0.7453635931015015,0.0,0.03944001346826553,3.1826853955863044e-05,0.03167958930134773,-0.031675226986408234,1.0924172401428223,1.0928763151168823,False
test,0.745780348777771,0.0,0.03988885506987572,3.1822724849916995e-05,0.03186219185590744,-0.03185456618666649,1.1106948852539062,1.1111515760421753,False
train,0.7461971044540405,0.0,0.04034522548317909,3.1819872674532235e-05,0.032044779509305954,-0.032033924013376236,1.129216194152832,1.12967050075531,False
train,0.7466138601303101,0.0,0.04080929234623909,3.181832653353922e-05,0.03222727030515671,-0.03221321478486061,1.1479854583740234,1.1484373807907104,False
train,0.7470306158065796,0.0,0.04128109663724899,3.181811553076841e-05,0.03240960091352463,-0.03239237889647484,1.167004108428955,1.1674535274505615,False
train,0.7474473714828491,0.0,0.04176078364253044,3.181920692441054e-05,0.03259162977337837,-0.03257126733660698,1.1862770318984985,1.186724066734314,False
test,0.7478641271591187,0.0,0.04224839434027672,3.182160435244441e-05,0.032773278653621674,-0.032749805599451065,1.2058058977127075,1.206250548362732,False
train,0.7482808828353882,0.0,0.042744074016809464,3.182536602253094e-05,0.032954469323158264,-0.032927919179201126,1.2255949974060059,1.2260372638702393,False
train,0.7486976385116577,0.0,0.04324789345264435,3.183031367370859e-05,0.03313509002327919,-0.03310548514127731,1.2456456422805786,1.246085524559021,False
train,0.7491143941879272,0.0,0.043760042637586594,3.183656735927798e-05,0.03331504762172699,-0.03328241407871246,1.2659659385681152,1.266403317451477,False
train,0.7495311498641968,0.0,0.044280555099248886,3.1843977922108024e-05,0.0334942527115345,-0.03345862030982971,1.2865544557571411,1.286989450454712,False
test,0.7499479055404663,0.0007936508045531809,0.044809576123952866,3.1852847314439714e-05,0.033672578632831573,-0.03363397344946861,1.307416319847107,1.3078489303588867,False
train,0.7503646612167358,0.0,0.04534722492098808,3.186272078892216e-05,0.03384995460510254,-0.03380840644240379,1.3285555839538574,1.3289856910705566,False
train,0.7507814168930054,0.0,0.04589356109499931,3.187396578141488e-05,0.03402625024318695,-0.033981774002313614,1.3499736785888672,1.3504012823104858,False
train,0.7511981725692749,0.0015873016091063619,0.046448808163404465,3.1886305805528536e-05,0.03420139476656914,-0.0341540202498436,1.371677279472351,1.3721023797988892,False
train,0.7516149282455444,0.0,0.047012992203235626,3.1900053727440536e-05,0.034375280141830444,-0.03432503342628479,1.3936662673950195,1.3940889835357666,False
test,0.752031683921814,0.0,0.04758618399500847,3.1914842111291364e-05,0.03454780578613281,-0.034494709223508835,1.4159431457519531,1.41636323928833,False
train,0.7524484395980835,0.0015873016091063619,0.04816866293549538,3.1930765544530004e-05,0.03471886366605759,-0.03466293588280678,1.4385160207748413,1.4389336109161377,False
train,0.752865195274353,0.0,0.04876040294766426,3.194788223481737e-05,0.034888386726379395,-0.034829650074243546,1.4613834619522095,1.4617984294891357,False
train,0.7532819509506226,0.0,0.049361590296030045,3.1966166716301814e-05,0.03505623713135719,-0.03499471768736839,1.4845507144927979,1.484963059425354,False
train,0.7536987066268921,0.0031746032182127237,0.049972280859947205,3.198571357643232e-05,0.035222359001636505,-0.035158075392246246,1.5080196857452393,1.5084295272827148,False
test,0.7541154623031616,0.003968254197388887,0.05059270188212395,3.200612627551891e-05,0.0353865921497345,-0.03531956672668457,1.531795859336853,1.532202959060669,False
train,0.7545322179794312,0.0007936508045531809,0.05122300982475281,3.202786683687009e-05,0.035548895597457886,-0.03547914698719978,1.5558840036392212,1.556288480758667,False
train,0.7549489736557007,0.0,0.05186315253376961,3.205078246537596e-05,0.03570915758609772,-0.03563670814037323,1.5802814960479736,1.5806833505630493,False
train,0.7553657293319702,0.0,0.05251341313123703,3.2074844057206064e-05,0.03586728498339653,-0.03579215332865715,1.6049963235855103,1.6053953170776367,False
train,0.755782425403595,0.0634920671582222,0.05317371338605881,3.2099847885547206e-05,0.036023154854774475,-0.035945355892181396,1.6300246715545654,1.6304209232330322,False
test,0.7561991810798645,0.05000000074505806,0.05384450778365135,3.2126030419021845e-05,0.03617670387029648,-0.03609626367688179,1.6553804874420166,1.6557739973068237,False
train,0.756615936756134,0.03650793805718422,0.05452578514814377,3.215336982975714e-05,0.03632783889770508,-0.036244768649339676,1.6810628175735474,1.6814534664154053,False
train,0.7570326924324036,0.02460317499935627,0.055217523127794266,3.218162237317301e-05,0.03647645190358162,-0.036390773952007294,1.7070690393447876,1.7074568271636963,False
train,0.7574494481086731,0.0476190485060215,0.055920153856277466,3.2211191864917055e-05,0.036622483283281326,-0.03653421252965927,1.733412265777588,1.7337971925735474,False
train,0.7578662037849426,0.0436507947742939,0.05663352087140083,3.224155443604104e-05,0.03676578775048256,-0.03667494282126427,1.7600852251052856,1.760467290878296,False
test,0.7582829594612122,0.04920634999871254,0.05735793709754944,3.2273237593472004e-05,0.03690632805228233,-0.036812927573919296,1.787097454071045,1.7874765396118164,False
train,0.7586997151374817,0.0515873022377491,0.058093465864658356,3.230587753932923e-05,0.037044014781713486,-0.0369480699300766,1.814449667930603,1.8148257732391357,False
train,0.7591164708137512,0.03888889029622078,0.0588403195142746,3.233963070670143e-05,0.03717873990535736,-0.037080273032188416,1.842146635055542,1.842519760131836,False
train,0.7595332264900208,0.04603174701333046,0.05959858372807503,3.237412965972908e-05,0.037310436367988586,-0.03720945864915848,1.8701897859573364,1.8705599308013916,False
train,0.7599499821662903,0.05238095298409462,0.06036832928657532,3.241008744225837e-05,0.03743906691670418,-0.0373355932533741,1.8985788822174072,1.8989460468292236,False
test,0.7603667378425598,0.0595238097012043,0.061149805784225464,3.2446761906612664e-05,0.037564463913440704,-0.03745851293206215,1.927321434020996,1.9276853799819946,False
train,0.7607834935188293,0.04047619178891182,0.061943165957927704,3.248465873184614e-05,0.037686627358198166,-0.03757821023464203,1.9564191102981567,1.956779956817627,False
train,0.7612002491950989,0.06031746044754982,0.06274854391813278,3.252346868976019e-05,0.03780542314052582,-0.03769455850124359,1.985876202583313,1.9862339496612549,False
train,0.7616170048713684,0.0555555559694767,0.06356602162122726,3.256331547163427e-05,0.03792082890868187,-0.03780752792954445,2.0156915187835693,2.0160460472106934,False
train,0.7620337605476379,0.05476190522313118,0.06439590454101562,3.260420999140479e-05,0.03803276643157005,-0.03791704401373863,2.0458731651306152,2.046224594116211,False
test,0.7624505162239075,0.05714285746216774,0.06523808091878891,3.264589759055525e-05,0.0381411574780941,-0.038023028522729874,2.076416254043579,2.0767643451690674,False
train,0.762867271900177,0.0555555559694767,0.06609279662370682,3.2688672945369035e-05,0.038245927542448044,-0.038125403225421906,2.1073250770568848,2.1076698303222656,False
train,0.7632840275764465,0.0555555559694767,0.06696031242609024,3.273253241786733e-05,0.038347065448760986,-0.03822416067123413,2.1386072635650635,2.138948678970337,False
train,0.7637007832527161,0.05079365149140358,0.06784078478813171,3.2777323212940246e-05,0.03844446316361427,-0.038319189101457596,2.1702632904052734,2.1706016063690186,False
train,0.7641175389289856,0.05793650820851326,0.06873420625925064,3.282296165707521e-05,0.03853810578584671,-0.038410477340221405,2.202291965484619,2.202626943588257,False
test,0.7645342946052551,0.05317460373044014,0.06964082270860672,3.286982246208936e-05,0.03862787038087845,-0.03849790245294571,2.2346982955932617,2.235029935836792,False
train,0.7649510502815247,0.05793650820851326,0.07056084275245667,3.2917501812335104e-05,0.03871380165219307,-0.03858150169253349,2.267486095428467,2.2678143978118896,False
train,0.7653678059577942,0.05079365149140358,0.07149438560009003,3.2966196158668026e-05,0.03879579156637192,-0.0386611707508564,2.3006553649902344,2.3009800910949707,False
train,0.7657845616340637,0.05793650820851326,0.07244148850440979,3.3015872759278864e-05,0.0388738214969635,-0.038736894726753235,2.3342061042785645,2.3345274925231934,False
train,0.7662013173103333,0.0634920671582222,0.07340250164270401,3.3066382457036525e-05,0.038947831839323044,-0.038808610290288925,2.368145227432251,2.3684632778167725,False
test,0.7666180729866028,0.04920634999871254,0.07437745481729507,3.311788532300852e-05,0.03901781141757965,-0.038876306265592575,2.4024710655212402,2.402785539627075,False
train,0.7670348286628723,0.05634920671582222,0.07536651939153671,3.317038499517366e-05,0.03908368945121765,-0.038939908146858215,2.437185764312744,2.4374969005584717,False
train,0.7674515247344971,0.010317460633814335,0.07636971026659012,3.322369957459159e-05,0.03914549574255943,-0.03899945318698883,2.472285032272339,2.47259259223938,False
train,0.7678682804107666,0.0015873016091063619,0.07738760113716125,3.32780800818e-05,0.03920312598347664,-0.03905482962727547,2.5077857971191406,2.508089780807495,False
train,0.7682850360870361,0.0015873016091063619,0.07841997593641281,3.333321728860028e-05,0.03925661742687225,-0.039106082171201706,2.54367733001709,2.543977975845337,False
test,0.7687017917633057,0.008730159141123295,0.07946716248989105,3.338940587127581e-05,0.039305947721004486,-0.03915318101644516,2.579965353012085,2.5802624225616455,False
train,0.7691185474395752,0.02619047649204731,0.08052932471036911,3.344644937897101e-05,0.03935106471180916,-0.03919607773423195,2.6166510581970215,2.6169445514678955,False
train,0.7695353031158447,0.02063492126762867,0.08160654455423355,3.350445331307128e-05,0.03939196094870567,-0.039234764873981476,2.6537342071533203,2.654024362564087,False
train,0.7699520587921143,0.0,0.0826990082859993,3.3563166653038934e-05,0.03942865505814552,-0.039269257336854935,2.691216230392456,2.691502809524536,False
train,0.7703688144683838,0.0,0.08380680531263351,3.3623044146224856e-05,0.03946109861135483,-0.039299510419368744,2.729095458984375,2.7293784618377686,False
test,0.7707855701446533,0.0,0.08493034541606903,3.368395482539199e-05,0.03948936238884926,-0.039325591176748276,2.767380952835083,2.76766037940979,False
train,0.7712023258209229,0.0,0.08606954663991928,3.37453639076557e-05,0.03951333463191986,-0.039347391575574875,2.806065797805786,2.8063416481018066,False
train,0.7716190814971924,0.0,0.08722466975450516,3.380791895324364e-05,0.039533115923404694,-0.0393650121986866,2.84515380859375,2.845426082611084,False
train,0.7720358371734619,0.0,0.08839583396911621,3.3871201594593003e-05,0.03954866901040077,-0.03937840834259987,2.884643077850342,2.8849120140075684,False
train,0.7724525928497314,0.0,0.08958330750465393,3.39354774041567e-05,0.03956002742052078,-0.039387620985507965,2.9245383739471436,2.9248037338256836,False
test,0.772869348526001,0.0015873016091063619,0.0907871201634407,3.4000557207036763e-05,0.03956715762615204,-0.0393926203250885,2.964834690093994,2.9650964736938477,False
train,0.7732861042022705,0.0,0.09200751036405563,3.4066539228660986e-05,0.03957013785839081,-0.03939347341656685,3.0055344104766846,3.0057926177978516,False
train,0.77370285987854,0.0,0.09324468672275543,3.4133365261368454e-05,0.03956892341375351,-0.03939013555645943,3.046640157699585,3.0468947887420654,False
train,0.7741196155548096,0.0015873016091063619,0.0944986566901207,3.420116991037503e-05,0.0395636223256588,-0.039382725954055786,3.0881459712982178,3.0883970260620117,False
train,0.7745363712310791,0.04285714402794838,0.09576968848705292,3.426966577535495e-05,0.039554156363010406,-0.03937115892767906,3.1300551891326904,3.130302667617798,False
test,0.7749531269073486,0.011904762126505375,0.09705793857574463,3.433911842876114e-05,0.03954067826271057,-0.03935558348894119,3.17236590385437,3.17261004447937,False
train,0.7753698825836182,0.0,0.0983637124300003,3.440936779952608e-05,0.03952306881546974,-0.03933589160442352,3.2150826454162598,3.2153232097625732,False
train,0.7757866382598877,0.0,0.09968684613704681,3.44805812346749e-05,0.039501503109931946,-0.03931224346160889,3.2581942081451416,3.2584314346313477,False
train,0.7762033939361572,0.0,0.10102779418230057,3.455270052654669e-05,0.0394759401679039,-0.039284609258174896,3.3017091751098633,3.301942825317383,False
train,0.7766201496124268,0.0007936508045531809,0.10238655656576157,3.4625569242052734e-05,0.03944640979170799,-0.03925301879644394,3.3456203937530518,3.345850706100464,False
test,0.7770369052886963,0.0,0.10376335680484772,3.4699281968642026e-05,0.03941303491592407,-0.03921758756041527,3.389928102493286,3.390155076980591,False
train,0.7774536609649658,0.0007936508045531809,0.10515837371349335,3.4773649531416595e-05,0.039375800639390945,-0.039178308099508286,3.434633731842041,3.4348573684692383,False
train,0.7778704166412354,0.0007936508045531809,0.10657162219285965,3.484907574602403e-05,0.039334800094366074,-0.03913526609539986,3.4797279834747314,3.479948043823242,False
train,0.7782871723175049,0.0,0.10800345242023468,3.492529867799021e-05,0.03929003328084946,-0.03908846899867058,3.525216579437256,3.525433301925659,False
train,0.7787038683891296,0.0,0.10945374518632889,3.500238381093368e-05,0.039241623133420944,-0.039038028568029404,3.5710883140563965,3.5713016986846924,False
test,0.7791206240653992,0.0015873016091063619,0.11092302948236465,3.508021109155379e-05,0.03918952867388725,-0.038983918726444244,3.61735200881958,3.6175620555877686,False
train,0.7795373797416687,0.0,0.11241136491298676,3.515881689963862e-05,0.03913393244147301,-0.03892630711197853,3.6640028953552246,3.6642096042633057,False
train,0.7799541354179382,0.0,0.11391881108283997,3.5238372220192105e-05,0.03907475247979164,-0.03886512294411659,3.711033344268799,3.7112369537353516,False
train,0.7803708910942078,0.0,0.11544550210237503,3.531870970618911e-05,0.03901217132806778,-0.03880054131150246,3.758441925048828,3.7586421966552734,False
train,0.7807876467704773,0.0007936508045531809,0.11699161678552628,3.539990575518459e-05,0.03894621133804321,-0.03873258829116821,3.8062243461608887,3.8064215183258057,False
test,0.7812044024467468,0.0,0.11855734139680862,3.548176755430177e-05,0.03887694701552391,-0.03866134211421013,3.854379177093506,3.8545730113983154,False
train,0.7816211581230164,0.0007936508045531809,0.12014295160770416,3.5564593417802826e-05,0.03880441561341286,-0.038586828857660294,3.902906894683838,3.903097629547119,False
train,0.7820379137992859,0.0,0.1217481940984726,3.564808866940439e-05,0.0387287475168705,-0.03850918635725975,3.9517898559570312,3.951977491378784,False
train,0.7824546694755554,0.0031746032182127237,0.12337351590394974,3.5732431570068e-05,0.03864995017647743,-0.038428425788879395,4.001034259796143,4.001218795776367,False
train,0.782871425151825,0.0063492064364254475,0.1250191330909729,3.581765486160293e-05,0.03856819495558739,-0.03834470734000206,4.050637245178223,4.050818920135498,False
test,0.7832881808280945,0.0015873016091063619,0.1266850084066391,3.5903627576772124e-05,0.03848344087600708,-0.03825799375772476,4.100588798522949,4.100767135620117,False
train,0.783704936504364,0.0007936508045531809,0.12837128341197968,3.599039337132126e-05,0.038395896553993225,-0.03816850483417511,4.150884628295898,4.151060104370117,False
train,0.7841216921806335,0.0,0.1300782710313797,3.607791586546227e-05,0.03830549493432045,-0.03807615861296654,4.201521873474121,4.201694488525391,False
train,0.7845384478569031,0.0,0.1318058967590332,3.616627509472892e-05,0.038212429732084274,-0.03798115625977516,4.252491474151611,4.252660751342773,False
train,0.7849552035331726,0.0,0.13355450332164764,3.625543831731193e-05,0.038116734474897385,-0.03788352757692337,4.303792476654053,4.303958892822266,False
test,0.7853719592094421,0.0,0.1353238821029663,3.6345267290016636e-05,0.038018517196178436,-0.03778338059782982,4.355410099029541,4.355573654174805,False
train,0.7857887148857117,0.0,0.13711445033550262,3.6436158552533016e-05,0.03791779652237892,-0.037680733948946,4.407344341278076,4.407505512237549,False
train,0.7862054705619812,0.0,0.13892625272274017,3.652758459793404e-05,0.037814799696207047,-0.037575822323560715,4.459587097167969,4.459745407104492,False
train,0.7866222262382507,0.003968254197388887,0.14075957238674164,3.6619730963138863e-05,0.03770942613482475,-0.03746853396296501,4.5121355056762695,4.512290954589844,False
train,0.7870389819145203,0.0,0.1426141858100891,3.671302692964673e-05,0.03760194778442383,-0.037359144538640976,4.564972877502441,4.565125942230225,False
test,0.7874557375907898,0.0015873016091063619,0.14449046552181244,3.680669396999292e-05,0.03749226778745651,-0.037247564643621445,4.618098258972168,4.618248462677002,False
train,0.7878724932670593,0.0007936508045531809,0.1463884711265564,3.690119774546474e-05,0.03738059103488922,-0.03713398799300194,4.671501159667969,4.671648979187012,False
train,0.7882892489433289,0.0,0.14830823242664337,3.6996687413193285e-05,0.03726700320839882,-0.03701850026845932,4.7251715660095215,4.725316524505615,False
train,0.7887060046195984,0.004761904943734407,0.15024998784065247,3.7092744605615735e-05,0.03715156763792038,-0.03690117225050926,4.7791056632995605,4.779248237609863,False
train,0.7891227602958679,0.0007936508045531809,0.1522137075662613,3.718964944710024e-05,0.03703434765338898,-0.03678205981850624,4.83328914642334,4.833428859710693,False
test,0.7895395159721375,0.0,0.15419963002204895,3.728723822860047e-05,0.03691551834344864,-0.03666134923696518,4.887714862823486,4.887852668762207,False
train,0.7899562120437622,0.0007936508045531809,0.15620727837085724,3.738572195288725e-05,0.036795079708099365,-0.03653902933001518,4.94235897064209,4.942493915557861,False
train,0.7903729677200317,0.0,0.15823772549629211,3.7484966014744714e-05,0.03667315095663071,-0.0364152155816555,4.9972381591796875,4.997370719909668,False
train,0.7907897233963013,0.0,0.16029050946235657,3.75849413103424e-05,0.03654980659484863,-0.0362899973988533,5.052326679229736,5.052456855773926,False
train,0.7912064790725708,0.0,0.1623656451702118,3.768554233829491e-05,0.03642510995268822,-0.03616342321038246,5.10761022567749,5.107738494873047,False
test,0.7916232347488403,0.0,0.1644633412361145,3.778710015467368e-05,0.03629925847053528,-0.036035697907209396,5.163081169128418,5.163207054138184,False
train,0.7920399904251099,0.0,0.16658377647399902,3.788917820202187e-05,0.03617217019200325,-0.03590673953294754,5.2187299728393555,5.21885347366333,False
train,0.7924567461013794,0.0,0.16872671246528625,3.799218757194467e-05,0.036044105887413025,-0.03577680513262749,5.274537086486816,5.274658203125,False
train,0.7928735017776489,0.0,0.17089256644248962,3.809595000348054e-05,0.03591502830386162,-0.03564585745334625,5.330498695373535,5.330617904663086,False
train,0.7932902574539185,0.0,0.17308107018470764,3.820053825620562e-05,0.03578508272767067,-0.035514041781425476,5.386590480804443,5.386707305908203,False
test,0.793707013130188,0.0,0.17529240250587463,3.830578498309478e-05,0.03565433993935585,-0.03538142889738083,5.442805290222168,5.442920207977295,False
train,0.7941237688064575,0.0,0.17752663791179657,3.841168654616922e-05,0.035522885620594025,-0.035248104482889175,5.4991254806518555,5.49923849105835,False
train,0.794540524482727,0.0,0.17978382110595703,3.851846486213617e-05,0.03539077192544937,-0.035114120692014694,5.555538177490234,5.555649280548096,False
train,0.7949572801589966,0.0,0.18206392228603363,3.862605808535591e-05,0.035258177667856216,-0.03497965633869171,5.612027645111084,5.6121368408203125,False
train,0.7953740358352661,0.0007936508045531809,0.1843668669462204,3.873428431688808e-05,0.03512503206729889,-0.03484463319182396,5.668571949005127,5.668679237365723,False
test,0.7957907915115356,0.0,0.18669302761554718,3.8843405491206795e-05,0.034991584718227386,-0.03470930829644203,5.725165367126465,5.725270748138428,False
train,0.7962075471878052,0.0,0.18904195725917816,3.895327972713858e-05,0.034857768565416336,-0.03457361459732056,5.7817769050598145,5.781879901885986,False
train,0.7966243028640747,0.0,0.191414013504982,3.9063837903086096e-05,0.03472374752163887,-0.03443770855665207,5.8384013175964355,5.838502883911133,False
train,0.7970410585403442,0.0,0.19380886852741241,3.917512367479503e-05,0.034589577466249466,-0.034301649779081345,5.895007133483887,5.895106792449951,False
train,0.7974578142166138,0.0,0.19622671604156494,3.928732257918455e-05,0.03445533290505409,-0.03416551277041435,5.951582431793213,5.951680660247803,False
test,0.7978745698928833,0.0,0.19866760075092316,3.9400179957738146e-05,0.034321073442697525,-0.03402935341000557,6.008109092712402,6.008205413818359,False
train,0.7982913255691528,0.0007936508045531809,0.20113138854503632,3.9513626688858494e-05,0.03418690711259842,-0.03389328345656395,6.064562797546387,6.064657688140869,False
train,0.7987080812454224,0.0,0.20361793041229248,3.9628081140108407e-05,0.03405287116765976,-0.03375733271241188,6.1209211349487305,6.12101411819458,False
train,0.7991248369216919,0.0007936508045531809,0.20612746477127075,3.974320861743763e-05,0.033919114619493484,-0.0336216576397419,6.177164077758789,6.177255630493164,False
train,0.7995415925979614,0.0007936508045531809,0.2086595594882965,3.985927833127789e-05,0.03378559276461601,-0.033486202359199524,6.233264446258545,6.233354091644287,False
test,0.799958348274231,0.004761904943734407,0.21121443808078766,3.997606836492196e-05,0.03365245461463928,-0.033351119607686996,6.28920316696167,6.289291858673096,False
train,0.8003751039505005,0.10555555671453476,0.21379207074642181,4.0093618736136705e-05,0.03351975604891777,-0.03321646526455879,6.344955921173096,6.345042705535889,False
train,0.80079185962677,0.0031746032182127237,0.21639187633991241,4.021174754598178e-05,0.033387549221515656,-0.03308229520916939,6.400487422943115,6.400572776794434,False
train,0.8012085556983948,0.210317462682724,0.21901395916938782,4.0330953197553754e-05,0.03325595334172249,-0.03294871747493744,6.455774307250977,6.45585823059082,False
train,0.8016253113746643,0.1190476194024086,0.22165876626968384,4.045089735882357e-05,0.03312492370605469,-0.032815687358379364,6.510802745819092,6.510885238647461,False
test,0.8020420670509338,0.09285714477300644,0.22432567179203033,4.0571663703303784e-05,0.0329945869743824,-0.03268333896994591,6.565530300140381,6.565611839294434,False
train,0.8024588227272034,0.18968254327774048,0.2270144820213318,4.069310307386331e-05,0.032865025103092194,-0.03255174309015274,6.619927883148193,6.6200079917907715,False
train,0.8028755784034729,0.0063492064364254475,0.22972530126571655,4.081544830114581e-05,0.032736197113990784,-0.032420866191387177,6.673969268798828,6.674047946929932,False
train,0.8032923340797424,0.010317460633814335,0.23245783150196075,4.0938826714409515e-05,0.032608289271593094,-0.032290879637002945,6.727620601654053,6.727697849273682,False
train,0.803709089756012,0.008730159141123295,0.23521208763122559,4.106277265236713e-05,0.03248133882880211,-0.032161835581064224,6.780853748321533,6.780930042266846,False
test,0.8041258454322815,0.11825396865606308,0.23798754811286926,4.118764627492055e-05,0.032355308532714844,-0.032033681869506836,6.833624839782715,6.833700180053711,False
train,0.804542601108551,0.19603174924850464,0.24078427255153656,4.131348759983666e-05,0.03223037347197533,-0.031906597316265106,6.8859052658081055,6.885979175567627,False
train,0.8049593567848206,0.02222222276031971,0.2436017394065857,4.144006743445061e-05,0.03210647776722908,-0.03178052231669426,6.937653541564941,6.9377264976501465,False
train,0.8053761124610901,0.011111111380159855,0.2464398741722107,4.1567553125787526e-05,0.031983714550733566,-0.03165554627776146,6.988831996917725,6.988903999328613,False
train,0.8057928681373596,0.004761904943734407,0.24929891526699066,4.169595194980502e-05,0.03186217322945595,-0.03153176233172417,7.039412498474121,7.039483070373535,False
test,0.8062096238136292,0.10952381044626236,0.2521778643131256,4.182546035735868e-05,0.031741831451654434,-0.0314091332256794,7.0893378257751465,7.089407444000244,False
train,0.8066263794898987,0.15952381491661072,0.25507667660713196,4.19557691202499e-05,0.031622786074876785,-0.03128776699304581,7.138570785522461,7.138639450073242,False
train,0.8070431351661682,0.01904761977493763,0.25799527764320374,4.208696918794885e-05,0.031505074352025986,-0.03116769716143608,7.187074184417725,7.1871418952941895,False
train,0.8074598908424377,0.2698412835597992,0.2609330713748932,4.2219100578222424e-05,0.03138871490955353,-0.031048929318785667,7.234793663024902,7.234860420227051,False
train,0.8078766465187073,0.26825398206710815,0.2638898491859436,4.235237793182023e-05,0.03127380087971687,-0.030931556597352028,7.281683444976807,7.281749248504639,False
test,0.8082934021949768,0.26428571343421936,0.2668650448322296,4.248647383064963e-05,0.031160306185483932,-0.03081555664539337,7.327693939208984,7.3277587890625,False
train,0.8087101578712463,0.30793651938438416,0.26985877752304077,4.2621650209184736e-05,0.031048282980918884,-0.03070097230374813,7.372780799865723,7.372844696044922,False
train,0.8091269135475159,0.31904762983322144,0.2728700637817383,4.275794708519243e-05,0.030937815085053444,-0.03058788552880287,7.416879653930664,7.416942596435547,False
train,0.8095436692237854,0.36666667461395264,0.27589860558509827,4.289533899282105e-05,0.030828917399048805,-0.03047630749642849,7.4599409103393555,7.460002899169922,False
train,0.8099604249000549,0.33095237612724304,0.2789442837238312,4.3033662223024294e-05,0.030721615999937057,-0.030366258695721626,7.5019145011901855,7.501976013183594,False
test,0.8103771805763245,0.3730158805847168,0.28200647234916687,4.31732514698524e-05,0.03061596304178238,-0.03025778755545616,7.542733669281006,7.542794227600098,False
train,0.810793936252594,0.3365079462528229,0.28508439660072327,4.331408126745373e-05,0.030511979013681412,-0.03015091083943844,7.582333087921143,7.582393169403076,False
train,0.8112106919288635,0.37857142090797424,0.2881779670715332,4.345599518273957e-05,0.030409714207053185,-0.03004567325115204,7.62066125869751,7.620720386505127,False
train,0.8116274476051331,0.3103174567222595,0.2912864685058594,4.35990332334768e-05,0.030309151858091354,-0.02994205616414547,7.657642841339111,7.657701015472412,False
train,0.8120442032814026,0.3579365015029907,0.2944090664386749,4.374350464786403e-05,0.030210331082344055,-0.02984009124338627,7.6932148933410645,7.693272590637207,False
test,0.8124609589576721,0.369047611951828,0.2975457012653351,4.3889165681321174e-05,0.030113352462649345,-0.029739871621131897,7.727306365966797,7.727363586425781,False
train,0.8128776550292969,0.3126984238624573,0.30069464445114136,4.403623825055547e-05,0.030018171295523643,-0.029641350731253624,7.759833812713623,7.759890079498291,False
train,0.8132944107055664,0.3920634984970093,0.30385643243789673,4.418464232003316e-05,0.029924824833869934,-0.029544558376073837,7.790738105773926,7.7907938957214355,False
train,0.8137111663818359,0.3174603283405304,0.30702999234199524,4.433451977092773e-05,0.029833318665623665,-0.02944949083030224,7.819934368133545,7.8199896812438965,False
train,0.8141279220581055,0.3722222149372101,0.31021448969841003,4.4485968828666955e-05,0.02974368818104267,-0.029356181621551514,7.8473405838012695,7.847395420074463,False
test,0.814544677734375,0.29603174328804016,0.3134094774723053,4.463878212845884e-05,0.02965600974857807,-0.029264699667692184,7.87288236618042,7.872936725616455,False
train,0.8149614334106445,0.3603174686431885,0.31661349534988403,4.4793065171688795e-05,0.02957024611532688,-0.02917499840259552,7.896456241607666,7.896510124206543,False
train,0.8153781890869141,0.25634920597076416,0.31982624530792236,4.494929453358054e-05,0.029486417770385742,-0.029087092727422714,7.91799259185791,7.918045997619629,False
train,0.8157949447631836,0.3650793731212616,0.32304659485816956,4.510692451731302e-05,0.029404563829302788,-0.029001014307141304,7.93739128112793,7.93744421005249,False
train,0.8162117004394531,0.230158731341362,0.3262738585472107,4.5266580855241045e-05,0.029324684292078018,-0.028916751965880394,7.954558372497559,7.954610824584961,False
test,0.8166284561157227,0.369047611951828,0.32950693368911743,4.542796887108125e-05,0.02924683876335621,-0.02883436158299446,7.969405651092529,7.969457626342773,False
train,0.8170452117919922,0.34761905670166016,0.33274468779563904,4.559132503345609e-05,0.029170967638492584,-0.028753772377967834,7.981823921203613,7.981875896453857,False
train,0.8174619674682617,0.2587301731109619,0.33598634600639343,4.57563110103365e-05,0.02909710630774498,-0.028675012290477753,7.991715908050537,7.991767406463623,False
train,0.8178787231445312,0.3539682626724243,0.3392307460308075,4.592373807099648e-05,0.029025325551629066,-0.028598139062523842,7.998983383178711,7.999034404754639,False
train,0.8182954788208008,0.26428571343421936,0.34247684478759766,4.609318420989439e-05,0.02895558625459671,-0.02852310799062252,8.003518104553223,8.003569602966309,False
test,0.8187122344970703,0.3531745970249176,0.3457234799861908,4.626475492841564e-05,0.028887856751680374,-0.028449876233935356,8.005216598510742,8.005267143249512,False
train,0.8191289901733398,0.2507936656475067,0.34896931052207947,4.643860302167013e-05,0.028822287917137146,-0.02837858721613884,8.00396728515625,8.00401782989502,False
train,0.8195457458496094,0.3452380895614624,0.35221296548843384,4.661488128476776e-05,0.028758740052580833,-0.028309086337685585,7.999655246734619,7.9997053146362305,False
train,0.8199625015258789,0.24682539701461792,0.35545337200164795,4.679374615079723e-05,0.028697319328784943,-0.028241470456123352,7.992175102233887,7.992225170135498,False
train,0.8203792572021484,0.3373015820980072,0.3586890399456024,4.6975135774118826e-05,0.028637923300266266,-0.028175629675388336,7.981415271759033,7.981464862823486,False
test,0.820796012878418,0.2706349194049835,0.36191898584365845,4.7159119276329875e-05,0.028580693528056145,-0.028111690655350685,7.967259407043457,7.96730899810791,False
train,0.8212127685546875,0.341269850730896,0.365141361951828,4.73461695946753e-05,0.02852557972073555,-0.028049591928720474,7.949599742889404,7.949649333953857,False
train,0.821629524230957,0.27539682388305664,0.3683546483516693,4.753609391627833e-05,0.028472572565078735,-0.027989313006401062,7.928311824798584,7.928360939025879,False
train,0.8220462799072266,0.3460317552089691,0.3715576231479645,4.772900865646079e-05,0.028421640396118164,-0.027930814772844315,7.903301239013672,7.903350830078125,False
train,0.8224630355834961,0.2984127104282379,0.3747485280036926,4.792494291905314e-05,0.028372863307595253,-0.027874162420630455,7.874449729919434,7.874499320983887,False
test,0.8228797912597656,0.3920634984970093,0.37792566418647766,4.812434417544864e-05,0.028326168656349182,-0.02781927026808262,7.841646671295166,7.841695785522461,False
train,0.8232965469360352,0.41031745076179504,0.38108742237091064,4.832706690649502e-05,0.028281668201088905,-0.027766242623329163,7.80479097366333,7.804840087890625,False
train,0.8237133026123047,0.5515872836112976,0.3842322826385498,4.853378777625039e-05,0.028239183127880096,-0.02771488018333912,7.763783931732178,7.763833045959473,False
train,0.8241299986839294,0.49444442987442017,0.38735783100128174,4.874376827501692e-05,0.02819886989891529,-0.02766534313559532,7.718533039093018,7.718582630157471,False
train,0.824546754360199,0.6095238327980042,0.3904632031917572,4.89577796543017e-05,0.028160715475678444,-0.027617596089839935,7.668935298919678,7.668984889984131,False
test,0.8249635100364685,0.541269838809967,0.3935462236404419,4.9175734602613375e-05,0.028124624863266945,-0.027571536600589752,7.614914417266846,7.614964485168457,False
train,0.825380265712738,0.6460317373275757,0.3966050446033478,4.939800055581145e-05,0.02809070609509945,-0.027527261525392532,7.556395053863525,7.556445121765137,False
train,0.8257970213890076,0.5507936477661133,0.3996376693248749,4.962463572155684e-05,0.028058791533112526,-0.0274845939129591,7.493307113647461,7.4933576583862305,False
train,0.8262137770652771,0.44999998807907104,0.4026424288749695,4.9855636461870745e-05,0.028029056265950203,-0.02744370698928833,7.425605773925781,7.425656318664551,False
train,0.8266305327415466,0.32301586866378784,0.4056170880794525,5.00914356962312e-05,0.028001412749290466,-0.02740449085831642,7.353225231170654,7.353276252746582,False
test,0.8270472884178162,0.3769841194152832,0.4085597097873688,5.033209890825674e-05,0.027975860983133316,-0.02736695110797882,7.276147365570068,7.276198863983154,False
train,0.8274640440940857,0.31507936120033264,0.41146862506866455,5.057782254880294e-05,0.02795233763754368,-0.02733101136982441,7.19434928894043,7.194401264190674,False
train,0.8278807997703552,0.3936507999897003,0.4143417775630951,5.082842835690826e-05,0.027930976822972298,-0.02729680947959423,7.107836723327637,7.107889175415039,False
train,0.8282975554466248,0.33571428060531616,0.41717687249183655,5.108485493110493e-05,0.027911633253097534,-0.02726418524980545,7.016608238220215,7.016661167144775,False
train,0.8287143111228943,0.3976190388202667,0.41997238993644714,5.134678940521553e-05,0.027894403785467148,-0.027233237400650978,6.920714378356934,6.920767784118652,False
test,0.8291310667991638,0.36269840598106384,0.4227263927459717,5.16142972628586e-05,0.027879126369953156,-0.027203811332583427,6.820201873779297,6.820256233215332,False
train,0.8295478224754333,0.5468254089355469,0.42543670535087585,5.1887749577872455e-05,0.027865959331393242,-0.027176059782505035,6.715149879455566,6.715205192565918,False
train,0.8299645781517029,0.5373015999794006,0.4281018376350403,5.216738281887956e-05,0.027854809537529945,-0.027149897068738937,6.605648994445801,6.6057047843933105,False
train,0.8303813338279724,0.6404761672019958,0.43071943521499634,5.2453367970883846e-05,0.027845676988363266,-0.027125326916575432,6.491825103759766,6.491881847381592,False
train,0.8307980895042419,0.5690476298332214,0.43328821659088135,5.274575232760981e-05,0.02783850021660328,-0.02710229717195034,6.373826026916504,6.3738837242126465,False
test,0.8312148451805115,0.617460310459137,0.43580618500709534,5.3044721425976604e-05,0.027833381667733192,-0.027080927044153214,6.251835346221924,6.251893997192383,False
train,0.831631600856781,0.33888888359069824,0.43827179074287415,5.335052264854312e-05,0.027830181643366814,-0.027061086148023605,6.126035690307617,6.126095294952393,False
train,0.8320483565330505,0.4007936418056488,0.44068393111228943,5.366335608414374e-05,0.027828972786664963,-0.027042865753173828,5.996681213378906,5.996742248535156,False
train,0.8324651122093201,0.3531745970249176,0.4430406391620636,5.398291614255868e-05,0.02782967872917652,-0.027026215568184853,5.864016532897949,5.864078521728516,False
train,0.8328818678855896,0.4396825432777405,0.4453408122062683,5.431043973658234e-05,0.027832360938191414,-0.0270112045109272,5.728329181671143,5.728392601013184,False
test,0.8332986235618591,0.43095237016677856,0.44758325815200806,5.464469359139912e-05,0.027836930006742477,-0.026997793465852737,5.58994197845459,5.590007305145264,False
train,0.8337153792381287,0.553174614906311,0.4497669041156769,5.498687460203655e-05,0.027843371033668518,-0.026985984295606613,5.44920539855957,5.449272155761719,False
train,0.8341321349143982,0.6261904835700989,0.451891154050827,5.533621151698753e-05,0.02785169892013073,-0.026975836604833603,5.306473255157471,5.306541919708252,False
train,0.8345488905906677,0.5777778029441833,0.45395493507385254,5.56932354811579e-05,0.02786191739141941,-0.02696738950908184,5.162168025970459,5.162238121032715,False
train,0.8349656462669373,0.6626983880996704,0.45595741271972656,5.60581247555092e-05,0.02787390723824501,-0.02696055918931961,5.016697883605957,5.016770362854004,False
test,0.835382342338562,0.5349206328392029,0.4578990340232849,5.6430897529935464e-05,0.027887767180800438,-0.02695550210773945,4.87053918838501,4.870614051818848,False
train,0.8357990980148315,0.6373015642166138,0.45977866649627686,5.681134280166589e-05,0.027903325855731964,-0.026952089741826057,4.724129676818848,4.724206447601318,False
train,0.8362158536911011,0.6634920835494995,0.46159711480140686,5.7199864386348054e-05,0.027920741587877274,-0.0269505325704813,4.577951431274414,4.578031063079834,False
train,0.8366326093673706,0.5944444537162781,0.46335452795028687,5.759587656939402e-05,0.027939878404140472,-0.026950759813189507,4.43253231048584,4.432614326477051,False
train,0.8370493650436401,0.5825396776199341,0.4650510251522064,5.799988139187917e-05,0.027960769832134247,-0.02695285715162754,4.288362503051758,4.288447380065918,False
test,0.8374661207199097,0.629365086555481,0.46668726205825806,5.8411234931554645e-05,0.027983274310827255,-0.02695675566792488,4.145991325378418,4.146079063415527,False
train,0.8378828763961792,0.5626984238624573,0.46826452016830444,5.883071935386397e-05,0.028007544577121735,-0.026962656527757645,4.0059099197387695,4.006000518798828,False
train,0.8382996320724487,0.6428571343421936,0.46978309750556946,5.925746154389344e-05,0.028033392503857613,-0.026970459148287773,3.8686788082122803,3.8687727451324463,False
train,0.8387163877487183,0.4722222089767456,0.471245139837265,5.969150515738875e-05,0.02806093730032444,-0.026980342343449593,3.7347915172576904,3.734889030456543,False
train,0.8391331434249878,0.44206348061561584,0.4726516902446747,6.01328574703075e-05,0.02808995358645916,-0.026992149651050568,3.604757308959961,3.6048583984375,False
test,0.8395498991012573,0.3968254029750824,0.4740045964717865,6.05810564593412e-05,0.028120657429099083,-0.02700617164373398,3.4790709018707275,3.4791758060455322,False
train,0.8399666547775269,0.3484126925468445,0.47530582547187805,6.103608757257462e-05,0.028152812272310257,-0.027022242546081543,3.3582234382629395,3.3583321571350098,False
train,0.8403834104537964,0.39444443583488464,0.47655725479125977,6.149740511318669e-05,0.02818654105067253,-0.02704055793583393,3.242624044418335,3.24273681640625,False
train,0.8408001661300659,0.4079365134239197,0.47776147723197937,6.196511094458401e-05,0.02822164259850979,-0.0270609799772501,3.1327178478240967,3.1328346729278564,False
train,0.8412169218063354,0.4682539701461792,0.4789208173751831,6.243863026611507e-05,0.028258275240659714,-0.027083737775683403,3.0288782119750977,3.028999090194702,False
test,0.841633677482605,0.36349207162857056,0.4800379276275635,6.291751196840778e-05,0.02829626575112343,-0.027108725160360336,2.9314513206481934,2.931576728820801,False
train,0.8420504331588745,0.4317460358142853,0.48111534118652344,6.340200343402103e-05,0.028335705399513245,-0.02713608555495739,2.840744972229004,2.840874433517456,False
train,0.842467188835144,0.46587300300598145,0.48215654492378235,6.389022018993273e-05,0.02837635762989521,-0.027165664359927177,2.7570180892944336,2.7571518421173096,False
train,0.8428839445114136,0.5888888835906982,0.48316386342048645,6.438361015170813e-05,0.02841845154762268,-0.027197707444429398,2.6804721355438232,2.680610179901123,False
train,0.8433007001876831,0.6000000238418579,0.48414063453674316,6.488056533271447e-05,0.02846173197031021,-0.027232035994529724,2.611278533935547,2.6114206314086914,False
test,0.8437174558639526,0.5373015999794006,0.4850896894931793,6.538110028486699e-05,0.02850627526640892,-0.027268750593066216,2.5495455265045166,2.5496914386749268,False
train,0.8441342115402222,0.591269850730896,0.486014187335968,6.588430551346391e-05,0.02855200134217739,-0.027307821437716484,2.4953296184539795,2.495479106903076,False
train,0.8445509672164917,0.4563491940498352,0.4869178533554077,6.639018101850525e-05,0.02859894372522831,-0.02734929695725441,2.4486305713653564,2.4487833976745605,False
train,0.8449677228927612,0.4158730208873749,0.4878033399581909,6.68974535074085e-05,0.02864695154130459,-0.02739306539297104,2.4094274044036865,2.40958309173584,False
train,0.8453844785690308,0.3095238208770752,0.48867350816726685,6.740667595295236e-05,0.02869606949388981,-0.027439167723059654,2.3775970935821533,2.3777554035186768,False
test,0.8458012342453003,0.42301586270332336,0.48953184485435486,6.79166623740457e-05,0.028746197000145912,-0.02748752012848854,2.3530197143554688,2.353180170059204,False
train,0.8462179899215698,0.4595237970352173,0.49038124084472656,6.842710718046874e-05,0.02879740670323372,-0.02753819152712822,2.3354992866516113,2.3356616497039795,False
train,0.8466346859931946,0.5507936477661133,0.49122434854507446,6.893705722177401e-05,0.028849530965089798,-0.02759101428091526,2.3248021602630615,2.324965715408325,False
train,0.8470514416694641,0.41428571939468384,0.4920642077922821,6.944637425476685e-05,0.02890254370868206,-0.02764594554901123,2.320650577545166,2.320815324783325,False
train,0.8474681973457336,0.5492063760757446,0.49290359020233154,6.995504372753203e-05,0.028956450521945953,-0.027702953666448593,2.3227481842041016,2.322913408279419,False
test,0.8478849530220032,0.5563492178916931,0.4937450587749481,7.046179234748706e-05,0.02901116944849491,-0.027761947363615036,2.330747365951538,2.3309125900268555,False
train,0.8483017086982727,0.44682538509368896,0.4945904314517975,7.096626359270886e-05,0.029066743329167366,-0.02782292850315571,2.3442792892456055,2.3444442749023438,False
train,0.8487184643745422,0.3420634865760803,0.49544253945350647,7.146827556425706e-05,0.029122984036803246,-0.027885662391781807,2.3629608154296875,2.3631253242492676,False
train,0.8491352200508118,0.5761904716491699,0.4963032007217407,7.196724618552253e-05,0.02917998842895031,-0.02795020490884781,2.386366605758667,2.3865301609039307,False
train,0.8495519757270813,0.553174614906311,0.4971740245819092,7.246265886351466e-05,0.029237523674964905,-0.02801627106964588,2.4140682220458984,2.4142308235168457,False
test,0.8499687314033508,0.5706349015235901,0.49805721640586853,7.295423711184412e-05,0.02929573319852352,-0.02808394469320774,2.445636749267578,2.445797920227051,False
train,0.8503854870796204,0.4214285612106323,0.49895426630973816,7.344201731029898e-05,0.029354514554142952,-0.028153060004115105,2.4806180000305176,2.4807777404785156,False
train,0.8508022427558899,0.3722222149372101,0.4998657703399658,7.392444967990741e-05,0.029413774609565735,-0.02822347916662693,2.5185606479644775,2.518718719482422,False
train,0.8512189984321594,0.5777778029441833,0.5007938742637634,7.440253102686256e-05,0.029473507776856422,-0.028295109048485756,2.559025526046753,2.5591819286346436,False
train,0.851635754108429,0.5436508059501648,0.5017389059066772,7.487528637284413e-05,0.02953363209962845,-0.02836781181395054,2.601560354232788,2.601715087890625,False
test,0.8520525097846985,0.4801587164402008,0.5027016997337341,7.534262840636075e-05,0.029594028368592262,-0.028441399335861206,2.645725727081299,2.645878553390503,False
train,0.852469265460968,0.4690476059913635,0.5036829710006714,7.580421515740454e-05,0.02965489588677883,-0.028516000136733055,2.691107749938965,2.6912589073181152,False
train,0.8528860211372375,0.4246031641960144,0.5046831369400024,7.625961734447628e-05,0.02971583791077137,-0.028591156005859375,2.7372779846191406,2.737427234649658,False
train,0.8533027768135071,0.5952380895614624,0.505702018737793,7.67091114539653e-05,0.02977704256772995,-0.02866697683930397,2.7838327884674072,2.783980369567871,False
train,0.8537195324897766,0.5841270089149475,0.506740391254425,7.71524355513975e-05,0.029838422313332558,-0.028743308037519455,2.830397129058838,2.830543041229248,False
test,0.8541362881660461,0.47857141494750977,0.5077978372573853,7.758950960123911e-05,0.02989985980093479,-0.028819968923926353,2.876605272293091,2.8767495155334473,False
train,0.8545530438423157,0.5365079641342163,0.5088739395141602,7.801998435752466e-05,0.0299613606184721,-0.02889690361917019,2.9221034049987793,2.9222464561462402,False
train,0.8549697995185852,0.5658730268478394,0.5099686980247498,7.844372885301709e-05,0.030022811144590378,-0.028973933309316635,2.96657657623291,2.9667179584503174,False
train,0.8553865551948547,0.43809524178504944,0.5110814571380615,7.886096136644483e-05,0.030084123834967613,-0.02905091643333435,3.009709119796753,3.0098493099212646,False
train,0.8558033108711243,0.42222222685813904,0.5122115015983582,7.927149999886751e-05,0.030145466327667236,-0.029127953574061394,3.0512194633483887,3.051358461380005,False
test,0.8562200665473938,0.5865079164505005,0.5133580565452576,7.967559940880165e-05,0.030206449329853058,-0.029204605147242546,3.090838670730591,3.0909764766693115,False
train,0.8566368222236633,0.5507936477661133,0.5145205855369568,8.007311407709494e-05,0.0302672628313303,-0.0292810145765543,3.128337860107422,3.1284749507904053,False
train,0.8570535778999329,0.37460318207740784,0.5156978368759155,8.046378934523091e-05,0.03032781183719635,-0.02935703471302986,3.1634814739227295,3.1636178493499756,False
train,0.8574703335762024,0.5492063760757446,0.5168887972831726,8.084797445917502e-05,0.030387969687581062,-0.029432497918605804,3.19606876373291,3.19620418548584,False
train,0.8578870892524719,0.5507936477661133,0.5180927515029907,8.122585859382525e-05,0.030447646975517273,-0.029507266357541084,3.2259294986724854,3.226064443588257,False
test,0.8583037853240967,0.5246031880378723,0.5193077325820923,8.159741264535114e-05,0.030506949871778488,-0.029581407085061073,3.2528860569000244,3.2530205249786377,False
train,0.8587205410003662,0.4571428596973419,0.5205334424972534,8.19628476165235e-05,0.03056579828262329,-0.029654812067747116,3.2768073081970215,3.2769415378570557,False
train,0.8591372966766357,0.5785714387893677,0.5217680931091309,8.232222899096087e-05,0.030623886734247208,-0.029727140441536903,3.2975568771362305,3.2976908683776855,False
train,0.8595540523529053,0.5841270089149475,0.5230103135108948,8.267553494079039e-05,0.03068150021135807,-0.02979864738881588,3.3150267601013184,3.3151607513427734,False
train,0.8599708080291748,0.5515872836112976,0.5242588520050049,8.302315836772323e-05,0.030738255009055138,-0.029868917539715767,3.3291170597076416,3.3292510509490967,False
test,0.8603875637054443,0.3896825313568115,0.5255122184753418,8.336532482644543e-05,0.030794315040111542,-0.029938096180558205,3.3397510051727295,3.3398852348327637,False
train,0.8608043193817139,0.5857142806053162,0.5267689228057861,8.37014740682207e-05,0.03084958903491497,-0.03000607341527939,3.3468575477600098,3.346992015838623,False
train,0.8612210750579834,0.5722222328186035,0.5280274748802185,8.403305400861427e-05,0.030903957784175873,-0.03007270023226738,3.3503777980804443,3.350512742996216,False
train,0.8616378307342529,0.4952380955219269,0.5292866230010986,8.435910422122106e-05,0.030957330018281937,-0.03013787977397442,3.3502750396728516,3.3504106998443604,False
train,0.8620545864105225,0.37063491344451904,0.5305443406105042,8.46802067826502e-05,0.03100988268852234,-0.03020176850259304,3.3465065956115723,3.3466427326202393,False
test,0.862471342086792,0.5476190447807312,0.5317995548248291,8.499677642248571e-05,0.031061256304383278,-0.03026399202644825,3.339045763015747,3.3391828536987305,False
train,0.8628880977630615,0.5563492178916931,0.533050537109375,8.530899503966793e-05,0.03111165016889572,-0.030324740335345268,3.3278822898864746,3.3280203342437744,False
train,0.863304853439331,0.4515872895717621,0.534295916557312,8.561696449760348e-05,0.0311607476323843,-0.03038368560373783,3.312998056411743,3.3131372928619385,False
train,0.8637216091156006,0.5047619342803955,0.535533607006073,8.592040103394538e-05,0.031208684667944908,-0.030440960079431534,3.2943921089172363,3.2945327758789062,False
train,0.8641383647918701,0.5809524059295654,0.5367627739906311,8.622030873084441e-05,0.03125537931919098,-0.030496470630168915,3.2720720767974854,3.27221417427063,False
test,0.8645551204681396,0.5571428537368774,0.5379812717437744,8.651680400362238e-05,0.03130074590444565,-0.030550124123692513,3.2460319995880127,3.246175765991211,False
train,0.8649718761444092,0.5388888716697693,0.5391882658004761,8.68092683958821e-05,0.03134465217590332,-0.03060179017484188,3.2162985801696777,3.216444253921509,False
train,0.8653886318206787,0.6063492298126221,0.5403813719749451,8.709898975212127e-05,0.03138728812336922,-0.030651647597551346,3.182875156402588,3.1830227375030518,False
train,0.8658053874969482,0.5976190567016602,0.5415599942207336,8.738633914617822e-05,0.03142828866839409,-0.03069932386279106,3.1457817554473877,3.1459314823150635,False
train,0.8662221431732178,0.5055555701255798,0.5427215099334717,8.767003600951284e-05,0.031467895954847336,-0.030745070427656174,3.105034112930298,3.1051864624023438,False
test,0.8666388988494873,0.6111111044883728,0.5438651442527771,8.795130997896194e-05,0.0315057747066021,-0.030788546428084373,3.0606627464294434,3.0608177185058594,False
train,0.8670556545257568,0.5611110925674438,0.5449894666671753,8.823078678688034e-05,0.03154206648468971,-0.030829880386590958,3.0126864910125732,3.0128443241119385,False
train,0.8674724102020264,0.5484126806259155,0.5460926294326782,8.850802987581119e-05,0.03157670795917511,-0.03086901642382145,2.96112060546875,2.9612815380096436,False
train,0.8678891658782959,0.6404761672019958,0.5471733212471008,8.878317021299154e-05,0.03160959482192993,-0.030905848369002342,2.9060041904449463,2.9061686992645264,False
train,0.8683059215545654,0.5063492059707642,0.5482298731803894,8.905705908546224e-05,0.031640615314245224,-0.030940260738134384,2.847349166870117,2.847517251968384,False
test,0.868722677230835,0.43095237016677856,0.5492609143257141,8.932914352044463e-05,0.03167000040411949,-0.03097248636186123,2.7851834297180176,2.785355806350708,False
train,0.8691394329071045,0.5015873312950134,0.5502653121948242,8.960060949902982e-05,0.03169731795787811,-0.03100208379328251,2.7195277214050293,2.7197043895721436,False
train,0.8695561289787292,0.49444442987442017,0.5512412786483765,8.98711004992947e-05,0.031722795218229294,-0.03102928213775158,2.6504197120666504,2.650601387023926,False
train,0.8699728846549988,0.5166666507720947,0.5521873831748962,9.014077659230679e-05,0.03174623101949692,-0.031053880229592323,2.57786226272583,2.5780491828918457,False
train,0.8703896403312683,0.5928571224212646,0.5531021952629089,9.04103071661666e-05,0.03176780417561531,-0.03107605315744877,2.5018811225891113,2.5020740032196045,False
test,0.8708063960075378,0.64682537317276,0.5539849400520325,9.067909559234977e-05,0.031787190586328506,-0.0310954749584198,2.4225056171417236,2.4227051734924316,False
train,0.8712231516838074,0.5111111402511597,0.5548331141471863,9.094789857044816e-05,0.03180462867021561,-0.03111238405108452,2.33974552154541,2.3399524688720703,False
train,0.8716399073600769,0.6507936716079712,0.5556460618972778,9.12174946279265e-05,0.03181978315114975,-0.03112643025815487,2.2536144256591797,2.25382924079895,False
train,0.8720566630363464,0.6809523701667786,0.5564223527908325,9.148806566372514e-05,0.03183286637067795,-0.031137825921177864,2.164146900177002,2.1643707752227783,False
train,0.872473418712616,0.5753968358039856,0.5571604371070862,9.175821469398215e-05,0.03184372931718826,-0.03114643134176731,2.071336269378662,2.07157039642334,False
test,0.8728901743888855,0.6682539582252502,0.5578586459159851,9.203029912896454e-05,0.031852371990680695,-0.03115222603082657,1.975216269493103,1.9754618406295776,False
train,0.873306930065155,0.6507936716079712,0.558516263961792,9.230311115970835e-05,0.03185872361063957,-0.031155142933130264,1.875786304473877,1.8760449886322021,False
train,0.8737236857414246,0.5484126806259155,0.5591313242912292,9.257796045858413e-05,0.03186286613345146,-0.03115525282919407,1.7730767726898193,1.773350477218628,False
train,0.8741404414176941,0.6579365134239197,0.5597030520439148,9.285363194067031e-05,0.03186457231640816,-0.031152330338954926,1.6670806407928467,1.6673716306686401,False
train,0.8745571970939636,0.670634925365448,0.5602295398712158,9.313189366366714e-05,0.031864047050476074,-0.031146565452218056,1.5578213930130005,1.5581326484680176,False
test,0.8749739527702332,0.5682539939880371,0.5607097744941711,9.341260738437995e-05,0.031860996037721634,-0.031137660145759583,1.4453084468841553,1.4456439018249512,False
train,0.8753907084465027,0.6563491821289062,0.5611423850059509,9.36958531383425e-05,0.03185563161969185,-0.031125817447900772,1.3295514583587646,1.3299157619476318,False
train,0.8758074641227722,0.5476190447807312,0.5615259408950806,9.39818419283256e-05,0.031847815960645676,-0.031110893934965134,1.2105718851089478,1.2109715938568115,False
train,0.8762242197990417,0.6722221970558167,0.561859130859375,9.427031909581274e-05,0.0318375863134861,-0.031092926859855652,1.0883787870407104,1.088822841644287,False
train,0.8766409754753113,0.6253968477249146,0.5621405243873596,9.456257248530164e-05,0.03182483837008476,-0.03107178770005703,0.9629807472229004,0.9634819030761719,False
test,0.8770577311515808,0.5825396776199341,0.5623691082000732,9.485789632890373e-05,0.03180968761444092,-0.031047595664858818,0.8344058394432068,0.834983229637146,False
train,0.8774744868278503,0.6714285612106323,0.562543511390686,9.515768033452332e-05,0.03179197385907173,-0.03102017194032669,0.7026642560958862,0.7033486366271973,False
train,0.8778912425041199,0.5888888835906982,0.5626620054244995,9.546142246108502e-05,0.031771834939718246,-0.030989648774266243,0.5677811503410339,0.5686262249946594,False
train,0.8783079981803894,0.6650793552398682,0.5627235174179077,9.576914453646168e-05,0.03174908831715584,-0.030955836176872253,0.429775595664978,0.43088898062705994,False
train,0.8787247538566589,0.6023809313774109,0.5627272725105286,9.60820761974901e-05,0.03172386810183525,-0.030918849632143974,0.28868159651756287,0.2903326451778412,False
test,0.8791415095329285,0.6555555462837219,0.5626716017723083,9.639960626373067e-05,0.031696103513240814,-0.030878618359565735,0.1445276439189911,0.14778947830200195,False
train,0.879558265209198,0.6611111164093018,0.5625549554824829,9.672326996224001e-05,0.03166584670543671,-0.030835170298814774,-0.002643287181854248,0.030948257073760033,False
train,0.8799750208854675,0.579365074634552,0.5623764991760254,9.705116099212319e-05,0.031632959842681885,-0.030788376927375793,-0.15279296040534973,0.15586408972740173,False
train,0.8803917765617371,0.6666666865348816,0.5621348023414612,9.738592052599415e-05,0.03159761428833008,-0.030738381668925285,-0.3058669865131378,0.3074076473712921,False
train,0.8808084726333618,0.5714285969734192,0.5618289709091187,9.772649354999885e-05,0.03155969828367233,-0.030685070902109146,-0.4618014991283417,0.4628198444843292,False
test,0.8812252283096313,0.6666666865348816,0.5614576935768127,9.807359310798347e-05,0.03151917830109596,-0.030628390610218048,-0.6205683946609497,0.6213237643241882,False
train,0.8816419839859009,0.6571428775787354,0.5610196590423584,9.842755389399827e-05,0.031476184725761414,-0.030568469315767288,-0.7820817232131958,0.7826789021492004,False
train,0.8820587396621704,0.5992063283920288,0.5605138540267944,9.87887178780511e-05,0.0314306877553463,-0.030505264177918434,-0.9462481141090393,0.946739673614502,False
train,0.8824754953384399,0.6801587343215942,0.5599393248558044,9.915746340993792e-05,0.03138262778520584,-0.030438702553510666,-1.1130027770996094,1.1134189367294312,False
train,0.8828922510147095,0.6142857074737549,0.5592947602272034,9.95338341454044e-05,0.031332094222307205,-0.03036886639893055,-1.2822262048721313,1.2825857400894165,False
test,0.883309006690979,0.6301587224006653,0.5585794448852539,9.991831029765308e-05,0.031279053539037704,-0.030295714735984802,-1.453831434249878,1.4541471004486084,False
train,0.8837257623672485,0.6714285612106323,0.5577924251556396,0.0001003109646262601,0.031223511323332787,-0.030219245702028275,-1.6276775598526,1.627958059310913,False
train,0.8841425180435181,0.6714285612106323,0.5569326877593994,0.00010071294673252851,0.031165583059191704,-0.030139558017253876,-1.8036339282989502,1.8038856983184814,False
train,0.8845592737197876,0.6214285492897034,0.5559994578361511,0.00010112366726389155,0.031105099245905876,-0.030056482180953026,-1.9815709590911865,1.9817988872528076,False
train,0.8849760293960571,0.6769841313362122,0.5549917221069336,0.00010154458868782967,0.031042255461215973,-0.02997019700706005,-2.1613426208496094,2.161550521850586,False
test,0.8853927850723267,0.5920634865760803,0.5539093613624573,0.0001019747433019802,0.030977023765444756,-0.02988068386912346,-2.3427445888519287,2.342935085296631,False
train,0.8858095407485962,0.6650793552398682,0.5527512431144714,0.00010241482959827408,0.030909376218914986,-0.029787905514240265,-2.525604486465454,2.525780200958252,False
train,0.8862262964248657,0.6722221970558167,0.5515165328979492,0.00010286603355780244,0.03083942085504532,-0.02969195321202278,-2.7097537517547607,2.709916353225708,False
train,0.8866430521011353,0.5761904716491699,0.5502058267593384,0.00010332810052204877,0.030767099931836128,-0.029592782258987427,-2.8949427604675293,2.8950939178466797,False
train,0.8870598077774048,0.629365086555481,0.5488178730010986,0.00010380144522059709,0.030692487955093384,-0.029490459710359573,-3.08095645904541,3.0810976028442383,False
test,0.8874765634536743,0.4952380955219269,0.5473525524139404,0.00010428619134472683,0.030615676194429398,-0.029385076835751534,-3.2675647735595703,3.2676968574523926,False
train,0.8878933191299438,0.5849206447601318,0.5458099842071533,0.00010478311742190272,0.03053654171526432,-0.029276512563228607,-3.4544990062713623,3.454622983932495,False
train,0.8883100748062134,0.632539689540863,0.5441896319389343,0.00010529263090575114,0.030455278232693672,-0.029164962470531464,-3.6414926052093506,3.6416094303131104,False
train,0.8887268304824829,0.5920634865760803,0.542491614818573,0.00010581471724435687,0.03037187270820141,-0.029050419107079506,-3.8282885551452637,3.8283987045288086,False
train,0.8891435861587524,0.5984126925468445,0.5407167673110962,0.00010634922364261001,0.030286289751529694,-0.02893286757171154,-4.014554023742676,4.014658451080322,False
test,0.889560341835022,0.5960317254066467,0.5388649702072144,0.0001068974524969235,0.030198676511645317,-0.02881244756281376,-4.199995040893555,4.200093746185303,False
train,0.8899770975112915,0.6452381014823914,0.5369361042976379,0.00010745946201495826,0.030108990147709846,-0.028689127415418625,-4.384313583374023,4.3844075202941895,False
train,0.890393853187561,0.5785714387893677,0.5349318385124207,0.00010803595796460286,0.03001733124256134,-0.02856302261352539,-4.567142963409424,4.567232131958008,False
train,0.8908106088638306,0.5809524059295654,0.5328518748283386,0.0001086262273020111,0.02992374077439308,-0.02843419834971428,-4.748168468475342,4.748253345489502,False
train,0.8912273645401001,0.5857142806053162,0.5306975841522217,0.00010923137597274035,0.029828188940882683,-0.02830263413488865,-4.927021026611328,4.927102088928223,False
test,0.8916441202163696,0.629365086555481,0.5284696817398071,0.00010985173867084086,0.029730800539255142,-0.028168469667434692,-5.103375434875488,5.103453159332275,False
train,0.8920608162879944,0.5888888835906982,0.5261699557304382,0.00011048721353290603,0.02963162213563919,-0.028031786903738976,-5.276829719543457,5.276904106140137,False
train,0.8924775719642639,0.6039682626724243,0.5237990021705627,0.00011113822256447747,0.029530633240938187,-0.0278925783932209,-5.44705867767334,5.44713020324707,False
train,0.8928943276405334,0.6142857074737549,0.521358072757721,0.0001118055370170623,0.029427966102957726,-0.027750995010137558,-5.613697052001953,5.613765716552734,False
train,0.893311083316803,0.5968254208564758,0.5188497304916382,0.00011248910595895723,0.029323583468794823,-0.027607042342424393,-5.776343822479248,5.77640962600708,False
test,0.8937278389930725,0.5968254208564758,0.516274631023407,0.00011318903125356883,0.029217639937996864,-0.027460895478725433,-5.934668064117432,5.934731483459473,False
train,0.894144594669342,0.605555534362793,0.5136356353759766,0.00011390558938728645,0.029110128059983253,-0.027312586084008217,-6.088302135467529,6.0883636474609375,False
train,0.8945613503456116,0.6452381014823914,0.510934054851532,0.00011463936971267685,0.029001109302043915,-0.027162199839949608,-6.236892223358154,6.236950874328613,False
train,0.8949781060218811,0.6365079283714294,0.5081722736358643,0.0001153894336312078,0.028890641406178474,-0.027009854093194008,-6.380090713500977,6.380147933959961,False
train,0.8953948616981506,0.641269862651825,0.5053532123565674,0.00011615800758590922,0.028778787702322006,-0.02685561589896679,-6.5175700187683105,6.517625331878662,False
test,0.8958116173744202,0.6238095164299011,0.5024785399436951,0.00011694387649185956,0.028665553778409958,-0.026699548587203026,-6.649020195007324,6.649073600769043,False
train,0.8962283730506897,0.5928571224212646,0.4995509684085846,0.0001177473968709819,0.028551070019602776,-0.026541823521256447,-6.7741169929504395,6.774168968200684,False
train,0.8966451287269592,0.6039682626724243,0.4965735375881195,0.00011856877245008945,0.028435325250029564,-0.02638246864080429,-6.892595291137695,6.892645835876465,False
train,0.8970618844032288,0.6039682626724243,0.4935488700866699,0.00011940838885493577,0.028318457305431366,-0.026221662759780884,-7.004189491271973,7.004238605499268,False
train,0.8974786400794983,0.6261904835700989,0.4904801845550537,0.00012026588228764012,0.028200466185808182,-0.026059463620185852,-7.108625411987305,7.108673095703125,False
test,0.8978953957557678,0.6253968477249146,0.4873702824115753,0.00012114188575651497,0.02808140218257904,-0.025895947590470314,-7.205715179443359,7.205761909484863,False
train,0.8983121514320374,0.579365074634552,0.484221875667572,0.00012203650112496689,0.027961375191807747,-0.025731272995471954,-7.295243740081787,7.295289039611816,False
train,0.8987289071083069,0.5730158686637878,0.4810391664505005,0.0001229497866006568,0.0278403852134943,-0.025565486401319504,-7.377045631408691,7.377089977264404,False
train,0.8991456627845764,0.5365079641342163,0.47782453894615173,0.00012388089089654386,0.027718564495444298,-0.025398779660463333,-7.450979232788086,7.451022148132324,False
train,0.899562418460846,0.5309523940086365,0.4745818078517914,0.00012483072350732982,0.02759593166410923,-0.02523120678961277,-7.516923904418945,7.516966342926025,False
test,0.8999791741371155,0.4761904776096344,0.47131386399269104,0.00012579921167343855,0.027472516521811485,-0.025062834843993187,-7.574793338775635,7.574834823608398,False
train,0.900395929813385,0.43492063879966736,0.46802446246147156,0.00012678574421443045,0.027348434552550316,-0.02489383891224861,-7.624533176422119,7.624573707580566,False
train,0.9008126854896545,0.4373015761375427,0.46471717953681946,0.0001277912233490497,0.027223743498325348,-0.024724304676055908,-7.666110038757324,7.666149616241455,False
train,0.9012294411659241,0.4238095283508301,0.4613947868347168,0.00012881499424111098,0.02709842659533024,-0.024554267525672913,-7.699522972106934,7.699562072753906,False
train,0.9016461968421936,0.3642857074737549,0.45806097984313965,0.000129857609863393,0.026972634717822075,-0.024383902549743652,-7.724806785583496,7.7248454093933105,False
test,0.9020629525184631,0.35158729553222656,0.45471930503845215,0.00013091789151076227,0.026846375316381454,-0.024213282391428947,-7.742014408111572,7.74205207824707,False
train,0.9024797081947327,0.3380952477455139,0.4513731002807617,0.0001319970324402675,0.026719747111201286,-0.024042516946792603,-7.75123929977417,7.75127649307251,False
train,0.9028964638710022,0.3499999940395355,0.44802555441856384,0.0001330934464931488,0.0265927966684103,-0.023871716111898422,-7.752579212188721,7.752615928649902,False
train,0.9033132195472717,0.3444444537162781,0.44467997550964355,0.00013420844334177673,0.02646554820239544,-0.023700911551713943,-7.746179103851318,7.746215343475342,False
train,0.9037299156188965,0.32777777314186096,0.4413398206233978,0.00013534077152144164,0.0263381227850914,-0.023530272766947746,-7.732202529907227,7.732238292694092,False
test,0.904146671295166,0.3444444537162781,0.43800732493400574,0.00013649162428919226,0.02621052972972393,-0.023359810933470726,-7.710822582244873,7.71085786819458,False
train,0.9045634269714355,0.3420634865760803,0.43468648195266724,0.00013765922631137073,0.026082823053002357,-0.023189637809991837,-7.682253360748291,7.682288646697998,False
train,0.9049801826477051,0.33095237612724304,0.4313798248767853,0.00013884436339139938,0.025955112650990486,-0.02301986888051033,-7.646714210510254,7.6467485427856445,False
train,0.9053969383239746,0.32698413729667664,0.4280901253223419,0.00014004705008119345,0.025827394798398018,-0.022850513458251953,-7.6044416427612305,7.604475975036621,False
train,0.9058136940002441,0.3206349313259125,0.42482027411460876,0.00014126647147350013,0.025699801743030548,-0.02268173173069954,-7.555697917938232,7.555731773376465,False
test,0.9062304496765137,0.32698413729667664,0.42157262563705444,0.00014250303502194583,0.025572307407855988,-0.022513501346111298,-7.500739574432373,7.5007734298706055,False
train,0.9066472053527832,0.3246031701564789,0.4183506667613983,0.00014375591126736253,0.025445016101002693,-0.022345948964357376,-7.439865589141846,7.439899444580078,False
train,0.9070639610290527,0.3222222328186035,0.4151555001735687,0.00014502505655400455,0.025317981839179993,-0.022179128602147102,-7.373345375061035,7.373378753662109,False
train,0.9074807167053223,0.3404761850833893,0.4119899570941925,0.0001463108346797526,0.025191225111484528,-0.02201305888593197,-7.301491737365723,7.301525115966797,False
train,0.9078974723815918,0.33492064476013184,0.40885674953460693,0.00014761253260076046,0.025064857676625252,-0.021847857162356377,-7.224607944488525,7.224640846252441,False
test,0.9083142280578613,0.3222222328186035,0.4057571589946747,0.00014892977196723223,0.024938929826021194,-0.021683577448129654,-7.142997741699219,7.143030643463135,False
train,0.9087309837341309,0.33492064476013184,0.40269315242767334,0.00015026277105789632,0.02481338568031788,-0.02152014523744583,-7.05696964263916,7.057002067565918,False
train,0.9091477394104004,0.31190475821495056,0.39966684579849243,0.00015161132614593953,0.024688437581062317,-0.021357765421271324,-6.966841697692871,6.966874599456787,False
train,0.9095644950866699,0.289682537317276,0.3966796398162842,0.0001529747387394309,0.024564005434513092,-0.021196357905864716,-6.872922897338867,6.872955799102783,False
train,0.9099812507629395,0.27222222089767456,0.3937331438064575,0.00015435322711709887,0.0244402177631855,-0.021036021411418915,-6.7755255699157715,6.775557994842529,False
test,0.910398006439209,0.26031747460365295,0.39082852005958557,0.00015574650024063885,0.024317102506756783,-0.020876768976449966,-6.6749491691589355,6.674981594085693,False
train,0.9108147621154785,0.2817460298538208,0.38796716928482056,0.0001571551983943209,0.024194680154323578,-0.02071858011186123,-6.571499824523926,6.571532726287842,False
train,0.911231517791748,0.2547619044780731,0.38515031337738037,0.00015857767721172422,0.02407306432723999,-0.020561572164297104,-6.465482234954834,6.46551513671875,False
train,0.9116482734680176,0.24047619104385376,0.3823789954185486,0.00016001504263840616,0.023952269926667213,-0.020405711606144905,-6.357189178466797,6.357221603393555,False
train,0.9120650291442871,0.29206350445747375,0.379653662443161,0.00016146556299645454,0.02383226528763771,-0.020250964909791946,-6.246887683868408,6.246920585632324,False
test,0.9124817848205566,0.27222222089767456,0.3769756853580475,0.00016293188673444092,0.023713257163763046,-0.020097441971302032,-6.1348676681518555,6.1349005699157715,False
train,0.9128985404968262,0.2769841253757477,0.3743453919887543,0.0001644107251195237,0.023595137521624565,-0.019945068284869194,-6.021402359008789,6.021435260772705,False
train,0.9133152961730957,0.2650793790817261,0.3717629909515381,0.00016590442101005465,0.02347804605960846,-0.01979389227926731,-5.906728744506836,5.90676212310791,False
train,0.9137320518493652,0.26825398206710815,0.3692294657230377,0.0001674111990723759,0.02336200140416622,-0.01964392513036728,-5.791121006011963,5.791154384613037,False
train,0.9141488075256348,0.2547619044780731,0.3667449951171875,0.0001689323253231123,0.023246994242072105,-0.019495084881782532,-5.674806118011475,5.674839973449707,False
test,0.9145655632019043,0.25634920597076416,0.3643096089363098,0.00017046772700268775,0.023133160546422005,-0.01934746280312538,-5.558019161224365,5.5580525398254395,False
train,0.914982259273529,0.28412699699401855,0.3619241714477539,0.00017201545415446162,0.023020504042506218,-0.01920105330646038,-5.441000461578369,5.441034317016602,False
train,0.9153990149497986,0.2650793790817261,0.35958757996559143,0.00017357773322146386,0.02290903963148594,-0.019055774435400963,-5.323912620544434,5.323946475982666,False
train,0.9158157706260681,0.25952380895614624,0.35730040073394775,0.00017515353101771325,0.022798782214522362,-0.018911611288785934,-5.206985950469971,5.207020282745361,False
train,0.9162325263023376,0.21984127163887024,0.3550625145435333,0.00017674379341769964,0.02268983982503414,-0.018768593668937683,-5.090402603149414,5.090437412261963,False
test,0.9166492819786072,0.24365079402923584,0.35287365317344666,0.00017834798200055957,0.022582221776247025,-0.01862669177353382,-4.974339008331299,4.974373817443848,False
train,0.9170660376548767,0.24761904776096344,0.3507334887981415,0.0001799658639356494,0.022475942969322205,-0.018485870212316513,-4.858962535858154,4.858997821807861,False
train,0.9174827933311462,0.25238096714019775,0.34864217042922974,0.00018159790488425642,0.022371061146259308,-0.01834612339735031,-4.744450092315674,4.744485378265381,False
train,0.9178995490074158,0.23968254029750824,0.34659844636917114,0.00018324404663871974,0.022267598658800125,-0.018207410350441933,-4.630921840667725,4.63095760345459,False
train,0.9183163046836853,0.22777777910232544,0.34460240602493286,0.0001849044201662764,0.022165615111589432,-0.018069740384817123,-4.518521308898926,4.518557548522949,False
test,0.9187330603599548,0.25,0.34265390038490295,0.00018657962209545076,0.02206512540578842,-0.017933059483766556,-4.407401084899902,4.407437801361084,False
train,0.9191498160362244,0.23650793731212616,0.34075161814689636,0.00018826966697815806,0.02196613885462284,-0.017797309905290604,-4.297647953033447,4.297684669494629,False
train,0.9195665717124939,0.27936509251594543,0.3388952910900116,0.00018997446750290692,0.02186872437596321,-0.017662514001131058,-4.1893815994262695,4.189418792724609,False
train,0.9199833273887634,0.2888889014720917,0.33708426356315613,0.0001916954352054745,0.021772919222712517,-0.017528625205159187,-4.082707405090332,4.08274507522583,False
train,0.920400083065033,0.24523809552192688,0.3353178799152374,0.00019343123130965978,0.021678699180483818,-0.017395585775375366,-3.9777069091796875,3.9777448177337646,False
test,0.9208168387413025,0.2769841253757477,0.33359527587890625,0.0001951833110069856,0.021586144343018532,-0.017263395711779594,-3.874464750289917,3.8745033740997314,False
train,0.921233594417572,0.2809523940086365,0.33191564679145813,0.00019695241644512862,0.021495239809155464,-0.01713196188211441,-3.7730555534362793,3.773094415664673,False
train,0.9216503500938416,0.26825398206710815,0.33027851581573486,0.0001987375144381076,0.021406082436442375,-0.017001360654830933,-3.673555374145508,3.6735947132110596,False
train,0.9220671057701111,0.2857142984867096,0.3286828100681305,0.00020053937623742968,0.021318649873137474,-0.016871493309736252,-3.5759971141815186,3.5760366916656494,False
train,0.9224838614463806,0.3142857253551483,0.32712769508361816,0.00020235950069036335,0.021232914179563522,-0.016742251813411713,-3.480455160140991,3.4804954528808594,False
test,0.9229006171226501,0.2769841253757477,0.3256123960018158,0.00020419710199348629,0.021149028092622757,-0.016613757237792015,-3.3869593143463135,3.38700008392334,False
train,0.9233173727989197,0.2547619044780731,0.324136346578598,0.00020605375175364316,0.02106694132089615,-0.016485877335071564,-3.2955641746520996,3.295605421066284,False
train,0.9237341284751892,0.2777777910232544,0.32269781827926636,0.00020792867871932685,0.020986659452319145,-0.01635858416557312,-3.206272602081299,3.2063143253326416,False
train,0.9241508841514587,0.3055555522441864,0.32129666209220886,0.00020982365822419524,0.020908240228891373,-0.016231857240200043,-3.119123935699463,3.119166135787964,False
train,0.9245676398277283,0.33095237612724304,0.31993168592453003,0.00021173771528992802,0.020831694826483727,-0.016105681657791138,-3.034133195877075,3.0341758728027344,False
test,0.9249843955039978,0.38650792837142944,0.3186022639274597,0.000213673323742114,0.020757069811224937,-0.015980010852217674,-2.951324701309204,2.9513680934906006,False
train,0.9254011511802673,0.41428571939468384,0.3173069953918457,0.00021562968322541565,0.020684389397501945,-0.015854844823479652,-2.8706915378570557,2.8707354068756104,False
train,0.9258179068565369,0.3880952298641205,0.31604519486427307,0.0002176078996853903,0.020613595843315125,-0.01573006436228752,-2.7922394275665283,2.792283773422241,False
train,0.9262346029281616,0.2571428716182709,0.31481635570526123,0.00021960760932415724,0.020544808357954025,-0.015605762600898743,-2.7159736156463623,2.7160184383392334,False
train,0.9266513586044312,0.2738095223903656,0.31361886858940125,0.00022163140238262713,0.020478006452322006,-0.015481822192668915,-2.641876697540283,2.6419222354888916,False
test,0.9270681142807007,0.2547619044780731,0.3124522566795349,0.00022367894416674972,0.0204132292419672,-0.01535826176404953,-2.5699400901794434,2.569985866546631,False
train,0.9274848699569702,0.18015873432159424,0.31131529808044434,0.00022575058392249048,0.020350394770503044,-0.01523495838046074,-2.5001447200775146,2.5001912117004395,False
train,0.9279016256332397,0.24047619104385376,0.3102073669433594,0.00022784748580306768,0.020289674401283264,-0.015112031251192093,-2.4324848651885986,2.4325318336486816,False
train,0.9283183813095093,0.2023809552192688,0.3091275691986084,0.00022997021733317524,0.02023101970553398,-0.014989389106631279,-2.366931915283203,2.3669793605804443,False
train,0.9287351369857788,0.18174603581428528,0.30807456374168396,0.00023211981169879436,0.020174391567707062,-0.014866949059069157,-2.3034558296203613,2.3035037517547607,False
test,0.9291518926620483,0.18174603581428528,0.3070482313632965,0.00023429571592714638,0.020119931548833847,-0.014744838699698448,-2.2420413494110107,2.2420899868011475,False
train,0.9295686483383179,0.1865079402923584,0.3060472905635834,0.00023650082584936172,0.020067503675818443,-0.014622841961681843,-2.182651996612549,2.1827008724212646,False
train,0.9299854040145874,0.17698413133621216,0.3050708770751953,0.00023873372992966324,0.020017290487885475,-0.014501147903501987,-2.1252529621124268,2.12530255317688,False
train,0.9304021596908569,0.17301587760448456,0.30411818623542786,0.00024099831352941692,0.019969208166003227,-0.014379567466676235,-2.069810628890991,2.0698606967926025,False
train,0.9308189153671265,0.14047619700431824,0.30318865180015564,0.0002432917826808989,0.019923245534300804,-0.014258140698075294,-2.0162880420684814,2.016338348388672,False
test,0.931235671043396,0.16349206864833832,0.3022812306880951,0.00024561735335737467,0.019879506900906563,-0.014136886224150658,-1.96465265750885,1.9647035598754883,False
train,0.9316524267196655,0.170634925365448,0.301395058631897,0.0002479750837665051,0.01983797922730446,-0.014015772379934788,-1.9148578643798828,1.9149091243743896,False
train,0.9320691823959351,0.22301587462425232,0.30052947998046875,0.00025036573060788214,0.01979861408472061,-0.013894728384912014,-1.8668651580810547,1.8669168949127197,False
train,0.9324859380722046,0.22857142984867096,0.2996840476989746,0.00025279095279984176,0.019761543720960617,-0.013773839920759201,-1.820633888244629,1.8206859827041626,False
train,0.9329026937484741,0.25,0.2988574206829071,0.00025524990633130074,0.01972661353647709,-0.013652962632477283,-1.776113510131836,1.7761659622192383,False
test,0.9333194494247437,0.20396825671195984,0.2980491816997528,0.0002577450650278479,0.019694043323397636,-0.013532256707549095,-1.7332614660263062,1.7333142757415771,False
train,0.9337362051010132,0.24841269850730896,0.29725897312164307,0.00026027701096609235,0.0196637324988842,-0.01341160200536251,-1.6920415163040161,1.6920945644378662,False
train,0.9341529607772827,0.22857142984867096,0.29648563265800476,0.0002628463553264737,0.019635658711194992,-0.01329096220433712,-1.6523975133895874,1.6524509191513062,False
train,0.9345697164535522,0.20873016119003296,0.2957287132740021,0.0002654546988196671,0.019609935581684113,-0.013170415535569191,-1.6142839193344116,1.614337682723999,False
train,0.9349864721298218,0.2611111104488373,0.29498764872550964,0.0002681019832380116,0.019586537033319473,-0.013049934059381485,-1.5776572227478027,1.5777111053466797,False
test,0.9354032278060913,0.2809523940086365,0.2942616939544678,0.0002707898383960128,0.019565414637327194,-0.012929432094097137,-1.5424706935882568,1.5425249338150024,False
train,0.9358199834823608,0.2587301731109619,0.2935503423213959,0.0002735189627856016,0.01954670622944832,-0.012809041887521744,-1.5086719989776611,1.5087263584136963,False
train,0.9362367391586304,0.2579365074634552,0.29285314679145813,0.0002762908989097923,0.019530273973941803,-0.012688592076301575,-1.476217269897461,1.4762717485427856,False
train,0.9366534948348999,0.24365079402923584,0.29216915369033813,0.0002791050064843148,0.019516296684741974,-0.012568281032145023,-1.4450616836547852,1.445116400718689,False
train,0.9370702505111694,0.23174603283405304,0.29149797558784485,0.0002819639048539102,0.019504684954881668,-0.012447960674762726,-1.415147066116333,1.4152017831802368,False
test,0.937487006187439,0.23571428656578064,0.2908394932746887,0.00028486756491474807,0.019495448097586632,-0.012327664531767368,-1.3864458799362183,1.3865007162094116,False
train,0.9379037022590637,0.2587301731109619,0.2901928126811981,0.00028781782020814717,0.019488632678985596,-0.012207398191094398,-1.358899474143982,1.3589543104171753,False
train,0.9383204579353333,0.24761904776096344,0.2895575165748596,0.0002908152819145471,0.01948429085314274,-0.012087205424904823,-1.3324577808380127,1.332512617111206,False
train,0.9387372136116028,0.27142858505249023,0.2889331877231598,0.0002938610268756747,0.019482379779219627,-0.011967029422521591,-1.3070801496505737,1.3071348667144775,False
train,0.9391539692878723,0.2666666805744171,0.28831946849823,0.00029695595731027424,0.019482893869280815,-0.011846862733364105,-1.2827240228652954,1.2827787399291992,False
test,0.9395707249641418,0.2531746029853821,0.2877157926559448,0.00030010033515281975,0.01948590576648712,-0.011726783588528633,-1.25933837890625,1.2593929767608643,False
train,0.9399874806404114,0.25238096714019775,0.2871219217777252,0.00030329651781357825,0.019491424784064293,-0.011606757529079914,-1.2368898391723633,1.236944317817688,False
train,0.9404042363166809,0.2746031880378723,0.28653714060783386,0.0003065442724619061,0.019499370828270912,-0.011486725881695747,-1.2153241634368896,1.2153785228729248,False
train,0.9408209919929504,0.2420634925365448,0.28596147894859314,0.00030984595650807023,0.019509904086589813,-0.011366808786988258,-1.1946048736572266,1.1946589946746826,False
train,0.94123774766922,0.2666666805744171,0.28539448976516724,0.00031320113339461386,0.019522901624441147,-0.01124691404402256,-1.1746915578842163,1.1747453212738037,False
test,0.9416545033454895,0.24523809552192688,0.28483572602272034,0.0003166113456245512,0.019538501277565956,-0.011127157136797905,-1.1555438041687012,1.155597448348999,False
train,0.942071259021759,0.24920634925365448,0.2842850685119629,0.00032007848494686186,0.01955665461719036,-0.011007461696863174,-1.1371192932128906,1.1371725797653198,False
train,0.9424880146980286,0.2626984119415283,0.28374195098876953,0.00032360333716496825,0.019577333703637123,-0.010887793265283108,-1.1193801164627075,1.119433045387268,False
train,0.9429047703742981,0.28412699699401855,0.2832062840461731,0.000327184796333313,0.019600646570324898,-0.010768319480121136,-1.1022907495498657,1.1023433208465576,False
train,0.9433215260505676,0.2587301731109619,0.28267785906791687,0.0003308263549115509,0.019626563414931297,-0.010648932307958603,-1.0858139991760254,1.0858662128448486,False
test,0.9437382817268372,0.3182539641857147,0.2821561396121979,0.00033452885691076517,0.0196550115942955,-0.010529560036957264,-1.0699164867401123,1.069968342781067,False
train,0.9441550374031067,0.3206349313259125,0.2816412150859833,0.00033829244785010815,0.019686182960867882,-0.010410414077341557,-1.0545601844787598,1.0546115636825562,False
train,0.9445717930793762,0.23730158805847168,0.2811328172683716,0.0003421172732487321,0.019719930365681648,-0.010291366837918758,-1.03971529006958,1.0397661924362183,False
train,0.9449885487556458,0.2825396955013275,0.2806303799152374,0.00034600612707436085,0.01975639909505844,-0.010172505863010883,-1.0253506898880005,1.0254011154174805,False
train,0.9454053044319153,0.2825396955013275,0.28013402223587036,0.0003499591548461467,0.01979554444551468,-0.010053806006908417,-1.011430025100708,1.0114799737930298,False
test,0.9458220601081848,0.28730159997940063,0.279643714427948,0.0003539776080287993,0.019837329164147377,-0.009935222566127777,-0.9979350566864014,0.9979845285415649,False
train,0.9462388157844543,0.289682537317276,0.2791590988636017,0.0003580635238904506,0.019881868734955788,-0.009816831909120083,-0.9848265051841736,0.9848754405975342,False
train,0.9466555714607239,0.2777777910232544,0.2786799669265747,0.00036221640766598284,0.01992914266884327,-0.009698653593659401,-0.9720829725265503,0.9721313118934631,False
train,0.9470723271369934,0.2865079343318939,0.2782060503959656,0.0003664380928967148,0.019979072734713554,-0.009580573998391628,-0.9596772789955139,0.9597250819206238,False
train,0.9474890828132629,0.2730158865451813,0.2777375876903534,0.00037072942359372973,0.020031839609146118,-0.009462771937251091,-0.9475837349891663,0.9476310014724731,False
test,0.9479058384895325,0.2817460298538208,0.27727416157722473,0.0003750910400412977,0.02008730359375477,-0.009345117956399918,-0.935784637928009,0.9358313083648682,False
train,0.948322594165802,0.2817460298538208,0.2768156826496124,0.0003795250959228724,0.02014562115073204,-0.009227721020579338,-0.9242488145828247,0.9242948889732361,False
train,0.9487393498420715,0.26349207758903503,0.2763621509075165,0.0003840309800580144,0.020206736400723457,-0.009110566228628159,-0.9129633903503418,0.9130088686943054,False
train,0.9491560459136963,0.28730159997940063,0.2759132981300354,0.0003886112535838038,0.020270613953471184,-0.008993568830192089,-0.9019041657447815,0.9019489884376526,False
train,0.9495728015899658,0.2690476179122925,0.2754693031311035,0.000393265625461936,0.020337330177426338,-0.008876824751496315,-0.8910566568374634,0.8911008834838867,False
test,0.9499895572662354,0.21984127163887024,0.2750297784805298,0.0003979967732448131,0.02040693536400795,-0.008760322816669941,-0.8803998231887817,0.8804434537887573,False
train,0.9504063129425049,0.16111111640930176,0.2745949327945709,0.0004028059483971447,0.020479422062635422,-0.008644039742648602,-0.8699213266372681,0.8699643015861511,False
train,0.9508230686187744,0.2571428716182709,0.2741643488407135,0.0004076925979461521,0.020554712042212486,-0.008527925238013268,-0.8596009016036987,0.8596432209014893,False
train,0.951239824295044,0.29126983880996704,0.2737383246421814,0.0004126578278373927,0.020632974803447723,-0.008412137627601624,-0.8494280576705933,0.8494697213172913,False
train,0.9516565799713135,0.2507936656475067,0.27331650257110596,0.0004177044320385903,0.02071414887905121,-0.0082965437322855,-0.839389443397522,0.8394304513931274,False
test,0.952073335647583,0.3722222149372101,0.2728988826274872,0.000422832032199949,0.020798197016119957,-0.008181126788258553,-0.8294742107391357,0.8295145630836487,False
train,0.9524900913238525,0.4555555582046509,0.2724859118461609,0.00042804295662790537,0.020885255187749863,-0.008065974339842796,-0.819675087928772,0.8197147846221924,False
train,0.9529068470001221,0.36349207162857056,0.27207693457603455,0.00043333624489605427,0.020975220948457718,-0.007951019331812859,-0.8099753856658936,0.8100144267082214,False
train,0.9533236026763916,0.23492063581943512,0.27167198061943054,0.0004387156805023551,0.021068209782242775,-0.007836269214749336,-0.8003710508346558,0.8004094362258911,False
train,0.9537403583526611,0.26825398206710815,0.2712711989879608,0.00044418047764338553,0.02116420678794384,-0.007721743546426296,-0.7908511757850647,0.7908888459205627,False
test,0.9541571140289307,0.2706349194049835,0.2708745002746582,0.00044973197509534657,0.021263133734464645,-0.007607324048876762,-0.781413197517395,0.7814502716064453,False
train,0.9545738697052002,0.23333333432674408,0.2704817056655884,0.0004553731996566057,0.02136516571044922,-0.007493111304938793,-0.772047221660614,0.772083580493927,False
train,0.9549906253814697,0.25,0.27009305357933044,0.000461102114059031,0.02147025056183338,-0.007379109039902687,-0.7627512216567993,0.7627869248390198,False
train,0.9554073810577393,0.2690476179122925,0.2697084844112396,0.00046692308387719095,0.02157832682132721,-0.007265125401318073,-0.7535181045532227,0.7535531520843506,False
train,0.9558241367340088,0.27222222089767456,0.26932764053344727,0.00047283637104555964,0.02168954163789749,-0.007151300087571144,-0.7443460822105408,0.7443804144859314,False
test,0.9562408924102783,0.25,0.268950879573822,0.0004788410442415625,0.021803786978125572,-0.007037562318146229,-0.7352325320243835,0.7352662086486816,False
train,0.9566576480865479,0.25634920597076416,0.26857805252075195,0.00048494129441678524,0.021921200677752495,-0.00692390464246273,-0.7261747717857361,0.7262077927589417,False
train,0.9570744037628174,0.26746031641960144,0.2682090699672699,0.0004911370342597365,0.022041738033294678,-0.006810297258198261,-0.7171712517738342,0.7172036170959473,False
train,0.9574911594390869,0.2809523940086365,0.26784390211105347,0.0004974296316504478,0.022165337577462196,-0.006696619093418121,-0.7082183361053467,0.7082499861717224,False
train,0.9579079151153564,0.2698412835597992,0.26748257875442505,0.0005038208910264075,0.02229216694831848,-0.006582979112863541,-0.6993211507797241,0.6993521451950073,False
test,0.958324670791626,0.2690476179122925,0.26712512969970703,0.0005103113944642246,0.022422144189476967,-0.006469272077083588,-0.6904754638671875,0.6905057430267334,False
train,0.9587414264678955,0.261904776096344,0.2667713761329651,0.0005169016076251864,0.022555243223905563,-0.006355443969368935,-0.6816821694374084,0.6817117929458618,False
train,0.959158182144165,0.22698412835597992,0.266421377658844,0.0005235954886302352,0.022691592574119568,-0.00624149851500988,-0.6729428768157959,0.6729718446731567,False
train,0.9595749378204346,0.2658730149269104,0.2660750448703766,0.0005303914658725262,0.022831084206700325,-0.0061273518949747086,-0.6642580032348633,0.6642862558364868,False
train,0.9599916934967041,0.2531746029853821,0.2657328248023987,0.0005372947780415416,0.02297385223209858,-0.006012978032231331,-0.6556323766708374,0.6556599736213684,False
test,0.9604083895683289,0.24444444477558136,0.26539409160614014,0.0005443019908852875,0.023119790479540825,-0.005898362025618553,-0.6470652222633362,0.6470921039581299,False
train,0.9608251452445984,0.2706349194049835,0.26505887508392334,0.0005514175281859934,0.02326902002096176,-0.005783455446362495,-0.6385562419891357,0.6385824084281921,False
train,0.9612419009208679,0.25158730149269104,0.2647274136543274,0.000558644940610975,0.023421449586749077,-0.00566805899143219,-0.6301127076148987,0.6301382184028625,False
train,0.9616586565971375,0.2380952388048172,0.2643996477127075,0.0005659808521158993,0.023577187210321426,-0.00555235892534256,-0.6217347383499146,0.6217595338821411,False
train,0.962075412273407,0.2531746029853821,0.26407530903816223,0.0005734299193136394,0.023736197501420975,-0.005436154082417488,-0.6134214401245117,0.613445520401001,False
test,0.9624921679496765,0.24920634925365448,0.26375460624694824,0.0005809922586195171,0.023898422718048096,-0.005319379270076752,-0.6051809787750244,0.6052043437957764,False
train,0.962908923625946,0.2222222238779068,0.263437420129776,0.0005886690923944116,0.02406400442123413,-0.005202110856771469,-0.597013533115387,0.5970361828804016,False
train,0.9633256793022156,0.26428571343421936,0.26312384009361267,0.0005964632146060467,0.02423287183046341,-0.005084175616502762,-0.5889238715171814,0.5889458060264587,False
train,0.9637424349784851,0.25158730149269104,0.2628135085105896,0.0006043781177140772,0.024404967203736305,-0.00496537983417511,-0.5809104442596436,0.5809316635131836,False
train,0.9641591906547546,0.2809523940086365,0.26250678300857544,0.0006124130450189114,0.02458043023943901,-0.004845874384045601,-0.5729807019233704,0.5730012059211731,False
test,0.9645759463310242,0.2738095223903656,0.2622033655643463,0.0006205689860507846,0.024759141728281975,-0.0047254860401153564,-0.5651343464851379,0.5651540756225586,False
train,0.9649927020072937,0.230158731341362,0.26190322637557983,0.0006288484437391162,0.0249412190169096,-0.004604233428835869,-0.5573759078979492,0.5573949217796326,False
train,0.9654094576835632,0.15396825969219208,0.2616065740585327,0.0006372556090354919,0.025126617401838303,-0.004481924697756767,-0.549706757068634,0.5497250556945801,False
train,0.9658262133598328,0.06111111119389534,0.2613130509853363,0.0006457886192947626,0.025315282866358757,-0.004358546808362007,-0.5421282649040222,0.5421457886695862,False
train,0.9662429690361023,0.003968254197388887,0.2610229253768921,0.0006544508505612612,0.025507310405373573,-0.004234069958329201,-0.5346426963806152,0.5346594452857971,False
test,0.9666597247123718,0.16984127461910248,0.26073595881462097,0.0006632430595345795,0.02570267580449581,-0.0041084252297878265,-0.5272555351257324,0.5272715091705322,False
train,0.9670764803886414,0.15317460894584656,0.2604520916938782,0.0006721702520735562,0.025901272892951965,-0.003981335088610649,-0.5199631452560425,0.519978404045105,False
train,0.9674932360649109,0.06031746044754982,0.26017141342163086,0.000681230507325381,0.026103246957063675,-0.0038529857993125916,-0.5127710103988647,0.5127854943275452,False
train,0.9679099917411804,0.02142857201397419,0.25989383459091187,0.0006904279580339789,0.026308463886380196,-0.0037231016904115677,-0.5056780576705933,0.5056917667388916,False
train,0.96832674741745,0.011111111380159855,0.2596193552017212,0.0006997641758061945,0.026517052203416824,-0.0035917554050683975,-0.4986872673034668,0.49870020151138306,False
test,0.9687435030937195,0.004761904943734407,0.2593478262424469,0.0007092400337569416,0.026728913187980652,-0.003458799794316292,-0.4917982816696167,0.4918104410171509,False
train,0.969160258769989,0.0023809524718672037,0.2590790390968323,0.0007188619929365814,0.026944022625684738,-0.0033240020275115967,-0.48500996828079224,0.48502135276794434,False
train,0.9695770144462585,0.0833333358168602,0.2588133215904236,0.0007286258623935282,0.027162441983819008,-0.0031875520944595337,-0.4783250093460083,0.4783356189727783,False
train,0.9699937701225281,0.2658730149269104,0.2585504353046417,0.0007385379867628217,0.02738414891064167,-0.0030492134392261505,-0.47174155712127686,0.4717514216899872,False
train,0.9704105257987976,0.2785714268684387,0.2582904100418091,0.0007485973765142262,0.027609018608927727,-0.0029088929295539856,-0.46525973081588745,0.4652688205242157,False
test,0.9708272814750671,0.23492063581943512,0.25803321599960327,0.0007588077569380403,0.02783719077706337,-0.002766614779829979,-0.45888078212738037,0.4588891267776489,False
train,0.9712440371513367,0.27222222089767456,0.25777870416641235,0.0007691741921007633,0.02806849777698517,-0.0026220493018627167,-0.4525986313819885,0.4526062309741974,False
train,0.9716607332229614,0.2857142984867096,0.2575269639492035,0.0007796937134116888,0.028303032740950584,-0.0024753957986831665,-0.446416974067688,0.44642382860183716,False
train,0.972077488899231,0.26428571343421936,0.25727784633636475,0.0007903723744675517,0.028540795668959618,-0.0023264624178409576,-0.44033145904541016,0.440337598323822,False
train,0.9724942445755005,0.22142857313156128,0.25703129172325134,0.0008012085454538465,0.028781708329916,-0.0021752435714006424,-0.4343382716178894,0.43434372544288635,False
test,0.97291100025177,0.29126983880996704,0.2567872405052185,0.0008122098515741527,0.02902568131685257,-0.0020214077085256577,-0.4284372329711914,0.42844200134277344,False
train,0.9733277559280396,0.22063492238521576,0.2565458416938782,0.0008233754779212177,0.02927284874022007,-0.0018651466816663742,-0.42262595891952515,0.42263007164001465,False
train,0.9737445116043091,0.2611111104488373,0.2563070058822632,0.0008347067632712424,0.029523059725761414,-0.0017062891274690628,-0.4168992340564728,0.41690272092819214,False
train,0.9741612672805786,0.2746031880378723,0.2560705840587616,0.0008462080149911344,0.029776258394122124,-0.0015446599572896957,-0.41125619411468506,0.41125908493995667,False
train,0.9745780229568481,0.23888888955116272,0.2558365762233734,0.0008578806300647557,0.03003254346549511,-0.0013803578913211823,-0.4056916832923889,0.40569403767585754,False
test,0.9749947786331177,0.22777777910232544,0.25560498237609863,0.0008697286248207092,0.030291737988591194,-0.00121309794485569,-0.40020033717155457,0.4002021849155426,False
train,0.9754115343093872,0.26746031641960144,0.25537562370300293,0.0008817510679364204,0.030553942546248436,-0.0010430626571178436,-0.3947797119617462,0.39478108286857605,False
train,0.9758282899856567,0.2531746029853821,0.2551487386226654,0.0008939531398937106,0.03081902302801609,-0.000870000571012497,-0.38942408561706543,0.3894250690937042,False
train,0.9762450456619263,0.22380952537059784,0.2549242079257965,0.0009063372854143381,0.031086910516023636,-0.0006938055157661438,-0.3841286897659302,0.3841293156147003,False
train,0.9766618013381958,0.2769841253757477,0.2547018527984619,0.0009189033880829811,0.03135770186781883,-0.0005146320909261703,-0.3788897395133972,0.37889009714126587,False
test,0.9770785570144653,0.2777777910232544,0.2544819712638855,0.000931657268665731,0.0316312238574028,-0.00033218972384929657,-0.3736993968486786,0.3736995458602905,False
train,0.9774953126907349,0.27539682388305664,0.2542642652988434,0.0009445998002775013,0.03190742805600166,-0.00014647096395492554,-0.36855262517929077,0.36855265498161316,False
train,0.9779120683670044,0.2706349194049835,0.254048615694046,0.0009577313321642578,0.032186370342969894,4.2416155338287354e-05,-0.36344367265701294,0.36344367265701294,False
train,0.9783288240432739,0.3063492178916931,0.2538354992866516,0.0009710569866001606,0.03246792033314705,0.00023467838764190674,-0.3583666682243347,0.3583667576313019,False
train,0.9787455797195435,0.28412699699401855,0.2536243200302124,0.000984580023214221,0.03275197371840477,0.00043045729398727417,-0.35331398248672485,0.35331425070762634,False
test,0.979162335395813,0.2579365074634552,0.2534155547618866,0.0009983006166294217,0.03303859382867813,0.0006295815110206604,-0.34828120470046997,0.34828177094459534,False
train,0.9795790910720825,0.3182539641857147,0.2532089054584503,0.0010122209787368774,0.03332756087183952,0.0008322671055793762,-0.34325820207595825,0.34325921535491943,False
train,0.979995846748352,0.2738095223903656,0.2530044615268707,0.0010263440199196339,0.033619027584791183,0.0010383352637290955,-0.33824121952056885,0.3382428288459778,False
train,0.9804126024246216,0.29603174328804016,0.2528022229671478,0.0010406763758510351,0.03391274809837341,0.0012481510639190674,-0.33321821689605713,0.33322054147720337,False
train,0.9808293581008911,0.2738095223903656,0.25260207056999207,0.0010552130406722426,0.034208670258522034,0.0014614686369895935,-0.32818669080734253,0.3281899392604828,False
test,0.9812461137771606,0.2380952388048172,0.25240418314933777,0.001069960300810635,0.03450683504343033,0.0016783401370048523,-0.32313841581344604,0.32314276695251465,False
train,0.9816628694534302,0.3460317552089691,0.25220856070518494,0.0010849232785403728,0.03480709344148636,0.0018989555537700653,-0.3180658221244812,0.31807148456573486,False
train,0.9820796251296997,0.2380952388048172,0.2520151138305664,0.0011000988306477666,0.035109300166368484,0.002123214304447174,-0.3129587769508362,0.312965989112854,False
train,0.9824963808059692,0.28333333134651184,0.2518237829208374,0.0011154903331771493,0.03541352227330208,0.00235101580619812,-0.3078109920024872,0.30781999230384827,False
train,0.9829131364822388,0.24682539701461792,0.2516348958015442,0.0011311037233099341,0.03571951761841774,0.0025826431810855865,-0.302616149187088,0.30262717604637146,False
test,0.9833298325538635,0.23333333432674408,0.25144821405410767,0.0011469360906630754,0.03602731600403786,0.002817802131175995,-0.29736554622650146,0.29737889766693115,False
train,0.9837465882301331,0.21904762089252472,0.25126364827156067,0.0011629941873252392,0.03633684664964676,0.0030566491186618805,-0.2920503616333008,0.292066365480423,False
train,0.9841633439064026,0.23968254029750824,0.25108179450035095,0.00117928022518754,0.0366479866206646,0.0032991915941238403,-0.28666412830352783,0.2866831123828888,False
train,0.9845800995826721,0.30714285373687744,0.25090205669403076,0.001195792225189507,0.036960575729608536,0.0035453327000141144,-0.2811984419822693,0.28122079372406006,False
train,0.9849968552589417,0.2380952388048172,0.2507248520851135,0.0012125393841415644,0.03727461397647858,0.003795213997364044,-0.27564501762390137,0.2756711542606354,False
test,0.9854136109352112,0.22063492238521576,0.25054997205734253,0.0012295159976929426,0.03759000450372696,0.004048537462949753,-0.2699984908103943,0.27002882957458496,False
train,0.9858303666114807,0.2825396955013275,0.2503776252269745,0.001246725907549262,0.03790650516748428,0.004305478185415268,-0.2642478942871094,0.2642829716205597,False
train,0.9862471222877502,0.28730159997940063,0.250207781791687,0.0012641714420169592,0.03822419419884682,0.004565823823213577,-0.25838786363601685,0.2584281861782074,False
train,0.9866638779640198,0.2658730149269104,0.2500404417514801,0.0012818572577089071,0.038542844355106354,0.004829756915569305,-0.25241219997406006,0.252458393573761,False
train,0.9870806336402893,0.30714285373687744,0.24987590312957764,0.0012997802114114165,0.0388624407351017,0.005096953362226486,-0.246311753988266,0.24636448919773102,False
test,0.9874973893165588,0.30793651938438416,0.2497139275074005,0.0013179504312574863,0.039182838052511215,0.005367692559957504,-0.24007917940616608,0.2401391714811325,False
train,0.9879141449928284,0.26349207758903503,0.2495546191930771,0.001336358138360083,0.03950384631752968,0.0056415945291519165,-0.233708456158638,0.2337765395641327,False
train,0.9883309006690979,0.2785714268684387,0.2493981570005417,0.001355013228021562,0.0398254431784153,0.0059187933802604675,-0.22719347476959229,0.22727055847644806,False
train,0.9887476563453674,0.2817460298538208,0.2492445856332779,0.001373912557028234,0.0401475615799427,0.006198979914188385,-0.22052787244319916,0.2206149846315384,False
train,0.989164412021637,0.25952380895614624,0.24909387528896332,0.0013930624118074775,0.04046988859772682,0.00648246705532074,-0.21370424330234528,0.2138025313615799,False
test,0.9895811676979065,0.2777777910232544,0.24894627928733826,0.0014124580193310976,0.04079250991344452,0.006768729537725449,-0.206717386841774,0.20682817697525024,False
train,0.989997923374176,0.25,0.24880151450634003,0.0014321048511192203,0.041115205734968185,0.007057946175336838,-0.19955997169017792,0.1996847540140152,False
train,0.9904146790504456,0.24682539701461792,0.24866002798080444,0.0014520074473693967,0.04143783450126648,0.0073501355946063995,-0.19222980737686157,0.19237028062343597,False
train,0.9908314347267151,0.25634920597076416,0.24852168560028076,0.0014721587067469954,0.04176034778356552,0.007644865661859512,-0.18471679091453552,0.18487490713596344,False
train,0.9912481904029846,0.22460317611694336,0.24838653206825256,0.0014925628202036023,0.0420825220644474,0.007942229509353638,-0.17702069878578186,0.17719878256320953,False
test,0.9916649460792542,0.2579365074634552,0.24825474619865417,0.0015132222324609756,0.04240427166223526,0.00824211910367012,-0.16913510859012604,0.16933581233024597,False
train,0.9920817017555237,0.2690476179122925,0.2481265664100647,0.0015341369435191154,0.042725570499897,0.008544299751520157,-0.16105560958385468,0.16128209233283997,False
train,0.9924984574317932,0.23650793731212616,0.2480018585920334,0.0015553117264062166,0.04304606467485428,0.008849013596773148,-0.1527782380580902,0.1530342996120453,False
train,0.9929152131080627,0.2984127104282379,0.24788065254688263,0.001576735870912671,0.04336586594581604,0.009155534207820892,-0.1442985087633133,0.1445886790752411,False
train,0.9933319687843323,0.23968254029750824,0.24776309728622437,0.001598420669324696,0.04368462786078453,0.009464282542467117,-0.13561372458934784,0.13594357669353485,False
test,0.9937487244606018,0.2587301731109619,0.24764937162399292,0.0016203598352149129,0.04400230571627617,0.009774856269359589,-0.12672196328639984,0.12709839642047882,False
train,0.9941654801368713,0.2539682686328888,0.24753952026367188,0.0016425561625510454,0.044318802654743195,0.010087147355079651,-0.11761943995952606,0.1180511936545372,False
train,0.9945821762084961,0.2626984119415283,0.24743366241455078,0.0016650089528411627,0.0446338914334774,0.010401125997304916,-0.1083054393529892,0.10880372673273087,False
train,0.9949989318847656,0.2857142984867096,0.24733184278011322,0.001687723328359425,0.04494744911789894,0.010716766119003296,-0.09877483546733856,0.09935450553894043,False
train,0.9954156875610352,0.2706349194049835,0.2472338229417801,0.0017106932355090976,0.0452595129609108,0.011033594608306885,-0.0890270322561264,0.08970815688371658,False
test,0.9958324432373047,0.2587301731109619,0.2471403032541275,0.0017339199548587203,0.04556969925761223,0.011351753026247025,-0.07906089723110199,0.07987169921398163,False
train,0.9962491989135742,0.2222222238779068,0.2470511943101883,0.0017574053490534425,0.04587803781032562,0.011671032756567001,-0.06887796521186829,0.06985976547002792,False
train,0.9966659545898438,0.25238096714019775,0.24696610867977142,0.0017811456928029656,0.04618426039814949,0.011991292238235474,-0.05847412347793579,0.059690989553928375,False
train,0.9970827102661133,0.05238095298409462,0.2468857318162918,0.001805138890631497,0.04648836702108383,0.012312214821577072,-0.04785001277923584,0.049408648163080215,False
train,0.9974994659423828,0.0015873016091063619,0.24680998921394348,0.0018293937901034951,0.04679007828235626,0.012634143233299255,-0.03700980544090271,0.03910686820745468,False
test,0.9979162216186523,0.0,0.24673891067504883,0.0018538938602432609,0.047089364379644394,0.01295631006360054,-0.025949448347091675,0.029004134237766266,False
train,0.9983329772949219,0.0007936508045531809,0.2466723769903183,0.0018786551663652062,0.04738595336675644,0.013279218226671219,-0.01466880738735199,0.0197866503149271,False
train,0.9987497329711914,0.0007936508045531809,0.24661089479923248,0.0019036632729694247,0.04767993092536926,0.01360216736793518,-0.00317266583442688,0.013967274688184261,False
train,0.9991664886474609,0.0,0.2465541809797287,0.0019289302872493863,0.04797092080116272,0.013925634324550629,0.008539542555809021,0.01633545570075512,False
train,0.9995832443237305,0.0007936508045531809,0.24650274217128754,0.001954443519935012,0.04825897142291069,0.014248926192522049,0.02046772837638855,0.024939121678471565,False
test,1.0,0.0007936508045531809,0.24645617604255676,0.0019802057649940252,0.048543781042099,0.01457226648926735,0.032604463398456573,0.035712771117687225,False
