part,t,D_obs,D_pred,I_pred,u_pred,r_I,r_D,R,is_anomaly
train,0.00020837673218920827,0.0,0.00025235445355065167,0.048776499927043915,0.035328127443790436,0.46238696575164795,-0.05087770149111748,0.46517765522003174,False
train,0.0006251301965676248,0.0,0.00024759682128205895,0.04898755997419357,0.035611607134342194,0.4699019491672516,-0.050579946488142014,0.4726163148880005,False
train,0.0010418837191537023,0.0,0.0002430331369396299,0.04920155182480812,0.035887692123651505,0.47616490721702576,-0.05029728263616562,0.4788139760494232,False
train,0.0014586371835321188,0.0,0.0002386573178227991,0.049418069422245026,0.036156006157398224,0.48119688034057617,-0.05002961680293083,0.48379066586494446,False
test,0.0018753906479105353,0.0,0.00023446240811608732,0.049636442214250565,0.036416199058294296,0.48502129316329956,-0.049776576459407806,0.48756882548332214,False
train,0.002292144112288952,0.0,0.00023044581757858396,0.04985634610056877,0.03666790574789047,0.48767054080963135,-0.04953813925385475,0.4901801645755768,False
train,0.0027088976930826902,0.0,0.00022659977548755705,0.050077203661203384,0.03691079467535019,0.48917821049690247,-0.04931383579969406,0.4916575849056244,False
train,0.0031256512738764286,0.0,0.0002229199162684381,0.05029860883951187,0.037144530564546585,0.48958396911621094,-0.049103401601314545,0.4920402467250824,False
train,0.0035424046218395233,0.0,0.00021939958969596773,0.05052000284194946,0.0373687818646431,0.48892873525619507,-0.048906296491622925,0.4913686513900757,False
test,0.003959157969802618,0.0,0.00021603390632662922,0.05074101313948631,0.03758324310183525,0.4872599244117737,-0.04872217774391174,0.48968976736068726,False
train,0.004375911783427,0.0,0.00021281643421389163,0.05096125975251198,0.03778759390115738,0.4846258759498596,-0.0485505573451519,0.48705172538757324,False
train,0.004792665131390095,0.0,0.0002097430406138301,0.05118027329444885,0.0379815511405468,0.481076180934906,-0.04839092865586281,0.4835038483142853,False
train,0.0052094184793531895,0.0,0.0002068084868369624,0.05139771103858948,0.03816485032439232,0.4766644835472107,-0.04824282228946686,0.4790995717048645,False
train,0.0056261722929775715,0.0,0.00020400522043928504,0.05161326006054878,0.03833720460534096,0.4714440107345581,-0.048105638474226,0.4738919734954834,False
test,0.006042925175279379,0.0,0.00020132939971517771,0.05182654410600662,0.038498375564813614,0.4654693305492401,-0.047978878021240234,0.4679355323314667,False
train,0.006459679454565048,0.0,0.00019877735758200288,0.05203726142644882,0.03864813223481178,0.45879578590393066,-0.04786204174160957,0.4612855315208435,False
train,0.006876432336866856,0.0,0.0001963418908417225,0.052245091646909714,0.03878624737262726,0.45147883892059326,-0.047754496335983276,0.453997403383255,False
train,0.00729318568482995,0.0,0.00019401931785978377,0.052449822425842285,0.038912538439035416,0.4435730576515198,-0.04765578359365463,0.44612568616867065,False
train,0.007709939498454332,0.0,0.00019180522940587252,0.05265117064118385,0.03902680054306984,0.43513429164886475,-0.047565363347530365,0.43772628903388977,False
test,0.008126692846417427,0.0,0.0001896947214845568,0.05284901335835457,0.0391288585960865,0.42621615529060364,-0.04748277738690376,0.428852915763855,False
train,0.008543446660041809,0.0,0.00018768222071230412,0.05304304510354996,0.03921859338879585,0.41687193512916565,-0.04740742966532707,0.41955891251564026,False
train,0.008960200473666191,0.0,0.00018576596630737185,0.05323314294219017,0.03929585590958595,0.40715351700782776,-0.04733893275260925,0.40989628434181213,False
train,0.009376953355967999,0.0,0.00018393997743260115,0.05341920256614685,0.03936055302619934,0.3971121907234192,-0.0472768098115921,0.39991647005081177,False
train,0.00979370716959238,0.0,0.00018220052879769355,0.05360097438097,0.039412565529346466,0.38679611682891846,-0.04722054302692413,0.3896678388118744,False
test,0.010210460051894188,0.0,0.00018054417159873992,0.053778477013111115,0.03945184499025345,0.376253604888916,-0.047169819474220276,0.3791988492012024,False
train,0.01062721386551857,0.0,0.00017896751523949206,0.053951554000377655,0.03947833180427551,0.3655298352241516,-0.047124192118644714,0.368554949760437,False
train,0.011043967679142952,0.0068330238573253155,0.0001774660631781444,0.05412016436457634,0.03949200361967087,0.3546687364578247,-0.047083284705877304,0.3577803075313568,False
train,0.011460721492767334,0.020112454891204834,0.00017603761807549745,0.05428421124815941,0.039492834359407425,0.34371161460876465,-0.0470467284321785,0.346916526556015,False
train,0.011877474375069141,0.020204907283186913,0.00017467779980506748,0.05444366857409477,0.039480842649936676,0.332698255777359,-0.04701417312026024,0.3360036611557007,False
test,0.012294228188693523,0.02032257243990898,0.0001733836834318936,0.054598525166511536,0.03945605084300041,0.3216654062271118,-0.046985313296318054,0.3250788450241089,False
train,0.012710982002317905,0.020209109410643578,0.00017215219850186259,0.054748859256505966,0.03941851481795311,0.3106487989425659,-0.046959925442934036,0.3141781687736511,False
train,0.013127733953297138,0.020225917920470238,0.00017098060925491154,0.05489451438188553,0.03936830908060074,0.2996804118156433,-0.046937599778175354,0.30333396792411804,False
train,0.01354448776692152,0.020246930420398712,0.0001698664273135364,0.05503557249903679,0.039305493235588074,0.2887902855873108,-0.046918123960494995,0.29257673025131226,False
train,0.013961241580545902,0.020221715793013573,0.0001688066404312849,0.0551721453666687,0.039230212569236755,0.27800673246383667,-0.04690132662653923,0.2819352149963379,False
test,0.01437799446284771,0.020120859146118164,0.00016779874567873776,0.055304210633039474,0.03914256766438484,0.2673552632331848,-0.04688691720366478,0.2714354693889618,False
train,0.014794748276472092,0.02006622962653637,0.0001668398326728493,0.05543183162808418,0.03904271498322487,0.25685834884643555,-0.04687469080090523,0.2611004412174225,False
train,0.015211502090096474,0.0200746338814497,0.00016592895553912967,0.05555501952767372,0.03893082216382027,0.24653704464435577,-0.04686443880200386,0.25095176696777344,False
train,0.015628255903720856,0.020263738930225372,0.0001650620688451454,0.05567396804690361,0.03880705684423447,0.23641008138656616,-0.04685604199767113,0.24100874364376068,False
train,0.016045009717345238,0.020167086273431778,0.00016423714987467974,0.05578869581222534,0.038671623915433884,0.22649362683296204,-0.04684929922223091,0.23128817975521088,False
test,0.01646176353096962,0.020246930420398712,0.0001634531217860058,0.055899254977703094,0.03852473199367523,0.2168012410402298,-0.046844035387039185,0.22180429100990295,False
train,0.016878517344594002,0.020192299038171768,0.0001627077435841784,0.05600575730204582,0.03836662322282791,0.20734524726867676,-0.0468401201069355,0.21257010102272034,False
train,0.017295269295573235,0.020129265263676643,0.00016199944366235286,0.05610823631286621,0.03819753974676132,0.19813553988933563,-0.04683737829327583,0.20359624922275543,False
train,0.017712023109197617,0.020104050636291504,0.00016132531163748354,0.056206945329904556,0.038017742335796356,0.18918028473854065,-0.046835798770189285,0.19489169120788574,False
train,0.018128776922822,0.020045217126607895,0.00016068476543296129,0.05630192905664444,0.03782748803496361,0.1804857701063156,-0.04683522880077362,0.18646353483200073,False
test,0.01854552887380123,0.020263738930225372,0.00016007562226150185,0.056393202394247055,0.03762708976864815,0.17205621302127838,-0.04683549329638481,0.1783168613910675,False
train,0.018962282687425613,0.02008303813636303,0.00015949660155456513,0.05648098886013031,0.03741682320833206,0.1638951152563095,-0.04683658480644226,0.17045606672763824,False
train,0.019379036501049995,0.020129265263676643,0.00015894559328444302,0.0565652959048748,0.03719700872898102,0.1560034602880478,-0.04683833569288254,0.16288311779499054,False
train,0.019795790314674377,0.019994789734482765,0.00015842127322684973,0.05664629861712456,0.036967966705560684,0.14838184416294098,-0.046840716153383255,0.15559956431388855,False
train,0.02021254412829876,0.020120859146118164,0.00015792276826687157,0.05672404170036316,0.03673001751303673,0.1410292387008667,-0.046843595802783966,0.14860542118549347,False
test,0.02062929794192314,0.020137669518589973,0.0001574495545355603,0.0567987784743309,0.0364835150539875,0.1339438259601593,-0.046847037971019745,0.1418999433517456,False
train,0.021046051755547523,0.02012506127357483,0.00015699886716902256,0.05687044933438301,0.03622879460453987,0.1271219402551651,-0.046850815415382385,0.13548056781291962,False
train,0.021462805569171906,0.020154478028416634,0.00015656948380637914,0.056939154863357544,0.035966210067272186,0.12055987119674683,-0.04685487598180771,0.12934474647045135,False
train,0.02187955752015114,0.020225917920470238,0.0001561624085297808,0.05700518935918808,0.0356961190700531,0.11425334960222244,-0.04685932770371437,0.1234893724322319,False
train,0.02229631133377552,0.020120859146118164,0.00015577467274852097,0.057068485766649246,0.03541888669133186,0.10819636285305023,-0.046863969415426254,0.11790964752435684,False
test,0.022713065147399902,0.020162882283329964,0.0001554062619106844,0.0571291446685791,0.035134874284267426,0.102383092045784,-0.046868763864040375,0.11260096728801727,False
train,0.023129818961024284,0.020087240263819695,0.00015505484770983458,0.05718737840652466,0.03484446555376053,0.09680739045143127,-0.04687374085187912,0.10755844414234161,False
train,0.023546570912003517,0.02010825276374817,0.00015472104132641107,0.05724324285984039,0.034548018127679825,0.09146211296319962,-0.046878837049007416,0.1027761772274971,False
train,0.0239633247256279,0.02009984850883484,0.00015440401330124587,0.057296767830848694,0.034245915710926056,0.08634017407894135,-0.046883970499038696,0.09824831783771515,False
train,0.02438007853925228,0.020087240263819695,0.000154101726366207,0.05734807252883911,0.033938538283109665,0.08143375813961029,-0.04688911512494087,0.09396832436323166,False
test,0.024796832352876663,0.020204907283186913,0.0001538147043902427,0.05739719420671463,0.0336262509226799,0.07673521339893341,-0.04689420759677887,0.0899297446012497,False
train,0.025213586166501045,0.020036812871694565,0.0001535424089524895,0.0574442595243454,0.03330942988395691,0.07223694771528244,-0.046899255365133286,0.0861261710524559,False
train,0.025630339980125427,0.02013346739113331,0.00015328230801969767,0.057489532977342606,0.03298844397068024,0.06793101876974106,-0.04690435901284218,0.08255084604024887,False
train,0.02604709193110466,0.020200705155730247,0.00015303546388167888,0.05753282457590103,0.032663676887750626,0.0638090968132019,-0.046909283846616745,0.07919647544622421,False
train,0.026463845744729042,0.020276347175240517,0.0001528011343907565,0.057574283331632614,0.03233548253774643,0.05986304208636284,-0.04691406711935997,0.07605598866939545,False
test,0.026880599558353424,0.020167086273431778,0.00015257894119713455,0.05761394649744034,0.0320042185485363,0.056084923446178436,-0.04691865295171738,0.07312235236167908,False
train,0.027297353371977806,0.015607533976435661,0.00015236723993439227,0.05765195190906525,0.031670257449150085,0.052466630935668945,-0.04692307487130165,0.07038836926221848,False
train,0.027714107185602188,0.0,0.0001521664235042408,0.0576883889734745,0.03133394941687584,0.04900021851062775,-0.0469273217022419,0.06784684956073761,False
train,0.02813086099922657,0.0,0.00015197572065517306,0.05772329121828079,0.030995631590485573,0.04567771777510643,-0.04693135246634483,0.06549049913883209,False
train,0.028547614812850952,0.0,0.0001517951168352738,0.057756584137678146,0.030655648559331894,0.04249130189418793,-0.04693504422903061,0.06331200152635574,False
test,0.028964368626475334,0.0,0.00015162411727942526,0.057788535952568054,0.030314341187477112,0.03943336755037308,-0.04693853482604027,0.06130429357290268,False
train,0.029381122440099716,0.0,0.00015146256191655993,0.057819075882434845,0.029972031712532043,0.0364963635802269,-0.046941712498664856,0.059460144490003586,False
train,0.02979787439107895,0.0,0.0001513095194241032,0.057848308235406876,0.029629047960042953,0.033672720193862915,-0.046944595873355865,0.057772375643253326,False
train,0.03021462820470333,0.0,0.00015116430586203933,0.05787619948387146,0.029285678640007973,0.03095521405339241,-0.04694709554314613,0.056233931332826614,False
train,0.030631382018327713,0.0,0.00015102799807209522,0.05790284276008606,0.028942251577973366,0.0283367857336998,-0.04694923758506775,0.05483798310160637,False
test,0.031048135831952095,0.0,0.00015089915541466326,0.05792820826172829,0.028599044308066368,0.025810353457927704,-0.04695093631744385,0.05357765033841133,False
train,0.03146488592028618,0.0,0.00015077933494467288,0.05795256048440933,0.028256354853510857,0.023369289934635162,-0.04695236310362816,0.052446622401475906,False
train,0.03188164159655571,0.0,0.0001506660773884505,0.05797550827264786,0.027914447709918022,0.021006550639867783,-0.04695313796401024,0.051438044756650925,False
train,0.03229839354753494,0.0,0.00015056037227623165,0.05799759551882744,0.027573591098189354,0.01871618628501892,-0.04695366322994232,0.05054643377661705,False
train,0.032715149223804474,0.0,0.0001504611864220351,0.05801844224333763,0.027234045788645744,0.01649145409464836,-0.04695357009768486,0.049765508621931076,False
test,0.03313190117478371,0.0,0.0001503696694271639,0.05803834646940231,0.02689605951309204,0.014326382428407669,-0.04695306718349457,0.049090079963207245,False
train,0.03354865312576294,0.0,0.000150284671690315,0.05805718153715134,0.026559868827462196,0.01221488043665886,-0.046952009201049805,0.04851488769054413,False
train,0.03396540880203247,0.0,0.0001502064405940473,0.058075059205293655,0.026225687935948372,0.010151010006666183,-0.04695042595267296,0.04803525283932686,False
train,0.034382160753011703,0.0,0.00015013483061920851,0.05809176713228226,0.02589375153183937,0.008128982037305832,-0.04694811999797821,0.04764668270945549,False
train,0.034798916429281235,0.0,0.00015007000183686614,0.05810768902301788,0.02556425891816616,0.006143273785710335,-0.04694535210728645,0.0473456010222435,False
test,0.03521566838026047,0.0,0.00015001161955296993,0.05812257528305054,0.025237416848540306,0.004188293591141701,-0.04694187641143799,0.0471283495426178,False
train,0.03563242405653,0.0,0.00014995969831943512,0.05813651531934738,0.02491339109838009,0.0022586360573768616,-0.0469377338886261,0.046992044895887375,False
train,0.03604917600750923,0.0,0.0001499136706115678,0.058149609714746475,0.02459237538278103,0.00034904293715953827,-0.04693296179175377,0.046934258192777634,False
train,0.03646593168377876,0.0,0.00014987449685577303,0.0581616535782814,0.02427452988922596,-0.0015458595007658005,-0.046927351504564285,0.046952806413173676,False
train,0.036882683634757996,0.0,0.00014984176959842443,0.058172859251499176,0.023960024118423462,-0.003431132063269615,-0.04692103713750839,0.047046322375535965,False
test,0.03729943558573723,0.0,0.00014981505228206515,0.05818306282162666,0.02364899404346943,-0.005311943590641022,-0.04691385477781296,0.04721362516283989,False
train,0.03771619126200676,0.0,0.00014979520346969366,0.058192454278469086,0.0233415849506855,-0.007193295285105705,-0.046905916184186935,0.04745427891612053,False
train,0.03813294321298599,0.0,0.00014978177205193788,0.0582008957862854,0.023037929087877274,-0.009080212563276291,-0.04689706116914749,0.04776803031563759,False
train,0.038549698889255524,0.0,0.00014977504906710237,0.05820842459797859,0.022738134488463402,-0.010977715253829956,-0.046887289732694626,0.048155248165130615,False
train,0.038966450840234756,0.0,0.00014977462706156075,0.05821498483419418,0.022442324087023735,-0.012890724465250969,-0.04687651991844177,0.04861665144562721,False
test,0.03938320651650429,0.0,0.00014978062245063484,0.05822066217660904,0.022150594741106033,-0.01482419017702341,-0.04686477780342102,0.04915347322821617,False
train,0.03979995846748352,0.0,0.00014979449042584747,0.05822543427348137,0.021863047033548355,-0.016783040016889572,-0.046852003782987595,0.04976726695895195,False
train,0.04021671414375305,0.0,0.00014981463027652353,0.05822927504777908,0.021579761058092117,-0.018772240728139877,-0.04683813452720642,0.05045996233820915,False
train,0.040633466094732285,0.0,0.00014984248264227062,0.05823206156492233,0.021300828084349632,-0.02079671621322632,-0.046823035925626755,0.05123377963900566,False
train,0.04105021804571152,0.0,0.00014987721806392074,0.058233942836523056,0.021026303991675377,-0.022861327975988388,-0.046806786209344864,0.052091412246227264,False
test,0.04146697372198105,0.0,0.00014991953503340483,0.05823484808206558,0.020756257697939873,-0.02497103065252304,-0.04678928107023239,0.053035736083984375,False
train,0.04188372567296028,0.0,0.00014996914251241833,0.058234792202711105,0.020490743219852448,-0.02713070623576641,-0.04677049443125725,0.05406990274786949,False
train,0.042300477623939514,0.0,0.00015002721920609474,0.05823369696736336,0.020229825749993324,-0.029345232993364334,-0.04675030708312988,0.055197227746248245,False
train,0.04271722957491875,0.0,0.00015009303751867265,0.058231499046087265,0.019973525777459145,-0.0316193513572216,-0.04672864452004433,0.056421179324388504,False
train,0.04313398525118828,0.0,0.00015016748511698097,0.05822828412055969,0.01972188986837864,-0.033957939594984055,-0.04670551419258118,0.05774553120136261,False
test,0.04355073720216751,0.0,0.00015025112952571362,0.0582239143550396,0.019474951550364494,-0.036365531384944916,-0.046680767089128494,0.059173863381147385,False
train,0.04396749287843704,0.0,0.00015034286479931325,0.058218542486429214,0.01923273503780365,-0.03884677588939667,-0.04665447771549225,0.06071006879210472,False
train,0.044384244829416275,0.0,0.00015044411702547222,0.05821194127202034,0.0189952552318573,-0.04140593856573105,-0.046626411378383636,0.06235762685537338,False
train,0.044801000505685806,0.0,0.00015055519179441035,0.058204203844070435,0.01876252330839634,-0.04404735192656517,-0.04659660533070564,0.06412030011415482,False
train,0.04521775245666504,0.0,0.0001506762782810256,0.05819521099328995,0.018534556031227112,-0.046774715185165405,-0.04656491428613663,0.06600125133991241,False
test,0.04563450440764427,0.0,0.00015080752200447023,0.058184944093227386,0.018311353400349617,-0.04959189146757126,-0.046531278640031815,0.06800379604101181,False
train,0.0460512600839138,0.0,0.00015094966511242092,0.058173444122076035,0.018092913553118706,-0.05250222235918045,-0.04649567976593971,0.07013081759214401,False
train,0.046468012034893036,0.0,0.00015110289677977562,0.058160584419965744,0.01787923276424408,-0.05550830066204071,-0.04645797982811928,0.07238449901342392,False
train,0.04688476771116257,0.0,0.00015126798825804144,0.05814634636044502,0.01767030730843544,-0.05861283466219902,-0.04641811177134514,0.07476700842380524,False
train,0.0473015196621418,0.0,0.00015144435747060925,0.05813077092170715,0.017466122284531593,-0.06181744486093521,-0.046376071870326996,0.07727959752082825,False
test,0.04771827533841133,0.0,0.00015163380885496736,0.058113742619752884,0.01726665161550045,-0.0651235282421112,-0.046331726014614105,0.0799231082201004,False
train,0.048135027289390564,0.0,0.00015183667710516602,0.05809515714645386,0.017071885988116264,-0.06853125244379044,-0.04628495126962662,0.08269721269607544,False
train,0.048551782965660095,0.0,0.0001520522782811895,0.058075111359357834,0.016881810501217842,-0.07204075902700424,-0.046235788613557816,0.08560151606798172,False
train,0.04896853491663933,0.0,0.00015228227130137384,0.05805351957678795,0.016696376726031303,-0.07565049827098846,-0.04618414491415024,0.08863392472267151,False
train,0.04938528686761856,0.0,0.00015252629236783832,0.05803035572171211,0.01651558093726635,-0.07935858517885208,-0.046129971742630005,0.09179193526506424,False
test,0.049802038818597794,0.0,0.00015278496721293777,0.05800542235374451,0.016339382156729698,-0.08316171914339066,-0.04607309401035309,0.09507155418395996,False
train,0.050218794494867325,0.0,0.0001530601439299062,0.05797892063856125,0.016167741268873215,-0.08705565333366394,-0.04601364582777023,0.09846797585487366,False
train,0.05063554644584656,0.0,0.00015335131320171058,0.0579506941139698,0.016000637784600258,-0.09103485941886902,-0.04595149680972099,0.10197492688894272,False
train,0.05105230212211609,0.0,0.00015365812578238547,0.0579206645488739,0.015838025137782097,-0.09509287774562836,-0.04588659852743149,0.10558520257472992,False
train,0.05146905407309532,0.0,0.00015398360847029835,0.057888906449079514,0.015679866075515747,-0.0992213785648346,-0.0458189956843853,0.10928981006145477,False
test,0.05188580974936485,0.0,0.00015432554937433451,0.057855360209941864,0.0155261205509305,-0.10341133922338486,-0.045748669654130936,0.11307893693447113,False
train,0.052302561700344086,0.0,0.00015468681522179395,0.05782002583146095,0.01537675503641367,-0.10765179246664047,-0.04567563533782959,0.11694089323282242,False
train,0.05271931737661362,0.0,0.0001550657907500863,0.05778273567557335,0.015231719240546227,-0.11193075776100159,-0.0455998070538044,0.12086288630962372,False
train,0.05313606932759285,0.0,0.0001554645277792588,0.057743679732084274,0.015090975910425186,-0.11623504757881165,-0.04552137851715088,0.12483102083206177,False
train,0.05355282500386238,0.0,0.00015588254609610885,0.05770268663764,0.014954468235373497,-0.1205497607588768,-0.04544026404619217,0.12882958352565765,False
test,0.053969576954841614,0.0,0.00015632063150405884,0.057659972459077835,0.014822166413068771,-0.12485887110233307,-0.04535672068595886,0.13284189999103546,False
train,0.054386332631111145,0.0,0.0001567799918120727,0.057615406811237335,0.014694003388285637,-0.129145547747612,-0.04527071490883827,0.13685032725334167,False
train,0.05480308085680008,0.0,0.00015725988487247378,0.057568904012441635,0.014569961465895176,-0.13339076936244965,-0.045182280242443085,0.14083513617515564,False
train,0.05521984025835991,0.0,0.00015776141663081944,0.0575205460190773,0.01444996241480112,-0.13757577538490295,-0.04509159177541733,0.14477688074111938,False
train,0.05563658848404884,0.0,0.00015828416508156806,0.05747056007385254,0.01433398388326168,-0.14168044924736023,-0.04499896615743637,0.14865483343601227,False
test,0.05605334788560867,0.0,0.00015882878506090492,0.05741870403289795,0.01422196626663208,-0.14568375051021576,-0.04490433260798454,0.15244722366333008,False
train,0.05647009611129761,0.0,0.00015939549484755844,0.05736525356769562,0.014113864861428738,-0.14956484735012054,-0.044808078557252884,0.15613265335559845,False
train,0.05688685178756714,0.0,0.00015998436720110476,0.05731012672185898,0.014009617269039154,-0.15330147743225098,-0.04471029341220856,0.1596882939338684,False
train,0.05730360373854637,0.0,0.0001605954603292048,0.05725351348519325,0.013909203931689262,-0.15687255561351776,-0.04461131617426872,0.1630925089120865,False
train,0.057720355689525604,0.0,0.00016122811939567327,0.05719535052776337,0.013812539167702198,-0.1602560430765152,-0.04451128840446472,0.1663227379322052,False
test,0.058137111365795135,0.0,0.0001618828682694584,0.05713575333356857,0.013719601556658745,-0.16343088448047638,-0.044410500675439835,0.16935744881629944,False
train,0.05855386331677437,0.0,0.0001625599543331191,0.05707484483718872,0.01363033801317215,-0.1663762927055359,-0.04430926591157913,0.17217543721199036,False
train,0.0589706189930439,0.0,0.00016325840260833502,0.05701271444559097,0.013544691726565361,-0.1690722107887268,-0.04420788958668709,0.17475625872612,False
train,0.05938737094402313,0.0,0.00016397736908402294,0.056949466466903687,0.013462628237903118,-0.17149969935417175,-0.04410668835043907,0.17708061635494232,False
train,0.059804126620292664,0.0,0.0001647164608584717,0.056885309517383575,0.013384082354605198,-0.17364095151424408,-0.044006071984767914,0.1791304349899292,False
test,0.0602208748459816,0.0,0.00016547608538530767,0.05682017654180527,0.013309016823768616,-0.17547932267189026,-0.04390622302889824,0.18088877201080322,False
train,0.06063763424754143,0.0,0.0001662553841015324,0.0567544586956501,0.013237379491329193,-0.17700053751468658,-0.04380771145224571,0.18234117329120636,False
train,0.06105438247323036,0.0,0.00016705204325262457,0.05668800696730614,0.013169136829674244,-0.1781904697418213,-0.043710678815841675,0.1834733486175537,False
train,0.06147114187479019,0.0,0.00016786645574029535,0.05662115663290024,0.01310422457754612,-0.1790379136800766,-0.04361565038561821,0.18427397310733795,False
train,0.061887890100479126,0.0,0.00016869721002876759,0.056554049253463745,0.013042600825428963,-0.17953334748744965,-0.04352298378944397,0.18473351001739502,False
test,0.06230464577674866,0.0,0.00016954469901975244,0.05648672580718994,0.012984230183064938,-0.17966869473457336,-0.04343295097351074,0.18484388291835785,False
train,0.06272140145301819,0.0,0.00017040457169059664,0.05641941726207733,0.012929046526551247,-0.1794382631778717,-0.04334602877497673,0.18459948897361755,False
train,0.06313815712928772,0.0,0.00017127810860984027,0.05635220557451248,0.0128770237788558,-0.17883792519569397,-0.04326248541474342,0.183996319770813,False
train,0.06355490535497665,0.0,0.00017216253036167473,0.05628535896539688,0.01282811351120472,-0.177866131067276,-0.04318280145525932,0.18303309381008148,False
train,0.06397166103124619,0.0,0.00017305662913713604,0.05621893331408501,0.012782258912920952,-0.1765221655368805,-0.04310723394155502,0.1817094087600708,False
test,0.06438840925693512,0.0,0.00017395902250427753,0.05615311488509178,0.012739427387714386,-0.17480823397636414,-0.04303615540266037,0.18002785742282867,False
train,0.06480517238378525,0.0,0.00017486861906945705,0.056088101118803024,0.012699573300778866,-0.17272721230983734,-0.04296991974115372,0.1779918670654297,False
train,0.06522192060947418,0.0,0.00017578246479388326,0.05602406710386276,0.01266265008598566,-0.17028506100177765,-0.04290888085961342,0.17560800909996033,False
train,0.06563867628574371,0.0,0.00017669856606516987,0.055961038917303085,0.01262862142175436,-0.16748765110969543,-0.04285324737429619,0.17288294434547424,False
train,0.06605542451143265,0.0,0.00017761571507435292,0.055899232625961304,0.012597436085343361,-0.16434302926063538,-0.04280334338545799,0.16982565820217133,False
test,0.06647218018770218,0.0,0.00017853218014352024,0.055838774889707565,0.012569054029881954,-0.16086047887802124,-0.04275943338871002,0.16644658148288727,False
train,0.06688893586397171,0.0,0.00017944516730494797,0.05577988922595978,0.01254344079643488,-0.15705075860023499,-0.042721837759017944,0.1627577841281891,False
train,0.06730569154024124,0.0,0.00018035298853646964,0.05572258308529854,0.012520535849034786,-0.15292514860630035,-0.04269068315625191,0.15877214074134827,False
train,0.06772243976593018,0.0,0.0001812528062146157,0.055667147040367126,0.01250031404197216,-0.14849603176116943,-0.042666323482990265,0.15450400114059448,False
train,0.06813919544219971,0.0,0.00018214303418062627,0.05561354383826256,0.012482733465731144,-0.14377674460411072,-0.0426488071680069,0.14996890723705292,False
test,0.06855595111846924,0.0,0.00018302071839571,0.05556188523769379,0.012467741034924984,-0.13878133893013,-0.042638298124074936,0.14518362283706665,False
train,0.06897269934415817,0.0,0.00018388508760835975,0.05551246181130409,0.012455311603844166,-0.13352501392364502,-0.042635075747966766,0.14016661047935486,False
train,0.0693894550204277,0.0,0.00018473256204742938,0.055465180426836014,0.012445393018424511,-0.12802265584468842,-0.04263909533619881,0.1349366307258606,False
train,0.06980620324611664,0.0,0.0001855613081716001,0.05542028322815895,0.012437952682375908,-0.12229038774967194,-0.04265056550502777,0.12951451539993286,False
train,0.07022296637296677,0.0,0.00018636816821526736,0.055377811193466187,0.012432931922376156,-0.11634469777345657,-0.04266951605677605,0.12392245978116989,False
test,0.0706397145986557,0.0,0.00018715248734224588,0.055337924510240555,0.012430315837264061,-0.11020281165838242,-0.04269600659608841,0.1181846410036087,False
train,0.07105647027492523,0.0,0.0001879105402622372,0.05530056357383728,0.012430040165781975,-0.10388187319040298,-0.0427299402654171,0.1123267188668251,False
train,0.07147321850061417,0.0,0.00018864053708966821,0.05526590719819069,0.012432083487510681,-0.09740021079778671,-0.0427713543176651,0.10637757927179337,False
train,0.0718899741768837,0.0,0.00018934067338705063,0.05523398518562317,0.012436390854418278,-0.09077572077512741,-0.04282014071941376,0.10036829859018326,False
train,0.07230672985315323,0.0,0.00019000863539986312,0.05520480498671532,0.012442927807569504,-0.0840274766087532,-0.04287615045905113,0.09433440864086151,False
test,0.07272348552942276,0.0,0.0001906418619910255,0.05517848581075668,0.01245165802538395,-0.07717469334602356,-0.04293927177786827,0.08831599354743958,False
train,0.0731402337551117,0.0,0.00019123924721498042,0.05515506491065025,0.01246253214776516,-0.07023727893829346,-0.04300929233431816,0.0823594257235527,False
train,0.07355698943138123,0.0,0.00019179846276529133,0.05513451620936394,0.012475513853132725,-0.06323493272066116,-0.04308593273162842,0.07651832699775696,False
train,0.07397374510765076,0.0,0.00019231840269640088,0.05511690676212311,0.012490556575357914,-0.05618823692202568,-0.04316890984773636,0.07085670530796051,False
train,0.07439050078392029,0.0,0.00019279673870187253,0.05510225519537926,0.012507625855505466,-0.04911825805902481,-0.04325789958238602,0.06545112282037735,False
test,0.07480724900960922,0.0,0.00019323203014209867,0.05509055033326149,0.012526672333478928,-0.042045965790748596,-0.04335249587893486,0.060392897576093674,False
train,0.07522400468587875,0.0,0.00019362324383109808,0.055081792175769806,0.012547660619020462,-0.034992460161447525,-0.04345226660370827,0.05579042807221413,False
train,0.07564076036214828,0.0,0.00019396956486161798,0.05507601797580719,0.012570549733936787,-0.02797943726181984,-0.04355676472187042,0.051769107580184937,False
train,0.07605751603841782,0.0,0.00019426979997660965,0.055073101073503494,0.0125952810049057,-0.02102852426469326,-0.04366539418697357,0.048465095460414886,False
train,0.07647426426410675,0.0,0.00019452322158031166,0.05507311969995499,0.012621832080185413,-0.014161663129925728,-0.04377768188714981,0.04601128399372101,False
test,0.07689101994037628,0.0,0.00019473014981485903,0.055076006799936295,0.012650146149098873,-0.007399722933769226,-0.043893009424209595,0.04451238363981247,False
train,0.07730776816606522,0.0,0.00019488953694235533,0.05508165434002876,0.012680182233452797,-0.0007644016295671463,-0.0440107099711895,0.04401734843850136,False
train,0.07772453129291534,0.0,0.0001950023724930361,0.05509006977081299,0.012711896561086178,0.005723651498556137,-0.04413020238280296,0.04449982941150665,False
train,0.07814127951860428,0.0,0.00019506765238475055,0.05510126054286957,0.012745248153805733,0.012043919414281845,-0.044250890612602234,0.04586062952876091,False
train,0.07855802774429321,0.0,0.00019508737022988498,0.055114831775426865,0.012780176475644112,0.018176237121224403,-0.04437185823917389,0.04795036464929581,False
test,0.07897478342056274,0.0,0.00019506114767864347,0.05513111129403114,0.012816649861633778,0.024102285504341125,-0.044492773711681366,0.05060165002942085,False
train,0.07939153909683228,0.0,0.00019499102199915797,0.05514976754784584,0.012854616157710552,0.029803574085235596,-0.04461279883980751,0.053652167320251465,False
train,0.0798082947731018,0.0,0.0001948769058799371,0.05517088249325752,0.012894031591713428,0.03526337817311287,-0.04473145306110382,0.05695971101522446,False
train,0.08022504299879074,0.0,0.00019472216081339866,0.05519405007362366,0.012934843078255653,0.04046568274497986,-0.04484787955880165,0.06040532886981964,False
train,0.08064179867506027,0.0,0.0001945272961165756,0.05521948263049126,0.012977004051208496,0.045396000146865845,-0.044961780309677124,0.06389333307743073,False
test,0.0810585543513298,0.0,0.00019429519306868315,0.05524686351418495,0.013020462356507778,0.05004160478711128,-0.04507245868444443,0.06734752655029297,False
train,0.08147531002759933,0.0,0.00019402653560973704,0.05527618154883385,0.013065172359347343,0.054391056299209595,-0.04517953097820282,0.07070768624544144,False
train,0.08189205825328827,0.0,0.0001937242632266134,0.05530725046992302,0.013111085630953312,0.058434657752513885,-0.045282505452632904,0.0739264115691185,False
train,0.0823088139295578,0.0,0.00019339130085427314,0.05533994734287262,0.013158143498003483,0.06216462701559067,-0.045381031930446625,0.07696674019098282,False
train,0.08272556215524673,0.0,0.0001930292637553066,0.055374208837747574,0.013206301257014275,0.0655747726559639,-0.04547484219074249,0.0797998234629631,False
test,0.08314232528209686,0.0,0.00019264126603957266,0.055409736931324005,0.013255506753921509,0.06866133213043213,-0.04556356370449066,0.0824039876461029,False
train,0.0835590735077858,0.0,0.00019222911214455962,0.05544658750295639,0.013305694796144962,0.07142147421836853,-0.04564714431762695,0.08476254343986511,False
train,0.08397582918405533,0.0,0.00019179590162821114,0.05548449233174324,0.013356824405491352,0.073855459690094,-0.045725367963314056,0.08686447888612747,False
train,0.08439257740974426,0.0,0.00019134469039272517,0.05552343651652336,0.01340884156525135,0.07596466690301895,-0.04579826071858406,0.08870237320661545,False
train,0.0848093330860138,0.0,0.0001908770645968616,0.05556321516633034,0.013461684808135033,0.0777524933218956,-0.045865748077631,0.0902724638581276,False
test,0.08522608876228333,0.0,0.00019039658945985138,0.055603574961423874,0.013515298254787922,0.07922407984733582,-0.04592779278755188,0.09157410264015198,False
train,0.08564284443855286,0.0,0.0001899048511404544,0.05564462020993233,0.013569631613790989,0.08038659393787384,-0.0459846593439579,0.09260989725589752,False
train,0.08605959266424179,0.0,0.0001894040615297854,0.0556861013174057,0.01362461969256401,0.08124805986881256,-0.04603639245033264,0.09338413178920746,False
train,0.08647634834051132,0.0,0.00018889704369939864,0.05572788044810295,0.013680219650268555,0.0818188339471817,-0.04608315974473953,0.09390409290790558,False
train,0.08689310401678085,0.0,0.0001883856311906129,0.055769797414541245,0.013736361637711525,0.08210955560207367,-0.0461251400411129,0.09417806565761566,False
test,0.08730985969305038,0.0,0.00018787183216772974,0.05581191927194595,0.01379298884421587,0.08213239908218384,-0.04616270959377289,0.09421638399362564,False
train,0.08772660791873932,0.0,0.0001873578439699486,0.055853914469480515,0.013850042596459389,0.0819004699587822,-0.046195946633815765,0.09403058886528015,False
train,0.08814336359500885,0.0,0.00018684417591430247,0.05589589476585388,0.013907471671700478,0.08142748475074768,-0.046225305646657944,0.09363339841365814,False
train,0.08856011182069778,0.0,0.00018633440777193755,0.05593762919306755,0.013965209014713764,0.08072736859321594,-0.04625095799565315,0.09303794056177139,False
train,0.08897686749696732,0.0,0.00018582798657007515,0.05597900599241257,0.014023195952177048,0.07981457561254501,-0.04627317190170288,0.09225818514823914,False
test,0.08939362317323685,0.0,0.0001853271824074909,0.05602003261446953,0.014081376604735851,0.0787036269903183,-0.04629230499267578,0.09130848199129105,False
train,0.08981037139892578,0.0,0.00018483282474335283,0.0560605525970459,0.014139690436422825,0.07740870863199234,-0.04630856588482857,0.09020305424928665,False
train,0.09022712707519531,0.0,0.00018434665980748832,0.056100524961948395,0.014198075979948044,0.0759437158703804,-0.04632226750254631,0.08895616978406906,False
train,0.09064388275146484,0.0,0.0001838677271734923,0.05613987520337105,0.014256469905376434,0.07432198524475098,-0.04633362591266632,0.08758174628019333,False
train,0.09106063842773438,0.0,0.00018339790403842926,0.05617853254079819,0.014314811676740646,0.07255657017230988,-0.046342883259058,0.08609366416931152,False
test,0.09147738665342331,0.0,0.00018293765606358647,0.05621648207306862,0.014373050071299076,0.07065938413143158,-0.046350277960300446,0.08450501412153244,False
train,0.09189414232969284,0.0,0.00018248692504130304,0.05625364929437637,0.01443112175911665,0.06864140927791595,-0.04635597765445709,0.08282825350761414,False
train,0.09231089800596237,0.0,0.00018204667139798403,0.05628998205065727,0.01448895875364542,0.066512830555439,-0.04636014625430107,0.08107539266347885,False
train,0.0927276536822319,0.0,0.00018161752086598426,0.05632534250617027,0.014546503312885761,0.06428274512290955,-0.046362847089767456,0.07925771176815033,False
train,0.09314440190792084,0.0,0.00018119871674571186,0.056359849870204926,0.014603713527321815,0.06195933371782303,-0.04636430740356445,0.07738609611988068,False
test,0.09356115758419037,0.0,0.00018079242727253586,0.05639338493347168,0.014660502783954144,0.059549540281295776,-0.04636455699801445,0.07547065615653992,False
train,0.0939779058098793,0.0,0.0001803960039978847,0.05642593279480934,0.014716834761202335,0.05705949664115906,-0.04636365920305252,0.07352125644683838,False
train,0.09439466893672943,0.0,0.00018001228454522789,0.05645746365189552,0.014772641472518444,0.05449410155415535,-0.046361666172742844,0.0715472623705864,False
train,0.09481141716241837,0.0,0.00017963912978302687,0.056487951427698135,0.014827864244580269,0.05185788869857788,-0.04635858163237572,0.06955830752849579,False
train,0.0952281728386879,0.0,0.00017927754379343241,0.05651726946234703,0.01488245464861393,0.04915367066860199,-0.04635433107614517,0.06756335496902466,False
test,0.09564492106437683,0.0,0.00017892810865305364,0.05654554069042206,0.014936345629394054,0.046384546905756,-0.04634901136159897,0.06557253003120422,False
train,0.09606167674064636,0.0,0.00017859041690826416,0.056572601199150085,0.014989486895501614,0.04355212673544884,-0.046342477202415466,0.06359569728374481,False
train,0.0964784324169159,0.0,0.00017826491966843605,0.05659855157136917,0.015041826292872429,0.0406578853726387,-0.04633478447794914,0.061643943190574646,False
train,0.09689518809318542,0.0,0.00017795122403185815,0.05662328749895096,0.015093311667442322,0.037703126668930054,-0.04632580280303955,0.0597294382750988,False
train,0.09731193631887436,0.0,0.00017764943186193705,0.05664675682783127,0.015143882483243942,0.034688372164964676,-0.04631546139717102,0.057865407317876816,False
test,0.09772869199514389,0.0,0.0001773604890331626,0.05666905641555786,0.015193499624729156,0.031614139676094055,-0.04630378261208534,0.05606687068939209,False
train,0.09814544767141342,0.0,0.00017708400264382362,0.05669007450342178,0.015242109075188637,0.028480997309088707,-0.04629063606262207,0.05435062572360039,False
train,0.09856220334768295,0.0,0.00017681976896710694,0.05670970305800438,0.015289651229977608,0.025288978591561317,-0.04627588018774986,0.052735086530447006,False
train,0.09897895157337189,0.0,0.00017656821000855416,0.056728098541498184,0.015336090698838234,0.022038869559764862,-0.04625960439443588,0.05124122276902199,False
train,0.09939569979906082,0.0,0.00017633062088862062,0.05674517899751663,0.015381376259028912,0.018731076270341873,-0.046241700649261475,0.04989136382937431,False
test,0.09981245547533035,0.0,0.00017610678332857788,0.05676082521677017,0.015425465069711208,0.015366114675998688,-0.046222031116485596,0.04870927706360817,False
train,0.10022921860218048,0.0,0.00017589566414244473,0.056775085628032684,0.01546831801533699,0.011945027858018875,-0.04620061069726944,0.047719806432724,False
train,0.10064596682786942,0.0,0.00017569800547789782,0.056787870824337006,0.01550987921655178,0.00846920907497406,-0.046177346259355545,0.046947576105594635,False
train,0.10106271505355835,0.0,0.00017551564087625593,0.05679930001497269,0.015550132840871811,0.0049398839473724365,-0.04615233093500137,0.04641594737768173,False
train,0.10147947072982788,0.0,0.00017534701328258961,0.05680926516652107,0.015589021146297455,0.0013587884604930878,-0.04612545296549797,0.04614546522498131,False
test,0.10189623385667801,0.0,0.00017519359244033694,0.05681770667433739,0.015626519918441772,-0.0022719278931617737,-0.04609667509794235,0.04615262895822525,False
train,0.10231298208236694,0.0,0.0001750546507537365,0.05682460963726044,0.01566259004175663,-0.005949739366769791,-0.04606600105762482,0.046448636800050735,False
train,0.10272973030805588,0.0,0.00017493098857812583,0.056830067187547684,0.01569719798862934,-0.009671680629253387,-0.04603351280093193,0.04703855514526367,False
train,0.10314648598432541,0.013867760077118874,0.00017482310067862272,0.05683387443423271,0.015730315819382668,-0.013434932567179203,-0.04599907621741295,0.04792089760303497,False
train,0.10356324166059494,0.019414864480495453,0.000174731103470549,0.05683617293834686,0.015761910006403923,-0.01723569817841053,-0.04596283659338951,0.04908820241689682,False
test,0.10397999733686447,0.019414864480495453,0.00017465531709603965,0.05683695524930954,0.015791960060596466,-0.021070105955004692,-0.045924823731184006,0.050527602434158325,False
train,0.1043967455625534,0.019372841343283653,0.00017459502851124853,0.05683603137731552,0.015820443630218506,-0.024933738633990288,-0.04588494077324867,0.05222182720899582,False
train,0.10481349378824234,0.019372841343283653,0.00017455124179832637,0.05683354288339615,0.015847327187657356,-0.028821859508752823,-0.04584334045648575,0.05415082350373268,False
train,0.10523025691509247,0.019414864480495453,0.00017452477186452597,0.05682947486639023,0.01587260328233242,-0.032729439437389374,-0.04580007120966911,0.05629265308380127,False
train,0.105647012591362,0.019372841343283653,0.0001745146291796118,0.05682377889752388,0.015896253287792206,-0.036650512367486954,-0.04575517401099205,0.05862419307231903,False
test,0.10606376081705093,0.019540935754776,0.0001745209447108209,0.05681650713086128,0.01591825671494007,-0.04057908058166504,-0.045708753168582916,0.061122436076402664,False
train,0.10648050904273987,0.019372841343283653,0.00017454475164413452,0.05680746212601662,0.015938593074679375,-0.04450850188732147,-0.04566073417663574,0.06376448273658752,False
train,0.10689727216959,0.019414864480495453,0.00017458520596846938,0.05679687112569809,0.015957273542881012,-0.04843151941895485,-0.045611388981342316,0.06652826815843582,False
train,0.10731402784585953,0.019372841343283653,0.00017464315169490874,0.05678468942642212,0.0159742571413517,-0.052340276539325714,-0.045560769736766815,0.06939227879047394,False
train,0.10773077607154846,0.019372841343283653,0.00017471810861025006,0.056770794093608856,0.01598956808447838,-0.0562262125313282,-0.04550889506936073,0.07233565300703049,False
test,0.1081475242972374,0.019372841343283653,0.00017480943643022329,0.056755442172288895,0.016003180295228958,-0.06008068472146988,-0.04545608162879944,0.07533886283636093,False
train,0.10856428742408752,0.019414864480495453,0.0001749174844007939,0.056738369166851044,0.016015108674764633,-0.06389367580413818,-0.04540222883224487,0.07838216423988342,False
train,0.10898103564977646,0.019456887617707253,0.0001750414667185396,0.0567198172211647,0.016025330871343613,-0.06765465438365936,-0.045347683131694794,0.08144669979810715,False
train,0.10939779132604599,0.019414864480495453,0.00017518256208859384,0.056699588894844055,0.016033869236707687,-0.07135261595249176,-0.04529242217540741,0.08451390266418457,False
train,0.10981453955173492,0.019414864480495453,0.00017534017388243228,0.05667795240879059,0.01604072004556656,-0.07497545331716537,-0.04523681849241257,0.0875653401017189,False
test,0.11023128777742386,0.019372841343283653,0.00017551262862980366,0.05665476992726326,0.016045888885855675,-0.0785103514790535,-0.04518093168735504,0.09058251231908798,False
train,0.11064805090427399,0.019330818206071854,0.00017570135241840035,0.056630052626132965,0.016049379482865334,-0.08194376528263092,-0.04512495547533035,0.09354700893163681,False
train,0.11106480658054352,0.019456887617707253,0.00017590404604561627,0.056604087352752686,0.016051216050982475,-0.08526156842708588,-0.045069318264722824,0.09644054621458054,False
train,0.11148155480623245,0.019372841343283653,0.00017612072406336665,0.056576672941446304,0.01605140045285225,-0.08844810724258423,-0.045014068484306335,0.09924381226301193,False
train,0.11189830303192139,0.019372841343283653,0.00017635096446610987,0.056548018008470535,0.016049940139055252,-0.09148764610290527,-0.044959597289562225,0.10193799436092377,False
test,0.11231506615877151,0.019540935754776,0.0001765936176525429,0.056518085300922394,0.016046874225139618,-0.09436358511447906,-0.044906120747327805,0.1045038104057312,False
train,0.11273182183504105,0.019372841343283653,0.00017684910562820733,0.05648702010512352,0.016042200848460197,-0.09705835580825806,-0.04485398903489113,0.10692148655653,False
train,0.11314857006072998,0.019414864480495453,0.00017711406690068543,0.056454770267009735,0.01603594794869423,-0.0995536521077156,-0.044803451746702194,0.10917086899280548,False
train,0.11356531828641891,0.019372841343283653,0.0001773894182406366,0.05642163008451462,0.016028128564357758,-0.10183121263980865,-0.044755008071660995,0.1112322211265564,False
train,0.11398208141326904,0.019372841343283653,0.0001776728022377938,0.05638757348060608,0.016018783673644066,-0.10387186706066132,-0.04470893368124962,0.11308515816926956,False
test,0.11439882963895798,0.019414864480495453,0.00017796260362956673,0.05635276064276695,0.016007928177714348,-0.10565623641014099,-0.044665656983852386,0.11470946669578552,False
train,0.11481558531522751,0.019414864480495453,0.00017825845861807466,0.056317154318094254,0.015995590016245842,-0.10716444253921509,-0.04462543502449989,0.11608465760946274,False
train,0.11523233354091644,0.019498910754919052,0.00017855838814284652,0.056280944496393204,0.01598179340362549,-0.1083768904209137,-0.04458875209093094,0.1171909049153328,False
train,0.11564909666776657,0.019372841343283653,0.00017886054411064833,0.05624442175030708,0.01596657559275627,-0.10927457362413406,-0.044556137174367905,0.11800924688577652,False
train,0.1160658448934555,0.019372841343283653,0.00017916235083248466,0.05620750039815903,0.015949958935379982,-0.10983734577894211,-0.04452783241868019,0.11851991713047028,False
test,0.11648260056972504,0.019456887617707253,0.00017946312436833978,0.05617039278149605,0.01593198999762535,-0.11004701256752014,-0.04450429975986481,0.11870542168617249,False
train,0.11689934879541397,0.019372841343283653,0.000179759954335168,0.056133292615413666,0.01591269113123417,-0.1098855584859848,-0.04448597878217697,0.11854888498783112,False
train,0.1173161119222641,0.019372841343283653,0.00018005106539931148,0.056096334010362625,0.015892110764980316,-0.10933613777160645,-0.04447324201464653,0.11803499609231949,False
train,0.11773286014795303,0.019372841343283653,0.00018033305241260678,0.05605968460440636,0.015870269387960434,-0.10838291049003601,-0.044466473162174225,0.11715000122785568,False
train,0.11814961582422256,0.019414864480495453,0.00018060460570268333,0.0560234971344471,0.015847213566303253,-0.107011578977108,-0.04446599632501602,0.1158822774887085,False
test,0.1185663640499115,0.019540935754776,0.00018086278578266501,0.05598797649145126,0.015822988003492355,-0.1052095964550972,-0.04447215050458908,0.11422272771596909,False
train,0.11898312717676163,0.019372841343283653,0.00018110561359208077,0.05595335736870766,0.01579761691391468,-0.10296642780303955,-0.04448524862527847,0.11216516047716141,False
train,0.11939987540245056,0.019372841343283653,0.00018133007688447833,0.05591960251331329,0.015771152451634407,-0.10027343779802322,-0.044505342841148376,0.10970637202262878,False
train,0.1198166236281395,0.019414864480495453,0.00018153250857722014,0.055887121707201004,0.01574363000690937,-0.0971250981092453,-0.04453278332948685,0.10684780031442642,False
train,0.12023337930440903,0.019372841343283653,0.00018171158444602042,0.05585608631372452,0.0157150961458683,-0.09351798892021179,-0.044567663222551346,0.1035948395729065,False
test,0.12065012753009796,0.003067716723307967,0.0001818651653593406,0.05582655966281891,0.015685593709349632,-0.08945212513208389,-0.044609930366277695,0.0999586284160614,False
train,0.12106689065694809,0.0,0.00018198887119069695,0.05579883232712746,0.0156551506370306,-0.08492956310510635,-0.04465964064002037,0.09595578908920288,False
train,0.12148363888263702,0.0,0.0001820817415136844,0.055773112922906876,0.01562383584678173,-0.07995718717575073,-0.04471670091152191,0.09161187708377838,False
train,0.12190039455890656,0.0,0.00018214077863376588,0.055749550461769104,0.015591677278280258,-0.07454369962215424,-0.0447809062898159,0.08696029335260391,False
train,0.12231714278459549,0.0,0.00018216476019006222,0.0557282529771328,0.01555872056633234,-0.06870253384113312,-0.04485192894935608,0.08204714208841324,False
test,0.12273390591144562,0.0,0.0001821506884880364,0.05570945143699646,0.015525013208389282,-0.06244983524084091,-0.044929489493370056,0.07693269848823547,False
train,0.12315065413713455,0.0,0.00018209719564765692,0.0556933730840683,0.015490605495870113,-0.05580629035830498,-0.04501320421695709,0.07169749587774277,False
train,0.12356740981340408,0.0,0.00018200205522589386,0.05568011850118637,0.015455530025064945,-0.04879561439156532,-0.045102544128894806,0.06644735485315323,False
train,0.12398415803909302,0.0,0.0001818655146053061,0.05566977709531784,0.015419838950037956,-0.04144533723592758,-0.045196887105703354,0.06132270768284798,False
train,0.12440092116594315,0.0,0.00018168559472542256,0.05566263943910599,0.015383581630885601,-0.033786311745643616,-0.04529574140906334,0.05650857463479042,False
test,0.12481766939163208,0.0,0.00018146155343856663,0.05565871298313141,0.01534679252654314,-0.025853462517261505,-0.04539834335446358,0.05224376916885376,False
train,0.1252344250679016,0.0,0.00018119318701792508,0.055658165365457535,0.015309524722397327,-0.01768442615866661,-0.04550400748848915,0.04881960153579712,False
train,0.12565116584300995,0.0,0.00018088106298819184,0.05566101893782616,0.015271812677383423,-0.009320279583334923,-0.045611925423145294,0.046554435044527054,False
train,0.12606793642044067,0.0,0.00018052539962809533,0.05566733703017235,0.015233715996146202,-0.0008038599044084549,-0.04572133719921112,0.045728400349617004,False
train,0.126484677195549,0.0,0.00018012645887210965,0.055677201598882675,0.015195268206298351,0.00781787559390068,-0.04583144932985306,0.046493448317050934,False
test,0.12690143287181854,0.0,0.00017968573956750333,0.05569068714976311,0.015156522393226624,0.016497381031513214,-0.045941535383462906,0.04881381243467331,False
train,0.12731818854808807,0.0,0.00017920455138664693,0.05570778250694275,0.015117509290575981,0.025185106322169304,-0.046050816774368286,0.05248778313398361,False
train,0.1277349442243576,0.0,0.00017868478607852012,0.055728476494550705,0.015078282915055752,0.03383027762174606,-0.046158548444509506,0.05722848325967789,False
train,0.12815169990062714,0.0,0.00017812779697123915,0.05575279891490936,0.015038879588246346,0.0423818975687027,-0.046264082193374634,0.06274225562810898,False
train,0.12856845557689667,0.0,0.00017753613064996898,0.05578054115176201,0.014999344013631344,0.05078859254717827,-0.04636665806174278,0.06877025961875916,False
test,0.128985196352005,0.0,0.00017691287212073803,0.05581173300743103,0.014959720894694328,0.059000127017498016,-0.046465784311294556,0.07510048896074295,False
train,0.12940196692943573,0.0,0.00017626050976105034,0.055846333503723145,0.014920038171112537,0.06696813553571701,-0.04656098410487175,0.08156381547451019,False
train,0.12981870770454407,0.0,0.00017558160470798612,0.05588414520025253,0.014880355447530746,0.07464450597763062,-0.04665174335241318,0.08802378922700882,False
train,0.1302354633808136,0.0,0.00017487863078713417,0.05592511594295502,0.014840692281723022,0.08198605477809906,-0.04673777148127556,0.09437230974435806,False
train,0.13065221905708313,0.0,0.00017415604088455439,0.055969078093767166,0.014801106415688992,0.08895131200551987,-0.046818770468235016,0.1005203127861023,False
test,0.13106895983219147,0.0,0.00017341543571092188,0.05601577088236809,0.014761618338525295,0.09550286829471588,-0.04689445719122887,0.10639496147632599,False
train,0.1314857304096222,0.0,0.00017266070062760264,0.0560651458799839,0.014722277410328388,0.10160858929157257,-0.04696481674909592,0.11193748563528061,False
train,0.13190247118473053,0.0,0.000171895298990421,0.05611686035990715,0.014683115296065807,0.10723951458930969,-0.047029681503772736,0.11709869652986526,False
train,0.13231922686100006,0.0,0.00017112122441176325,0.056170910596847534,0.01464417576789856,0.1123739629983902,-0.04708922281861305,0.12184129655361176,False
train,0.1327359825372696,0.0,0.0001703428424661979,0.05622698366641998,0.01460548397153616,0.11699379235506058,-0.04714345932006836,0.12613506615161896,False
test,0.13315273821353912,0.0,0.00016956216131802648,0.05628478154540062,0.014567072503268719,0.12108759582042694,-0.04719245806336403,0.12995897233486176,False
train,0.13356949388980865,0.0,0.0001687820185907185,0.05634407699108124,0.014528980478644371,0.12464816123247147,-0.04723640903830528,0.13329832255840302,False
train,0.13398624956607819,0.0,0.00016800449520815164,0.05640490725636482,0.01449123676866293,0.12767595052719116,-0.04727574810385704,0.13614749908447266,False
train,0.13440299034118652,0.0,0.00016723231237847358,0.05646679550409317,0.014453882351517677,0.13017435371875763,-0.04731055349111557,0.13850505650043488,False
train,0.13481976091861725,0.0,0.00016646843869239092,0.05652965232729912,0.014416931197047234,0.13215386867523193,-0.04734122380614281,0.140377476811409,False
test,0.13523650169372559,0.0,0.00016571278683841228,0.05659312754869461,0.014380422420799732,0.1336272656917572,-0.047367945313453674,0.14177435636520386,False
train,0.13565325736999512,0.0,0.0001649684418225661,0.05665715038776398,0.014344391413033009,0.13461342453956604,-0.04739116504788399,0.14271192252635956,False
train,0.13607001304626465,0.0,0.00016423808119725436,0.056721463799476624,0.014308849349617958,0.13513337075710297,-0.047411173582077026,0.14320909976959229,False
train,0.13648676872253418,0.0,0.0001635206281207502,0.05678590387105942,0.014273840934038162,0.13521184027194977,-0.04742829129099846,0.14328882098197937,False
train,0.1369035243988037,0.0,0.00016281857097055763,0.05685032159090042,0.014239376410841942,0.13487586379051208,-0.04744286835193634,0.14297665655612946,False
test,0.13732026517391205,0.0,0.00016213266644626856,0.05691441893577576,0.014205485582351685,0.13415297865867615,-0.04745511710643768,0.14229901134967804,False
train,0.13773702085018158,0.0,0.00016146381676662713,0.05697820708155632,0.014172198250889778,0.13307388126850128,-0.04746544733643532,0.14128561317920685,False
train,0.1381537914276123,0.0,0.00016081274952739477,0.05704139545559883,0.014139522798359394,0.13166815042495728,-0.047474004328250885,0.13996529579162598,False
train,0.13857053220272064,0.0,0.00016017898451536894,0.057103920727968216,0.014107497408986092,0.12996625900268555,-0.04748109355568886,0.1383679211139679,False
train,0.13898728787899017,0.0,0.00015956413699313998,0.0571657232940197,0.01407613791525364,0.1279980093240738,-0.04748699069023132,0.13652290403842926,False
test,0.1394040435552597,0.0,0.0001589674357092008,0.05722656100988388,0.014045458287000656,0.12579244375228882,-0.04749177768826485,0.13445894420146942,False
train,0.13982079923152924,0.0,0.0001583895500516519,0.05728653073310852,0.014015482738614082,0.12337763607501984,-0.04749579355120659,0.13220398128032684,False
train,0.14023755490779877,0.0,0.00015783033450134099,0.057345375418663025,0.013986232690513134,0.12077976763248444,-0.04749904200434685,0.12978409230709076,False
train,0.1406542956829071,0.0,0.0001572892942931503,0.05740310624241829,0.013957718387246132,0.1180242970585823,-0.047501735389232635,0.12722480297088623,False
train,0.14107105135917664,0.0,0.00015676654584240168,0.05745959281921387,0.01392995286732912,0.11513388156890869,-0.047503918409347534,0.12454891949892044,False
test,0.14148780703544617,0.0,0.00015626191452611238,0.05751496180891991,0.013902966864407063,0.11213081330060959,-0.04750583693385124,0.12177899479866028,False
train,0.1419045627117157,0.0,0.0001557752548251301,0.05756894126534462,0.013876756653189659,0.10903394222259521,-0.04750737547874451,0.11893423646688461,False
train,0.14232131838798523,0.0,0.000155305810039863,0.05762165039777756,0.013851349242031574,0.10586202889680862,-0.04750872775912285,0.11603382229804993,False
train,0.14273805916309357,0.0,0.00015485359472222626,0.05767303332686424,0.013826746493577957,0.10263113677501678,-0.04750990867614746,0.11309439688920975,False
train,0.1431548148393631,0.0,0.0001544181432109326,0.057722967118024826,0.013802966102957726,0.09935513883829117,-0.047510869801044464,0.11013049632310867,False
test,0.14357158541679382,0.0,0.00015399845142383128,0.05777163803577423,0.013780015520751476,0.09604784846305847,-0.04751179739832878,0.10715670138597488,False
train,0.14398832619190216,0.0,0.00015359469398390502,0.057818859815597534,0.013757910579442978,0.09272109717130661,-0.04751257225871086,0.10418563336133957,False
train,0.1444050818681717,0.0,0.00015320615784730762,0.057864733040332794,0.013736654072999954,0.08938512951135635,-0.047513287514448166,0.10122852027416229,False
train,0.14482183754444122,0.0,0.0001528330467408523,0.05790909752249718,0.013716256245970726,0.08604871481657028,-0.04751381278038025,0.0982951894402504,False
train,0.14523859322071075,0.0,0.00015247450210154057,0.0579521544277668,0.013696723617613316,0.08272113651037216,-0.04751431196928024,0.0953959971666336,False
test,0.14565534889698029,0.0,0.000152130305650644,0.0579938180744648,0.01367806177586317,0.07940911501646042,-0.04751470312476158,0.09253893792629242,False
train,0.14607208967208862,0.0,0.00015179874026216567,0.05803406611084938,0.01366028469055891,0.07611943036317825,-0.04751495644450188,0.08973203599452972,False
train,0.14648884534835815,0.0,0.00015148104284889996,0.05807298421859741,0.013643384911119938,0.07285799086093903,-0.04751512408256531,0.0869826078414917,False
train,0.14690560102462769,0.0,0.00015117684961296618,0.05811057984828949,0.013627368956804276,0.06963026523590088,-0.04751519486308098,0.08429749310016632,False
train,0.14732235670089722,0.0,0.00015088390500750393,0.05814671516418457,0.013612236827611923,0.0664406567811966,-0.047515030950307846,0.08168254792690277,False
test,0.14773911237716675,0.0,0.00015060417354106903,0.05818158760666847,0.0135980024933815,0.0632941722869873,-0.04751478135585785,0.07914420962333679,False
train,0.14815585315227509,0.0,0.00015033554518595338,0.05821513384580612,0.013584665022790432,0.06019429862499237,-0.04751436039805412,0.07668747007846832,False
train,0.1485726237297058,0.0,0.00015007815090939403,0.0582474023103714,0.013572215102612972,0.05714442580938339,-0.04751379042863846,0.07431719452142715,False
train,0.14898937940597534,0.0,0.00014983206347096711,0.058278441429138184,0.013560655526816845,0.05414839833974838,-0.04751308262348175,0.07203847914934158,False
train,0.14940612018108368,0.0,0.00014959648251533508,0.05830816552042961,0.01354999840259552,0.05120886117219925,-0.047512155026197433,0.0698552206158638,False
test,0.1498228758573532,0.0,0.00014937054947949946,0.05833672359585762,0.013540222309529781,0.04832855239510536,-0.04751110076904297,0.06777133047580719,False
train,0.15023963153362274,0.0,0.00014915576321072876,0.05836410075426102,0.013531343080103397,0.045509979128837585,-0.04750989004969597,0.06579017639160156,False
train,0.15065638720989227,0.0,0.00014894953346811235,0.05839033052325249,0.013523346744477749,0.04275520518422127,-0.047508515417575836,0.06391452997922897,False
train,0.1510731428861618,0.0,0.00014875335909891874,0.058415304869413376,0.013516232371330261,0.04006616771221161,-0.04750688746571541,0.0621466189622879,False
train,0.15148988366127014,0.0,0.00014856552297715098,0.05843928083777428,0.013509992510080338,0.037444695830345154,-0.04750518500804901,0.06048841029405594,False
test,0.15190663933753967,0.0,0.00014838625793345273,0.05846211314201355,0.013504625298082829,0.034892018884420395,-0.0475032739341259,0.058940764516592026,False
train,0.1523233950138092,0.0,0.00014821543300058693,0.05848392844200134,0.01350012980401516,0.032409291714429855,-0.04750123620033264,0.05750416964292526,False
train,0.15274015069007874,0.0,0.00014805284445174038,0.05850480496883392,0.013496492058038712,0.0299976859241724,-0.04749910905957222,0.05617852136492729,False
train,0.15315690636634827,0.0,0.00014789831766393036,0.05852462723851204,0.01349371112883091,0.027657706290483475,-0.04749679937958717,0.05496266484260559,False
train,0.1535736471414566,0.0,0.00014775129966437817,0.05854343995451927,0.01349177397787571,0.02538972534239292,-0.0474943108856678,0.05385487899184227,False
test,0.15399041771888733,0.0,0.000147611164720729,0.05856135115027428,0.013490675948560238,0.023193951696157455,-0.047491710633039474,0.05285283178091049,False
train,0.15440717339515686,0.0,0.000147477796417661,0.05857837572693825,0.013490406796336174,0.02107040025293827,-0.04748900607228279,0.0519535131752491,False
train,0.1548239141702652,0.0,0.00014735168952029198,0.058594461530447006,0.013490956276655197,0.019018787890672684,-0.04748612269759178,0.051153164356946945,False
train,0.15524066984653473,0.0,0.00014723230560775846,0.05860977992415428,0.013492317870259285,0.017038494348526,-0.04748319089412689,0.05044763535261154,False
train,0.15565742552280426,0.0,0.0001471183350076899,0.058624330908060074,0.013494478538632393,0.015128834173083305,-0.04748018831014633,0.049832217395305634,False
test,0.1560741811990738,0.0,0.00014701118925586343,0.05863802134990692,0.013497424311935902,0.013288777321577072,-0.04747702181339264,0.049301717430353165,False
train,0.15649093687534332,0.0,0.00014690931129734963,0.05865098163485527,0.013501145876944065,0.011517118662595749,-0.04747378081083298,0.048850834369659424,False
train,0.15690767765045166,0.0,0.00014681338507216424,0.05866324156522751,0.013505635783076286,0.00981263630092144,-0.04747047275304794,0.04847405105829239,False
train,0.15732444822788239,0.0,0.0001467224064981565,0.058674778789281845,0.013510876335203648,0.008173488080501556,-0.047467052936553955,0.04816562309861183,False
train,0.15774118900299072,0.0,0.0001466373651055619,0.05868566781282425,0.013516847044229507,0.006598260253667831,-0.047463566064834595,0.04792000725865364,False
test,0.15815794467926025,0.0,0.00014655698032584041,0.058695901185274124,0.013523551635444164,0.005084797739982605,-0.04745998978614807,0.04773160070180893,False
train,0.15857470035552979,0.0,0.00014648195065092295,0.05870557203888893,0.013530964963138103,0.0036312993615865707,-0.04745638370513916,0.04759511351585388,False
train,0.15899145603179932,0.0,0.00014641114103142172,0.05871454253792763,0.013539067469537258,0.002235379070043564,-0.04745261371135712,0.04750523716211319,False
train,0.15940821170806885,0.0,0.00014634471153840423,0.05872305482625961,0.01354785542935133,0.0008949674665927887,-0.04744885489344597,0.047457292675971985,False
train,0.15982496738433838,0.0,0.0001462830405216664,0.05873097479343414,0.013557303696870804,-0.00039236247539520264,-0.04744498431682587,0.0474466048181057,False
test,0.16024170815944672,0.0,0.00014622500748373568,0.05873839557170868,0.013567401096224785,-0.0016290470957756042,-0.04744105041027069,0.047469012439250946,False
train,0.16065847873687744,0.0,0.00014617190754506737,0.05874526873230934,0.013578136451542377,-0.0028177183121442795,-0.04743700474500656,0.04752061888575554,False
train,0.16107521951198578,0.0,0.0001461224164813757,0.05875168740749359,0.013589478097856045,-0.00396081805229187,-0.047432899475097656,0.047597985714673996,False
train,0.1614919751882553,0.0,0.0001460758940083906,0.05875761806964874,0.013601423241198063,-0.005061081610620022,-0.04742869362235069,0.04769796133041382,False
train,0.16190873086452484,0.0,0.00014603340241592377,0.058763183653354645,0.013613945804536343,-0.006121068261563778,-0.04742445796728134,0.04781785234808922,False
test,0.16232547163963318,0.0,0.00014599582937080413,0.05876832827925682,0.013627033680677414,-0.0071435291320085526,-0.04742013290524483,0.04795517772436142,False
train,0.1627422422170639,0.0,0.00014596045366488397,0.0587729774415493,0.013640657998621464,-0.008131232112646103,-0.04741564393043518,0.04810779541730881,False
train,0.16315898299217224,0.0,0.0001459292834624648,0.058777227997779846,0.013654813170433044,-0.009086724370718002,-0.04741105064749718,0.0482739694416523,False
train,0.16357573866844177,0.0,0.00014590035425499082,0.05878107622265816,0.013669474981725216,-0.010012855753302574,-0.047406330704689026,0.0484522208571434,False
train,0.1639924943447113,0.0,0.00014587529585696757,0.05878465622663498,0.013684619218111038,-0.010912274941802025,-0.04740156978368759,0.04864140972495079,False
test,0.16440925002098083,0.0,0.00014585317694582045,0.05878778174519539,0.013700233772397041,-0.011787643656134605,-0.04739661142230034,0.04884042590856552,False
train,0.16482600569725037,0.0,0.0001458346814615652,0.05879056081175804,0.013716294430196285,-0.012641647830605507,-0.04739151522517204,0.049048617482185364,False
train,0.1652427613735199,0.0,0.00014581868890672922,0.058793019503355026,0.013732777908444405,-0.013476898893713951,-0.0473862886428833,0.04926547780632973,False
train,0.16565950214862823,0.0,0.0001458057522540912,0.05879514291882515,0.013749671168625355,-0.01429599616676569,-0.047380901873111725,0.049490660429000854,False
train,0.16607627272605896,0.0,0.00014579603157471865,0.05879691243171692,0.01376695092767477,-0.015101632103323936,-0.04737531766295433,0.0497240386903286,False
test,0.1664930135011673,0.0,0.00014578811533283442,0.05879843980073929,0.013784597627818584,-0.015896204859018326,-0.047369617968797684,0.04996568709611893,False
train,0.16690976917743683,0.0,0.00014578408445231616,0.058799561113119125,0.013802587054669857,-0.016682356595993042,-0.04736364632844925,0.050215695053339005,False
train,0.16732652485370636,0.0,0.00014578366244677454,0.0588003545999527,0.013820894062519073,-0.017462527379393578,-0.047357454895973206,0.05047443509101868,False
train,0.1677432805299759,0.0,0.00014578491391148418,0.058800894767045975,0.01383951399475336,-0.018239235505461693,-0.04735108092427254,0.05074243247509003,False
train,0.16816003620624542,0.0,0.00014578852278646082,0.058801040053367615,0.01385840866714716,-0.01901487447321415,-0.0473443977534771,0.051020167768001556,False
test,0.16857677698135376,0.0,0.00014579645358026028,0.05880096182227135,0.013877557590603828,-0.01979191042482853,-0.047337524592876434,0.051308486610651016,False
train,0.1689935326576233,0.0,0.00014580602874048054,0.058800484985113144,0.013896951451897621,-0.020572740584611893,-0.047330304980278015,0.051608093082904816,False
train,0.16941030323505402,0.0,0.00014581951836589724,0.05879974737763405,0.0139165623113513,-0.021359795704483986,-0.047322828322649,0.05192004516720772,False
train,0.16982704401016235,0.0,0.0001458346814615652,0.05879857391119003,0.013936366885900497,-0.02215544506907463,-0.04731493815779686,0.052245259284973145,False
train,0.17024379968643188,0.0,0.00014585415192414075,0.05879714712500572,0.013956342823803425,-0.02296213060617447,-0.047306761145591736,0.052585065364837646,False
test,0.17066055536270142,0.0,0.0001458757178625092,0.0587955005466938,0.013976474292576313,-0.023782290518283844,-0.047298312187194824,0.052940793335437775,False
train,0.17107731103897095,0.0,0.0001458997867302969,0.05879341810941696,0.013996726833283901,-0.024618307128548622,-0.047289393842220306,0.05331367254257202,False
train,0.17149406671524048,0.0,0.0001459283084841445,0.05879099667072296,0.014017095789313316,-0.02547268569469452,-0.04728005826473236,0.05370532348752022,False
train,0.17191080749034882,0.0,0.00014595879474654794,0.05878818780183792,0.014037552289664745,-0.02634788490831852,-0.04727025702595711,0.0541173554956913,False
train,0.17232756316661835,0.0,0.00014599275891669095,0.058785077184438705,0.014058073982596397,-0.02724655345082283,-0.04726002737879753,0.05455167219042778,False
test,0.17274431884288788,0.0,0.00014603020099457353,0.058781545609235764,0.01407864410430193,-0.028171230107545853,-0.047249265015125275,0.055010102689266205,False
train,0.1731610745191574,0.0,0.00014607046614401042,0.05877770483493805,0.01409923005849123,-0.029124606400728226,-0.047238025814294815,0.05549481138586998,False
train,0.17357783019542694,0.0,0.00014611434016842395,0.05877334624528885,0.014119827188551426,-0.03010939061641693,-0.04722612351179123,0.05600787699222565,False
train,0.17399457097053528,0.0,0.00014616199769079685,0.058768708258867264,0.014140406623482704,-0.03112844005227089,-0.04721372202038765,0.05655188113451004,False
train,0.1744113266468048,0.0,0.0001462130167055875,0.058763537555933,0.014160942286252975,-0.032184649258852005,-0.04720059409737587,0.05712921917438507,False
test,0.17482809722423553,0.0,0.00014626797928940505,0.058758027851581573,0.014181426726281643,-0.033281110227108,-0.047186870127916336,0.05774281919002533,False
train,0.17524483799934387,0.0,0.00014632711827289313,0.05875197425484657,0.01420182641595602,-0.03442075476050377,-0.04717235639691353,0.058395370841026306,False
train,0.1756615936756134,0.0,0.00014638924039900303,0.058745529502630234,0.014222134836018085,-0.0356069952249527,-0.04715714603662491,0.05909022316336632,False
train,0.17607834935188293,0.0,0.00014645695046056062,0.05873854085803032,0.01424232218414545,-0.03684307634830475,-0.04714108258485794,0.05983054265379906,False
train,0.17649510502815247,0.0,0.00014652889512944967,0.05873101204633713,0.01426237728446722,-0.038132455199956894,-0.047124139964580536,0.06061987206339836,False
test,0.176911860704422,0.0,0.00014660520537290722,0.05872293561697006,0.014282277785241604,-0.039478737860918045,-0.04710627719759941,0.061461955308914185,False
train,0.17732860147953033,0.0,0.0001466860412620008,0.05871441215276718,0.01430200133472681,-0.04088568687438965,-0.04708753898739815,0.06236084923148155,False
train,0.17774535715579987,0.0,0.00014677250874228776,0.05870513617992401,0.014321543276309967,-0.04235692322254181,-0.04706764221191406,0.06332039088010788,False
train,0.1781621128320694,0.0,0.00014686337090097368,0.058695342391729355,0.014340873807668686,-0.04389660805463791,-0.047046735882759094,0.06434522569179535,False
train,0.17857886850833893,0.0,0.00014696073776576668,0.05868483707308769,0.014359978027641773,-0.045508548617362976,-0.04702462628483772,0.0654396191239357,False
test,0.17899562418460846,0.0,0.00014706377987749875,0.058673758059740067,0.01437884196639061,-0.04719720035791397,-0.04700138047337532,0.06660860031843185,False
train,0.1794123649597168,0.0,0.0001471719442633912,0.05866188183426857,0.014397445134818554,-0.048966482281684875,-0.04697677120566368,0.06785671412944794,False
train,0.17982913553714752,0.0,0.00014728764654137194,0.05864925682544708,0.01441577821969986,-0.05082093924283981,-0.04695078730583191,0.06918919086456299,False
train,0.18024589121341705,0.0,0.00014740902406629175,0.05863587558269501,0.014433827251195908,-0.052764929831027985,-0.04692338407039642,0.07061120122671127,False
train,0.1806626319885254,0.0,0.000147538841702044,0.0586216114461422,0.014451570808887482,-0.054802507162094116,-0.046894390136003494,0.07212765514850616,False
test,0.18107938766479492,0.0,0.00014767453831154853,0.05860655754804611,0.014468992128968239,-0.0569385401904583,-0.046863846480846405,0.0737442746758461,False
train,0.18149614334106445,0.0,0.00014781950449105352,0.05859051272273064,0.014486092142760754,-0.05917723476886749,-0.04683152213692665,0.07546612620353699,False
train,0.18191289901733398,0.0,0.00014797196490690112,0.05857360363006592,0.014502848498523235,-0.06152290105819702,-0.046797458082437515,0.07729857414960861,False
train,0.18232965469360352,0.0,0.00014813362213317305,0.05855564773082733,0.014519245363771915,-0.06397984176874161,-0.04676144942641258,0.07924678921699524,False
train,0.18274639546871185,0.0,0.00014830379222985357,0.05853671208024025,0.014535282738506794,-0.06655193865299225,-0.04672348499298096,0.08131571114063263,False
test,0.18316315114498138,0.0,0.00014848393038846552,0.05851665139198303,0.01455093827098608,-0.06924329698085785,-0.046683382242918015,0.08351030945777893,False
train,0.18357990682125092,0.0,0.00014867406571283937,0.05849546939134598,0.014566203579306602,-0.07205748558044434,-0.04664107412099838,0.08583513647317886,False
train,0.18399666249752045,0.0,0.00014887581346556544,0.058473046869039536,0.014581076800823212,-0.07499775290489197,-0.04659639298915863,0.08829431980848312,False
train,0.18441341817378998,0.0,0.00014908850425854325,0.05844945088028908,0.01459553837776184,-0.07806700468063354,-0.046549320220947266,0.09089167416095734,False
train,0.18483015894889832,0.0,0.00014931315672583878,0.0584244467318058,0.014609583653509617,-0.08126719295978546,-0.0464995875954628,0.09362995624542236,False
test,0.18524692952632904,0.0,0.0001495491451350972,0.05839819461107254,0.014623207971453667,-0.08460097014904022,-0.04644725099205971,0.09651254117488861,False
train,0.18566368520259857,0.0,0.00014980048581492156,0.0583704449236393,0.014636400155723095,-0.08806878328323364,-0.04639201611280441,0.0995405912399292,False
train,0.1860804259777069,0.0,0.00015006426838226616,0.05834129452705383,0.014649161137640476,-0.0916711837053299,-0.04633389785885811,0.10271531343460083,False
train,0.18649718165397644,0.0,0.00015034372336231172,0.058310601860284805,0.014661475084722042,-0.09540770947933197,-0.046272680163383484,0.10603675246238708,False
train,0.18691393733024597,0.0,0.00015063834143802524,0.05827828496694565,0.014673340134322643,-0.09927666187286377,-0.0462082214653492,0.10950367152690887,False
test,0.1873306930065155,0.0,0.0001509492431068793,0.05824436619877815,0.014684748835861683,-0.10327557474374771,-0.046140458434820175,0.11311404407024384,False
train,0.18774744868278503,0.0,0.0001512773596914485,0.05820874124765396,0.014695707708597183,-0.10740024596452713,-0.04606921598315239,0.11686395853757858,False
train,0.18816418945789337,0.0,0.0001516238262411207,0.05817145109176636,0.01470620185136795,-0.11164556443691254,-0.04599444195628166,0.12074858695268631,False
train,0.1885809600353241,0.0,0.00015198950131889433,0.05813226103782654,0.014716243371367455,-0.11600491404533386,-0.045915860682725906,0.12476139515638351,False
train,0.18899770081043243,0.0,0.00015237450134009123,0.058091308921575546,0.014725817367434502,-0.12046945095062256,-0.04583350941538811,0.12889374792575836,False
test,0.18941445648670197,0.0,0.0001527808781247586,0.058048445731401443,0.014734923839569092,-0.12502938508987427,-0.04574717953801155,0.1331358402967453,False
train,0.1898312121629715,0.0,0.00015320908278226852,0.058003731071949005,0.014743567444384098,-0.1296725571155548,-0.045656848698854446,0.13747552037239075,False
train,0.19024796783924103,0.0,0.0001536610652692616,0.05795695632696152,0.014751749113202095,-0.13438475131988525,-0.045562274754047394,0.1418984979391098,False
train,0.19066472351551056,0.0,0.00015413656365126371,0.057908277958631516,0.014759466983377934,-0.13915041089057922,-0.04546351730823517,0.14638909697532654,False
train,0.1910814791917801,0.0,0.00015463725139852613,0.05785762891173363,0.014766720123589039,-0.1439509242773056,-0.04536045715212822,0.1509285867214203,False
test,0.19149821996688843,0.0,0.00015516459825448692,0.05780491232872009,0.014773515053093433,-0.14876553416252136,-0.04525298252701759,0.1554960310459137,False
train,0.19191499054431915,0.0,0.00015571987023577094,0.0577501580119133,0.014779852703213692,-0.15357263386249542,-0.04514104127883911,0.1600695699453354,False
train,0.1923317313194275,0.0,0.0001563029072713107,0.057693544775247574,0.01478574424982071,-0.15834692120552063,-0.04502478986978531,0.16462375223636627,False
train,0.19274848699569702,0.0,0.00015691625594627112,0.057634834200143814,0.014791175723075867,-0.1630610078573227,-0.044903989881277084,0.16913089156150818,False
train,0.19316524267196655,0.0,0.00015756131324451417,0.05757424607872963,0.01479616854339838,-0.16768622398376465,-0.04477880895137787,0.17356212437152863,False
test,0.1935819834470749,0.0,0.00015823813737370074,0.057511795312166214,0.014800728298723698,-0.1721915602684021,-0.04464929178357124,0.17788618803024292,False
train,0.19399875402450562,0.0,0.00015894847456365824,0.057447392493486404,0.014804848469793797,-0.17654366791248322,-0.04451537877321243,0.18206945061683655,False
train,0.19441549479961395,0.0,0.00015969322703313082,0.05738125741481781,0.014808548614382744,-0.1807076781988144,-0.044377315789461136,0.18607689440250397,False
train,0.19483225047588348,0.0,0.00016047344252001494,0.05731339752674103,0.01481182873249054,-0.18464800715446472,-0.04423517361283302,0.18987268209457397,False
train,0.19524900615215302,0.0,0.00016129146388266236,0.057243991643190384,0.014814689755439758,-0.18832726776599884,-0.044089172035455704,0.19341927766799927,False
test,0.19566576182842255,0.0,0.0001621464325580746,0.057173121720552444,0.014817158691585064,-0.19170725345611572,-0.04393953084945679,0.1966783106327057,False
train,0.19608251750469208,0.0,0.00016304090968333185,0.057100918143987656,0.014819227159023285,-0.19475002586841583,-0.04378649219870567,0.19961169362068176,False
train,0.1964992731809616,0.0,0.00016397486615460366,0.05702746659517288,0.014820910058915615,-0.1974167823791504,-0.04363030195236206,0.20218059420585632,False
train,0.19691601395606995,0.0,0.00016494924784637988,0.05695303529500961,0.014822215773165226,-0.19967061281204224,-0.04347139596939087,0.20434802770614624,False
train,0.19733276963233948,0.0,0.0001659650297369808,0.056877750903367996,0.01482316292822361,-0.20147404074668884,-0.04331010580062866,0.20607657730579376,False
test,0.197749525308609,0.0,0.00016702352149877697,0.05680180713534355,0.014823745004832745,-0.20279264450073242,-0.04314686357975006,0.20733188092708588,False
train,0.19816629588603973,0.0,0.0001681238936726004,0.0567253902554512,0.014823990873992443,-0.20359332859516144,-0.04298214241862297,0.20808100700378418,False
train,0.19858303666114807,0.0,0.00016926748503465205,0.05664878338575363,0.01482389960438013,-0.2038462609052658,-0.042816512286663055,0.20829439163208008,False
train,0.1989997923374176,0.0,0.00017045398999471217,0.05657215416431427,0.014823492616415024,-0.20352521538734436,-0.04265047609806061,0.20794609189033508,False
train,0.19941654801368713,0.0,0.0001716838014544919,0.05649580433964729,0.0148227633908391,-0.20260709524154663,-0.042484696954488754,0.20701348781585693,False
test,0.19983328878879547,0.0,0.0001729576470097527,0.0564199760556221,0.014821745455265045,-0.2010745257139206,-0.042319800704717636,0.20547975599765778,False
train,0.200250044465065,0.0,0.00017427282000426203,0.05634491145610809,0.014820440672338009,-0.1989142894744873,-0.042156483978033066,0.20333239436149597,False
train,0.20066680014133453,0.0,0.00017563116853125393,0.05627084895968437,0.014818869531154633,-0.19611790776252747,-0.04199540987610817,0.20056383311748505,False
train,0.20108354091644287,0.0,0.00017703065532259643,0.05619807913899422,0.014817032031714916,-0.19268523156642914,-0.041837356984615326,0.19717495143413544,False
train,0.2015003263950348,0.0,0.00017847125127445906,0.0561269111931324,0.014814956113696098,-0.18861928582191467,-0.04168309271335602,0.19317016005516052,False
test,0.20191706717014313,0.0,0.00017995134112425148,0.05605755001306534,0.014812642708420753,-0.1839318573474884,-0.041533373296260834,0.18856285512447357,False
train,0.20233382284641266,0.0,0.0001814689749153331,0.05599021911621094,0.014810112304985523,-0.17863959074020386,-0.04138892889022827,0.1833716183900833,False
train,0.2027505785226822,0.0,0.0001830233377404511,0.055925317108631134,0.014807384461164474,-0.17276661098003387,-0.04125066474080086,0.1776229739189148,False
train,0.20316731929779053,0.0,0.0001846121158450842,0.05586292967200279,0.014804455451667309,-0.16634275019168854,-0.04111921414732933,0.1713496446609497,False
train,0.20358407497406006,0.0,0.00018623369396664202,0.05580325052142143,0.014801358804106712,-0.1594042181968689,-0.0409952849149704,0.16459135711193085,False
test,0.2040008306503296,0.0,0.00018788420129567385,0.05574667453765869,0.014798094518482685,-0.1519925892353058,-0.04087977483868599,0.15739409625530243,False
train,0.20441757142543793,0.0,0.00018956414714921266,0.05569318309426308,0.014794684015214443,-0.14415568113327026,-0.040773119777441025,0.14981091022491455,False
train,0.20483432710170746,0.0,0.0001912677107611671,0.05564306676387787,0.014791140332818031,-0.13594530522823334,-0.040676116943359375,0.1419002264738083,False
train,0.20525109767913818,0.0,0.00019299374253023416,0.05559644103050232,0.014787479303777218,-0.1274176985025406,-0.04058925807476044,0.13372643291950226,False
train,0.20566785335540771,0.0,0.0001947366545209661,0.05555335432291031,0.014783707447350025,-0.11863215267658234,-0.040513064712285995,0.12535907328128815,False
test,0.20608460903167725,0.0,0.00019649641762953252,0.05551406741142273,0.014779852703213692,-0.10965193808078766,-0.04044799879193306,0.11687424033880234,False
train,0.20650134980678558,0.0,0.0001982662215596065,0.055478572845458984,0.014775914140045643,-0.10054236650466919,-0.04039444774389267,0.10835348814725876,False
train,0.20691810548305511,0.0,0.000200046255486086,0.055446818470954895,0.014771921560168266,-0.09136739373207092,-0.04035250097513199,0.09988155215978622,False
train,0.20733486115932465,0.0,0.00020183071319479495,0.05541892349720001,0.01476788055151701,-0.08219431340694427,-0.040322475135326385,0.09155221283435822,False
train,0.20775160193443298,0.0,0.0002036149671766907,0.05539482831954956,0.01476379856467247,-0.07308883219957352,-0.040304433554410934,0.0834651067852974,False
test,0.20816835761070251,0.0,0.0002053975622402504,0.05537444353103638,0.014759697020053864,-0.06411503255367279,-0.04029826074838638,0.07572771608829498,False
train,0.20858512818813324,0.0,0.00020717403094749898,0.055357810109853745,0.014755596406757832,-0.05533577501773834,-0.04030396044254303,0.0684577003121376,False
train,0.20900188386440277,0.0,0.00020893917826469988,0.05534476041793823,0.014751505106687546,-0.04681206867098808,-0.040321290493011475,0.06178330257534981,False
train,0.2094186246395111,0.0,0.00021069082140456885,0.055335238575935364,0.01474742777645588,-0.038600578904151917,-0.040349964052438736,0.05584016814827919,False
train,0.20983538031578064,0.0,0.0002124257298419252,0.05532904341816902,0.014743385836482048,-0.03075425699353218,-0.0403895303606987,0.05076552554965019,False
test,0.21025213599205017,0.0,0.00021414022194221616,0.05532599985599518,0.01473939511924982,-0.023322463035583496,-0.04043951630592346,0.04668288677930832,False
train,0.2106688767671585,0.0,0.00021583026682492346,0.0553259551525116,0.01473546028137207,-0.016349848359823227,-0.040499381721019745,0.04367513582110405,False
train,0.21108563244342804,0.0,0.00021749362349510193,0.05532883480191231,0.014731597155332565,-0.009875800460577011,-0.040568601340055466,0.04175335541367531,False
train,0.21150238811969757,0.0,0.00021912777447141707,0.05533415451645851,0.014727825298905373,-0.003935227170586586,-0.04064624011516571,0.04083629325032234,False
train,0.2119191586971283,0.0,0.00022073023137636483,0.055341869592666626,0.014724144712090492,0.0014427956193685532,-0.040731705725193024,0.04075725004076958,False
test,0.21233591437339783,0.0,0.00022229732712730765,0.055351726710796356,0.014720562845468521,0.006233671680092812,-0.04082421958446503,0.04129740223288536,False
train,0.21275265514850616,0.0,0.0002238283632323146,0.05536344274878502,0.01471711415797472,0.010418575257062912,-0.04092288389801979,0.042228300124406815,False
train,0.2131694108247757,0.0,0.00022532160801347345,0.05537675321102142,0.014713792130351067,0.013984108343720436,-0.041026849299669266,0.043344639241695404,False
train,0.21358616650104523,0.0,0.0002267744275741279,0.05539148673415184,0.014710608869791031,0.01692158356308937,-0.04113535210490227,0.044479850679636,False
train,0.21400290727615356,0.0,0.00022818634170107543,0.05540725588798523,0.014707580208778381,0.01922677829861641,-0.041247397661209106,0.04550842568278313,False
test,0.2144196629524231,0.0,0.00022955537133384496,0.05542386695742607,0.014704711735248566,0.020900476723909378,-0.0413622185587883,0.0463428869843483,False
train,0.21483641862869263,0.0,0.00023088241869118065,0.05544102564454079,0.014702011831104755,0.02194785699248314,-0.04147892817854881,0.04692770913243294,False
train,0.21525315940380096,0.0,0.00023216578119900078,0.05545849725604057,0.014699486084282398,0.022377587854862213,-0.04159673675894737,0.0472339391708374,False
train,0.21566994488239288,0.0,0.0002334057353436947,0.05547599494457245,0.014697154983878136,0.022202052175998688,-0.0417148619890213,0.047255273908376694,False
train,0.21608668565750122,0.0,0.000234602193813771,0.055493343621492386,0.014695019461214542,0.021436911076307297,-0.04183259606361389,0.04700539633631706,False
test,0.21650344133377075,0.0,0.00023575509840156883,0.055510252714157104,0.01469308603554964,0.020100422203540802,-0.04194922000169754,0.04651627689599991,False
train,0.21692019701004028,0.0,0.000236866224440746,0.055526502430438995,0.014691367745399475,0.018214069306850433,-0.04206406697630882,0.04583817347884178,False
train,0.21733693778514862,0.0,0.0002379335928708315,0.05554179474711418,0.01468986552208662,0.01580026000738144,-0.04217652231454849,0.04503895342350006,False
train,0.21775369346141815,0.0,0.00023895995400380343,0.05555599182844162,0.014688585884869099,0.012884587049484253,-0.04228603467345238,0.0442054457962513,False
train,0.21817044913768768,0.0,0.00023994520597625524,0.05556890368461609,0.014687529765069485,0.009493192657828331,-0.042392127215862274,0.04344206675887108,False
test,0.21858718991279602,0.0,0.0002408920117886737,0.05558035522699356,0.014686723239719868,0.005653701722621918,-0.04249430447816849,0.042868755757808685,False
train,0.21900396049022675,0.0,0.00024180013861041516,0.05559000372886658,0.014686145819723606,0.0013941191136837006,-0.04259200021624565,0.042614810168743134,False
train,0.21942071616649628,0.0,0.00024267163826152682,0.05559781566262245,0.014685818925499916,-0.003256019204854965,-0.0426848828792572,0.042808886617422104,False
train,0.2198374718427658,0.0,0.00024350751482415944,0.05560365319252014,0.014685743488371372,-0.00826733186841011,-0.04277254641056061,0.04356420040130615,False
train,0.22025421261787415,0.0,0.00024430875782854855,0.055607378482818604,0.014685910195112228,-0.013610027730464935,-0.04285462945699692,0.04496389627456665,False
test,0.22067096829414368,0.01621687412261963,0.00024507803027518094,0.05560872331261635,0.0146863404661417,-0.019255151972174644,-0.042930591851472855,0.04705100134015083,False
train,0.2210877239704132,0.02740773744881153,0.00024581694742664695,0.055607691407203674,0.01468702219426632,-0.025173019617795944,-0.04300013557076454,0.04982662573456764,False
train,0.22150446474552155,0.0,0.00024652795400470495,0.055604174733161926,0.014687974937260151,-0.03133513033390045,-0.04306282103061676,0.05325689539313316,False
train,0.22192122042179108,0.0,0.00024721227237023413,0.055598028004169464,0.014689170755445957,-0.037713423371315,-0.0431181937456131,0.05728421360254288,False
train,0.2223379909992218,0.009085483849048615,0.00024787249276414514,0.05558912083506584,0.014690637588500977,-0.044281311333179474,-0.04316570982336998,0.06183941289782524,False
test,0.22275474667549133,0.024361032992601395,0.0002485110308043659,0.05557751655578613,0.014692368917167187,-0.05101194977760315,-0.04320497065782547,0.06684974581003189,False
train,0.22317150235176086,0.0,0.00024913030210882425,0.05556299909949303,0.014694351702928543,-0.05788114666938782,-0.04323534294962883,0.0722462609410286,False
train,0.2235882431268692,0.0,0.0002497334498912096,0.05554571375250816,0.014696598052978516,-0.0648658275604248,-0.04325636848807335,0.07796595245599747,False
train,0.22400499880313873,0.0,0.0002503235300537199,0.055525414645671844,0.014699103310704231,-0.07194512337446213,-0.043267250061035156,0.08395329117774963,False
train,0.22442175447940826,0.007543221116065979,0.00025090351118706167,0.05550217628479004,0.01470186561346054,-0.07909932732582092,-0.04326741769909859,0.09015971422195435,False
test,0.2248384952545166,0.030895689502358437,0.0002514786028768867,0.05547595024108887,0.014704878441989422,-0.0863109901547432,-0.04325614869594574,0.09654367715120316,False
train,0.22525525093078613,0.026945479214191437,0.0002520504640415311,0.05544663965702057,0.014708143658936024,-0.09356579184532166,-0.04323262348771095,0.103070929646492,False
train,0.22567200660705566,0.029534127563238144,0.00025262433337047696,0.0554143525660038,0.014711661264300346,-0.10085131973028183,-0.04319619759917259,0.10971280932426453,False
train,0.2260887771844864,0.0024373638443648815,0.00025320457643829286,0.05537905916571617,0.014715414494276047,-0.10815788805484772,-0.04314599558711052,0.11644615232944489,False
train,0.22650553286075592,0.0,0.00025379681028425694,0.05534064769744873,0.014719412662088871,-0.11547742038965225,-0.04308111220598221,0.12325184047222137,False
test,0.22692227363586426,4.202351647109026e-06,0.0002544057206250727,0.055299293249845505,0.014723636209964752,-0.1228056326508522,-0.04300083965063095,0.13011646270751953,False
train,0.2273390293121338,0.0,0.00025503625511191785,0.05525479465723038,0.014728089794516563,-0.13014058768749237,-0.042904116213321686,0.13703042268753052,False
train,0.22775578498840332,0.0,0.0002556959225330502,0.055207230150699615,0.014732767827808857,-0.13748249411582947,-0.042790111154317856,0.14398759603500366,False
train,0.22817252576351166,0.0,0.0002563903108239174,0.05515662580728531,0.014737657271325588,-0.14483362436294556,-0.04265790432691574,0.1509850174188614,False
train,0.2285892814397812,0.0,0.0002571247750893235,0.055102963000535965,0.01474275067448616,-0.15219926834106445,-0.042506519705057144,0.15802349150180817,False
test,0.22900602221488953,0.0,0.0002579088322818279,0.05504617467522621,0.014748048968613148,-0.15958493947982788,-0.04233492910861969,0.16510480642318726,False
train,0.22942280769348145,0.0,0.0002587498165667057,0.054986342787742615,0.014753536321222782,-0.1669999063014984,-0.04214214161038399,0.17223510146141052,False
train,0.22983954846858978,0.0,0.0002596536942292005,0.05492350086569786,0.014759201556444168,-0.17445144057273865,-0.04192717745900154,0.17941904067993164,False
train,0.23025630414485931,0.0,0.0002606307971291244,0.05485743284225464,0.014765041880309582,-0.18194951117038727,-0.04168868809938431,0.18666432797908783,False
train,0.23067305982112885,0.0,0.0002616888959892094,0.054788317531347275,0.01477104052901268,-0.18950411677360535,-0.0414256751537323,0.19397911429405212,False
test,0.23108980059623718,0.0,0.0002628380316309631,0.05471598729491234,0.014777201227843761,-0.197124183177948,-0.041136693209409714,0.2013707309961319,False
train,0.2315065562725067,0.0,0.0002640891179908067,0.05464040860533714,0.01478349044919014,-0.20481809973716736,-0.04082033038139343,0.20884624123573303,False
train,0.23192331194877625,0.0,0.0002654509444255382,0.054561641067266464,0.014789915643632412,-0.21259325742721558,-0.04047515615820885,0.21641194820404053,False
train,0.23234005272388458,0.0,0.0002669358509592712,0.05447971448302269,0.014796461910009384,-0.22045433521270752,-0.04009952396154404,0.22407160699367523,False
train,0.2327568382024765,0.0,0.00026855524629354477,0.05439436063170433,0.014803110621869564,-0.22840473055839539,-0.03969130665063858,0.2318277806043625,False
test,0.23317357897758484,0.0,0.00027032336220145226,0.05430583283305168,0.014809852465987206,-0.2364427000284195,-0.0392487496137619,0.23967814445495605,False
train,0.23359033465385437,0.0,0.0002722516073845327,0.054213766008615494,0.014816680923104286,-0.24456468224525452,-0.0387692004442215,0.24761852622032166,False
train,0.2340070903301239,0.0,0.0002743570657912642,0.054118379950523376,0.014823569916188717,-0.2527616620063782,-0.03825020790100098,0.2556394636631012,False
train,0.23442383110523224,0.0,0.0002766538818832487,0.054019585251808167,0.014830517582595348,-0.2610195279121399,-0.037688836455345154,0.26372644305229187,False
train,0.23484058678150177,0.0,0.0002791591396089643,0.05391732230782509,0.014837495982646942,-0.26931944489479065,-0.037081629037857056,0.2718603014945984,False
test,0.2352573424577713,0.0,0.0002818939683493227,0.05381161347031593,0.014844514429569244,-0.2776351869106293,-0.036424797028303146,0.28001439571380615,False
train,0.23567408323287964,0.0,0.0002848752774298191,0.05370242893695831,0.014851528219878674,-0.28593242168426514,-0.035714127123355865,0.2881542146205902,False
train,0.23609083890914917,0.0,0.0002881286491174251,0.05358973518013954,0.014858544804155827,-0.2941700220108032,-0.034944549202919006,0.2962383031845093,False
train,0.2365076094865799,0.0,0.0002916757657658309,0.053473636507987976,0.01486553717404604,-0.3022969365119934,-0.03411063551902771,0.30421534180641174,False
train,0.23692436516284943,0.0,0.00029554430511780083,0.05335430055856705,0.014872496947646141,-0.31025195121765137,-0.03320615738630295,0.31202390789985657,False
test,0.23734110593795776,0.003000478958711028,0.0002997652627527714,0.05323158949613571,0.014879404567182064,-0.3179607391357422,-0.03222370892763138,0.31958940625190735,False
train,0.2377578616142273,0.002744135679677129,0.00030437050736509264,0.053105760365724564,0.01488624420017004,-0.3253387212753296,-0.031155116856098175,0.3268270492553711,False
train,0.23817461729049683,0.0019330817740410566,0.000309396447846666,0.05297696217894554,0.014892995357513428,-0.33228597044944763,-0.02999095991253853,0.33363667130470276,False
train,0.23859135806560516,0.0025340181309729815,0.0003148849937133491,0.052845362573862076,0.014899651519954205,-0.33868563175201416,-0.028720449656248093,0.3399011790752411,False
train,0.2390081137418747,0.003017288399860263,0.00032088212901726365,0.05271122232079506,0.014906182885169983,-0.34440478682518005,-0.02733105979859829,0.3454875349998474,False
test,0.23942486941814423,0.00157167948782444,0.00032743747578933835,0.05257484316825867,0.01491258293390274,-0.34929004311561584,-0.02580869011580944,0.3502422273159027,False
train,0.23984163999557495,0.002773551968857646,0.00033461159910075366,0.052436698228120804,0.014918830245733261,-0.3531671166419983,-0.02413678541779518,0.35399097204208374,False
train,0.24025839567184448,0.002815575571730733,0.0003424686146900058,0.052297141402959824,0.0149249117821455,-0.3558364808559418,-0.022296376526355743,0.35653433203697205,False
train,0.24067513644695282,0.00215580640360713,0.00035108232987113297,0.05215678736567497,0.014930796809494495,-0.35707420110702515,-0.020265597850084305,0.3576488196849823,False
train,0.24109189212322235,0.0023911381140351295,0.000360537669621408,0.05201621353626251,0.014936486259102821,-0.35662469267845154,-0.01801876910030842,0.3570796251296997,False
test,0.24150864779949188,0.0026054580230265856,0.00037093114224262536,0.051876239478588104,0.014941945672035217,-0.3542031943798065,-0.015526186674833298,0.3545433282852173,False
train,0.24192538857460022,0.002597053302451968,0.0003823708393611014,0.0517377145588398,0.014947173185646534,-0.34948864579200745,-0.012753371149301529,0.3497212529182434,False
train,0.24234214425086975,0.00235751923173666,0.00039498324622400105,0.05160180851817131,0.014952138997614384,-0.3421224355697632,-0.009659681469202042,0.3422587811946869,False
train,0.24275889992713928,0.002286079339683056,0.00040891225216910243,0.05146944522857666,0.014956824481487274,-0.33170202374458313,-0.006197452545166016,0.33175989985466003,False
train,0.24317567050457,0.002660088473930955,0.000424325029598549,0.051342207938432693,0.014961221255362034,-0.31778210401535034,-0.0023107044398784637,0.31779050827026367,False
test,0.24359242618083954,0.002244055736809969,0.0004414131981320679,0.0512215755879879,0.014965307898819447,-0.299870103597641,0.00206640362739563,0.29987722635269165,False
train,0.24400916695594788,0.0023070911411195993,0.00046039564767852426,0.05110933631658554,0.014969069510698318,-0.27741819620132446,0.00701170414686203,0.2775067985057831,False
train,0.2444259226322174,0.002588648581877351,0.00048153637908399105,0.05100749805569649,0.014972484670579433,-0.2498217523097992,0.012618649750947952,0.2501402497291565,False
train,0.24484267830848694,0.0016010960098356009,0.0005051331245340407,0.05091831460595131,0.014975538477301598,-0.21641874313354492,0.01899707317352295,0.21725091338157654,False
train,0.24525941908359528,0.0,0.0005315367016009986,0.05084448680281639,0.014978211373090744,-0.17648328840732574,0.026278357952833176,0.1784289926290512,False
test,0.2456761747598648,0.0,0.0005611659144051373,0.05078871175646782,0.01498048659414053,-0.12921808660030365,0.034621238708496094,0.1337757259607315,False
train,0.24609293043613434,0.0,0.0005945053417235613,0.05075429007411003,0.014982352033257484,-0.07375842332839966,0.0442146360874176,0.08599557727575302,False
train,0.24650967121124268,0.0,0.0006321252440102398,0.05074496194720268,0.014983784407377243,-0.009166110306978226,0.05528552830219269,0.05604022741317749,False
train,0.2469264417886734,0.0,0.0006747104926034808,0.05076451972126961,0.014984777197241783,0.06558360904455185,0.06811058521270752,0.09455295652151108,False
train,0.24734319746494293,0.0,0.0007230656920000911,0.050817523151636124,0.014985308982431889,0.1515844166278839,0.08302146196365356,0.17283055186271667,False
test,0.24775995314121246,0.0,0.0007781544118188322,0.050909027457237244,0.014985358342528343,0.25002142786979675,0.10042217373847961,0.26943519711494446,False
train,0.2481766939163208,0.0,0.0008411199669353664,0.05104433372616768,0.014984918758273125,0.3621560335159302,0.12080179154872894,0.3817722797393799,False
train,0.24859344959259033,0.0,0.0009133455459959805,0.05122947692871094,0.014983968809247017,0.48935335874557495,0.14475984871387482,0.5103157162666321,False
train,0.24901020526885986,0.0,0.000996480928733945,0.05147092789411545,0.014982501044869423,0.6330472230911255,0.1730235069990158,0.6562666893005371,False
train,0.2494269460439682,0.0,0.0010925167007371783,0.05177602171897888,0.014980501495301723,0.7947653532028198,0.20648223161697388,0.8211497068405151,False
test,0.24984370172023773,0.0,0.0012038659770041704,0.05215255916118622,0.014977948740124702,0.976129412651062,0.2462267428636551,1.006705641746521,False
train,0.25026047229766846,0.0,0.0013334352988749743,0.05260908976197243,0.01497483067214489,1.1788396835327148,0.2935888171195984,1.2148487567901611,False
train,0.250677227973938,0.0,0.0014847449492663145,0.053154852241277695,0.014971145428717136,1.4046374559402466,0.3501931130886078,1.447633147239685,False
train,0.2510939836502075,0.0,0.0016620769165456295,0.053799886256456375,0.014966866001486778,1.6553618907928467,0.41803333163261414,1.7073297500610352,False
train,0.25151073932647705,0.0,0.0018706322880461812,0.05455496534705162,0.01496199332177639,1.9328747987747192,0.4995403289794922,1.9963831901550293,False
test,0.2519274950027466,0.0,0.002116745337843895,0.05543160066008568,0.014956513419747353,2.2390658855438232,0.597682535648346,2.3174641132354736,False
train,0.2523442208766937,0.0,0.002408084226772189,0.056442033499479294,0.014950405806303024,2.5757665634155273,0.7160523533821106,2.6734442710876465,False
train,0.25276097655296326,0.0,0.002754033077508211,0.057599570602178574,0.014943670481443405,2.9448230266571045,0.8590250015258789,3.0675570964813232,False
train,0.2531777322292328,0.0,0.0031659509986639023,0.058918070048093796,0.014936295337975025,3.347900152206421,1.031854271888733,3.5033066272735596,False
train,0.2535945177078247,0.0,0.0036576096899807453,0.06041201949119568,0.014928274787962437,3.7864935398101807,1.240832805633545,3.9846203327178955,False
test,0.25401124358177185,0.0,0.004245504271239042,0.06209604814648628,0.014919600449502468,4.261638641357422,1.4933563470840454,4.515714645385742,False
train,0.2544279992580414,0.0,0.004949758294969797,0.06398619711399078,0.014910254627466202,4.7742085456848145,1.798228144645691,5.101635932922363,False
train,0.2548447549343109,0.0,0.005794220138341188,0.066097691655159,0.01490024384111166,5.324282169342041,2.165541172027588,5.747829914093018,False
train,0.25526151061058044,0.0,0.006807317957282066,0.06844625622034073,0.014889555983245373,5.9113006591796875,2.6068220138549805,6.460572242736816,False
train,0.25567826628685,0.0,0.008022606372833252,0.07104692608118057,0.014878185465931892,6.533727169036865,3.1349382400512695,7.246891021728516,True
test,0.2560950219631195,0.0,0.009479163214564323,0.07391407340765,0.014866127632558346,7.188933849334717,3.763838768005371,8.114631652832031,True
train,0.25651174783706665,0.0,0.011221898719668388,0.07706014066934586,0.01485337596386671,7.872827053070068,4.508063793182373,9.072157859802246,True
train,0.2569285035133362,0.0,0.013302273117005825,0.08049673587083817,0.014839940704405308,8.58000373840332,5.382317543029785,10.128464698791504,True
train,0.2573452889919281,0.0,0.015777472406625748,0.08423169702291489,0.014825801365077496,9.303133010864258,6.400154113769531,11.292043685913086,True
train,0.25776204466819763,0.0,0.01870936155319214,0.08826979249715805,0.014810959808528423,10.03300666809082,7.572464466094971,12.569942474365234,True
test,0.25817880034446716,0.0,0.022164063528180122,0.09261159598827362,0.014795433729887009,10.758570671081543,8.906060218811035,13.966558456420898,True
train,0.2585955262184143,0.0,0.026208918541669846,0.0972522422671318,0.014779201708734035,11.466792106628418,10.401240348815918,15.481379508972168,True
train,0.25901228189468384,0.0,0.030910387635231018,0.10218235105276108,0.014762268401682377,12.142973899841309,12.049786567687988,17.106992721557617,True
train,0.25942903757095337,0.0,0.0363282673060894,0.10738465189933777,0.014744642190635204,12.770735740661621,13.831864356994629,18.825838088989258,True
train,0.2598457932472229,0.0,0.04251221567392349,0.11283572018146515,0.01472631935030222,13.332682609558105,15.714644432067871,20.608503341674805,True
test,0.26026254892349243,0.0,0.049494218081235886,0.11850405484437943,0.014707309193909168,13.810608863830566,17.64981460571289,22.41090965270996,True
train,0.26067930459976196,0.0,0.057283345609903336,0.12435077875852585,0.014687606133520603,14.186430931091309,19.573593139648438,24.173959732055664,True
train,0.2610960602760315,0.0,0.06585890799760818,0.13032975792884827,0.014667222276329994,14.442618370056152,21.407344818115234,25.82370376586914,True
train,0.261512815952301,0.0,0.07516491413116455,0.1363878846168518,0.014646165072917938,14.5631742477417,23.060022354125977,27.27362632751465,True
train,0.26192957162857056,0.0,0.08510449528694153,0.142465278506279,0.014624426141381264,14.534029006958008,24.431798934936523,28.42799186706543,True
test,0.2623463273048401,0.0,0.09553999453783035,0.1484972983598709,0.014602027833461761,14.344029426574707,25.42080307006836,29.18849754333496,True
train,0.2627630829811096,0.0,0.10629073530435562,0.15441513061523438,0.01457897201180458,13.98530387878418,25.929166793823242,29.46031951904297,True
train,0.26317980885505676,0.0,0.1171368956565857,0.16014669835567474,0.014555271714925766,13.453645706176758,25.870832443237305,29.159914016723633,True
train,0.2635965645313263,0.0,0.12782977521419525,0.16562111675739288,0.014530927874147892,12.748915672302246,25.1794490814209,28.223031997680664,True
train,0.2640133500099182,0.0,0.1380951851606369,0.1707666516304016,0.014505951665341854,11.874785423278809,23.81321907043457,26.609771728515625,True
test,0.26443010568618774,0.0,0.14764761924743652,0.1755133420228958,0.014480359852313995,10.83908748626709,21.76150894165039,24.311500549316406,True
train,0.2648468315601349,0.0,0.15620411932468414,0.17979606986045837,0.014454162679612637,9.65339469909668,19.046255111694336,21.352935791015625,True
train,0.2652635872364044,0.0,0.16350024938583374,0.1835559904575348,0.01442736480385065,8.33229923248291,15.722415924072266,17.79386329650879,True
train,0.26568034291267395,0.0,0.1692996621131897,0.18674059212207794,0.014399980194866657,6.893579483032227,11.876459121704102,13.732141494750977,True
train,0.2660970985889435,0.0,0.17340558767318726,0.18930380046367645,0.014372029341757298,5.357285022735596,7.622087478637695,9.316475868225098,True
test,0.266513854265213,0.0,0.17567779123783112,0.19121059775352478,0.01434352807700634,3.7456157207489014,3.0949604511260986,4.85884952545166,False
train,0.26693060994148254,0.9411166310310364,0.1760321408510208,0.19243374466896057,0.014314480125904083,2.082045316696167,-1.5546927452087402,2.5984575748443604,False
train,0.2673473358154297,1.0,0.1744510978460312,0.19295699894428253,0.014284907840192318,0.39107048511505127,-6.1691083908081055,6.181491374969482,False
train,0.2677641212940216,0.0,0.1709815412759781,0.19277413189411163,0.014254823327064514,-1.3026835918426514,-10.593173027038574,10.67297077178955,True
train,0.26818087697029114,0.0,0.16573530435562134,0.19188937544822693,0.014224248938262463,-2.9739503860473633,-14.67858600616455,14.976824760437012,True
test,0.26859763264656067,0.0,0.15888001024723053,0.19031688570976257,0.014193195849657059,-4.598382472991943,-18.295921325683594,18.86493682861328,True
train,0.2690143883228302,0.0,0.1506344974040985,0.1880812793970108,0.014161686412990093,-6.152579307556152,-21.33907699584961,22.208341598510742,True
train,0.26943111419677734,0.0,0.14125576615333557,0.18521684408187866,0.014129738323390484,-7.61419677734375,-23.731115341186523,24.922718048095703,True
train,0.2698478698730469,0.0,0.13102395832538605,0.18176594376564026,0.014097360894083977,-8.963297843933105,-25.428842544555664,26.96232032775879,True
train,0.2702646255493164,0.0,0.12023243308067322,0.17777955532073975,0.014064585790038109,-10.18188190460205,-26.423063278198242,28.316938400268555,True
test,0.27068138122558594,0.0,0.1091696098446846,0.17331504821777344,0.014031426049768925,-11.25484561920166,-26.73820686340332,29.010398864746094,True
train,0.27109816670417786,0.0,0.09810751676559448,0.1684357225894928,0.013997900299727917,-12.170507431030273,-26.429157257080078,29.09676170349121,True
train,0.271514892578125,0.0,0.08729316294193268,0.16321003437042236,0.013964037410914898,-12.920381546020508,-25.57563018798828,28.653955459594727,True
train,0.27193164825439453,0.0,0.07693098485469818,0.1577071100473404,0.013929847627878189,-13.500248908996582,-24.274211883544922,27.775781631469727,True
train,0.27234840393066406,0.0,0.0671854019165039,0.1519976705312729,0.013895365409553051,-13.909385681152344,-22.63111114501953,26.56385040283203,True
test,0.2727651596069336,0.0,0.0581771656870842,0.1461532711982727,0.013860593549907207,-14.151281356811523,-20.754486083984375,25.119861602783203,True
train,0.2731819152832031,0.0,0.04998113587498665,0.14024151861667633,0.013825568370521069,-14.232817649841309,-18.74622344970703,23.537076950073242,True
train,0.27359867095947266,0.0,0.042633168399333954,0.1343277096748352,0.013790310360491276,-14.164287567138672,-16.69740104675293,21.89589500427246,True
train,0.2740153968334198,0.0,0.03613358736038208,0.12847182154655457,0.013754842802882195,-13.958754539489746,-14.683829307556152,20.25985336303711,True
train,0.2744321823120117,0.0,0.030453940853476524,0.12272696197032928,0.013719173148274422,-13.631518363952637,-12.764320373535156,18.674745559692383,True
test,0.27484893798828125,0.0,0.025546343997120857,0.1171412393450737,0.01368334237486124,-13.199225425720215,-10.981112480163574,17.16986846923828,True
train,0.2752656936645508,0.0,0.02134770341217518,0.11175448447465897,0.013647365383803844,-12.679465293884277,-9.360499382019043,15.760323524475098,True
train,0.2756824195384979,0.0,0.01778724044561386,0.10659971833229065,0.013611269183456898,-12.089893341064453,-7.915339469909668,14.450540542602539,True
train,0.27609917521476746,0.0,0.014790818095207214,0.10170210897922516,0.013575076125562191,-11.44770622253418,-6.6475396156311035,13.237814903259277,True
train,0.276515930891037,0.0,0.012285586446523666,0.09708011150360107,0.013538810424506664,-10.769044876098633,-5.551002502441406,12.115525245666504,True
test,0.2769326865673065,0.0,0.010202507488429546,0.09274586290121078,0.01350248884409666,-10.068733215332031,-4.614165782928467,11.075645446777344,True
train,0.27734944224357605,0.0,0.00847806315869093,0.08870543539524078,0.013466142117977142,-9.359892845153809,-3.8220746517181396,10.110185623168945,True
train,0.2777661979198456,0.0,0.007055433001369238,0.0849604681134224,0.013429790735244751,-8.65395736694336,-3.158310651779175,9.212268829345703,True
train,0.2781829535961151,0.0,0.005884615704417229,0.08150724321603775,0.01339346170425415,-7.960316181182861,-2.606135845184326,8.37607192993164,True
train,0.27859970927238464,0.0,0.0049225385300815105,0.0783390924334526,0.01335717923939228,-7.286665439605713,-2.1495485305786133,7.597108364105225,True
test,0.2790164649486542,0.0,0.004132575821131468,0.07544635236263275,0.013320955447852612,-6.638976097106934,-1.7738142013549805,6.871857166290283,True
train,0.2794332206249237,0.0,0.003483880776911974,0.07281728088855743,0.013284830376505852,-6.021697998046875,-1.4657267332077026,6.197515487670898,False
train,0.27984997630119324,0.0,0.0029507807921618223,0.07043860852718353,0.013248808681964874,-5.437891006469727,-1.213761568069458,5.57170295715332,False
train,0.2802667021751404,0.0,0.002512092236429453,0.06829595565795898,0.013212934136390686,-4.889493942260742,-1.0080448389053345,4.9923248291015625,False
train,0.2806834578514099,0.0,0.0021503272000700235,0.0663740336894989,0.013177217915654182,-4.377377986907959,-0.8401960730552673,4.457282543182373,False
test,0.28110021352767944,0.0,0.001851324108429253,0.06465790420770645,0.013141692616045475,-3.901796817779541,-0.7032759189605713,3.9646708965301514,False
train,0.28151699900627136,0.0,0.0016034378204494715,0.06313224881887436,0.013106366619467735,-3.4622316360473633,-0.5914936661720276,3.5123941898345947,False
train,0.2819337546825409,0.0,0.0013973155291751027,0.061782583594322205,0.013071277178823948,-3.0578536987304688,-0.5001438856124878,3.0984857082366943,False
train,0.28235048055648804,0.0,0.0012253085151314735,0.060594264417886734,0.013036435469985008,-2.6873645782470703,-0.42535698413848877,2.7208192348480225,False
train,0.28276723623275757,0.0,0.0010812206892296672,0.05955350771546364,0.013001871295273304,-2.349226713180542,-0.3639931082725525,2.37725830078125,False
test,0.2831839919090271,0.0,0.0009600585908629,0.05864711105823517,0.012967601418495178,-2.0417778491973877,-0.3135189414024353,2.0657083988189697,False
train,0.28360074758529663,0.0,0.0008577576372772455,0.05786283686757088,0.012933652848005295,-1.7632519006729126,-0.27188363671302795,1.7840901613235474,False
train,0.28401750326156616,0.0,0.0007710309000685811,0.057188794016838074,0.012900056317448616,-1.5118179321289062,-0.2374347299337387,1.5303492546081543,False
train,0.2844342589378357,0.0,0.0006972085102461278,0.0566142275929451,0.012866808101534843,-1.285668969154358,-0.2088419795036316,1.302520513534546,False
train,0.2848510146141052,0.0,0.0006341073894873261,0.05612887069582939,0.012833955697715282,-1.0829917192459106,-0.1850290596485138,1.0986841917037964,False
test,0.28526777029037476,0.0,0.000579946965444833,0.055723436176776886,0.012801501899957657,-0.902021050453186,-0.1651277244091034,0.9170109629631042,False
train,0.2856845259666443,0.0,0.0005332772852852941,0.055389128625392914,0.012769480235874653,-0.7410707473754883,-0.14843890070915222,0.7557909488677979,False
train,0.2861012816429138,0.0,0.0004928976413793862,0.05511794984340668,0.012737895362079144,-0.5984963178634644,-0.13439366221427917,0.6133999824523926,False
train,0.28651800751686096,0.0,0.0004578324151225388,0.05490272864699364,0.012706790119409561,-0.4727539122104645,-0.12253381311893463,0.4883756637573242,False
train,0.2869347631931305,0.0,0.000427260878495872,0.05473658815026283,0.012676169164478779,-0.3623528480529785,-0.11248280107975006,0.3794100284576416,False
test,0.2873515188694,0.0,0.00040051029645837843,0.05461352691054344,0.012646046467125416,-0.2659030854701996,-0.10393594950437546,0.28549453616142273,False
train,0.28776827454566956,0.0,0.00037702254485338926,0.0545278936624527,0.01261644996702671,-0.1821013242006302,-0.09664417058229446,0.20615766942501068,False
train,0.2881850302219391,0.0,0.00035632846993394196,0.05447475612163544,0.012587400153279305,-0.10973010957241058,-0.09040290862321854,0.14217378199100494,False
train,0.2886017858982086,0.0,0.0003380404377821833,0.05444964021444321,0.012558910064399242,-0.04764813184738159,-0.08504438400268555,0.09748277813196182,False
train,0.28901854157447815,0.0,0.000321821280522272,0.05444847792387009,0.012531000189483166,0.005204435437917709,-0.08042861521244049,0.08059682697057724,False
test,0.2894352972507477,0.0,0.00030739829526282847,0.054467376321554184,0.012503685429692268,0.049799561500549316,-0.07644122838973999,0.09123189002275467,False
train,0.2898520529270172,0.0,0.0002945357409771532,0.054503463208675385,0.012476985342800617,0.08704018592834473,-0.072986900806427,0.11359173059463501,False
train,0.29026880860328674,0.0,0.0002830311132129282,0.05455358698964119,0.012450914829969406,0.11774939298629761,-0.06998558342456818,0.13697774708271027,False
train,0.2906855642795563,0.0,0.0002727169485297054,0.05461530014872551,0.01242549903690815,0.14268748462200165,-0.06737104803323746,0.1577928364276886,False
train,0.2911022901535034,0.0,0.00026344601064920425,0.054686289280653,0.012400739826261997,0.16253772377967834,-0.06508755683898926,0.1750854104757309,False
test,0.29151904582977295,0.0,0.0002550917270127684,0.05476462095975876,0.012376663275063038,0.17793184518814087,-0.06308776140213013,0.18878507614135742,False
train,0.29193583130836487,0.0,0.00024754772312007844,0.05484859272837639,0.012353275902569294,0.18943431973457336,-0.06133229658007622,0.1991155743598938,False
train,0.2923525869846344,0.0,0.00024072003725450486,0.05493655055761337,0.012330600060522556,0.19755271077156067,-0.05978754162788391,0.20640160143375397,False
train,0.29276934266090393,0.0,0.00023452972527593374,0.055027201771736145,0.012308647856116295,0.20274877548217773,-0.05842513591051102,0.21099896728992462,False
train,0.2931860685348511,0.0,0.00022890463878866285,0.055119588971138,0.012287426739931107,0.20543336868286133,-0.05722089856863022,0.21325360238552094,False
test,0.2936028242111206,0.0,0.00022378526045940816,0.05521252751350403,0.012266957201063633,0.20597386360168457,-0.05615391582250595,0.21349120140075684,False
train,0.29401957988739014,0.0,0.00021911627845838666,0.05530543625354767,0.012247253209352493,0.20469701290130615,-0.05520659685134888,0.2120109349489212,False
train,0.29443633556365967,0.0,0.0002148518105968833,0.055397383868694305,0.012228322215378284,0.2018927037715912,-0.05436362698674202,0.20908387005329132,False
train,0.2948530912399292,0.0,0.00021095034026075155,0.05548790469765663,0.012210173532366753,0.19781534373760223,-0.053612034767866135,0.20495161414146423,False
train,0.29526984691619873,0.0,0.0002073766227113083,0.05557651445269585,0.01219282578676939,0.1926916390657425,-0.05294056236743927,0.19983185827732086,False
test,0.29568660259246826,0.0,0.00020409765420481563,0.05566275119781494,0.012176292017102242,0.18671809136867523,-0.052339356392621994,0.19391506910324097,False
train,0.2961033582687378,0.0,0.00020108457829337567,0.05574643611907959,0.012160581536591053,0.1800679713487625,-0.051800068467855453,0.18737055361270905,False
train,0.2965201139450073,0.0,0.00019831312238238752,0.05582708865404129,0.012145692482590675,0.17289027571678162,-0.05131523683667183,0.18034495413303375,False
train,0.29693686962127686,0.0,0.000195761036593467,0.0559048056602478,0.012131649069488049,0.16531631350517273,-0.050878703594207764,0.1729685664176941,False
train,0.297353595495224,0.0,0.00019340752623975277,0.05597922205924988,0.012118454091250896,0.157457634806633,-0.05048471689224243,0.1653529852628708,False
test,0.29777035117149353,0.0,0.00019123486708849669,0.05605028197169304,0.01210611779242754,0.14940954744815826,-0.050128430128097534,0.15759465098381042,False
train,0.29818710684776306,0.0,0.00018922788149211556,0.05611806362867355,0.012094647623598576,0.14125525951385498,-0.049805738031864166,0.14977869391441345,False
train,0.2986038625240326,0.0,0.0001873708824859932,0.05618234723806381,0.01208405289798975,0.13306419551372528,-0.04951274394989014,0.1419774293899536,False
train,0.2990206480026245,0.0,0.00018565176287665963,0.05624324455857277,0.012074348516762257,0.12489518523216248,-0.04924626648426056,0.13425350189208984,False
train,0.29943737387657166,0.0,0.00018405963783152401,0.056300725787878036,0.012065527029335499,0.11679836362600327,-0.049003466963768005,0.1266617476940155,False
test,0.2998541295528412,0.0,0.00018258212367072701,0.05635491758584976,0.01205760333687067,0.10881379246711731,-0.04878177493810654,0.11924806982278824,False
train,0.3002708852291107,0.0,0.00018121203174814582,0.05640573054552078,0.01205058116465807,0.10097560286521912,-0.04857892915606499,0.11205349117517471,False
train,0.30068764090538025,0.0,0.00017993932124227285,0.05645338445901871,0.012044471688568592,0.09331107139587402,-0.04839303344488144,0.10511347651481628,False
train,0.3011043965816498,0.0,0.00017875619232654572,0.056497812271118164,0.012039273045957088,0.08584229648113251,-0.048222240060567856,0.09845955669879913,False
train,0.3015211522579193,0.0,0.0001776565331965685,0.05653921887278557,0.01203499361872673,0.07858715951442719,-0.048065099865198135,0.09212055057287216,False
test,0.30193787813186646,0.0,0.00017663321341387928,0.056577637791633606,0.01203163992613554,0.07155920565128326,-0.047920212149620056,0.08612239360809326,False
train,0.3023546636104584,0.0,0.00017568007751833647,0.05661318078637123,0.012029210105538368,0.06476719677448273,-0.047786325216293335,0.08048802614212036,False
train,0.3027714192867279,0.0,0.00017479275993537158,0.0566459558904171,0.012027711607515812,0.058219876140356064,-0.04766242206096649,0.07524134963750839,False
train,0.30318817496299744,0.0,0.00017396565817762166,0.05667601525783539,0.012027151882648468,0.05192138999700546,-0.04754745215177536,0.07040306180715561,False
train,0.3036049008369446,0.0,0.00017319463950116187,0.05670350044965744,0.012027522549033165,0.04587498679757118,-0.04744063690304756,0.06599339842796326,False
test,0.3040216565132141,0.0,0.0001724753965390846,0.056728582829236984,0.012028839439153671,0.040081173181533813,-0.04734122380614281,0.06202976778149605,False
train,0.30443841218948364,0.0,0.00017180500435642898,0.05675124004483223,0.012031092308461666,0.034540414810180664,-0.04724845290184021,0.058527398854494095,False
train,0.3048551678657532,0.0,0.00017117867537308484,0.056771669536828995,0.012034285813570023,0.02925080992281437,-0.0471617691218853,0.055496327579021454,False
train,0.3052719235420227,0.0,0.00017059447418432683,0.05678998678922653,0.012038422748446465,0.02421056106686592,-0.04708065837621689,0.05294090881943703,False
train,0.30568867921829224,0.0,0.0001700477732811123,0.056806180626153946,0.01204350683838129,0.01941654458642006,-0.04700452461838722,0.05085693299770355,False
test,0.30610543489456177,0.0,0.00016953839804045856,0.05682041496038437,0.012049530632793903,0.014865171164274216,-0.04693300276994705,0.04923088476061821,False
train,0.3065221905708313,0.0,0.00016906198288779706,0.056832827627658844,0.012056499719619751,0.010552765801548958,-0.04686572402715683,0.048039115965366364,False
train,0.30693894624710083,0.0,0.0001686164760030806,0.05684357136487961,0.012064405716955662,0.006474437192082405,-0.04680237919092178,0.047248080372810364,False
train,0.30735570192337036,0.0,0.0001682002330198884,0.056852638721466064,0.012073256075382233,0.002626195549964905,-0.04674258083105087,0.04681629687547684,False
train,0.3077724575996399,0.0,0.00016781107115093619,0.056860100477933884,0.012083044275641441,-0.0009973347187042236,-0.04668602719902992,0.046696677803993225,False
test,0.30818918347358704,0.0,0.00016744677850510925,0.05686613917350769,0.012093763798475266,-0.00440058670938015,-0.046632539480924606,0.04683971405029297,False
train,0.30860593914985657,0.0,0.00016710652562323958,0.05687084421515465,0.012105423025786877,-0.007589275017380714,-0.04658189415931702,0.047196079045534134,False
train,0.3090226948261261,0.0,0.00016678860993124545,0.05687423050403595,0.012118006125092506,-0.010568130761384964,-0.04653383418917656,0.04771878942847252,False
train,0.309439480304718,0.0,0.00016649083408992738,0.05687640979886055,0.0121315224096179,-0.013342674821615219,-0.04648818448185921,0.04836505278944969,False
train,0.30985623598098755,0.0,0.00016621194663457572,0.0568774975836277,0.01214595790952444,-0.01591787114739418,-0.04644482582807541,0.04909684881567955,False
test,0.3102729618549347,0.0,0.00016595110355410725,0.05687759444117546,0.012161307968199253,-0.018298868089914322,-0.04640362784266472,0.04988131299614906,False
train,0.3106897175312042,0.0,0.00016570693696849048,0.05687670037150383,0.012177567929029465,-0.02049165964126587,-0.04636438190937042,0.05069086700677872,False
train,0.31110647320747375,0.0,0.00016547797713428736,0.05687491223216057,0.01219473872333765,-0.022501211613416672,-0.04632699117064476,0.051502373069524765,False
train,0.3115232288837433,0.0,0.00016526415129192173,0.05687235668301582,0.01221280638128519,-0.024333059787750244,-0.046291399747133255,0.05229714512825012,False
train,0.3119399845600128,0.0,0.00016506301471963525,0.05686911940574646,0.01223177183419466,-0.02599271386861801,-0.04625750705599785,0.0530601367354393,False
test,0.31235674023628235,0.0,0.00016487471293658018,0.056865207850933075,0.012251624837517738,-0.027485709637403488,-0.04622519388794899,0.0537794828414917,False
train,0.3127734959125519,0.0,0.00016469918773509562,0.05686069279909134,0.012272348627448082,-0.02881745621562004,-0.046194374561309814,0.05444599315524101,False
train,0.3131902515888214,0.0,0.0001645343581913039,0.0568556934595108,0.012293950654566288,-0.029993772506713867,-0.046165015548467636,0.055053018033504486,False
train,0.31360700726509094,0.0,0.00016437879821751267,0.056850284337997437,0.012316408567130566,-0.03102049231529236,-0.046137068420648575,0.05559586361050606,False
train,0.3140237629413605,0.0,0.0001642338465899229,0.05684436857700348,0.012339725159108639,-0.03190324455499649,-0.04611034691333771,0.056071214377880096,False
test,0.3144404888153076,0.0,0.000164096723892726,0.05683819204568863,0.01236388273537159,-0.032647762447595596,-0.0460849329829216,0.05647740513086319,False
train,0.31485724449157715,0.0,0.00016396798309870064,0.0568317249417305,0.012388879433274269,-0.03326001390814781,-0.046060726046562195,0.05681389942765236,False
train,0.3152740001678467,0.0,0.00016384717309847474,0.05682504177093506,0.012414692901074886,-0.03374622017145157,-0.04603768140077591,0.057081304490566254,False
train,0.3156907558441162,0.0,0.00016373377002310008,0.056818217039108276,0.012441324070096016,-0.034112174063920975,-0.04601577669382095,0.05728081986308098,False
train,0.31610754132270813,0.0,0.00016362700262106955,0.05681122839450836,0.012468745931982994,-0.03436387702822685,-0.04599491506814957,0.057414356619119644,False
test,0.3165242671966553,0.0,0.00016352655075024813,0.05680428072810173,0.012496961280703545,-0.03450752794742584,-0.04597518593072891,0.057484667748212814,False
train,0.3169410228729248,0.0,0.00016343052266165614,0.05679722875356674,0.012525953352451324,-0.0345492847263813,-0.04595639184117317,0.05749472230672836,False
train,0.31735777854919434,0.0,0.0001633407810004428,0.05679023265838623,0.012555713765323162,-0.034495286643505096,-0.04593859612941742,0.05744805932044983,False
train,0.31777453422546387,0.0,0.00016325575415976346,0.056783173233270645,0.01258622482419014,-0.03435139358043671,-0.04592163860797882,0.05734819173812866,False
train,0.3181912899017334,0.0,0.0001631754421396181,0.056776273995637894,0.012617466039955616,-0.03412383049726486,-0.04590563848614693,0.057199329137802124,False
test,0.31860804557800293,0.0,0.0001630987535463646,0.05676952376961708,0.01264942716807127,-0.03381868079304695,-0.04589051753282547,0.057005640119314194,False
train,0.3190247714519501,0.0,0.00016302676522172987,0.0567629337310791,0.012682093307375908,-0.033441752195358276,-0.045876242220401764,0.05677129700779915,False
train,0.3194415271282196,0.0,0.00016295822570100427,0.05675647407770157,0.01271545048803091,-0.032998956739902496,-0.04586271941661835,0.056500621140003204,False
train,0.3198583126068115,0.0,0.00016289249469991773,0.056750256568193436,0.012749488465487957,-0.03249581158161163,-0.0458500012755394,0.056197866797447205,False
train,0.32027506828308105,0.0,0.00016283006698358804,0.05674426257610321,0.012784184888005257,-0.031938135623931885,-0.04583801329135895,0.05586741492152214,False
test,0.3206918239593506,0.0,0.00016277044778689742,0.05673857033252716,0.012819516472518444,-0.0313313864171505,-0.04582677781581879,0.05551350489258766,False
train,0.32110854983329773,0.0,0.0001627139572519809,0.05673312023282051,0.012855475768446922,-0.030680831521749496,-0.04581620171666145,0.055140163749456406,False
train,0.32152530550956726,0.0,0.00016266012971755117,0.05672795698046684,0.0128920404240489,-0.02999148890376091,-0.04580627754330635,0.05475129559636116,False
train,0.3219420611858368,0.0,0.00016260723350569606,0.05672312155365944,0.012929192744195461,-0.029268238693475723,-0.04579700157046318,0.05435067042708397,False
train,0.3223588168621063,0.0,0.00016255778609775007,0.05671856552362442,0.012966913171112537,-0.028515972197055817,-0.04578828811645508,0.05394189432263374,False
test,0.32277557253837585,0.0,0.0001625102013349533,0.05671440809965134,0.013005180284380913,-0.02773931249976158,-0.04578021168708801,0.053528472781181335,False
train,0.3231923282146454,0.0,0.000162464493769221,0.05671058967709541,0.013043984770774841,-0.02694251760840416,-0.04577267915010452,0.05311344191431999,False
train,0.3236090838909149,0.0,0.00016242050332948565,0.05670705810189247,0.013083289377391338,-0.02612970769405365,-0.04576561599969864,0.052699651569128036,False
train,0.32402583956718445,0.0,0.00016237806994467974,0.056703999638557434,0.01312309131026268,-0.025305084884166718,-0.04575914144515991,0.05229002237319946,False
train,0.324442595243454,0.0,0.00016233733913395554,0.056701209396123886,0.013163355179131031,-0.024472374469041824,-0.04575306177139282,0.051886796951293945,False
test,0.3248593509197235,0.0,0.00016229834000114352,0.05669879913330078,0.013204068876802921,-0.023635055869817734,-0.04574742913246155,0.05149216577410698,False
train,0.32527607679367065,0.0,0.00016226073785219342,0.056696731597185135,0.013245200738310814,-0.022797133773565292,-0.04574219882488251,0.05110829696059227,False
train,0.3256928324699402,0.0,0.00016222485282924026,0.05669513717293739,0.013286743313074112,-0.021961428225040436,-0.04573743790388107,0.050736747682094574,False
train,0.3261095881462097,0.0,0.0001621903502382338,0.05669378861784935,0.013328662142157555,-0.021131329238414764,-0.04573293775320053,0.050378911197185516,False
train,0.32652637362480164,0.0,0.00016215724463108927,0.05669279024004936,0.013370940461754799,-0.020309964194893837,-0.04572875797748566,0.050036124885082245,False
test,0.32694312930107117,0.0,0.0001621249393792823,0.056692205369472504,0.01341355498880148,-0.019500520080327988,-0.04572492092847824,0.04970954358577728,False
train,0.3273598551750183,0.0,0.00016209510795306414,0.056692030280828476,0.01345647033303976,-0.018705744296312332,-0.045721400529146194,0.04939991235733032,False
train,0.32777661085128784,0.0,0.00016206572763621807,0.05669211596250534,0.013499668799340725,-0.017928291112184525,-0.04571804776787758,0.04910767078399658,False
train,0.3281933665275574,0.0,0.00016203823906835169,0.056692562997341156,0.01354313362389803,-0.017170950770378113,-0.04571491852402687,0.048833344131708145,False
train,0.3286101222038269,0.0,0.00016201242397073656,0.05669327452778816,0.013586834073066711,-0.01643640547990799,-0.04571191221475601,0.048577096313238144,False
test,0.32902687788009644,0.0,0.00016198755474761128,0.056694358587265015,0.013630745001137257,-0.015727156773209572,-0.04570908844470978,0.048339053988456726,False
train,0.32944363355636597,0.0,0.00016196485375985503,0.05669587850570679,0.013674842193722725,-0.015045898966491222,-0.045706477016210556,0.04811923950910568,False
train,0.3298603594303131,0.0,0.0001619438553461805,0.05669756978750229,0.013719101436436176,-0.0143949706107378,-0.04570383206009865,0.04791717231273651,False
train,0.33027714490890503,0.0,0.00016192377370316535,0.05669951066374779,0.013763489201664925,-0.01377684623003006,-0.04570119455456734,0.04773259535431862,False
train,0.33069390058517456,0.0,0.00016190600581467152,0.056701771914958954,0.0138079933822155,-0.013193844817578793,-0.04569859802722931,0.04756510630249977,False
test,0.3311106562614441,0.0,0.00016189072630368173,0.05670429393649101,0.013852574862539768,-0.012648223899304867,-0.04569597169756889,0.04741412401199341,False
train,0.3315274119377136,0.0,0.00016187607252504677,0.05670703202486038,0.013897215016186237,-0.01214214414358139,-0.045693255960941315,0.04727901518344879,False
train,0.33194413781166077,0.0,0.00016186480934266,0.05671000853180885,0.013941877521574497,-0.01167793944478035,-0.045690443366765976,0.04715920612215996,False
train,0.3323608934879303,0.0,0.00016185507411137223,0.05671319738030434,0.013986550271511078,-0.011257864534854889,-0.0456874817609787,0.047054070979356766,False
train,0.33277764916419983,0.0,0.00016184827836696059,0.05671646073460579,0.014031200669705868,-0.010883986949920654,-0.045684244483709335,0.04696287214756012,False
test,0.33319440484046936,0.0,0.00016184287960641086,0.056720081716775894,0.01407579705119133,-0.010558368638157845,-0.045680932700634,0.04688525199890137,False
train,0.3336111605167389,0.0,0.00016184164269361645,0.05672373250126839,0.014120307750999928,-0.010282758623361588,-0.04567725956439972,0.046820368617773056,False
train,0.3340279161930084,0.0,0.00016184226842597127,0.05672752112150192,0.014164730906486511,-0.010059705004096031,-0.04567328467965126,0.046768009662628174,False
train,0.33444467186927795,0.0,0.0001618465903447941,0.056731339544057846,0.014209010638296604,-0.009890744462609291,-0.04566890373826027,0.04672767594456673,False
train,0.3348614275455475,0.0,0.00016185292042791843,0.05673528090119362,0.014253143221139908,-0.009777966886758804,-0.04566416144371033,0.046699296683073044,False
test,0.335278183221817,0.0,0.00016186371794901788,0.056739386171102524,0.014297080226242542,-0.009723315946757793,-0.045659080147743225,0.04668291658163071,False
train,0.33569493889808655,0.0,0.00016187777509912848,0.05674336850643158,0.014340812340378761,-0.00972873903810978,-0.045653391629457474,0.04667847976088524,False
train,0.3361116647720337,0.0,0.00016189567395485938,0.05674741417169571,0.014384296722710133,-0.009796015918254852,-0.04564722999930382,0.04668652266263962,False
train,0.3365284204483032,0.0,0.000161917443620041,0.05675150081515312,0.014427528716623783,-0.009927347302436829,-0.045640554279088974,0.04670773446559906,False
train,0.33694520592689514,0.0,0.0001619438553461805,0.05675536394119263,0.014470464549958706,-0.01012437604367733,-0.04563312605023384,0.0467427559196949,False
test,0.3373619616031647,0.0,0.00016197410877794027,0.05675934627652168,0.014513088390231133,-0.010389734990894794,-0.04562518745660782,0.04679320752620697,False
train,0.3377787172794342,0.0,0.00016201041580643505,0.05676308646798134,0.014555360190570354,-0.010725170373916626,-0.04561643302440643,0.04686030372977257,False
train,0.33819544315338135,0.0,0.00016205044812522829,0.056766726076602936,0.014597265981137753,-0.011132894083857536,-0.04560694843530655,0.04694608598947525,False
train,0.3386121988296509,0.0,0.00016209649038501084,0.05677022412419319,0.014638783410191536,-0.01161549799144268,-0.045596662908792496,0.04705290123820305,False
train,0.3390289545059204,0.0,0.000162147669470869,0.05677346885204315,0.01467987708747387,-0.012175415642559528,-0.04558546841144562,0.04718342423439026,False
test,0.33944571018218994,0.0,0.00016220519319176674,0.05677655711770058,0.014720534905791283,-0.012815114110708237,-0.0455734059214592,0.047340914607048035,False
train,0.3398624658584595,0.0,0.0001622687850613147,0.0567794032394886,0.014760717749595642,-0.013537753373384476,-0.04556037485599518,0.04752913489937782,False
train,0.340279221534729,0.0,0.00016233857604674995,0.0567818321287632,0.01480040606111288,-0.014345944859087467,-0.04554619640111923,0.04775209352374077,False
train,0.34069597721099854,0.0,0.0001624153956072405,0.05678397789597511,0.014839589595794678,-0.015243373811244965,-0.045530930161476135,0.04801485314965248,False
train,0.34111273288726807,0.0,0.0001625002914806828,0.056785810738801956,0.014878228306770325,-0.016233302652835846,-0.04551452770829201,0.04832279309630394,False
test,0.3415294885635376,0.0,0.00016259143012575805,0.05678708851337433,0.01491630356758833,-0.01731933280825615,-0.04549673944711685,0.048681747168302536,False
train,0.34194624423980713,0.0,0.00016269192565232515,0.05678800120949745,0.01495379488915205,-0.018505625426769257,-0.045477673411369324,0.04909864440560341,False
train,0.34236299991607666,0.0,0.0001627999299671501,0.056788429617881775,0.014990686438977718,-0.019796330481767654,-0.045457176864147186,0.049580737948417664,False
train,0.3427797257900238,0.0,0.000162917043780908,0.05678820237517357,0.015026948414742947,-0.021195748820900917,-0.04543505981564522,0.05013585835695267,False
train,0.34319648146629333,0.0,0.0001630437036510557,0.056787483394145966,0.015062563121318817,-0.022709105163812637,-0.04541138559579849,0.050773002207279205,False
test,0.34361323714256287,0.0,0.0001631805789656937,0.056786056607961655,0.015097511932253838,-0.02434084378182888,-0.04538591578602791,0.05150105059146881,False
train,0.3440300226211548,0.0,0.00016332721861544997,0.05678402632474899,0.015131782740354538,-0.026097159832715988,-0.04535866901278496,0.05233040079474449,False
train,0.34444674849510193,0.0,0.00016348461213055998,0.05678122863173485,0.015165340155363083,-0.027982637286186218,-0.04532943665981293,0.05327087268233299,False
train,0.34486350417137146,0.0,0.0001636535453144461,0.05677758902311325,0.015198173932731152,-0.030003635212779045,-0.04529806971549988,0.05433353781700134,False
train,0.345280259847641,0.0,0.00016383513866458088,0.05677304416894913,0.015230270102620125,-0.03216639906167984,-0.04526442661881447,0.05552968010306358,False
test,0.3456970155239105,0.0,0.00016403022164013237,0.05676764249801636,0.015261610969901085,-0.03447706252336502,-0.04522845521569252,0.05687073990702629,False
train,0.34611377120018005,0.0,0.00016423714987467974,0.05676131322979927,0.015292183496057987,-0.036942385137081146,-0.0451899990439415,0.05836844816803932,False
train,0.3465305268764496,0.0,0.00016445890651084483,0.05675388127565384,0.01532196905463934,-0.039569009095430374,-0.04514878988265991,0.06003431975841522,False
train,0.34694725275039673,0.0,0.00016469636466354132,0.05674539878964424,0.0153509471565485,-0.04236382991075516,-0.04510476440191269,0.06187999248504639,False
train,0.34736403822898865,0.0,0.00016494846204295754,0.056735556572675705,0.015379112213850021,-0.04533441364765167,-0.045057542622089386,0.06391706317663193,False
test,0.3477807939052582,0.0,0.00016521860379725695,0.056724611669778824,0.015406448394060135,-0.04848789796233177,-0.045007187873125076,0.06615681201219559,False
train,0.3481975495815277,0.0,0.00016550591681152582,0.05671218782663345,0.015432948246598244,-0.05183184891939163,-0.04495325684547424,0.06861002743244171,False
train,0.34861430525779724,0.0,0.00016581236559432,0.056698452681303024,0.01545859407633543,-0.05537378042936325,-0.0448957234621048,0.07128731906414032,False
train,0.3490310311317444,0.0,0.00016613843035884202,0.05668322741985321,0.015483380295336246,-0.05912143364548683,-0.04483427107334137,0.07419876009225845,False
train,0.3494477868080139,0.0,0.00016648574091959745,0.05666634440422058,0.015507296659052372,-0.06308291852474213,-0.04476858675479889,0.07735425978899002,False
test,0.34986454248428345,0.0,0.00016685461741872132,0.05664772540330887,0.015530331991612911,-0.06726596504449844,-0.04469840228557587,0.08076296746730804,False
train,0.350281298160553,0.0,0.00016724778106436133,0.05662745237350464,0.015552479773759842,-0.07167857140302658,-0.04462357982993126,0.0844338908791542,False
train,0.3506980538368225,0.0,0.00016766504268161952,0.056605156511068344,0.015573738142848015,-0.0763283520936966,-0.04454359784722328,0.0883750468492508,False
train,0.35111480951309204,0.0,0.00016811027307994664,0.05658106505870819,0.015594090335071087,-0.0812237560749054,-0.04445837438106537,0.09259506314992905,False
train,0.3515315651893616,0.0,0.00016858303570188582,0.05655469745397568,0.015613535419106483,-0.08637228608131409,-0.04436728358268738,0.0971011221408844,False
test,0.3519483208656311,0.0,0.00016908520774450153,0.05652621015906334,0.015632079914212227,-0.09178189188241959,-0.04427015781402588,0.10190074890851974,False
train,0.35236507654190063,0.0,0.0001696197286946699,0.05649542063474655,0.01564970798790455,-0.09746004641056061,-0.044166531413793564,0.10700066387653351,False
train,0.35278183221817017,0.0,0.00017018761718645692,0.05646228417754173,0.015666421502828598,-0.10341452807188034,-0.04405604302883148,0.11240773648023605,False
train,0.3531985878944397,0.0,0.0001707917544990778,0.056426528841257095,0.015682216733694077,-0.1096523255109787,-0.043938107788562775,0.11812785267829895,False
train,0.35361531376838684,0.0,0.000171433508512564,0.056388143450021744,0.015697091817855835,-0.1161801666021347,-0.0438123382627964,0.12416663020849228,False
test,0.35403206944465637,0.0,0.00017211606609635055,0.056346941739320755,0.01571105420589447,-0.12300528585910797,-0.04367814213037491,0.1305299997329712,False
train,0.3544488549232483,0.0,0.00017284271598327905,0.05630287528038025,0.015724096447229385,-0.13013425469398499,-0.04353500157594681,0.1372232586145401,False
train,0.3548656105995178,0.0,0.00017361465143039823,0.0562557615339756,0.015736227855086327,-0.13757196068763733,-0.043382301926612854,0.1442500203847885,False
train,0.35528233647346497,0.0,0.00017443642718717456,0.056205540895462036,0.015747442841529846,-0.1453229784965515,-0.0432194285094738,0.15161360800266266,False
train,0.3556990921497345,0.0,0.00017531057528685778,0.05615191161632538,0.01575774885714054,-0.15339285135269165,-0.0430455282330513,0.15931817889213562,False
test,0.35611584782600403,0.0,0.00017624102474655956,0.056094940751791,0.015767153352499008,-0.16178463399410248,-0.042859997600317,0.16736561059951782,False
train,0.35653260350227356,0.0,0.0001772306568454951,0.056034430861473083,0.015775658190250397,-0.17050090432167053,-0.04266196861863136,0.17575721442699432,False
train,0.3569493591785431,0.0,0.00017828532145358622,0.055970195680856705,0.015783272683620453,-0.1795433759689331,-0.042450468987226486,0.1844935417175293,False
train,0.3573661148548126,0.0,0.00017940803081728518,0.055902134627103806,0.015789994969964027,-0.18891121447086334,-0.04222458228468895,0.19357262551784515,False
train,0.35778287053108215,0.004538539797067642,0.00018060478032566607,0.05583006888628006,0.015795845538377762,-0.19860327243804932,-0.04198318347334862,0.20299223065376282,False
test,0.3581996262073517,0.039081871509552,0.00018187990644946694,0.05575385317206383,0.01580081507563591,-0.2086162269115448,-0.04172511026263237,0.21274800598621368,False
train,0.3586163818836212,0.038745682686567307,0.00018324021948501468,0.0556735023856163,0.01580493524670601,-0.21894459426403046,-0.04144920036196709,0.22283349931240082,False
train,0.35903313755989075,0.03866163641214371,0.0001846915256464854,0.055588699877262115,0.015808194875717163,-0.22958031296730042,-0.0411539152264595,0.23323971033096313,False
train,0.3594498932361603,0.038913775235414505,0.00018624043150339276,0.05549945309758186,0.015810612589120865,-0.2405131608247757,-0.040837839245796204,0.2439555525779724,False
train,0.3598666191101074,0.038745682686567307,0.00018789476598612964,0.05540557950735092,0.015812205150723457,-0.2517286539077759,-0.0404992513358593,0.2549656927585602,False
test,0.36028337478637695,0.038745682686567307,0.00018966197967529297,0.05530697479844093,0.01581297442317009,-0.26321062445640564,-0.04013630002737045,0.26625317335128784,False
train,0.3607001304626465,0.038745682686567307,0.00019155244808644056,0.05520353838801384,0.015812937170267105,-0.2749377191066742,-0.039746932685375214,0.2777959108352661,False
train,0.361116886138916,0.038829728960990906,0.00019357468408998102,0.05509516969323158,0.015812108293175697,-0.2868838906288147,-0.039328932762145996,0.28956714272499084,False
train,0.36153367161750793,0.039081871509552,0.00019573993631638587,0.054981768131256104,0.015810498967766762,-0.29901933670043945,-0.03887975960969925,0.3015363812446594,False
train,0.3619503974914551,0.038745682686567307,0.00019805987540166825,0.054863229393959045,0.015808120369911194,-0.3113040626049042,-0.03839670866727829,0.3136630654335022,False
test,0.3623671531677246,0.026584075763821602,0.0002005474379984662,0.054739534854888916,0.015804994851350784,-0.3236982524394989,-0.0378766693174839,0.3259067237377167,False
train,0.36278390884399414,0.019372841343283653,0.00020321713236626238,0.054610732942819595,0.01580112986266613,-0.33615046739578247,-0.03731632977724075,0.3382153809070587,False
train,0.36320066452026367,0.019414864480495453,0.00020608521299436688,0.05447669327259064,0.015796547755599022,-0.3486029803752899,-0.03671177104115486,0.3505307137966156,False
train,0.3636174201965332,0.019372841343283653,0.00020916882203891873,0.054337453097105026,0.015791265293955803,-0.3609870672225952,-0.03605879470705986,0.3627835512161255,False
train,0.36403417587280273,0.019372841343283653,0.00021248591656330973,0.05419318377971649,0.015785282477736473,-0.3732272684574127,-0.03535280376672745,0.37489786744117737,False
test,0.3644509017467499,0.019540935754776,0.00021606049267575145,0.05404370278120041,0.015778644010424614,-0.38523241877555847,-0.03458821028470993,0.38678205013275146,False
train,0.3648676872253418,0.019372841343283653,0.00021991464018356055,0.053889330476522446,0.01577133871614933,-0.3969055116176605,-0.0337592288851738,0.39833864569664,False
train,0.36528444290161133,0.019414864480495453,0.00022407503274735063,0.05373021587729454,0.015763401985168457,-0.4081316590309143,-0.0328591987490654,0.40945228934288025,False
train,0.36570119857788086,0.019372841343283653,0.00022857268049847335,0.05356651544570923,0.01575484313070774,-0.41878414154052734,-0.031880419701337814,0.41999584436416626,False
train,0.366117924451828,0.013212193734943867,0.00023343799693975598,0.053398434072732925,0.01574569195508957,-0.42871901392936707,-0.0308145172894001,0.4298250079154968,False
test,0.36653468012809753,0.0,0.0002387101121712476,0.05322647467255592,0.015735959634184837,-0.4377792477607727,-0.029651794582605362,0.43878230452537537,False
train,0.36695143580436707,0.0,0.00024443084839731455,0.05305091291666031,0.01572565920650959,-0.445787250995636,-0.028381237760186195,0.44668978452682495,False
train,0.3673681914806366,0.0,0.00025064265355467796,0.05287224426865578,0.015714822337031364,-0.4525497257709503,-0.02699071168899536,0.4533539116382599,False
train,0.36778494715690613,0.0,0.0002574012614786625,0.05269106850028038,0.015703458338975906,-0.45785239338874817,-0.02546597830951214,0.4585600793361664,False
train,0.36820170283317566,0.0,0.000264762609731406,0.05250800773501396,0.015691589564085007,-0.46146342158317566,-0.023791158571839333,0.4620763063430786,False
test,0.3686184585094452,0.0,0.0002727929095271975,0.052323807030916214,0.015679234638810158,-0.4631292521953583,-0.021948007866740227,0.4636490046977997,False
train,0.3690352141857147,0.0,0.0002815670450218022,0.05213940516114235,0.015666414052248,-0.4625779986381531,-0.019915679469704628,0.46300652623176575,False
train,0.36945196986198425,0.0,0.00029116918449290097,0.05195559188723564,0.015653152018785477,-0.4595159888267517,-0.01767028123140335,0.4598556160926819,False
train,0.3698687255382538,0.0,0.0003016902192030102,0.05177384614944458,0.01563945598900318,-0.45363596081733704,-0.015185123309493065,0.45389002561569214,False
train,0.3702854812145233,0.0,0.0003132415295112878,0.05159502848982811,0.0156253669410944,-0.4446072578430176,-0.012428443878889084,0.44478094577789307,False
test,0.37070220708847046,0.0,0.000325941015034914,0.05142074078321457,0.015610883943736553,-0.432085245847702,-0.009365122765302658,0.43218672275543213,False
train,0.37111896276474,0.0,0.00033992918906733394,0.051252331584692,0.015596037730574608,-0.4157112240791321,-0.005953453481197357,0.4157538414001465,False
train,0.3715357184410095,0.0,0.00035536164068616927,0.051091764122247696,0.015580836683511734,-0.39511924982070923,-0.0021468885242938995,0.3951250910758972,False
train,0.37195250391960144,0.0,0.00037241869722492993,0.05094069615006447,0.015565318986773491,-0.3699309825897217,0.0021091848611831665,0.369937002658844,False
train,0.37236925959587097,0.0,0.0003912996035069227,0.05080108344554901,0.015549492090940475,-0.33976972103118896,0.0068761445581912994,0.33983927965164185,False
test,0.3727859854698181,0.0,0.0004122356476727873,0.05067509785294533,0.015533373691141605,-0.304264098405838,0.012225151062011719,0.30450958013534546,False
train,0.37320274114608765,0.0,0.00043549411930143833,0.05056513473391533,0.015516993589699268,-0.26303988695144653,0.018238745629787445,0.2636714577674866,False
train,0.3736194968223572,0.0,0.00046137510798871517,0.050473544746637344,0.015500357374548912,-0.21574795246124268,0.025010231882333755,0.21719275414943695,False
train,0.3740362524986267,0.0,0.0004902226501144469,0.050402965396642685,0.015483497641980648,-0.16205477714538574,0.03264722600579262,0.1653105914592743,False
train,0.37445300817489624,0.0,0.0005224281921982765,0.050356265157461166,0.015466421842575073,-0.10166005045175552,0.04127159342169762,0.10971832275390625,False
test,0.37486976385116577,0.0,0.0005584386526606977,0.050336092710494995,0.01544916070997715,-0.03430073708295822,0.0510227344930172,0.0614805668592453,False
train,0.3752865195274353,0.0,0.0005987675976939499,0.05034542456269264,0.0154317207634449,0.04023948311805725,0.062059663236141205,0.07396362721920013,False
train,0.37570327520370483,0.0,0.0006439950666390359,0.050387389957904816,0.015414126217365265,0.12212568521499634,0.07456089556217194,0.14308741688728333,False
train,0.37612003087997437,0.0,0.0006947833462618291,0.05046502500772476,0.01539639849215746,0.2114497721195221,0.08872769773006439,0.22931116819381714,False
train,0.3765367865562439,0.0,0.0007518858183175325,0.050581447780132294,0.01537854503840208,0.30823206901550293,0.1047855019569397,0.3255564570426941,False
test,0.37695351243019104,0.0,0.0008161450969055295,0.05073970928788185,0.01536058820784092,0.412392258644104,0.12298156321048737,0.4303392171859741,False
train,0.37737026810646057,0.0,0.0008885337156243622,0.05094289407134056,0.015342551283538342,0.5237869620323181,0.14359357953071594,0.5431131720542908,False
train,0.3777870237827301,0.0,0.0009701249073259532,0.05119398236274719,0.015324441716074944,0.6421301960945129,0.16691744327545166,0.6634701490402222,False
train,0.37820377945899963,0.0,0.001062143361195922,0.0514957569539547,0.01530628651380539,0.7670344710350037,0.19327688217163086,0.7910106778144836,False
train,0.37862056493759155,0.0,0.0011659295996651053,0.051850926131010056,0.015288088470697403,0.897978663444519,0.22300727665424347,0.9252555966377258,False
test,0.3790372908115387,0.0,0.0012829668121412396,0.05226171761751175,0.015269868075847626,1.034284234046936,0.25645485520362854,1.0656044483184814,False
train,0.3794540464878082,0.0,0.0014149174094200134,0.05273042991757393,0.015251648612320423,1.1751558780670166,0.29397502541542053,1.2113680839538574,False
train,0.37987080216407776,0.0,0.0015635443851351738,0.0532585047185421,0.015233434736728668,1.3196135759353638,0.3359012305736542,1.3616936206817627,False
train,0.3802875578403473,0.0,0.0017307730158790946,0.053847409784793854,0.015215244144201279,1.466525673866272,0.3825429677963257,1.5155978202819824,False
train,0.3807043135166168,0.0,0.0019186432473361492,0.05449783802032471,0.015197094529867172,1.6145708560943604,0.43415728211402893,1.6719244718551636,False
test,0.38112106919288635,0.0,0.0021292984019964933,0.05520988255739212,0.015178997069597244,1.7622829675674438,0.4909271001815796,1.8293853998184204,False
train,0.3815377950668335,0.0,0.002364890882745385,0.05598326027393341,0.015160956420004368,1.9079927206039429,0.5529084205627441,1.9864903688430786,False
train,0.381954550743103,0.0,0.002627609297633171,0.05681656301021576,0.015143000520765781,2.0498690605163574,0.6200196743011475,2.141585111618042,False
train,0.38237133622169495,0.0,0.0029196045361459255,0.05770794674754143,0.015125131234526634,2.185983180999756,0.6920028924942017,2.2929000854492188,False
train,0.3827880918979645,0.0,0.003242738312110305,0.058654434978961945,0.015107368119060993,2.3141422271728516,0.7683212757110596,2.438354253768921,False
test,0.383204847574234,0.0,0.0035987473092973232,0.059652380645275116,0.015089712105691433,2.432156801223755,0.8482081890106201,2.5758190155029297,False
train,0.38362157344818115,0.0,0.0039888229221105576,0.06069682538509369,0.015072183683514595,2.5376594066619873,0.9305285811424255,2.7028870582580566,False
train,0.3840383291244507,0.0,0.0044137826189398766,0.06178238242864609,0.015054788440465927,2.6283118724823,1.013843059539795,2.817073106765747,False
train,0.3844550848007202,0.0,0.004873667377978563,0.06290220469236374,0.0150375347584486,2.701724052429199,1.0963149070739746,2.9156851768493652,False
train,0.38487184047698975,0.0,0.005367635283619165,0.06404868513345718,0.015020442195236683,2.7555582523345947,1.175713300704956,2.9958977699279785,False
test,0.3852885961532593,0.0,0.005893920082598925,0.06521303206682205,0.015003504231572151,2.7875804901123047,1.2494717836380005,3.0547971725463867,False
train,0.3857053518295288,0.0,0.006449541542679071,0.06638596951961517,0.014986734837293625,2.7957451343536377,1.3146889209747314,3.089433193206787,False
train,0.38612210750579834,0.0,0.007030334323644638,0.06755691766738892,0.014970153570175171,2.7782177925109863,1.3682429790496826,3.0968666076660156,False
train,0.38653886318206787,0.0,0.007630750071257353,0.06871511787176132,0.01495376043021679,2.733485460281372,1.4068776369094849,3.0742881298065186,False
train,0.3869556188583374,0.0,0.008243856020271778,0.06984871625900269,0.014937554486095905,2.660377264022827,1.4273247718811035,3.019083261489868,False
test,0.38737237453460693,0.0,0.008861376903951168,0.07094570994377136,0.014921549707651138,2.5581612586975098,1.4264997243881226,2.9290084838867188,False
train,0.3877891004085541,0.0,0.009473883546888828,0.0719941183924675,0.014905759133398533,2.4266200065612793,1.401701807975769,2.80236554145813,False
train,0.3882058560848236,0.0,0.010070926509797573,0.07298168540000916,0.014890169724822044,2.2659926414489746,1.3507415056228638,2.6380343437194824,False
train,0.38862261176109314,0.0,0.010641182772815228,0.07389623671770096,0.014874806627631187,2.077101945877075,1.272180199623108,2.435732841491699,False
train,0.38903939723968506,0.0,0.011173156090080738,0.07472669333219528,0.014859655871987343,1.8613660335540771,1.1654999256134033,2.1961495876312256,False
test,0.3894561529159546,0.0,0.011654920876026154,0.07546167820692062,0.014844738878309727,1.6207668781280518,1.031194806098938,1.9210017919540405,False
train,0.38987287878990173,0.0,0.01207543071359396,0.07609181851148605,0.014830054715275764,1.3578674793243408,0.8709072470664978,1.613159418106079,False
train,0.39028963446617126,0.0,0.012424308806657791,0.07660824060440063,0.014815595000982285,1.0756502151489258,0.6873248815536499,1.2764947414398193,False
train,0.3907063901424408,0.37264353036880493,0.012692528776824474,0.07700365036725998,0.014801372773945332,0.7776617407798767,0.4842628240585327,0.9161158800125122,False
train,0.3911231458187103,0.4667467772960663,0.012872937135398388,0.07727218419313431,0.014787388034164906,0.4678334593772888,0.26647093892097473,0.5384003520011902,False
test,0.39153990149497986,0.466687947511673,0.012960569001734257,0.07740999013185501,0.014773648232221603,0.15038856863975525,0.03942573070526123,0.155470609664917,False
train,0.3919566571712494,0.2673746347427368,0.012952625751495361,0.07741457223892212,0.014760144986212254,-0.1702176332473755,-0.1908935308456421,0.25576236844062805,False
train,0.39237338304519653,0.23371799290180206,0.012849141843616962,0.07728580385446548,0.014746882021427155,-0.48939329385757446,-0.41829371452331543,0.6437976956367493,False
train,0.39279016852378845,0.2354535609483719,0.012652340345084667,0.07702479511499405,0.014733863063156605,-0.8026403784751892,-0.6367477774620056,1.024538516998291,False
train,0.3932068943977356,0.2330792248249054,0.012367515824735165,0.07663555443286896,0.014721091836690903,-1.1054134368896484,-0.8405263423919678,1.3886768817901611,False
test,0.3936236798763275,0.22826333343982697,0.012001458555459976,0.07612285017967224,0.014708555303514004,-1.393572449684143,-1.0247114896774292,1.729762315750122,False
train,0.39404040575027466,0.2117985188961029,0.011563461273908615,0.07549400627613068,0.014696264639496803,-1.6631070375442505,-1.1851716041564941,2.042194128036499,False
train,0.3944571614265442,0.16709810495376587,0.01106383465230465,0.07475703209638596,0.014684206806123257,-1.9105902910232544,-1.3189505338668823,2.321634292602539,False
train,0.3948739469051361,0.0,0.010514143854379654,0.07392210513353348,0.014672388322651386,-2.133030652999878,-1.4241969585418701,2.564791679382324,False
train,0.39529067277908325,0.0,0.009926633909344673,0.0730002298951149,0.01466081477701664,-2.327977180480957,-1.5002588033676147,2.7695224285125732,False
test,0.39570745825767517,0.0,0.0093130674213171,0.0720028430223465,0.014649465680122375,-2.493614673614502,-1.5475765466690063,2.934809684753418,False
train,0.3961241841316223,0.0,0.008685399778187275,0.07094302028417587,0.014638346619904041,-2.6287355422973633,-1.567611813545227,3.0606629848480225,False
train,0.39654093980789185,0.0,0.008054457604885101,0.0698334202170372,0.014627458527684212,-2.7328178882598877,-1.562659502029419,3.1480467319488525,False
train,0.396957665681839,0.0,0.007429987657815218,0.06868669390678406,0.01461679209023714,-2.8058345317840576,-1.5355889797210693,3.1985528469085693,False
train,0.3973744511604309,0.0,0.006820548791438341,0.06751585006713867,0.014606347307562828,-2.848452568054199,-1.4897258281707764,3.2144930362701416,False
test,0.3977912366390228,0.0,0.0062331948429346085,0.06633327156305313,0.01459611114114523,-2.861778736114502,-1.4285749197006226,3.1985316276550293,False
train,0.39820796251296997,0.0,0.005673738196492195,0.06515125930309296,0.014586096629500389,-2.84745192527771,-1.3557074069976807,3.1537160873413086,False
train,0.3986247181892395,0.0,0.005146114621311426,0.06398037075996399,0.014576281420886517,-2.80739164352417,-1.2744553089141846,3.0831289291381836,False
train,0.39904144406318665,0.0,0.004653290379792452,0.06283125281333923,0.014566664583981037,-2.743901252746582,-1.1879621744155884,2.9900248050689697,False
train,0.39945822954177856,0.0,0.004196805413812399,0.061712924391031265,0.014557242393493652,-2.6594974994659424,-1.098981499671936,2.8776183128356934,False
test,0.3998749554157257,0.0,0.0037772315554320812,0.06063366308808327,0.014548011124134064,-2.5567970275878906,-1.0098557472229004,2.7490034103393555,False
train,0.4002917408943176,0.0,0.003394198836758733,0.059600599110126495,0.014538957737386227,-2.4385292530059814,-0.9225028157234192,2.607189416885376,False
train,0.40070846676826477,0.0,0.0030466653406620026,0.05861945450305939,0.014530082233250141,-2.307396650314331,-0.8384202718734741,2.455000638961792,False
train,0.4011252224445343,0.0,0.0027330443263053894,0.05769519507884979,0.014521376229822636,-2.1660819053649902,-0.7587133646011353,2.2951159477233887,False
train,0.4015420079231262,0.0,0.002451328793540597,0.056831423193216324,0.01451282761991024,-2.0171165466308594,-0.6841258406639099,2.1299734115600586,False
test,0.40195873379707336,0.0,0.002199339447543025,0.056030988693237305,0.014504434540867805,-1.8629299402236938,-0.6151120066642761,1.9618538618087769,False
train,0.4023755192756653,0.0,0.0019746925681829453,0.05529537796974182,0.014496196992695332,-1.7057563066482544,-0.5518689751625061,1.792809009552002,False
train,0.4027922451496124,0.0,0.0017749996623024344,0.05462567135691643,0.014488087967038155,-1.5476361513137817,-0.49439024925231934,1.6246843338012695,False
train,0.40320900082588196,0.0,0.001597898779436946,0.05402149260044098,0.014480113051831722,-1.3903952836990356,-0.4425259828567505,1.4591190814971924,False
train,0.4036257266998291,0.0,0.0014411488082259893,0.05348260700702667,0.014472266659140587,-1.2356938123703003,-0.39602258801460266,1.2976027727127075,False
test,0.404042512178421,0.0,0.0013025490334257483,0.05300718918442726,0.014464526437222958,-1.084881067276001,-0.3545289933681488,1.1413403749465942,False
train,0.40445923805236816,0.0,0.0011801538057625294,0.05259373039007187,0.014456899836659431,-0.9392125606536865,-0.3176826536655426,0.9914849996566772,False
train,0.4048760235309601,0.0,0.0010720930295065045,0.052239615470170975,0.014449373818933964,-0.799628496170044,-0.2850739061832428,0.8489245176315308,False
train,0.4052927792072296,0.0,0.0009767221054062247,0.051942240446805954,0.014441926032304764,-0.666975736618042,-0.2563101649284363,0.7145289182662964,False
train,0.40570950508117676,0.0,0.0008925452711991966,0.051698680967092514,0.014434571377933025,-0.5418682098388672,-0.23100203275680542,0.589052677154541,False
test,0.4061262905597687,0.0,0.0008181832963600755,0.05150551721453667,0.014427282847464085,-0.4247273802757263,-0.2087690532207489,0.4732629954814911,False
train,0.4065430164337158,0.0,0.0007524755783379078,0.05135954171419144,0.014420051127672195,-0.31589874625205994,-0.1892753690481186,0.368262380361557,False
train,0.40695977210998535,0.0,0.0006943420739844441,0.05125705525279045,0.014412878081202507,-0.21551312506198883,-0.17219646275043488,0.2758578062057495,False
train,0.4073764979839325,0.0,0.0006428605411201715,0.051194675266742706,0.0144057497382164,-0.1236233115196228,-0.1572461724281311,0.20002269744873047,False
train,0.4077932834625244,0.0,0.0005971980863250792,0.05116884782910347,0.014398651197552681,-0.04014613479375839,-0.1441608965396881,0.14964650571346283,False
test,0.40821006894111633,0.0,0.0005566462059505284,0.05117605999112129,0.014391577802598476,0.03507430478930473,-0.13271132111549377,0.13726799190044403,False
train,0.4086267948150635,0.0,0.0005205810884945095,0.05121290683746338,0.014384521171450615,0.10226932168006897,-0.12269265949726105,0.1597263365983963,False
train,0.409043550491333,0.0,0.0004884478985331953,0.051276177167892456,0.014377474784851074,0.1617603898048401,-0.11392148584127426,0.19784976541996002,False
train,0.40946027636528015,0.0,0.000459769886219874,0.05136264115571976,0.01437042374163866,0.21390512585639954,-0.10623882710933685,0.23883485794067383,False
train,0.40987706184387207,0.0,0.000434123765444383,0.05146944522857666,0.014363364316523075,0.25911715626716614,-0.09950365126132965,0.2775656282901764,False
test,0.4102937877178192,0.0,0.00041115772910416126,0.05159364268183708,0.014356279745697975,0.29780855774879456,-0.09359653294086456,0.31217023730278015,False
train,0.41071057319641113,0.0,0.0003905423800460994,0.05173281207680702,0.014349165372550488,0.33045005798339844,-0.08840863406658173,0.34207209944725037,False
train,0.4111272990703583,0.0,0.0003720121458172798,0.0518842488527298,0.014342020265758038,0.3574860394001007,-0.0838497132062912,0.3671880066394806,False
train,0.4115440547466278,0.0,0.0003553193237166852,0.052045948803424835,0.014334818348288536,0.3793868124485016,-0.07983812689781189,0.38769635558128357,False
train,0.4119608402252197,0.0,0.00034025509376078844,0.0522158220410347,0.01432756520807743,0.39660996198654175,-0.07630415260791779,0.4038833975791931,False
test,0.41237756609916687,0.0,0.00032663761521689594,0.0523919016122818,0.014320241287350655,0.4095953106880188,-0.07318800687789917,0.4160826802253723,False
train,0.4127943515777588,0.0,0.00031430035596713424,0.052572645246982574,0.01431283913552761,0.4187789261341095,-0.07043585926294327,0.4246610403060913,False
train,0.41321107745170593,0.0,0.0003031085943803191,0.05275652930140495,0.014305360615253448,0.42456766963005066,-0.06800330430269241,0.42997926473617554,False
train,0.41362783312797546,0.0,0.00029293366242200136,0.05294210463762283,0.014297790825366974,0.4273514747619629,-0.06584957242012024,0.43239501118659973,False
train,0.4140445590019226,0.0,0.00028366982587613165,0.05312826484441757,0.014290116727352142,0.4274907112121582,-0.06394077092409134,0.4322461187839508,False
test,0.4144613444805145,0.0,0.0002752180735114962,0.05331407114863396,0.014282331801950932,0.42532649636268616,-0.06224653869867325,0.4298572540283203,False
train,0.41487807035446167,0.0,0.0002674971765372902,0.05349850282073021,0.014274436049163342,0.42116764187812805,-0.06074105203151703,0.42552515864372253,False
train,0.4152948558330536,0.0,0.00026043079560622573,0.05368085205554962,0.01426642294973135,0.41530120372772217,-0.05940129607915878,0.4195278286933899,False
train,0.4157116115093231,0.0,0.00025395394186489284,0.05386043339967728,0.014258266426622868,0.40798547863960266,-0.05820758640766144,0.4121168255805969,False
train,0.41612833738327026,0.0,0.00024800797109492123,0.054036740213632584,0.01424997765570879,0.399456262588501,-0.057142578065395355,0.40352270007133484,False
test,0.4165451228618622,0.0,0.00024254234449472278,0.05420926585793495,0.014241540804505348,0.3899220824241638,-0.0561910942196846,0.39395007491111755,False
train,0.4169618487358093,0.0,0.00023750947730150074,0.054377589374780655,0.014232953079044819,0.37957215309143066,-0.05533983185887337,0.3835850954055786,False
train,0.41737863421440125,0.0,0.00023286929354071617,0.05454157665371895,0.014224208891391754,0.3685738146305084,-0.05457727238535881,0.3725927174091339,False
train,0.4177953600883484,0.0,0.00022858510783407837,0.0547008216381073,0.014215294271707535,0.3570723235607147,-0.05389316380023956,0.3611164689064026,False
train,0.4182121157646179,0.0,0.0002246252552140504,0.0548550970852375,0.014206218533217907,0.345196396112442,-0.05327850580215454,0.34928378462791443,False
test,0.41862890124320984,0.0,0.00022095975873526186,0.055004484951496124,0.01419695932418108,0.3330591917037964,-0.05272553488612175,0.33720678091049194,False
train,0.419045627117157,0.0,0.00021756309433840215,0.05514867603778839,0.014187518507242203,0.32075804471969604,-0.052227262407541275,0.3249821662902832,False
train,0.4194624125957489,0.0,0.0002144117752322927,0.05528779700398445,0.014177888631820679,0.3083745837211609,-0.051777634769678116,0.31269121170043945,False
train,0.41987913846969604,0.0,0.00021148630185052752,0.05542176961898804,0.014168071560561657,0.29598268866539,-0.051371317356824875,0.30040764808654785,False
train,0.4202958941459656,0.0,0.00020876609778497368,0.055550526827573776,0.014158052392303944,0.2836403548717499,-0.051003407686948776,0.28818953037261963,False
test,0.4207126200199127,0.0,0.00020623422460630536,0.055674128234386444,0.014147840440273285,0.2713993489742279,-0.05066974461078644,0.27608880400657654,False
train,0.42112940549850464,0.0,0.000203877265448682,0.05579276382923126,0.014137414284050465,0.2592999339103699,-0.05036669224500656,0.26414626836776733,False
train,0.4215461313724518,0.0,0.00020167948969174176,0.05590628832578659,0.014126787893474102,0.24737922847270966,-0.05009081959724426,0.25239962339401245,False
train,0.4219629168510437,0.0,0.0001996281644096598,0.05601493641734123,0.01411594357341528,0.23566196858882904,-0.04983922466635704,0.24087446928024292,False
train,0.42237967252731323,0.0,0.00019771493680309504,0.056118741631507874,0.014104899950325489,0.224172905087471,-0.04960940033197403,0.2295965701341629,False
test,0.4227963984012604,0.0,0.0001959272485692054,0.05621783807873726,0.014093623496592045,0.21292974054813385,-0.049399007111787796,0.2185848504304886,False
train,0.4232131838798523,0.0,0.00019425534992478788,0.056312236934900284,0.014082136563956738,0.20194216072559357,-0.04920583963394165,0.20785056054592133,False
train,0.42362990975379944,0.0,0.0001926938130054623,0.05640212818980217,0.01407043356448412,0.19122332334518433,-0.04902825504541397,0.197408527135849,False
train,0.42404666543006897,0.0,0.0001912315929075703,0.05648765712976456,0.014058506116271019,0.18077681958675385,-0.04886453226208687,0.18726451694965363,False
train,0.4244634211063385,0.0,0.0001898631890071556,0.05656881257891655,0.014046356081962585,0.1706068068742752,-0.048713166266679764,0.1774250715970993,False
test,0.42488017678260803,0.0,0.0001885833335109055,0.05664575845003128,0.014033989980816841,0.16071468591690063,-0.04857290908694267,0.1678944230079651,False
train,0.4252969026565552,0.0,0.00018738499784376472,0.05671878159046173,0.014021390117704868,0.1511009931564331,-0.04844273254275322,0.15867643058300018,False
train,0.4257136881351471,0.0,0.0001862628269009292,0.05678779259324074,0.014008576050400734,0.1417609304189682,-0.04832140728831291,0.14977021515369415,False
train,0.4261304438114166,0.0,0.00018521233869250864,0.05685284361243248,0.013995541259646416,0.1326928436756134,-0.04820798337459564,0.14117860794067383,False
train,0.42654716968536377,0.0,0.00018422857101541013,0.056914325803518295,0.013982292264699936,0.1238933876156807,-0.048101868480443954,0.1329035758972168,False
test,0.4269639551639557,0.0,0.00018330925377085805,0.05697214603424072,0.01396880578249693,0.11535435914993286,-0.04800214245915413,0.1249433234333992,False
train,0.42738068103790283,0.0,0.00018244828970637172,0.05702633038163185,0.013955127447843552,0.10707229375839233,-0.04790808632969856,0.1173015758395195,False
train,0.42779746651649475,0.0,0.00018164263747166842,0.05707725137472153,0.013941217213869095,0.09903881698846817,-0.04781930521130562,0.10997896641492844,False
train,0.4282141923904419,0.0,0.000180890376213938,0.05712485685944557,0.013927096500992775,0.0912490040063858,-0.04773518815636635,0.10298071801662445,False
train,0.4286309480667114,0.0,0.00018018779519479722,0.05716918781399727,0.013912767171859741,0.08369390666484833,-0.04765520244836807,0.09631036967039108,False
test,0.42904773354530334,0.0,0.00017953260976355523,0.057210467755794525,0.013898233883082867,0.07636591792106628,-0.04757900536060333,0.08997508138418198,False
train,0.4294644594192505,0.0,0.0001789216184988618,0.057248763740062714,0.01388350035995245,0.0692598968744278,-0.047506239265203476,0.08398675918579102,False
train,0.4298812448978424,0.0,0.00017835231847129762,0.05728418380022049,0.013868564739823341,0.06236525624990463,-0.04743654653429985,0.07835592329502106,False
train,0.43029797077178955,0.0,0.00017782417125999928,0.05731663107872009,0.013853435404598713,0.05567699298262596,-0.047369517385959625,0.07310128957033157,False
train,0.4307147264480591,0.0,0.00017733342247083783,0.05734634026885033,0.013838125392794609,0.04918644204735756,-0.047304991632699966,0.06824271380901337,False
test,0.4311314523220062,0.0,0.00017687845684122294,0.057373493909835815,0.01382262259721756,0.042886797338724136,-0.047242820262908936,0.06380565464496613,False
train,0.43154823780059814,0.0,0.0001764577900758013,0.057397957891225815,0.013806947506964207,0.03676996007561684,-0.047182608395814896,0.059818293899297714,False
train,0.4319649636745453,0.0,0.00017606969049666077,0.05741994082927704,0.013791094534099102,0.030830353498458862,-0.04712430387735367,0.05631350353360176,False
train,0.4323817491531372,0.0,0.00017571258649695665,0.05743944272398949,0.01377507671713829,0.025060448795557022,-0.04706767201423645,0.05332346260547638,False
train,0.43279850482940674,0.0,0.00017538548854645342,0.057456646114587784,0.013758894987404346,0.01945442333817482,-0.047012679278850555,0.05087893828749657,False
test,0.4332152307033539,0.0,0.00017508554446976632,0.05747144669294357,0.013742568902671337,0.014006473124027252,-0.04695906490087509,0.049003418534994125,False
train,0.4336320161819458,0.0,0.00017481260874774307,0.057484131306409836,0.01372609380632639,0.008710073307156563,-0.046906884759664536,0.04770871251821518,False
train,0.43404874205589294,0.0,0.00017456540081184357,0.05749449506402016,0.013709476217627525,0.0035611800849437714,-0.0468558594584465,0.04699099436402321,False
train,0.43446552753448486,0.0,0.0001743423199513927,0.05750273913145065,0.013692735694348812,-0.0014463234692811966,-0.046806007623672485,0.04682834446430206,False
train,0.434882253408432,0.0,0.00017414208559785038,0.05750901252031326,0.013675865717232227,-0.006315587088465691,-0.046757351607084274,0.047181952744722366,False
test,0.43529900908470154,0.0,0.0001739638246363029,0.05751324072480202,0.013658887706696987,-0.011051713488996029,-0.046709731221199036,0.047999367117881775,False
train,0.4357157349586487,0.0,0.00017380647477693856,0.0575154684484005,0.013641794212162495,-0.015657002106308937,-0.046663105487823486,0.04921978339552879,False
train,0.4361325204372406,0.0,0.00017366847896482795,0.05751586705446243,0.01362460758537054,-0.020136147737503052,-0.046617522835731506,0.050780490040779114,False
train,0.4365493059158325,0.0,0.00017354960436932743,0.05751442164182663,0.013607331551611423,-0.024490443989634514,-0.04657291620969772,0.052619561553001404,False
train,0.43696603178977966,0.0,0.00017344784282613546,0.05751117691397667,0.013589974492788315,-0.028721626847982407,-0.04652927443385124,0.054680027067661285,False
test,0.4373827874660492,0.0,0.00017336252494715154,0.05750603228807449,0.013572555966675282,-0.03283172473311424,-0.04648645967245102,0.05691144987940788,False
train,0.43779951333999634,0.0,0.00017329360707663,0.05749937519431114,0.013555075973272324,-0.03682158514857292,-0.04644473269581795,0.05927008017897606,False
train,0.43821629881858826,0.0,0.0001732390810502693,0.05749096721410751,0.013537534512579441,-0.04069232940673828,-0.04640386998653412,0.061718594282865524,False
train,0.4386330246925354,0.0,0.0001731977827148512,0.057481057941913605,0.013519959524273872,-0.044442567974328995,-0.046364035457372665,0.06422434002161026,False
train,0.4390498101711273,0.0,0.00017316955199930817,0.05746946856379509,0.013502354733645916,-0.04807327687740326,-0.046325039118528366,0.06676113605499268,False
test,0.43946656584739685,0.0,0.000173153865034692,0.057456523180007935,0.013484734110534191,-0.05158233270049095,-0.04628712683916092,0.06930537521839142,False
train,0.439883291721344,0.0,0.00017314840806648135,0.057442113757133484,0.013467092998325825,-0.05496868118643761,-0.04625016450881958,0.07183755189180374,False
train,0.4403000771999359,0.0,0.00017315369041170925,0.05742623656988144,0.013449461199343204,-0.05823109671473503,-0.04621410742402077,0.07434113323688507,False
train,0.44071680307388306,0.0,0.0001731675729388371,0.05740911513566971,0.013431839644908905,-0.061366669833660126,-0.04617909714579582,0.0768008902668953,False
train,0.441133588552475,0.0,0.000173190186615102,0.05739058926701546,0.013414241373538971,-0.0643736869096756,-0.04614497348666191,0.07920435816049576,False
test,0.4415503144264221,0.0,0.00017322007624898106,0.057370875030756,0.013396678492426872,-0.06724873185157776,-0.04611184448003769,0.08153952658176422,False
train,0.44196707010269165,0.0,0.0001732577511575073,0.05735001713037491,0.013379157520830631,-0.06998975574970245,-0.04607969895005226,0.08379680663347244,False
train,0.4423837959766388,0.0,0.00017330021364614367,0.0573279932141304,0.01336169708520174,-0.07259319722652435,-0.04604846611618996,0.08596646785736084,False
train,0.4428005814552307,0.0,0.00017334846779704094,0.05730489641427994,0.013344290666282177,-0.07505683600902557,-0.04601813852787018,0.08804088830947876,False
train,0.44321733713150024,0.0,0.00017340155318379402,0.05728089436888695,0.0133269764482975,-0.07737722247838974,-0.0459887869656086,0.09001223742961884,False
test,0.4436340928077698,0.0,0.0001734577672323212,0.057255856692790985,0.013309747911989689,-0.07955163717269897,-0.045960232615470886,0.09187385439872742,False
train,0.4440508484840393,0.0,0.00017351699352730066,0.057229891419410706,0.013292617164552212,-0.08157740533351898,-0.04593247175216675,0.09361978620290756,False
train,0.44446757435798645,0.0,0.00017357972683385015,0.057203259319067,0.013275601901113987,-0.0834522619843483,-0.04590562731027603,0.09524498134851456,False
train,0.44488435983657837,0.0,0.00017364379891660064,0.057175736874341965,0.013258709572255611,-0.08517412841320038,-0.04587942361831665,0.09674478322267532,False
train,0.4453010857105255,0.0,0.0001737095444696024,0.057147614657878876,0.013241956941783428,-0.08674126863479614,-0.04585399106144905,0.09811542183160782,False
test,0.44571784138679504,0.0,0.00017377563926856965,0.05711880698800087,0.013225332833826542,-0.08815257251262665,-0.0458291657269001,0.0993538573384285,False
train,0.4461345970630646,0.0,0.00017384244711138308,0.057089488953351974,0.01320887915790081,-0.0894073098897934,-0.04580497741699219,0.10045776516199112,False
train,0.4465513527393341,0.0,0.000173909094883129,0.05705956742167473,0.013192594982683659,-0.09050486981868744,-0.04578125849366188,0.10142511874437332,False
train,0.446968138217926,0.0,0.00017397577175870538,0.05702926591038704,0.013176482170820236,-0.09144609421491623,-0.045758072286844254,0.10225550830364227,False
train,0.44738486409187317,0.0,0.00017404148820787668,0.05699866637587547,0.01316056214272976,-0.09223134070634842,-0.04573538526892662,0.10294826328754425,False
test,0.4478016197681427,0.0,0.0001741058804327622,0.05696766451001167,0.013144842348992825,-0.0928623229265213,-0.04571301490068436,0.10350406169891357,False
train,0.44821834564208984,0.0,0.0001741701562423259,0.05693642795085907,0.01312934048473835,-0.0933409184217453,-0.04569099098443985,0.1039239838719368,False
train,0.44863513112068176,0.0,0.00017423261306248605,0.0569051168859005,0.013114049099385738,-0.09367005527019501,-0.04566935449838638,0.10421021282672882,False
train,0.4490518569946289,0.0,0.00017429243598598987,0.056873619556427,0.0130990045145154,-0.09385243058204651,-0.04564791917800903,0.1043647974729538,False
train,0.4494686424732208,0.0,0.00017435161862522364,0.056842051446437836,0.013084188103675842,-0.09389182925224304,-0.0456266924738884,0.104390949010849,False
test,0.44988539814949036,0.0,0.0001744084875099361,0.05681055411696434,0.013069641776382923,-0.09379230439662933,-0.045605722814798355,0.10429227352142334,False
train,0.4503021240234375,0.0,0.00017446387209929526,0.05677904561161995,0.013055347837507725,-0.09355812519788742,-0.04558486118912697,0.10407258570194244,False
train,0.4507189095020294,0.0,0.00017451695748604834,0.05674775689840317,0.013041327707469463,-0.0931951031088829,-0.04556422308087349,0.10373729467391968,False
train,0.45113563537597656,0.0,0.00017456788918934762,0.05671646073460579,0.013027600944042206,-0.09270760416984558,-0.04554356634616852,0.10329044610261917,False
train,0.4515524208545685,0.0,0.00017461767129134387,0.05668555200099945,0.01301415916532278,-0.09210170805454254,-0.04552316665649414,0.10273793339729309,False
test,0.4519691467285156,0.0,0.00017466496501583606,0.056654900312423706,0.01300102099776268,-0.09138325601816177,-0.045502856373786926,0.10208530724048615,False
train,0.45238590240478516,0.0,0.00017471093451604247,0.05662448704242706,0.012988198548555374,-0.0905579924583435,-0.04548259079456329,0.10133812576532364,False
train,0.4528026282787323,0.0,0.0001747546048136428,0.056594476103782654,0.012975694611668587,-0.08963277190923691,-0.045462459325790405,0.10050307959318161,False
train,0.4532194137573242,0.0,0.00017479725647717714,0.056564826518297195,0.012963516637682915,-0.08861349523067474,-0.045442383736371994,0.09958595037460327,False
train,0.45363619923591614,0.0,0.00017483778356108814,0.056535735726356506,0.012951680459082127,-0.08750700950622559,-0.0454225167632103,0.09859351813793182,False
test,0.4540529251098633,0.0,0.00017487729201093316,0.056506987661123276,0.012940199114382267,-0.08631908893585205,-0.045402657240629196,0.09753146022558212,False
train,0.4544696807861328,0.0,0.00017491499602328986,0.056478798389434814,0.012929064221680164,-0.0850570797920227,-0.04538295045495033,0.09640704840421677,False
train,0.45488640666007996,0.0,0.00017495217616669834,0.05645112320780754,0.012918294407427311,-0.08372685313224792,-0.04536335915327072,0.09522615373134613,False
train,0.4553031921386719,0.0,0.00017498772649560124,0.05642400309443474,0.01290789432823658,-0.08233456313610077,-0.04534389078617096,0.09399493783712387,False
train,0.455719918012619,0.0,0.0001750219234963879,0.05639747902750969,0.012897875159978867,-0.08088695257902145,-0.04532458260655403,0.09272009879350662,False
test,0.45613670349121094,0.0,0.00017505614960100502,0.05637156218290329,0.012888235971331596,-0.07938973605632782,-0.04530541971325874,0.09140738844871521,False
train,0.4565534293651581,0.0,0.00017508921155240387,0.05634629353880882,0.012878994457423687,-0.077849380671978,-0.04528644308447838,0.09006324410438538,False
train,0.4569701850414276,0.0,0.00017512209888081998,0.05632166936993599,0.012870149686932564,-0.07627076655626297,-0.04526764154434204,0.08869266510009766,False
train,0.45738697052001953,0.0,0.0001751543313730508,0.05629769712686539,0.012861707247793674,-0.07465985417366028,-0.04524901881814003,0.0873015895485878,False
train,0.4578036963939667,0.0,0.00017518707318231463,0.05627435818314552,0.012853683903813362,-0.07302211225032806,-0.04523056373000145,0.08589547127485275,False
test,0.4582204818725586,0.0,0.00017521849076729268,0.056251827627420425,0.012846074067056179,-0.07136194407939911,-0.04521241784095764,0.08447892963886261,False
train,0.45863720774650574,0.0,0.00017525091243442148,0.0562298521399498,0.01283888891339302,-0.06968482583761215,-0.045194368809461594,0.08305724710226059,False
train,0.45905396342277527,0.0,0.0001752834941726178,0.056208591908216476,0.012832125648856163,-0.06799502670764923,-0.045176561921834946,0.08163482695817947,False
train,0.4594706892967224,0.0,0.00017531593039166182,0.056188128888607025,0.012825798243284225,-0.06629713624715805,-0.045159053057432175,0.08021627366542816,False
train,0.45988747477531433,0.0,0.0001753488468239084,0.056168295443058014,0.012819905765354633,-0.06459442526102066,-0.04514172673225403,0.07880491763353348,False
test,0.46030426025390625,0.0,0.00017538247630000114,0.056149158626794815,0.012814457528293133,-0.06289032101631165,-0.045124635100364685,0.07740429788827896,False
train,0.4607209861278534,0.0,0.00017541709530632943,0.0561307929456234,0.012809449806809425,-0.06118999794125557,-0.04510783776640892,0.0760192945599556,False
train,0.4611377418041229,0.0,0.00017545255832374096,0.056113023310899734,0.012804892845451832,-0.05949467420578003,-0.04509120434522629,0.07465141266584396,False
train,0.46155446767807007,0.0,0.00017548887990415096,0.05609608069062233,0.012800786644220352,-0.05780816823244095,-0.0450749397277832,0.07330439984798431,False
train,0.461971253156662,0.0,0.0001755261910147965,0.05607977136969566,0.01279713585972786,-0.056132931262254715,-0.04505888372659683,0.07198061794042587,False
test,0.46238797903060913,0.0,0.000175565030076541,0.056064173579216,0.012793947011232376,-0.05447164922952652,-0.045043107122182846,0.07068268954753876,False
train,0.46280476450920105,0.0,0.00017560504784341902,0.056049250066280365,0.01279121357947588,-0.05282572656869888,-0.04502759873867035,0.06941211223602295,False
train,0.4632214903831482,0.0,0.00017564775771461427,0.05603504925966263,0.012788934633135796,-0.051197659224271774,-0.04501240700483322,0.06817123293876648,False
train,0.4636382460594177,0.0,0.00017569062765687704,0.05602142587304115,0.01278712972998619,-0.04958897456526756,-0.04499742016196251,0.06696143746376038,False
train,0.46405503153800964,0.0,0.00017573570949025452,0.05600856989622116,0.012785783968865871,-0.04800153523683548,-0.04498280584812164,0.0657844990491867,False
test,0.4644717574119568,0.0,0.00017578246479388326,0.055996380746364594,0.012784905731678009,-0.046436626464128494,-0.044968489557504654,0.06464151293039322,False
train,0.4648885130882263,0.0,0.00017583076260052621,0.05598467215895653,0.012784487567842007,-0.04489588737487793,-0.0449543334543705,0.063533715903759,False
train,0.46530526876449585,0.0,0.00017588207265362144,0.05597378686070442,0.012784535996615887,-0.04337984323501587,-0.044940635561943054,0.06246175989508629,False
train,0.4657220244407654,0.0,0.00017593440134078264,0.0559634231030941,0.012785057537257671,-0.0418899841606617,-0.04492715373635292,0.06142653897404671,False
train,0.4661387503147125,0.0,0.0001759897859301418,0.055953700095415115,0.012786039151251316,-0.04042784124612808,-0.04491399601101875,0.06042911112308502,False
test,0.46655553579330444,0.0,0.00017604701861273497,0.055944617837667465,0.01278748083859682,-0.03899376839399338,-0.044901177287101746,0.059469569474458694,False
train,0.4669722616672516,0.0,0.00017610644863452762,0.055936116725206375,0.012789389118552208,-0.037589624524116516,-0.04488864913582802,0.05854887515306473,False
train,0.4673890173435211,0.0,0.00017616759578231722,0.055928174406290054,0.012791759334504604,-0.03621586039662361,-0.04487641528248787,0.05766698718070984,False
train,0.46780580282211304,0.0,0.00017623312305659056,0.0559207983314991,0.012794583104550838,-0.03487364947795868,-0.044864483177661896,0.056824229657649994,False
train,0.4682225286960602,0.0,0.00017629985813982785,0.05591392517089844,0.012797869741916656,-0.03356480598449707,-0.04485280439257622,0.05602116137742996,False
test,0.4686393141746521,0.0,0.00017636879056226462,0.05590764805674553,0.012801604345440865,-0.03228983283042908,-0.0448414646089077,0.055257488042116165,False
train,0.46905604004859924,0.0,0.0001764409535098821,0.05590192973613739,0.012805797159671783,-0.03105095773935318,-0.04483044147491455,0.05453375354409218,False
train,0.4694727957248688,0.0,0.00017651601228863,0.055896662175655365,0.01281043328344822,-0.029848679900169373,-0.04481964930891991,0.05384927615523338,False
train,0.4698895215988159,0.0,0.00017659294826444238,0.05589191988110542,0.012815508991479874,-0.028685087338089943,-0.044809143990278244,0.053204260766506195,False
train,0.47030630707740784,0.0,0.00017667397332843393,0.05588768795132637,0.01282102894037962,-0.02756165713071823,-0.044798918068408966,0.052598364651203156,False
test,0.47072309255599976,0.0,0.0001767567009665072,0.055883828550577164,0.012826983816921711,-0.0264798142015934,-0.04478886350989342,0.052030980587005615,False
train,0.4711398184299469,0.0,0.00017684268823359162,0.05588051304221153,0.01283336617052555,-0.025442052632570267,-0.04477911442518234,0.051502108573913574,False
train,0.47155657410621643,0.0,0.00017693225527182221,0.055877503007650375,0.012840177863836288,-0.024449540302157402,-0.04476946219801903,0.05101063475012779,False
train,0.4719732999801636,0.0,0.00017702356853988022,0.055875014513731,0.012847407720983028,-0.023504331707954407,-0.04476010054349899,0.050556108355522156,False
train,0.4723900854587555,0.0,0.00017711930559016764,0.0558728463947773,0.012855053879320621,-0.02260870859026909,-0.044750843197107315,0.050137728452682495,False
test,0.47280681133270264,0.0,0.00017721729818731546,0.05587109178304672,0.012863103300333023,-0.021764378994703293,-0.044741760939359665,0.04975453019142151,False
train,0.47322359681129456,0.0,0.00017731889965943992,0.05586966872215271,0.012871552258729935,-0.02097325772047043,-0.04473279044032097,0.04940546676516533,False
train,0.4736403226852417,0.0,0.0001774235861375928,0.05586853623390198,0.012880404479801655,-0.02023766189813614,-0.044723883271217346,0.04908959940075874,False
train,0.47405707836151123,0.0,0.00017753189604263753,0.05586770176887512,0.012889633886516094,-0.019559238106012344,-0.0447150319814682,0.04880571737885475,False
train,0.47447386384010315,0.0,0.00017764333460945636,0.055867165327072144,0.012899249792098999,-0.018939699977636337,-0.04470624774694443,0.048552658408880234,False
test,0.4748905897140503,0.0,0.00017775804735720158,0.055866874754428864,0.012909233570098877,-0.018380971625447273,-0.04469747096300125,0.04832932725548744,False
train,0.4753073751926422,0.0,0.00017787708202376962,0.055866826325654984,0.01291957963258028,-0.017884857952594757,-0.04468868672847748,0.04813467338681221,False
train,0.47572410106658936,0.0,0.00017799959459807724,0.05586691200733185,0.012930283322930336,-0.01745240017771721,-0.04467980936169624,0.04796740040183067,False
train,0.4761408567428589,0.0,0.00017812507576309144,0.05586729198694229,0.012941327877342701,-0.017085175961256027,-0.044670965522527695,0.047826752066612244,False
train,0.47655758261680603,0.0004202351556159556,0.00017825454415287822,0.05586773157119751,0.0129527123644948,-0.016784045845270157,-0.04466196894645691,0.04771158844232559,False
test,0.47697436809539795,0.0005252939299680293,0.00017838855274021626,0.055868297815322876,0.012964431196451187,-0.016550075262784958,-0.04465285688638687,0.047621238976716995,False
train,0.4773910939693451,0.0005589127540588379,0.00017852638848125935,0.05586890131235123,0.012976462952792645,-0.01638367772102356,-0.0446435771882534,0.04755495488643646,False
train,0.477807879447937,0.0005463057314045727,0.00017866860434878618,0.05586957931518555,0.012988795526325703,-0.01628516986966133,-0.044634148478507996,0.047512251883745193,False
train,0.47822463512420654,0.000428639876190573,0.00017881432722788304,0.055870410054922104,0.013001440092921257,-0.01625494845211506,-0.04462464153766632,0.047492969781160355,False
train,0.4786413609981537,0.00046225867117755115,0.0001789651287253946,0.05587112531065941,0.013014357537031174,-0.016292352229356766,-0.04461486265063286,0.04749659448862076,False
test,0.4790581464767456,0.0004202351556159556,0.0001791199902072549,0.05587184056639671,0.013027558103203773,-0.016397355124354362,-0.04460490867495537,0.0475233756005764,False
train,0.47947487235069275,0.00046225867117755115,0.00017927873705048114,0.05587249621748924,0.013041031546890736,-0.016568854451179504,-0.044594746083021164,0.04757329076528549,False
train,0.47989165782928467,0.000571519834920764,0.00017944208229891956,0.0558730848133564,0.01305475365370512,-0.016806060448288918,-0.04458438232541084,0.04764672741293907,False
train,0.4803083837032318,0.0005589127540588379,0.00017960932746063918,0.055873602628707886,0.013068713247776031,-0.01710718497633934,-0.044573843479156494,0.04774393513798714,False
train,0.48072513937950134,0.00046646103146485984,0.00017978274263441563,0.05587393045425415,0.013082911260426044,-0.017471037805080414,-0.044563040137290955,0.047865454107522964,False
test,0.48114192485809326,0.00046225867117755115,0.00017995957750827074,0.05587416887283325,0.013097323477268219,-0.017895495519042015,-0.04455208778381348,0.048011843115091324,False
train,0.4815586507320404,0.0004202351556159556,0.00018014175293501467,0.05587407946586609,0.01311193685978651,-0.018378492444753647,-0.04454082250595093,0.04818354547023773,False
train,0.4819754362106323,0.0004244375159032643,0.00018032771185971797,0.05587400868535042,0.013126753270626068,-0.018918093293905258,-0.044529546052217484,0.04838155210018158,False
train,0.48239216208457947,0.000500079826451838,0.00018051869119517505,0.055873479694128036,0.013141747564077377,-0.019511383026838303,-0.04451790824532509,0.04860594868659973,False
train,0.482808917760849,4.202351556159556e-05,0.00018071418162435293,0.05587279796600342,0.013156915083527565,-0.02015598863363266,-0.04450618475675583,0.048857592046260834,False
test,0.48322564363479614,0.0,0.00018091486708726734,0.0558718703687191,0.013172231614589691,-0.020848605781793594,-0.04449433460831642,0.04913664981722832,False
train,0.48364242911338806,0.0,0.0001811194233596325,0.05587063729763031,0.013187697157263756,-0.021587073802947998,-0.044482339173555374,0.04944370687007904,False
train,0.4840591549873352,0.0,0.00018132869445253164,0.055869076400995255,0.013203286565840244,-0.022367848083376884,-0.04447021707892418,0.04977871850132942,False
train,0.4844759404659271,0.0,0.00018154272402171046,0.05586715042591095,0.013218993321061134,-0.023187559098005295,-0.04445796459913254,0.050141531974077225,False
train,0.48489269614219666,0.0,0.00018176063895225525,0.05586497485637665,0.01323480810970068,-0.02404404804110527,-0.0444457121193409,0.05053253844380379,False
test,0.4853094220161438,0.0,0.00018198348698206246,0.05586240068078041,0.013250710442662239,-0.024933410808444023,-0.04443337023258209,0.050950951874256134,False
train,0.4857262074947357,0.0,0.00018220991478301585,0.055859457701444626,0.013266688212752342,-0.025852490216493607,-0.0444210022687912,0.05139627307653427,False
train,0.48614293336868286,0.0,0.00018244081002194434,0.055856116116046906,0.01328272931277752,-0.026798803359270096,-0.04440860077738762,0.051868099719285965,False
train,0.4865596890449524,0.0,0.00018267529958393425,0.05585237592458725,0.01329880766570568,-0.027768747881054878,-0.04439619556069374,0.05236531049013138,False
train,0.4869764447212219,0.0,0.00018291358719579875,0.05584825575351715,0.013314931653439999,-0.028759758919477463,-0.04438382759690285,0.05288712680339813,False
test,0.48739320039749146,0.0,0.0001831558474805206,0.055843692272901535,0.013331067748367786,-0.02976859360933304,-0.04437147453427315,0.053432170301675797,False
train,0.4878099262714386,0.0,0.0001834015711210668,0.05583875998854637,0.013347211293876171,-0.030792783945798874,-0.04435921460390091,0.0539994053542614,False
train,0.4882267117500305,0.0,0.0001836502633523196,0.05583338439464569,0.013363349251449108,-0.03182964026927948,-0.04434701427817345,0.05458739399909973,False
train,0.48864346742630005,0.0,0.00018390262266620994,0.05582760274410248,0.01337946206331253,-0.0328768715262413,-0.04433489590883255,0.05519485101103783,False
train,0.4890601933002472,0.0,0.00018415707745589316,0.05582129582762718,0.013395535759627819,-0.033931318670511246,-0.04432281479239464,0.055819764733314514,False
test,0.4894769787788391,0.0,0.0001844152284320444,0.0558147206902504,0.013411560095846653,-0.0349915586411953,-0.044310957193374634,0.05646122619509697,False
train,0.48989370465278625,0.0,0.00018467585323378444,0.05580758675932884,0.013427520170807838,-0.0360553041100502,-0.04429911449551582,0.057117391377687454,False
train,0.4903104901313782,0.0,0.00018493844254408032,0.055800024420022964,0.01344340480864048,-0.0371205136179924,-0.04428739845752716,0.0577867291867733,False
train,0.4907272160053253,0.0,0.00018520368030294776,0.05579202249646187,0.01345919817686081,-0.038185134530067444,-0.04427580162882805,0.058467522263526917,False
train,0.49114397168159485,0.0,0.0001854701986303553,0.05578363314270973,0.013474876992404461,-0.039247777312994,-0.04426436871290207,0.05915845185518265,False
test,0.49156075716018677,0.0,0.0001857397728599608,0.0557747446000576,0.013490445911884308,-0.040306456387043,-0.044253017753362656,0.05985766276717186,False
train,0.4919774830341339,3.361881317687221e-05,0.00018600988551042974,0.05576550215482712,0.013505872339010239,-0.04135992377996445,-0.04424186423420906,0.06056389957666397,False
train,0.49239426851272583,2.5214108973159455e-05,0.00018628148245625198,0.05575578659772873,0.013521162793040276,-0.042406484484672546,-0.044230811297893524,0.06127540022134781,False
train,0.492810994386673,1.6809406588436104e-05,0.00018655398162081838,0.05574558302760124,0.013536284677684307,-0.04344490170478821,-0.04421985521912575,0.06199076771736145,False
train,0.4932277500629425,2.5214108973159455e-05,0.00018682832887861878,0.0557350292801857,0.013551237061619759,-0.04447350651025772,-0.04420909285545349,0.06270834803581238,False
test,0.49364447593688965,1.6809406588436104e-05,0.00018710287986323237,0.05572408810257912,0.013566006906330585,-0.045491475611925125,-0.04419851303100586,0.06342698633670807,False
train,0.49406126141548157,1.6809406588436104e-05,0.00018737767823040485,0.055712614208459854,0.013580580241978168,-0.04649705812335014,-0.044187989085912704,0.0641447976231575,False
train,0.4944779872894287,2.5214108973159455e-05,0.0001876535825431347,0.05570082366466522,0.013594924472272396,-0.047488272190093994,-0.04417770355939865,0.06485988944768906,False
train,0.49489477276802063,1.6809406588436104e-05,0.00018792934133671224,0.05568855628371239,0.013609064742922783,-0.04846467077732086,-0.04416753351688385,0.06557130068540573,False
train,0.49531152844429016,2.101175778079778e-05,0.00018820590048562735,0.05567596107721329,0.013622961938381195,-0.04942366108298302,-0.04415760934352875,0.06627663969993591,False
test,0.4957282543182373,1.6809406588436104e-05,0.0001884806843008846,0.055662911385297775,0.013636615127325058,-0.050363969057798386,-0.04414784163236618,0.06697433441877365,False
train,0.4961450397968292,1.6809406588436104e-05,0.0001887564139906317,0.055649515241384506,0.013650014996528625,-0.051283203065395355,-0.044138334691524506,0.06766209751367569,False
train,0.49656176567077637,2.5214108973159455e-05,0.00018903020827565342,0.05563574284315109,0.013663138262927532,-0.0521797277033329,-0.044129081070423126,0.06833812594413757,False
train,0.4969785511493683,1.6809406588436104e-05,0.00018930385704152286,0.05562163144350052,0.013675975613296032,-0.053051091730594635,-0.044120147824287415,0.06900004297494888,False
train,0.49739527702331543,1.6809406588436104e-05,0.00018957573047373444,0.055607132613658905,0.013688527047634125,-0.05389393866062164,-0.04411151260137558,0.06964468210935593,False
test,0.49781203269958496,2.5214108973159455e-05,0.00018984709458891302,0.0555923730134964,0.013700778596103191,-0.05470678582787514,-0.044103316962718964,0.07027044147253036,False
train,0.4982287585735321,1.6809406588436104e-05,0.00019011592667084187,0.05557716265320778,0.01371272187680006,-0.05548573657870293,-0.04409544914960861,0.07087366282939911,False
train,0.498645544052124,8.404703294218052e-06,0.00019038298341911286,0.05556172505021095,0.01372433826327324,-0.056227635592222214,-0.04408814013004303,0.07145146280527115,False
train,0.49906232953071594,0.0,0.00019064712978433818,0.05554589629173279,0.013735632412135601,-0.05692898854613304,-0.044081300497055054,0.07200048863887787,False
train,0.4994790554046631,0.0,0.00019090964633505791,0.055529940873384476,0.013746579177677631,-0.057586438953876495,-0.04407517984509468,0.07251771539449692,False
test,0.4998958110809326,0.0,0.00019116868497803807,0.05551362410187721,0.013757187873125076,-0.058195967227220535,-0.04406966641545296,0.07299935817718506,False
train,0.5003125667572021,0.0,0.00019142408564221114,0.05549704283475876,0.013767433352768421,-0.05875283479690552,-0.04406489059329033,0.07344119995832443,False
train,0.5007293224334717,0.0,0.0001916754263220355,0.05548033490777016,0.013777314685285091,-0.05925353243947029,-0.04406102001667023,0.07384005934000015,False
train,0.5011460185050964,0.0,0.00019192250329069793,0.05546329542994499,0.01378683652728796,-0.05969297140836716,-0.04405795410275459,0.07419133931398392,False
train,0.5015628337860107,0.0,0.00019216460350435227,0.055446211248636246,0.013795973733067513,-0.06006768345832825,-0.04405597969889641,0.07449198514223099,False
test,0.5019795894622803,0.0,0.00019240242545492947,0.05542895942926407,0.013804737478494644,-0.0603722482919693,-0.04405505582690239,0.07473725080490112,False
train,0.5023963451385498,0.0,0.00019263465947005898,0.05541163682937622,0.013813101686537266,-0.060602329671382904,-0.04405532777309418,0.07492338865995407,False
train,0.5028131008148193,0.0,0.00019285963207948953,0.05539415404200554,0.013821077533066273,-0.06075379624962807,-0.04405676946043968,0.07504680007696152,False
train,0.5032297968864441,0.0,0.00019307842012494802,0.05537666752934456,0.01382865197956562,-0.06082165986299515,-0.04405956715345383,0.07510339468717575,False
train,0.5036466121673584,0.0,0.00019329007773194462,0.05535920709371567,0.013835825026035309,-0.06080247834324837,-0.04406377673149109,0.07509032636880875,False
test,0.5040633082389832,0.0,0.00019349329522810876,0.05534179136157036,0.013842588290572166,-0.06069118529558182,-0.044069454073905945,0.07500357925891876,False
train,0.5044801235198975,0.0,0.00019368805806152523,0.055324286222457886,0.013848948292434216,-0.0604851134121418,-0.04407652094960213,0.07484108954668045,False
train,0.5048968195915222,0.0,0.00019387321663089097,0.055307090282440186,0.013854891061782837,-0.0601796880364418,-0.044085338711738586,0.07459967583417892,False
train,0.5053135752677917,0.0,0.00019404855265747756,0.05528993904590607,0.013860423117876053,-0.05977225676178932,-0.04409568011760712,0.07427753508090973,False
train,0.505730390548706,0.0,0.00019421479373704642,0.055272992700338364,0.013865530490875244,-0.05925988405942917,-0.044107694178819656,0.07387301325798035,False
test,0.5061470866203308,0.0,0.00019436875300016254,0.055256299674510956,0.013870226219296455,-0.05863937735557556,-0.04412142187356949,0.07338444143533707,False
train,0.5065639019012451,0.0,0.00019451152184046805,0.05523987486958504,0.013874496333301067,-0.05790961533784866,-0.04413685202598572,0.07281198352575302,False
train,0.5069805979728699,0.0,0.00019464196520857513,0.055223822593688965,0.013878346420824528,-0.05706813558936119,-0.04415404051542282,0.07215505093336105,False
train,0.5073973536491394,0.0,0.00019475950102787465,0.055208101868629456,0.013881783932447433,-0.05611393600702286,-0.04417293518781662,0.07141444087028503,False
train,0.5078141093254089,0.0,0.00019486332894302905,0.05519282445311546,0.013884788379073143,-0.055046193301677704,-0.044193584471940994,0.07059147208929062,False
test,0.5082308650016785,0.0,0.0001949532888829708,0.05517798662185669,0.013887392356991768,-0.05386466532945633,-0.04421592131257057,0.06968823075294495,False
train,0.508647620677948,0.0,0.00019502840586937964,0.05516368895769119,0.013889569789171219,-0.05256887525320053,-0.044239990413188934,0.06870708614587784,False
train,0.5090643763542175,0.0,0.0001950892328750342,0.0551498681306839,0.013891331851482391,-0.05116013437509537,-0.04426565766334534,0.06765210628509521,False
train,0.5094811320304871,0.0,0.0001951333397300914,0.05513681098818779,0.01389268133789301,-0.04963891580700874,-0.04429309815168381,0.06652744114398956,False
train,0.5098978877067566,0.0,0.00019516235624905676,0.05512435734272003,0.013893628492951393,-0.04800698161125183,-0.044322092086076736,0.06533848494291306,False
test,0.5103146433830261,0.0,0.00019517482724040747,0.055112574249506,0.013894167728722095,-0.04626568406820297,-0.04435262829065323,0.06409110128879547,False
train,0.5107313990592957,0.0,0.00019516998145263642,0.055101487785577774,0.013894312083721161,-0.044417090713977814,-0.04438464343547821,0.06279230862855911,False
train,0.5111481547355652,0.0,0.00019514764426276088,0.05509127303957939,0.01389404945075512,-0.042464230209589005,-0.04441818967461586,0.06145068258047104,False
train,0.5115649104118347,0.0,0.00019510839774738997,0.055081915110349655,0.013893404975533485,-0.0404096394777298,-0.044453155249357224,0.06007513776421547,False
train,0.5119816660881042,0.0,0.00019505091768223792,0.05507335066795349,0.013892372138798237,-0.03825657442212105,-0.044489406049251556,0.05867599695920944,False
test,0.5123984217643738,0.0,0.00019497542234603316,0.055065806955099106,0.013890963979065418,-0.03600854426622391,-0.044527050107717514,0.057264938950538635,False
train,0.5128151774406433,0.0,0.00019488173711579293,0.055059146136045456,0.013889181427657604,-0.03366930037736893,-0.04456586763262749,0.055854618549346924,False
train,0.5132319331169128,0.0,0.00019476913439575583,0.055053405463695526,0.013887031003832817,-0.031242871657013893,-0.044605791568756104,0.0544591024518013,False
train,0.5136486887931824,0.0,0.0001946382544701919,0.055048856884241104,0.013884525746107101,-0.028733693063259125,-0.044646967202425,0.053094036877155304,False
train,0.5140654444694519,0.0,0.00019448870443738997,0.05504518002271652,0.01388167217373848,-0.026146166026592255,-0.04468903690576553,0.05177578702569008,False
test,0.5144821405410767,0.0,0.0001943211245816201,0.055042799562215805,0.013878477737307549,-0.023485630750656128,-0.044732242822647095,0.05052275210618973,False
train,0.514898955821991,0.0,0.0001941342488862574,0.05504141375422478,0.013874942436814308,-0.020755473524332047,-0.044776275753974915,0.04935285821557045,False
train,0.5153156518936157,0.0,0.00019392758258618414,0.055041249841451645,0.013871093280613422,-0.01796288974583149,-0.04482119157910347,0.048286691308021545,False
train,0.51573246717453,0.0,0.00019370265363249928,0.055042192339897156,0.01386692188680172,-0.015111229382455349,-0.04486684501171112,0.04734324663877487,False
train,0.5161492228507996,0.0,0.0001934602769324556,0.05504438653588295,0.01386245060712099,-0.012207815423607826,-0.04491323232650757,0.04654276743531227,False
test,0.5165659189224243,0.0,0.00019319848797749728,0.055047787725925446,0.013857686892151833,-0.009259114041924477,-0.04496021196246147,0.04590372368693352,False
train,0.5169827342033386,0.0,0.00019291792705189437,0.05505235120654106,0.013852634467184544,-0.0062683988362550735,-0.04500768706202507,0.04544210061430931,False
train,0.5173994302749634,8.404703294218052e-06,0.00019262032583355904,0.05505823343992233,0.01384731475263834,-0.003244667313992977,-0.04505567252635956,0.045172352343797684,False
train,0.5178161859512329,3.361881317687221e-05,0.00019230354519095272,0.05506542697548866,0.013841729611158371,-0.00019297190010547638,-0.045104049146175385,0.045104462653398514,False
train,0.5182329416275024,3.782116618822329e-05,0.0001919710193760693,0.05507374927401543,0.013835896737873554,0.0028794091194868088,-0.04515260085463524,0.04524431750178337,False
test,0.518649697303772,2.5214108973159455e-05,0.00019162021635565907,0.055083516985177994,0.013829824514687061,0.005966018885374069,-0.045201465487480164,0.04559348523616791,False
train,0.5190664529800415,1.6809406588436104e-05,0.00019125256221741438,0.05509449914097786,0.01382353249937296,0.009059209376573563,-0.04525034874677658,0.04614827781915665,False
train,0.519483208656311,4.202351647109026e-06,0.00019086941028945148,0.05510672926902771,0.013817019760608673,0.012152083218097687,-0.045299191027879715,0.04690084978938103,False
train,0.5198999643325806,4.202351647109026e-06,0.0001904695964185521,0.055120233446359634,0.013810308650135994,0.015236839652061462,-0.0453479029238224,0.047839246690273285,False
train,0.5203167200088501,0.0,0.00019005358626600355,0.0551350899040699,0.01380340475589037,0.018305864185094833,-0.045396436005830765,0.04894835129380226,False
test,0.5207334756851196,0.0,0.00018962363537866622,0.055151212960481644,0.013796333223581314,0.021351080387830734,-0.04544462636113167,0.050210386514663696,False
train,0.5211502313613892,0.0,0.00018917933630291373,0.05516855791211128,0.013789095915853977,0.024364996701478958,-0.04549234360456467,0.05160626396536827,False
train,0.5215669870376587,0.0,0.0001887216785689816,0.055187176913022995,0.013781718909740448,0.027339402586221695,-0.04553953558206558,0.0531158372759819,False
train,0.5219837427139282,0.0,0.00018825005099643022,0.055207010358572006,0.013774202205240726,0.030266162008047104,-0.04558604210615158,0.05471862480044365,False
train,0.5224004983901978,0.0,0.00018776707293000072,0.05522806942462921,0.013766559772193432,0.03313743695616722,-0.04563179612159729,0.05639459937810898,False
test,0.5228172540664673,0.0,0.0001872726425062865,0.05525027588009834,0.013758816756308079,0.0359448678791523,-0.04567664489150047,0.058123912662267685,False
train,0.5232340097427368,0.0,0.00018676722538657486,0.055273640900850296,0.01375097967684269,0.03868085891008377,-0.04572051391005516,0.05988801270723343,False
train,0.5236507654190063,0.0,0.0001862516364781186,0.05529816076159477,0.01374306995421648,0.041337285190820694,-0.04576333984732628,0.06166891008615494,False
train,0.5240675210952759,0.0,0.00018572718545328826,0.05532373487949371,0.013735093176364899,0.04390711337327957,-0.04580496996641159,0.06345021724700928,False
train,0.5244842767715454,0.0,0.00018519432342145592,0.055350370705127716,0.01372706238180399,0.04638240113854408,-0.045845355838537216,0.06521597504615784,False
test,0.5249009728431702,0.0,0.00018465436005499214,0.0553780235350132,0.01371899712830782,0.04875583574175835,-0.04588441178202629,0.06695155054330826,False
train,0.5253177881240845,0.0,0.00018410755728837103,0.05540663003921509,0.013710916973650455,0.05102139711380005,-0.04592205211520195,0.06864414364099503,False
train,0.5257344841957092,0.0,0.00018355606880504638,0.05543611943721771,0.013702829368412495,0.05317191034555435,-0.04595820605754852,0.07028093189001083,False
train,0.5261512994766235,0.0,0.00018299906514585018,0.05546652898192406,0.013694745488464832,0.055202383548021317,-0.04599286615848541,0.07185155898332596,False
train,0.5265680551528931,0.0,0.00018243906379211694,0.055497754365205765,0.013686679303646088,0.05710633099079132,-0.04602595791220665,0.07334522902965546,False
test,0.5269847512245178,0.0,0.00018187661771662533,0.05552972853183746,0.013678664341568947,0.05887926369905472,-0.046057429164648056,0.0747532919049263,False
train,0.5274015665054321,0.0,0.00018131070828530937,0.05556236207485199,0.013670692220330238,0.06051703914999962,-0.04608721658587456,0.07606802135705948,False
train,0.5278182625770569,0.0,0.00018074536637868732,0.05559574067592621,0.013662795536220074,0.062015414237976074,-0.046115435659885406,0.07728224247694016,False
train,0.5282350778579712,0.0,0.00018017970432993025,0.055629633367061615,0.013654968701303005,0.06337126344442368,-0.04614192247390747,0.07839000970125198,False
train,0.528651773929596,0.0,0.00017961514822673053,0.05566404014825821,0.013647235929965973,0.06458157300949097,-0.04616671800613403,0.07938605546951294,False
test,0.5290685296058655,0.0,0.00017905235290527344,0.05569900572299957,0.013639617711305618,0.06564507633447647,-0.046189919114112854,0.08026695996522903,False
train,0.529485285282135,0.0,0.00017849166761152446,0.055734336376190186,0.013632120564579964,0.06656026840209961,-0.046211425215005875,0.08102940768003464,False
train,0.5299020409584045,0.0,0.0001779354497557506,0.05576997250318527,0.013624755665659904,0.06732538342475891,-0.04623126983642578,0.08167029917240143,False
train,0.5303188562393188,0.0,0.00017738231690600514,0.0558059886097908,0.01361753698438406,0.06794162839651108,-0.04624957591295242,0.08218934386968613,False
train,0.5307355523109436,0.0,0.00017683392798062414,0.05584219470620155,0.013610495254397392,0.06840875744819641,-0.04626627638936043,0.08258526772260666,False
test,0.5311523079872131,0.0,0.00017629194189794362,0.05587853491306305,0.013603625819087029,0.06872741878032684,-0.04628141224384308,0.08285786956548691,False
train,0.5315690636634827,0.0,0.00017575632955413312,0.05591508373618126,0.013596940785646439,0.06890014559030533,-0.04629513621330261,0.08300885558128357,False
train,0.5319858193397522,0.0,0.00017522751295473427,0.05595151707530022,0.013590463437139988,0.06892766803503036,-0.046307273209095,0.08303846418857574,False
train,0.5324025750160217,0.0,0.00017470661259721965,0.05598799139261246,0.01358420867472887,0.06881394982337952,-0.04631804674863815,0.08295011520385742,False
train,0.5328193306922913,0.0,0.00017419307550881058,0.05602438747882843,0.013578174635767937,0.06856072694063187,-0.046327441930770874,0.08274542540311813,False
test,0.5332360863685608,0.0,0.00017368816770613194,0.05606066808104515,0.013572375290095806,0.06817217916250229,-0.04633554443717003,0.08242832124233246,False
train,0.5336528420448303,0.0,0.0001731933152768761,0.056096747517585754,0.013566848821938038,0.06765173375606537,-0.04634237661957741,0.08200227469205856,False
train,0.5340695977210999,0.0,0.00017270729586016387,0.05613258481025696,0.01356157474219799,0.06700295209884644,-0.046347979456186295,0.0814710408449173,False
train,0.5344863533973694,0.0,0.0001722316665109247,0.0561680905520916,0.0135565847158432,0.06623110175132751,-0.04635239765048027,0.08083998411893845,False
train,0.5349031090736389,0.0,0.0001717661798465997,0.056203264743089676,0.013551878742873669,0.06533996015787125,-0.046355705708265305,0.08011343330144882,False
test,0.5353198647499084,0.0,0.000171311927260831,0.0562380813062191,0.013547476381063461,0.06433485448360443,-0.046357981860637665,0.07929713279008865,False
train,0.535736620426178,0.0,0.0001708678319118917,0.05627240985631943,0.013543376699090004,0.06321999430656433,-0.046359192579984665,0.07839605957269669,False
train,0.5361533164978027,0.0,0.0001704351307125762,0.056306298822164536,0.01353960670530796,0.0620010569691658,-0.04635946825146675,0.07741660624742508,False
train,0.536570131778717,0.0,0.0001700143766356632,0.05633959174156189,0.013536169193685055,0.06068317964673042,-0.04635876044631004,0.07636480033397675,False
train,0.5369868874549866,0.0,0.00016960487118922174,0.05637236312031746,0.01353306695818901,0.059271134436130524,-0.046357203274965286,0.0752466470003128,False
test,0.5374035835266113,0.0,0.00016920745838433504,0.05640444532036781,0.013530317693948746,0.05777038633823395,-0.04635472968220711,0.07406874001026154,False
train,0.5378203988075256,0.0,0.0001688217744231224,0.05643598735332489,0.013527926988899708,0.056186530739068985,-0.04635153338313103,0.07283811271190643,False
train,0.5382370948791504,0.0,0.0001684480521362275,0.05646682158112526,0.013525908812880516,0.054524898529052734,-0.046347543597221375,0.07156158238649368,False
train,0.5386539101600647,0.0,0.0001680870191194117,0.056496936827898026,0.013524276204407215,0.05279025062918663,-0.046342816203832626,0.07024576514959335,False
train,0.5390706062316895,0.0,0.00016773796232882887,0.05652632564306259,0.013523019850254059,0.05098840966820717,-0.04633740335702896,0.0688982754945755,False
test,0.539487361907959,0.0,0.0001674006343819201,0.05655496567487717,0.013522162102162838,0.04912421479821205,-0.04633133113384247,0.06752614676952362,False
train,0.5399041175842285,0.0,0.00016707547183614224,0.05658277869224548,0.013521701097488403,0.047203563153743744,-0.046324606984853745,0.06613732129335403,False
train,0.540320873260498,0.0,0.00016676331870257854,0.05660982057452202,0.0135216498747468,0.045230746269226074,-0.046317312866449356,0.06473881006240845,False
train,0.5407376885414124,0.0,0.00016646271978970617,0.05663597583770752,0.013522014953196049,0.04321097582578659,-0.04630940407514572,0.06333836913108826,False
train,0.5411543846130371,0.0,0.0001661742280703038,0.056661345064640045,0.013522801920771599,0.04115007072687149,-0.04630101099610329,0.06194442883133888,False
test,0.5415711402893066,0.0,0.00016589825099799782,0.05668579414486885,0.013524019159376621,0.039052341133356094,-0.04629207402467728,0.06056435778737068,False
train,0.5419878959655762,0.0,0.0001656341046327725,0.05670943111181259,0.013525671325623989,0.03692250698804855,-0.046282704919576645,0.05920608341693878,False
train,0.5424046516418457,0.0,0.00016538142517674714,0.05673212558031082,0.013527760282158852,0.03476552665233612,-0.046272844076156616,0.05787761136889458,False
train,0.5428214073181152,0.0,0.00016514095477759838,0.05675395205616951,0.013530291616916656,0.032586149871349335,-0.04626259207725525,0.056586965918540955,False
train,0.5432381629943848,0.0,0.0001649118057684973,0.05677478015422821,0.013533271849155426,0.030388839542865753,-0.046251870691776276,0.055341821163892746,False
test,0.5436549186706543,0.0,0.00016469336696900427,0.05679475516080856,0.013536707498133183,0.028178226202726364,-0.04624083638191223,0.0541500449180603,False
train,0.5440716743469238,0.0,0.00016448665701318532,0.056813810020685196,0.013540593907237053,0.025958437472581863,-0.04622946307063103,0.05301889777183533,False
train,0.5444884300231934,0.0,0.0001642915012780577,0.05683193355798721,0.013544936664402485,0.02373398095369339,-0.046217769384384155,0.05195559561252594,False
train,0.5449051856994629,0.0,0.00016410689568147063,0.05684918910264969,0.013549741357564926,0.021509332582354546,-0.04620584100484848,0.05096696317195892,False
train,0.5453219413757324,0.0,0.00016393329133279622,0.05686546117067337,0.013555005192756653,0.01928786374628544,-0.04619360715150833,0.050058674067258835,False
test,0.545738697052002,0.0,0.00016376982966903597,0.056880753487348557,0.013560745865106583,0.017074108123779297,-0.046181101351976395,0.04923636093735695,False
train,0.5461554527282715,0.0,0.0001636170200072229,0.05689525976777077,0.013566944748163223,0.014871915802359581,-0.0461684986948967,0.04850468412041664,False
train,0.5465721487998962,0.0,0.00016347385826520622,0.05690876021981239,0.013573609292507172,0.012685161083936691,-0.0461556538939476,0.04786708205938339,False
train,0.5469889640808105,0.0,0.0001633406209293753,0.05692136287689209,0.0135807478800416,0.010516628623008728,-0.046142663806676865,0.047325942665338516,False
train,0.5474057197570801,0.0,0.00016321700240951031,0.05693310126662254,0.013588352128863335,0.008370773866772652,-0.04612959548830986,0.046882934868335724,False
test,0.5478224754333496,0.0,0.0001631031045690179,0.05694398656487465,0.013596424832940102,0.00625084713101387,-0.04611646384000778,0.04653817042708397,False
train,0.5482392311096191,0.0,0.00016299753042403609,0.05695398896932602,0.013604960404336452,0.004159970209002495,-0.04610326513648033,0.0462905652821064,False
train,0.5486559271812439,0.0,0.00016290087660308927,0.05696305260062218,0.013613964430987835,0.0021018460392951965,-0.046089984476566315,0.04613788425922394,False
train,0.5490727424621582,0.0,0.00016281235730275512,0.05697135254740715,0.013623426668345928,7.819943130016327e-05,-0.046076755970716476,0.04607681930065155,False
train,0.549489438533783,0.0,0.0001627324236324057,0.05697879567742348,0.013633347116410732,-0.0019067749381065369,-0.04606354236602783,0.046102989464998245,False
test,0.5499062538146973,0.0,0.00016266043530777097,0.056985341012477875,0.013643733225762844,-0.0038515012711286545,-0.0460503064095974,0.04621108993887901,False
train,0.550322949886322,0.0,0.00016259592666756362,0.05699114501476288,0.01365458033978939,-0.005752149038016796,-0.046037204563617706,0.04639516770839691,False
train,0.5507397055625916,0.0,0.00016253840294666588,0.056996218860149384,0.01366586983203888,-0.007607717998325825,-0.04602422937750816,0.04664875939488411,False
train,0.5511565208435059,0.0,0.0001624885044293478,0.05700047314167023,0.013677608221769333,-0.009415930137038231,-0.04601133242249489,0.04696490615606308,False
train,0.5515732169151306,0.0,0.00016244512517005205,0.05700404569506645,0.013689791783690453,-0.011173790320754051,-0.04599862918257713,0.04733632132411003,False
test,0.5519900321960449,0.0,0.000162407653988339,0.0570068433880806,0.01370240654796362,-0.012881089001893997,-0.04598603397607803,0.04775601997971535,False
train,0.5524067282676697,0.0,0.0001623762072995305,0.05700897052884102,0.013715463690459728,-0.014534915797412395,-0.04597364738583565,0.048216596245765686,False
train,0.5528234839439392,0.0,0.000162350814207457,0.05701039358973503,0.013728941790759563,-0.01613531820476055,-0.0459614172577858,0.04871140047907829,False
train,0.5532402396202087,0.0,0.0001623307034606114,0.05701125040650368,0.0137428417801857,-0.01768091693520546,-0.04594946280121803,0.0492338128387928,False
train,0.5536569952964783,0.0,0.00016231522022280842,0.0570114441215992,0.013757161796092987,-0.019171057268977165,-0.045937687158584595,0.04977751150727272,False
test,0.5540737509727478,0.0,0.0001623056159587577,0.05701104551553726,0.013771879486739635,-0.020605850964784622,-0.04592612758278847,0.050336968153715134,False
train,0.5544905066490173,0.0,0.00016229927132371813,0.05701000988483429,0.013786999508738518,-0.021984737366437912,-0.04591474309563637,0.050906702876091,False
train,0.5549072623252869,0.0,0.0001622986455913633,0.057008471339941025,0.013802515342831612,-0.02330828830599785,-0.045903608202934265,0.05148220807313919,False
train,0.5553240180015564,0.0,0.00016230127948801965,0.0570063591003418,0.01381840743124485,-0.024576803669333458,-0.04589264094829559,0.05205913633108139,False
train,0.5557407736778259,0.0,0.00016230731853283942,0.057003818452358246,0.01383467111736536,-0.025791462510824203,-0.045881934463977814,0.05263412743806839,False
test,0.5561575293540955,0.0,0.00016231753397732973,0.05700065195560455,0.013851296156644821,-0.026953281834721565,-0.045871298760175705,0.05320390313863754,False
train,0.556574285030365,0.0,0.0001623307034606114,0.05699713155627251,0.013868281617760658,-0.028063176199793816,-0.04586092010140419,0.05376584082841873,False
train,0.5569910407066345,0.0,0.00016234694339800626,0.05699310451745987,0.013885610736906528,-0.029123524203896523,-0.04585062339901924,0.054318130016326904,False
train,0.557407796382904,0.0,0.00016236567171290517,0.05698872357606888,0.01390327699482441,-0.030135542154312134,-0.04584050178527832,0.05485893040895462,False
train,0.5578245520591736,0.0,0.00016238751413766295,0.05698389187455177,0.013921261765062809,-0.031101737171411514,-0.045830436050891876,0.05538724362850189,False
test,0.5582413077354431,0.0,0.00016241183038800955,0.056978628039360046,0.013939560391008854,-0.0320240817964077,-0.04582040011882782,0.055902156978845596,False
train,0.5586580634117126,0.0,0.00016243815480265766,0.05697308108210564,0.013958154246211052,-0.032905012369155884,-0.04581046104431152,0.056403350085020065,False
train,0.5590747594833374,0.0,0.00016246696759480983,0.05696713924407959,0.01397703681141138,-0.03374650329351425,-0.04580049216747284,0.056890349835157394,False
train,0.5594915747642517,0.0,0.00016249780310317874,0.05696091055870056,0.013996190391480923,-0.03455214574933052,-0.045790527015924454,0.057363953441381454,False
train,0.5599082708358765,0.0,0.00016253003559540957,0.05695432797074318,0.014015608467161655,-0.035323262214660645,-0.0457804799079895,0.05782374367117882,False
test,0.5603250861167908,0.0,0.00016256522212643176,0.056947361677885056,0.014035279862582684,-0.03606322780251503,-0.04577026888728142,0.05827069282531738,False
train,0.5607417821884155,0.0,0.00016260164557024837,0.056940168142318726,0.014055178500711918,-0.03677408769726753,-0.04575998708605766,0.05870527774095535,False
train,0.5611585378646851,0.0,0.00016264012083411217,0.05693269520998001,0.014075304381549358,-0.037458255887031555,-0.04574955627322197,0.05912819132208824,False
train,0.5615753531455994,0.0,0.0001626802986720577,0.0569249726831913,0.01409563235938549,-0.038118429481983185,-0.04573895037174225,0.059540458023548126,False
train,0.5619920492172241,0.0,0.00016272217908408493,0.056916940957307816,0.014116150327026844,-0.03875593841075897,-0.04572809860110283,0.05994231998920441,False
test,0.5624088644981384,0.0,0.00016276688256766647,0.05690872296690941,0.014136852696537971,-0.03937343508005142,-0.045717060565948486,0.06033504009246826,False
train,0.5628255605697632,0.0,0.00016281251737382263,0.05690015107393265,0.014157711528241634,-0.03997207432985306,-0.045705679804086685,0.060718826949596405,False
train,0.5632423162460327,0.0,0.00016285972378682345,0.056891437619924545,0.014178714714944363,-0.04055362939834595,-0.045694105327129364,0.061094582080841064,False
train,0.5636590719223022,0.0,0.00016290864732582122,0.056882455945014954,0.014199850149452686,-0.041119284927845,-0.04568220674991608,0.06146267056465149,False
train,0.5640758275985718,0.0,0.00016296131070703268,0.05687323957681656,0.01422110479325056,-0.04166994243860245,-0.04566999897360802,0.06182340160012245,False
test,0.5644926428794861,0.0,0.0001630141632631421,0.056863851845264435,0.014242450706660748,-0.04220632463693619,-0.045657526701688766,0.062177035957574844,False
train,0.5649093389511108,0.0,0.0001630701299291104,0.056854210793972015,0.014263883233070374,-0.042728882282972336,-0.04564470052719116,0.06252355873584747,False
train,0.5653260946273804,0.0,0.00016312753723468632,0.056844312697649,0.0142853744328022,-0.04323779046535492,-0.0456315353512764,0.06286289542913437,False
train,0.5657428503036499,0.0,0.00016318773850798607,0.056834347546100616,0.01430691871792078,-0.043732885271310806,-0.04561815410852432,0.06319478899240494,False
train,0.5661596059799194,0.0,0.00016324952594004571,0.05682412162423134,0.014328488148748875,-0.04421389102935791,-0.04560442641377449,0.06351875513792038,False
test,0.566576361656189,0.0,0.0001633140054764226,0.05681373551487923,0.014350076206028461,-0.044679708778858185,-0.04559043049812317,0.06383387744426727,False
train,0.5669931173324585,0.0,0.00016338097339030355,0.056803103536367416,0.014371662400662899,-0.04513026401400566,-0.045576103031635284,0.06413986533880234,False
train,0.567409873008728,0.0,0.00016345000767614692,0.056792326271533966,0.014393219724297523,-0.04556357488036156,-0.045561548322439194,0.0644351914525032,False
train,0.5678266286849976,0.0,0.00016352187958545983,0.0567813441157341,0.014414734207093716,-0.04597898945212364,-0.045546721667051315,0.06471917033195496,False
train,0.5682433843612671,0.0,0.00016359594883397222,0.05677028372883797,0.014436205849051476,-0.04637450352311134,-0.0455317497253418,0.06499026715755463,False
test,0.5686601400375366,0.0,0.00016367225907742977,0.05675903707742691,0.014457585290074348,-0.04674891009926796,-0.04551655426621437,0.06524734944105148,False
train,0.5690768957138062,0.0,0.0001637515815673396,0.05674763023853302,0.014478886500000954,-0.047100115567445755,-0.04550117999315262,0.06548876315355301,False
train,0.5694936513900757,0.0,0.0001638331013964489,0.05673609673976898,0.014500061050057411,-0.047425687313079834,-0.04548569396138191,0.0657125860452652,False
train,0.5699104070663452,0.0,0.00016391780809499323,0.0567244216799736,0.014521115459501743,-0.047724101692438126,-0.04547008499503136,0.06591751426458359,False
train,0.57032710313797,0.0,0.0001640047412365675,0.05671265721321106,0.014542019926011562,-0.04799271374940872,-0.04545443132519722,0.06610148400068283,False
test,0.5707439184188843,0.0,0.00016409375530201942,0.05670081451535225,0.014562763273715973,-0.048229753971099854,-0.045438770204782486,0.06626304239034653,False
train,0.571160614490509,0.0,0.00016418610175605863,0.05668887868523598,0.014583307318389416,-0.048432402312755585,-0.04542311280965805,0.06639997661113739,False
train,0.5715774297714233,0.0,0.00016428038361482322,0.05667683109641075,0.014603672549128532,-0.04859860986471176,-0.04540747031569481,0.0665106251835823,False
train,0.5719941854476929,0.0,0.0001643770665396005,0.056664835661649704,0.014623796567320824,-0.048725858330726624,-0.04539201408624649,0.06659312546253204,False
train,0.5724108815193176,0.0,0.00016447615053039044,0.05665269494056702,0.014643690548837185,-0.04881129413843155,-0.04537660628557205,0.06664516776800156,False
test,0.5728276968002319,0.0,0.00016457750461995602,0.056640539318323135,0.014663327485322952,-0.04885338619351387,-0.04536137729883194,0.0666656419634819,False
train,0.5732443928718567,0.0,0.00016468112880829722,0.05662843957543373,0.014682685025036335,-0.048849038779735565,-0.04534643143415451,0.06665229052305222,False
train,0.573661208152771,0.0,0.00016478779434692115,0.0566164031624794,0.014701761305332184,-0.04879669100046158,-0.04533177986741066,0.06660395860671997,False
train,0.5740779042243958,0.0,0.00016489515837747604,0.05660422891378403,0.014720527455210686,-0.04869375377893448,-0.045317307114601135,0.06651871651411057,False
train,0.5744946599006653,0.0,0.00016500493802595884,0.05659226328134537,0.014738962985575199,-0.0485382005572319,-0.04530331864953041,0.06639538705348969,False
test,0.5749114751815796,0.0,0.0001651166967349127,0.05658036097884178,0.014757063239812851,-0.04832838475704193,-0.045289721339941025,0.06623286008834839,False
train,0.5753281712532043,0.0,0.00016522884834557772,0.056568555533885956,0.014774788171052933,-0.04806223884224892,-0.04527657851576805,0.06602989882230759,False
train,0.5757449269294739,0.0,0.0001653432846069336,0.05655688792467117,0.014792155474424362,-0.047738298773765564,-0.04526394605636597,0.06578578799962997,False
train,0.5761616826057434,0.0,0.00016545904509257525,0.056545376777648926,0.014809123240411282,-0.04735558480024338,-0.045251864939928055,0.06550025194883347,False
train,0.5765784382820129,0.0,0.0001655752130318433,0.056533992290496826,0.014825674705207348,-0.04691220819950104,-0.045240335166454315,0.06517241150140762,False
test,0.5769951939582825,0.0,0.00016569336003158242,0.05652286484837532,0.014841808937489986,-0.046407826244831085,-0.04522949084639549,0.06480272114276886,False
train,0.577411949634552,0.0,0.00016581095405854285,0.05651197209954262,0.014857503585517406,-0.04584156721830368,-0.04521933197975159,0.06439128518104553,False
train,0.5778287053108215,0.0,0.00016592990141361952,0.056501228362321854,0.014872751198709011,-0.0452132374048233,-0.04520981013774872,0.06393874436616898,False
train,0.5782454609870911,0.0,0.0001660482957959175,0.05649096518754959,0.014887519180774689,-0.04452291131019592,-0.04520121216773987,0.06344635039567947,False
train,0.5786622166633606,0.0,0.0001661670976318419,0.05648079514503479,0.014901801943778992,-0.04377064108848572,-0.04519324377179146,0.06291501224040985,False
test,0.5790789723396301,0.0,0.00016628550656605512,0.05647101253271103,0.01491559762507677,-0.042957521975040436,-0.04518613964319229,0.06234690174460411,False
train,0.5794957280158997,0.0,0.00016640321700833738,0.05646166577935219,0.014928874559700489,-0.042084455490112305,-0.04517995938658714,0.061744071543216705,False
train,0.5799124836921692,0.0,0.00016652098565828055,0.05645274743437767,0.014941627159714699,-0.04115300625562668,-0.045174695551395416,0.061109110713005066,False
train,0.5803292393684387,0.0,0.00016663710994180292,0.056444115936756134,0.01495384518057108,-0.040165409445762634,-0.045170240104198456,0.06044510379433632,False
train,0.5807459354400635,0.0,0.00016675236111041158,0.0564359612762928,0.014965513721108437,-0.03912442550063133,-0.045166730880737305,0.05975578725337982,False
test,0.5811627507209778,0.0,0.0001668664044700563,0.05642818287014961,0.014976630918681622,-0.038032155483961105,-0.0451640859246254,0.059044383466243744,False
train,0.5815794467926025,0.0,0.00016697814862709492,0.056420955806970596,0.014987166970968246,-0.036893028765916824,-0.04516242444515228,0.05831586569547653,False
train,0.5819962620735168,4.622586857294664e-05,0.00016708900511730462,0.05641420558094978,0.014997121877968311,-0.0357104167342186,-0.0451616607606411,0.057574380189180374,False
train,0.5824130177497864,1.6809406588436104e-05,0.0001671973877819255,0.05640794709324837,0.015006493777036667,-0.0344894677400589,-0.04516177996993065,0.05682525783777237,False
train,0.5828297138214111,1.6809406588436104e-05,0.0001673028018558398,0.056402210146188736,0.015015261247754097,-0.0332353413105011,-0.04516277462244034,0.056073740124702454,False
test,0.5832465291023254,2.5214108973159455e-05,0.0001674063823884353,0.05639698728919029,0.015023414976894855,-0.03195274621248245,-0.04516458883881569,0.05532465875148773,False
train,0.5836632251739502,4.622586857294664e-05,0.00016750747454352677,0.056392330676317215,0.015030953101813793,-0.030649224296212196,-0.045167211443185806,0.054584357887506485,False
train,0.5840800404548645,2.5214108973159455e-05,0.0001676055690040812,0.05638821795582771,0.015037862583994865,-0.02933020144701004,-0.04517057165503502,0.053857602179050446,False
train,0.5844967365264893,3.361881317687221e-05,0.00016770085494499654,0.05638463795185089,0.015044139698147774,-0.028004076331853867,-0.04517458379268646,0.05315046012401581,False
train,0.5849134922027588,4.202351556159556e-05,0.00016779299767222255,0.056381650269031525,0.01504978071898222,-0.026677381247282028,-0.045179229229688644,0.05246756598353386,False
test,0.5853303074836731,2.5214108973159455e-05,0.00016788230277597904,0.056379176676273346,0.015054773539304733,-0.025358209386467934,-0.04518437385559082,0.0518137663602829,False
train,0.5857470035552979,3.782116618822329e-05,0.00016796942509245127,0.05637733265757561,0.015059120953083038,-0.02405538409948349,-0.04519001021981239,0.051193736493587494,False
train,0.5861638188362122,2.9416461984510534e-05,0.00016805257473606616,0.056375902146101,0.015062805265188217,-0.022776225581765175,-0.04519588127732277,0.050610512495040894,False
train,0.5865805149078369,2.9416461984510534e-05,0.0001681328722042963,0.05637509003281593,0.015065835788846016,-0.021530648693442345,-0.04520205035805702,0.05006789416074753,False
train,0.5869972705841064,3.782116618822329e-05,0.00016821113240439445,0.056374721229076385,0.015068196691572666,-0.020326483994722366,-0.04520827531814575,0.04956766963005066,False
test,0.587414026260376,2.5214108973159455e-05,0.0001682859001448378,0.05637501925230026,0.015069893561303616,-0.01917237415909767,-0.04521464928984642,0.04911155253648758,False
train,0.5878307819366455,3.782116618822329e-05,0.00016835876158438623,0.05637558549642563,0.015070927329361439,-0.018076865002512932,-0.04522072896361351,0.04869997501373291,False
train,0.588247537612915,2.5214108973159455e-05,0.0001684287708485499,0.05637667700648308,0.015071284025907516,-0.01704796776175499,-0.04522663354873657,0.048333026468753815,False
train,0.5886642932891846,4.202351556159556e-05,0.0001684970484348014,0.05637822300195694,0.015070970170199871,-0.016094066202640533,-0.04523218423128128,0.048010095953941345,False
train,0.5890810489654541,3.361881317687221e-05,0.00016856423462741077,0.056379999965429306,0.015070000663399696,-0.015221492387354374,-0.04523712396621704,0.04772935435175896,False
test,0.5894978046417236,3.361881317687221e-05,0.00016862933989614248,0.05638226866722107,0.015068345703184605,-0.014437529258430004,-0.04524156451225281,0.047489382326602936,False
train,0.5899145603179932,4.622586857294664e-05,0.00016869415412656963,0.05638473108410835,0.015066036023199558,-0.013748202472925186,-0.04524517059326172,0.047287825495004654,False
train,0.5903313159942627,3.782116618822329e-05,0.00016875803703442216,0.05638757348060608,0.015063049271702766,-0.01315877865999937,-0.045248012989759445,0.047122564166784286,False
train,0.5907480716705322,3.361881317687221e-05,0.00016882210911717266,0.05639061704277992,0.015059398487210274,-0.012673870660364628,-0.045249875634908676,0.0469912588596344,False
train,0.5911648273468018,4.622586857294664e-05,0.00016888683603610843,0.05639379099011421,0.015055094845592976,-0.012296614237129688,-0.04525063931941986,0.046891652047634125,False
test,0.5915815830230713,2.9416461984510534e-05,0.00016895239241421223,0.05639703571796417,0.015050122514367104,-0.012030067853629589,-0.04525019973516464,0.04682203754782677,False
train,0.591998279094696,4.202351556159556e-05,0.00016901989874895662,0.05640053749084473,0.01504451036453247,-0.011875513009727001,-0.045248668640851974,0.04678108170628548,False
train,0.5924150943756104,3.361881317687221e-05,0.0001690892386250198,0.05640396475791931,0.01503823883831501,-0.011834035627543926,-0.04524574801325798,0.04676774516701698,False
train,0.5928318500518799,2.5214108973159455e-05,0.00016916067397687584,0.05640745535492897,0.015031330287456512,-0.011904659681022167,-0.04524152725934982,0.04678158462047577,False
train,0.5932486057281494,4.202351556159556e-05,0.0001692355435807258,0.05641080439090729,0.015023784711956978,-0.012085956521332264,-0.04523584991693497,0.04682256281375885,False
test,0.593665361404419,2.9416461984510534e-05,0.00016931447316892445,0.05641404166817665,0.015015608631074429,-0.01237605232745409,-0.04522872716188431,0.046891409903764725,False
train,0.5940820574760437,4.622586857294664e-05,0.00016939747729338706,0.05641721561551094,0.015006814152002335,-0.012771010398864746,-0.045220233500003815,0.04698902368545532,False
train,0.594498872756958,2.9416461984510534e-05,0.00016948586562648416,0.05642014741897583,0.014997405931353569,-0.013266904279589653,-0.04521024599671364,0.047116633504629135,False
train,0.5949155688285828,0.0,0.000169579463545233,0.056422896683216095,0.014987386763095856,-0.013858390972018242,-0.04519886523485184,0.04727570712566376,False
train,0.5953323841094971,0.0,0.00016967798001132905,0.05642532557249069,0.014976771548390388,-0.014540398493409157,-0.04518602043390274,0.047467879951000214,False
test,0.5957491397857666,0.0,0.00016978431085590273,0.056427519768476486,0.01496557705104351,-0.015305733308196068,-0.04517185688018799,0.04769446700811386,False
train,0.5961658358573914,0.0,0.00016989654977805912,0.056429311633110046,0.014953802339732647,-0.016147596761584282,-0.045156318694353104,0.04795662686228752,False
train,0.5965826511383057,0.0,0.0001700160064501688,0.05643073096871376,0.014941465109586716,-0.01705845445394516,-0.045139506459236145,0.04825521633028984,False
train,0.5969993472099304,0.0,0.0001701438013697043,0.05643169954419136,0.014928570948541164,-0.018030470237135887,-0.0451214462518692,0.048590563237667084,False
train,0.5974161028862,0.0,0.00017027965805027634,0.0564323291182518,0.014915131032466888,-0.019055454060435295,-0.045102331787347794,0.0489625446498394,False
test,0.5978328585624695,0.0,0.00017042293620761484,0.056432560086250305,0.014901166781783104,-0.020125001668930054,-0.045082226395606995,0.049370262771844864,False
train,0.598249614238739,0.0,0.00017057494551409036,0.05643228068947792,0.014886680990457535,-0.02123137190937996,-0.0450611338019371,0.04981241747736931,False
train,0.5986663699150085,0.0,0.00017073638446163386,0.05643147975206375,0.014871695078909397,-0.022365354001522064,-0.04503918066620827,0.05028654634952545,False
train,0.5990831255912781,0.0,0.0001709057978587225,0.05643032491207123,0.014856217429041862,-0.0235198475420475,-0.04501660168170929,0.05079052597284317,False
train,0.5994998812675476,0.0,0.00017108516476582736,0.05642852187156677,0.014840256422758102,-0.02468651533126831,-0.04499328136444092,0.05132075026631355,False
test,0.5999166369438171,0.0,0.00017127337923739105,0.05642630532383919,0.014823837205767632,-0.02585747092962265,-0.04496954008936882,0.051873579621315,False
train,0.6003333926200867,0.0,0.00017147045582532883,0.05642353370785713,0.014806964434683323,-0.027025878429412842,-0.0449453741312027,0.05244506523013115,False
train,0.6007501482963562,0.0,0.00017167693295050412,0.05642034858465195,0.014789663255214691,-0.02818518877029419,-0.04492102563381195,0.05303115397691727,False
train,0.6011669039726257,0.0,0.00017189202480949461,0.056416645646095276,0.014771956019103527,-0.029329558834433556,-0.04489652067422867,0.053627610206604004,False
train,0.6015836596488953,0.0,0.0001721162407193333,0.056412432342767715,0.014753829687833786,-0.030453037470579147,-0.0448719784617424,0.05422990024089813,False
test,0.6020004153251648,0.0,0.00017234879487659782,0.05640777200460434,0.014735321514308453,-0.03155127167701721,-0.04484756290912628,0.05483417212963104,False
train,0.6024171113967896,0.0,0.0001725904003251344,0.05640265345573425,0.014716444537043571,-0.03262040764093399,-0.044823355972766876,0.055436670780181885,False
train,0.6028339266777039,0.0,0.00017283974739257246,0.05639704689383507,0.014697203412652016,-0.03365686908364296,-0.04479944705963135,0.056033696979284286,False
train,0.6032506823539734,0.0,0.00017309722898062319,0.05639107525348663,0.014677632600069046,-0.034657321870326996,-0.04477602615952492,0.056621748954057693,False
train,0.6036674380302429,0.0,0.00017336185555905104,0.05638470500707626,0.014657733961939812,-0.035620979964733124,-0.04475313797593117,0.05719875544309616,False
test,0.6040841937065125,0.0,0.00017363352526444942,0.0563778430223465,0.014637543819844723,-0.03654637187719345,-0.044730789959430695,0.057762280106544495,False
train,0.6045008897781372,0.0,0.0001739125873427838,0.056370627135038376,0.01461706217378378,-0.037433262914419174,-0.04470915347337723,0.058310870081186295,False
train,0.6049177050590515,0.0,0.00017419722280465066,0.056363094598054886,0.014596298336982727,-0.03828135505318642,-0.04468831792473793,0.05884307995438576,False
train,0.6053344011306763,0.0,0.00017448833386879414,0.05635519698262215,0.014575294218957424,-0.03909216821193695,-0.044668279588222504,0.05935867875814438,False
train,0.6057512164115906,0.0,0.00017478493100497872,0.0563468374311924,0.01455405168235302,-0.03986702859401703,-0.04464900121092796,0.05985743924975395,False
test,0.6061679720878601,0.0,0.00017508587916381657,0.05633830651640892,0.014532585628330708,-0.04060787335038185,-0.044630736112594604,0.06033989042043686,False
train,0.6065846681594849,0.0,0.00017539133841637522,0.056329395622015,0.014510937966406345,-0.04131728410720825,-0.04461333900690079,0.06080680713057518,False
train,0.6070014834403992,0.0,0.00017570135241840035,0.05632021278142929,0.014489088207483292,-0.0419984832406044,-0.04459686949849129,0.06125972047448158,False
train,0.6074181795120239,0.0,0.0001760141021804884,0.056310731917619705,0.014467081055045128,-0.04265454411506653,-0.04458131641149521,0.061700113117694855,False
train,0.6078349947929382,0.0,0.00017633130482863635,0.056300967931747437,0.014444921165704727,-0.043289199471473694,-0.044566649943590164,0.06213003396987915,False
test,0.608251690864563,0.0,0.000176649380591698,0.05629097297787666,0.014422638341784477,-0.043906547129154205,-0.044552892446517944,0.06255193799734116,False
train,0.6086684465408325,0.0,0.00017697023577056825,0.05628058686852455,0.014400246553122997,-0.04450990632176399,-0.04453986883163452,0.0629677027463913,False
train,0.609085202217102,0.0,0.00017729234241414815,0.056270018219947815,0.014377753250300884,-0.04510416090488434,-0.04452767223119736,0.06338058412075043,False
train,0.6095019578933716,0.0,0.00017761588969733566,0.056259214878082275,0.014355186372995377,-0.04569265991449356,-0.04451621323823929,0.06379273533821106,False
train,0.6099187731742859,0.0,0.00017794121231418103,0.056248150765895844,0.0143325449898839,-0.0462796576321125,-0.04450538381934166,0.06420697271823883,False
test,0.6103354692459106,0.0,0.00017826662224251777,0.056236814707517624,0.014309878461062908,-0.046869389712810516,-0.04449509084224701,0.06462625414133072,False
train,0.6107522249221802,0.0,0.00017859194485936314,0.056225236505270004,0.014287186786532402,-0.047464534640312195,-0.044485289603471756,0.06505246460437775,False
train,0.6111689805984497,0.0,0.0001789170055417344,0.0562133826315403,0.014264477416872978,-0.0480692982673645,-0.04447583854198456,0.06548860669136047,False
train,0.6115857362747192,0.0,0.0001792430120985955,0.0562012642621994,0.014241776429116726,-0.04868638515472412,-0.04446665570139885,0.06593669205904007,False
train,0.6120024919509888,0.0,0.00017956770898308605,0.05618890002369881,0.014219098724424839,-0.04931838810443878,-0.04445766657590866,0.06639870256185532,False
test,0.6124192476272583,2.9416461984510534e-05,0.00017989180923905224,0.05617625638842583,0.014196468517184258,-0.0499676913022995,-0.04444872960448265,0.06687644869089127,False
train,0.6128360033035278,1.6809406588436104e-05,0.00018021545838564634,0.05616331100463867,0.014173888601362705,-0.050636064261198044,-0.04443972557783127,0.06737136095762253,False
train,0.6132527589797974,2.5214108973159455e-05,0.00018053900566883385,0.056150030344724655,0.014151384122669697,-0.05132496729493141,-0.04443053901195526,0.0678846463561058,False
train,0.6136695146560669,1.6809406588436104e-05,0.00018086070485878736,0.056136563420295715,0.014128969050943851,-0.05203494802117348,-0.044421203434467316,0.06841695308685303,False
train,0.6140862703323364,2.5214108973159455e-05,0.00018118265143129975,0.05612272024154663,0.014106656424701214,-0.0527663379907608,-0.04441145807504654,0.06896857172250748,False
test,0.614503026008606,1.6809406588436104e-05,0.00018150376854464412,0.05610854923725128,0.014084463939070702,-0.053518764674663544,-0.04440127685666084,0.06953942030668259,False
train,0.6149197816848755,2.5214108973159455e-05,0.00018182459461968392,0.05609402433037758,0.014062407426536083,-0.05429140478372574,-0.044390562921762466,0.07012901455163956,False
train,0.615336537361145,1.6809406588436104e-05,0.00018214425654150546,0.05607924982905388,0.014040498062968254,-0.055082857608795166,-0.0443793423473835,0.07073646038770676,False
train,0.6157532334327698,1.6809406588436104e-05,0.0001824641221901402,0.056064024567604065,0.014018754474818707,-0.05589080601930618,-0.04436739161610603,0.07135998457670212,False
train,0.6161700487136841,2.5214108973159455e-05,0.0001827840314945206,0.05604855716228485,0.013997184112668037,-0.05671308934688568,-0.04435484856367111,0.07199810445308685,False
test,0.6165868043899536,1.6809406588436104e-05,0.00018310415907762945,0.0560326874256134,0.013975800015032291,-0.05754591152071953,-0.0443415567278862,0.0726478174328804,False
train,0.6170035600662231,2.5214108973159455e-05,0.00018342431576456875,0.05601641163229942,0.013954631052911282,-0.05838587135076523,-0.0443275049328804,0.07330646365880966,False
train,0.6174203157424927,1.6809406588436104e-05,0.00018374415230937302,0.05599989742040634,0.01393367350101471,-0.059228185564279556,-0.04431283846497536,0.07397030293941498,False
train,0.6178370118141174,1.6809406588436104e-05,0.00018406508024781942,0.05598289519548416,0.013912951573729515,-0.06006799638271332,-0.04429737105965614,0.07463525235652924,False
train,0.6182538270950317,2.5214108973159455e-05,0.00018438709957990795,0.05596555024385452,0.013892469927668571,-0.06090051680803299,-0.044281255453825,0.07529743015766144,False
test,0.6186705231666565,1.6809406588436104e-05,0.00018470967188477516,0.05594796687364578,0.013872236013412476,-0.061718568205833435,-0.04426463693380356,0.07595090568065643,False
train,0.619087278842926,2.5214108973159455e-05,0.00018503300088923424,0.05592991039156914,0.01385228056460619,-0.06251651048660278,-0.044247400015592575,0.07659077644348145,False
train,0.6195040345191956,2.101175778079778e-05,0.00018535845447331667,0.05591164901852608,0.013832594268023968,-0.06328728795051575,-0.044229838997125626,0.07721113413572311,False
train,0.6199207901954651,2.5214108973159455e-05,0.00018568433006294072,0.05589291453361511,0.0138131994754076,-0.06402313709259033,-0.04421186447143555,0.07780521363019943,False
train,0.6203376054763794,1.6809406588436104e-05,0.00018601077317725867,0.05587397888302803,0.013794098049402237,-0.0647166520357132,-0.0441938079893589,0.07836668938398361,False
test,0.6207543015480042,1.6809406588436104e-05,0.0001863392099039629,0.05585472658276558,0.013775317929685116,-0.06535927206277847,-0.044175710529088974,0.07888807356357574,False
train,0.6211710572242737,2.5214108973159455e-05,0.00018666840333025903,0.055835217237472534,0.013756848871707916,-0.06594247370958328,-0.04415779188275337,0.07936196029186249,False
train,0.6215878129005432,1.6809406588436104e-05,0.00018699746578931808,0.05581551045179367,0.013738710433244705,-0.06645779311656952,-0.0441402792930603,0.07978096604347229,False
train,0.6220045685768127,2.5214108973159455e-05,0.00018732764874584973,0.05579555407166481,0.013720907270908356,-0.06689628213644028,-0.04412330314517021,0.08013724535703659,False
train,0.6224213242530823,1.6809406588436104e-05,0.0001876580499811098,0.05577530711889267,0.013703458942472935,-0.06724841147661209,-0.04410703107714653,0.08042250573635101,False
test,0.6228380799293518,1.6809406588436104e-05,0.00018798885866999626,0.05575505644083023,0.013686356134712696,-0.06750566512346268,-0.04409191384911537,0.08062946796417236,False
train,0.6232548356056213,2.5214108973159455e-05,0.0001883175573311746,0.05573469027876854,0.013669616542756557,-0.06765827536582947,-0.04407809302210808,0.0807497426867485,False
train,0.6236715912818909,2.101175778079778e-05,0.00018864520825445652,0.05571426451206207,0.013653247617185116,-0.06769788265228271,-0.04406582564115524,0.08077623695135117,False
train,0.6240883469581604,3.361881317687221e-05,0.0001889710983959958,0.05569387599825859,0.013637254014611244,-0.06761541217565536,-0.044055428355932236,0.08070145547389984,False
train,0.6245051026344299,1.6809406588436104e-05,0.0001892935688374564,0.0556735023856163,0.013621645048260689,-0.06740220636129379,-0.04404713213443756,0.08051836490631104,False
test,0.6249218583106995,0.0,0.00018961225578095764,0.05565323680639267,0.013606422580778599,-0.06705044209957123,-0.04404124245047569,0.08022090047597885,False
train,0.625338613986969,0.0,0.00018992566037923098,0.055633194744586945,0.01359159592539072,-0.06655238568782806,-0.044038087129592896,0.07980334013700485,False
train,0.6257553696632385,0.0,0.0001902336225612089,0.05561339110136032,0.013577171601355076,-0.06590156257152557,-0.04403790086507797,0.07926129549741745,False
train,0.6261720657348633,0.0,0.00019053391588386148,0.05559379979968071,0.01356314867734909,-0.06509150564670563,-0.044040877372026443,0.07859072834253311,False
train,0.6265888810157776,0.0,0.00019082537619397044,0.055574558675289154,0.01354953646659851,-0.06411688029766083,-0.04404733330011368,0.07778908312320709,False
test,0.6270056366920471,0.0,0.0001911074505187571,0.05555584281682968,0.013536342419683933,-0.06297382712364197,-0.04405757784843445,0.07685553282499313,False
train,0.6274223923683167,0.0,0.00019137807248625904,0.05553765967488289,0.013523558154702187,-0.06165935844182968,-0.04407176375389099,0.07579047977924347,False
train,0.6278391480445862,0.0,0.00019163520482834429,0.055519964545965195,0.013511189259588718,-0.060171082615852356,-0.04408998414874077,0.07459548115730286,False
train,0.6282558441162109,0.0,0.00019187858561053872,0.055502939969301224,0.013499252498149872,-0.05850847810506821,-0.04411247745156288,0.07327450066804886,False
train,0.6286726593971252,0.0,0.00019210707978345454,0.05548669397830963,0.013487736694514751,-0.05667175352573395,-0.04413938894867897,0.07183295488357544,False
test,0.62908935546875,0.0,0.00019231731130275875,0.05547120049595833,0.013476651161909103,-0.05466426908969879,-0.044170673936605453,0.07027965784072876,False
train,0.6295061707496643,0.0,0.00019250721379648894,0.05545653775334358,0.013465995900332928,-0.05248796194791794,-0.044206403195858,0.06862355023622513,False
train,0.6299228668212891,0.0,0.00019267763127572834,0.055442940443754196,0.013455762527883053,-0.05014938861131668,-0.044246651232242584,0.06687845289707184,False
train,0.6303396224975586,0.0,0.00019282597349956632,0.055430177599191666,0.013445964083075523,-0.047653935849666595,-0.04429110512137413,0.06505843251943588,False
train,0.6307564377784729,0.0,0.00019294994126539677,0.05541852489113808,0.013436593115329742,-0.04500900208950043,-0.044339824467897415,0.06318093091249466,False
test,0.6311731338500977,0.0,0.00019304969464428723,0.055408086627721786,0.01342765986919403,-0.04222605377435684,-0.044392623007297516,0.06126780807971954,False
train,0.631589949131012,0.0,0.00019312351651024073,0.055398765951395035,0.013419147580862045,-0.039313264191150665,-0.04444916918873787,0.0593402162194252,False
train,0.6320066452026367,0.0,0.00019316995167173445,0.05539065971970558,0.013411077670753002,-0.0362851619720459,-0.0445091649889946,0.05742541700601578,False
train,0.6324234008789062,0.0,0.0001931881852215156,0.05538393557071686,0.013403419405221939,-0.03315328061580658,-0.044572409242391586,0.055550333112478256,False
train,0.6328401565551758,0.0,0.00019317712576594204,0.05537841096520424,0.013396196998655796,-0.02993282675743103,-0.044638313353061676,0.05374526232481003,False
test,0.6332569122314453,0.0,0.00019313659868203104,0.055374354124069214,0.013389402069151402,-0.0266389399766922,-0.04470664635300636,0.05204149708151817,False
train,0.6336736679077148,0.0,0.0001930658909259364,0.05537160113453865,0.01338302344083786,-0.023287653923034668,-0.044776786118745804,0.050470538437366486,False
train,0.6340904235839844,0.0,0.00019296594837214798,0.0553702674806118,0.013377072289586067,-0.019896436482667923,-0.04484831914305687,0.049063630402088165,False
train,0.6345071792602539,2.9416461984510534e-05,0.0001928347919601947,0.05537036806344986,0.013371529057621956,-0.016482334583997726,-0.04492074251174927,0.047849141061306,False
train,0.6349239349365234,5.463057095766999e-05,0.00019267413881607354,0.05537187680602074,0.013366400264203548,-0.013063744641840458,-0.044993482530117035,0.04685162752866745,False
test,0.635340690612793,1.2607054486579727e-05,0.0001924839016282931,0.05537478253245354,0.013361690565943718,-0.00965829286724329,-0.04506603255867958,0.04608936980366707,False
train,0.6357574462890625,2.5214108973159455e-05,0.0001922641386045143,0.05537913367152214,0.013357381336390972,-0.006284755654633045,-0.04513788968324661,0.045573316514492035,False
train,0.636174201965332,2.5214108973159455e-05,0.00019201714894734323,0.05538483336567879,0.013353465124964714,-0.002960875630378723,-0.04520849511027336,0.04530535265803337,False
train,0.6365909576416016,6.303527334239334e-05,0.00019174323824699968,0.055392008274793625,0.013349962420761585,0.00029606372117996216,-0.04527748003602028,0.04527844861149788,False
train,0.6370077133178711,0.0,0.0001914436143124476,0.05540042743086815,0.013346832245588303,0.0034681521356105804,-0.045344214886426926,0.045476652681827545,False
test,0.6374244689941406,0.0,0.0001911196595756337,0.055410172790288925,0.013344095088541508,0.006540380418300629,-0.04540838673710823,0.045876991003751755,False
train,0.6378412246704102,0.0,0.00019077314937021583,0.055421143770217896,0.013341743499040604,0.009495167061686516,-0.04546955227851868,0.046450383961200714,False
train,0.6382579803466797,0.0,0.00019040566985495389,0.05543331429362297,0.013339766301214695,0.012320179492235184,-0.04552741348743439,0.04716494679450989,False
train,0.6386746764183044,0.0,0.00019001931650564075,0.05544666200876236,0.013338160701096058,0.014999471604824066,-0.045581672340631485,0.04798617586493492,False
train,0.6390914916992188,0.0,0.00018961605383083224,0.05546114966273308,0.013336903415620327,0.017525389790534973,-0.04563218355178833,0.04888185113668442,False
test,0.6395081877708435,0.0,0.00018919755530077964,0.05547657236456871,0.013336006551980972,0.019883211702108383,-0.04567859321832657,0.049818430095911026,False
train,0.6399250030517578,0.0,0.0001887655962491408,0.05549297854304314,0.013335463590919971,0.022068150341510773,-0.045720916241407394,0.05076815187931061,False
train,0.6403416991233826,0.0,0.0001883236545836553,0.055510226637125015,0.01333526149392128,0.024069640785455704,-0.045758988708257675,0.0517033152282238,False
train,0.6407584547996521,0.0,0.00018787148292176425,0.05552837625145912,0.013335387222468853,0.025885704904794693,-0.04579293727874756,0.05260287597775459,False
train,0.6411752700805664,0.0,0.00018741359235718846,0.055547136813402176,0.013335848227143288,0.027510691434144974,-0.04582259804010391,0.0534466914832592,False
test,0.6415919661521912,0.0,0.0001869495026767254,0.05556650087237358,0.013336612842977047,0.02894333377480507,-0.04584808275103569,0.05421958491206169,False
train,0.6420087814331055,0.0,0.00018648337572813034,0.055586524307727814,0.013337706215679646,0.030184265226125717,-0.045869648456573486,0.05491005629301071,False
train,0.6424254775047302,0.0,0.00018601521151140332,0.05560697615146637,0.013339083641767502,0.031234631314873695,-0.045887306332588196,0.05550898239016533,False
train,0.6428422331809998,0.0,0.0001855475129559636,0.05562790483236313,0.013340764679014683,0.03209816664457321,-0.0459013395011425,0.05601093918085098,False
train,0.6432589888572693,0.0,0.0001850831031333655,0.05564900115132332,0.013342729769647121,0.03278021514415741,-0.045911770313978195,0.05641305819153786,False
test,0.6436757445335388,0.0,0.00018462091975379735,0.05567050352692604,0.013344966806471348,0.03328588604927063,-0.04591905698180199,0.05671428516507149,False
train,0.6440925002098083,0.0,0.00018416410603094846,0.05569204315543175,0.013347477652132511,0.033623963594436646,-0.045923225581645966,0.056916724890470505,False
train,0.6445092558860779,0.0,0.00018371314217802137,0.05571376904845238,0.01335023995488882,0.033802032470703125,-0.045924704521894455,0.057023294270038605,False
train,0.6449260115623474,0.0,0.00018326941062696278,0.055735569447278976,0.013353243470191956,0.03383035585284233,-0.04592369496822357,0.057039275765419006,False
train,0.6453427672386169,0.0,0.00018283510871697217,0.0557573176920414,0.013356507755815983,0.03371868655085564,-0.045920442789793015,0.056970492005348206,False
test,0.6457595229148865,0.0,0.00018240881036035717,0.05577893927693367,0.013359975069761276,0.03347814828157425,-0.0459151528775692,0.056824181228876114,False
train,0.646176278591156,0.0,0.00018199250916950405,0.055800553411245346,0.01336368452757597,0.03311965614557266,-0.04590825363993645,0.05660812184214592,False
train,0.6465930342674255,0.0,0.00018158720922656357,0.055821869522333145,0.013367590494453907,0.03265514224767685,-0.04589979350566864,0.056330714374780655,False
train,0.6470097899436951,0.0,0.00018119336164090782,0.055843137204647064,0.013371706940233707,0.03209559991955757,-0.04589024558663368,0.05600037798285484,False
train,0.6474265456199646,0.0,0.00018081002053804696,0.05586401745676994,0.013376002199947834,0.0314532145857811,-0.045879606157541275,0.05562591925263405,False
test,0.6478433012962341,0.0,0.00018043830641545355,0.055884622037410736,0.013380488380789757,0.030738214030861855,-0.04586821049451828,0.05521531030535698,False
train,0.6482600569725037,0.0,0.00018007855396717787,0.05590495467185974,0.013385134749114513,0.029962174594402313,-0.0458562858402729,0.054777100682258606,False
train,0.6486768126487732,0.0,0.00017973028298001736,0.05592498928308487,0.01338996086269617,0.029135145246982574,-0.04584402218461037,0.05431879311800003,False
train,0.6490935683250427,0.0,0.00017939451208803803,0.055944640189409256,0.013394921086728573,0.02826712653040886,-0.04583154618740082,0.053847573697566986,False
train,0.6495103240013123,0.0,0.00017907063011080027,0.05596386268734932,0.013400029391050339,0.02736697904765606,-0.045818991959095,0.05336976423859596,False
test,0.649927020072937,0.0,0.00017875824414659292,0.05598282441496849,0.013405266217887402,0.026443693786859512,-0.0458066463470459,0.0528915636241436,False
train,0.6503438353538513,0.0,0.00017845729598775506,0.05600136145949364,0.013410632498562336,0.025503769516944885,-0.04579450562596321,0.05241735279560089,False
train,0.6507605314254761,0.0,0.0001781678874976933,0.056019462645053864,0.013416103087365627,0.024555157870054245,-0.045782677829265594,0.05195198953151703,False
train,0.6511773467063904,0.0,0.0001778886216925457,0.05603726953268051,0.013421677052974701,0.02360294759273529,-0.045771364122629166,0.05149870738387108,False
train,0.6515941023826599,0.0,0.00017762080824468285,0.05605451390147209,0.01342734880745411,0.022652078419923782,-0.04576043412089348,0.05106010288000107,False
test,0.6520107984542847,0.0,0.00017736217705532908,0.05607147887349129,0.013433092273771763,0.021707016974687576,-0.04575016349554062,0.05063864216208458,False
train,0.652427613735199,0.0,0.00017711390682961792,0.056088075041770935,0.013438915833830833,0.020770417526364326,-0.045740529894828796,0.05023550987243652,False
train,0.6528443098068237,0.0,0.0001768754154909402,0.056104209274053574,0.013444804586470127,0.01984492689371109,-0.045731473714113235,0.0498516671359539,False
train,0.653261125087738,0.0,0.00017664500046521425,0.05611998960375786,0.013450754806399345,0.01893121749162674,-0.0457230843603611,0.049487289041280746,False
train,0.6536778211593628,0.0,0.00017642446618992835,0.056135453283786774,0.013456737622618675,0.01803024671971798,-0.045715395361185074,0.04914252087473869,False
test,0.6540945768356323,0.0,0.00017621195001993328,0.05615049973130226,0.013462768867611885,0.017141124233603477,-0.045708294957876205,0.04881666228175163,False
train,0.6545113325119019,0.0,0.00017600656428840011,0.056165196001529694,0.013468815013766289,0.016262652352452278,-0.04570179060101509,0.04850904643535614,False
train,0.6549280881881714,0.0,0.00017580896383151412,0.056179460138082504,0.013474890030920506,0.015392903238534927,-0.04569578170776367,0.048218730837106705,False
train,0.6553448438644409,0.0,0.0001756189449224621,0.05619345232844353,0.013480973429977894,0.014529049396514893,-0.045690324157476425,0.047944750636816025,False
train,0.6557615995407104,0.0,0.00017543548892717808,0.056207071989774704,0.013487059623003006,0.0136678796261549,-0.04568526893854141,0.04768599942326546,False
test,0.65617835521698,0.0,0.00017525843577459455,0.05622033774852753,0.013493136502802372,0.012805286794900894,-0.04568055272102356,0.04744141921401024,False
train,0.6565951108932495,0.0,0.0001750880473991856,0.05623327195644379,0.013499202206730843,0.01193748414516449,-0.045676104724407196,0.047210272401571274,False
train,0.657011866569519,0.0,0.00017492349434178323,0.05624578520655632,0.013505252078175545,0.011058459058403969,-0.045671746134757996,0.04699146747589111,False
train,0.6574286222457886,0.0,0.0001747647620504722,0.0562579520046711,0.013511278666555882,0.010164601728320122,-0.04566745460033417,0.04678499326109886,False
train,0.6578453779220581,0.0,0.00017461300012655556,0.05626970902085304,0.013517256826162338,0.009249622002243996,-0.04566305875778198,0.046590451151132584,False
test,0.6582621335983276,0.0,0.00017446588026359677,0.05628113076090813,0.01352319959551096,0.008309079334139824,-0.04565853253006935,0.046408429741859436,False
train,0.6586788892745972,0.0,0.00017432485765311867,0.05629218742251396,0.013529093004763126,0.007336366921663284,-0.04565371945500374,0.046239424496889114,False
train,0.6590956449508667,0.0,0.00017419007781427354,0.05630277469754219,0.013534932397305965,0.006327487528324127,-0.04564845934510231,0.04608491063117981,False
train,0.6595124006271362,0.0,0.00017406040569767356,0.0563129223883152,0.01354070845991373,0.005276098847389221,-0.04564264789223671,0.04594658315181732,False
train,0.6599291563034058,0.0,0.00017393728194292635,0.05632270500063896,0.01354642491787672,0.004178229719400406,-0.04563627019524574,0.04582713916897774,False
test,0.6603458523750305,0.0,0.00017381941142957658,0.05633193254470825,0.013552071526646614,0.0030288677662611008,-0.04562906548380852,0.04572948440909386,False
train,0.6607626676559448,0.0,0.0001737087150104344,0.056340716779232025,0.01355763804167509,0.0018240232020616531,-0.04562104493379593,0.04565749317407608,False
train,0.6611793637275696,0.0,0.00017360354831907898,0.05634899437427521,0.013563116081058979,0.0005600005388259888,-0.04561207816004753,0.04561551660299301,False
train,0.6615961790084839,0.0,0.0001735054247546941,0.056356705725193024,0.01356852613389492,-0.0007662791758775711,-0.045602038502693176,0.04560847580432892,False
train,0.6620129346847534,0.0,0.0001734139514155686,0.056363921612501144,0.013573828153312206,-0.0021572578698396683,-0.04559093713760376,0.0456419475376606,False
test,0.6624296307563782,0.0,0.00017332997231278569,0.056370459496974945,0.0135790491476655,-0.0036137476563453674,-0.04557858407497406,0.045721620321273804,False
train,0.6628464460372925,0.0,0.00017325312364846468,0.05637643486261368,0.013584163039922714,-0.0051390621811151505,-0.045565005391836166,0.04585389420390129,False
train,0.6632631421089172,0.0,0.0001731843949528411,0.0563817098736763,0.013589189387857914,-0.006731139495968819,-0.045550089329481125,0.04604474827647209,False
train,0.6636799573898315,0.0,0.00017312397540081292,0.05638638138771057,0.013594106771051884,-0.008392147719860077,-0.04553387686610222,0.04630078002810478,False
train,0.6640966534614563,0.0,0.00017307198140770197,0.05639023706316948,0.013598930090665817,-0.010118569247424603,-0.045516204088926315,0.04662735387682915,False
test,0.6645134091377258,0.0,0.00017302956257481128,0.05639345571398735,0.013603638857603073,-0.011910736560821533,-0.04549720883369446,0.047030430287122726,False
train,0.6649301648139954,0.0,0.0001729952491587028,0.05639589577913284,0.013608246110379696,-0.013765105977654457,-0.04547679424285889,0.04751438647508621,False
train,0.6653469204902649,0.0,0.00017297051090281457,0.05639759451150894,0.013612751848995686,-0.01567952334880829,-0.04545501619577408,0.04808332398533821,False
train,0.6657637357711792,0.0,0.0001729563227854669,0.056398432701826096,0.01361713744699955,-0.017649618908762932,-0.04543181136250496,0.04873970150947571,False
train,0.666180431842804,0.0,0.0001729516952764243,0.05639846995472908,0.013621419668197632,-0.01967141032218933,-0.045407261699438095,0.049485187977552414,False
test,0.6665971875190735,0.0,0.00017295731231570244,0.05639767274260521,0.013625601306557655,-0.021739579737186432,-0.04538140073418617,0.05031978711485863,False
train,0.667013943195343,0.0,0.00017297397425863892,0.05639598146080971,0.013629667460918427,-0.02385057881474495,-0.04535422474145889,0.05124310404062271,False
train,0.6674306988716125,0.0,0.0001730013609630987,0.0563933290541172,0.01363363116979599,-0.025996625423431396,-0.045325763523578644,0.05225178599357605,False
train,0.6678474545478821,0.0,0.00017303913773503155,0.05638980492949486,0.013637480325996876,-0.028173767030239105,-0.04529613256454468,0.053343236446380615,False
train,0.6682642102241516,0.0,0.0001730889780446887,0.05638546496629715,0.013641239143908024,-0.03037465550005436,-0.04526545852422714,0.05451221391558647,False
test,0.6686809659004211,0.0,0.00017315006698481739,0.05638016387820244,0.013644895516335964,-0.03259194269776344,-0.045233722776174545,0.05575234815478325,False
train,0.6690977215766907,0.0,0.00017322222993243486,0.056373871862888336,0.013648451305925846,-0.034820713102817535,-0.04520094394683838,0.057057928293943405,False
train,0.6695144772529602,0.0,0.0001733069948386401,0.05636674538254738,0.013651909306645393,-0.037052221596241,-0.04516737163066864,0.05842053145170212,False
train,0.6699312329292297,0.0,0.00017340171325486153,0.056358642876148224,0.013655278831720352,-0.03928133100271225,-0.04513294994831085,0.05983315035700798,False
train,0.6703479886054993,0.0,0.00017350923735648394,0.05634958669543266,0.013658564537763596,-0.04149915277957916,-0.04509780928492546,0.06128615140914917,False
test,0.6707647442817688,0.0,0.0001736282283673063,0.056339673697948456,0.013661760836839676,-0.04370054602622986,-0.04506209120154381,0.06277205049991608,False
train,0.6711814999580383,0.0,0.00017375808965880424,0.05632878094911575,0.013664878904819489,-0.045876480638980865,-0.045025814324617386,0.0642804428935051,False
train,0.6715981960296631,0.0,0.0001738998107612133,0.0563170425593853,0.013667927123606205,-0.04802151024341583,-0.04498916491866112,0.0658034235239029,False
train,0.6720150113105774,0.0,0.0001740522711770609,0.056304436177015305,0.013670905493199825,-0.05012842267751694,-0.04495221748948097,0.0673317164182663,False
train,0.6724317669868469,0.0,0.00017421666416339576,0.056290846318006516,0.0136738121509552,-0.052190445363521576,-0.04491497203707695,0.06885635107755661,False
test,0.6728485226631165,0.0,0.0001743911998346448,0.056276556104421616,0.013676675036549568,-0.05420016869902611,-0.044877760112285614,0.07036811858415604,False
train,0.673265278339386,0.0,0.00017457605281379074,0.0562613271176815,0.013679481111466885,-0.056152015924453735,-0.04484047368168831,0.07185900956392288,False
train,0.6736819744110107,0.0,0.0001747715868987143,0.056245356798172,0.013682247139513493,-0.05803801119327545,-0.04480338096618652,0.07331953197717667,False
train,0.674098789691925,0.0,0.00017497738008387387,0.05622866749763489,0.013684968464076519,-0.05985463410615921,-0.04476657137274742,0.07474371790885925,False
train,0.6745154857635498,0.0,0.00017519258835818619,0.05621115863323212,0.013687665574252605,-0.06159193441271782,-0.044730089604854584,0.07612060755491257,False
test,0.6749323010444641,0.0,0.0001754155964590609,0.05619293451309204,0.013690335676074028,-0.06324748694896698,-0.044694092124700546,0.07744550704956055,False
train,0.6753489971160889,0.0,0.00017564842710271478,0.05617406964302063,0.013693001121282578,-0.0648118108510971,-0.044658757746219635,0.07870816439390182,False
train,0.6757657527923584,0.0,0.00017588894115760922,0.056154582649469376,0.013695653527975082,-0.06628143787384033,-0.04462417960166931,0.07990335673093796,False
train,0.6761825680732727,0.0,0.00017613735690247267,0.05613449588418007,0.013698313385248184,-0.06764906644821167,-0.04459049180150032,0.08102288842201233,False
train,0.6765992641448975,0.0,0.00017639200086705387,0.0561138391494751,0.013700978830456734,-0.06890938431024551,-0.04455781728029251,0.08206035941839218,False
test,0.677016019821167,0.0,0.00017665291670709848,0.0560927577316761,0.013703673146665096,-0.07005582749843597,-0.04452637955546379,0.0830085426568985,False
train,0.6774327754974365,0.0,0.00017691994435153902,0.05607112497091293,0.013706391677260399,-0.07108373194932938,-0.044496163725852966,0.0838618278503418,False
train,0.677849531173706,0.0,0.00017719210882205516,0.05604912340641022,0.013709151186048985,-0.0719856470823288,-0.04446744546294212,0.08461257070302963,False
train,0.6782662868499756,0.0,0.00017746792582329363,0.05602679029107094,0.013711956329643726,-0.07275769114494324,-0.044440340250730515,0.08525623381137848,False
train,0.6786830425262451,0.0,0.00017774685693439096,0.05600416660308838,0.013714826665818691,-0.07339222729206085,-0.04441500082612038,0.08578526228666306,False
test,0.6790997982025146,0.0,0.00017802964430302382,0.055981311947107315,0.013717763125896454,-0.0738854855298996,-0.04439156502485275,0.08619556576013565,False
train,0.6795165538787842,0.0,0.00017831218428909779,0.05595824122428894,0.013720784336328506,-0.07423032075166702,-0.04437016695737839,0.08648035675287247,False
train,0.6799333095550537,0.0,0.00017859671788755804,0.05593506246805191,0.013723890297114849,-0.07442235946655273,-0.04435097798705101,0.08663542568683624,False
train,0.6803500652313232,0.0,0.00017887998546939343,0.0559118278324604,0.013727101497352123,-0.07445622235536575,-0.04433413967490196,0.08665589988231659,False
train,0.6807668209075928,0.0,0.00017916184151545167,0.05588864907622337,0.013730423524975777,-0.07432763278484344,-0.04431983083486557,0.08653810620307922,False
test,0.6811835765838623,0.0,0.00017944208229891956,0.05586564168334007,0.013733870349824429,-0.07403118908405304,-0.04430822283029556,0.08627766370773315,False
train,0.6816003322601318,0.0,0.0001797182922018692,0.05584264546632767,0.013737448491156101,-0.07356442511081696,-0.044299256056547165,0.08587286621332169,False
train,0.6820170283317566,0.0,0.0001799901365302503,0.05581997334957123,0.013741176575422287,-0.07292304188013077,-0.04429323598742485,0.08532092720270157,False
train,0.6824338436126709,0.0,0.0001802565238904208,0.05579756200313568,0.013745062053203583,-0.07210414111614227,-0.044290170073509216,0.08462048321962357,False
train,0.6828505992889404,0.0,0.0001805155916372314,0.055775586515665054,0.01374911144375801,-0.07110602408647537,-0.04429022595286369,0.08377166092395782,False
test,0.68326735496521,0.0,0.0001807667431421578,0.055754002183675766,0.013753337785601616,-0.06992805004119873,-0.0442933589220047,0.08277580142021179,False
train,0.6836841106414795,0.0,0.00018100874149240553,0.05573297291994095,0.01375776156783104,-0.06856944411993027,-0.04429971054196358,0.0816347524523735,False
train,0.6841008067131042,0.0,0.0001812401897041127,0.055712535977363586,0.013762387447059155,-0.06703206896781921,-0.044309262186288834,0.0803530290722847,False
train,0.6845176219940186,0.0,0.00018146068032365292,0.05569279193878174,0.01376723125576973,-0.06531640142202377,-0.04432205483317375,0.07893463224172592,False
train,0.6849343180656433,0.0,0.00018166810332331806,0.05567379295825958,0.013772291131317616,-0.06342712044715881,-0.04433803632855415,0.077387735247612,False
test,0.6853511333465576,0.0,0.00018186189117841423,0.055655594915151596,0.013777594082057476,-0.06136733293533325,-0.04435715079307556,0.0757199227809906,False
train,0.6857678294181824,0.0,0.000182041636435315,0.055638302117586136,0.01378314197063446,-0.05914388224482536,-0.044379353523254395,0.07394272089004517,False
train,0.6861845850944519,0.0,0.00018220487982034683,0.055621981620788574,0.013788959011435509,-0.056762441992759705,-0.0444045327603817,0.07206758856773376,False
train,0.6866014003753662,0.0,0.00018235297466162592,0.05560670793056488,0.013795038685202599,-0.05423104017972946,-0.04443258047103882,0.07010891288518906,False
train,0.687018096446991,0.0,0.00018248257401864976,0.05559253320097923,0.013801409862935543,-0.05155996233224869,-0.044463321566581726,0.06808389723300934,False
test,0.6874349117279053,0.0,0.00018259536591358483,0.05557949095964432,0.013808072544634342,-0.048757705837488174,-0.0444965735077858,0.0660095363855362,False
train,0.68785160779953,0.0,0.0001826887164497748,0.05556764453649521,0.013815037906169891,-0.045837827026844025,-0.04453212022781372,0.06390786916017532,False
train,0.6882683634757996,0.0,0.0001827629457693547,0.05555705726146698,0.013822320848703384,-0.04281079024076462,-0.044569775462150574,0.06179990619421005,False
train,0.6886851191520691,0.0,0.00018281856318935752,0.05554772540926933,0.01382993534207344,-0.039689913392066956,-0.04460926353931427,0.059709928929805756,False
train,0.6891018748283386,0.0,0.00018285463738720864,0.05553961917757988,0.013837882317602634,-0.03648926317691803,-0.044650278985500336,0.057663798332214355,False
test,0.6895186901092529,0.0,0.0001828696404118091,0.055532995611429214,0.01384618692100048,-0.033222395926713943,-0.0446927510201931,0.055688146501779556,False
train,0.6899353861808777,0.0,0.00018286527483724058,0.055527716875076294,0.013854844495654106,-0.029905032366514206,-0.04473627358675003,0.053811199963092804,False
train,0.6903521418571472,0.0,0.00018284103134647012,0.05552386865019798,0.01386386901140213,-0.026550326496362686,-0.044780660420656204,0.0520598441362381,False
train,0.6907688975334167,0.0,0.00018279693904332817,0.05552133917808533,0.013873273506760597,-0.023173069581389427,-0.044825538992881775,0.05046107620000839,False
train,0.6911856532096863,0.0,0.00018273368186783046,0.05552024021744728,0.013883079402148724,-0.019787929952144623,-0.044870756566524506,0.049040257930755615,False
test,0.6916024088859558,0.0,0.00018265197286382318,0.05552060529589653,0.013893266208469868,-0.016408877447247505,-0.04491608962416649,0.04781951755285263,False
train,0.6920191645622253,0.0,0.00018255131726618856,0.05552234873175621,0.013903869315981865,-0.013048963621258736,-0.04496125876903534,0.04681656137108803,False
train,0.6924359202384949,0.0,0.00018243228259962052,0.0555255301296711,0.013914888724684715,-0.009721878916025162,-0.04500609636306763,0.04604414850473404,False
train,0.6928526759147644,0.0,0.00018229629495181143,0.055530041456222534,0.013926339335739613,-0.006437649950385094,-0.04505036771297455,0.0455080084502697,False
train,0.6932694315910339,0.0,0.00018214390729553998,0.055535946041345596,0.013938214629888535,-0.0032089147716760635,-0.045093946158885956,0.045207977294921875,False
test,0.6936861872673035,0.0,0.0001819760218495503,0.05554314702749252,0.013950535096228123,-4.494562745094299e-05,-0.04513665288686752,0.045136675238609314,False
train,0.694102942943573,0.0,0.00018179234757553786,0.055551689118146896,0.013963316567242146,0.0030442234128713608,-0.045178405940532684,0.045280855149030685,False
train,0.6945196986198425,0.0,0.00018159570754505694,0.05556149780750275,0.013976546935737133,0.006053019315004349,-0.045219093561172485,0.04562242329120636,False
train,0.6949364542961121,0.0,0.0001813848939491436,0.05557263270020485,0.013990240171551704,0.00897246040403843,-0.045258697122335434,0.046139515936374664,False
train,0.6953531503677368,0.0,0.00018116242426913232,0.055584877729415894,0.014004403725266457,0.011797364801168442,-0.045297034084796906,0.04680810868740082,False
test,0.6957699656486511,0.0,0.00018092815298587084,0.055598292499780655,0.014019053429365158,0.014524990692734718,-0.04533415287733078,0.04760420694947243,False
train,0.6961866617202759,0.0,0.00018068401550408453,0.05561283975839615,0.014034177176654339,0.017150625586509705,-0.04537004604935646,0.04850345477461815,False
train,0.6966034770011902,0.0,0.00018042988085653633,0.0556284599006176,0.014049801044166088,0.01967194676399231,-0.04540469869971275,0.0494830496609211,False
train,0.6970202326774597,0.0,0.00018016769899986684,0.05564511567354202,0.014065910130739212,0.02208719030022621,-0.045438140630722046,0.050521962344646454,False
train,0.6974369287490845,0.0,0.00017989643674809486,0.05566277354955673,0.014082517474889755,0.02439655177295208,-0.04547041282057762,0.051601842045784,False
test,0.6978537440299988,0.0,0.0001796180586097762,0.05568141117691994,0.014099644497036934,0.02660108543932438,-0.045501597225666046,0.05270686000585556,False
train,0.6982704401016235,0.0,0.00017933447088580579,0.055700868368148804,0.014117260463535786,0.028698354959487915,-0.04553161934018135,0.053821224719285965,False
train,0.6986871957778931,0.0,0.0001790450041880831,0.05572120472788811,0.014135393314063549,0.030693896114826202,-0.045560672879219055,0.05493532493710518,False
train,0.6991039514541626,0.0,0.00017875056073535234,0.05574240908026695,0.014154044911265373,0.03258711099624634,-0.045588813722133636,0.0560380220413208,False
train,0.6995207071304321,0.0,0.00017845201364252716,0.05576439946889877,0.014173210598528385,0.03438105806708336,-0.04561609774827957,0.057121675461530685,False
test,0.6999375224113464,0.0,0.00017814969760365784,0.05578712373971939,0.014192886650562286,0.036078304052352905,-0.045642588287591934,0.05817980691790581,False
train,0.7003542184829712,0.0,0.00017784468946047127,0.05581042543053627,0.014213087037205696,0.03768172115087509,-0.04566826671361923,0.059207286685705185,False
train,0.7007709741592407,0.0,0.00017753646534401923,0.05583455041050911,0.014233808033168316,0.03919307515025139,-0.04569341242313385,0.060199543833732605,False
train,0.7011877298355103,4.202351647109026e-06,0.00017722642223816365,0.055859215557575226,0.014255059882998466,0.04061703383922577,-0.04571792483329773,0.06115449219942093,False
train,0.7016044855117798,0.0,0.00017691456014290452,0.0558844618499279,0.014276821166276932,0.04195495694875717,-0.04574190452694893,0.06206883490085602,False
test,0.7020212411880493,0.0,0.00017660170851740986,0.05591022968292236,0.014299103990197182,0.043210469186306,-0.04576540365815163,0.06294137239456177,False
train,0.7024379968643188,0.0,0.0001762874162523076,0.05593659356236458,0.014321902766823769,0.04438424110412598,-0.045788537710905075,0.06376951187849045,False
train,0.7028547525405884,0.0,0.00017597283294890076,0.0559634231030941,0.014345226809382439,0.045480869710445404,-0.04581129178404808,0.06455373018980026,False
train,0.7032715082168579,0.0,0.00017565830785315484,0.055990662425756454,0.014369050040841103,0.046500444412231445,-0.04583367705345154,0.06529178470373154,False
train,0.7036882638931274,0.0,0.00017534385551698506,0.05601837858557701,0.014393390156328678,0.0474456325173378,-0.0458558015525341,0.06598365306854248,False
test,0.704105019569397,0.0,0.00017502877744846046,0.05604644864797592,0.014418242499232292,0.04831793159246445,-0.0458776131272316,0.06662865728139877,False
train,0.7045217752456665,0.0,0.00017471578030381352,0.05607488378882408,0.014443580992519855,0.04911795258522034,-0.04589914530515671,0.06722577661275864,False
train,0.704938530921936,0.0,0.000174403001437895,0.05610361322760582,0.014469437301158905,0.04984711855649948,-0.04592038691043854,0.06777475029230118,False
train,0.7053552865982056,0.0,0.00017409063002560288,0.056132663041353226,0.014495771378278732,0.050504930317401886,-0.04594136029481888,0.06827412545681,False
train,0.7057719826698303,0.0,0.00017377945187035948,0.05616201087832451,0.014522586017847061,0.051093246787786484,-0.04596208035945892,0.06872432678937912,False
test,0.7061887979507446,0.0,0.000173470180016011,0.056191589683294296,0.014549891464412212,0.05161168426275253,-0.04598249867558479,0.06912420690059662,False
train,0.7066054940223694,0.0,0.00017316211597062647,0.0562213771045208,0.014577660709619522,0.052060164511203766,-0.0460025928914547,0.0694730132818222,False
train,0.7070223093032837,0.0,0.00017285524518229067,0.05625128746032715,0.014605891890823841,0.05243871361017227,-0.04602230340242386,0.06977013498544693,False
train,0.7074390649795532,0.0,0.00017255156126338989,0.05628146231174469,0.01463458500802517,0.052747584879398346,-0.046041738241910934,0.07001535594463348,False
train,0.707855761051178,0.0,0.0001722497254377231,0.05631173774600029,0.014663701876997948,0.052985601127147675,-0.04606075584888458,0.07020732015371323,False
test,0.7082725763320923,0.0,0.00017194989777635783,0.05634211003780365,0.014693280681967735,0.05315377563238144,-0.04607933759689331,0.07034648954868317,False
train,0.708689272403717,4.202351647109026e-06,0.00017165319877676666,0.05637247860431671,0.014723245054483414,0.05325101315975189,-0.04609741270542145,0.07043182849884033,False
train,0.7091060876846313,0.0,0.00017135913367383182,0.056403037160634995,0.014753654599189758,0.05327775329351425,-0.04611510410904884,0.0704636201262474,False
train,0.7095227837562561,2.101175778079778e-05,0.00017106802260968834,0.0564335398375988,0.014784442260861397,0.053233154118061066,-0.04613221436738968,0.0704411119222641,False
train,0.7099395394325256,3.782116618822329e-05,0.000170780680491589,0.056463822722435,0.014815629459917545,0.05311787873506546,-0.04614860191941261,0.07036478072404861,False
test,0.7103563547134399,6.723762635374442e-05,0.0001704957539914176,0.056494224816560745,0.01484717708081007,0.05293192341923714,-0.04616452753543854,0.07023497670888901,False
train,0.7107730507850647,5.463057095766999e-05,0.00017021568783093244,0.056524608284235,0.014879073016345501,0.052675869315862656,-0.0461798794567585,0.07005232572555542,False
train,0.711189866065979,5.883292396902107e-05,0.000169938852195628,0.05655478686094284,0.014911320060491562,0.05234954506158829,-0.04619449004530907,0.0698169395327568,False
train,0.7116065621376038,7.564233237644657e-05,0.00016966713883448392,0.056584905833005905,0.014943890273571014,0.05195404216647148,-0.04620848968625069,0.069530189037323,False
train,0.7120233178138733,5.042821794631891e-05,0.0001693990925559774,0.05661488696932793,0.014976758509874344,0.051489800214767456,-0.04622179642319679,0.06919287145137787,False
test,0.7124400734901428,5.883292396902107e-05,0.00016913583385758102,0.05664456635713577,0.015009932219982147,0.050957418978214264,-0.04623429477214813,0.06880602240562439,False
train,0.7128568291664124,5.463057095766999e-05,0.00016887749370653182,0.05667399987578392,0.015043378807604313,0.050358012318611145,-0.04624602198600769,0.06837122142314911,False
train,0.7132735848426819,6.723762635374442e-05,0.0001686246832832694,0.05670328810811043,0.015077070333063602,0.049692995846271515,-0.04625707492232323,0.06789043545722961,False
train,0.7136903405189514,6.303527334239334e-05,0.000168376907822676,0.056732241064310074,0.015110986307263374,0.04896288737654686,-0.046267300844192505,0.0673648864030838,False
train,0.714107096195221,6.303527334239334e-05,0.00016813496768008918,0.05676104873418808,0.01514513697475195,0.048169344663619995,-0.04627686366438866,0.06679695844650269,False
test,0.7145238518714905,6.303527334239334e-05,0.0001678991102380678,0.05678930878639221,0.015179471112787724,0.0473131500184536,-0.04628545418381691,0.06618819385766983,False
train,0.71494060754776,5.883292396902107e-05,0.00016766886983532459,0.05681723728775978,0.01521398313343525,0.046395644545555115,-0.046293243765830994,0.06554098427295685,False
train,0.7153573632240295,6.303527334239334e-05,0.00016744535241741687,0.05684494227170944,0.015248631127178669,0.04541859030723572,-0.04630035161972046,0.064858078956604,False
train,0.7157741189002991,4.622586857294664e-05,0.00016722736472729594,0.056872084736824036,0.015283416025340557,0.044382721185684204,-0.04630650579929352,0.06414139270782471,False
train,0.7161908745765686,5.883292396902107e-05,0.00016701714775990695,0.05689888447523117,0.015318299643695354,0.04328950494527817,-0.04631190747022629,0.06339380145072937,False
test,0.7166076302528381,7.14399793650955e-05,0.00016681390115991235,0.056925270706415176,0.015353263355791569,0.04214031621813774,-0.04631650447845459,0.06261809170246124,False
train,0.7170243263244629,5.042821794631891e-05,0.00016661692643538117,0.056951116770505905,0.01538828480988741,0.040936145931482315,-0.04632021486759186,0.06181690841913223,False
train,0.7174411416053772,7.564233237644657e-05,0.00016642811533529311,0.056976474821567535,0.015423333272337914,0.039678119122982025,-0.04632309824228287,0.06099329888820648,False
train,0.7178578972816467,4.622586857294664e-05,0.00016624570707790554,0.05700124055147171,0.015458374284207821,0.0383676216006279,-0.04632507264614105,0.06015053391456604,False
train,0.7182746529579163,7.14399793650955e-05,0.0001660718844505027,0.05702557414770126,0.015493398532271385,0.03700575232505798,-0.046326301991939545,0.05929208919405937,False
test,0.7186914086341858,5.463057095766999e-05,0.0001659053668845445,0.057049307972192764,0.0155283622443676,0.03559352457523346,-0.0463266558945179,0.05842138081789017,False
train,0.7191081047058105,5.463057095766999e-05,0.00016574708570260555,0.05707242339849472,0.015563257969915867,0.03413181006908417,-0.04632612317800522,0.05754207447171211,False
train,0.7195249199867249,7.564233237644657e-05,0.00016559637151658535,0.0570949986577034,0.01559804379940033,0.032621439546346664,-0.04632478579878807,0.05665813386440277,False
train,0.7199416160583496,3.361881317687221e-05,0.00016545446123927832,0.05711691081523895,0.01563267968595028,0.031063910573720932,-0.04632256552577019,0.05577406659722328,False
train,0.7203583717346191,2.9416461984510534e-05,0.0001653201034059748,0.05713817849755287,0.01566716842353344,0.029459577053785324,-0.04631947726011276,0.054894085973501205,False
test,0.7207751870155334,0.0,0.00016519449127372354,0.057158757001161575,0.01570145972073078,0.02780970185995102,-0.046315502375364304,0.05402319133281708,False
train,0.7211918830871582,0.0,0.0001650778140174225,0.05717872828245163,0.015735512599349022,0.02611558511853218,-0.04631071910262108,0.05316678062081337,False
train,0.7216086983680725,0.0,0.00016496985335834324,0.057197920978069305,0.015769317746162415,0.024377180263400078,-0.04630499333143234,0.052329715341329575,False
train,0.7220253944396973,0.0,0.00016487203538417816,0.057216424494981766,0.015802834182977676,0.022596336901187897,-0.046298421919345856,0.051518332213163376,False
train,0.7224421501159668,0.0,0.00016478134784847498,0.05723418667912483,0.015836017206311226,0.020773274824023247,-0.04629095271229744,0.05073836073279381,False
test,0.7228589057922363,0.0,0.00016470106493216008,0.0572512112557888,0.01586887240409851,0.018909050151705742,-0.04628260061144829,0.04999631270766258,False
train,0.7232756614685059,0.0,0.0001646291493671015,0.05726749077439308,0.015901336446404457,0.01700481027364731,-0.046273380517959595,0.049298979341983795,False
train,0.7236924171447754,0.0,0.00016456746379844844,0.05728283151984215,0.015933390706777573,0.015061398968100548,-0.046263132244348526,0.04865308851003647,False
train,0.7241091728210449,0.0,0.00016451490228064358,0.05729750171303749,0.015964988619089127,0.013079887256026268,-0.04625207930803299,0.04806597903370857,False
train,0.7245259284973145,0.0,0.00016447175585199147,0.05731137469410896,0.015996119007468224,0.011060729622840881,-0.046240128576755524,0.04754460230469704,False
test,0.724942684173584,0.0,0.0001644386793486774,0.05732442066073418,0.016026725992560387,0.009005850180983543,-0.046227265149354935,0.04709634184837341,False
train,0.7253594398498535,0.0,0.00016441514890175313,0.05733656510710716,0.01605679839849472,0.006915047764778137,-0.04621341452002525,0.04672790691256523,False
train,0.725776195526123,0.0,0.00016440197941847146,0.05734788998961449,0.016086287796497345,0.004790004342794418,-0.046198662370443344,0.046446315944194794,False
train,0.7261929512023926,0.0,0.00016439806495327502,0.057358268648386,0.016115175560116768,0.002631295472383499,-0.04618290066719055,0.04625779762864113,False
train,0.7266097068786621,0.0,0.00016440433682873845,0.05736766383051872,0.01614341139793396,0.0004406515508890152,-0.046166110783815384,0.046168215572834015,False
test,0.7270264625549316,0.0,0.00016442111518699676,0.057376325130462646,0.016170969232916832,-0.0017820578068494797,-0.046148478984832764,0.04618287459015846,False
train,0.7274431586265564,0.0,0.00016444886568933725,0.05738398805260658,0.016197817400097847,-0.004034075886011124,-0.046129800379276276,0.04630585387349129,False
train,0.7278599739074707,0.0,0.00016448635142296553,0.057390760630369186,0.016223933547735214,-0.006317329593002796,-0.04611014947295189,0.046540889889001846,False
train,0.7282767295837402,0.0,0.0001645338925300166,0.05739656463265419,0.016249267384409904,-0.00862809270620346,-0.04608946666121483,0.04689011350274086,False
train,0.7286934852600098,0.0,0.0001645925804041326,0.05740140378475189,0.016273802146315575,-0.010966604575514793,-0.0460677444934845,0.04735507816076279,False
test,0.7291102409362793,0.0,0.00016466180386487395,0.057405244559049606,0.016297489404678345,-0.013331093825399876,-0.046044956892728806,0.047935958951711655,False
train,0.729526937007904,0.0,0.0001647417520871386,0.05740813538432121,0.01632031425833702,-0.015720276162028313,-0.04602113738656044,0.04863200709223747,False
train,0.7299437522888184,0.0,0.00016483335639350116,0.05741008371114731,0.016342243179678917,-0.01813419722020626,-0.045996274799108505,0.049441948533058167,False
train,0.7303604483604431,0.0,0.0001649352489039302,0.05741094425320625,0.0163632333278656,-0.02056986279785633,-0.04597024992108345,0.050362516194581985,False
train,0.7307772636413574,0.0,0.0001650480553507805,0.05741075798869133,0.01638326607644558,-0.023027466610074043,-0.045943085104227066,0.05139096826314926,False
test,0.731194019317627,0.0,0.00016517308540642262,0.05740967020392418,0.016402307897806168,-0.025504805147647858,-0.04591488838195801,0.052523061633110046,False
train,0.7316107153892517,0.0,0.00016530905850231647,0.05740753188729286,0.016420315951108932,-0.027999170124530792,-0.04588555544614792,0.05375349149107933,False
train,0.732027530670166,0.0,0.00016545729886274785,0.05740434303879738,0.016437292098999023,-0.03051096946001053,-0.04585504159331322,0.055078163743019104,False
train,0.7324442267417908,0.0,0.00016561610391363502,0.05740007013082504,0.016453180462121964,-0.03303559496998787,-0.0458233542740345,0.05649009346961975,False
train,0.7328610420227051,0.0,0.00016578755457885563,0.057394787669181824,0.016467981040477753,-0.035573020577430725,-0.04579053074121475,0.05798458680510521,False
test,0.7332777380943298,0.0,0.00016597055946476758,0.057388465851545334,0.016481630504131317,-0.038118861615657806,-0.045756567269563675,0.05955427139997482,False
train,0.7336944937705994,0.0,0.000166165511473082,0.05738101154565811,0.016494130715727806,-0.040672674775123596,-0.04572136700153351,0.061194032430648804,False
train,0.7341112494468689,0.0,0.00016637226508464664,0.0573725663125515,0.016505444422364235,-0.043229952454566956,-0.04568507522344589,0.06289637833833694,False
train,0.7345280051231384,0.0,0.00016659214452374727,0.05736307427287102,0.016515564173460007,-0.04578869789838791,-0.04564763978123665,0.06465532630681992,False
train,0.7349448204040527,0.0,0.00016682472778484225,0.05735247582197189,0.01652444712817669,-0.04834497720003128,-0.045609038323163986,0.06646368652582169,False
test,0.7353615164756775,0.0,0.00016706861788406968,0.05734085291624069,0.016532083973288536,-0.0508943647146225,-0.045569371432065964,0.06831400841474533,False
train,0.735778272151947,0.0,0.00016732611402403563,0.057328104972839355,0.01653844118118286,-0.053434595465660095,-0.04552856460213661,0.07020047307014465,False
train,0.7361950278282166,0.0,0.0001675961393630132,0.057314351201057434,0.016543518751859665,-0.05596084147691727,-0.04548675939440727,0.07211560755968094,False
train,0.7366117835044861,0.0,0.00016787846107035875,0.057299524545669556,0.016547273844480515,-0.058469079434871674,-0.045443929731845856,0.07405257225036621,False
train,0.7370285391807556,0.0,0.00016817392315715551,0.05728364735841751,0.01654970832169056,-0.06095489114522934,-0.04540013521909714,0.07600441575050354,False
test,0.7374452948570251,0.0,0.00016848179802764207,0.05726677179336548,0.01655079424381256,-0.06341332197189331,-0.04535548761487007,0.07796389609575272,False
train,0.7378620505332947,0.0,0.00016880342445801944,0.057248931378126144,0.016550522297620773,-0.06583976745605469,-0.04531005769968033,0.07992418855428696,False
train,0.7382788062095642,0.0,0.0001691377692623064,0.05722995847463608,0.01654887944459915,-0.06822912395000458,-0.04526377096772194,0.08187809586524963,False
train,0.7386955618858337,0.0,0.00016948473057709634,0.05721013620495796,0.016545843333005905,-0.07057711482048035,-0.04521693289279938,0.0838194489479065,False
train,0.7391123175621033,0.0,0.00016984439571388066,0.057189229875802994,0.01654139906167984,-0.07287664711475372,-0.045169442892074585,0.0857396349310875,False
test,0.7395290732383728,0.0,0.00017021666280925274,0.0571674183011055,0.0165355633944273,-0.07512451708316803,-0.04512151703238487,0.08763357996940613,False
train,0.7399458289146423,0.0,0.0001706017937976867,0.05714470148086548,0.01652829349040985,-0.07731422036886215,-0.0450732484459877,0.08949349820613861,False
train,0.7403625845909119,0.0,0.00017099855176638812,0.05712110921740532,0.016519611701369286,-0.07944127917289734,-0.04502476751804352,0.0913134515285492,False
train,0.7407792806625366,0.0,0.0001714081590762362,0.05709654092788696,0.01650949753820896,-0.08149905502796173,-0.04497610405087471,0.09308568388223648,False
train,0.7411960959434509,0.0,0.00017182908777613193,0.05707119405269623,0.016497928649187088,-0.08348449319601059,-0.04492751881480217,0.09480581432580948,False
test,0.7416128516197205,0.0,0.00017226171621587127,0.05704502761363983,0.0164849441498518,-0.08539127558469772,-0.04487910121679306,0.09646659344434738,False
train,0.7420295476913452,0.0,0.0001727051567286253,0.05701804533600807,0.01647050306200981,-0.08721348643302917,-0.04483100026845932,0.09806126356124878,False
train,0.7424463629722595,0.0,0.00017315964214503765,0.05699032172560692,0.016454622149467468,-0.08894899487495422,-0.04478337615728378,0.09958651661872864,False
train,0.7428630590438843,0.0,0.00017362376092933118,0.05696183443069458,0.01643729954957962,-0.09059088677167892,-0.044736381620168686,0.10103490203619003,False
train,0.7432798743247986,0.0,0.0001740979205351323,0.05693279206752777,0.016418537124991417,-0.09213657677173615,-0.04469029977917671,0.10240298509597778,False
test,0.7436965703964233,0.0,0.00017458104412071407,0.056903064250946045,0.016398344188928604,-0.09358010441064835,-0.04464518651366234,0.10368426889181137,False
train,0.7441133260726929,0.0,0.00017507252050563693,0.05687272548675537,0.016376720741391182,-0.09491882473230362,-0.04460125416517258,0.10487542301416397,False
train,0.7445300817489624,0.0,0.0001755713892634958,0.05684191361069679,0.01635367050766945,-0.09614858776330948,-0.04455875977873802,0.10597185045480728,False
train,0.7449468374252319,0.0,0.00017607773770578206,0.056810490787029266,0.016329215839505196,-0.09726643562316895,-0.044517748057842255,0.10697004199028015,False
train,0.7453636527061462,0.0,0.00017658958677202463,0.056778665632009506,0.016303349286317825,-0.09826918691396713,-0.04447853937745094,0.10786646604537964,False
test,0.745780348777771,0.0,0.00017710698011796921,0.05674639344215393,0.016276096925139427,-0.09915336966514587,-0.04444126784801483,0.1086573377251625,False
train,0.7461971044540405,0.0,0.00017762808420229703,0.05671386048197746,0.0162474624812603,-0.09991702437400818,-0.0444062277674675,0.10934040695428848,False
train,0.7466138601303101,0.0,0.00017815190949477255,0.05668097361922264,0.016217466443777084,-0.10055848211050034,-0.04437347874045372,0.109913669526577,False
train,0.7470306158065796,0.0,0.00017867797578219324,0.056647852063179016,0.01618611440062523,-0.10107525438070297,-0.044343262910842896,0.11037451028823853,False
train,0.7474473714828491,0.0,0.00017920523532666266,0.05661451444029808,0.01615343987941742,-0.10146558284759521,-0.04431574046611786,0.11072104424238205,False
test,0.7478641271591187,0.0,0.00017973131616599858,0.05658094584941864,0.016119442880153656,-0.10172892361879349,-0.04429100453853607,0.11095254123210907,False
train,0.7482808828353882,0.0,0.00018025636381935328,0.0565473847091198,0.016084149479866028,-0.10186353325843811,-0.044269368052482605,0.11106734722852707,False
train,0.7486976385116577,0.0,0.00018077845743391663,0.05651378631591797,0.016047580167651176,-0.10186944156885147,-0.04425086826086044,0.11106539517641068,False
train,0.7491143941879272,0.0,0.0001812958507798612,0.05648009479045868,0.016009775921702385,-0.10174529999494553,-0.044235579669475555,0.1109454482793808,False
train,0.7495311498641968,0.0,0.00018180794722866267,0.05644652992486954,0.015970731154084206,-0.10149264335632324,-0.04422367736697197,0.11070903390645981,False
test,0.7499479055404663,0.0,0.00018231211288366467,0.05641315504908562,0.01593048870563507,-0.10110992193222046,-0.044215310364961624,0.11035493016242981,False
train,0.7503646612167358,0.0,0.00018280792573932558,0.05637986212968826,0.01588907279074192,-0.10059825330972672,-0.044210366904735565,0.10988432168960571,False
train,0.7507814168930054,0.0,0.0001832938869483769,0.05634678900241852,0.015846509486436844,-0.09995802491903305,-0.044208962470293045,0.10929793864488602,False
train,0.7511981129646301,0.0,0.00018376868683844805,0.05631392449140549,0.015802834182977676,-0.09919066727161407,-0.04421102628111839,0.10859744250774384,False
train,0.7516149282455444,0.0,0.00018423120491206646,0.056281499564647675,0.015758056193590164,-0.09829792380332947,-0.04421668499708176,0.10778495669364929,False
test,0.752031683921814,0.00024793873308226466,0.00018467902555130422,0.05624936893582344,0.015712212771177292,-0.09728072583675385,-0.04422573000192642,0.10686184465885162,False
train,0.7524484395980835,0.0034501305781304836,0.00018511206144466996,0.056217748671770096,0.015665346756577492,-0.09614089131355286,-0.04423820972442627,0.10583047568798065,False
train,0.752865195274353,0.003185382578521967,0.0001855285809142515,0.05618654936552048,0.015617487952113152,-0.09488134831190109,-0.044253867119550705,0.1046941950917244,False
train,0.7532818913459778,0.001655726577155292,0.00018592689593788236,0.056155938655138016,0.01556867640465498,-0.0935041755437851,-0.044272687286138535,0.1034557968378067,False
train,0.7536987066268921,0.004769668914377689,0.0001863073994172737,0.05612590163946152,0.01551891677081585,-0.0920124351978302,-0.04429442808032036,0.10211897641420364,False
test,0.7541154026985168,0.004139316268265247,0.00018666716641746461,0.056096356362104416,0.01546828169375658,-0.0904095470905304,-0.04431877285242081,0.10068783164024353,False
train,0.7545322179794312,0.0032778342720121145,0.00018700673535931855,0.056067656725645065,0.015416782349348068,-0.08869870752096176,-0.04434579610824585,0.09916657954454422,False
train,0.7549489140510559,0.0032358106691390276,0.0001873249711934477,0.05603957548737526,0.015364463441073895,-0.08688487112522125,-0.0443749763071537,0.09756085276603699,False
train,0.7553656697273254,0.00322740594856441,0.00018762190302368253,0.05601227656006813,0.01531135756522417,-0.08497151732444763,-0.044406186789274216,0.09587527066469193,False
train,0.7557824850082397,0.004286398645490408,0.00018789638124872,0.05598573014140129,0.015257494524121284,-0.08296431601047516,-0.04443907365202904,0.09411647170782089,False
test,0.7561991810798645,0.005055428948253393,0.0001881470379885286,0.05596005916595459,0.015202957205474377,-0.08086884021759033,-0.04447343945503235,0.09229115396738052,False
train,0.7566159963607788,0.0037863189354538918,0.00018837467359844595,0.05593524128198624,0.015147717669606209,-0.0786905586719513,-0.044508930295705795,0.09040602296590805,False
train,0.7570326924324036,0.004962977487593889,0.00018857956456486136,0.05591127276420593,0.015091868117451668,-0.07643499225378036,-0.04454523324966431,0.08846799284219742,False
train,0.7574494481086731,0.012636471539735794,0.00018876056128647178,0.055888332426548004,0.01503542810678482,-0.07411082834005356,-0.04458215460181236,0.08648689836263657,False
train,0.7578662037849426,0.017406141385436058,0.00018891993386205286,0.05586628615856171,0.014978437684476376,-0.07172216475009918,-0.04461930692195892,0.08446864038705826,False
test,0.7582829594612122,0.0057782335206866264,0.00018905526667367667,0.05584524944424629,0.014920942485332489,-0.06927868723869324,-0.04465646296739578,0.0824241191148758,False
train,0.7586997151374817,0.0067910002544522285,0.00018916868430096656,0.05582522973418236,0.014862976036965847,-0.06678612530231476,-0.04469338059425354,0.08036096394062042,False
train,0.7591164708137512,0.01298106461763382,0.0001892601721920073,0.05580621585249901,0.014804581180214882,-0.06425453722476959,-0.044729750603437424,0.07829046249389648,False
train,0.7595332264900208,0.008139954879879951,0.00018933057435788214,0.05578812584280968,0.014745807275176048,-0.061689186841249466,-0.04476530849933624,0.07621999830007553,False
train,0.7599499821662903,0.011695144698023796,0.00018938095308840275,0.05577126517891884,0.014686682261526585,-0.05910059064626694,-0.04480006545782089,0.07416148483753204,False
test,0.7603667378425598,0.0029206343460828066,0.00018941093003377318,0.0557553730905056,0.014627250842750072,-0.056494832038879395,-0.044833648949861526,0.0721229612827301,False
train,0.7607834935188293,0.003916591871529818,0.00018942230963148177,0.055740535259246826,0.014567568898200989,-0.0538814403116703,-0.044865936040878296,0.0701153427362442,False
train,0.7612002491950989,0.0028912178240716457,0.00018941490270663053,0.0557267852127552,0.014507661573588848,-0.05126624181866646,-0.04489687830209732,0.06814658641815186,False
train,0.7616169452667236,0.002244055736809969,0.00018939105211757123,0.055714141577482224,0.014447581954300404,-0.048660069704055786,-0.04492633044719696,0.0662282183766365,False
train,0.7620337605476379,0.0037232835311442614,0.0001893509761430323,0.05570249259471893,0.014387346804141998,-0.04606589302420616,-0.044954199343919754,0.06436572223901749,False
test,0.7624505162239075,0.0030929308850318193,0.00018929537327494472,0.05569189414381981,0.014327023178339005,-0.04349417984485626,-0.04498043656349182,0.06256982684135437,False
train,0.762867271900177,0.003912389278411865,0.00018922732851933688,0.05568233132362366,0.014266652055084705,-0.040949299931526184,-0.04500504583120346,0.06084652245044708,False
train,0.7632840275764465,0.004404064733535051,0.00018914560496341437,0.05567387863993645,0.014206265099346638,-0.03843976929783821,-0.04502806067466736,0.05920423939824104,False
train,0.7637007236480713,0.005412628874182701,0.00018905202159658074,0.055666372179985046,0.01414590422064066,-0.03596780076622963,-0.045049428939819336,0.057646628469228745,False
train,0.7641175389289856,0.0033660836052149534,0.00018894711683969945,0.05565991252660751,0.014085585251450539,-0.03354013338685036,-0.045069269835948944,0.05617988482117653,False
test,0.7645342350006104,0.0046309917233884335,0.00018883292796090245,0.05565440282225609,0.014025380834937096,-0.031161189079284668,-0.04508756846189499,0.05480792373418808,False
train,0.7649510502815247,0.004231768194586039,0.0001887087128125131,0.0556497797369957,0.013965320773422718,-0.02883368544280529,-0.045104388147592545,0.05353304743766785,False
train,0.7653677463531494,0.005433640442788601,0.00018857704708352685,0.0556461326777935,0.01390545628964901,-0.026561006903648376,-0.04511990025639534,0.052357353270053864,False
train,0.765784502029419,0.004786478355526924,0.00018843845464289188,0.055643439292907715,0.013845793902873993,-0.024346977472305298,-0.04513419046998024,0.05128226429224014,False
train,0.7662013173103333,0.0047486573457717896,0.0001882927754195407,0.0556415356695652,0.013786392286419868,-0.022190701216459274,-0.04514727741479874,0.05030610412359238,False
test,0.766618013381958,0.00509745255112648,0.0001881416537798941,0.05564062297344208,0.013727296143770218,-0.020096397027373314,-0.04515945166349411,0.04942915588617325,False
train,0.7670348286628723,0.0037737118545919657,0.00018798635574057698,0.05564045533537865,0.013668510131537914,-0.018062548711895943,-0.04517066106200218,0.0486481674015522,False
train,0.7674515247344971,0.005803447682410479,0.0001878254406619817,0.055641159415245056,0.01361011527478695,-0.016092997044324875,-0.04518112167716026,0.047961633652448654,False
train,0.7678682804107666,0.014666207134723663,0.0001876612805062905,0.05564262345433235,0.013552116230130196,-0.014183921739459038,-0.04519093036651611,0.04736458510160446,False
train,0.7682850360870361,0.00472764577716589,0.00018749367154669017,0.05564483255147934,0.013494554907083511,-0.012337738648056984,-0.04520019143819809,0.04685378447175026,False
test,0.7687017917633057,0.005635353736579418,0.00018732318130787462,0.05564781278371811,0.01343745831400156,-0.010553288273513317,-0.04520905390381813,0.04642445966601372,False
train,0.7691185474395752,0.003899782430380583,0.00018714963516686112,0.055651407688856125,0.013380873948335648,-0.008829683065414429,-0.045217543840408325,0.04607157036662102,False
train,0.7695353031158447,0.004206554032862186,0.00018697518680710346,0.05565579608082771,0.013324837200343609,-0.007165879942476749,-0.04522592946887016,0.045790113508701324,False
train,0.7699520587921143,0.0,0.00018679785716813058,0.055660706013441086,0.013269364833831787,-0.005562403239309788,-0.04523409157991409,0.04557481408119202,False
train,0.7703688144683838,0.0,0.00018661998910829425,0.05566634237766266,0.013214493170380592,-0.004017568193376064,-0.0452423058450222,0.045420337468385696,False
test,0.7707855701446533,0.0,0.00018643945804797113,0.055672526359558105,0.013160256668925285,-0.002530556172132492,-0.0452505387365818,0.04532124102115631,False
train,0.7712023258209229,0.0,0.0001862581993918866,0.055679433047771454,0.01310668233782053,-0.0011009126901626587,-0.04525899514555931,0.04527238383889198,False
train,0.7716190814971924,0.0,0.00018607587844599038,0.05568681284785271,0.01305380742996931,0.0002706404775381088,-0.04526754841208458,0.045268356800079346,False
train,0.7720358371734619,0.0,0.00018589268438518047,0.05569472908973694,0.013001656159758568,0.0015861336141824722,-0.04527632147073746,0.04530409350991249,False
train,0.7724525928497314,0.0,0.00018570841348264366,0.05570310726761818,0.012950257398188114,0.002843828871846199,-0.045285288244485855,0.045374494045972824,False
test,0.772869348526001,0.0,0.00018552326946519315,0.055712033063173294,0.012899628840386868,0.004044529050588608,-0.04529455676674843,0.04547477141022682,False
train,0.7732861042022705,0.0,0.00018533725233282894,0.055721465498209,0.012849817983806133,0.0051864758133888245,-0.045304104685783386,0.04560001567006111,False
train,0.77370285987854,0.0,0.00018515053670853376,0.05573129281401634,0.01280081644654274,0.006269920617341995,-0.045313864946365356,0.04574558138847351,False
train,0.7741196155548096,0.0,0.0001849638210842386,0.05574148893356323,0.012752696871757507,0.0072928536683321,-0.04532380774617195,0.04590678960084915,False
train,0.7745363712310791,0.0,0.00018477538833394647,0.05575213581323624,0.012705441564321518,0.008254298940300941,-0.04533398151397705,0.04607931524515152,False
test,0.7749530673027039,0.0,0.00018458676640875638,0.05576319247484207,0.012659098953008652,0.009152689948678017,-0.045344337821006775,0.046258844435214996,False
train,0.7753698825836182,0.0,0.00018439764971844852,0.05577460676431656,0.012613670900464058,0.009985404089093208,-0.04535479098558426,0.04644098877906799,False
train,0.7757865786552429,0.0,0.00018420765991322696,0.05578625574707985,0.01256919652223587,0.010751111432909966,-0.04536520689725876,0.04662175849080086,False
train,0.7762033939361572,0.0,0.00018401822308078408,0.055798180401325226,0.012525692582130432,0.011447280645370483,-0.04537556320428848,0.046797242015600204,False
train,0.7766201496124268,0.0,0.00018382757843937725,0.055810436606407166,0.012483176775276661,0.012071926146745682,-0.04538586735725403,0.046963904052972794,False
test,0.7770368456840515,0.0,0.00018363853450864553,0.055822864174842834,0.01244167797267437,0.012622073292732239,-0.04539592191576958,0.04711800441145897,False
train,0.7774536609649658,0.0,0.00018344810814596713,0.055835507810115814,0.012401191517710686,0.013096142560243607,-0.04540569707751274,0.047256600111722946,False
train,0.7778703570365906,0.0,0.0001832583948271349,0.05584827810525894,0.01236177422106266,0.013490965589880943,-0.04541506618261337,0.047376517206430435,False
train,0.7782871127128601,0.0,0.00018306888523511589,0.055861227214336395,0.012323408387601376,0.013804826885461807,-0.045423999428749084,0.04747539386153221,False
train,0.7787038683891296,0.0,0.00018288045248482376,0.05587424710392952,0.012286128476262093,0.014035278931260109,-0.04543234780430794,0.04755089059472084,False
test,0.7791206240653992,0.0,0.00018269306747242808,0.0558873675763607,0.01224993634968996,0.014180172234773636,-0.04544007033109665,0.047601230442523956,False
train,0.7795373797416687,0.0,0.00018250710854772478,0.0559004582464695,0.012214867398142815,0.01423797756433487,-0.045447006821632385,0.0476251021027565,False
train,0.7799541354179382,0.0,0.0001823228958528489,0.05591365322470665,0.012180915102362633,0.014206426218152046,-0.04545319080352783,0.047621581703424454,False
train,0.7803708910942078,0.0,0.00018214060401078314,0.05592673644423485,0.0121481167152524,0.014084447175264359,-0.04545839875936508,0.047590311616659164,False
train,0.7807876467704773,0.0,0.0001819609315134585,0.05593976005911827,0.01211646106094122,0.013870654627680779,-0.04546262323856354,0.04753151908516884,False
test,0.7812044024467468,0.0,0.00018178437312599272,0.05595263093709946,0.012085977010428905,0.013563813641667366,-0.04546573758125305,0.0474458672106266,False
train,0.7816211581230164,0.0,0.00018161094340030104,0.05596530809998512,0.012056672014296055,0.013163361698389053,-0.04546765610575676,0.047334786504507065,False
train,0.7820379137992859,0.0,0.00018144113710150123,0.055977847427129745,0.012028554454445839,0.012668194249272346,-0.04546838626265526,0.04720018431544304,False
train,0.7824546694755554,0.0,0.00018127562361769378,0.055990081280469894,0.012001640163362026,0.01207808218896389,-0.04546774551272392,0.04704461619257927,False
train,0.782871425151825,0.0,0.00018111406825482845,0.056002091616392136,0.011975938454270363,0.011393416672945023,-0.04546578228473663,0.0468716025352478,False
test,0.7832881808280945,0.0,0.00018095836276188493,0.056013789027929306,0.011951451189815998,0.010613460093736649,-0.04546238109469414,0.046684831380844116,False
train,0.783704936504364,0.0,0.00018080811423715204,0.05602508410811424,0.011928202584385872,0.009738897904753685,-0.04545745626091957,0.04648899286985397,False
train,0.7841216921806335,0.0,0.00018066333723254502,0.05603600665926933,0.01190617773681879,0.008769599720835686,-0.04545098915696144,0.04628928750753403,False
train,0.7845384478569031,0.0,0.00018052643281407654,0.056046511977910995,0.011885404586791992,0.007707089185714722,-0.04544294625520706,0.046091873198747635,False
train,0.7849552035331726,0.0,0.00018039633869193494,0.056056536734104156,0.011865876615047455,0.006551191210746765,-0.04543324559926987,0.04590313881635666,False
test,0.7853719592094421,0.0,0.0001802732003852725,0.05606605112552643,0.011847604997456074,0.005303487181663513,-0.04542185738682747,0.04573042690753937,False
train,0.7857887148857117,0.0,0.00018015909881796688,0.05607505142688751,0.011830595321953297,0.003964295610785484,-0.045408762991428375,0.04558148235082626,False
train,0.7862054109573364,0.0,0.00018005295714829117,0.05608340725302696,0.011814853176474571,0.002535441890358925,-0.04539385810494423,0.045464612543582916,False
train,0.786622166633606,0.0,0.00017995666712522507,0.05609127879142761,0.01180038321763277,0.0010177455842494965,-0.045377250760793686,0.045388661324977875,False
train,0.7870389819145203,0.0,0.00017987035971600562,0.0560983270406723,0.011787189170718193,-0.0005876831710338593,-0.045358676463365555,0.04536248371005058,False
test,0.787455677986145,0.0,0.00017979388940148056,0.05610477924346924,0.011775266379117966,-0.002278716303408146,-0.04533831402659416,0.045395541936159134,False
train,0.7878724336624146,0.0,0.00017972926434595138,0.056110482662916183,0.011764620430767536,-0.004054989665746689,-0.045316025614738464,0.04549708962440491,False
train,0.7882892489433289,0.0,0.00017967562598641962,0.05611546337604523,0.011755266226828098,-0.005913812667131424,-0.045291852205991745,0.04567630589008331,False
train,0.7887060046195984,0.0,0.00017963381833396852,0.05611960217356682,0.011747188866138458,-0.007853526622056961,-0.04526570066809654,0.04594193771481514,False
train,0.7891227006912231,0.0,0.00017960488912649453,0.05612284317612648,0.011740396730601788,-0.009873280301690102,-0.04523751139640808,0.046302419155836105,False
test,0.7895394563674927,0.0,0.00017958895477931947,0.056125350296497345,0.011734888888895512,-0.011970892548561096,-0.045207429677248,0.0467655211687088,False
train,0.789956271648407,0.0,0.00017958690295927227,0.0561269111931324,0.011730660684406757,-0.014143755659461021,-0.045175306499004364,0.04733765870332718,False
train,0.7903729677200317,0.0,0.00017959854449145496,0.05612751841545105,0.011727720499038696,-0.016389796510338783,-0.04514113813638687,0.04802444949746132,False
train,0.7907897233963013,0.0,0.000179625247255899,0.05612722039222717,0.01172605250030756,-0.01870734803378582,-0.045104965567588806,0.0488305538892746,False
train,0.7912065386772156,0.0,0.0001796674041543156,0.05612589046359062,0.011725668795406818,-0.02109452337026596,-0.04506669193506241,0.04975927621126175,False
test,0.7916232347488403,0.0,0.00017972463683690876,0.056123606860637665,0.011726558208465576,-0.02354753203690052,-0.04502641782164574,0.05081205070018768,False
train,0.7920399904251099,0.0,0.0001797992008505389,0.056120261549949646,0.011728715151548386,-0.026065513491630554,-0.04498404264450073,0.051990143954753876,False
train,0.7924566864967346,0.0,0.00017988905892707407,0.05611586570739746,0.011732146143913269,-0.028643183410167694,-0.04493962600827217,0.053291670978069305,False
train,0.7928735613822937,0.0,0.00017999733972828835,0.05611037090420723,0.011736840941011906,-0.03128162771463394,-0.04489309340715408,0.054716818034648895,False
train,0.7932902574539185,0.0,0.00018012302462011576,0.05610371753573418,0.011742784641683102,-0.03397432714700699,-0.04484447091817856,0.05626083165407181,False
test,0.793707013130188,0.0,0.0001802668411983177,0.05609610676765442,0.011749990284442902,-0.03672027587890625,-0.04479390010237694,0.05792125687003136,False
train,0.7941238284111023,0.0,0.00018042953161057085,0.05608720704913139,0.011758442968130112,-0.03951524198055267,-0.04474114999175072,0.05969275161623955,False
train,0.794540524482727,0.0,0.00018061132868751884,0.05607715621590614,0.011768118478357792,-0.042355142533779144,-0.04468637332320213,0.06156972050666809,False
train,0.7949572801589966,0.0,0.0001808126107789576,0.056065939366817474,0.011779045686125755,-0.045237548649311066,-0.044629551470279694,0.06354708969593048,False
train,0.7953739762306213,0.0,0.00018103464390151203,0.05605347454547882,0.011791185475885868,-0.0481584370136261,-0.04457066208124161,0.06561843305826187,False
test,0.7957907915115356,0.0,0.00018127597286365926,0.056039828807115555,0.011804540641605854,-0.05111469328403473,-0.04450977221131325,0.06777781248092651,False
train,0.7962075471878052,0.0,0.00018153978453483433,0.056024935096502304,0.011819104664027691,-0.054102569818496704,-0.04444684460759163,0.07001863420009613,False
train,0.7966242432594299,0.0,0.00018182408530265093,0.05600878596305847,0.011834852397441864,-0.057115912437438965,-0.04438193887472153,0.0723324567079544,False
train,0.7970410585403442,0.0,0.00018213035946246237,0.05599144101142883,0.011851795949041843,-0.060153987258672714,-0.044315069913864136,0.07471498101949692,False
train,0.7974578142166138,0.0,0.0001824583887355402,0.05597276613116264,0.011869911104440689,-0.06320883333683014,-0.04424621909856796,0.07715623825788498,False
test,0.7978745698928833,0.0,0.00018280984659213573,0.055952828377485275,0.011889180168509483,-0.06627976149320602,-0.044175419956445694,0.07965221256017685,False
train,0.7982912659645081,0.0,0.00018318327784072608,0.05593164637684822,0.011909609660506248,-0.06935855746269226,-0.04410277307033539,0.08219284564256668,False
train,0.7987080812454224,0.0,0.00018358005036134273,0.055909156799316406,0.011931166052818298,-0.07244554162025452,-0.044028181582689285,0.08477521687746048,False
train,0.7991248369216919,0.0,0.00018400103726889938,0.05588541179895401,0.011953848414123058,-0.075532466173172,-0.043951764702796936,0.08738942444324493,False
train,0.7995415329933167,0.0,0.00018444583110976964,0.05586037412285805,0.011977624148130417,-0.07861656695604324,-0.04387350380420685,0.0900302603840828,False
test,0.7999582886695862,0.0,0.00018491481023374945,0.055834051221609116,0.012002505362033844,-0.08169199526309967,-0.0437934435904026,0.09269006550312042,False
train,0.8003751039505005,0.0,0.00018540849850978702,0.05580649524927139,0.012028457596898079,-0.08475695550441742,-0.04371161758899689,0.09536480903625488,False
train,0.8007918000221252,0.0,0.0001859270705608651,0.055777646601200104,0.01205547247081995,-0.08780302107334137,-0.04362807050347328,0.09804478287696838,False
train,0.8012085556983948,0.0,0.00018647057004272938,0.055747587233781815,0.012083514593541622,-0.09082785248756409,-0.04354284331202507,0.10072575509548187,False
train,0.8016253709793091,0.0,0.00018703991372603923,0.055716272443532944,0.01211259700357914,-0.0938267782330513,-0.04345593973994255,0.1034015640616417,False
test,0.8020420670509338,0.0,0.00018763371917884797,0.055683720856904984,0.012142670340836048,-0.09679428488016129,-0.0433674193918705,0.10606539249420166,False
train,0.8024588227272034,0.0,0.00018825453298632056,0.05564991757273674,0.012173742055892944,-0.09972508996725082,-0.04327728971838951,0.10871070623397827,False
train,0.8028755784034729,0.0,0.00018890209321398288,0.05561491847038269,0.01220577023923397,-0.10261555761098862,-0.04318561404943466,0.11133261024951935,False
train,0.8032923936843872,0.0,0.00018957517750095576,0.05557877570390701,0.012238741852343082,-0.10545963793992996,-0.04309249296784401,0.11392408609390259,False
train,0.803709089756012,0.0,0.00019027572125196457,0.05554143711924553,0.01227263268083334,-0.10825271904468536,-0.042997900396585464,0.11647948622703552,False
test,0.8041258454322815,0.0,0.00019100213830824941,0.055502939969301224,0.012307434342801571,-0.11098836362361908,-0.042901936918497086,0.11899156868457794,False
train,0.8045426607131958,0.0,0.00019175585475750268,0.05546334385871887,0.012343105860054493,-0.11366389691829681,-0.04280463978648186,0.12145665287971497,False
train,0.8049593567848206,0.0,0.00019253732170909643,0.05542267858982086,0.012379630468785763,-0.11627164483070374,-0.04270612820982933,0.1238664984703064,False
train,0.8053761124610901,0.0,0.0001933459279825911,0.055380966514348984,0.012416981160640717,-0.11880791187286377,-0.042606424540281296,0.1262165904045105,False
train,0.8057928085327148,0.0,0.00019418126612436026,0.05533822998404503,0.012455128133296967,-0.12126526236534119,-0.042505666613578796,0.12849901616573334,False
test,0.8062096238136292,0.0,0.00019504422380123287,0.05529440939426422,0.012494065798819065,-0.12363987416028976,-0.04240379482507706,0.1307092159986496,False
train,0.8066263794898987,0.0,0.00019593584875110537,0.05524981766939163,0.012533755972981453,-0.1259252429008484,-0.04230116307735443,0.1328403502702713,False
train,0.8070430755615234,0.0,0.0001968540600501001,0.0552041195333004,0.012574159540235996,-0.12811556458473206,-0.042197585105895996,0.1348859965801239,False
train,0.807459831237793,0.0,0.00019780037109740078,0.05515759438276291,0.012615260668098927,-0.13020655512809753,-0.04209332540631294,0.13684150576591492,False
train,0.8078766465187073,0.0,0.00019877431623172015,0.05511033535003662,0.012657029554247856,-0.13219045102596283,-0.04198858514428139,0.13869880139827728,False
test,0.8082934021949768,0.0,0.0001997757499339059,0.055062223225831985,0.012699434533715248,-0.13406294584274292,-0.04188334196805954,0.14045315980911255,False
train,0.8087100982666016,0.0,0.00020080404647160321,0.05501333251595497,0.01274244673550129,-0.135817751288414,-0.041777774691581726,0.14209800958633423,False
train,0.8091269135475159,0.0,0.0002018605446210131,0.05496372655034065,0.012786044739186764,-0.13745003938674927,-0.04167201742529869,0.14362823963165283,False
train,0.8095436692237854,0.0,0.00020294370187912136,0.05491364374756813,0.012830168940126896,-0.13895413279533386,-0.0415663942694664,0.14503797888755798,False
train,0.8099603652954102,0.0,0.0002040534745901823,0.05486283451318741,0.012874803505837917,-0.14032328128814697,-0.04146087169647217,0.14632028341293335,False
test,0.8103771209716797,0.0,0.00020518986275419593,0.05481156334280968,0.012919928878545761,-0.1415541172027588,-0.04135575518012047,0.1474715769290924,False
train,0.810793936252594,0.0,0.000206352851819247,0.05475981533527374,0.012965512461960316,-0.14264097809791565,-0.04125119745731354,0.14848604798316956,False
train,0.8112106323242188,0.0,0.00020754142315126956,0.05470770597457886,0.013011484406888485,-0.14357872307300568,-0.04114746302366257,0.14935849606990814,False
train,0.8116273880004883,0.0,0.00020875476184301078,0.05465516075491905,0.01305784098803997,-0.1443631500005722,-0.041044652462005615,0.15008458495140076,False
train,0.8120442032814026,0.0,0.00020999340631533414,0.05460241436958313,0.013104552403092384,-0.14499004185199738,-0.04094313085079193,0.15066005289554596,False
test,0.8124609589576721,0.0,0.00021125651255715638,0.05454936996102333,0.01315155066549778,-0.14545436203479767,-0.040843039751052856,0.15107986330986023,False
train,0.8128776550292969,0.0,0.00021254082093946636,0.054496295750141144,0.013198820874094963,-0.14575308561325073,-0.040744855999946594,0.1513410210609436,False
train,0.8132944107055664,0.0,0.00021384924184530973,0.05444301664829254,0.01324633602052927,-0.14588245749473572,-0.04064856469631195,0.15143974125385284,False
train,0.8137112259864807,0.0,0.0002151786320609972,0.05438989773392677,0.013294052332639694,-0.1458398699760437,-0.040554773062467575,0.15137356519699097,False
train,0.8141279220581055,0.0,0.00021652868599630892,0.0543367825448513,0.013341913931071758,-0.14562161266803741,-0.04046359285712242,0.15113887190818787,False
test,0.814544677734375,0.0,0.00021789819584228098,0.0542837455868721,0.013389896601438522,-0.14522555470466614,-0.04037536308169365,0.15073364973068237,False
train,0.8149614930152893,0.0,0.00021928665228188038,0.05423106625676155,0.013437974266707897,-0.144649937748909,-0.04029056057333946,0.15015636384487152,False
train,0.8153781890869141,0.0,0.0002206893841503188,0.05417858809232712,0.01348608173429966,-0.1438923180103302,-0.04020948335528374,0.14940482378005981,False
train,0.8157949447631836,0.0,0.00022210874885786325,0.054126493632793427,0.013534207828342915,-0.14295153319835663,-0.04013250395655632,0.14847815036773682,False
train,0.8162116408348083,0.0,0.00022354106476996094,0.05407484993338585,0.013582292012870312,-0.14182685315608978,-0.04006008058786392,0.1473759412765503,False
test,0.8166284561157227,0.0,0.00022498518228530884,0.054023727774620056,0.013630306348204613,-0.14051631093025208,-0.039992645382881165,0.14609670639038086,False
train,0.8170452117919922,0.0,0.00022643950069323182,0.05397322401404381,0.013678204268217087,-0.1390213966369629,-0.03993065655231476,0.14464233815670013,False
train,0.8174619674682617,0.0,0.0002279003820149228,0.05392343923449516,0.013725964352488518,-0.13734112679958344,-0.039874620735645294,0.14301247894763947,False
train,0.817878782749176,0.0,0.00022936741879675537,0.05387428402900696,0.013773537240922451,-0.135476216673851,-0.03982490301132202,0.1412084549665451,False
train,0.8182954788208008,0.0,0.00023083620180841535,0.053826093673706055,0.01382085494697094,-0.13342785835266113,-0.039782244712114334,0.13923224806785583,False
test,0.8187122344970703,0.0,0.00023230529041029513,0.05377881973981857,0.01386792678385973,-0.13119763135910034,-0.039747074246406555,0.13708628714084625,False
train,0.8191289305686951,0.0,0.00023377034813165665,0.05373244732618332,0.013914664275944233,-0.12878602743148804,-0.039719901978969574,0.13477207720279694,False
train,0.8195457458496094,0.0,0.00023523053096141666,0.05368713662028313,0.013961069285869598,-0.1261957436800003,-0.039701323956251144,0.1322934627532959,False
train,0.8199625015258789,0.0,0.00023668109497521073,0.053642965853214264,0.014007089659571648,-0.12342962622642517,-0.03969196602702141,0.1296546310186386,False
train,0.8203791975975037,0.0,0.00023811902792658657,0.053600043058395386,0.014052669517695904,-0.12049095332622528,-0.03969239816069603,0.1268603801727295,False
test,0.8207959532737732,0.0,0.00023953872732818127,0.05355840548872948,0.014097795821726322,-0.11738330125808716,-0.03970323130488396,0.12391604483127594,False
train,0.8212127685546875,0.0,0.0002409391017863527,0.05351810157299042,0.01414241548627615,-0.1141090989112854,-0.03972500562667847,0.12082616239786148,False
train,0.8216294646263123,0.0,0.00024231347197201103,0.05347919091582298,0.01418648473918438,-0.11067366600036621,-0.03975827991962433,0.11759839206933975,False
train,0.8220462203025818,0.0,0.00024365895660594106,0.053441789001226425,0.014229981228709221,-0.10708077251911163,-0.03980366140604019,0.11423932760953903,False
train,0.8224630355834961,0.0,0.000244971044594422,0.053405869752168655,0.014272874221205711,-0.10333558917045593,-0.03986157849431038,0.11075734347105026,False
test,0.8228797912597656,0.0,0.00024624273646622896,0.05337164178490639,0.014315103180706501,-0.09944465756416321,-0.03993261978030205,0.10716275125741959,False
train,0.8232964873313904,0.0,0.00024747150018811226,0.053339067846536636,0.014356640167534351,-0.09541186690330505,-0.04001712426543236,0.10346397757530212,False
train,0.8237132430076599,0.0,0.0002486506418790668,0.05330813303589821,0.014397459104657173,-0.09124316275119781,-0.040115438401699066,0.09967228025197983,False
train,0.8241300582885742,0.0,0.0002497760870028287,0.053279075771570206,0.014437531121075153,-0.08694353699684143,-0.04022796079516411,0.09579909592866898,False
train,0.824546754360199,0.0,0.000250841083470732,0.053251828998327255,0.014476795680820942,-0.08251994848251343,-0.04035478085279465,0.0918588638305664,False
test,0.8249635100364685,0.0,0.00025184170226566494,0.053226444870233536,0.014515245333313942,-0.0779784768819809,-0.04049599915742874,0.08786676824092865,False
train,0.8253803253173828,0.0,0.00025277325767092407,0.053202997893095016,0.01455283910036087,-0.07332435250282288,-0.0406516008079052,0.08383920788764954,False
train,0.8257970213890076,0.0,0.0002536282117944211,0.053181543946266174,0.014589549042284489,-0.06856357306241989,-0.04082145914435387,0.079795703291893,False
train,0.8262137770652771,0.0,0.0002544023154769093,0.05316214635968208,0.014625339768826962,-0.06370078027248383,-0.04100535064935684,0.07575768977403641,False
train,0.8266304731369019,0.0,0.00025509000988677144,0.053144749253988266,0.014660169370472431,-0.058744437992572784,-0.041202664375305176,0.07175352424383163,False
test,0.8270473480224609,0.0,0.0002556878898758441,0.05312946438789368,0.014694065786898136,-0.05369413644075394,-0.041413065046072006,0.06780931353569031,False
train,0.8274640440940857,0.0,0.00025619135703891516,0.05311631038784981,0.014726932160556316,-0.04855986312031746,-0.041635580360889435,0.06396547704935074,False
train,0.8278807997703552,0.0,0.00025659549282863736,0.05310529097914696,0.014758781529963017,-0.04334406927227974,-0.04186946153640747,0.060264088213443756,False
train,0.82829749584198,0.0,0.00025689537869766355,0.05309656262397766,0.014789579436182976,-0.03805440291762352,-0.04211358726024628,0.056759949773550034,False
train,0.8287143111228943,0.0,0.0002570906945038587,0.05308998376131058,0.014819310978055,-0.032689549028873444,-0.04236689582467079,0.053512245416641235,False
test,0.8291310667991638,0.0,0.00025717506650835276,0.05308569222688675,0.014847956597805023,-0.027259143069386482,-0.04262789711356163,0.05059840530157089,False
train,0.8295477628707886,0.0,0.0002571498043835163,0.053083762526512146,0.014875481836497784,-0.021766401827335358,-0.04289523512125015,0.04810173809528351,False
train,0.8299645781517029,0.0,0.00025701054255478084,0.0530841089785099,0.01490186620503664,-0.016215888783335686,-0.04316730797290802,0.04611259698867798,False
train,0.8303813338279724,0.0,0.00025675800861790776,0.05308673530817032,0.014927123673260212,-0.010611803270876408,-0.043442416936159134,0.04471972584724426,False
train,0.8307980298995972,0.0,0.00025639153318479657,0.053091708570718765,0.014951191842556,-0.004965156316757202,-0.04371866583824158,0.04399971291422844,False
test,0.8312147855758667,0.0,0.0002559135027695447,0.0530991293489933,0.014974093064665794,0.0007233340293169022,-0.043994639068841934,0.04400058463215828,False
train,0.831631600856781,0.0,0.00025532266590744257,0.05310888588428497,0.014995809644460678,0.006443161517381668,-0.04426829516887665,0.044734735041856766,False
train,0.8320483565330505,0.0,0.00025462318444624543,0.05312105640769005,0.015016312710940838,0.012184400111436844,-0.044537901878356934,0.04617449641227722,False
train,0.8324650526046753,0.0,0.0002538164262659848,0.05313562974333763,0.015035598538815975,0.01793433353304863,-0.04480157047510147,0.04825786128640175,False
train,0.8328818678855896,0.0,0.0002529063494876027,0.05315260589122772,0.015053676441311836,0.02368725650012493,-0.04505794867873192,0.05090486258268356,False
test,0.8332986235618591,0.0,0.0002518993569537997,0.05317201092839241,0.01507051382213831,0.029423587024211884,-0.04530520737171173,0.05402137711644173,False
train,0.8337153196334839,0.0,0.0002507970784790814,0.05319378897547722,0.015086112543940544,0.03512832522392273,-0.045541878789663315,0.05751575529575348,False
train,0.8341320753097534,0.0,0.00024960635346360505,0.05321788415312767,0.015100485645234585,0.0407869778573513,-0.04576670005917549,0.06130390241742134,False
train,0.8345488905906677,0.0,0.0002483340504113585,0.053244415670633316,0.015113625675439835,0.04638097435235977,-0.04597867280244827,0.06530874967575073,False
train,0.8349655866622925,0.0,0.00024698584456928074,0.05327320843935013,0.015125525183975697,0.05188675597310066,-0.04617658257484436,0.06945870816707611,False
test,0.835382342338562,0.0,0.000245567673118785,0.05330429598689079,0.015136180445551872,0.05728462338447571,-0.04635976254940033,0.0736936628818512,False
train,0.8357991576194763,0.0,0.00024408755416516215,0.05333764851093292,0.01514560915529728,0.06255260109901428,-0.046527642756700516,0.07795928418636322,False
train,0.8362159132957458,0.0,0.00024255365133285522,0.05337313562631607,0.015153804793953896,0.0676673948764801,-0.046679798513650894,0.08220632374286652,False
train,0.8366326093673706,0.0,0.00024097174173220992,0.05341075733304024,0.015160776674747467,0.0726037472486496,-0.04681599512696266,0.08638889342546463,False
train,0.8370493650436401,0.0,0.00023934968339744955,0.053450342267751694,0.01516654621809721,0.0773407369852066,-0.04693623259663582,0.09046877920627594,False
test,0.8374661803245544,0.0,0.00023769412655383348,0.053491897881031036,0.015171096660196781,0.08185447007417679,-0.047040682286024094,0.09440858662128448,False
train,0.8378828763961792,0.00157167948782444,0.0002360139915253967,0.05353524908423424,0.015174465253949165,0.08612244576215744,-0.047129660844802856,0.09817474335432053,False
train,0.8382996320724487,0.0041435188613832,0.00023431422596331686,0.053580403327941895,0.015176640823483467,0.09012480080127716,-0.0472036711871624,0.10173822194337845,False
train,0.838716447353363,0.0033955001272261143,0.00023260254238266498,0.0536271370947361,0.015177661553025246,0.09384449571371078,-0.04726329445838928,0.10507430136203766,False
train,0.8391331434249878,0.003538380144163966,0.00023088528541848063,0.05367529019713402,0.015177524648606777,0.09726138412952423,-0.04730914533138275,0.10815697908401489,False
test,0.8395498991012573,0.002197830006480217,0.00022916824673302472,0.053724829107522964,0.015176253393292427,0.1003640741109848,-0.04734213277697563,0.11096947640180588,False
train,0.8399665951728821,0.002689504995942116,0.00022745791648048908,0.053775642067193985,0.015173876658082008,0.10314133018255234,-0.047363173216581345,0.11349627375602722,False
train,0.8403834104537964,0.003815735224634409,0.00022575820912607014,0.05382755026221275,0.015170393511652946,0.10558396577835083,-0.047373104840517044,0.1157246083021164,False
train,0.8408001661300659,0.006169052328914404,0.00022407395590562373,0.05388033762574196,0.015165843069553375,0.10768721997737885,-0.04737284034490585,0.11764660477638245,False
train,0.8412169218063354,0.014859515242278576,0.0002224096970167011,0.05393397435545921,0.015160252340137959,0.10944969952106476,-0.04736344888806343,0.11925826221704483,False
test,0.8416336178779602,0.004765466786921024,0.00022077106405049562,0.053988266736269,0.015153625048696995,0.1108710914850235,-0.04734592139720917,0.12055718898773193,False
train,0.8420504331588745,0.005954732187092304,0.00021915871184319258,0.05404308810830116,0.01514599658548832,0.11195747554302216,-0.0473211444914341,0.1215473860502243,False
train,0.842467188835144,0.011917869560420513,0.00021757741342298687,0.05409831553697586,0.015137391164898872,0.11271443963050842,-0.0472901351749897,0.12223298102617264,False
train,0.8428838849067688,0.008081122301518917,0.00021602834749501199,0.05415375903248787,0.015127836726605892,0.11315211653709412,-0.047253746539354324,0.12262266874313354,False
train,0.8433007001876831,0.012623864226043224,0.00021451464272104204,0.05420927703380585,0.015117374248802662,0.11328394711017609,-0.04721282422542572,0.12272857874631882,False
test,0.8437174558639526,0.0044334810227155685,0.00021303814719431102,0.0542648509144783,0.01510603167116642,0.11312385648488998,-0.047168295830488205,0.1225636750459671,False
train,0.8441341519355774,0.0026937073562294245,0.0002116000687237829,0.05432024225592613,0.015093819238245487,0.11268819123506546,-0.0471208430826664,0.12214336544275284,False
train,0.8445509076118469,0.0031643707770854235,0.00021020056738052517,0.05437546968460083,0.01508078072220087,0.11199665069580078,-0.04707125946879387,0.12148643285036087,False
train,0.8449677228927612,0.003487951820716262,0.0002088393666781485,0.05443023145198822,0.015066948719322681,0.11106722056865692,-0.04702001437544823,0.12061015516519547,False
train,0.845384418964386,0.003529975423589349,0.00020752025011461228,0.054484736174345016,0.015052366070449352,0.10992086678743362,-0.046968020498752594,0.11953490227460861,False
test,0.8458011746406555,0.01257343590259552,0.00020624090393539518,0.05453858524560928,0.015037065371870995,0.10857788473367691,-0.046915505081415176,0.11828026920557022,False
train,0.8462179899215698,0.0024037451948970556,0.00020500192476902157,0.054591819643974304,0.015021054074168205,0.1070595309138298,-0.046863071620464325,0.11686697602272034,False
train,0.8466347455978394,0.007370924577116966,0.00020380262867547572,0.054644402116537094,0.015004399232566357,0.10538899898529053,-0.046811167150735855,0.11531750112771988,False
train,0.8470514416694641,0.012758339755237103,0.0002026420261245221,0.05469636991620064,0.01498714555054903,0.1035858541727066,-0.046760234981775284,0.11365099251270294,False
train,0.8474681973457336,0.007513804826885462,0.00020152071374468505,0.05474742874503136,0.014969296753406525,0.10166959464550018,-0.04671039432287216,0.1118864044547081,False
test,0.847885012626648,0.012838183902204037,0.00020043598487973213,0.05479768291115761,0.014950907789170742,0.09966166317462921,-0.04666202887892723,0.11004450172185898,False
train,0.8483017086982727,0.004357838537544012,0.00019938922196161002,0.0548471175134182,0.014932026155292988,0.09758007526397705,-0.04661542549729347,0.10814281553030014,False
train,0.8487184643745422,0.0,0.00019837761647067964,0.05489562824368477,0.014912675134837627,0.09544298052787781,-0.046570662409067154,0.10619882494211197,False
train,0.849135160446167,0.0,0.00019740089192055166,0.05494321137666702,0.014892897568643093,0.0932658314704895,-0.0465279184281826,0.1042274534702301,False
train,0.8495519757270813,0.0,0.00019645689462777227,0.05498992279171944,0.014872729778289795,0.09106451272964478,-0.04648733139038086,0.10224391520023346,False
test,0.8499687314033508,0.0,0.00019554536265786737,0.05503566935658455,0.014852223917841911,0.08885206282138824,-0.04644891619682312,0.10026061534881592,False
train,0.8503854274749756,0.0,0.00019466460798867047,0.05508050322532654,0.014831416308879852,0.0866430401802063,-0.04641280323266983,0.09829122573137283,False
train,0.8508023023605347,0.0,0.00019381387392058969,0.05512445792555809,0.014810335822403431,0.0844443291425705,-0.0463789738714695,0.09634237736463547,False
train,0.8512189984321594,0.0,0.00019299171981401742,0.055167414247989655,0.014789026230573654,0.08226940035820007,-0.04634738713502884,0.09442634135484695,False
train,0.851635754108429,0.0,0.00019219631212763488,0.055209510028362274,0.014767531305551529,0.08012299239635468,-0.04631806164979935,0.09254759550094604,False
test,0.8520524501800537,0.0,0.0001914269960252568,0.05525069683790207,0.01474589854478836,0.07801472395658493,-0.04629094898700714,0.09071466326713562,False
train,0.852469265460968,0.0,0.000190682229003869,0.05529104545712471,0.014724165201187134,0.07594617456197739,-0.046265967190265656,0.08892896771430969,False
train,0.8528860211372375,0.0,0.00018996062863152474,0.055330485105514526,0.01470235362648964,0.0739239752292633,-0.04624301940202713,0.08719616383314133,False
train,0.8533027172088623,0.0,0.00018926197662949562,0.05536907911300659,0.014680529944598675,0.07195022702217102,-0.046222053468227386,0.08551791310310364,False
train,0.8537195324897766,0.0,0.00018858442490454763,0.055406853556632996,0.014658712781965733,0.07002580165863037,-0.04620293155312538,0.08389472216367722,False
test,0.8541362881660461,0.0,0.00018792683840729296,0.055443864315748215,0.014636954292654991,0.06815116107463837,-0.04618559405207634,0.0823267251253128,False
train,0.8545529842376709,0.0,0.00018728943541646004,0.05548003688454628,0.01461529079824686,0.06632734090089798,-0.04616987705230713,0.0808144360780716,False
train,0.8549697399139404,0.0,0.00018667001859284937,0.05551554262638092,0.014593755826354027,0.0645519569516182,-0.046155743300914764,0.07935558259487152,False
train,0.8553865551948547,0.0,0.00018606754019856453,0.055550165474414825,0.014572396874427795,0.06282312422990799,-0.04614289477467537,0.07794813811779022,False
train,0.8558033108711243,0.0,0.00018548223306424916,0.055584296584129333,0.01455125492066145,0.06113853678107262,-0.046131495386362076,0.07659005373716354,False
test,0.856220006942749,0.0,0.0001849126856541261,0.05561751499772072,0.01453036442399025,0.05949557572603226,-0.04612108692526817,0.07527866959571838,False
train,0.8566368222236633,0.0,0.00018435878155287355,0.05565011873841286,0.014509736560285091,0.05788997933268547,-0.046111755073070526,0.07401043176651001,False
train,0.8570535778999329,0.0,0.0001838189928093925,0.05568204075098038,0.014489453285932541,0.05631864070892334,-0.04610331729054451,0.07278259098529816,False
train,0.8574702739715576,0.0,0.00018329406157135963,0.055713362991809845,0.014469526708126068,0.05477675795555115,-0.04609571397304535,0.07159125804901123,False
train,0.8578870296478271,0.0,0.00018278247443959117,0.0557439886033535,0.014449996873736382,0.053261250257492065,-0.04608874022960663,0.07043389230966568,False
test,0.8583038449287415,0.0,0.00018228378030471504,0.055773988366127014,0.01443088985979557,0.051767103374004364,-0.04608232527971268,0.06930666416883469,False
train,0.8587205410003662,0.0,0.00018179720791522413,0.05580337345600128,0.014412264339625835,0.0502905398607254,-0.046076372265815735,0.06820682436227798,False
train,0.8591372966766357,0.0,0.00018132351397071034,0.055832136422395706,0.014394126832485199,0.04882824793457985,-0.04607078433036804,0.06713207066059113,False
train,0.85955411195755,0.0,0.00018086122872773558,0.0558602400124073,0.01437652762979269,0.04737468436360359,-0.04606540873646736,0.06607861071825027,False
train,0.8599708080291748,0.0,0.0001804107887437567,0.05588776618242264,0.014359495602548122,0.04592742770910263,-0.0460602343082428,0.06504516303539276,False
test,0.8603875637054443,0.0,0.00017997245595324785,0.05591471865773201,0.014343067072331905,0.04448248818516731,-0.04605518653988838,0.06402946263551712,False
train,0.8608043193817139,0.0,0.00017954442591872066,0.05594104155898094,0.014327267184853554,0.04303784668445587,-0.04605014994740486,0.06303072720766068,False
train,0.8612211346626282,0.0,0.00017912714974954724,0.0559668093919754,0.014312127605080605,0.04158918187022209,-0.046045105904340744,0.062046851962804794,False
train,0.8616378307342529,0.0,0.0001787212531780824,0.05599185824394226,0.01429768931120634,0.04013504460453987,-0.046039875596761703,0.06107775494456291,False
train,0.8620545864105225,0.0,0.00017832612502388656,0.05601637437939644,0.014283974654972553,0.03867356851696968,-0.0460345633327961,0.060123421251773834,False
test,0.8624712824821472,0.0,0.00017794036830309778,0.056040216237306595,0.014271003194153309,0.037202246487140656,-0.0460289865732193,0.05918340012431145,False
train,0.8628880977630615,0.0,0.00017756593297235668,0.056063491851091385,0.014258812181651592,0.03572015091776848,-0.04602322354912758,0.05825861543416977,False
train,0.863304853439331,0.0,0.0001772014074958861,0.05608611926436424,0.014247422106564045,0.034227196127176285,-0.04601717367768288,0.057350512593984604,False
train,0.8637215495109558,0.0,0.00017684708291199058,0.05610808730125427,0.014236874878406525,0.03272324055433273,-0.0460108183324337,0.056460656225681305,False
train,0.8641383647918701,0.0,0.00017650306108407676,0.05612945556640625,0.014227171428501606,0.03120693564414978,-0.04600416496396065,0.05559007078409195,False
test,0.8645551204681396,0.0,0.00017616894911043346,0.05615021288394928,0.014218357391655445,0.029679685831069946,-0.04599720984697342,0.05474145710468292,False
train,0.8649718165397644,0.0,0.00017584416491445154,0.05617029219865799,0.014210443012416363,0.028143174946308136,-0.04598989710211754,0.05391761288046837,False
train,0.8653885722160339,0.0,0.00017552936333231628,0.05618969351053238,0.014203454367816448,0.026597242802381516,-0.04598222300410271,0.053120411932468414,False
train,0.8658053874969482,0.0,0.00017522483540233225,0.05620856210589409,0.014197423122823238,0.025044072419404984,-0.045974306762218475,0.05235305428504944,False
train,0.8662221431732178,0.0,0.00017492950428277254,0.05622662603855133,0.014192362315952778,0.02348623052239418,-0.04596594721078873,0.05161851644515991,False
test,0.8666388392448425,0.0,0.0001746441557770595,0.056244127452373505,0.014188277535140514,0.021927062422037125,-0.04595737159252167,0.05092029273509979,False
train,0.8670556545257568,0.0,0.00017436790221836418,0.05626098811626434,0.014185214415192604,0.0203673355281353,-0.04594850540161133,0.050260256975889206,False
train,0.8674724102020264,0.0,0.0001741009036777541,0.05627715587615967,0.01418317947536707,0.018811628222465515,-0.04593934118747711,0.049641720950603485,False
train,0.8678891062736511,0.0,0.00017384345119353384,0.05629274621605873,0.014182185754179955,0.017263315618038177,-0.04593001678586006,0.0490671843290329,False
train,0.8683058619499207,0.0,0.00017359510820824653,0.056307628750801086,0.014182246290147305,0.01572609692811966,-0.04592043533921242,0.048538610339164734,False
test,0.868722677230835,0.0,0.00017335540906060487,0.056321922689676285,0.014183394610881805,0.0142035111784935,-0.045910730957984924,0.04805762320756912,False
train,0.8691393733024597,0.0,0.0001731244701659307,0.05633552372455597,0.014185617677867413,0.012701410800218582,-0.045900870114564896,0.04762578755617142,False
train,0.8695561289787292,0.0,0.0001729030627757311,0.05634855106472969,0.014188956469297409,0.01122242957353592,-0.045890968292951584,0.04724324122071266,False
train,0.869972825050354,0.0,0.00017268967349082232,0.0563608855009079,0.014193403534591198,0.009772229939699173,-0.04588097333908081,0.046910129487514496,False
train,0.8703896999359131,0.0,0.00017248379299417138,0.05637278035283089,0.01419898308813572,0.008354300633072853,-0.04587111622095108,0.04662567377090454,False
test,0.8708063960075378,0.0025634344201534986,0.0001722863526083529,0.05638400837779045,0.014205686748027802,0.006975369527935982,-0.04586128145456314,0.046388715505599976,False
train,0.8712231516838074,0.0052193207666277885,0.00017209703219123185,0.05639468878507614,0.01421355176717043,0.005638357251882553,-0.045851580798625946,0.04619695246219635,False
train,0.8716399669647217,0.0052193207666277885,0.00017191513325087726,0.05640479177236557,0.014222552068531513,0.004347966983914375,-0.04584202915430069,0.046047765761613846,False
train,0.8720566630363464,0.005215118173509836,0.00017174064123537391,0.0564144104719162,0.014232730492949486,0.0031104255467653275,-0.04583275690674782,0.04593817889690399,False
train,0.872473418712616,0.005236130207777023,0.00017157234833575785,0.056423481553792953,0.014244061894714832,0.0019280537962913513,-0.04582372307777405,0.04586426913738251,False
test,0.8728901147842407,0.005215118173509836,0.00017141127318609506,0.056432094424963,0.014256578870117664,0.0008054468780755997,-0.04581505060195923,0.045822128653526306,False
train,0.873306930065155,0.0052193207666277885,0.0001712570374365896,0.056440237909555435,0.014270253479480743,-0.0002532806247472763,-0.045806750655174255,0.045807451009750366,False
train,0.8737236857414246,0.0052193207666277885,0.00017110783664975315,0.0564480796456337,0.014285124838352203,-0.0012440122663974762,-0.04579899460077286,0.04581588879227638,False
train,0.8741403818130493,0.0052193207666277885,0.00017096496594604105,0.05645536631345749,0.014301162213087082,-0.0021651946008205414,-0.04579158499836922,0.045842744410037994,False
train,0.8745572566986084,0.0052193207666277885,0.00017082758131437004,0.056462362408638,0.014318397268652916,-0.0030137281864881516,-0.045784756541252136,0.04588383436203003,False
test,0.8749739527702332,0.0052193207666277885,0.0001706955226836726,0.056469108909368515,0.014336793683469296,-0.0037883128970861435,-0.0457785502076149,0.04593502730131149,False
train,0.8753907084465027,0.005236130207777023,0.000170567785971798,0.05647542327642441,0.014356369152665138,-0.004486593417823315,-0.04577282443642616,0.045992184430360794,False
train,0.8758074045181274,0.0052193207666277885,0.0001704437454463914,0.056481506675481796,0.014377127401530743,-0.00510838907212019,-0.04576773941516876,0.04605194553732872,False
train,0.8762242197990417,0.005215118173509836,0.00017032479809131473,0.05648736655712128,0.014399060979485512,-0.005654560402035713,-0.045763276517391205,0.046111296862363815,False
train,0.8766409754753113,0.005215118173509836,0.0001702091976767406,0.05649308115243912,0.014422147534787655,-0.006124789826571941,-0.045759499073028564,0.04616757109761238,False
test,0.877057671546936,0.0052193207666277885,0.00017009708972182125,0.056498583406209946,0.014446398243308067,-0.00652038399130106,-0.045756325125694275,0.04621857404708862,False
train,0.8774744868278503,0.0052193207666277885,0.0001699879503576085,0.056503962725400925,0.014471800066530704,-0.006844857707619667,-0.04575377330183983,0.046262942254543304,False
train,0.8778912425041199,0.005210916046053171,0.00016988148854579777,0.05650917440652847,0.014498352073132992,-0.00709923729300499,-0.045751795172691345,0.04629930853843689,False
train,0.8783079385757446,0.0052193207666277885,0.00016977735504042357,0.05651436001062393,0.014526024460792542,-0.00728885643184185,-0.045750439167022705,0.04632742330431938,False
train,0.8787246942520142,0.005252939648926258,0.00016967554984148592,0.05651947110891342,0.014554823748767376,-0.007417155429720879,-0.04574961960315704,0.04634696990251541,False
test,0.8791415095329285,0.005210916046053171,0.00016957543266471475,0.05652449280023575,0.014584742486476898,-0.007488217204809189,-0.04574926942586899,0.046358052641153336,False
train,0.8795582056045532,0.005210916046053171,0.00016947697440627962,0.05652964115142822,0.014615733176469803,-0.007508713752031326,-0.045749481767416,0.04636157676577568,False
train,0.8799749612808228,0.0052193207666277885,0.00016938084445428103,0.056534767150878906,0.014647815376520157,-0.007483302615582943,-0.04575008526444435,0.04635806381702423,False
train,0.8803917765617371,0.0052193207666277885,0.00016928573313634843,0.05653985217213631,0.014680962078273296,-0.007419733330607414,-0.045750975608825684,0.04634872078895569,False
train,0.8808085322380066,0.005215118173509836,0.00016919116023927927,0.056545060127973557,0.014715149998664856,-0.00732380710542202,-0.04575221240520477,0.046334683895111084,False
test,0.8812252283096313,0.005215118173509836,0.00016909938130993396,0.056550346314907074,0.014750359579920769,-0.007201744243502617,-0.04575369507074356,0.04631701484322548,False
train,0.8816419839859009,0.005244534928351641,0.0001690081408014521,0.056555598974227905,0.014786583371460438,-0.007061351090669632,-0.045755237340927124,0.04629691690206528,False
train,0.8820587992668152,0.0052193207666277885,0.00016891711857169867,0.05656098201870918,0.014823786914348602,-0.006910139694809914,-0.045756883919239044,0.04627572000026703,False
train,0.8824754953384399,0.005215118173509836,0.00016882806085050106,0.05656643211841583,0.01486194971948862,-0.006754092872142792,-0.04575854167342186,0.046254318207502365,False
train,0.8828922510147095,0.005215118173509836,0.00016873986169230193,0.05657197907567024,0.014901047572493553,-0.006601614877581596,-0.04576012119650841,0.04623386263847351,False
test,0.8833089470863342,0.005210916046053171,0.00016865346697159111,0.05657760053873062,0.014941047877073288,-0.006458422169089317,-0.04576155170798302,0.04621504992246628,False
train,0.8837257623672485,0.0052193207666277885,0.0001685680908849463,0.056583303958177567,0.014981947839260101,-0.006330855190753937,-0.045762769877910614,0.04619860276579857,False
train,0.8841425180435181,0.0052193207666277885,0.00016848421364556998,0.05658908188343048,0.015023691579699516,-0.006224513053894043,-0.04576371610164642,0.04618508741259575,False
train,0.8845592141151428,0.0052193207666277885,0.00016840180614963174,0.0565948486328125,0.015066256746649742,-0.006146342493593693,-0.0457642488181591,0.046175144612789154,False
train,0.8849760890007019,0.005257141776382923,0.00016832136316224933,0.05660071596503258,0.015109634958207607,-0.0060993097722530365,-0.04576442763209343,0.046169087290763855,False
test,0.8853927850723267,0.005215118173509836,0.00016824304475449026,0.05660662427544594,0.01515374705195427,-0.006091107614338398,-0.04576413705945015,0.04616771638393402,False
train,0.8858095407485962,0.010825257748365402,0.00016816702554933727,0.05661248043179512,0.01519859116524458,-0.00612227339297533,-0.0457632876932621,0.04617099463939667,False
train,0.886226236820221,0.02196989394724369,0.00016809263615868986,0.05661841481924057,0.015244115144014359,-0.006198210641741753,-0.04576195031404495,0.04617979750037193,False
train,0.8866430521011353,0.021385766565799713,0.0001680222776485607,0.05662434548139572,0.015290309675037861,-0.006320184096693993,-0.04576003924012184,0.04619443416595459,False
train,0.8870598077774048,0.006353955715894699,0.00016795356350485235,0.05663016811013222,0.015337114222347736,-0.006491303443908691,-0.04575745388865471,0.04621560126543045,False
test,0.8874765038490295,0.005202511325478554,0.000167888545547612,0.056635938584804535,0.015384484082460403,-0.006711616180837154,-0.045754238963127136,0.046243876218795776,False
train,0.8878933191299438,0.005252939648926258,0.00016782755847088993,0.056641586124897,0.01543240062892437,-0.006983039900660515,-0.04575033113360405,0.046280186623334885,False
train,0.8883100748062134,0.0052193207666277885,0.000167769321706146,0.05664722993969917,0.015480794943869114,-0.007304171100258827,-0.0457458421587944,0.04632529243826866,False
train,0.8887267708778381,0.0052193207666277885,0.00016771556693129241,0.05665268376469612,0.015529632568359375,-0.0076764654368162155,-0.04574062302708626,0.04638030380010605,False
train,0.8891435265541077,0.0052193207666277885,0.0001676661631790921,0.05665796622633934,0.01557887438684702,-0.008096148259937763,-0.04573473334312439,0.0464458130300045,False
test,0.889560341835022,0.0052193207666277885,0.00016761996084824204,0.056663140654563904,0.015628494322299957,-0.00856348779052496,-0.04572822526097298,0.04652315378189087,False
train,0.8899770975112915,0.005215118173509836,0.00016757904086261988,0.05666808784008026,0.0156784038990736,-0.00907538365572691,-0.04572104290127754,0.04661305248737335,False
train,0.8903937935829163,0.005198309198021889,0.00016754276293795556,0.05667286738753319,0.015728561207652092,-0.009631050750613213,-0.04571324959397316,0.04671678692102432,False
train,0.8908105492591858,0.0052193207666277885,0.0001675121020525694,0.05667739361524582,0.015778934583067894,-0.010225217789411545,-0.04570483788847923,0.04683468118309975,False
train,0.8912273645401001,0.005244534928351641,0.00016748574853409082,0.05668175220489502,0.015829479321837425,-0.01085679605603218,-0.04569588601589203,0.04696790501475334,False
test,0.8916440606117249,0.0052193207666277885,0.00016746482287999243,0.056685831397771835,0.015880107879638672,-0.011521142907440662,-0.04568636417388916,0.04711667075753212,False
train,0.8920608162879944,0.0052193207666277885,0.00016744917957112193,0.056689657270908356,0.015930792316794395,-0.012215033173561096,-0.045676328241825104,0.04728143289685249,False
train,0.8924776315689087,0.0052193207666277885,0.00016743928426876664,0.05669320002198219,0.015981484204530716,-0.012935671024024487,-0.04566578194499016,0.04746256768703461,False
train,0.8928943276405334,0.005210916046053171,0.00016743528249207884,0.056696463376283646,0.016032101586461067,-0.013677815906703472,-0.0456547886133194,0.047659650444984436,False
train,0.893311083316803,0.005210916046053171,0.00016743640298955142,0.05669942498207092,0.016082612797617912,-0.014439581893384457,-0.04564334824681282,0.04787292331457138,False
test,0.8937277793884277,0.005210916046053171,0.00016744407184887677,0.05670209228992462,0.016132930293679237,-0.015215665102005005,-0.045631520450115204,0.048101477324962616,False
train,0.8941446542739868,0.005236130207777023,0.00016745715402066708,0.056704409420490265,0.016183042898774147,-0.01600360870361328,-0.04561927914619446,0.04834494739770889,False
train,0.8945613503456116,0.0052193207666277885,0.0001674759987508878,0.05670648813247681,0.016232844442129135,-0.01679900288581848,-0.04560676962137222,0.048602305352687836,False
train,0.8949781060218811,0.005215118173509836,0.0001675013918429613,0.056708212941884995,0.016282303258776665,-0.017598873004317284,-0.045593924820423126,0.04887255281209946,False
train,0.8953949213027954,0.005206713452935219,0.00016753158706706017,0.05670963600277901,0.016331354156136513,-0.01839984953403473,-0.04558081179857254,0.04915450140833855,False
test,0.8958116173744202,0.0052193207666277885,0.00016756897093728185,0.05671069398522377,0.016379913315176964,-0.01919858157634735,-0.04556741565465927,0.04944668710231781,False
train,0.8962283730506897,0.005202511325478554,0.0001676111714914441,0.05671152472496033,0.016427943482995033,-0.01999308541417122,-0.045553866773843765,0.049748148769140244,False
train,0.8966450691223145,0.0052193207666277885,0.00016766008047852665,0.05671198293566704,0.016475381329655647,-0.020780131220817566,-0.04554006829857826,0.05005708336830139,False
train,0.8970618844032288,0.0052193207666277885,0.00016771460650488734,0.05671219900250435,0.016522157937288284,-0.02155790664255619,-0.04552615061402321,0.050372350960969925,False
train,0.8974786400794983,0.0052613443695008755,0.00016777492419350892,0.05671200901269913,0.016568204388022423,-0.022324606776237488,-0.04551198333501816,0.050692491233348846,False
test,0.897895336151123,0.010913507081568241,0.0001678405242273584,0.05671168863773346,0.016613459214568138,-0.02307713031768799,-0.0454978309571743,0.05101574957370758,False
train,0.8983121514320374,0.021999310702085495,0.00016791287634987384,0.056710898876190186,0.016657883301377296,-0.023815765976905823,-0.04548339918255806,0.051341310143470764,False
train,0.8987289071083069,0.021675730124115944,0.0001679908746154979,0.056709952652454376,0.016701383516192436,-0.024537866935133934,-0.04546897113323212,0.051667533814907074,False
train,0.8991456627845764,0.021965691819787025,0.00016807419888209552,0.05670866370201111,0.01674390211701393,-0.025244150310754776,-0.04545437917113304,0.051993921399116516,False
train,0.8995623588562012,0.021633706986904144,0.00016816316929180175,0.05670710280537605,0.016785379499197006,-0.025932274758815765,-0.0454397015273571,0.05231872573494911,False
test,0.8999791741371155,0.022007714956998825,0.00016825749480631202,0.056705329567193985,0.01682577095925808,-0.026602935045957565,-0.04542497545480728,0.05264165997505188,False
train,0.900395929813385,0.021860633045434952,0.00016835732094477862,0.05670323595404625,0.01686498336493969,-0.02725648134946823,-0.04541010409593582,0.05296218767762184,False
train,0.9008126258850098,0.021881645545363426,0.00016846235666889697,0.05670084059238434,0.01690296083688736,-0.0278924647718668,-0.04539510980248451,0.05327950417995453,False
train,0.9012294411659241,0.021873239427804947,0.00016857324226293713,0.0566982626914978,0.016939667984843254,-0.02851162478327751,-0.045380059629678726,0.05359349399805069,False
train,0.9016461968421936,0.021574873477220535,0.00016868933744262904,0.05669543147087097,0.016975026577711105,-0.029115086421370506,-0.04536489397287369,0.05390419065952301,False
test,0.9020628929138184,0.010035215876996517,0.0001688111515250057,0.05669243261218071,0.01700896956026554,-0.029703930020332336,-0.04534966126084328,0.05421176180243492,False
train,0.9024796485900879,0.0,0.000168937403941527,0.056689146906137466,0.017041459679603577,-0.030279478058218956,-0.04533424228429794,0.054516423493623734,False
train,0.9028964638710022,0.0,0.00016907020471990108,0.056685641407966614,0.017072418704628944,-0.030843587592244148,-0.045318666845560074,0.05481887236237526,False
train,0.903313159942627,0.0,0.00016920713824220002,0.05668191611766815,0.017101790755987167,-0.03139800205826759,-0.045302923768758774,0.055119771510362625,False
train,0.9037299156188965,0.0,0.00016935000894591212,0.05667801946401596,0.017129531130194664,-0.03194465488195419,-0.04528700187802315,0.05541997402906418,False
test,0.904146671295166,0.0,0.00016949766722973436,0.056673821061849594,0.01715557835996151,-0.03248616307973862,-0.045270778238773346,0.055720679461956024,False
train,0.9045634865760803,0.0,0.000169651277246885,0.05666950345039368,0.017179885879158974,-0.03302476555109024,-0.04525436460971832,0.05602314695715904,False
train,0.9049801826477051,0.0,0.0001698100531939417,0.05666487291455269,0.017202414572238922,-0.033563192933797836,-0.04523755982518196,0.05632872134447098,False
train,0.9053969383239746,0.0,0.00016997448983602226,0.05666007101535797,0.01722307689487934,-0.03410392999649048,-0.045220449566841125,0.056638918817043304,False
train,0.9058137536048889,0.0,0.0001701438013697043,0.056655075401067734,0.01724187098443508,-0.034650325775146484,-0.045202966779470444,0.05695571377873421,False
test,0.9062304496765137,0.0,0.00017031912284437567,0.05664981156587601,0.017258718609809875,-0.035204529762268066,-0.04518502205610275,0.05728041008114815,False
train,0.9066472053527832,0.0,0.0001704998139757663,0.056644368916749954,0.01727359928190708,-0.035769473761320114,-0.045166634023189545,0.05761492997407913,False
train,0.907063901424408,0.0,0.00017068673332687467,0.05663866549730301,0.017286457121372223,-0.036348409950733185,-0.04514770209789276,0.05796138197183609,False
train,0.9074807167053223,0.0,0.00017087989544961601,0.05663274601101875,0.01729726418852806,-0.03694365918636322,-0.04512821137905121,0.058321431279182434,False
train,0.9078974723815918,0.0,0.00017107896564994007,0.056626543402671814,0.017305975779891014,-0.03755776211619377,-0.04510807245969772,0.05869687721133232,False
test,0.9083141684532166,0.0,0.00017128398758359253,0.056620098650455475,0.01731255277991295,-0.038192979991436005,-0.045087285339832306,0.059089481830596924,False
train,0.9087310433387756,0.0,0.00017149628547485918,0.056613385677337646,0.01731698028743267,-0.03885216265916824,-0.04506576806306839,0.05950137600302696,False
train,0.9091477394104004,0.0,0.00017171558283735067,0.05660635605454445,0.017319217324256897,-0.03953641653060913,-0.045043472200632095,0.059933651238679886,False
train,0.9095644950866699,0.0,0.00017194087558891624,0.056599173694849014,0.01731923222541809,-0.040247753262519836,-0.045020490884780884,0.06038812920451164,False
train,0.9099811911582947,0.0,0.00017217418644577265,0.05659147724509239,0.017317013815045357,-0.04098699614405632,-0.044996507465839386,0.06086558476090431,False
test,0.910398006439209,0.0,0.00017241472960449755,0.056583505123853683,0.01731255277991295,-0.04175490140914917,-0.04497169703245163,0.061367135494947433,False
train,0.9108147621154785,0.0,0.0001726628397591412,0.056575335562229156,0.017305802553892136,-0.04255174845457077,-0.04494611173868179,0.06189349293708801,False
train,0.9112314581871033,0.0,0.0001729192299535498,0.056566786020994186,0.01729675754904747,-0.043377526104450226,-0.044919587671756744,0.062445010989904404,False
train,0.9116482138633728,0.0,0.00017318374011665583,0.056557852774858475,0.0172854196280241,-0.044231757521629333,-0.04489213973283768,0.06302184611558914,False
train,0.9120650291442871,0.0,0.00017345711239613593,0.0565485805273056,0.017271770164370537,-0.045112501829862595,-0.044863808900117874,0.0636231005191803,False
test,0.9124817252159119,0.0,0.0001737385318847373,0.05653895065188408,0.01725580543279648,-0.04601779580116272,-0.044834624975919724,0.06424780935049057,False
train,0.9128984808921814,0.0,0.0001740297011565417,0.05652881786227226,0.01723751798272133,-0.046945422887802124,-0.04480448365211487,0.06489463895559311,False
train,0.9133152961730957,0.0,0.00017432951426599175,0.05651841685175896,0.01721690595149994,-0.04789205640554428,-0.044773638248443604,0.06556162983179092,False
train,0.9137320518493652,0.0,0.00017463914991822094,0.056507550179958344,0.017193984240293503,-0.04885406047105789,-0.04474199563264847,0.06624624878168106,False
train,0.91414874792099,0.0,0.00017495802603662014,0.05649624764919281,0.01716875657439232,-0.04982684552669525,-0.04470965266227722,0.06694526225328445,False
test,0.9145655035972595,0.0,0.0001752861717250198,0.05648456886410713,0.017141219228506088,-0.05080520361661911,-0.044676750898361206,0.06765486299991608,False
train,0.9149823188781738,0.0,0.0001756251440383494,0.056472424417734146,0.01711140014231205,-0.051783740520477295,-0.04464331641793251,0.06837090849876404,False
train,0.9153990149497986,0.0,0.00017597299301996827,0.05645988881587982,0.017079319804906845,-0.052756283432245255,-0.04460955783724785,0.06908862292766571,False
train,0.9158157706260681,0.0,0.00017633130482863635,0.05644688010215759,0.017044980078935623,-0.05371691286563873,-0.044575516134500504,0.06980317831039429,False
train,0.9162325859069824,0.0,0.00017669907538220286,0.05643361061811447,0.017008407041430473,-0.05465732514858246,-0.04454154893755913,0.0705079659819603,False
test,0.9166492819786072,0.0,0.0001770760864019394,0.05641981214284897,0.01696964167058468,-0.05557020753622055,-0.044507600367069244,0.07119673490524292,False
train,0.9170660376548767,0.0,0.00017746284720487893,0.056405652314424515,0.016928700730204582,-0.05644836649298668,-0.04447399452328682,0.07186344265937805,False
train,0.9174827337265015,0.0,0.0001778582518454641,0.05639108642935753,0.016885627061128616,-0.05728401243686676,-0.04444088041782379,0.07250137627124786,False
train,0.9178995490074158,0.0,0.00017826168914325535,0.05637615546584129,0.016840416938066483,-0.05806834250688553,-0.04440852627158165,0.07310300320386887,False
train,0.9183163046836853,0.0,0.00017867473070509732,0.056360937654972076,0.016793150454759598,-0.0587942861020565,-0.04437719285488129,0.07366208732128143,False
test,0.9187330603599548,0.0,0.00017909436428453773,0.05634545907378197,0.0167438555508852,-0.059452056884765625,-0.04434717074036598,0.07417020201683044,False
train,0.9191498756408691,0.0,0.00017952098278328776,0.0563296377658844,0.01669255644083023,-0.06003525108098984,-0.04431862011551857,0.0746215209364891,False
train,0.9195665717124939,0.0,0.0001799539168132469,0.05631357058882713,0.01663934253156185,-0.060536131262779236,-0.044291868805885315,0.075009286403656,False
train,0.9199833273887634,0.0,0.00018039204587694257,0.056297313421964645,0.016584211960434914,-0.060947079211473465,-0.0442672036588192,0.0753268375992775,False
train,0.9204000234603882,0.0,0.00018083432223647833,0.05628079175949097,0.016527244821190834,-0.061260245740413666,-0.04424484446644783,0.0755673497915268,False
test,0.9208168387413025,0.0,0.00018127926159650087,0.0562642440199852,0.016468470916152,-0.061471447348594666,-0.04422520846128464,0.0757271945476532,False
train,0.921233594417572,0.0,0.00018172631098423153,0.05624755844473839,0.01640797220170498,-0.06157321482896805,-0.044208452105522156,0.07580005377531052,False
train,0.9216502904891968,0.0,0.00018217483011540025,0.0562308169901371,0.0163457989692688,-0.06156086176633835,-0.04419488087296486,0.07578210532665253,False
train,0.9220671057701111,0.0,0.00018262201047036797,0.05621415376663208,0.0162819791585207,-0.06143016368150711,-0.04418483003973961,0.07567010074853897,False
train,0.9224838614463806,0.0,0.000183066789759323,0.056197457015514374,0.016216613352298737,-0.061178259551525116,-0.04417838901281357,0.0754619762301445,False
test,0.9229005575180054,0.0,0.0001835081202443689,0.05618087202310562,0.016149766743183136,-0.06080047786235809,-0.044175874441862106,0.07515455037355423,False
train,0.9233173131942749,0.0,0.00018394330982118845,0.056164491921663284,0.016081470996141434,-0.06029687821865082,-0.04417750611901283,0.0747486799955368,False
train,0.9237341284751892,0.0,0.00018437232938595116,0.05614827573299408,0.0160117968916893,-0.05966462567448616,-0.04418337717652321,0.07424310594797134,False
train,0.9241508841514587,0.0,0.0001847921230364591,0.05613232031464577,0.015940841287374496,-0.058904439210891724,-0.044193658977746964,0.07363975048065186,False
train,0.9245675802230835,0.0,0.00018520050798542798,0.056116700172424316,0.015868669375777245,-0.05801479518413544,-0.04420848563313484,0.07293906062841415,False
test,0.924984335899353,0.0,0.00018559776071924716,0.05610146000981331,0.015795329585671425,-0.05699935555458069,-0.044227875769138336,0.07214590162038803,False
train,0.9254011511802673,0.0,0.00018598025781102479,0.05608665943145752,0.01572089083492756,-0.05585647001862526,-0.04425191879272461,0.07126133888959885,False
train,0.9258178472518921,0.0,0.0001863468496594578,0.05607223883271217,0.01564546674489975,-0.05459111928939819,-0.04428046941757202,0.07029189169406891,False
train,0.9262346029281616,0.0,0.00018669564451556653,0.05605834349989891,0.015569088980555534,-0.053204409778118134,-0.044313568621873856,0.06924162060022354,False
train,0.9266514182090759,0.0,0.0001870256382972002,0.056045085191726685,0.01549183763563633,-0.05170048028230667,-0.04435116797685623,0.06811729073524475,False
test,0.9270681142807007,0.0,0.00018733390606939793,0.05603234842419624,0.015413819812238216,-0.050081510096788406,-0.04439302161335945,0.0669245719909668,False
train,0.9274848699569702,0.0,0.00018761940009426326,0.056020431220531464,0.0153350830078125,-0.04835442081093788,-0.044439125806093216,0.0656733289361,False
train,0.927901566028595,0.0,0.0001878818729892373,0.056009188294410706,0.015255718491971493,-0.046521347016096115,-0.04448915272951126,0.06437018513679504,False
train,0.928318440914154,0.0,0.00018811832705978304,0.05599857494235039,0.015175757929682732,-0.044586025178432465,-0.0445428229868412,0.06302361935377121,False
train,0.9287351369857788,0.0,0.00018832851492334157,0.055988822132349014,0.015095347538590431,-0.04255542904138565,-0.044599972665309906,0.061645131558179855,False
test,0.9291518926620483,0.0,0.00018851106869988143,0.05597998574376106,0.015014521777629852,-0.04043308645486832,-0.04466037452220917,0.0602443665266037,False
train,0.9295687079429626,0.0,0.00018866482423618436,0.05597184598445892,0.014933356083929539,-0.03822487220168114,-0.044723495841026306,0.058833085000514984,False
train,0.9299854040145874,0.0,0.0001887897087726742,0.05596480891108513,0.014851956628262997,-0.03593635931611061,-0.044789303094148636,0.05742389336228371,False
train,0.9304021596908569,0.0,0.0001888835395220667,0.055958572775125504,0.014770383015275002,-0.033573247492313385,-0.0448572114109993,0.05602974444627762,False
train,0.9308188557624817,0.0,0.00018894711683969945,0.05595334619283676,0.014688718132674694,-0.031140096485614777,-0.04492702707648277,0.05466391146183014,False
test,0.931235671043396,0.0,0.0001889802806545049,0.055949099361896515,0.014607012271881104,-0.028642717748880386,-0.044998377561569214,0.05334097146987915,False
train,0.9316524267196655,0.0,0.00018898100825026631,0.055945876985788345,0.014525364153087139,-0.02608647011220455,-0.045070942491292953,0.05207584798336029,False
train,0.9320691227912903,0.0,0.0001889510895125568,0.05594366043806076,0.014443861320614815,-0.023478906601667404,-0.04514433443546295,0.05088486894965172,False
train,0.9324858784675598,0.0,0.0001888898405013606,0.05594251677393913,0.014362554997205734,-0.02082342654466629,-0.04521830379962921,0.04978263005614281,False
train,0.9329026937484741,0.0,0.00018879727576859295,0.05594247952103615,0.014281513169407845,-0.018127571791410446,-0.045292552560567856,0.0487854927778244,False
test,0.9333194494247437,0.0,0.00018867435574065894,0.05594353750348091,0.014200824312865734,-0.015396801754832268,-0.04536676034331322,0.04790829122066498,False
train,0.9337361454963684,0.0,0.0001885213132482022,0.05594571679830551,0.014120575971901417,-0.012638142332434654,-0.04544065147638321,0.0471654050052166,False
train,0.9341529607772827,0.0,0.00018833820649888366,0.055948976427316666,0.014040810987353325,-0.00985538586974144,-0.04551398381590843,0.04656878113746643,False
train,0.9345697164535522,0.0,0.00018812586495187134,0.055953435599803925,0.013961611315608025,-0.007055941969156265,-0.04558657854795456,0.046129412949085236,False
train,0.934986412525177,0.0,0.00018788527813740075,0.05595899000763893,0.013883058913052082,-0.004247182980179787,-0.04565811902284622,0.04585523158311844,False
test,0.9354031682014465,0.0,0.00018761689716484398,0.055965714156627655,0.0138052087277174,-0.0014328919351100922,-0.045728523284196854,0.04575096815824509,False
train,0.9358199834823608,0.0,0.00018732227908913046,0.05597347021102905,0.013728102669119835,0.0013796240091323853,-0.04579749330878258,0.0458182692527771,False
train,0.9362366795539856,0.0,0.00018700191867537796,0.055982429534196854,0.013651864603161812,0.004182895645499229,-0.04586498439311981,0.046055328100919724,False
train,0.9366534352302551,0.0,0.00018665700918063521,0.055992551147937775,0.013576516881585121,0.006972812116146088,-0.045930881053209305,0.046457141637802124,False
train,0.9370702505111694,0.0,0.00018628947145771235,0.056003816425800323,0.013502118177711964,0.009742438793182373,-0.04599505662918091,0.04701553285121918,False
test,0.937487006187439,0.0,0.0001858981850091368,0.05601618438959122,0.013428773730993271,0.012485651299357414,-0.04605737701058388,0.04771973937749863,False
train,0.9379037022590637,0.0,0.00018548665684647858,0.05602959915995598,0.013356520794332027,0.01519513875246048,-0.04611773416399956,0.04855654016137123,False
train,0.9383204579353333,0.0,0.00018505522166378796,0.056044138967990875,0.013285409659147263,0.017866509035229683,-0.04617614299058914,0.0495121031999588,False
train,0.9387372732162476,0.0,0.00018460472347214818,0.05605975538492203,0.013215506449341774,0.02049335464835167,-0.04623253643512726,0.05057099089026451,False
train,0.9391539692878723,0.0,0.00018413687939755619,0.05607647821307182,0.013146884739398956,0.02306782640516758,-0.04628688842058182,0.05171654373407364,False
test,0.9395707249641418,0.0,0.00018365289724897593,0.0560942105948925,0.013079583644866943,0.025586115196347237,-0.04633914679288864,0.052933596074581146,False
train,0.9399875402450562,0.0,0.00018315357738174498,0.05611288547515869,0.013013653457164764,0.02804161235690117,-0.04638924449682236,0.05420603230595589,False
train,0.9404042363166809,0.0,0.00018264030222781003,0.05613261088728905,0.012949183583259583,0.030428243800997734,-0.04643726721405983,0.05551844462752342,False
train,0.9408209919929504,0.0,0.00018211368296761066,0.0561533086001873,0.012886177748441696,0.03274047374725342,-0.04648318514227867,0.0568561814725399,False
train,0.9412376880645752,0.0,0.00018157681915909052,0.0561748668551445,0.012824734672904015,0.034972842782735825,-0.046526949852705,0.05820529907941818,False
test,0.9416545033454895,0.0,0.00018102825561072677,0.05619734898209572,0.012764877639710903,0.03711959347128868,-0.046568628400564194,0.05955250933766365,False
train,0.942071259021759,0.0,0.00018047221237793565,0.056220605969429016,0.012706663459539413,0.03917616605758667,-0.04660816863179207,0.06088590249419212,False
train,0.9424880146980286,0.0,0.00017990742344409227,0.05624474585056305,0.012650146149098873,0.041136130690574646,-0.046645671129226685,0.06219324469566345,False
train,0.9429048299789429,0.0,0.000179335504071787,0.05626972019672394,0.01259535364806652,0.04299600422382355,-0.04668116942048073,0.06346485763788223,False
train,0.9433215260505676,0.0,0.0001787570508895442,0.05629539117217064,0.012542364187538624,0.04474940150976181,-0.046714600175619125,0.0646897405385971,False
test,0.9437382817268372,0.0,0.00017817603657022119,0.056321680545806885,0.012491201050579548,0.046392712742090225,-0.04674597829580307,0.06585947424173355,False
train,0.9441549777984619,0.0,0.0001775897981133312,0.05634872615337372,0.01244193222373724,0.0479217991232872,-0.046775463968515396,0.0669659823179245,False
train,0.9445717930793762,0.0,0.0001770016096998006,0.05637621879577637,0.012394564226269722,0.04933203011751175,-0.046802863478660583,0.0680011585354805,False
train,0.9449885487556458,0.0,0.0001764118642313406,0.05640430375933647,0.01234915480017662,0.050619788467884064,-0.046828385442495346,0.06895839422941208,False
train,0.9454052448272705,0.0,0.00017582137661520392,0.05643291398882866,0.012305771932005882,0.05178157985210419,-0.046852026134729385,0.06983154267072678,False
test,0.94582200050354,0.0,0.00017523084534332156,0.05646195635199547,0.012264429591596127,0.05281457304954529,-0.0468737930059433,0.07061538100242615,False
train,0.9462388157844543,0.0,0.00017464198754169047,0.056491419672966,0.012225170619785786,0.053715478628873825,-0.04689374566078186,0.0713048130273819,False
train,0.9466555118560791,0.0,0.00017405542894266546,0.05652116239070892,0.012188058346509933,0.05448188632726669,-0.046911850571632385,0.07189574092626572,False
train,0.9470722675323486,0.0,0.00017347067478112876,0.05655122548341751,0.012153097428381443,0.05511128529906273,-0.04692818969488144,0.07238445430994034,False
train,0.9474890828132629,0.0,0.000172891523106955,0.05658145621418953,0.012120350264012814,0.055602822452783585,-0.04694277048110962,0.07276879251003265,False
test,0.9479058384895325,0.0,0.00017231577658094466,0.05661185458302498,0.012089849449694157,0.055955082178115845,-0.04695563390851021,0.07304657995700836,False
train,0.9483225345611572,0.0,0.0001717460254440084,0.05664238706231117,0.012061644345521927,0.05616660788655281,-0.04696684330701828,0.07321593165397644,False
train,0.9487392902374268,0.0,0.00017118144023697823,0.05667290464043617,0.012035734951496124,0.05623786151409149,-0.04697636142373085,0.07327670603990555,False
train,0.9491561055183411,0.0,0.00017062458209693432,0.056703489273786545,0.012012196704745293,0.05616839602589607,-0.04698433354496956,0.07322852313518524,False
train,0.9495728015899658,0.0,0.0001700748543953523,0.056734077632427216,0.011991058476269245,0.055960215628147125,-0.04699082300066948,0.0730731338262558,False
test,0.9499895572662354,0.0,0.0001695325772743672,0.05676443874835968,0.011972356587648392,0.05561348795890808,-0.04699569568037987,0.07281109690666199,False
train,0.9504063725471497,0.0,0.00016899927868507802,0.05679461359977722,0.011956103146076202,0.05513003468513489,-0.04699910059571266,0.07244471460580826,False
train,0.9508230686187744,0.0,0.0001684750459389761,0.056824542582035065,0.011942368932068348,0.05451309308409691,-0.047001078724861145,0.0719776302576065,False
train,0.951239824295044,0.0,0.00016795980627648532,0.05685422569513321,0.011931166052818298,0.05376524105668068,-0.04700171574950218,0.0714133232831955,False
train,0.9516565203666687,0.0,0.00016745555330999196,0.056883592158555984,0.011922543868422508,0.052890367805957794,-0.04700106754899025,0.07075656205415726,False
test,0.9520733952522278,0.0,0.000166960948263295,0.05691247433423996,0.011916521936655045,0.05189182981848717,-0.046999070793390274,0.07001195847988129,False
train,0.9524900913238525,0.0,0.00016647765005473047,0.0569409616291523,0.01191315520554781,0.05077596381306648,-0.04699593782424927,0.06918682157993317,False
train,0.9529068470001221,0.0,0.00016600507660768926,0.056968994438648224,0.011912478134036064,0.04954615235328674,-0.046991679817438126,0.06828644871711731,False
train,0.9533235430717468,0.0,0.0001655445812502876,0.056996461004018784,0.01191451121121645,0.04821024462580681,-0.04698634520173073,0.06731971353292465,False
train,0.9537403583526611,0.0,0.00016509481065440923,0.05702332779765129,0.01191929541528225,0.04677202180027962,-0.046979960054159164,0.06629282981157303,False
test,0.9541571140289307,0.0,0.00016465740918647498,0.057049624621868134,0.011926879175007343,0.04524014890193939,-0.046972692012786865,0.0652158334851265,False
train,0.9545738101005554,0.0,0.00016423196939285845,0.057075243443250656,0.011937280185520649,0.04362039268016815,-0.04696452617645264,0.0640968456864357,False
train,0.9549906253814697,0.0,0.0001638190442463383,0.05710018426179886,0.011950550600886345,0.041920289397239685,-0.046955566853284836,0.06294550001621246,False
train,0.9554073810577393,0.0,0.00016341774608008564,0.057124409824609756,0.01196672860532999,0.040147289633750916,-0.046945881098508835,0.06177151948213577,False
train,0.955824077129364,0.0,0.00016302925359923393,0.05714789032936096,0.011985836550593376,0.038309093564748764,-0.04693552851676941,0.0605849027633667,False
test,0.9562408328056335,0.0,0.00016265237354673445,0.057170603424310684,0.012007910758256912,0.03641274571418762,-0.04692457616329193,0.05939532071352005,False
train,0.9566576480865479,0.0,0.0001622885902179405,0.057192519307136536,0.012033025734126568,0.0344664603471756,-0.04691309481859207,0.058213189244270325,False
train,0.9570744037628174,0.0,0.00016193659394048154,0.05721364542841911,0.012061175890266895,0.03247735649347305,-0.046901144087314606,0.057048190385103226,False
train,0.9574910998344421,0.0,0.00016159629740286618,0.05723395571112633,0.012092418037354946,0.030453890562057495,-0.0468888096511364,0.05591064319014549,False
train,0.9579079151153564,0.0,0.0001612687046872452,0.05725336819887161,0.01212680246680975,0.028402235358953476,-0.04687606543302536,0.05480923503637314,False
test,0.958324670791626,0.0,0.00016095221508294344,0.05727198347449303,0.012164357118308544,0.026330240070819855,-0.046863071620464325,0.053753409534692764,False
train,0.9587413668632507,0.0,0.0001606478326721117,0.05728977546095848,0.012205110862851143,0.024244414642453194,-0.04684985801577568,0.05275131016969681,False
train,0.9591581225395203,0.0,0.00016035474254749715,0.05730669945478439,0.012249127961695194,0.022151246666908264,-0.04683643952012062,0.05181051790714264,False
train,0.9595749378204346,0.0,0.0001600728719495237,0.05732273310422897,0.012296444736421108,0.020056236535310745,-0.04682283475995064,0.05093751475214958,False
train,0.9599916338920593,0.0,0.0001598015514900908,0.05733790993690491,0.012347095645964146,0.017966318875551224,-0.04680913686752319,0.050138648599386215,False
test,0.9604083895683289,0.0,0.00015954177069943398,0.05735224485397339,0.012401120737195015,0.015885842964053154,-0.04679536446928978,0.04941827803850174,False
train,0.9608252048492432,0.0,0.0001592924672877416,0.0573657788336277,0.012458587065339088,0.013819672167301178,-0.04678158462047577,0.04878011718392372,False
train,0.9612419009208679,0.0,0.00015905265172477812,0.05737847834825516,0.01251949742436409,0.011772658675909042,-0.04676780849695206,0.04822678864002228,False
train,0.9616586565971375,0.0,0.0001588228769833222,0.057390280067920685,0.012583941221237183,0.009748712182044983,-0.046753983944654465,0.0477595254778862,False
train,0.962075412273407,0.0,0.00015860266285017133,0.057401347905397415,0.012651932425796986,0.007751138880848885,-0.04674026742577553,0.04737860709428787,False
test,0.9624922275543213,0.0,0.0001583919656695798,0.05741162970662117,0.012723544612526894,0.005782736465334892,-0.04672662168741226,0.047083090990781784,False
train,0.962908923625946,0.0,0.00015819075633771718,0.057421036064624786,0.012798778712749481,0.0038463864475488663,-0.04671298339962959,0.04687107354402542,False
train,0.9633256793022156,0.0,0.000157997477799654,0.05742979794740677,0.012877718545496464,0.0019444432109594345,-0.046699535101652145,0.04673999920487404,False
train,0.9637424945831299,0.0,0.0001578139199409634,0.057437714189291,0.012960421852767467,7.816962897777557e-05,-0.04668611288070679,0.04668617621064186,False
train,0.9641591906547546,0.0,0.00015763705596327782,0.057444993406534195,0.013046883046627045,-0.0017502326518297195,-0.04667287692427635,0.04670568183064461,False
test,0.9645759463310242,0.0,0.00015746848657727242,0.057451434433460236,0.013137203641235828,-0.0035402998328208923,-0.04665965214371681,0.04679377004504204,False
train,0.9649926424026489,0.0,0.00015730789164081216,0.05745720863342285,0.01323139201849699,-0.005290910601615906,-0.04664657264947891,0.04694567620754242,False
train,0.9654094576835632,0.0,0.00015715390327386558,0.0574624203145504,0.013329552486538887,-0.007002316415309906,-0.046633701771497726,0.04715649038553238,False
train,0.9658262133598328,0.0,0.0001570078602526337,0.057466812431812286,0.013431668281555176,-0.008673274889588356,-0.046620819717645645,0.04742074012756348,False
train,0.9662429094314575,0.0,0.00015686762344557792,0.05747061222791672,0.01353780459612608,-0.010304393246769905,-0.0466080941259861,0.04773358255624771,False
test,0.966659665107727,0.0,0.00015673456073272973,0.0574737973511219,0.013648036867380142,-0.011896219104528427,-0.046595484018325806,0.04809011518955231,False
train,0.9670764803886414,0.0,0.00015660771168768406,0.057476405054330826,0.013762426562607288,-0.013448820449411869,-0.04658299311995506,0.04848552495241165,False
train,0.9674932360649109,0.0,0.0001564862031955272,0.05747836083173752,0.013880976475775242,-0.014962464570999146,-0.0465705506503582,0.04891514778137207,False
train,0.9679099321365356,0.0,0.0001563707337481901,0.05747976526618004,0.014003734104335308,-0.016437992453575134,-0.04655822366476059,0.04937484860420227,False
train,0.96832674741745,0.0,0.00015626073582097888,0.0574805922806263,0.014130801893770695,-0.01787620037794113,-0.046545956283807755,0.04986065253615379,False
test,0.9687435030937195,0.0,0.00015615571464877576,0.05748093128204346,0.014262181706726551,-0.019277317449450493,-0.04653380811214447,0.050368741154670715,False
train,0.9691601991653442,0.0,0.00015605641237925738,0.05748077481985092,0.014397908933460712,-0.02064216323196888,-0.04652174934744835,0.05089569836854935,False
train,0.9695769548416138,0.0,0.00015596224693581462,0.05747998505830765,0.014538070186972618,-0.021972322836518288,-0.04650965705513954,0.05143861472606659,False
train,0.9699937701225281,0.0,0.00015587259258609265,0.05747881531715393,0.014682726934552193,-0.023268092423677444,-0.04649770259857178,0.05199461802840233,False
train,0.9704104661941528,0.00047066339175216854,0.00015578670718241483,0.0574771948158741,0.014831851236522198,-0.02452920749783516,-0.04648582637310028,0.05256057158112526,False
test,0.9708272218704224,0.0007228044560179114,0.00015570546383969486,0.057475000619888306,0.01498553529381752,-0.025757474824786186,-0.046473897993564606,0.053134456276893616,False
train,0.9712440371513367,0.0011598489945754409,0.00015562886255793273,0.05747246742248535,0.015143868513405323,-0.026952944695949554,-0.046462103724479675,0.05371394753456116,False
train,0.9716607928276062,0.001714559504762292,0.00015555617574136704,0.05746951326727867,0.015306800603866577,-0.02811581641435623,-0.046450354158878326,0.05429672449827194,False
train,0.972077488899231,0.001756582991220057,0.0001554870541440323,0.05746612697839737,0.015474401414394379,-0.029246363788843155,-0.046438634395599365,0.05488074943423271,False
train,0.9724942445755005,0.0017397735500708222,0.00015542167238891125,0.05746237188577652,0.015646731480956078,-0.030345063656568527,-0.04642697796225548,0.05546428635716438,False
test,0.9729110598564148,0.0017397735500708222,0.0001553598849568516,0.057458169758319855,0.015823855996131897,-0.031411975622177124,-0.0464153066277504,0.05604545399546623,False
train,0.9733277559280396,0.001756582991220057,0.00015530108066741377,0.05745358765125275,0.016005709767341614,-0.03244630992412567,-0.0464036799967289,0.05662212148308754,False
train,0.9737445116043091,0.0027903614100068808,0.00015524674381595105,0.057448744773864746,0.016192423179745674,-0.03344884514808655,-0.04639217630028725,0.057193174958229065,False
train,0.9741612076759338,0.0034795471001416445,0.0001551941822981462,0.0574435330927372,0.01638396456837654,-0.034418169409036636,-0.046380702406167984,0.0577562116086483,False
train,0.9745780229568481,0.004219160880893469,0.00015514492406509817,0.05743806064128876,0.016580432653427124,-0.035354822874069214,-0.04636933654546738,0.05831019580364227,False
test,0.9749947786331177,0.0046309917233884335,0.0001550986198708415,0.05743218958377838,0.016781767830252647,-0.03625719994306564,-0.04635797068476677,0.058852747082710266,False
train,0.9754114747047424,0.004664610140025616,0.00015505513874813914,0.05742604285478592,0.016988033428788185,-0.03712476044893265,-0.04634670168161392,0.0593823604285717,False
train,0.9758283495903015,0.010648759081959724,0.00015501418965868652,0.057419709861278534,0.017199309542775154,-0.0379573293030262,-0.04633558914065361,0.05989779159426689,False
train,0.9762450456619263,0.023486943915486336,0.00015497546701226383,0.057413049042224884,0.017415469512343407,-0.038752369582653046,-0.046324532479047775,0.060396261513233185,False
train,0.9766618013381958,0.010728604160249233,0.0001549396984046325,0.057406235486269,0.017636630684137344,-0.03950968384742737,-0.04631366953253746,0.06087668985128403,False
test,0.9770784974098206,0.01297686155885458,0.0001549051230540499,0.05739909037947655,0.017862729728221893,-0.04022764414548874,-0.04630285128951073,0.06133691594004631,False
train,0.9774953126907349,0.005992553662508726,0.00015487293421756476,0.057391852140426636,0.018093880265951157,-0.040904853492975235,-0.04629228264093399,0.06177525594830513,False
train,0.9779120683670044,0.005799245089292526,0.00015484339382965118,0.057384416460990906,0.018329987302422523,-0.04153971001505852,-0.046281877905130386,0.06218970566987991,False
train,0.9783287644386292,0.005841268692165613,0.0001548151922179386,0.057376742362976074,0.01857101544737816,-0.0421304926276207,-0.04627160727977753,0.06257826834917068,False
train,0.9787455797195435,0.005799245089292526,0.0001547877473058179,0.05736910551786423,0.018817076459527016,-0.04267538711428642,-0.04626169800758362,0.0629391223192215,False
test,0.979162335395813,0.0057824356481432915,0.0001547626598039642,0.05736120417714119,0.01906803995370865,-0.043172456324100494,-0.046251919120550156,0.06327006220817566,False
train,0.9795790314674377,0.008278632536530495,0.00015473889652639627,0.057353220880031586,0.019323885440826416,-0.04362022131681442,-0.046242423355579376,0.06356953084468842,False
train,0.9799957871437073,0.02057471312582493,0.00015471645747311413,0.05734524875879288,0.01958465576171875,-0.044016219675540924,-0.04623328521847725,0.06383529305458069,False
train,0.9804126024246216,0.018565990030765533,0.00015469508070964366,0.05733717605471611,0.019850309938192368,-0.04435911774635315,-0.04622441902756691,0.06406580656766891,False
train,0.9808293581008911,0.02426437847316265,0.0001546742714708671,0.05732915177941322,0.020120715722441673,-0.044646233320236206,-0.0462159663438797,0.0642588660120964,False
test,0.9812460541725159,0.023970214650034904,0.00015465392789337784,0.05732099711894989,0.020395874977111816,-0.04487600550055504,-0.04620777815580368,0.06441284716129303,False
train,0.9816628694534302,0.02442406862974167,0.00015463503950741142,0.057312972843647,0.02067580632865429,-0.0450468435883522,-0.04620007798075676,0.06452646851539612,False
train,0.9820796251296997,0.023970214650034904,0.00015461603470612317,0.057305071502923965,0.020960334688425064,-0.04515628516674042,-0.04619286209344864,0.06459776312112808,False
train,0.9824963212013245,0.02426437847316265,0.00015459759742952883,0.05729714408516884,0.021249381825327873,-0.045203179121017456,-0.046186015009880066,0.06462565064430237,False
train,0.982913076877594,0.023978618904948235,0.00015457917470484972,0.05728930979967117,0.02154296264052391,-0.0451853908598423,-0.0461796410381794,0.06460866332054138,False
test,0.9833298921585083,0.024213949218392372,0.0001545597187941894,0.057281743735075,0.021840980276465416,-0.045101508498191833,-0.04617389291524887,0.06454591453075409,False
train,0.9837465882301331,0.02389036864042282,0.00015454128151759505,0.05727429687976837,0.022143209353089333,-0.04495050758123398,-0.04616864025592804,0.06443672627210617,False
train,0.9841633439064026,0.02368445321917534,0.00015452272782567888,0.057266976684331894,0.022449690848588943,-0.04473099857568741,-0.046163901686668396,0.06428038328886032,False
train,0.9845801591873169,0.02423916384577751,0.00015450254431925714,0.05725992098450661,0.02276027575135231,-0.044441625475883484,-0.046159788966178894,0.06407639384269714,False
train,0.9849968552589417,0.016027769073843956,0.0001544822152936831,0.05725325644016266,0.023074734956026077,-0.044082529842853546,-0.04615640267729759,0.06382540613412857,False
test,0.9854136109352112,0.005215118173509836,0.00015446054749190807,0.05724678188562393,0.023393064737319946,-0.04365215823054314,-0.046153582632541656,0.06352687627077103,False
train,0.9858303070068359,0.0052193207666277885,0.00015443816664628685,0.05724057927727699,0.023715034127235413,-0.04315101355314255,-0.04615138843655586,0.06318196654319763,False
train,0.986247181892395,0.0052193207666277885,0.0001544147526146844,0.057234831154346466,0.024040648713707924,-0.04257883131504059,-0.04614997282624245,0.06279153376817703,False
train,0.9866638779640198,0.0052193207666277885,0.00015438928676303476,0.0572294257581234,0.024369504302740097,-0.04193598031997681,-0.04614923521876335,0.0623568631708622,False
train,0.9870806336402893,0.005210916046053171,0.0001543624821351841,0.05722447484731674,0.02470160275697708,-0.04122353345155716,-0.046149250119924545,0.06187998875975609,False
test,0.9874973297119141,0.005210916046053171,0.00015433438238687813,0.057219989597797394,0.025036662817001343,-0.040442198514938354,-0.046150024980306625,0.06136282533407211,False
train,0.9879141449928284,0.005252939648926258,0.00015430347411893308,0.057215914130210876,0.025374623015522957,-0.03959296643733978,-0.04615151137113571,0.06080760434269905,False
train,0.9883309006690979,0.005210916046053171,0.00015427109610754997,0.0572124645113945,0.025715157389640808,-0.03867800533771515,-0.04615386202931404,0.060217663645744324,False
train,0.9887475967407227,0.005210916046053171,0.0001542363897897303,0.057209376245737076,0.02605804242193699,-0.03769933059811592,-0.04615684598684311,0.059596091508865356,False
train,0.989164412021637,0.0052193207666277885,0.00015419961709994823,0.05720699578523636,0.026403188705444336,-0.03665878623723984,-0.046160738915205,0.05894641950726509,False
test,0.9895811676979065,0.0052193207666277885,0.00015415991947520524,0.057205162942409515,0.02675023302435875,-0.03555958718061447,-0.04616538807749748,0.058272868394851685,False
train,0.9899978637695312,0.0052193207666277885,0.00015411789354402572,0.0572039894759655,0.02709893509745598,-0.03440491110086441,-0.046170856803655624,0.05757990851998329,False
train,0.9904146194458008,0.005210916046053171,0.0001540735102025792,0.057203296571969986,0.027449125424027443,-0.03319762274622917,-0.04617698863148689,0.05687175318598747,False
train,0.9908314347267151,0.00527815381065011,0.00015402532881125808,0.05720338225364685,0.02780054695904255,-0.03194136917591095,-0.046184003353118896,0.05615347996354103,False
train,0.9912481904029846,0.005210916046053171,0.00015397524111904204,0.05720418319106102,0.02815278060734272,-0.03064032830297947,-0.04619181156158447,0.05543025583028793,False
test,0.9916648864746094,0.004063674248754978,0.00015392122440971434,0.057205647230148315,0.028505604714155197,-0.029299184679985046,-0.046200357377529144,0.054707542061805725,False
train,0.9920817017555237,0.00509745255112648,0.00015386458835564554,0.05720779672265053,0.028858881443738937,-0.02792147547006607,-0.04620962589979172,0.05399016663432121,False
train,0.9924984574317932,0.005210916046053171,0.00015380472177639604,0.05721069872379303,0.02921208180487156,-0.026512328535318375,-0.04621964693069458,0.05328376218676567,False
train,0.992915153503418,0.0052193207666277885,0.00015374152280855924,0.05721435323357582,0.029564954340457916,-0.025077059864997864,-0.046230386942625046,0.05259379744529724,False
train,0.9933319091796875,0.005194106604903936,0.00015367557352874428,0.057218778878450394,0.0299172755330801,-0.023620085790753365,-0.04624183103442192,0.051925092935562134,False
test,0.9937487244606018,0.0052193207666277885,0.00015360522957053035,0.057223886251449585,0.030268685892224312,-0.02214624360203743,-0.046253882348537445,0.051282335072755814,False
train,0.9941654205322266,0.005252939648926258,0.00015353260096162558,0.05722977593541145,0.030618730932474136,-0.020661404356360435,-0.0462665855884552,0.05067041143774986,False
train,0.9945821762084961,0.0052193207666277885,0.00015345649444498122,0.05723642557859421,0.030967215076088905,-0.019170617684721947,-0.046279892325401306,0.05009332299232483,False
train,0.9949988722801208,0.0052193207666277885,0.00015337734657805413,0.05724389851093292,0.03131365776062012,-0.017679059877991676,-0.046293824911117554,0.04955469071865082,False
train,0.9954157471656799,0.005210916046053171,0.00015329400775954127,0.05725208669900894,0.031657930463552475,-0.016191301867365837,-0.04630827158689499,0.0490572527050972,False
test,0.9958324432373047,0.0052193207666277885,0.0001532083551865071,0.057261016219854355,0.03199935331940651,-0.014713836833834648,-0.04632321372628212,0.04860387742519379,False
train,0.9962491989135742,0.0052193207666277885,0.00015311925380956382,0.05727078765630722,0.03233775123953819,-0.013250919058918953,-0.04633870720863342,0.048196084797382355,False
train,0.9966660141944885,0.0052193207666277885,0.00015302686369977891,0.0572812482714653,0.03267280384898186,-0.011807285249233246,-0.04635460302233696,0.04783472791314125,False
train,0.9970827102661133,0.005236130207777023,0.0001529315923107788,0.057292453944683075,0.033003926277160645,-0.010388568043708801,-0.046370916068553925,0.04752035439014435,False
train,0.9974994659423828,0.0052193207666277885,0.0001528329012217,0.05730436369776726,0.03333092853426933,-0.00899847038090229,-0.04638759046792984,0.047252312302589417,False
test,0.9979161620140076,0.0052193207666277885,0.0001527317799627781,0.05731699988245964,0.033653296530246735,-0.007642040029168129,-0.04640461504459381,0.047029659152030945,False
train,0.9983329772949219,0.0052193207666277885,0.0001526277046650648,0.05733032524585724,0.03397083282470703,-0.0063230134546756744,-0.046421945095062256,0.04685058817267418,False
train,0.9987497329711914,0.005215118173509836,0.00015252149023581296,0.05734432116150856,0.03428301215171814,-0.005045894533395767,-0.04643953591585159,0.046712860465049744,False
train,0.9991664290428162,0.005215118173509836,0.0001524122926639393,0.05735903978347778,0.03458941727876663,-0.003813859075307846,-0.04645740985870361,0.04661369323730469,False
train,0.9995832443237305,0.005210916046053171,0.00015230027202051133,0.057374242693185806,0.0348898246884346,-0.002630610018968582,-0.0464753657579422,0.046549756079912186,False
test,1.0,0.005244534928351641,0.00015218702901620418,0.05739010125398636,0.03518372029066086,-0.001499362289905548,-0.046493515372276306,0.04651768505573273,False
