part,t,D_obs,D_pred,I_pred,u_pred,r_I,r_D,R,is_anomaly
train,0.0002083767467411235,0.0,0.004778594709932804,0.04659886285662651,0.018306301906704903,0.02862776815891266,-0.3871481716632843,0.3882051706314087,False
train,0.0006251302547752857,0.0,0.00478013651445508,0.046599406749010086,0.01836181804537773,0.02862604148685932,-0.38713523745536804,0.38819214701652527,False
train,0.0010418837191537023,0.0,0.0047816806472837925,0.04659998416900635,0.018415983766317368,0.02862602286040783,-0.3871225118637085,0.3881794512271881,False
train,0.0014586371835321188,0.0,0.004783238749951124,0.04660060256719589,0.01846877485513687,0.02862768992781639,-0.38711002469062805,0.3881671130657196,False
test,0.0018753907643258572,0.0,0.004784786608070135,0.04660112038254738,0.018520163372159004,0.028630968183279037,-0.38709667325019836,0.3881540596485138,False
train,0.002292144112288952,0.0,0.0047863684594631195,0.046601779758930206,0.018570108339190483,0.0286361426115036,-0.38708433508872986,0.38814210891723633,False
train,0.0027088976930826902,0.0,0.00478793540969491,0.046602390706539154,0.01861857995390892,0.028643039986491203,-0.38707154989242554,0.3881298899650574,False
train,0.0031256512738764286,0.0,0.0047895098105072975,0.04660305753350258,0.018665548413991928,0.02865178883075714,-0.3870592415332794,0.38811826705932617,False
train,0.0035424046218395233,0.0,0.004791107028722763,0.046603765338659286,0.018710974603891373,0.028662433847784996,-0.38704708218574524,0.38810691237449646,False
test,0.003959157969802618,0.0,0.004792695865035057,0.046604424715042114,0.01875484362244606,0.028674917295575142,-0.38703447580337524,0.38809525966644287,False
train,0.004375911783427,0.0,0.004794284701347351,0.046605221927165985,0.01879711262881756,0.028689412400126457,-0.387023001909256,0.38808488845825195,False
train,0.004792665131390095,0.0,0.004795893095433712,0.04660601541399956,0.01883775368332863,0.028705857694149017,-0.3870113790035248,0.38807451725006104,False
train,0.0052094184793531895,0.0,0.0047975084744393826,0.04660671204328537,0.01887672208249569,0.028724204748868942,-0.3869988024234772,0.38806334137916565,False
train,0.0056261722929775715,0.0,0.004799120128154755,0.046607568860054016,0.018914014101028442,0.028744688257575035,-0.3869875967502594,0.38805368542671204,False
test,0.006042925640940666,0.0,0.004800750408321619,0.046608343720436096,0.018949570134282112,0.028767140582203865,-0.38697555661201477,0.3880433440208435,False
train,0.006459678988903761,0.0,0.004802383482456207,0.046609267592430115,0.018983375281095505,0.02879183739423752,-0.38696467876434326,0.38803431391716003,False
train,0.006876432802528143,0.0,0.004804021678864956,0.04661016911268234,0.019015396013855934,0.02881859615445137,-0.38695353269577026,0.3880251944065094,False
train,0.007293186150491238,0.0,0.0048056719824671745,0.04661106690764427,0.019045600667595863,0.028847476467490196,-0.3869422972202301,0.38801610469818115,False
train,0.007709939498454332,0.0,0.004807316232472658,0.04661194607615471,0.0190739668905735,0.02887851558625698,-0.38693082332611084,0.3880070149898529,False
test,0.008126692846417427,0.0,0.0048089828342199326,0.04661296680569649,0.01910046860575676,0.028911899775266647,-0.38692042231559753,0.3879990875720978,False
train,0.008543446660041809,0.0,0.004810646641999483,0.046613920480012894,0.019125062972307205,0.02894742414355278,-0.3869093954563141,0.3879907727241516,False
train,0.008960200473666191,0.0,0.004812324419617653,0.046614956110715866,0.019147729501128197,0.028985291719436646,-0.3868989646434784,0.38798317313194275,False
train,0.009376953355967999,0.0,0.004813996143639088,0.04661589860916138,0.019168445840477943,0.02902534417808056,-0.38688766956329346,0.38797491788864136,False
train,0.00979370716959238,0.0,0.004815683700144291,0.04661696031689644,0.019187182188034058,0.029067859053611755,-0.38687726855278015,0.3879677355289459,False
test,0.010210460051894188,0.0,0.004817376844584942,0.0466180182993412,0.019203918054699898,0.029112672433257103,-0.38686680793762207,0.38796064257621765,False
train,0.01062721386551857,0.0,0.004819084424525499,0.04661920666694641,0.01921861618757248,0.029159996658563614,-0.3868573307991028,0.3879547715187073,False
train,0.011043967679142952,0.0,0.004820783156901598,0.046620264649391174,0.01923125982284546,0.029209600761532784,-0.3868466317653656,0.38794782757759094,False
train,0.01146072056144476,0.0,0.004822494462132454,0.04662144184112549,0.019241830334067345,0.029261698946356773,-0.3868369162082672,0.3879420757293701,False
train,0.011877474375069141,0.0,0.004824224393814802,0.04662264883518219,0.019250299781560898,0.029316309839487076,-0.386827290058136,0.3879365921020508,False
test,0.012294228188693523,0.0,0.004825959447771311,0.046623848378658295,0.019256656989455223,0.02937334030866623,-0.3868175745010376,0.387931227684021,False
train,0.01271098107099533,0.0,0.0048276884481310844,0.046625107526779175,0.019260859116911888,0.029432926326990128,-0.38680824637413025,0.3879264295101166,False
train,0.013127734884619713,0.0,0.004829434212297201,0.04662638157606125,0.01926291547715664,0.029495054855942726,-0.3867989480495453,0.38792186975479126,False
train,0.013544488698244095,0.0,0.004831185098737478,0.04662763327360153,0.019262777641415596,0.029559679329395294,-0.38678935170173645,0.3879172205924988,False
train,0.013961241580545902,0.0,0.004832938779145479,0.0466289222240448,0.019260449334979057,0.02962687611579895,-0.3867799937725067,0.3879130184650421,False
test,0.014377995394170284,0.0,0.004834706895053387,0.04663024842739105,0.01925591565668583,0.02969665639102459,-0.3867708444595337,0.3879092335700989,False
train,0.014794749207794666,0.0,0.004836478270590305,0.04663163796067238,0.01924915425479412,0.02976910024881363,-0.38676220178604126,0.38790616393089294,False
train,0.015211502090096474,0.0,0.00483826594427228,0.04663299396634102,0.01924014277756214,0.029844092205166817,-0.386753112077713,0.3879028856754303,False
train,0.015628255903720856,0.0,0.004840043373405933,0.04663446918129921,0.01922888495028019,0.02992183342576027,-0.3867449462413788,0.3879007399082184,False
train,0.016045009717345238,0.0,0.004841844085603952,0.04663584381341934,0.019215362146496773,0.03000207245349884,-0.38673585653305054,0.3878978490829468,False
test,0.01646176353096962,0.0,0.004843640606850386,0.04663730785250664,0.019199563190340996,0.030085057020187378,-0.3867274224758148,0.3878958821296692,False
train,0.016878515481948853,0.0,0.004845454357564449,0.046638909727334976,0.019181476905941963,0.030170859768986702,-0.38672003149986267,0.3878951966762543,False
train,0.017295269295573235,0.0,0.004847270902246237,0.04664038494229317,0.019161105155944824,0.03025912307202816,-0.3867115080356598,0.38789355754852295,False
train,0.017712023109197617,0.0,0.0048491088673472404,0.04664198309183121,0.019138434901833534,0.030350202694535255,-0.38670387864112854,0.38789305090904236,False
train,0.018128776922822,0.0,0.0048509337939321995,0.046643562614917755,0.019113466143608093,0.0304439477622509,-0.38669607043266296,0.38789263367652893,False
test,0.01854553073644638,0.0,0.004852773621678352,0.04664517566561699,0.019086187705397606,0.03054038994014263,-0.38668838143348694,0.38789254426956177,False
train,0.018962284550070763,0.0,0.004854625090956688,0.04664677381515503,0.01905660517513752,0.03063950687646866,-0.3866804838180542,0.387892484664917,False
train,0.019379036501049995,0.0,0.004856472834944725,0.04664838686585426,0.019024714827537537,0.030741285532712936,-0.3866726756095886,0.3878927528858185,False
train,0.019795790314674377,0.0,0.004858344327658415,0.04665018990635872,0.018990518525242805,0.030845988541841507,-0.38666626811027527,0.3878946602344513,False
train,0.02021254412829876,0.0,0.004860216751694679,0.046651847660541534,0.018954018130898476,0.03095318377017975,-0.38665860891342163,0.3878955841064453,False
test,0.02062929794192314,0.0,0.004862098954617977,0.04665359482169151,0.018915219232439995,0.03106316737830639,-0.38665154576301575,0.3878973424434662,False
train,0.021046051755547523,0.0,0.004863984417170286,0.04665536805987358,0.01887412928044796,0.031175855547189713,-0.3866446614265442,0.3878995180130005,False
train,0.021462805569171906,0.0,0.004865879658609629,0.04665716737508774,0.018830740824341774,0.031291235238313675,-0.3866378664970398,0.38790202140808105,False
train,0.02187955752015114,0.0,0.0048677800223231316,0.046659067273139954,0.018785089254379272,0.031409405171871185,-0.38663187623023987,0.3879055976867676,False
train,0.02229631133377552,0.0,0.004869702272117138,0.04666094109416008,0.01873715966939926,0.03153015673160553,-0.3866254687309265,0.38790902495384216,False
test,0.022713065147399902,0.0,0.004871613811701536,0.0466628335416317,0.01868697814643383,0.03165360167622566,-0.3866191506385803,0.387912780046463,False
train,0.023129818961024284,0.0,0.004873547237366438,0.04666471108794212,0.018634552136063576,0.03177964687347412,-0.38661259412765503,0.38791653513908386,False
train,0.023546572774648666,0.0,0.0048754713498055935,0.046666670590639114,0.018579896539449692,0.03190842270851135,-0.38660669326782227,0.3879212439060211,False
train,0.02396332658827305,0.0,0.004877419676631689,0.04666873812675476,0.01852303184568882,0.032039932906627655,-0.3866015672683716,0.38792696595191956,False
train,0.02438007853925228,0.0,0.004879378248006105,0.046670712530612946,0.018463969230651855,0.03217388689517975,-0.3865955173969269,0.38793203234672546,False
test,0.024796832352876663,0.0,0.004881333094090223,0.04667278006672859,0.01840273290872574,0.032310545444488525,-0.3865901231765747,0.3879380226135254,False
train,0.025213586166501045,0.0,0.004883309360593557,0.04667485132813454,0.018339337781071663,0.03244977444410324,-0.38658469915390015,0.38794422149658203,False
train,0.025630339980125427,0.0,0.0048852888867259026,0.046676941215991974,0.018273815512657166,0.032591525465250015,-0.38657933473587036,0.3879507780075073,False
train,0.02604709379374981,0.0,0.004887273535132408,0.0466790609061718,0.01820618286728859,0.032735858112573624,-0.3865740895271301,0.38795769214630127,False
train,0.026463845744729042,0.0,0.004889266565442085,0.046681225299835205,0.018136467784643173,0.032882723957300186,-0.38656914234161377,0.3879651725292206,False
test,0.026880599558353424,0.0,0.004891271702945232,0.04668351635336876,0.018064696341753006,0.03303217887878418,-0.38656511902809143,0.3879738450050354,False
train,0.027297353371977806,0.0,0.004893280100077391,0.04668569564819336,0.01799088530242443,0.03318395838141441,-0.3865600824356079,0.3879818022251129,False
train,0.027714107185602188,0.0,0.004895301070064306,0.04668797180056572,0.017915086820721626,0.03333824872970581,-0.3865557014942169,0.38799065351486206,False
train,0.02813086099922657,0.0,0.004897322505712509,0.04669024795293808,0.017837321385741234,0.03349493443965912,-0.38655126094818115,0.3879997134208679,False
train,0.028547614812850952,0.0,0.004899363499134779,0.04669259861111641,0.017757613211870193,0.03365405648946762,-0.3865472674369812,0.38800951838493347,False
test,0.028964366763830185,0.0,0.00490140775218606,0.04669498652219772,0.017675988376140594,0.03381554037332535,-0.3865435719490051,0.3880198895931244,False
train,0.029381120577454567,0.0,0.004903464578092098,0.04669738560914993,0.017592504620552063,0.03397933021187782,-0.3865397870540619,0.38803040981292725,False
train,0.02979787439107895,0.0,0.004905531648546457,0.04669979587197304,0.017507195472717285,0.034145381301641464,-0.38653603196144104,0.38804125785827637,False
train,0.03021462820470333,0.0,0.004907596856355667,0.04670227691531181,0.0174200888723135,0.03431372717022896,-0.386532723903656,0.3880528211593628,False
train,0.030631382018327713,0.0,0.004909686744213104,0.04670476168394089,0.017331216484308243,0.03448428586125374,-0.3865293264389038,0.38806453347206116,False
test,0.031048135831952095,0.0,0.004911765456199646,0.04670732095837593,0.017240623012185097,0.034657072275877,-0.3865264654159546,0.3880770802497864,False
train,0.03146488964557648,0.0,0.004913868848234415,0.046709902584552765,0.01714836061000824,0.03483197093009949,-0.38652369379997253,0.38808998465538025,False
train,0.03188164159655571,0.0,0.004915975034236908,0.04671251401305199,0.01705445908010006,0.035008978098630905,-0.38652104139328003,0.38810327649116516,False
train,0.03229839727282524,0.0,0.004918091930449009,0.04671509563922882,0.01695895753800869,0.03518800437450409,-0.3865180015563965,0.38811641931533813,False
train,0.032715149223804474,0.0,0.004920221399515867,0.04671779274940491,0.016861915588378906,0.035369135439395905,-0.3865158259868622,0.38813072443008423,False
test,0.03313190117478371,0.0,0.004922355990856886,0.04672051966190338,0.0167633518576622,0.03555228188633919,-0.38651376962661743,0.388145387172699,False
train,0.03354865685105324,0.0,0.004924501292407513,0.0467231310904026,0.0166633278131485,0.035737186670303345,-0.3865106403827667,0.38815927505493164,False
train,0.03396540880203247,0.0,0.004926654044538736,0.04672594368457794,0.016561899334192276,0.03592417389154434,-0.38650909066200256,0.38817498087882996,False
train,0.034382164478302,0.0,0.004928817506879568,0.04672872647643089,0.016459088772535324,0.0361129529774189,-0.38650715351104736,0.3881905674934387,False
train,0.034798916429281235,0.0,0.004930991679430008,0.0467316173017025,0.016354963183403015,0.03630362078547478,-0.38650602102279663,0.38820722699165344,False
test,0.03521566838026047,0.0,0.004933161661028862,0.04673443362116814,0.016249552369117737,0.036495938897132874,-0.3865041434764862,0.38822340965270996,False
train,0.03563242405653,0.0,0.004935356322675943,0.04673736169934273,0.01614292897284031,0.03669005632400513,-0.38650307059288025,0.38824060559272766,False
train,0.03604917600750923,0.0,0.0049375565722584724,0.046740297228097916,0.01603512093424797,0.03688585013151169,-0.3865019381046295,0.38825806975364685,False
train,0.03646593168377876,0.0,0.004939761944115162,0.046743281185626984,0.015926185995340347,0.03708323836326599,-0.38650113344192505,0.388276070356369,False
train,0.036882683634757996,0.0,0.004941992461681366,0.046746235340833664,0.015816176310181618,0.03728214651346207,-0.3864998519420624,0.3882938325405121,False
test,0.03729943558573723,0.0,0.0049442145973443985,0.046749357134103775,0.01570514589548111,0.03748273849487305,-0.38649994134902954,0.3883132338523865,False
train,0.03771619126200676,0.0,0.004946456290781498,0.046752408146858215,0.015593131072819233,0.03768470510840416,-0.3864993155002594,0.38833215832710266,False
train,0.03813294321298599,0.0,0.004948703572154045,0.04675552248954773,0.015480194240808487,0.03788812458515167,-0.3864990472793579,0.3883516788482666,False
train,0.038549698889255524,0.0,0.004950959235429764,0.0467587485909462,0.015366382896900177,0.038093071430921555,-0.38649964332580566,0.3883723020553589,False
train,0.038966450840234756,0.0,0.00495322747156024,0.04676187410950661,0.015251749195158482,0.038299158215522766,-0.38649919629096985,0.3883921205997467,False
test,0.03938320651650429,0.0,0.0049555036239326,0.046765074133872986,0.015136344358325005,0.03850656747817993,-0.3864993155002594,0.3884127736091614,False
train,0.03979995846748352,0.0,0.004957793280482292,0.04676840081810951,0.015020215883851051,0.03871533274650574,-0.38650035858154297,0.3884345591068268,False
train,0.04021671041846275,0.0,0.0049600861966609955,0.04677167534828186,0.01490341778844595,0.03892521560192108,-0.3865007758140564,0.38845592737197876,False
train,0.040633466094732285,0.0,0.004962394014000893,0.04677506536245346,0.014786016196012497,0.03913629800081253,-0.38650211691856384,0.38847848773002625,False
train,0.04105021804571152,0.0,0.004964709747582674,0.04677838459610939,0.014668048359453678,0.03934836760163307,-0.3865026831626892,0.388500452041626,False
test,0.04146697372198105,0.0,0.004967036657035351,0.04678189381957054,0.014549560844898224,0.03956164792180061,-0.38650473952293396,0.3885241746902466,False
train,0.04188372567296028,0.0,0.004969380795955658,0.04678533598780632,0.014430609531700611,0.03977581113576889,-0.386506050825119,0.3885473608970642,False
train,0.042300477623939514,0.0,0.0049717240035533905,0.046788811683654785,0.014311247505247593,0.03999091684818268,-0.3865075409412384,0.3885709047317505,False
train,0.042717233300209045,0.0,0.0049740890972316265,0.04679233208298683,0.014191522262990475,0.040206972509622574,-0.3865092992782593,0.38859495520591736,False
train,0.04313398525118828,0.0,0.004976443946361542,0.04679589346051216,0.014071492478251457,0.04042382538318634,-0.38651126623153687,0.38861942291259766,False
test,0.04355074092745781,0.0,0.0049788327887654305,0.04679951071739197,0.013951195403933525,0.04064153879880905,-0.38651353120803833,0.38864436745643616,False
train,0.04396749287843704,0.0,0.004981220234185457,0.046803172677755356,0.013830702751874924,0.04086003452539444,-0.3865160048007965,0.3886697292327881,False
train,0.044384248554706573,0.0,0.004983616527169943,0.046806883066892624,0.01371003407984972,0.041079241782426834,-0.38651880621910095,0.388695627450943,False
train,0.044801000505685806,0.0,0.004986025393009186,0.046810638159513474,0.013589253649115562,0.04129915311932564,-0.3865218758583069,0.3887219727039337,False
train,0.04521775245666504,0.0,0.0049884426407516,0.046814315021038055,0.013468407094478607,0.041519537568092346,-0.38652411103248596,0.3887476921081543,False
test,0.04563450813293457,0.0,0.004990880377590656,0.046818193048238754,0.01334754005074501,0.041740693151950836,-0.3865278661251068,0.388775110244751,False
train,0.0460512600839138,0.0,0.004993320908397436,0.04682207480072975,0.013226711191236973,0.04196234419941902,-0.3865315318107605,0.3888026177883148,False
train,0.046468015760183334,0.0,0.004995780065655708,0.04682592675089836,0.013105950318276882,0.042184412479400635,-0.38653481006622314,0.38882988691329956,False
train,0.04688476771116257,0.0,0.0049982331693172455,0.04682987555861473,0.012985313311219215,0.04240696504712105,-0.3865387737751007,0.38885805010795593,False
train,0.0473015196621418,0.0,0.005000708159059286,0.04683380573987961,0.012864839285612106,0.042629897594451904,-0.386542409658432,0.3888860046863556,False
test,0.04771827533841133,0.0,0.005003191996365786,0.046837836503982544,0.012744566425681114,0.042853254824876785,-0.3865467607975006,0.38891491293907166,False
train,0.048135027289390564,0.0,0.005005684215575457,0.04684191197156906,0.01262455340474844,0.043076954782009125,-0.3865513503551483,0.38894417881965637,False
train,0.048551782965660095,0.0,0.005008196923881769,0.046845968812704086,0.012504829093813896,0.04330088943243027,-0.38655564188957214,0.38897332549095154,False
train,0.04896853491663933,0.0,0.005010700784623623,0.04685012251138687,0.012385445646941662,0.04352512210607529,-0.3865605890750885,0.3890032172203064,False
train,0.04938528686761856,0.0,0.0050132302567362785,0.046854324638843536,0.012266434729099274,0.04374957084655762,-0.38656583428382874,0.38903364539146423,False
test,0.04980204254388809,0.0,0.005015780217945576,0.0468585230410099,0.012147840112447739,0.043974172323942184,-0.38657084107398987,0.38906392455101013,False
train,0.050218794494867325,0.0,0.005018333438783884,0.04686284437775612,0.012029706500470638,0.04419899359345436,-0.386576771736145,0.3890953063964844,False
train,0.050635550171136856,0.0,0.005020885728299618,0.04686710238456726,0.011912054382264614,0.04442383348941803,-0.38658198714256287,0.38912609219551086,False
train,0.05105230212211609,0.0,0.005023467820137739,0.046871427446603775,0.011794942431151867,0.04464872553944588,-0.38658761978149414,0.38915741443634033,False
train,0.05146905779838562,0.0,0.0050260513089597225,0.04687584936618805,0.01167838741093874,0.044873788952827454,-0.38659393787384033,0.38918957114219666,False
test,0.05188580974936485,0.0,0.005028648301959038,0.0468803271651268,0.011562440544366837,0.04509882256388664,-0.3866005837917328,0.3892222046852112,False
train,0.052302561700344086,0.0,0.0050312611274421215,0.04688478633761406,0.011447134427726269,0.045323777943849564,-0.3866068720817566,0.3892545700073242,False
train,0.05271931737661362,0.0,0.005033877212554216,0.046889305114746094,0.011332483030855656,0.0455486923456192,-0.38661354780197144,0.38928744196891785,False
train,0.05313606932759285,0.0,0.005036504473537207,0.046893950551748276,0.011218540370464325,0.04577365145087242,-0.3866211473941803,0.38932138681411743,False
train,0.05355282500386238,0.0,0.005039140582084656,0.04689843952655792,0.011105328798294067,0.0459982305765152,-0.3866272270679474,0.38935387134552,False
test,0.053969576954841614,0.0,0.005041796714067459,0.046903159469366074,0.010992871597409248,0.046222954988479614,-0.38663509488105774,0.3893882930278778,False
train,0.05438632890582085,0.0,0.005044461693614721,0.04690783843398094,0.010881217196583748,0.04644738882780075,-0.3866425156593323,0.38942238688468933,False
train,0.05480308458209038,0.0,0.005047149956226349,0.046912603080272675,0.010770373046398163,0.046671681106090546,-0.386650413274765,0.3894570469856262,False
train,0.05521983653306961,0.0,0.005049829371273518,0.04691741243004799,0.010660375468432903,0.04689574986696243,-0.38665860891342163,0.38949209451675415,False
train,0.05563659220933914,0.0,0.005052534397691488,0.04692225158214569,0.010551254265010357,0.0471196249127388,-0.386666864156723,0.389527291059494,False
test,0.056053344160318375,0.0,0.005055248737335205,0.04692709073424339,0.01044303085654974,0.047343168407678604,-0.3866749405860901,0.3895624279975891,False
train,0.05647009611129761,0.0,0.005057983100414276,0.04693203046917915,0.010335725732147694,0.0475664883852005,-0.3866836726665497,0.3895983099937439,False
train,0.05688685178756714,0.0,0.0050607044249773026,0.04693705216050148,0.010229367762804031,0.04778958112001419,-0.3866930305957794,0.3896348774433136,False
train,0.05730360373854637,0.0,0.005063466262072325,0.046942032873630524,0.010123982094228268,0.04801221564412117,-0.386701762676239,0.3896709382534027,False
train,0.0577203594148159,0.0,0.005066224839538336,0.04694712162017822,0.010019573383033276,0.04823462292551994,-0.3867112994194031,0.3897078335285187,False
test,0.058137111365795135,0.0,0.005069006234407425,0.04695224389433861,0.00991617888212204,0.048456668853759766,-0.3867209255695343,0.38974493741989136,False
train,0.05855386704206467,0.0,0.0050717866979539394,0.046957459300756454,0.009813819080591202,0.0486784353852272,-0.38673123717308044,0.38978278636932373,False
train,0.0589706189930439,0.0,0.005074588116258383,0.04696265608072281,0.00971249584108591,0.04889974370598793,-0.38674116134643555,0.3898203670978546,False
train,0.05938737094402313,0.0,0.005077403504401445,0.046967875212430954,0.009612232446670532,0.049120623618364334,-0.38675108551979065,0.3898579776287079,False
train,0.059804126620292664,0.0,0.005080229602754116,0.046973202377557755,0.009513058699667454,0.04934114217758179,-0.38676178455352783,0.3898964524269104,False
test,0.060220878571271896,0.0,0.005083062220364809,0.04697855934500694,0.009414969012141228,0.04956129565834999,-0.3867725431919098,0.3899350166320801,False
train,0.06063763424754143,0.0,0.005085915792733431,0.04698392003774643,0.00931799691170454,0.0497809499502182,-0.3867831528186798,0.389973521232605,False
train,0.06105438619852066,0.0,0.005088771227747202,0.04698943719267845,0.009222147054970264,0.05000026896595955,-0.38679492473602295,0.3900132477283478,False
train,0.06147113814949989,0.0,0.0050916471518576145,0.04699487239122391,0.00912743341177702,0.050218988209962845,-0.38680583238601685,0.3900521695613861,False
train,0.061887893825769424,0.0,0.005094541702419519,0.04700047895312309,0.009033868089318275,0.05043744668364525,-0.3868180215358734,0.3900924623012543,False
test,0.06230464577674866,0.0,0.005097447894513607,0.04700610414147377,0.008941457606852055,0.05065537989139557,-0.3868301212787628,0.39013269543647766,False
train,0.06272140145301819,0.0,0.005100355949252844,0.04701172187924385,0.008850219659507275,0.0508727952837944,-0.3868420720100403,0.3901728391647339,False
train,0.06313815712928772,0.0,0.005103284493088722,0.047017503529787064,0.008760157972574234,0.051089897751808167,-0.3868551552295685,0.39021414518356323,False
train,0.06355490535497665,0.0,0.005106227472424507,0.047023218125104904,0.008671288378536701,0.05130637064576149,-0.3868675231933594,0.39025482535362244,False
train,0.06397166103124619,0.0,0.0051091862842440605,0.04702906310558319,0.008583614602684975,0.05152244493365288,-0.3868807852268219,0.39029642939567566,False
test,0.06438841670751572,0.0,0.005112156737595797,0.04703487828373909,0.008497136645019054,0.0517379529774189,-0.3868936002254486,0.39033764600753784,False
train,0.06480516493320465,0.0,0.005115126259624958,0.047040797770023346,0.008411871269345284,0.051953017711639404,-0.386907160282135,0.3903796672821045,False
train,0.06522192060947418,0.0,0.005118119530379772,0.04704677313566208,0.008327825926244259,0.05216759443283081,-0.3869209885597229,0.39042195677757263,False
train,0.06563867628574371,0.0,0.005121136549860239,0.047052789479494095,0.008244995959103107,0.052381716668605804,-0.38693493604660034,0.3904644548892975,False
train,0.06605542451143265,0.0,0.005124157760292292,0.04705886170268059,0.0081633934751153,0.05259536951780319,-0.38694921135902405,0.390507310628891,False
test,0.06647218018770218,0.0,0.0051271952688694,0.047064948827028275,0.008083022199571133,0.052808452397584915,-0.3869633674621582,0.3905501067638397,False
train,0.06688893586397171,0.0,0.005130249075591564,0.04707114025950432,0.00800387840718031,0.053021110594272614,-0.38697826862335205,0.39059367775917053,False
train,0.06730569154024124,0.0,0.005133298225700855,0.047077372670173645,0.007925970479846,0.05323329567909241,-0.38699331879615784,0.39063742756843567,False
train,0.06772243976593018,0.0,0.005136389285326004,0.04708368703722954,0.00784930307418108,0.053445033729076385,-0.38700881600379944,0.3906817138195038,False
train,0.06813919544219971,0.0,0.005139478482306004,0.04708993062376976,0.007773868273943663,0.05365612730383873,-0.38702356815338135,0.3907252550125122,False
test,0.06855595111846924,0.0,0.005142583977431059,0.04709634184837341,0.0076996758580207825,0.05386685952544212,-0.38703954219818115,0.3907700777053833,False
train,0.06897269934415817,0.0,0.005145695526152849,0.047102827578783035,0.007626724429428577,0.0540771558880806,-0.3870559334754944,0.3908153474330902,False
train,0.0693894550204277,0.0,0.005148841999471188,0.04710927605628967,0.007555010262876749,0.05428687483072281,-0.38707175850868225,0.39086008071899414,False
train,0.06980621069669724,0.0,0.005151987075805664,0.04711593687534332,0.007484537083655596,0.054496362805366516,-0.38708925247192383,0.39090657234191895,False
train,0.07022296637296677,0.0,0.005155146587640047,0.04712247475981712,0.007415300235152245,0.05470515042543411,-0.3871054947376251,0.39095181226730347,False
test,0.0706397145986557,0.0,0.005158320069313049,0.04712918773293495,0.007347302045673132,0.05491361767053604,-0.3871230185031891,0.39099836349487305,False
train,0.07105647027492523,0.0,0.005161502864211798,0.047135841101408005,0.007280544377863407,0.05512151122093201,-0.38713982701301575,0.3910442888736725,False
train,0.07147322595119476,0.0,0.00516471965238452,0.04714258387684822,0.007215014658868313,0.055328987538814545,-0.387157142162323,0.3910907208919525,False
train,0.0718899741768837,0.0,0.005167955998331308,0.047149430960416794,0.007150718476623297,0.055536095052957535,-0.3871751129627228,0.39113786816596985,False
train,0.07230672985315323,0.0,0.005171181634068489,0.04715636000037193,0.0070876493118703365,0.055742815136909485,-0.3871936500072479,0.39118561148643494,False
test,0.07272348552942276,0.0,0.0051744244992733,0.047163303941488266,0.007025806233286858,0.05594906210899353,-0.3872120976448059,0.39123332500457764,False
train,0.07314024120569229,0.0,0.005177700892090797,0.04717031121253967,0.0069651855155825615,0.05615491047501564,-0.38723084330558777,0.3912813663482666,False
train,0.07355698943138123,0.0,0.005180974490940571,0.047177381813526154,0.006905781105160713,0.05636035278439522,-0.3872499167919159,0.3913297653198242,False
train,0.07397374510765076,0.0,0.005184272304177284,0.04718451201915741,0.006847592070698738,0.05656542629003525,-0.3872692883014679,0.3913785219192505,False
train,0.07439050078392029,0.0,0.005187582690268755,0.047191690653562546,0.006790617015212774,0.05677009001374245,-0.3872888386249542,0.39142748713493347,False
test,0.07480724900960922,0.0,0.005190907046198845,0.04719885438680649,0.006734844297170639,0.05697427690029144,-0.3873080313205719,0.3914761543273926,False
train,0.07522400468587875,0.0,0.005194245837628841,0.04720625281333923,0.006680273916572332,0.057178325951099396,-0.38732901215553284,0.39152663946151733,False
train,0.07564076036214828,0.0,0.005197609309107065,0.04721358045935631,0.006626900285482407,0.05738186463713646,-0.3873491585254669,0.3915763795375824,False
train,0.07605750858783722,0.0,0.005200979765504599,0.047220949083566666,0.006574723403900862,0.05758502334356308,-0.38736945390701294,0.3916262686252594,False
train,0.07647426426410675,0.0,0.005204364657402039,0.04722847789525986,0.006523725111037493,0.05778796970844269,-0.3873909115791321,0.3916773796081543,False
test,0.07689101994037628,0.0,0.005207774229347706,0.047235988080501556,0.006473915185779333,0.05799044668674469,-0.3874119520187378,0.39172813296318054,False
train,0.07730777561664581,0.0,0.005211193114519119,0.047243598848581314,0.006425277795642614,0.058192722499370575,-0.38743361830711365,0.3917795419692993,False
train,0.07772452384233475,0.0,0.005214627366513014,0.04725118353962898,0.006377814337611198,0.05839452147483826,-0.3874548077583313,0.3918305039405823,False
train,0.07814127951860428,0.0,0.005218080244958401,0.04725898802280426,0.006331513170152903,0.05859626457095146,-0.3874776363372803,0.3918831944465637,False
train,0.07855803519487381,0.0,0.005221546161919832,0.04726673662662506,0.006286377087235451,0.05879753828048706,-0.3874998092651367,0.391935259103775,False
test,0.07897478342056274,0.0,0.005225036293268204,0.04727456718683243,0.006242392584681511,0.058998577296733856,-0.3875223994255066,0.39198780059814453,False
train,0.07939153909683228,0.0,0.005228528752923012,0.04728247970342636,0.006199555471539497,0.05919938534498215,-0.38754546642303467,0.392040878534317,False
train,0.0798082947731018,0.0,0.0052320463582873344,0.04729047417640686,0.006157871335744858,0.059399932622909546,-0.38756901025772095,0.3920944929122925,False
train,0.08022505044937134,0.0,0.005235573276877403,0.04729846492409706,0.006117315962910652,0.05960018187761307,-0.38759228587150574,0.39214789867401123,False
train,0.08064179867506027,0.0,0.00523912999778986,0.04730657488107681,0.006077893543988466,0.059800297021865845,-0.3876163065433502,0.39220207929611206,False
test,0.0810585543513298,0.0,0.00524268951267004,0.047314733266830444,0.006039599888026714,0.06000014394521713,-0.38764050602912903,0.3922565281391144,False
train,0.08147531002759933,0.0,0.005246276035904884,0.04732293635606766,0.006002431269735098,0.06019968539476395,-0.3876648545265198,0.392311155796051,False
train,0.08189205825328827,0.0,0.005249884910881519,0.04733124375343323,0.00596637325361371,0.0603991262614727,-0.38768982887268066,0.392366498708725,False
train,0.0823088139295578,0.0,0.005253491923213005,0.0473395511507988,0.005931427702307701,0.06059829145669937,-0.38771459460258484,0.3924216628074646,False
train,0.08272556960582733,0.0,0.005257113371044397,0.04734807088971138,0.005897583439946175,0.06079748645424843,-0.38774093985557556,0.39247849583625793,False
test,0.08314231783151627,0.0,0.005260772537440062,0.047356460243463516,0.005864843260496855,0.060996219515800476,-0.3877658247947693,0.39253389835357666,False
train,0.0835590735077858,0.0,0.005264436826109886,0.04736499860882759,0.005833197385072708,0.06119489669799805,-0.38779181241989136,0.3925904929637909,False
train,0.08397582918405533,0.0,0.005268120672553778,0.0473736934363842,0.005802639294415712,0.06139357388019562,-0.3878188729286194,0.39264824986457825,False
train,0.08439258486032486,0.0,0.00527181988582015,0.04738236591219902,0.005773161072283983,0.061591990292072296,-0.3878454566001892,0.3927055597305298,False
train,0.0848093330860138,0.0,0.005275537259876728,0.04739111661911011,0.005744771100580692,0.06179027631878853,-0.38787245750427246,0.3927633762359619,False
test,0.08522608876228333,0.0,0.005279269069433212,0.047399889677762985,0.00571745028719306,0.06198838725686073,-0.3878994286060333,0.3928212523460388,False
train,0.08564284443855286,0.0,0.005283024162054062,0.04740876331925392,0.00569120142608881,0.06218642741441727,-0.38792693614959717,0.3928796947002411,False
train,0.08605959266424179,0.0,0.005286806728690863,0.047417741268873215,0.005666017532348633,0.062384411692619324,-0.38795506954193115,0.39293885231018066,False
train,0.08647634834051132,0.0,0.005290589760988951,0.0474267452955246,0.005641893949359655,0.06258226186037064,-0.3879832327365875,0.3929981291294098,False
train,0.08689310401678085,0.0,0.00529439514502883,0.04743589088320732,0.0056188274174928665,0.06278014928102493,-0.3880122900009155,0.3930583596229553,False
test,0.08730985969305038,0.0,0.005298221483826637,0.04744500666856766,0.0055968123488128185,0.06297777593135834,-0.38804084062576294,0.3931181728839874,False
train,0.08772660791873932,0.0,0.005302065517753363,0.04745423048734665,0.005575851071625948,0.06317542493343353,-0.3880700469017029,0.3931787312030792,False
train,0.08814336359500885,0.0,0.00530593004077673,0.0474635511636734,0.005555932875722647,0.06337308883666992,-0.3880997896194458,0.3932398557662964,False
train,0.08856011927127838,0.0,0.00530980434268713,0.04747283458709717,0.005537056364119053,0.0635705217719078,-0.38812893629074097,0.39330047369003296,False
train,0.08897686749696732,0.0,0.00531370472162962,0.047482311725616455,0.005519220605492592,0.06376810371875763,-0.38815948367118835,0.3933626413345337,False
test,0.08939362317323685,0.0,0.005317625589668751,0.047491855919361115,0.005502420011907816,0.06396563351154327,-0.38819029927253723,0.3934251070022583,False
train,0.08981037884950638,0.0,0.00532156229019165,0.04750143364071846,0.005486651789397001,0.06416312605142593,-0.3882211744785309,0.39348772168159485,False
train,0.09022712707519531,0.0,0.005325519014149904,0.04751110076904297,0.005471914540976286,0.0643606185913086,-0.38825249671936035,0.3935508728027344,False
train,0.09064388275146484,0.0,0.00532948412001133,0.04752079024910927,0.005458205938339233,0.06455804407596588,-0.38828372955322266,0.3936140239238739,False
train,0.09106063842773438,0.0,0.005333474837243557,0.0475306436419487,0.00544552318751812,0.06475555896759033,-0.3883161246776581,0.3936783969402313,False
test,0.0914773941040039,0.0,0.005337484180927277,0.04754047840833664,0.005433863960206509,0.06495300680398941,-0.3883480131626129,0.3937423825263977,False
train,0.09189414232969284,0.0,0.005341516807675362,0.04755045473575592,0.005423231050372124,0.06515057384967804,-0.38838085532188416,0.39380741119384766,False
train,0.09231089800596237,0.0,0.005345562007278204,0.0475604422390461,0.005413614679127932,0.06534808874130249,-0.3884134888648987,0.39387232065200806,False
train,0.0927276536822319,0.0,0.005349633749574423,0.04757053032517433,0.005405017640441656,0.06554566323757172,-0.3884466886520386,0.393937885761261,False
train,0.09314440190792084,0.0,0.0053537157364189625,0.047580696642398834,0.005397442728281021,0.06574325263500214,-0.3884803056716919,0.3940039575099945,False
test,0.09356115758419037,0.0,0.005357821937650442,0.047590963542461395,0.005390888545662165,0.0659409910440445,-0.3885144591331482,0.39407068490982056,False
train,0.0939779132604599,0.0,0.005361953750252724,0.047601327300071716,0.0053853485733270645,0.06613877415657043,-0.38854914903640747,0.39413803815841675,False
train,0.09439466893672943,0.0,0.005366091150790453,0.047611724585294724,0.005380827933549881,0.06633655726909637,-0.38858380913734436,0.3942054212093353,False
train,0.09481141716241837,0.0,0.0053702755831182,0.04762209579348564,0.005377323366701603,0.06653431802988052,-0.3886179029941559,0.3942723572254181,False
train,0.0952281728386879,0.0,0.005374452564865351,0.04763268306851387,0.005374840926378965,0.06673230975866318,-0.38865360617637634,0.39434099197387695,False
test,0.09564492851495743,0.0,0.005378661211580038,0.04764333739876747,0.0053733764216303825,0.06693035364151001,-0.3886896073818207,0.39441004395484924,False
train,0.09606167674064636,0.0,0.005382888484746218,0.04765405133366585,0.005372931715101004,0.0671285018324852,-0.38872572779655457,0.39447930455207825,False
train,0.0964784324169159,0.0,0.005387132056057453,0.04766480252146721,0.0053735096007585526,0.0673266351222992,-0.3887619078159332,0.3945487141609192,False
train,0.09689518809318542,0.0,0.005391398910433054,0.04767569154500961,0.005375109612941742,0.06752494722604752,-0.38879895210266113,0.3946191072463989,False
train,0.09731193631887436,0.0,0.005395689979195595,0.047686561942100525,0.00537773035466671,0.06772322207689285,-0.38883548974990845,0.39468908309936523,False
test,0.09772869199514389,0.0,0.005399992223829031,0.047697607427835464,0.005381385795772076,0.06792177259922028,-0.38887324929237366,0.394760400056839,False
train,0.09814544767141342,0.0,0.005404323805123568,0.04770875349640846,0.005386066157370806,0.06812042742967606,-0.38891157507896423,0.3948323726654053,False
train,0.09856220334768295,0.0,0.005408681463450193,0.047719910740852356,0.005391781218349934,0.06831912696361542,-0.38894957304000854,0.39490413665771484,False
train,0.09897895157337189,0.0,0.0054130530916154385,0.0477311797440052,0.005398528650403023,0.0685180127620697,-0.38898828625679016,0.3949767053127289,False
train,0.09939570724964142,0.0,0.0054174442775547504,0.047742534428834915,0.00540631590411067,0.06871694326400757,-0.3890273869037628,0.3950497508049011,False
test,0.09981246292591095,0.0,0.005421863868832588,0.047753941267728806,0.00541514391079545,0.0689159706234932,-0.38906657695770264,0.39512303471565247,False
train,0.10022921115159988,0.0,0.005426295567303896,0.04776545986533165,0.005425018258392811,0.06911520659923553,-0.3891064524650574,0.3951970934867859,False
train,0.10064596682786942,0.0,0.00543074868619442,0.04777701944112778,0.0054359445348382,0.06931445002555847,-0.3891463279724121,0.3952712416648865,False
train,0.10106272250413895,0.0,0.005435226019471884,0.04778866842389107,0.005447926465421915,0.06951388716697693,-0.38918665051460266,0.3953459560871124,False
train,0.10147947818040848,0.0,0.0054397378116846085,0.0478004552423954,0.005460965447127819,0.06971350312232971,-0.3892277777194977,0.3954215943813324,False
test,0.10189622640609741,0.0,0.005444254260510206,0.04781225696206093,0.0054750689305365086,0.06991315633058548,-0.38926875591278076,0.3954971730709076,False
train,0.10231298208236694,0.0,0.005448802374303341,0.04782422259449959,0.0054902429692447186,0.07011308521032333,-0.38931071758270264,0.3955738842487335,False
train,0.10272973775863647,0.0,0.005453372374176979,0.04783623293042183,0.005506493151187897,0.07031306624412537,-0.3893527686595917,0.395650714635849,False
train,0.10314648598432541,0.0,0.0054579488933086395,0.04784839600324631,0.005523825529962778,0.07051331549882889,-0.3893958330154419,0.3957287669181824,False
train,0.10356324166059494,0.0,0.005462565924972296,0.047860488295555115,0.0055422428995370865,0.07071340084075928,-0.38943785429000854,0.39580580592155457,False
test,0.10397999733686447,0.0,0.005467212293297052,0.04787273332476616,0.00556176109239459,0.07091376185417175,-0.3894807994365692,0.3958838880062103,False
train,0.104396753013134,0.0,0.005471857264637947,0.04788511246442795,0.005582377780228853,0.07111431658267975,-0.3895246684551239,0.39596301317214966,False
train,0.10481350123882294,0.0,0.005476535297930241,0.04789750277996063,0.005604103673249483,0.07131487131118774,-0.3895682394504547,0.3960419297218323,False
train,0.10523025691509247,0.0,0.005481235682964325,0.04791010916233063,0.005626944825053215,0.07151581346988678,-0.3896132707595825,0.3961224853992462,False
train,0.105647012591362,0.0,0.005485965870320797,0.04792267456650734,0.005650915205478668,0.07171666622161865,-0.3896576166152954,0.39620241522789,False
test,0.10606376081705093,0.0,0.0054907104931771755,0.04793544486165047,0.005676010623574257,0.0719178318977356,-0.38970333337783813,0.3962838053703308,False
train,0.10648051649332047,0.0,0.005495485384017229,0.047948207706213,0.005702252499759197,0.07211901247501373,-0.38974860310554504,0.39636486768722534,False
train,0.10689727216959,0.0,0.005500285420566797,0.04796108603477478,0.005729645024985075,0.07232027500867844,-0.38979455828666687,0.39644673466682434,False
train,0.10731402039527893,0.0,0.005505102686583996,0.04797406122088432,0.005758196115493774,0.07252173125743866,-0.3898409605026245,0.3965291380882263,False
train,0.10773077607154846,0.0,0.005509934853762388,0.047987114638090134,0.005787914618849754,0.07272331416606903,-0.3898876905441284,0.3966120183467865,False
test,0.108147531747818,0.0,0.005514813121408224,0.04800029471516609,0.0058188121765851974,0.07292509078979492,-0.3899350166320801,0.3966955840587616,False
train,0.10856428742408752,0.0,0.00551970349624753,0.04801362007856369,0.005850895773619413,0.07312703132629395,-0.38998329639434814,0.39678022265434265,False
train,0.10898103564977646,0.0,0.005524613428860903,0.048026882112026215,0.00588417612016201,0.07332886010408401,-0.3900306820869446,0.39686402678489685,False
train,0.10939779132604599,0.0,0.0055295550264418125,0.04804033413529396,0.005918669980019331,0.07353099435567856,-0.39007923007011414,0.3969491422176361,False
train,0.10981454700231552,0.0,0.005534521769732237,0.04805386811494827,0.005954381078481674,0.07373315095901489,-0.39012813568115234,0.3970347046852112,False
test,0.11023129522800446,0.0,0.005539515987038612,0.04806748405098915,0.0059913210570812225,0.07393541932106018,-0.39017733931541443,0.3971206247806549,False
train,0.11064805090427399,0.0,0.005544515326619148,0.04808119684457779,0.00602950481697917,0.07413779944181442,-0.3902270793914795,0.39720723032951355,False
train,0.11106480658054352,0.0,0.005549558438360691,0.048095036298036575,0.006068948656320572,0.07434038817882538,-0.3902774453163147,0.3972945809364319,False
train,0.11148156225681305,0.0,0.00555462995544076,0.04810892045497894,0.006109654903411865,0.07454292476177216,-0.3903277516365051,0.3973819315433502,False
train,0.11189831048250198,0.0,0.005559717305004597,0.04812295362353325,0.006151636131107807,0.07474568486213684,-0.3903789818286896,0.3974703550338745,False
test,0.11231506615877151,0.0,0.00556481909006834,0.048136986792087555,0.006194909568876028,0.07494834810495377,-0.39042985439300537,0.39755845069885254,False
train,0.11273182183504105,0.0,0.005569968372583389,0.04815119132399559,0.006239485461264849,0.0751512199640274,-0.39048171043395996,0.3976476788520813,False
train,0.11314857006072998,0.0,0.005575127433985472,0.04816551133990288,0.006285373121500015,0.0753542110323906,-0.39053425192832947,0.39773768186569214,False
train,0.11356532573699951,0.0,0.0055803232826292515,0.048179928213357925,0.0063325995579361916,0.07555726915597916,-0.39058712124824524,0.3978281021118164,False
train,0.11398208141326904,0.0,0.005585542879998684,0.04819434508681297,0.006381165236234665,0.07576023042201996,-0.39063960313796997,0.3979182243347168,False
test,0.11439882963895798,0.0,0.005590774584561586,0.04820897802710533,0.006431085988879204,0.07596345245838165,-0.3906936049461365,0.3980099558830261,False
train,0.11481558531522751,0.0,0.00559604074805975,0.048223625868558884,0.006482379045337439,0.07616658508777618,-0.3907472491264343,0.39810144901275635,False
train,0.11523234099149704,0.0,0.005601346492767334,0.048238467425107956,0.006535058841109276,0.07636997848749161,-0.3908020853996277,0.39819422364234924,False
train,0.11564909666776657,0.0,0.005606662482023239,0.048253294080495834,0.00658913841471076,0.07657311856746674,-0.39085644483566284,0.3982865810394287,False
train,0.1160658448934555,0.0,0.005612010136246681,0.04826832562685013,0.006644624285399914,0.07677650451660156,-0.39091214537620544,0.3983803987503052,False
test,0.11648260056972504,0.0,0.005617387127131224,0.04828344285488129,0.006701543927192688,0.07697990536689758,-0.39096808433532715,0.3984745144844055,False
train,0.11689935624599457,0.0,0.0056227934546768665,0.048298608511686325,0.00675990991294384,0.07718327641487122,-0.39102405309677124,0.3985687792301178,False
train,0.1173161044716835,0.0,0.005628220736980438,0.04831385612487793,0.006819728761911392,0.07738658785820007,-0.3910802900791168,0.39866337180137634,False
train,0.11773286014795303,0.0,0.005633675027638674,0.04832933470606804,0.006881023291498423,0.07759010791778564,-0.39113807678222656,0.3987596035003662,False
train,0.11814961582422256,0.0,0.0056391614489257336,0.04834475740790367,0.006943817250430584,0.07779338955879211,-0.3911949098110199,0.39885494112968445,False
test,0.1185663715004921,0.0,0.00564467441290617,0.0483604334294796,0.007008104119449854,0.07799692451953888,-0.3912535309791565,0.3989521861076355,False
train,0.11898311972618103,0.0,0.005650213919579983,0.048376116901636124,0.007073916029185057,0.07820020616054535,-0.39131173491477966,0.3990490436553955,False
train,0.11939987540245056,0.0,0.005655788816511631,0.04839196801185608,0.00714126555249095,0.07840371131896973,-0.39137089252471924,0.39914700388908386,False
train,0.11981663107872009,0.0,0.005661374423652887,0.04840793460607529,0.0072101689875125885,0.07860711216926575,-0.39143064618110657,0.39924558997154236,False
train,0.12023337930440903,0.0,0.005667001008987427,0.04842391610145569,0.007280648220330477,0.07881031185388565,-0.39149007201194763,0.39934390783309937,False
test,0.12065013498067856,0.0,0.00567265972495079,0.0484401099383831,0.007352711167186499,0.07901366055011749,-0.39155080914497375,0.3994435966014862,False
train,0.12106689065694809,0.0,0.00567833986133337,0.048456355929374695,0.00742637412622571,0.07921691238880157,-0.39161157608032227,0.399543434381485,False
train,0.12148363888263702,0.0,0.005684053525328636,0.04847269505262375,0.007501651998609304,0.07942003011703491,-0.39167267084121704,0.3996436297893524,False
train,0.12190039455890656,0.0,0.005689788609743118,0.04848913848400116,0.007578568998724222,0.07962310314178467,-0.39173418283462524,0.39974430203437805,False
train,0.12231715023517609,0.0,0.005695559550076723,0.0485057532787323,0.007657140493392944,0.07982619851827621,-0.39179670810699463,0.39984607696533203,False
test,0.12273390591144562,0.0,0.005701357964426279,0.0485224574804306,0.007737383246421814,0.08002917468547821,-0.3918595016002655,0.3999481797218323,False
train,0.12315065413713455,0.0,0.00570718152448535,0.04853920266032219,0.007819299586117268,0.08023194968700409,-0.3919222056865692,0.40005022287368774,False
train,0.12356740981340408,0.0,0.005713042803108692,0.048556163907051086,0.007902928628027439,0.08043479919433594,-0.391986221075058,0.40015366673469543,False
train,0.12398416548967361,0.0,0.005718926899135113,0.04857312887907028,0.007988277822732925,0.08063732832670212,-0.3920498788356781,0.40025678277015686,False
train,0.12440091371536255,0.0,0.00572484964504838,0.048590321093797684,0.008075363002717495,0.08083997666835785,-0.39211490750312805,0.4003613293170929,False
test,0.12481766939163208,0.0,0.005730800796300173,0.04860752820968628,0.008164203725755215,0.0810423344373703,-0.39217960834503174,0.40046560764312744,False
train,0.1252344250679016,0.0,0.005736776627600193,0.04862497001886368,0.008254805579781532,0.08124475926160812,-0.3922458589076996,0.4005714952945709,False
train,0.12565118074417114,0.0,0.005742785986512899,0.04864244908094406,0.00834720116108656,0.08144693076610565,-0.39231187105178833,0.4006772041320801,False
train,0.12606793642044067,0.0,0.00574883446097374,0.0486600361764431,0.008441396057605743,0.08164897561073303,-0.3923783302307129,0.40078336000442505,False
train,0.126484677195549,0.0,0.00575489504262805,0.04867777228355408,0.008537407964468002,0.08185085654258728,-0.3924456238746643,0.40089043974876404,False
test,0.12690143287181854,0.0,0.005760989151895046,0.048695579171180725,0.008635261096060276,0.0820525586605072,-0.3925130069255829,0.4009976089000702,False
train,0.12731818854808807,0.0,0.0057671223767101765,0.048713572323322296,0.008734969422221184,0.08225417137145996,-0.3925814628601074,0.4011059105396271,False
train,0.1277349442243576,0.0,0.00577328959479928,0.048731591552495956,0.00883654598146677,0.08245548605918884,-0.3926495909690857,0.4012139141559601,False
train,0.12815169990062714,0.0,0.005779488477855921,0.04874984547495842,0.008940005674958229,0.08265683054924011,-0.39271920919418335,0.40132346749305725,False
train,0.12856845557689667,0.0,0.005785724148154259,0.04876811429858208,0.009045359678566456,0.08285784721374512,-0.3927884101867676,0.4014326333999634,False
test,0.1289852112531662,0.0,0.00579198868945241,0.048786599189043045,0.009152638725936413,0.08305874466896057,-0.39285898208618164,0.40154320001602173,False
train,0.12940195202827454,0.0,0.005798276513814926,0.0488051138818264,0.009261845611035824,0.08325935900211334,-0.392929345369339,0.40165355801582336,False
train,0.12981870770454407,0.0,0.005804609507322311,0.04882379621267319,0.009373001754283905,0.08345982432365417,-0.3930004835128784,0.40176475048065186,False
train,0.1302354633808136,0.0,0.005810955073684454,0.04884261265397072,0.009486125782132149,0.08366009593009949,-0.3930723965167999,0.4018767476081848,False
train,0.13065221905708313,0.0,0.005817356985062361,0.04886152222752571,0.009601213969290257,0.08386009931564331,-0.3931443989276886,0.40198883414268494,False
test,0.13106897473335266,0.0,0.005823783576488495,0.048880528658628464,0.009718304499983788,0.08405989408493042,-0.3932167589664459,0.4021013379096985,False
train,0.1314857304096222,0.0,0.005830235779285431,0.04889969900250435,0.009837396442890167,0.08425948023796082,-0.39329004287719727,0.40221476554870605,False
train,0.13190248608589172,0.0,0.005836728494614363,0.04891905188560486,0.009958510287106037,0.08445902168750763,-0.3933642506599426,0.40232914686203003,False
train,0.13231922686100006,0.0,0.00584326172247529,0.04893842339515686,0.010081654414534569,0.08465805649757385,-0.39343807101249695,0.40244317054748535,False
train,0.1327359825372696,0.0,0.005849824752658606,0.04895796999335289,0.010206855833530426,0.0848570168018341,-0.3935128450393677,0.40255817770957947,False
test,0.13315273821353912,0.0,0.0058564115315675735,0.04897765442728996,0.010334103368222713,0.08505572378635406,-0.3935883045196533,0.4026738405227661,False
train,0.13356949388980865,0.0,0.00586304534226656,0.04899746924638748,0.010463430546224117,0.0852542519569397,-0.39366424083709717,0.4027900695800781,False
train,0.13398624956607819,0.0,0.005869697313755751,0.049017392098903656,0.010594844818115234,0.08545243740081787,-0.39374059438705444,0.4029066562652588,False
train,0.13440300524234772,0.0,0.00587640143930912,0.04903743416070938,0.010728348977863789,0.08565043658018112,-0.39381733536720276,0.4030236601829529,False
train,0.13481976091861725,0.0,0.0058831325732171535,0.04905759543180466,0.010863963514566422,0.0858481377363205,-0.3938945531845093,0.40314120054244995,False
test,0.13523650169372559,0.0,0.005889905616641045,0.04907798394560814,0.01100168563425541,0.08604579418897629,-0.39397311210632324,0.40326008200645447,False
train,0.13565325736999512,0.0,0.005896700080484152,0.049098409712314606,0.01114155538380146,0.08624298125505447,-0.3940514922142029,0.40337878465652466,False
train,0.13607001304626465,0.0,0.005903549958020449,0.0491190031170845,0.011283556930720806,0.08644004166126251,-0.3941305875778198,0.40349820256233215,False
train,0.13648676872253418,0.0,0.005910411011427641,0.04913979768753052,0.011427699588239193,0.08663696050643921,-0.39421093463897705,0.4036189019680023,False
train,0.1369035243988037,0.0,0.005917336326092482,0.04916062578558922,0.011574013158679008,0.08683355152606964,-0.39429083466529846,0.40373918414115906,False
test,0.13732028007507324,0.0,0.0059242830611765385,0.04918159171938896,0.011722490191459656,0.08702985942363739,-0.3943713903427124,0.4038601219654083,False
train,0.13773703575134277,0.0,0.005931269843131304,0.04920269176363945,0.011873134411871433,0.08722594380378723,-0.3944525122642517,0.40398162603378296,False
train,0.1381537765264511,0.0,0.005938289687037468,0.049223996698856354,0.012025966309010983,0.08742184937000275,-0.39453476667404175,0.4041042625904083,False
train,0.13857053220272064,0.0,0.005945349112153053,0.049245357513427734,0.012180979363620281,0.08761745691299438,-0.39461687207221985,0.40422677993774414,False
train,0.13898728787899017,0.0,0.005952439270913601,0.04926693066954613,0.012338187545537949,0.08781301975250244,-0.39470022916793823,0.4043505787849426,False
test,0.1394040435552597,0.0,0.005959575530141592,0.049288589507341385,0.01249760203063488,0.08800814300775528,-0.3947836458683014,0.4044744074344635,False
train,0.13982079923152924,0.0,0.0059667532332241535,0.04931038245558739,0.012659219093620777,0.08820314705371857,-0.39486753940582275,0.40459877252578735,False
train,0.14023755490779877,0.0,0.0059739514254033566,0.04933233559131622,0.012823039665818214,0.08839799463748932,-0.39495226740837097,0.40472397208213806,False
train,0.1406542956829071,0.0,0.005981203634291887,0.0493544340133667,0.012989077717065811,0.08859264850616455,-0.39503753185272217,0.40484970808029175,False
train,0.14107105135917664,0.0,0.005988493096083403,0.0493767224252224,0.013157326728105545,0.08878717571496964,-0.39512380957603455,0.4049765169620514,False
test,0.14148780703544617,0.0,0.00599582027643919,0.0493989959359169,0.013327796943485737,0.08898121863603592,-0.39520934224128723,0.40510255098342896,False
train,0.1419045627117157,0.0,0.006003179121762514,0.04942156374454498,0.013500479981303215,0.08917544037103653,-0.39529669284820557,0.40523046255111694,False
train,0.14232131838798523,0.0,0.006010581273585558,0.04944431781768799,0.013675392605364323,0.08936959505081177,-0.3953850567340851,0.4053594172000885,False
train,0.14273807406425476,0.0,0.0060180239379405975,0.049467045813798904,0.013852529227733612,0.08956322818994522,-0.3954724669456482,0.40548741817474365,False
train,0.1431548297405243,0.0,0.006025509908795357,0.04949000105261803,0.014031876809895039,0.08975694328546524,-0.395561158657074,0.40561673045158386,False
test,0.14357157051563263,0.0,0.006033025681972504,0.049513138830661774,0.014213438145816326,0.08995053172111511,-0.39565086364746094,0.40574708580970764,False
train,0.14398832619190216,0.0,0.006040588021278381,0.049536313861608505,0.014397233724594116,0.0901438519358635,-0.3957401216030121,0.405877023935318,False
train,0.1444050818681717,0.0,0.006048185285180807,0.049559690058231354,0.01458323746919632,0.09033709019422531,-0.3958304226398468,0.4060080051422119,False
train,0.14482183754444122,0.0,0.006055832374840975,0.04958327114582062,0.014771459624171257,0.09053048491477966,-0.39592182636260986,0.40614020824432373,False
train,0.14523859322071075,0.0,0.006063524167984724,0.04960698261857033,0.014961887151002884,0.09072373807430267,-0.39601361751556396,0.4062727689743042,False
test,0.14565534889698029,0.0,0.006071245763450861,0.0496307834982872,0.015154514461755753,0.09091682732105255,-0.3961055278778076,0.4064055383205414,False
train,0.14607210457324982,0.0,0.006079023238271475,0.04965483397245407,0.015349355526268482,0.09111008793115616,-0.3961988091468811,0.4065397083759308,False
train,0.14648884534835815,0.0,0.006086825393140316,0.049678947776556015,0.015546373091638088,0.09130308032035828,-0.3962920308113098,0.4066738486289978,False
train,0.14690560102462769,0.0,0.006094668991863728,0.049703266471624374,0.015745587646961212,0.09149625897407532,-0.3963862955570221,0.40680912137031555,False
train,0.14732235670089722,0.0,0.006102574989199638,0.04972771182656288,0.01594698056578636,0.09168942272663116,-0.3964807987213135,0.4069446921348572,False
test,0.14773911237716675,0.0,0.00611050333827734,0.049752287566661835,0.016150545328855515,0.09188251197338104,-0.3965758681297302,0.40708085894584656,False
train,0.14815586805343628,0.0,0.006118490360677242,0.049777112901210785,0.016356278210878372,0.09207591414451599,-0.39667221903800964,0.40721839666366577,False
train,0.1485726237297058,0.0,0.006126509513705969,0.049802009016275406,0.016564154997467995,0.09226924926042557,-0.3967685401439667,0.4073559641838074,False
train,0.14898937940597534,0.0,0.006134576164186001,0.04982711747288704,0.01677418313920498,0.09246279299259186,-0.3968659043312073,0.4074946641921997,False
train,0.14940612018108368,0.0,0.00614267960190773,0.049852341413497925,0.016986338421702385,0.09265629947185516,-0.39696356654167175,0.4076337218284607,False
test,0.1498228758573532,0.0,0.006150835193693638,0.04987777769565582,0.017200618982315063,0.09285017848014832,-0.3970623016357422,0.4077740013599396,False
train,0.15023963153362274,0.0,0.006159036420285702,0.04990334063768387,0.017417017370462418,0.09304407238960266,-0.3971613049507141,0.40791457891464233,False
train,0.15065638720989227,0.0,0.006167266052216291,0.04992898553609848,0.017635507509112358,0.09323807805776596,-0.3972603976726532,0.4080553352832794,False
train,0.1510731428861618,0.0,0.006175565533339977,0.049954935908317566,0.01785607822239399,0.09343259036540985,-0.3973611891269684,0.40819793939590454,False
train,0.15148989856243134,0.0,0.006183887831866741,0.04998093470931053,0.01807873509824276,0.09362713247537613,-0.39746174216270447,0.4083403944969177,False
test,0.15190665423870087,0.0,0.006192256696522236,0.05000711604952812,0.018303444609045982,0.09382196515798569,-0.397563099861145,0.4084837734699249,False
train,0.1523233950138092,0.0,0.006200684234499931,0.05003350228071213,0.01853017508983612,0.09401723742485046,-0.3976653814315796,0.4086281657218933,False
train,0.15274015069007874,0.0,0.006209149491041899,0.05006006732583046,0.01875896006822586,0.09421282261610031,-0.39776843786239624,0.4087735116481781,False
train,0.15315690636634827,0.0,0.006217676214873791,0.05008676275610924,0.018989743664860725,0.09440872073173523,-0.39787179231643677,0.4089192748069763,False
train,0.1535736620426178,0.0,0.006226236000657082,0.050113603472709656,0.019222533330321312,0.0946049913764,-0.3979756236076355,0.4090656340122223,False
test,0.15399041771888733,0.0,0.006234836298972368,0.05014067515730858,0.01945730485022068,0.09480179846286774,-0.39808064699172974,0.4092133641242981,False
train,0.15440717339515686,0.0,0.006243502721190453,0.05016792193055153,0.019694030284881592,0.09499906748533249,-0.3981862962245941,0.40936189889907837,False
train,0.1548239290714264,0.0,0.0062521896325051785,0.05019521713256836,0.019932709634304047,0.09519660472869873,-0.3982917070388794,0.4095102846622467,False
train,0.15524066984653473,0.0,0.006260951515287161,0.05022280290722847,0.020173314958810806,0.09539484977722168,-0.39839863777160645,0.4096604287624359,False
train,0.15565742552280426,0.0,0.006269745994359255,0.05025056004524231,0.020415829494595528,0.0955936461687088,-0.3985063135623932,0.40981146693229675,False
test,0.1560741811990738,0.0,0.006278582848608494,0.050278499722480774,0.020660236477851868,0.09579308331012726,-0.398614764213562,0.409963458776474,False
train,0.15649093687534332,0.0,0.006287494674324989,0.050306499004364014,0.02090652473270893,0.09599283337593079,-0.398722767829895,0.41011518239974976,False
train,0.15690769255161285,0.0,0.006296428386121988,0.050334781408309937,0.021154657006263733,0.09619344770908356,-0.3988324999809265,0.4102688729763031,False
train,0.15732444822788239,0.0,0.006305422633886337,0.05036313086748123,0.021404623985290527,0.0963946133852005,-0.39894187450408936,0.4104223847389221,False
train,0.15774118900299072,0.0,0.006314468570053577,0.0503917820751667,0.021656403318047523,0.0965966284275055,-0.3990529775619507,0.4105778932571411,False
test,0.15815794467926025,0.0,0.006323566660284996,0.05042048543691635,0.021910011768341064,0.09679912775754929,-0.39916372299194336,0.4107331931591034,False
train,0.15857470035552979,0.0,0.006332702003419399,0.05044948682188988,0.022165371105074883,0.09700270742177963,-0.39927616715431213,0.41089048981666565,False
train,0.15899145603179932,0.0,0.006341892294585705,0.05047864466905594,0.022422509267926216,0.0972069501876831,-0.3993890583515167,0.41104844212532043,False
train,0.15940821170806885,0.0,0.006351153366267681,0.05050791800022125,0.022681357339024544,0.09741201251745224,-0.3995019495487213,0.4112066626548767,False
train,0.15982496738433838,0.0,0.006360440049320459,0.05053744465112686,0.022941946983337402,0.097617968916893,-0.3996163606643677,0.41136664152145386,False
test,0.1602417230606079,0.0,0.0063697826117277145,0.05056703835725784,0.023204244673252106,0.09782464057207108,-0.3997303545475006,0.4115264415740967,False
train,0.16065846383571625,0.0,0.006379181519150734,0.050596967339515686,0.023468228057026863,0.09803260117769241,-0.39984631538391113,0.41168853640556335,False
train,0.16107521951198578,0.0,0.006388640031218529,0.05062703788280487,0.023733865469694138,0.09824138134717941,-0.39996257424354553,0.4118512272834778,False
train,0.1614919751882553,0.0,0.006398145575076342,0.05065729841589928,0.02400115132331848,0.09845120459794998,-0.400079607963562,0.4120149612426758,False
train,0.16190873086452484,0.0,0.006407692562788725,0.05068770796060562,0.0242700707167387,0.09866192191839218,-0.4001970589160919,0.4121793806552887,False
test,0.16232548654079437,0.0,0.006417308934032917,0.05071825534105301,0.024540599435567856,0.09887363016605377,-0.4003146290779114,0.4123442769050598,False
train,0.1627422422170639,0.0,0.006426957901567221,0.05074901133775711,0.02481270767748356,0.0990864485502243,-0.400433212518692,0.4125104546546936,False
train,0.16315899789333344,0.0,0.006436688359826803,0.0507800467312336,0.025086408481001854,0.09930062294006348,-0.4005531668663025,0.41267839074134827,False
train,0.16357573866844177,0.0,0.006446455605328083,0.050811201333999634,0.025361627340316772,0.09951574355363846,-0.4006732702255249,0.41284677386283875,False
train,0.1639924943447113,0.0,0.006456295493990183,0.05084259808063507,0.025638412684202194,0.09973223507404327,-0.4007943868637085,0.41301655769348145,False
test,0.16440925002098083,0.0,0.006466165650635958,0.05087422579526901,0.025916729122400284,0.09994995594024658,-0.4009166657924652,0.41318780183792114,False
train,0.16482600569725037,0.0,0.00647609680891037,0.050905849784612656,0.026196550577878952,0.10016846656799316,-0.40103793144226074,0.4133583903312683,False
train,0.1652427613735199,0.0,0.006486095953732729,0.05093784257769585,0.026477869600057602,0.10038867592811584,-0.4011613130569458,0.41353148221969604,False
train,0.16565951704978943,0.0,0.006496147718280554,0.05097000300884247,0.026760656386613846,0.10061013698577881,-0.40128520131111145,0.4137054681777954,False
train,0.16607627272605896,0.0,0.006506257690489292,0.051002386957407,0.02704492397606373,0.1008329913020134,-0.4014100432395935,0.4138807952404022,False
test,0.1664930135011673,0.0,0.006516411900520325,0.05103495717048645,0.027330612763762474,0.10105714201927185,-0.4015355408191681,0.4140571653842926,False
train,0.16690976917743683,0.0,0.006526628043502569,0.05106763169169426,0.027617769315838814,0.1012825071811676,-0.4016609191894531,0.4142338037490845,False
train,0.16732652485370636,0.0,0.006536910310387611,0.05110061913728714,0.027906356379389763,0.10150952637195587,-0.4017879068851471,0.4144124686717987,False
train,0.1677432805299759,0.0,0.006547254975885153,0.05113372579216957,0.028196362778544426,0.10173777490854263,-0.40191492438316345,0.41459158062934875,False
train,0.16816003620624542,0.0,0.006557634565979242,0.05116711184382439,0.028487782925367355,0.10196761786937714,-0.4020434319972992,0.4147725999355316,False
test,0.16857679188251495,0.0,0.006568074692040682,0.05120066553354263,0.02878059819340706,0.10219888389110565,-0.40217238664627075,0.4149545133113861,False
train,0.16899354755878448,0.0,0.006578599568456411,0.05123442783951759,0.029074804857373238,0.10243169963359833,-0.4023019075393677,0.4151374399662018,False
train,0.16941028833389282,0.0,0.006589163560420275,0.05126839503645897,0.029370414093136787,0.1026659905910492,-0.40243229269981384,0.41532161831855774,False
train,0.16982704401016235,0.0,0.006599801126867533,0.05130257084965706,0.02966739609837532,0.102901890873909,-0.4025633633136749,0.4155069887638092,False
train,0.17024379968643188,0.0,0.006610480602830648,0.051336996257305145,0.029965758323669434,0.10313941538333893,-0.40269556641578674,0.4156939685344696,False
test,0.17066055536270142,0.0,0.006621233653277159,0.05137156322598457,0.03026547282934189,0.10337832570075989,-0.4028279483318329,0.41588151454925537,False
train,0.17107731103897095,0.0,0.006632048636674881,0.05140632763504982,0.03056657314300537,0.10361883789300919,-0.4029608964920044,0.4160701334476471,False
train,0.17149406671524048,0.0,0.006642928346991539,0.05144135653972626,0.030869025737047195,0.10386106371879578,-0.4030950367450714,0.41626042127609253,False
train,0.17191080749034882,0.0,0.00665386114269495,0.05147657170891762,0.0311728622764349,0.10410482436418533,-0.4032297134399414,0.41645169258117676,False
train,0.17232756316661835,0.0,0.006664865650236607,0.051512040197849274,0.031478073447942734,0.10435043275356293,-0.40336546301841736,0.4166445732116699,False
test,0.17274431884288788,0.0,0.006675929296761751,0.05154765024781227,0.031784623861312866,0.10459743440151215,-0.40350136160850525,0.4168380796909332,False
train,0.1731610745191574,0.0,0.006687046028673649,0.05158351734280586,0.03209259361028671,0.1048462763428688,-0.40363839268684387,0.41703319549560547,False
train,0.17357783019542694,0.0,0.00669822609052062,0.051619596779346466,0.0324019230902195,0.10509664565324783,-0.4037761390209198,0.4172295331954956,False
train,0.17399458587169647,0.0,0.006709478795528412,0.05165594071149826,0.032712630927562714,0.10534901916980743,-0.4039149880409241,0.41742751002311707,False
train,0.174411341547966,0.0,0.0067207952961325645,0.05169245973229408,0.033024758100509644,0.10560281574726105,-0.404054194688797,0.4176263213157654,False
test,0.17482808232307434,0.0,0.00673217186704278,0.05172928050160408,0.033338285982608795,0.10585854947566986,-0.4041948914527893,0.41782715916633606,False
train,0.17524483799934387,0.0,0.006743616424500942,0.05176621302962303,0.033653222024440765,0.1061156839132309,-0.4043354094028473,0.4180282950401306,False
train,0.1756615936756134,0.0,0.006755134556442499,0.051803410053253174,0.033969562500715256,0.10637468099594116,-0.4044770300388336,0.4182310700416565,False
train,0.17607834935188293,0.0,0.006766717415302992,0.05184084549546242,0.03428737446665764,0.10663536936044693,-0.4046195149421692,0.4184352457523346,False
train,0.17649510502815247,0.0,0.006778345908969641,0.051878493279218674,0.03460664302110672,0.1068977564573288,-0.40476274490356445,0.418640673160553,False
test,0.176911860704422,0.0,0.006790068466216326,0.05191640555858612,0.034927383065223694,0.10716194659471512,-0.4049069285392761,0.41884759068489075,False
train,0.17732861638069153,0.0,0.006801843177527189,0.05195441097021103,0.03524962440133095,0.10742749273777008,-0.4050508439540863,0.41905471682548523,False
train,0.17774535715579987,0.0,0.006813680753111839,0.051992807537317276,0.03557339310646057,0.1076950877904892,-0.4051969349384308,0.4192645847797394,False
train,0.1781621128320694,0.0,0.006825597491115332,0.052031416445970535,0.03589867800474167,0.10796434432268143,-0.40534359216690063,0.4194755256175995,False
train,0.17857886850833893,0.0,0.006837589666247368,0.05207020416855812,0.036225512623786926,0.1082351803779602,-0.40549054741859436,0.41968733072280884,False
test,0.17899562418460846,0.0,0.006849641911685467,0.05210922285914421,0.03655390813946724,0.1085076779127121,-0.40563827753067017,0.4199003577232361,False
train,0.179412379860878,0.0,0.0068617514334619045,0.0521484911441803,0.03688392415642738,0.10878186672925949,-0.40578702092170715,0.4201149642467499,False
train,0.17982913553714752,0.0,0.006873950827866793,0.05218800902366638,0.03721558302640915,0.10905776917934418,-0.40593650937080383,0.42033088207244873,False
train,0.18024589121341705,0.0,0.006886204704642296,0.05222775414586067,0.03754891827702522,0.10933522135019302,-0.40608689188957214,0.42054814100265503,False
train,0.1806626319885254,0.0,0.006898542400449514,0.05226770415902138,0.037883929908275604,0.10961426794528961,-0.4062376618385315,0.42076635360717773,False
test,0.18107938766479492,0.0,0.006910944823175669,0.05230792239308357,0.03822069987654686,0.10989487916231155,-0.4063895046710968,0.4209861159324646,False
train,0.18149614334106445,0.0,0.006923419423401356,0.05234838277101517,0.038559213280677795,0.11017721146345139,-0.4065421521663666,0.4212072491645813,False
train,0.18191289901733398,0.0,0.006935981567949057,0.052389103919267654,0.0388994999229908,0.11046116054058075,-0.406695693731308,0.4214297831058502,False
train,0.18232965469360352,0.0,0.006948583293706179,0.05243004858493805,0.03924166038632393,0.11074653267860413,-0.40685003995895386,0.4216535687446594,False
train,0.18274641036987305,0.0,0.006961293984204531,0.05247122794389725,0.03958568722009659,0.1110333502292633,-0.4070048928260803,0.4218783974647522,False
test,0.18316316604614258,0.0,0.006974047515541315,0.05251266807317734,0.03993166238069534,0.11132170259952545,-0.4071609079837799,0.4221048653125763,False
train,0.18357990682125092,0.0,0.0069869039580225945,0.05255439504981041,0.0402795784175396,0.11161167919635773,-0.4073178470134735,0.4223327934741974,False
train,0.18399666249752045,0.0,0.0069998339749872684,0.0525963194668293,0.04062952101230621,0.1119028776884079,-0.40747520327568054,0.4225615859031677,False
train,0.18441341817378998,0.0,0.007012827787548304,0.052638474851846695,0.04098149761557579,0.11219541728496552,-0.4076332747936249,0.42279157042503357,False
train,0.1848301738500595,0.0,0.007025882601737976,0.05268092080950737,0.041335586458444595,0.11248955130577087,-0.4077925384044647,0.4230232238769531,False
test,0.18524692952632904,0.0,0.0070390417240560055,0.052723631262779236,0.04169179126620293,0.11278499662876129,-0.40795260667800903,0.42325615882873535,False
train,0.18566368520259857,0.0,0.007052252069115639,0.05276660621166229,0.04205024987459183,0.1130816712975502,-0.4081137180328369,0.42349058389663696,False
train,0.1860804259777069,0.0,0.00706556485965848,0.052809786051511765,0.04241097718477249,0.11337949335575104,-0.4082750678062439,0.4237256646156311,False
train,0.18649718165397644,0.0,0.007078925613313913,0.052853263914585114,0.042773980647325516,0.11367873102426529,-0.4084377884864807,0.4239625930786133,False
train,0.18691393733024597,0.0,0.007092396263033152,0.052896976470947266,0.04313938319683075,0.11397897452116013,-0.40860095620155334,0.4242003560066223,False
test,0.1873306930065155,0.0,0.0071059325709939,0.05294094607234001,0.04350719228386879,0.11428042501211166,-0.40876495838165283,0.424439400434494,False
train,0.18774744868278503,0.0,0.007119548972696066,0.052985209971666336,0.0438774898648262,0.1145830750465393,-0.40893012285232544,0.42468002438545227,False
train,0.18816420435905457,0.0,0.00713325897231698,0.05302974954247475,0.044250331819057465,0.1148868128657341,-0.4090961217880249,0.4249219000339508,False
train,0.1885809600353241,0.0,0.007147009018808603,0.05307444930076599,0.044625796377658844,0.11519123613834381,-0.4092622995376587,0.42516425251960754,False
train,0.18899770081043243,0.0,0.0071608806028962135,0.053119562566280365,0.04500391706824303,0.11549700796604156,-0.4094303846359253,0.4254089891910553,False
test,0.18941445648670197,0.0,0.007174826692789793,0.05316484719514847,0.04538482427597046,0.1158033236861229,-0.40959852933883667,0.42565402388572693,False
train,0.1898312121629715,0.0,0.007188854739069939,0.053210385143756866,0.045768506824970245,0.11611053347587585,-0.40976735949516296,0.4259001612663269,False
train,0.19024796783924103,0.0,0.007202951703220606,0.05325624346733093,0.04615507647395134,0.11641865968704224,-0.40993762016296387,0.42614805698394775,False
train,0.19066472351551056,0.0,0.007217140402644873,0.05330236256122589,0.04654460772871971,0.11672751605510712,-0.4101085066795349,0.4263968765735626,False
train,0.1910814791917801,0.0,0.007231408730149269,0.053348712623119354,0.046937163919210434,0.11703696101903915,-0.4102799594402313,0.42664656043052673,False
test,0.19149823486804962,0.0,0.007245774380862713,0.05339540168642998,0.047332797199487686,0.11734716594219208,-0.4104527235031128,0.42689788341522217,False
train,0.19191497564315796,0.0,0.007260205689817667,0.05344236642122269,0.047731634229421616,0.11765795201063156,-0.41062644124031067,0.4271503984928131,False
train,0.1923317313194275,0.0,0.00727473571896553,0.05348954722285271,0.04813370481133461,0.11796897649765015,-0.4108005166053772,0.4274035096168518,False
train,0.19274848699569702,0.0,0.007289345841854811,0.05353701487183571,0.04853910207748413,0.11828058212995529,-0.4109753966331482,0.4276576638221741,False
train,0.19316524267196655,0.0,0.007304051425307989,0.05358479917049408,0.04894792288541794,0.11859265714883804,-0.4111515283584595,0.4279133081436157,False
test,0.19358199834823608,0.0,0.007318838965147734,0.05363289639353752,0.049360256642103195,0.11890503764152527,-0.4113287925720215,0.4281702935695648,False
train,0.19399875402450562,0.0,0.007333722431212664,0.05368116497993469,0.04977614805102348,0.11921733617782593,-0.41150590777397156,0.42842721939086914,False
train,0.19441550970077515,0.0,0.007348691578954458,0.053729813545942307,0.050195664167404175,0.11953018605709076,-0.4116847515106201,0.42868614196777344,False
train,0.19483225047588348,0.0,0.007363726384937763,0.0537787489593029,0.05061894655227661,0.11984299123287201,-0.41186460852622986,0.4289461374282837,False
train,0.19524900615215302,0.0,0.007378879468888044,0.05382796749472618,0.051046114414930344,0.12015596032142639,-0.41204506158828735,0.4292069375514984,False
test,0.19566576182842255,0.0,0.00739410612732172,0.05387740582227707,0.05147715285420418,0.12046858668327332,-0.41222596168518066,0.42946821451187134,False
train,0.19608251750469208,0.0,0.007409440819174051,0.053927209228277206,0.051912207156419754,0.12078133970499039,-0.4124082326889038,0.42973095178604126,False
train,0.1964992731809616,0.0,0.007424843031913042,0.053977202624082565,0.05235136300325394,0.12109362334012985,-0.41259071230888367,0.4299938976764679,False
train,0.19691602885723114,0.0,0.00744036165997386,0.05402762442827225,0.05279470235109329,0.12140601873397827,-0.41277503967285156,0.4302588105201721,False
train,0.19733278453350067,0.0,0.007455955259501934,0.05407829210162163,0.05324231833219528,0.12171795964241028,-0.4129599332809448,0.4305242896080017,False
test,0.197749525308609,0.0,0.007471652235835791,0.054129160940647125,0.05369429662823677,0.12202915549278259,-0.4131448268890381,0.4307897090911865,False
train,0.19816628098487854,0.0,0.007487443275749683,0.054180458188056946,0.05415075644850731,0.12234032154083252,-0.4133317470550537,0.4310571849346161,False
train,0.19858303666114807,0.0,0.007503323722630739,0.05423200875520706,0.054611820727586746,0.12265057861804962,-0.41351914405822754,0.4313249886035919,False
train,0.1989997923374176,0.0,0.007519309408962727,0.05428384244441986,0.05507753789424896,0.12296022474765778,-0.41370725631713867,0.4315934479236603,False
train,0.19941654801368713,0.0,0.007535393349826336,0.05433601140975952,0.05554800480604172,0.12326927483081818,-0.41389650106430054,0.4318629801273346,False
test,0.19983330368995667,0.0,0.0075515443459153175,0.054388463497161865,0.05602332949638367,0.12357740104198456,-0.41408663988113403,0.4321332275867462,False
train,0.2002500593662262,0.004761904943734407,0.007567819207906723,0.054441168904304504,0.05650362744927406,0.12388435006141663,-0.414277046918869,0.4324035048484802,False
train,0.20066680014133453,0.0,0.00758418720215559,0.05449432134628296,0.05698898434638977,0.12419083714485168,-0.4144695997238159,0.43267586827278137,False
train,0.20108355581760406,0.0,0.007600655313581228,0.054547637701034546,0.05747951194643974,0.12449575960636139,-0.41466179490089417,0.43294757604599,False
train,0.2015003114938736,0.0031746032182127237,0.0076172202825546265,0.054601334035396576,0.05797533318400383,0.12479966878890991,-0.4148554503917694,0.4332205057144165,False
test,0.20191706717014313,0.0,0.007633879315108061,0.054655350744724274,0.05847650021314621,0.12510241568088531,-0.4150501489639282,0.4334942400455475,False
train,0.20233382284641266,0.0007936508045531809,0.007650647312402725,0.054709725081920624,0.05898313969373703,0.12540385127067566,-0.4152460992336273,0.4337688684463501,False
train,0.2027505785226822,0.0,0.0076675135642290115,0.054764311760663986,0.05949536710977554,0.1257035881280899,-0.4154420495033264,0.43404319882392883,False
train,0.20316731929779053,0.0,0.007684472482651472,0.05481928214430809,0.06001325696706772,0.12600204348564148,-0.4156395494937897,0.4343187212944031,False
train,0.20358407497406006,0.0,0.007701541297137737,0.054874490946531296,0.0605369471013546,0.12629854679107666,-0.41583722829818726,0.43459397554397583,False
test,0.2040008306503296,0.0,0.007718728389590979,0.05493007227778435,0.061066579073667526,0.1265934705734253,-0.41603612899780273,0.43487006425857544,False
train,0.20441758632659912,0.0,0.0077359979040920734,0.05498594418168068,0.061602212488651276,0.1268865466117859,-0.4162358343601227,0.4351464807987213,False
train,0.20483434200286865,0.0,0.007753376383334398,0.055042169988155365,0.06214394047856331,0.12717768549919128,-0.41643670201301575,0.4354235827922821,False
train,0.20525109767913818,0.0,0.007770874071866274,0.05509878322482109,0.06269185990095139,0.1274672895669937,-0.41663888096809387,0.4357015788555145,False
train,0.20566785335540771,0.0,0.007788467686623335,0.05515562370419502,0.06324613094329834,0.1277543008327484,-0.41684120893478394,0.43597909808158875,False
test,0.20608459413051605,0.0,0.007806159555912018,0.055212851613759995,0.06380677223205566,0.12803944945335388,-0.41704505681991577,0.43625757098197937,False
train,0.20650134980678558,0.0,0.00782398134469986,0.05527045205235481,0.06437401473522186,0.12832236289978027,-0.41724997758865356,0.4365365505218506,False
train,0.20691810548305511,0.0007936508045531809,0.00784189160913229,0.05532822012901306,0.06494791060686111,0.12860235571861267,-0.4174546003341675,0.4368145167827606,False
train,0.20733486115932465,0.0,0.007859931327402592,0.05538653954863548,0.06552858650684357,0.12888062000274658,-0.41766178607940674,0.43709447979927063,False
train,0.20775161683559418,0.0,0.007878054864704609,0.055445004254579544,0.06611604988574982,0.12915584444999695,-0.4178684949874878,0.43737319111824036,False
test,0.2081683725118637,0.0,0.007896309718489647,0.05550386384129524,0.06671054661273956,0.12942853569984436,-0.41807645559310913,0.43765246868133545,False
train,0.20858512818813324,0.0,0.007914669811725616,0.055563073605298996,0.06731213629245758,0.12969842553138733,-0.4182854890823364,0.43793198466300964,False
train,0.20900186896324158,0.0,0.007933123037219048,0.05562269315123558,0.06792084872722626,0.12996584177017212,-0.4184962213039398,0.438212513923645,False
train,0.2094186246395111,0.0007936508045531809,0.00795169360935688,0.05568252503871918,0.06853689253330231,0.1302298903465271,-0.4187067151069641,0.4384918808937073,False
train,0.20983538031578064,0.003968254197388887,0.007970402017235756,0.055742744356393814,0.06916037201881409,0.1304909735918045,-0.41891831159591675,0.438771516084671,False
test,0.21025213599205017,0.0063492064364254475,0.007989222183823586,0.0558033287525177,0.06979135423898697,0.13074913620948792,-0.41913101077079773,0.43905141949653625,False
train,0.2106688916683197,0.0023809524718672037,0.008008141070604324,0.05586426332592964,0.07042992115020752,0.13100402057170868,-0.41934478282928467,0.43933144211769104,False
train,0.21108564734458923,0.0015873016091063619,0.00802717637270689,0.055925555527210236,0.07107625901699066,0.131255641579628,-0.41955962777137756,0.439611554145813,False
train,0.21150240302085876,0.0031746032182127237,0.008046341128647327,0.05598711594939232,0.07173038274049759,0.13150367140769958,-0.41977450251579285,0.43989071249961853,False
train,0.2119191437959671,0.0023809524718672037,0.008065619505941868,0.05604918673634529,0.07239242643117905,0.1317487508058548,-0.41999176144599915,0.44017133116722107,False
test,0.21233589947223663,0.0023809524718672037,0.008085005916655064,0.05611143261194229,0.0730624794960022,0.13198964297771454,-0.42020851373672485,0.4404502809047699,False
train,0.21275265514850616,0.0015873016091063619,0.008104519918560982,0.05617416277527809,0.07374074310064316,0.13222728669643402,-0.42042720317840576,0.44073018431663513,False
train,0.2131694108247757,0.0031746032182127237,0.008124149404466152,0.056237127631902695,0.07442721724510193,0.132460817694664,-0.4206458032131195,0.4410087764263153,False
train,0.21358616650104523,0.0031746032182127237,0.008143912069499493,0.05630050599575043,0.07512207329273224,0.1326906681060791,-0.4208657145500183,0.4412876069545746,False
train,0.21400292217731476,0.0031746032182127237,0.00816378090530634,0.05636438727378845,0.0758252963423729,0.1329171359539032,-0.4210878610610962,0.441567599773407,False
test,0.2144196778535843,0.0031746032182127237,0.00818377174437046,0.05642847344279289,0.07653707265853882,0.13313907384872437,-0.4213096499443054,0.44184595346450806,False
train,0.21483641862869263,0.0063492064364254475,0.00820391159504652,0.056492879986763,0.0772574320435524,0.13335679471492767,-0.4215317964553833,0.4421233832836151,False
train,0.21525317430496216,0.004761904943734407,0.008224145509302616,0.05655776709318161,0.07798650115728378,0.13357077538967133,-0.4217560589313507,0.4424017667770386,False
train,0.2156699299812317,0.0055555556900799274,0.008244502358138561,0.05662303790450096,0.0787244513630867,0.13378049433231354,-0.42198145389556885,0.4426800012588501,False
train,0.21608668565750122,0.003968254197388887,0.008264992386102676,0.05668855831027031,0.07947124540805817,0.13398557901382446,-0.4222066402435303,0.4429566264152527,False
test,0.21650344133377075,0.003968254197388887,0.00828561931848526,0.05675451084971428,0.08022709935903549,0.13418643176555634,-0.4224332273006439,0.4432333707809448,False
train,0.21692019701004028,0.0031746032182127237,0.008306359872221947,0.05682086572051048,0.0809919536113739,0.13438306748867035,-0.4226611256599426,0.44351011514663696,False
train,0.21733693778514862,0.0031746032182127237,0.008327248506247997,0.05688757449388504,0.08176593482494354,0.1345750242471695,-0.4228895902633667,0.44378602504730225,False
train,0.21775369346141815,0.0015873016091063619,0.008348247967660427,0.05695466324687004,0.08254924416542053,0.13476231694221497,-0.4231192171573639,0.44406163692474365,False
train,0.21817044913768768,0.0015873016091063619,0.008369375951588154,0.05702215060591698,0.08334184437990189,0.13494515419006348,-0.42334994673728943,0.44433701038360596,False
test,0.21858720481395721,0.0023809524718672037,0.008390640839934349,0.05709000304341316,0.08414386957883835,0.1351231187582016,-0.42358142137527466,0.4446116089820862,False
train,0.21900396049022675,0.0015873016091063619,0.008412047289311886,0.057158101350069046,0.08495531231164932,0.1352958381175995,-0.4238126277923584,0.44488435983657837,False
train,0.21942071616649628,0.0015873016091063619,0.008433563634753227,0.05722678080201149,0.08577636629343033,0.1354643553495407,-0.4240465760231018,0.4451585114002228,False
train,0.2198374718427658,0.0007936508045531809,0.008455231785774231,0.05729573965072632,0.08660700917243958,0.1356275975704193,-0.42428046464920044,0.4454309642314911,False
train,0.22025421261787415,0.0015873016091063619,0.008477023802697659,0.057365115731954575,0.08744724839925766,0.13578608632087708,-0.42451563477516174,0.4457032382488251,False
test,0.22067096829414368,0.0015873016091063619,0.008498956449329853,0.05743488669395447,0.08829730749130249,0.13593952357769012,-0.42475172877311707,0.4459748864173889,False
train,0.2210877239704132,0.0015873016091063619,0.008521011099219322,0.057505007833242416,0.08915714174509048,0.13608774542808533,-0.4249885380268097,0.44624561071395874,False
train,0.22150447964668274,0.0023809524718672037,0.008543219417333603,0.05757560580968857,0.09002690017223358,0.1362312138080597,-0.4252268970012665,0.44651636481285095,False
train,0.22192123532295227,0.0023809524718672037,0.008565571159124374,0.05764655023813248,0.09090646356344223,0.13636943697929382,-0.4254656434059143,0.44678589701652527,False
train,0.2223379909992218,0.0015873016091063619,0.008588053286075592,0.05771791934967041,0.09179611504077911,0.13650232553482056,-0.4257057309150696,0.4470551013946533,False
test,0.22275474667549133,0.0031746032182127237,0.008610672317445278,0.05778958648443222,0.0926956832408905,0.1366298496723175,-0.42594587802886963,0.44732269644737244,False
train,0.22317148745059967,0.0015873016091063619,0.008633437566459179,0.05786167085170746,0.09360524266958237,0.13675224781036377,-0.42618709802627563,0.44758978486061096,False
train,0.2235882431268692,0.0023809524718672037,0.008656349033117294,0.057934220880270004,0.09452493488788605,0.13686954975128174,-0.42642971873283386,0.4478566646575928,False
train,0.22400499880313873,0.0031746032182127237,0.008679373189806938,0.058007169514894485,0.09545470029115677,0.1369815468788147,-0.4266735017299652,0.4481230080127716,False
train,0.22442175447940826,0.003968254197388887,0.008702583611011505,0.058080535382032394,0.09639459103345871,0.13708829879760742,-0.42691802978515625,0.4483884572982788,False
test,0.2248385101556778,0.003968254197388887,0.00872589647769928,0.05815427377820015,0.09734469652175903,0.13718962669372559,-0.4271634519100189,0.44865310192108154,False
train,0.22525526583194733,0.0031746032182127237,0.008749396540224552,0.058228373527526855,0.09830499440431595,0.13728541135787964,-0.4274091124534607,0.4489162862300873,False
train,0.22567202150821686,0.0031746032182127237,0.008773017674684525,0.058303046971559525,0.09927541017532349,0.1373765468597412,-0.42765727639198303,0.4491804242134094,False
train,0.2260887622833252,0.003968254197388887,0.008796785958111286,0.05837799608707428,0.10025599598884583,0.13746187090873718,-0.42790523171424866,0.449442595243454,False
train,0.22650551795959473,0.003968254197388887,0.008820698596537113,0.05845339968800545,0.10124683380126953,0.13754206895828247,-0.42815446853637695,0.4497044086456299,False
test,0.22692227363586426,0.0031746032182127237,0.008844783529639244,0.058529213070869446,0.10224789381027222,0.1376168578863144,-0.42840439081192017,0.449965238571167,False
train,0.2273390293121338,0.004761904943734407,0.008869003504514694,0.05860543251037598,0.1032591313123703,0.13768640160560608,-0.4286552965641022,0.4502254128456116,False
train,0.22775578498840332,0.0031746032182127237,0.008893368765711784,0.05868203938007355,0.1042805165052414,0.1377505511045456,-0.4289068877696991,0.4504845440387726,False
train,0.22817254066467285,0.003968254197388887,0.008917913772165775,0.058759067207574844,0.10531210154294968,0.13780942559242249,-0.42915913462638855,0.4507427215576172,False
train,0.22858929634094238,0.003968254197388887,0.008942586369812489,0.058836691081523895,0.10635381191968918,0.13786378502845764,-0.4294140040874481,0.45100200176239014,False
test,0.22900603711605072,0.003968254197388887,0.008967416360974312,0.05891452357172966,0.10740555077791214,0.13791221380233765,-0.4296679198741913,0.4512585699558258,False
train,0.22942279279232025,0.0023809524718672037,0.00899240467697382,0.05899285897612572,0.1084674596786499,0.13795576989650726,-0.429923415184021,0.4515151381492615,False
train,0.22983954846858978,0.003968254197388887,0.009017540141940117,0.0590716153383255,0.10953927785158157,0.13799437880516052,-0.4301798343658447,0.4517711102962494,False
train,0.23025630414485931,0.0055555556900799274,0.009042865596711636,0.05915091186761856,0.1106211319565773,0.13802844285964966,-0.4304378032684326,0.45202717185020447,False
train,0.23067305982112885,0.0063492064364254475,0.009068316780030727,0.05923048406839371,0.11171291768550873,0.13805678486824036,-0.43069562315940857,0.45228132605552673,False
test,0.23108981549739838,0.007936508394777775,0.009093926288187504,0.059310562908649445,0.11281462013721466,0.13808053731918335,-0.4309549629688263,0.4525355398654938,False
train,0.2315065711736679,0.0063492064364254475,0.009119720198214054,0.059391140937805176,0.11392602324485779,0.13809993863105774,-0.4312155842781067,0.45278966426849365,False
train,0.23192331194877625,0.0055555556900799274,0.009145655669271946,0.05947202444076538,0.11504710465669632,0.13811415433883667,-0.4314761757850647,0.4530421793460846,False
train,0.23234006762504578,0.0055555556900799274,0.009171765297651291,0.05955345183610916,0.11617780476808548,0.13812410831451416,-0.43173837661743164,0.45329493284225464,False
train,0.2327568233013153,0.0055555556900799274,0.009198041632771492,0.059635281562805176,0.11731808632612228,0.13812938332557678,-0.4320012032985687,0.4535468816757202,False
test,0.23317357897758484,0.0031746032182127237,0.009224475361406803,0.05971753969788551,0.11846776306629181,0.13813042640686035,-0.4322648346424103,0.4537982940673828,False
train,0.23359033465385437,0.003968254197388887,0.0092510636895895,0.059800270944833755,0.11962674558162689,0.1381271779537201,-0.4325297474861145,0.454049676656723,False
train,0.2340070903301239,0.0015873016091063619,0.00927783828228712,0.059883493930101395,0.12079503387212753,0.13811995089054108,-0.4327956438064575,0.45430076122283936,False
train,0.23442383110523224,0.0023809524718672037,0.009304778650403023,0.05996710807085037,0.1219722181558609,0.13810865581035614,-0.43306201696395874,0.454551100730896,False
train,0.23484058678150177,0.0,0.009331884793937206,0.060051124542951584,0.1231585443019867,0.1380930095911026,-0.43332892656326294,0.45480066537857056,False
test,0.2352573424577713,0.0007936508045531809,0.00935917254537344,0.06013573706150055,0.12435360997915268,0.13807448744773865,-0.4335978329181671,0.4550512433052063,False
train,0.23567409813404083,0.0015873016091063619,0.009386611171066761,0.0602206327021122,0.12555748224258423,0.1380513459444046,-0.43386635184288025,0.45530009269714355,False
train,0.23609085381031036,0.0007936508045531809,0.00941423699259758,0.060306139290332794,0.1267697513103485,0.1380256712436676,-0.43413692712783813,0.4555501937866211,False
train,0.2365076094865799,0.0023809524718672037,0.009442041628062725,0.06039201840758324,0.1279904693365097,0.1379963755607605,-0.4344075918197632,0.45579925179481506,False
train,0.23692436516284943,0.0007936508045531809,0.009469999931752682,0.06047837436199188,0.12921935319900513,0.13796405494213104,-0.4346795082092285,0.4560486376285553,False
test,0.23734110593795776,0.0007936508045531809,0.009498153813183308,0.060565244406461716,0.13045626878738403,0.13792911171913147,-0.4349525272846222,0.456298291683197,False
train,0.2377578616142273,0.0007936508045531809,0.009526466950774193,0.060652490705251694,0.1317010223865509,0.13789109885692596,-0.43522584438323975,0.456547349691391,False
train,0.23817461729049683,0.0015873016091063619,0.00955498218536377,0.06074029579758644,0.1329534500837326,0.13785094022750854,-0.4355006217956543,0.45679718255996704,False
train,0.23859137296676636,0.0015873016091063619,0.009583674371242523,0.06082851067185402,0.1342133730649948,0.13780808448791504,-0.4357757270336151,0.4570465683937073,False
train,0.2390081286430359,0.0007936508045531809,0.009612523950636387,0.060917191207408905,0.13548052310943604,0.13776326179504395,-0.4360519051551819,0.45729637145996094,False
test,0.23942488431930542,0.0007936508045531809,0.009641584940254688,0.06100638210773468,0.13675469160079956,0.13771679997444153,-0.43632906675338745,0.4575466811656952,False
train,0.23984163999557495,0.0,0.009670820087194443,0.06109606474637985,0.13803569972515106,0.13766872882843018,-0.4366071820259094,0.45779746770858765,False
train,0.2402583807706833,0.0,0.009700225666165352,0.061186209321022034,0.13932329416275024,0.1376192569732666,-0.4368862211704254,0.4580487310886383,False
train,0.24067513644695282,0.0,0.00972982682287693,0.06127675995230675,0.14061719179153442,0.13756826519966125,-0.4371654689311981,0.45829975605010986,False
train,0.24109189212322235,0.0007936508045531809,0.009759615175426006,0.06136789917945862,0.14191721379756927,0.1375170648097992,-0.4374464154243469,0.45855242013931274,False
test,0.24150864779949188,0.0,0.009789596311748028,0.06145945563912392,0.1432231068611145,0.13746468722820282,-0.4377276301383972,0.45880499482154846,False
train,0.2419254034757614,0.0,0.009819762781262398,0.061551522463560104,0.14453454315662384,0.13741229474544525,-0.43800994753837585,0.4590586721897125,False
train,0.24234215915203094,0.0007936508045531809,0.009850138798356056,0.06164415180683136,0.1458512842655182,0.13736006617546082,-0.4382935166358948,0.45931363105773926,False
train,0.24275891482830048,0.0023809524718672037,0.009880668483674526,0.061737239360809326,0.14717307686805725,0.1373080462217331,-0.4385780990123749,0.45956963300704956,False
train,0.2431756556034088,0.0015873016091063619,0.0099114328622818,0.06183071807026863,0.14849945902824402,0.13725608587265015,-0.43886229395866394,0.459825336933136,False
test,0.24359241127967834,0.0,0.009942359291017056,0.06192467734217644,0.14983053505420685,0.13720470666885376,-0.439147412776947,0.46008214354515076,False
train,0.24400916695594788,0.0007936508045531809,0.009973485954105854,0.062019214034080505,0.15116563439369202,0.1371549367904663,-0.4394340515136719,0.4603409171104431,False
train,0.2444259226322174,0.0015873016091063619,0.010004814714193344,0.06211423501372337,0.15250468254089355,0.13710641860961914,-0.4397214651107788,0.4606008529663086,False
train,0.24484267830848694,0.0071428571827709675,0.010036367923021317,0.062209855765104294,0.1538470983505249,0.13706040382385254,-0.4400102198123932,0.4608628451824188,False
train,0.24525943398475647,0.011904762126505375,0.01006808876991272,0.062305860221385956,0.15519292652606964,0.137015700340271,-0.44029900431632996,0.46112528443336487,False
test,0.245676189661026,0.0,0.010100009851157665,0.062402334064245224,0.15654155611991882,0.1369732916355133,-0.44058841466903687,0.46138903498649597,False
train,0.24609293043613434,0.0063492064364254475,0.010132146067917347,0.06249934434890747,0.1578926295042038,0.13693387806415558,-0.4408787786960602,0.4616546332836151,False
train,0.24650968611240387,0.0023809524718672037,0.010164495557546616,0.06259700655937195,0.1592460721731186,0.1368982046842575,-0.4411711096763611,0.461923211812973,False
train,0.2469264417886734,0.003968254197388887,0.0101970499381423,0.06269493699073792,0.16060133278369904,0.13686472177505493,-0.44146209955215454,0.46219122409820557,False
train,0.24734319746494293,0.010317460633814335,0.010229784063994884,0.06279348582029343,0.16195815801620483,0.13683566451072693,-0.44175517559051514,0.46246257424354553,False
test,0.24775995314121246,0.0063492064364254475,0.01026274636387825,0.0628926008939743,0.1633160561323166,0.13681110739707947,-0.44204920530319214,0.46273618936538696,False
train,0.248176708817482,0.0063492064364254475,0.010295910760760307,0.06299217790365219,0.16467496752738953,0.1367906630039215,-0.4423436224460602,0.46301141381263733,False
train,0.24859344959259033,0.01746031828224659,0.010329294949769974,0.06309232115745544,0.16603417694568634,0.13677534461021423,-0.44263920187950134,0.4632892906665802,False
train,0.24901020526885986,0.008730159141123295,0.010362880304455757,0.0631929263472557,0.16739343106746674,0.1367652714252472,-0.4429350793361664,0.4635690152645111,False
train,0.2494269609451294,0.0071428571827709675,0.010396681725978851,0.06329415738582611,0.16875247657299042,0.13676123321056366,-0.4432326555252075,0.4638521671295166,False
test,0.24984371662139893,0.02619047649204731,0.010430702939629555,0.06339580565690994,0.1701108068227768,0.13676273822784424,-0.44353002309799194,0.4641367495059967,False
train,0.25026047229766846,0.009523809887468815,0.010464939288794994,0.06349799782037735,0.17146801948547363,0.1367710381746292,-0.4438282251358032,0.46442416310310364,False
train,0.250677227973938,0.02857142873108387,0.010499406605958939,0.06360076367855072,0.17282377183437347,0.13678616285324097,-0.44412752985954285,0.4647146463394165,False
train,0.2510939836502075,0.01587301678955555,0.010534070432186127,0.06370393186807632,0.17417778074741364,0.13680796325206757,-0.44442662596702576,0.465006947517395,False
train,0.25151073932647705,0.014285714365541935,0.010568954981863499,0.06380776315927505,0.17552947998046875,0.1368381679058075,-0.4447276294231415,0.465303510427475,False
test,0.2519274950027466,0.03730158880352974,0.010604080744087696,0.06391206383705139,0.17687849700450897,0.1368759274482727,-0.4450285732746124,0.46560224890708923,False
train,0.2523442506790161,0.01746031828224659,0.01063943188637495,0.0640169307589531,0.17822450399398804,0.13692259788513184,-0.44533050060272217,0.4659045338630676,False
train,0.25276100635528564,0.04444444552063942,0.0106749776750803,0.06412232667207718,0.17956718802452087,0.13697776198387146,-0.4456333816051483,0.466210275888443,False
train,0.2531777322292328,0.04682539775967598,0.01071076188236475,0.06422831118106842,0.18090583384037018,0.13704264163970947,-0.4459371864795685,0.4665197432041168,False
train,0.2535944879055023,0.0515873022377491,0.010746783576905727,0.06433475017547607,0.18224038183689117,0.13711678981781006,-0.44624096155166626,0.46683189272880554,False
test,0.25401124358177185,0.02936507947742939,0.010783049277961254,0.0644417479634285,0.1835702508687973,0.13720114529132843,-0.4465453624725342,0.4671476483345032,False
train,0.2544279992580414,0.05079365149140358,0.010819507762789726,0.06454940885305405,0.18489523231983185,0.13729622960090637,-0.44685184955596924,0.4674685299396515,False
train,0.2548447549343109,0.04523809626698494,0.010856238193809986,0.06465750187635422,0.1862146556377411,0.13740196824073792,-0.4471575617790222,0.4677918255329132,False
train,0.25526151061058044,0.05793650820851326,0.010893174447119236,0.06476615369319916,0.18752841651439667,0.13751885294914246,-0.4474642872810364,0.468119353055954,False
train,0.25567826628685,0.06507936865091324,0.010930335149168968,0.06487535685300827,0.18883566558361053,0.13764789700508118,-0.44777175784111023,0.4684511721134186,False
test,0.2560950219631195,0.03650793805718422,0.01096776220947504,0.06498520076274872,0.19013653695583344,0.13778899610042572,-0.4480803608894348,0.46878761053085327,False
train,0.25651177763938904,0.04523809626698494,0.011005415581166744,0.06509551405906677,0.19143012166023254,0.1379425823688507,-0.4483889639377594,0.46912771463394165,False
train,0.25692853331565857,0.06904762238264084,0.011043308302760124,0.0652063712477684,0.19271640479564667,0.13810887932777405,-0.4486980438232422,0.4694720506668091,False
train,0.2573452889919281,0.03809523954987526,0.011081451550126076,0.0653177946805954,0.19399482011795044,0.138288676738739,-0.4490078091621399,0.4698210060596466,False
train,0.25776204466819763,0.06269841641187668,0.011119830422103405,0.06542987376451492,0.19526520371437073,0.13848242163658142,-0.4493190050125122,0.47017544507980347,False
test,0.25817880034446716,0.05079365149140358,0.011158469133079052,0.06554239988327026,0.19652679562568665,0.13868987560272217,-0.4496297240257263,0.47053349018096924,False
train,0.2585955262184143,0.07857143133878708,0.011197325773537159,0.06565562635660172,0.1977793276309967,0.13891276717185974,-0.44994235038757324,0.47089794278144836,False
train,0.25901228189468384,0.0595238097012043,0.01123643945902586,0.0657692477107048,0.1990228146314621,0.1391492784023285,-0.45025399327278137,0.4712655246257782,False
train,0.25942903757095337,0.0357142873108387,0.011275834403932095,0.0658835619688034,0.20025622844696045,0.1394020915031433,-0.45056697726249695,0.4716392159461975,False
train,0.2598457932472229,0.0555555559694767,0.011315456591546535,0.06599841266870499,0.2014797478914261,0.1396702378988266,-0.45088040828704834,0.47201794385910034,False
test,0.26026254892349243,0.04126984253525734,0.011355314403772354,0.06611384451389313,0.20269273221492767,0.13995452225208282,-0.4511946439743042,0.4724022448062897,False
train,0.26067930459976196,0.02777777798473835,0.011395452544093132,0.066229909658432,0.20389506220817566,0.1402553915977478,-0.45150965452194214,0.47279229760169983,False
train,0.2610960602760315,0.02857142873108387,0.011435830034315586,0.06634648144245148,0.20508602261543274,0.14057275652885437,-0.45182472467422485,0.4731873571872711,False
train,0.261512815952301,0.05396825447678566,0.011476485058665276,0.06646362692117691,0.20626547932624817,0.14090733230113983,-0.45214012265205383,0.4735879600048065,False
train,0.26192957162857056,0.02857142873108387,0.01151739340275526,0.06658138334751129,0.20743328332901,0.14125928282737732,-0.4524562656879425,0.47399458289146423,False
test,0.2623463273048401,0.01984127052128315,0.01155854482203722,0.06669976562261581,0.20858855545520782,0.14162974059581757,-0.4527733623981476,0.47440776228904724,False
train,0.2627630829811096,0.02222222276031971,0.011599985882639885,0.0668187215924263,0.20973166823387146,0.1420179009437561,-0.4530906677246094,0.47482651472091675,False
train,0.26317983865737915,0.004761904943734407,0.011641672812402248,0.06693816184997559,0.2108616977930069,0.14242422580718994,-0.4534076750278473,0.4752506613731384,False
train,0.2635965943336487,0.02619047649204731,0.011683620512485504,0.06705831736326218,0.21197885274887085,0.1428496539592743,-0.45372632145881653,0.47568222880363464,False
train,0.2640133500099182,0.01666666753590107,0.01172585692256689,0.06717894971370697,0.21308231353759766,0.14329396188259125,-0.4540441334247589,0.47611892223358154,False
test,0.26443007588386536,0.003968254197388887,0.011768346652388573,0.06730026751756668,0.21417219936847687,0.1437578797340393,-0.4543633759021759,0.47656312584877014,False
train,0.2648468315601349,0.011904762126505375,0.01181112788617611,0.06742218881845474,0.21524813771247864,0.14424173533916473,-0.4546828866004944,0.47701382637023926,False
train,0.2652635872364044,0.011111111380159855,0.011854160577058792,0.06754475831985474,0.2163098007440567,0.14474566280841827,-0.45500344038009644,0.4774719178676605,False
train,0.26568034291267395,0.009523809887468815,0.01189748477190733,0.0676679015159607,0.2173570841550827,0.14526969194412231,-0.4553239345550537,0.47793635725975037,False
train,0.2660970985889435,0.0031746032182127237,0.011941089294850826,0.06779155880212784,0.21838928759098053,0.14581403136253357,-0.45564401149749756,0.4784069359302521,False
test,0.266513854265213,0.0023809524718672037,0.011984949931502342,0.0679158940911293,0.21940694749355316,0.1463790237903595,-0.4559653103351593,0.47888538241386414,False
train,0.26693060994148254,0.0007936508045531809,0.01202911976724863,0.06804081052541733,0.22040927410125732,0.14696508646011353,-0.45628634095191956,0.4793703854084015,False
train,0.2673473656177521,0.0007936508045531809,0.012073558755218983,0.0681663528084755,0.2213960438966751,0.14757242798805237,-0.4566081166267395,0.47986310720443726,False
train,0.2677641212940216,0.003968254197388887,0.012118276208639145,0.0682925134897232,0.2223673313856125,0.1482013612985611,-0.4569302201271057,0.48036324977874756,False
train,0.26818087697029114,0.004761904943734407,0.012163273058831692,0.06841933727264404,0.22332265973091125,0.14885213971138,-0.45725321769714355,0.4808715581893921,False
test,0.26859763264656067,0.0007936508045531809,0.01220857072621584,0.06854670494794846,0.22426222264766693,0.1495242416858673,-0.4575756788253784,0.48138654232025146,False
train,0.2690143883228302,0.0015873016091063619,0.012254162691533566,0.0686747282743454,0.22518545389175415,0.15021859109401703,-0.45789873600006104,0.4819096326828003,False
train,0.26943114399909973,0.0031746032182127237,0.012300058268010616,0.06880326569080353,0.22609251737594604,0.1509346067905426,-0.4582209289073944,0.4824393093585968,False
train,0.26984789967536926,0.0031746032182127237,0.012346235103905201,0.06893251836299896,0.22698310017585754,0.1516733467578888,-0.4585442841053009,0.4829779267311096,False
train,0.2702646255493164,0.0055555556900799274,0.012392684817314148,0.06906240433454514,0.22785697877407074,0.15243466198444366,-0.45886820554733276,0.4835249185562134,False
test,0.27068138122558594,0.0071428571827709675,0.012439473532140255,0.06919297575950623,0.22871443629264832,0.15321873128414154,-0.4591924548149109,0.4840802550315857,False
train,0.27109813690185547,0.0023809524718672037,0.012486525811254978,0.06932410597801208,0.22955504059791565,0.15402522683143616,-0.45951658487319946,0.48464342951774597,False
train,0.271514892578125,0.0007936508045531809,0.012533891946077347,0.06945590674877167,0.23037885129451752,0.15485471487045288,-0.45984113216400146,0.4852152466773987,False
train,0.27193164825439453,0.0007936508045531809,0.012581580318510532,0.06958834826946259,0.23118562996387482,0.15570741891860962,-0.4601655602455139,0.48579537868499756,False
train,0.27234840393066406,0.0,0.0126295555382967,0.06972131133079529,0.23197565972805023,0.15658186376094818,-0.4604894518852234,0.48638299107551575,False
test,0.2727651596069336,0.0015873016091063619,0.012677863240242004,0.0698549747467041,0.23274876177310944,0.15747977793216705,-0.4608137309551239,0.4869796633720398,False
train,0.2731819152832031,0.0,0.012726451270282269,0.06998937577009201,0.23350438475608826,0.15840163826942444,-0.4611392319202423,0.4875863790512085,False
train,0.27359867095947266,0.0,0.012775356881320477,0.0701243206858635,0.23424337804317474,0.15934590995311737,-0.4614638090133667,0.48820072412490845,False
train,0.2740154266357422,0.0,0.012824582867324352,0.07025989890098572,0.234964981675148,0.1603134572505951,-0.4617883563041687,0.4888239800930023,False
train,0.2744321823120117,0.0,0.012874113395810127,0.07039620727300644,0.23566986620426178,0.1613043248653412,-0.4621138572692871,0.4894571304321289,False
test,0.27484893798828125,0.0,0.012923994101583958,0.07053311169147491,0.23635736107826233,0.1623183637857437,-0.4624383747577667,0.4900984466075897,False
train,0.2752656936645508,0.0,0.012974145822227001,0.07067075371742249,0.2370283454656601,0.16335541009902954,-0.46276429295539856,0.4907502233982086,False
train,0.2756824195384979,0.0,0.013024664483964443,0.07080893963575363,0.23768195509910583,0.16441553831100464,-0.4630886912345886,0.4914098083972931,False
train,0.27609917521476746,0.0,0.013075463473796844,0.07094784080982208,0.2383188158273697,0.16549885272979736,-0.4634140431880951,0.4920797049999237,False
train,0.276515930891037,0.0007936508045531809,0.013126622885465622,0.07108736038208008,0.2389393001794815,0.166604682803154,-0.4637385904788971,0.4927581548690796,False
test,0.2769326865673065,0.0,0.013178098946809769,0.0712275505065918,0.2395426332950592,0.16773386299610138,-0.46406325697898865,0.493446409702301,False
train,0.27734944224357605,0.0007936508045531809,0.013229912146925926,0.07136853784322739,0.2401297688484192,0.1688862144947052,-0.4643888473510742,0.4941452741622925,False
train,0.2777661979198456,0.0,0.013282068073749542,0.07151007652282715,0.24070033431053162,0.170060932636261,-0.4647132158279419,0.49485260248184204,False
train,0.2781829535961151,0.0,0.013334553688764572,0.07165224850177765,0.24125491082668304,0.17125770449638367,-0.4650372862815857,0.49556922912597656,False
train,0.27859970927238464,0.0,0.01338735967874527,0.07179522514343262,0.24179285764694214,0.17247813940048218,-0.4653623402118683,0.49629709124565125,False
test,0.2790164649486542,0.0,0.013440526090562344,0.07193873077630997,0.24231533706188202,0.17371982336044312,-0.4656858742237091,0.49703311920166016,False
train,0.2794332206249237,0.0,0.013494024984538555,0.07208295166492462,0.24282199144363403,0.1749836951494217,-0.46600961685180664,0.49777933955192566,False
train,0.27984997630119324,0.0,0.01354785542935133,0.07222787290811539,0.2433127611875534,0.1762702763080597,-0.4663333296775818,0.4985358417034149,False
train,0.28026673197746277,0.0,0.0136020602658391,0.07237348705530167,0.24378840625286102,0.1775786280632019,-0.46665656566619873,0.4993020296096802,False
train,0.2806834876537323,0.0,0.013656617142260075,0.07251977920532227,0.24424856901168823,0.17890878021717072,-0.46697941422462463,0.5000781416893005,False
test,0.28110024333000183,0.0,0.013711495324969292,0.07266687601804733,0.24469420313835144,0.18026047945022583,-0.46730339527130127,0.5008655190467834,False
train,0.281516969203949,0.0,0.013766742311418056,0.07281447947025299,0.24512477219104767,0.18163305521011353,-0.46762514114379883,0.5016610622406006,False
train,0.2819337248802185,0.0,0.013822347857058048,0.07296278327703476,0.24554090201854706,0.18302670121192932,-0.4679466485977173,0.5024667382240295,False
train,0.28235048055648804,0.0,0.013878300786018372,0.07311180233955383,0.24594321846961975,0.18444082140922546,-0.46826794743537903,0.5032824873924255,False
train,0.28276723623275757,0.0,0.01393461786210537,0.073261559009552,0.24633127450942993,0.18587620556354523,-0.4685892164707184,0.5041089057922363,False
test,0.2831839919090271,0.0,0.01399132702499628,0.07341200113296509,0.24670611321926117,0.18733148276805878,-0.4689095914363861,0.5049448609352112,False
train,0.28360074758529663,0.0,0.014048350974917412,0.07356314361095428,0.2470673769712448,0.18880707025527954,-0.469230055809021,0.505791425704956,False
train,0.28401750326156616,0.0,0.014105787500739098,0.0737149715423584,0.2474159300327301,0.19030210375785828,-0.46954911947250366,0.5066471099853516,False
train,0.2844342589378357,0.0,0.014163557440042496,0.0738675594329834,0.24775144457817078,0.19181716442108154,-0.4698686897754669,0.5075139403343201,False
train,0.2848510146141052,0.0,0.014221737161278725,0.07402081042528152,0.24807508289813995,0.19335110485553741,-0.47018688917160034,0.5083900094032288,False
test,0.28526777029037476,0.0,0.014280282892286777,0.07417476177215576,0.24838665127754211,0.19490361213684082,-0.47050440311431885,0.5092757344245911,False
train,0.2856845259666443,0.0,0.014339189976453781,0.07432955503463745,0.2486863136291504,0.1964758336544037,-0.47082242369651794,0.5101730227470398,False
train,0.2861012816429138,0.0,0.014398501254618168,0.07448490709066391,0.24897503852844238,0.19806510210037231,-0.4711382985115051,0.5110783576965332,False
train,0.28651803731918335,0.0,0.01445818692445755,0.07464103400707245,0.24925261735916138,0.19967293739318848,-0.47145402431488037,0.5119943022727966,False
train,0.2869347631931305,0.0,0.014518256299197674,0.07479790598154068,0.2495197057723999,0.2012982964515686,-0.4717692732810974,0.5129203200340271,False
test,0.2873515188694,0.0,0.014578696340322495,0.07495546340942383,0.2497769594192505,0.20294061303138733,-0.4720834493637085,0.5138556957244873,False
train,0.28776827454566956,0.0,0.014639552682638168,0.07511378824710846,0.25002405047416687,0.2046004831790924,-0.4723969101905823,0.5148011445999146,False
train,0.2881850302219391,0.0,0.014700793661177158,0.0752728134393692,0.25026220083236694,0.2062762826681137,-0.47270938754081726,0.515755832195282,False
train,0.2886017858982086,0.0,0.014762457460165024,0.07543264329433441,0.25049129128456116,0.2079690396785736,-0.4730212986469269,0.5167206525802612,False
train,0.28901854157447815,0.0,0.014824474230408669,0.07559305429458618,0.25071200728416443,0.20967638492584229,-0.4733315110206604,0.517693817615509,False
test,0.2894352972507477,0.0,0.014886913821101189,0.07575436681509018,0.2509244680404663,0.2114003449678421,-0.47364187240600586,0.5186778903007507,False
train,0.2898520529270172,0.0,0.01494977530092001,0.0759163647890091,0.2511295974254608,0.21313902735710144,-0.47395047545433044,0.5196703672409058,False
train,0.29026880860328674,0.0,0.015013029798865318,0.07607906311750412,0.2513272762298584,0.2148921638727188,-0.4742579460144043,0.5206719040870667,False
train,0.2906855642795563,0.0,0.015076706185936928,0.0762426033616066,0.25151848793029785,0.21665987372398376,-0.47456496953964233,0.5216832160949707,False
train,0.2911023199558258,0.0,0.01514078676700592,0.07640675455331802,0.251703143119812,0.21844105422496796,-0.4748697280883789,0.5227023363113403,False
test,0.29151907563209534,0.0,0.015205259434878826,0.07657179236412048,0.25188231468200684,0.22023603320121765,-0.47517478466033936,0.5237318277359009,False
train,0.29193583130836487,0.0,0.015270193107426167,0.07673760503530502,0.25205615162849426,0.2220444530248642,-0.4754783511161804,0.5247698426246643,False
train,0.2923525869846344,0.0,0.01533553283661604,0.07690397650003433,0.25222477316856384,0.22386421263217926,-0.47577911615371704,0.5258145332336426,False
train,0.29276931285858154,0.0,0.015401295386254787,0.07707121223211288,0.25238898396492004,0.22569715976715088,-0.47607946395874023,0.5268689393997192,False
train,0.2931860685348511,0.0,0.015467491000890732,0.07723936438560486,0.25254958868026733,0.22754248976707458,-0.47637975215911865,0.5279330015182495,False
test,0.2936028242111206,0.0,0.015534109435975552,0.07740803807973862,0.2527064383029938,0.22939804196357727,-0.4766766130924225,0.5290029048919678,False
train,0.29401957988739014,0.0,0.015601188875734806,0.0775776207447052,0.2528607249259949,0.2312648892402649,-0.4769729971885681,0.5300818085670471,False
train,0.29443633556365967,0.0,0.015668675303459167,0.07774799317121506,0.25301221013069153,0.23314285278320312,-0.4772683084011078,0.5311691164970398,False
train,0.2948530912399292,0.0,0.015736613422632217,0.077919140458107,0.25316205620765686,0.23503077030181885,-0.47756195068359375,0.5322639346122742,False
train,0.29526984691619873,0.0,0.01580500230193138,0.07809100300073624,0.2533101737499237,0.2369280904531479,-0.4778534471988678,0.5333656072616577,False
test,0.29568660259246826,0.0,0.01587381400167942,0.07826367765665054,0.25345751643180847,0.23883458971977234,-0.4781438112258911,0.5344749093055725,False
train,0.2961033582687378,0.0,0.015943095088005066,0.07843706756830215,0.2536042332649231,0.24074974656105042,-0.4784316420555115,0.5355905890464783,False
train,0.2965201139450073,0.0,0.016012834385037422,0.07861132174730301,0.2537511885166168,0.2426735907793045,-0.4787184000015259,0.5367138385772705,False
train,0.29693686962127686,0.0,0.016083000227808952,0.07878637313842773,0.2538984417915344,0.24460555613040924,-0.4790038466453552,0.5378443598747253,False
train,0.2973536252975464,0.0,0.016153668984770775,0.07896222174167633,0.2540470361709595,0.24654503166675568,-0.4792868494987488,0.5389808416366577,False
test,0.2977703809738159,0.0,0.016224782913923264,0.07913888990879059,0.25419729948043823,0.24849146604537964,-0.47956836223602295,0.5401238799095154,False
train,0.29818713665008545,0.0,0.016296371817588806,0.07931632548570633,0.2543492019176483,0.25044479966163635,-0.47984760999679565,0.5412728786468506,False
train,0.2986038625240326,0.0,0.016368389129638672,0.07949451357126236,0.2545037269592285,0.25240379571914673,-0.48012495040893555,0.5424275398254395,False
train,0.2990206182003021,0.0015873016091063619,0.01644092984497547,0.07967369258403778,0.2546616494655609,0.25436970591545105,-0.48040103912353516,0.5435891151428223,False
train,0.29943737387657166,0.0031746032182127237,0.016513923183083534,0.07985347509384155,0.2548229694366455,0.25633999705314636,-0.4806736409664154,0.5447543859481812,False
test,0.2998541295528412,0.0015873016091063619,0.0165873970836401,0.08003418892621994,0.2549887001514435,0.25831547379493713,-0.48094508051872253,0.5459258556365967,False
train,0.3002708852291107,0.0071428571827709675,0.01666134223341942,0.0802157074213028,0.25515884160995483,0.2602955996990204,-0.48121434450149536,0.5471023917198181,False
train,0.30068764090538025,0.0,0.016735820099711418,0.08039789646863937,0.25533443689346313,0.26227861642837524,-0.4814794659614563,0.5482814311981201,False
train,0.3011043965816498,0.0,0.016810758039355278,0.08058112859725952,0.255515456199646,0.26426684856414795,-0.4817444980144501,0.5494676828384399,False
train,0.3015211522579193,0.0,0.016886185854673386,0.08076516538858414,0.25570303201675415,0.2662578821182251,-0.48200690746307373,0.5506576895713806,False
test,0.30193790793418884,0.0,0.016962118446826935,0.08094993978738785,0.2558969259262085,0.26825129985809326,-0.48226606845855713,0.5518507957458496,False
train,0.3023546636104584,0.0,0.017038557678461075,0.08113567531108856,0.2560984492301941,0.27024754881858826,-0.4825236201286316,0.5530486106872559,False
train,0.3027714192867279,0.0,0.017115484923124313,0.08132217824459076,0.2563074231147766,0.2722455859184265,-0.4827781915664673,0.5542494654655457,False
train,0.30318817496299744,0.0,0.01719292812049389,0.08150938153266907,0.2565249502658844,0.27424392104148865,-0.48302891850471497,0.5554517507553101,False
train,0.30360493063926697,0.0,0.01727088913321495,0.08169759064912796,0.2567509710788727,0.27624472975730896,-0.48327815532684326,0.5566587448120117,False
test,0.3040216565132141,0.0,0.0173493642359972,0.0818866565823555,0.2569868266582489,0.2782455086708069,-0.48352470993995667,0.5578680038452148,False
train,0.30443841218948364,0.0,0.017428359016776085,0.08207662403583527,0.2572319507598877,0.28024759888648987,-0.4837687909603119,0.5590804815292358,False
train,0.3048551678657532,0.0,0.01750789023935795,0.08226733654737473,0.2574877142906189,0.28224843740463257,-0.48400869965553284,0.5602933168411255,False
train,0.3052719235420227,0.0,0.017587939277291298,0.08245889842510223,0.2577540874481201,0.28424888849258423,-0.4842457175254822,0.5615081191062927,False
train,0.30568867921829224,0.0,0.01766849495470524,0.08265136182308197,0.2580321133136749,0.2862480580806732,-0.4844803512096405,0.562724769115448,False
test,0.30610543489456177,0.0,0.01774967648088932,0.0828447937965393,0.25832173228263855,0.2882470488548279,-0.48471152782440186,0.5639429688453674,False
train,0.3065221905708313,0.0,0.017831293866038322,0.08303903788328171,0.2586238980293274,0.29024359583854675,-0.4849402904510498,0.5651623010635376,False
train,0.30693894624710083,0.0,0.017913486808538437,0.08323409408330917,0.25893881916999817,0.29223763942718506,-0.4851647913455963,0.5663812756538391,False
train,0.30735570192337036,0.0,0.017996275797486305,0.08343016356229782,0.25926730036735535,0.29422980546951294,-0.485386461019516,0.5676012635231018,False
train,0.3077724575996399,0.0,0.01807955652475357,0.08362701535224915,0.2596093714237213,0.29621851444244385,-0.48560455441474915,0.5688208937644958,False
test,0.3081892132759094,0.0,0.018163423985242844,0.08382466435432434,0.25996625423431396,0.2982030212879181,-0.48581796884536743,0.5700387358665466,False
train,0.30860596895217896,0.0,0.01824784465134144,0.08402340114116669,0.2603377401828766,0.30018508434295654,-0.48602956533432007,0.5712581276893616,False
train,0.3090227246284485,0.0,0.018332846462726593,0.08422300219535828,0.26072466373443604,0.30216288566589355,-0.48623690009117126,0.5724759697914124,False
train,0.309439480304718,0.0,0.01841840334236622,0.08442343771457672,0.2611272931098938,0.30413612723350525,-0.4864400625228882,0.5736922025680542,False
train,0.30985620617866516,0.0,0.018504541367292404,0.084624744951725,0.2615465223789215,0.3061037063598633,-0.4866390824317932,0.5749061703681946,False
test,0.3102729618549347,0.0,0.018591253086924553,0.08482714742422104,0.26198244094848633,0.3080676198005676,-0.48683565855026245,0.5761203169822693,False
train,0.3106897175312042,0.0,0.018678534775972366,0.08503031730651855,0.2624361217021942,0.3100247085094452,-0.48702719807624817,0.5773307681083679,False
train,0.31110647320747375,0.0,0.018766433000564575,0.08523448556661606,0.2629072964191437,0.31197625398635864,-0.4872150421142578,0.578539252281189,False
train,0.3115232288837433,0.0,0.01885492168366909,0.08543960005044937,0.2633969783782959,0.31392157077789307,-0.487398624420166,0.5797449350357056,False
train,0.3119399845600128,0.0,0.01894400268793106,0.08564562350511551,0.26390543580055237,0.3158605098724365,-0.4875779151916504,0.5809475779533386,False
test,0.31235674023628235,0.0,0.019033676013350487,0.0858524814248085,0.26443326473236084,0.3177913427352905,-0.48775216937065125,0.582145631313324,False
train,0.3127734959125519,0.0,0.01912395842373371,0.08606025576591492,0.2649807333946228,0.31971487402915955,-0.4879215359687805,0.583339512348175,False
train,0.3131902515888214,0.0,0.019214868545532227,0.08626916259527206,0.2655487358570099,0.32163164019584656,-0.4880879521369934,0.5845312476158142,False
train,0.31360700726509094,0.0,0.01930638961493969,0.08647894859313965,0.2661373019218445,0.3235401511192322,-0.48824891448020935,0.5857176780700684,False
train,0.3140237629413605,0.0,0.019398536533117294,0.08668975532054901,0.2667473554611206,0.3254402279853821,-0.4884057939052582,0.5868999361991882,False
test,0.31444051861763,0.0,0.019491298124194145,0.08690142631530762,0.2673787474632263,0.32733145356178284,-0.48855698108673096,0.5880763530731201,False
train,0.31485727429389954,0.0,0.019584696739912033,0.08711408078670502,0.26803264021873474,0.32921358942985535,-0.48870334029197693,0.589247465133667,False
train,0.31527402997016907,0.0,0.019678721204400063,0.08732765913009644,0.2687089741230011,0.33108603954315186,-0.48884451389312744,0.5904124975204468,False
train,0.3156907558441162,0.0,0.01977340131998062,0.08754228055477142,0.2694089114665985,0.33294862508773804,-0.48898082971572876,0.5915716886520386,False
train,0.31610751152038574,0.0,0.01986871287226677,0.08775779604911804,0.27013158798217773,0.33480149507522583,-0.48911136388778687,0.5927242040634155,False
test,0.3165242671966553,0.0,0.01996469870209694,0.0879744291305542,0.27087894082069397,0.3366442322731018,-0.4892372488975525,0.5938706994056702,False
train,0.3169410228729248,0.0,0.0200613122433424,0.08819190412759781,0.2716505825519562,0.3384757339954376,-0.48935675621032715,0.5950091481208801,False
train,0.31735777854919434,0.0,0.020158641040325165,0.08841055631637573,0.27244752645492554,0.3402973413467407,-0.48947152495384216,0.5961414575576782,False
train,0.31777453422546387,0.0,0.020256590098142624,0.08863012492656708,0.2732695937156677,0.34210705757141113,-0.4895804524421692,0.5972656607627869,False
train,0.3181912899017334,0.0,0.020355224609375,0.08885064721107483,0.2741177976131439,0.3439044654369354,-0.4896830916404724,0.598380982875824,False
test,0.31860804557800293,0.0,0.020454557612538338,0.08907222747802734,0.27499210834503174,0.3456910252571106,-0.48977968096733093,0.5994884371757507,False
train,0.31902480125427246,0.0,0.020554572343826294,0.08929483592510223,0.27589356899261475,0.34746482968330383,-0.48987048864364624,0.6005871295928955,False
train,0.319441556930542,0.0,0.020655250176787376,0.0895184725522995,0.27682194113731384,0.34922677278518677,-0.4899553656578064,0.6016772985458374,False
train,0.3198583126068115,0.0,0.020756667479872704,0.08974309265613556,0.277778297662735,0.3509751856327057,-0.4900330603122711,0.6027569770812988,False
train,0.32027506828308105,0.0,0.0208587646484375,0.089968740940094,0.278762549161911,0.3527108430862427,-0.490104615688324,0.6038273572921753,False
test,0.3206918239593506,0.0,0.02096155658364296,0.09019555151462555,0.27977585792541504,0.35443365573883057,-0.4901706576347351,0.6048888564109802,False
train,0.32110854983329773,0.0,0.021065086126327515,0.09042331576347351,0.28081783652305603,0.3561425507068634,-0.4902290105819702,0.6059389114379883,False
train,0.32152530550956726,0.0,0.02116934023797512,0.09065225720405579,0.2818894386291504,0.35783860087394714,-0.4902814030647278,0.6069796681404114,False
train,0.3219420611858368,0.0,0.021274302154779434,0.09088205546140671,0.28299087285995483,0.3595188558101654,-0.490325391292572,0.6080071926116943,False
train,0.3223588168621063,0.0,0.021380027756094933,0.09111307561397552,0.2841227352619171,0.36118611693382263,-0.4903632700443268,0.6090250611305237,False
test,0.32277557253837585,0.0,0.021486470475792885,0.09134510904550552,0.2852853834629059,0.36283817887306213,-0.49039360880851746,0.6100306510925293,False
train,0.3231923282146454,0.0,0.021593671292066574,0.09157826006412506,0.2864792048931122,0.36447572708129883,-0.49041685461997986,0.6110247373580933,False
train,0.3236090838909149,0.0,0.021701617166399956,0.09181245416402817,0.2877044677734375,0.3660982847213745,-0.4904322028160095,0.6120063066482544,False
train,0.32402583956718445,0.0,0.021810317412018776,0.09204784780740738,0.28896212577819824,0.3677055537700653,-0.4904409646987915,0.61297607421875,False
train,0.324442595243454,0.0,0.021919788792729378,0.09228415787220001,0.29025205969810486,0.36929669976234436,-0.4904402196407318,0.6139312982559204,False
test,0.3248593509197235,0.0,0.02203003130853176,0.09252163767814636,0.29157504439353943,0.3708721995353699,-0.49043208360671997,0.6148738265037537,False
train,0.32527610659599304,0.0,0.022141046822071075,0.092760369181633,0.2929309904575348,0.37243303656578064,-0.4904171824455261,0.6158046722412109,False
train,0.3256928622722626,0.0,0.02225285954773426,0.09300011396408081,0.2943209111690521,0.3739766776561737,-0.49039289355278015,0.6167201399803162,False
train,0.3261096179485321,0.0,0.022365465760231018,0.0932408794760704,0.2957448959350586,0.3755031228065491,-0.49035945534706116,0.6176204085350037,False
train,0.32652637362480164,0.0,0.022478869184851646,0.09348306804895401,0.29720339179039,0.37701505422592163,-0.49031978845596313,0.6185093522071838,False
test,0.3269430994987488,0.0,0.022593079134821892,0.09372610598802567,0.2986965775489807,0.3785082995891571,-0.4902689456939697,0.6193804740905762,False
train,0.3273598551750183,0.0,0.022708116099238396,0.09397030621767044,0.30022522807121277,0.37998491525650024,-0.49020916223526,0.6202366948127747,False
train,0.32777661085128784,0.0,0.022823957726359367,0.0942157581448555,0.301789253950119,0.38144493103027344,-0.49014145135879517,0.6210787892341614,False
train,0.3281933665275574,0.0,0.02294062077999115,0.09446240961551666,0.3033897876739502,0.38288775086402893,-0.4900648891925812,0.6219056248664856,False
train,0.3286101222038269,0.0,0.023058151826262474,0.09471023827791214,0.30502626299858093,0.38431310653686523,-0.4899785816669464,0.6227163076400757,False
test,0.32902687788009644,0.0,0.023176494985818863,0.09495918452739716,0.3066997826099396,0.3857206106185913,-0.4898826479911804,0.6235105395317078,False
train,0.32944363355636597,0.0,0.023295704275369644,0.09520932286977768,0.30841007828712463,0.3871106207370758,-0.4897768795490265,0.6242884397506714,False
train,0.3298603892326355,0.0,0.023415766656398773,0.09546059370040894,0.31015828251838684,0.38848185539245605,-0.4896606504917145,0.6250485777854919,False
train,0.33027714490890503,0.0,0.02353672869503498,0.09571319073438644,0.3119439482688904,0.38983622193336487,-0.48953497409820557,0.625792920589447,False
train,0.33069390058517456,0.0,0.023658519610762596,0.09596692025661469,0.3137678802013397,0.39117223024368286,-0.4893990755081177,0.6265198588371277,False
test,0.3311106562614441,0.0,0.023781226947903633,0.09622182697057724,0.3156301975250244,0.3924889862537384,-0.4892519414424896,0.6272280812263489,False
train,0.3315274119377136,0.0,0.023904822766780853,0.09647803753614426,0.3175315260887146,0.3937886357307434,-0.4890947937965393,0.6279197335243225,False
train,0.33194416761398315,0.0,0.02402930147945881,0.0967354103922844,0.3194715678691864,0.39506930112838745,-0.48892641067504883,0.6285927295684814,False
train,0.3323609232902527,0.0,0.024154720827937126,0.0969940647482872,0.3214509189128876,0.3963319659233093,-0.4887470006942749,0.6292476654052734,False
train,0.33277764916419983,0.0,0.024281013756990433,0.09725391864776611,0.32347020506858826,0.39757513999938965,-0.48855647444725037,0.6298836469650269,False
test,0.33319440484046936,0.0,0.024408243596553802,0.09751506894826889,0.3255294859409332,0.3988001346588135,-0.4883546829223633,0.6305012702941895,False
train,0.3336111605167389,0.0,0.024536436423659325,0.09777755290269852,0.3276289999485016,0.4000072181224823,-0.4881412386894226,0.6311003565788269,False
train,0.3340279161930084,0.0007936508045531809,0.02466554567217827,0.09804131090641022,0.3297690451145172,0.40119537711143494,-0.4879165291786194,0.6316804885864258,False
train,0.33444467186927795,0.0,0.024795634672045708,0.09830617159605026,0.3319496214389801,0.4023641049861908,-0.48767757415771484,0.6322391033172607,False
train,0.3348614275455475,0.0,0.02492664009332657,0.09857252985239029,0.33417168259620667,0.4035145938396454,-0.4874289035797119,0.6327803134918213,False
test,0.335278183221817,0.0,0.025058625265955925,0.09884008020162582,0.33643442392349243,0.40464648604393005,-0.48716649413108826,0.6333008408546448,False
train,0.33569493889808655,0.0,0.02519161067903042,0.09910895675420761,0.33873867988586426,0.4057597815990448,-0.48689135909080505,0.6338014006614685,False
train,0.3361116945743561,0.0,0.02532561868429184,0.09937909990549088,0.3410845398902893,0.40685397386550903,-0.48660212755203247,0.6342805624008179,False
train,0.3365284502506256,0.0,0.02546054683625698,0.09965058416128159,0.3434724509716034,0.4079297184944153,-0.4863010346889496,0.63474041223526,False
train,0.33694520592689514,0.0,0.025596551597118378,0.09992347657680511,0.34590208530426025,0.4089873731136322,-0.48598605394363403,0.6351795792579651,False
test,0.3373619616031647,0.0,0.025733528658747673,0.10019753128290176,0.3483739495277405,0.41002559661865234,-0.48565661907196045,0.6355968713760376,False
train,0.3377787172794342,0.0,0.025871554389595985,0.10047321021556854,0.35088762640953064,0.41104769706726074,-0.4853152632713318,0.6359961628913879,False
train,0.33819544315338135,0.0,0.02601058967411518,0.10075005143880844,0.35344406962394714,0.41204938292503357,-0.4849584102630615,0.6363720297813416,False
train,0.3386121988296509,0.0,0.02615070715546608,0.10102839022874832,0.3560430407524109,0.4130348265171051,-0.4845873713493347,0.6367281079292297,False
train,0.3390289545059204,0.0,0.026291878893971443,0.10130810737609863,0.3586844205856323,0.4140019416809082,-0.48420196771621704,0.6370629072189331,False
test,0.33944571018218994,0.0,0.026434101164340973,0.10158909112215042,0.3613683879375458,0.4149506688117981,-0.4838006794452667,0.6373752355575562,False
train,0.3398624658584595,0.0,0.026577407494187355,0.10187158733606339,0.3640950322151184,0.41588300466537476,-0.48338520526885986,0.6376675367355347,False
train,0.340279221534729,0.0,0.026721803471446037,0.102155402302742,0.3668643534183502,0.4167972803115845,-0.48295342922210693,0.6379373073577881,False
train,0.34069597721099854,0.0,0.026867305859923363,0.1024407371878624,0.3696764409542084,0.4176953136920929,-0.48250654339790344,0.6381864547729492,False
train,0.34111273288726807,0.0,0.027013927698135376,0.10272743552923203,0.3725309371948242,0.41857680678367615,-0.4820428192615509,0.6384135484695435,False
test,0.3415294885635376,0.0,0.02716163732111454,0.10301554948091507,0.37542852759361267,0.41944071650505066,-0.48156338930130005,0.6386186480522156,False
train,0.34194624423980713,0.0,0.027310531586408615,0.10330521315336227,0.3783683776855469,0.42028993368148804,-0.4810672104358673,0.6388030052185059,False
train,0.34236299991607666,0.0,0.02746053971350193,0.1035962626338005,0.38135072588920593,0.4211229681968689,-0.4805539548397064,0.6389653086662292,False
train,0.3427797555923462,0.0,0.027611711993813515,0.10388879477977753,0.38437551259994507,0.42194050550460815,-0.4800236225128174,0.6391059756278992,False
train,0.3431965112686157,0.0,0.027764035388827324,0.10418299585580826,0.3874424993991852,0.4227445721626282,-0.47947758436203003,0.6392274498939514,False
test,0.34361326694488525,0.0,0.027917571365833282,0.10447847843170166,0.3905518651008606,0.42353254556655884,-0.4789113402366638,0.6393245458602905,False
train,0.3440299928188324,0.0,0.028072286397218704,0.10477549582719803,0.39370277523994446,0.4243064820766449,-0.4783276319503784,0.6394007802009583,False
train,0.34444674849510193,0.0,0.02822820469737053,0.10507414489984512,0.39689552783966064,0.4250679314136505,-0.4777263402938843,0.6394569873809814,False
train,0.34486350417137146,0.0,0.028385350480675697,0.10537413507699966,0.40012988448143005,0.4258147180080414,-0.4771046042442322,0.6394896507263184,False
train,0.345280259847641,0.0,0.02854367531836033,0.10567564517259598,0.4034053087234497,0.4265490472316742,-0.4764644503593445,0.6395017504692078,False
test,0.3456970155239105,0.0,0.028703300282359123,0.10597886890172958,0.40672197937965393,0.4272722899913788,-0.47580546140670776,0.6394938826560974,False
train,0.34611377120018005,0.0,0.028864139690995216,0.10628364980220795,0.41007888317108154,0.4279842972755432,-0.47512710094451904,0.6394656300544739,False
train,0.3465305268764496,0.0,0.029026268050074577,0.10658999532461166,0.41347622871398926,0.4286857545375824,-0.47442829608917236,0.6394166946411133,False
train,0.3469472825527191,0.0,0.029189685359597206,0.10689792037010193,0.4169134199619293,0.42937663197517395,-0.4737091064453125,0.6393470168113708,False
train,0.34736403822898865,0.0,0.029354402795433998,0.10720739513635635,0.4203903377056122,0.4300576448440552,-0.4729683995246887,0.6392563581466675,False
test,0.3477807939052582,0.0,0.029520411044359207,0.10751855373382568,0.42390596866607666,0.430730938911438,-0.4722076952457428,0.6391472816467285,False
train,0.3481975495815277,0.0,0.029687752947211266,0.10783123970031738,0.427460253238678,0.43139538168907166,-0.4714242219924927,0.6390170454978943,False
train,0.34861430525779724,0.0,0.029856419190764427,0.10814564675092697,0.43105247616767883,0.4320531487464905,-0.4706200659275055,0.6388686895370483,False
train,0.3490310609340668,0.0,0.030026456341147423,0.1084616631269455,0.43468278646469116,0.4327041804790497,-0.46979284286499023,0.6387004256248474,False
train,0.3494477868080139,0.0,0.030197832733392715,0.1087794378399849,0.43834927678108215,0.43335092067718506,-0.46894437074661255,0.6385153532028198,False
test,0.34986454248428345,0.0,0.030370568856596947,0.10909861326217651,0.4420526623725891,0.43399062752723694,-0.46807071566581726,0.6383087635040283,False
train,0.350281298160553,0.0,0.030544759705662727,0.10941970348358154,0.44579142332077026,0.43462830781936646,-0.4671744704246521,0.6380860209465027,False
train,0.3506980538368225,0.0,0.030720295384526253,0.10974236577749252,0.4495655596256256,0.43526214361190796,-0.4662545919418335,0.6378451585769653,False
train,0.35111480951309204,0.0,0.03089727647602558,0.11006686836481094,0.4533739387989044,0.435895174741745,-0.4653112590312958,0.6375885605812073,False
train,0.3515315651893616,0.0,0.03107576258480549,0.1103929951786995,0.4572160840034485,0.43652650713920593,-0.46434107422828674,0.6373131275177002,False
test,0.3519483208656311,0.0,0.031255606561899185,0.11072093993425369,0.46109092235565186,0.4371589720249176,-0.46334826946258545,0.6370240449905396,False
train,0.35236507654190063,0.0,0.031436942517757416,0.11105046421289444,0.46499794721603394,0.4377909302711487,-0.4623279571533203,0.6367166042327881,False
train,0.35278183221817017,0.0007936508045531809,0.031619809567928314,0.11138200014829636,0.46893608570098877,0.4384274184703827,-0.46128323674201965,0.6363967657089233,False
train,0.3531985878944397,0.0031746032182127237,0.0318041555583477,0.11171510070562363,0.4729044437408447,0.43906620144844055,-0.46021053194999695,0.6360604166984558,False
train,0.35361534357070923,0.0007936508045531809,0.03198999911546707,0.11205005645751953,0.4769022762775421,0.43971025943756104,-0.459111750125885,0.6357111930847168,False
test,0.35403209924697876,0.0007936508045531809,0.032177429646253586,0.11238688975572586,0.48092854022979736,0.4403606057167053,-0.45798546075820923,0.6353488564491272,False
train,0.3544488549232483,0.004761904943734407,0.032366372644901276,0.11272537708282471,0.484982430934906,0.44101691246032715,-0.4568304419517517,0.6349723935127258,False
train,0.3548656105995178,0.0,0.03255688026547432,0.11306589096784592,0.4890626072883606,0.44168299436569214,-0.45564913749694824,0.63458651304245,False
train,0.35528233647346497,0.0,0.0327489860355854,0.11340804398059845,0.4931678771972656,0.44235759973526,-0.4544370770454407,0.6341871023178101,False
train,0.3556990921497345,0.0007936508045531809,0.03294270485639572,0.1137521043419838,0.4972977042198181,0.44304370880126953,-0.45319581031799316,0.6337776780128479,False
test,0.35611584782600403,0.0,0.03313806653022766,0.11409816145896912,0.501450777053833,0.44374343752861023,-0.45192545652389526,0.633359968662262,False
train,0.35653260350227356,0.007936508394777775,0.03333503380417824,0.11444611102342606,0.5056260228157043,0.44445687532424927,-0.4506251811981201,0.6329336166381836,False
train,0.3569493591785431,0.0,0.03353366628289223,0.11479587107896805,0.509821891784668,0.44518548250198364,-0.4492931365966797,0.632498562335968,False
train,0.3573661148548126,0.0007936508045531809,0.03373398259282112,0.11514744907617569,0.5140373706817627,0.44592952728271484,-0.4479290246963501,0.6320550441741943,False
train,0.35778287053108215,0.0015873016091063619,0.03393598645925522,0.11550106853246689,0.5182713270187378,0.44669309258461,-0.4465336799621582,0.6316066980361938,False
test,0.3581996262073517,0.0,0.0341397188603878,0.1158565804362297,0.5225221514701843,0.4474759101867676,-0.4451054036617279,0.6311525106430054,False
train,0.3586163818836212,0.0,0.03434520214796066,0.1162140890955925,0.5267887115478516,0.44828107953071594,-0.4436437487602234,0.6306946277618408,False
train,0.35903313755989075,0.0,0.03455241397023201,0.11657378077507019,0.5310698747634888,0.4491104185581207,-0.4421505033969879,0.6302358508110046,False
train,0.3594498932361603,0.0,0.034761421382427216,0.11693510413169861,0.5353636145591736,0.44996178150177,-0.44061988592147827,0.6297709941864014,False
train,0.3598666489124298,0.0007936508045531809,0.03497222438454628,0.11729854345321655,0.5396690368652344,0.4508408308029175,-0.4390549659729004,0.6293065547943115,False
test,0.36028340458869934,0.0,0.035184815526008606,0.11766406148672104,0.5439844131469727,0.4517480134963989,-0.4374557137489319,0.6288431882858276,False
train,0.36070016026496887,0.0,0.03539927676320076,0.11803148686885834,0.5483084917068481,0.4526837468147278,-0.4358184337615967,0.6283791065216064,False
train,0.361116886138916,0.0,0.03561555594205856,0.11840102076530457,0.5526392459869385,0.4536515474319458,-0.43414586782455444,0.62791907787323,False
train,0.36153364181518555,0.0,0.03583377227187157,0.1187727302312851,0.5569759011268616,0.4546535611152649,-0.43243539333343506,0.6274633407592773,False
train,0.3619503974914551,0.0,0.036053866147994995,0.11914641410112381,0.5613164305686951,0.45568984746932983,-0.430686354637146,0.6270119547843933,False
test,0.3623671531677246,0.0,0.03627588599920273,0.11952218413352966,0.5656593441963196,0.4567624628543854,-0.42889827489852905,0.6265665888786316,False
train,0.36278390884399414,0.0,0.03649982810020447,0.11990004032850266,0.5700032711029053,0.4578731656074524,-0.42707115411758423,0.6261290311813354,False
train,0.36320066452026367,0.0,0.03672578185796738,0.12028002738952637,0.574346125125885,0.4590243697166443,-0.42520296573638916,0.6257003545761108,False
train,0.3636174201965332,0.0,0.036953698843717575,0.12066225707530975,0.5786862373352051,0.4602189064025879,-0.42329490184783936,0.62528395652771,False
train,0.36403417587280273,0.0,0.037183668464422226,0.12104661762714386,0.5830221772193909,0.4614572525024414,-0.42134445905685425,0.6248791813850403,False
test,0.36445093154907227,0.0,0.03741561248898506,0.12143310904502869,0.5873523354530334,0.4627404510974884,-0.4193521738052368,0.6244877576828003,False
train,0.3648676872253418,0.0,0.03764965385198593,0.12182176858186722,0.5916746258735657,0.464071661233902,-0.4173160195350647,0.6241114735603333,False
train,0.36528444290161133,0.0023809524718672037,0.03788582608103752,0.1222124844789505,0.5959874987602234,0.465451717376709,-0.41523367166519165,0.6237502098083496,False
train,0.36570119857788086,0.0007936508045531809,0.038124073296785355,0.12260568141937256,0.6002894043922424,0.46688470244407654,-0.4131094813346863,0.6234105825424194,False
train,0.3661179542541504,0.0,0.038364477455616,0.12300099432468414,0.6045780181884766,0.4683706760406494,-0.4109382629394531,0.6230901479721069,False
test,0.36653468012809753,0.0,0.03860699385404587,0.12339846789836884,0.6088521480560303,0.4699106812477112,-0.40872085094451904,0.6227911114692688,False
train,0.36695143580436707,0.0,0.03885176405310631,0.12379828095436096,0.6131093502044678,0.47150903940200806,-0.4064550995826721,0.6225162744522095,False
train,0.3673681914806366,0.0,0.03909873217344284,0.1242004856467247,0.6173483729362488,0.4731670022010803,-0.40414273738861084,0.6222687363624573,False
train,0.36778494715690613,0.0007936508045531809,0.039347950369119644,0.12460488080978394,0.6215671300888062,0.47488537430763245,-0.4017799496650696,0.6220476031303406,False
train,0.36820170283317566,0.0023809524718672037,0.0395994707942009,0.1250115931034088,0.625764012336731,0.4766658544540405,-0.399367094039917,0.621855616569519,False
test,0.3686184585094452,0.06507936865091324,0.03985324874520302,0.12542061507701874,0.629936695098877,0.4785115718841553,-0.3969036340713501,0.6216959357261658,False
train,0.3690352141857147,0.40317460894584656,0.040109358727931976,0.12583202123641968,0.6340838074684143,0.48042362928390503,-0.39438849687576294,0.6215698719024658,False
train,0.36945196986198425,0.5563492178916931,0.040367886424064636,0.1262459009885788,0.6382033824920654,0.48240554332733154,-0.39182019233703613,0.6214806437492371,False
train,0.3698687255382538,0.5579364895820618,0.04062872380018234,0.1266619861125946,0.6422933340072632,0.4844561815261841,-0.3891980051994324,0.6214281320571899,False
train,0.3702854812145233,0.46269840002059937,0.04089203476905823,0.12708055973052979,0.646352231502533,0.4865795969963074,-0.3865204453468323,0.621415913105011,False
test,0.37070223689079285,0.5563492178916931,0.04115774482488632,0.12750141322612762,0.6503779292106628,0.4887755513191223,-0.3837868571281433,0.6214450001716614,False
train,0.3711189925670624,0.4436507821083069,0.041425921022892,0.1279248148202896,0.6543682813644409,0.49104923009872437,-0.38099730014801025,0.6215209364891052,False
train,0.3715357482433319,0.08015873283147812,0.041696637868881226,0.12835060060024261,0.6583219766616821,0.4933989644050598,-0.37814873456954956,0.6216421723365784,False
train,0.37195250391960144,0.0674603208899498,0.041969869285821915,0.12877875566482544,0.6622372269630432,0.4958270192146301,-0.375240683555603,0.6218118667602539,False
train,0.3723692297935486,0.12619048357009888,0.04224571958184242,0.1292094886302948,0.6661114692687988,0.4983373284339905,-0.3722723126411438,0.6220343708992004,False
test,0.3727859854698181,0.28015872836112976,0.04252413660287857,0.12964275479316711,0.6699439287185669,0.5009302496910095,-0.3692435026168823,0.6223117113113403,False
train,0.37320274114608765,0.48968252539634705,0.04280520975589752,0.1300784796476364,0.6737316250801086,0.5036075711250305,-0.3661510944366455,0.6226453185081482,False
train,0.3736194968223572,0.49841269850730896,0.043088968843221664,0.13051678240299225,0.6774741411209106,0.5063706040382385,-0.3629951477050781,0.6230382919311523,False
train,0.3740362524986267,0.45079365372657776,0.04337538033723831,0.1309574842453003,0.6811685562133789,0.5092200636863708,-0.3597738742828369,0.6234920024871826,False
train,0.37445300817489624,0.3849206268787384,0.04366457834839821,0.13140082359313965,0.6848137378692627,0.5121586322784424,-0.35648590326309204,0.6240101456642151,False
test,0.37486976385116577,0.0396825410425663,0.04395652562379837,0.13184669613838196,0.6884074807167053,0.5151878595352173,-0.35313063859939575,0.6245957016944885,False
train,0.3752865195274353,0.0023809524718672037,0.04425131157040596,0.13229528069496155,0.6919485330581665,0.5183098912239075,-0.3497070074081421,0.6252520680427551,False
train,0.37570327520370483,0.003968254197388887,0.04454893246293068,0.13274629414081573,0.6954346895217896,0.5215233564376831,-0.34621167182922363,0.6259785294532776,False
train,0.37612003087997437,0.003968254197388887,0.04484939947724342,0.13319998979568481,0.6988645792007446,0.5248321294784546,-0.34264564514160156,0.6267812848091125,False
train,0.3765367865562439,0.0,0.045152805745601654,0.13365641236305237,0.7022365927696228,0.5282374024391174,-0.33900725841522217,0.6276628971099854,False
test,0.3769535422325134,0.0,0.04545920342206955,0.13411521911621094,0.705548882484436,0.5317373275756836,-0.33529138565063477,0.6286214590072632,False
train,0.37737029790878296,0.0,0.04576859250664711,0.13457676768302917,0.7088000774383545,0.5353363752365112,-0.33150017261505127,0.6296645402908325,False
train,0.3777870535850525,0.0,0.04608104005455971,0.13504117727279663,0.7119882702827454,0.5390359163284302,-0.3276328444480896,0.6307955384254456,False
train,0.37820377945899963,0.0,0.04639651998877525,0.13550801575183868,0.7151120901107788,0.5428333878517151,-0.32368481159210205,0.6320126056671143,False
train,0.37862053513526917,0.0,0.04671507701277733,0.13597767055034637,0.7181699275970459,0.5467330813407898,-0.3196578621864319,0.6333231329917908,False
test,0.3790372908115387,0.0,0.047036848962306976,0.13645005226135254,0.721160888671875,0.5507349967956543,-0.31554728746414185,0.6347275972366333,False
train,0.3794540464878082,0.0,0.047361839562654495,0.13692505657672882,0.7240828275680542,0.5548387765884399,-0.311352014541626,0.636228084564209,False
train,0.37987080216407776,0.0,0.04769003391265869,0.13740308582782745,0.7269349694252014,0.5590487718582153,-0.30707329511642456,0.6378319263458252,False
train,0.3802875578403473,0.0,0.04802154377102852,0.1378834843635559,0.7297152876853943,0.5633590817451477,-0.3027036786079407,0.6395334005355835,False
train,0.3807043135166168,0.0,0.04835640639066696,0.13836680352687836,0.7324227690696716,0.5677756071090698,-0.29824578762054443,0.6413421034812927,False
test,0.38112106919288635,0.0,0.048694636672735214,0.13885289430618286,0.7350559830665588,0.5722973346710205,-0.29369646310806274,0.6432587504386902,False
train,0.3815378248691559,0.0,0.04903630167245865,0.13934174180030823,0.73761385679245,0.5769240856170654,-0.28905391693115234,0.6452856659889221,False
train,0.3819545805454254,0.0,0.04938140884041786,0.13983343541622162,0.7400950789451599,0.5816569328308105,-0.2843170166015625,0.647426426410675,False
train,0.38237133622169495,0.0,0.04973005875945091,0.14032797515392303,0.7424988150596619,0.5864958167076111,-0.2794828414916992,0.6496829986572266,False
train,0.3827880918979645,0.0,0.050082288682460785,0.14082522690296173,0.7448236346244812,0.5914396643638611,-0.2745482325553894,0.6520564556121826,False
test,0.383204847574234,0.0,0.05043806880712509,0.1413254588842392,0.7470682263374329,0.5964909791946411,-0.26951515674591064,0.654553234577179,False
train,0.38362157344818115,0.0,0.050797589123249054,0.14182840287685394,0.7492326498031616,0.6016460061073303,-0.26437652111053467,0.6571703553199768,False
train,0.3840383291244507,0.0,0.05116076022386551,0.1423341929912567,0.751314103603363,0.6069069504737854,-0.25913310050964355,0.6599136590957642,False
train,0.3844550848007202,0.0,0.05152778699994087,0.1428428441286087,0.7533131837844849,0.6122735142707825,-0.25377988815307617,0.6627843379974365,False
train,0.38487184047698975,0.0,0.05189858004450798,0.14335423707962036,0.7552286386489868,0.6177427172660828,-0.24831688404083252,0.6657832860946655,False
test,0.3852885961532593,0.0,0.05227323994040489,0.14386868476867676,0.7570592761039734,0.6233178973197937,-0.24274277687072754,0.6689164638519287,False
train,0.3857053518295288,0.0,0.05265189707279205,0.14438585937023163,0.7588047385215759,0.6289946436882019,-0.23705130815505981,0.6721811890602112,False
train,0.38612210750579834,0.0,0.053034476935863495,0.14490599930286407,0.7604641914367676,0.634774386882782,-0.23124432563781738,0.6755830645561218,False
train,0.38653886318206787,0.0,0.05342116579413414,0.14542905986309052,0.7620368599891663,0.6406556367874146,-0.22531569004058838,0.6791220903396606,False
train,0.3869556188583374,0.0,0.053811945021152496,0.14595504105091095,0.763521671295166,0.6466376185417175,-0.21926462650299072,0.6828010082244873,False
test,0.38737237453460693,0.0,0.05420685559511185,0.14648368954658508,0.764919102191925,0.6527158617973328,-0.2130870819091797,0.6866178512573242,False
train,0.38778913021087646,0.0,0.05460600554943085,0.14701543748378754,0.7662283778190613,0.6588925719261169,-0.20678222179412842,0.6905782222747803,False
train,0.388205885887146,0.0,0.05500949174165726,0.14754997193813324,0.7674484848976135,0.6651650667190552,-0.20034372806549072,0.6946813464164734,False
train,0.3886226415634155,0.0,0.055417269468307495,0.14808759093284607,0.7685794234275818,0.6715327501296997,-0.19377398490905762,0.6989310383796692,False
train,0.38903939723968506,0.0,0.055829472839832306,0.14862793684005737,0.769620954990387,0.677990734577179,-0.18706488609313965,0.703324019908905,False
test,0.3894561231136322,0.0,0.05624613165855408,0.14917106926441193,0.7705719470977783,0.6845380067825317,-0.1802147626876831,0.7078627347946167,False
train,0.38987287878990173,0.0,0.05666732043027878,0.14971719682216644,0.7714335918426514,0.6911734938621521,-0.17322206497192383,0.7125493884086609,False
train,0.39028963446617126,0.0,0.05709317699074745,0.15026643872261047,0.7722047567367554,0.697895884513855,-0.1660829782485962,0.7173857092857361,False
train,0.3907063901424408,0.0,0.05752376839518547,0.1508183479309082,0.7728859782218933,0.7046996355056763,-0.15879034996032715,0.7223682999610901,False
train,0.3911231458187103,0.0,0.057959046214818954,0.15137328207492828,0.7734761834144592,0.7115849256515503,-0.1513460874557495,0.7275016903877258,False
test,0.39153990149497986,0.0,0.05839917063713074,0.15193091332912445,0.7739766240119934,0.7185448408126831,-0.14374232292175293,0.7327813506126404,False
train,0.3919566571712494,0.0,0.05884413421154022,0.1524914652109146,0.7743864059448242,0.7255796790122986,-0.1359785795211792,0.7382113933563232,False
train,0.3923734128475189,0.0,0.059294186532497406,0.15305489301681519,0.7747052311897278,0.7326854467391968,-0.12804746627807617,0.7437903881072998,False
train,0.39279016852378845,0.0,0.059749212116003036,0.15362124145030975,0.774934709072113,0.739859402179718,-0.11994922161102295,0.7495196461677551,False
train,0.393206924200058,0.0,0.06020929291844368,0.154190331697464,0.7750746011734009,0.7470958828926086,-0.1116786003112793,0.755396842956543,False
test,0.3936236798763275,0.0,0.060674697160720825,0.1547623872756958,0.7751245498657227,0.7543924450874329,-0.10322999954223633,0.7614225745201111,False
train,0.39404043555259705,0.0,0.0611453540623188,0.1553371250629425,0.77508544921875,0.7617441415786743,-0.09459865093231201,0.767595648765564,False
train,0.3944571912288666,0.0,0.06162143126130104,0.15591472387313843,0.7749574780464172,0.7691473960876465,-0.08578121662139893,0.7739161252975464,False
train,0.3948739469051361,0.0,0.06210293620824814,0.15649504959583282,0.774740993976593,0.7765974998474121,-0.07677352428436279,0.7803831696510315,False
train,0.39529067277908325,0.0,0.06258987635374069,0.15707816183567047,0.7744364142417908,0.7840897440910339,-0.06757283210754395,0.786996066570282,False
test,0.3957074284553528,0.0,0.06308259069919586,0.1576639860868454,0.7740447521209717,0.7916181683540344,-0.058169007301330566,0.7937524318695068,False
train,0.3961241841316223,0.0,0.06358097493648529,0.1582525074481964,0.7735662460327148,0.7991799712181091,-0.0485607385635376,0.8006539344787598,False
train,0.39654093980789185,0.0,0.06408514827489853,0.15884381532669067,0.7730017304420471,0.8067680597305298,-0.03874409198760986,0.8076978325843811,False
train,0.3969576954841614,0.0,0.06459526717662811,0.15943779051303864,0.7723519802093506,0.8143775463104248,-0.02871119976043701,0.8148835301399231,False
train,0.3973744511604309,0.0,0.0651114210486412,0.16003435850143433,0.7716176509857178,0.8220021724700928,-0.01845705509185791,0.822209358215332,False
test,0.39779120683670044,0.0,0.06563364714384079,0.16063350439071655,0.7707987427711487,0.8296360373497009,-0.007977128028869629,0.8296744227409363,False
train,0.39820796251296997,0.0,0.06616205722093582,0.1612352430820465,0.7698976397514343,0.8372718095779419,0.0027343034744262695,0.8372762203216553,False
train,0.3986247181892395,0.0,0.06669678539037704,0.16183945536613464,0.7689144015312195,0.8449036478996277,0.013684272766113281,0.8450144529342651,False
train,0.39904147386550903,0.0,0.06723794341087341,0.16244624555110931,0.7678499817848206,0.8525254726409912,0.024877548217773438,0.8528883457183838,False
train,0.39945822954177856,0.0,0.0677855983376503,0.16305559873580933,0.7667056322097778,0.8601295948028564,0.036319851875305176,0.8608960509300232,False
test,0.3998749852180481,0.0015873016091063619,0.06833993643522263,0.16366712749004364,0.7654822468757629,0.8677061796188354,0.04802119731903076,0.8690339922904968,False
train,0.4002917408943176,0.009523809887468815,0.0689009577035904,0.1642811894416809,0.7641806602478027,0.875252366065979,0.05998337268829346,0.8773053884506226,False
train,0.40070846676826477,0.0,0.06946884840726852,0.16489748656749725,0.7628026008605957,0.8827565908432007,0.07221579551696777,0.8857055306434631,False
train,0.4011252224445343,0.012698412872850895,0.07004371285438538,0.16551612317562103,0.7613484859466553,0.8902119994163513,0.0847240686416626,0.8942346572875977,False
train,0.40154197812080383,0.0,0.0706256777048111,0.16613686084747314,0.7598198652267456,0.8976100087165833,0.0975179672241211,0.9028916954994202,False
test,0.40195873379707336,0.0,0.07121487706899643,0.16675978899002075,0.7582182288169861,0.9049410820007324,0.1106027364730835,0.911674976348877,False
train,0.4023754894733429,0.01984127052128315,0.07181128859519958,0.1673848181962967,0.7565446496009827,0.9121971130371094,0.12398397922515869,0.9205843806266785,False
train,0.4027922451496124,0.0,0.07241538166999817,0.16801206767559052,0.7548003196716309,0.9193702340126038,0.13767385482788086,0.9296212792396545,False
train,0.40320900082588196,0.0,0.07302694767713547,0.16864098608493805,0.7529863119125366,0.9264469742774963,0.15167880058288574,0.9387813806533813,False
train,0.4036257565021515,0.0,0.07364630699157715,0.16927185654640198,0.7511048913002014,0.9334192276000977,0.1660076379776001,0.9480664134025574,False
test,0.404042512178421,0.0,0.07427353411912918,0.1699046939611435,0.7491573095321655,0.9402784705162048,0.18066561222076416,0.9574777483940125,False
train,0.40445926785469055,0.0,0.07490871846675873,0.17053912580013275,0.7471444010734558,0.9470118880271912,0.1956636905670166,0.9670138359069824,False
train,0.4048760235309601,0.0,0.07555212825536728,0.17117516696453094,0.7450679540634155,0.9536084532737732,0.21101200580596924,0.9766755700111389,False
train,0.4052927792072296,0.02777777798473835,0.07620387524366379,0.17181311547756195,0.7429298758506775,0.9600613117218018,0.22671759128570557,0.986467719078064,False
train,0.40570953488349915,0.0,0.07686397433280945,0.17245233058929443,0.7407311201095581,0.9663537740707397,0.2427886724472046,0.9963864088058472,False
test,0.4061262905597687,0.0,0.07753273099660873,0.17309275269508362,0.7384728789329529,0.9724760055541992,0.25923919677734375,1.0064365863800049,False
train,0.4065430164337158,0.007936508394777775,0.07821019738912582,0.17373447120189667,0.7361580729484558,0.9784151315689087,0.2760751247406006,1.0166187286376953,False
train,0.40695977210998535,0.09841269999742508,0.07889671623706818,0.1743776500225067,0.733787477016449,0.9841622114181519,0.29330897331237793,1.0269397497177124,False
train,0.4073765277862549,0.08968254178762436,0.07959230989217758,0.17502188682556152,0.7313627600669861,0.9897019863128662,0.31094956398010254,1.037400484085083,False
train,0.4077932834625244,0.02857142873108387,0.08029711246490479,0.1756669580936432,0.7288857698440552,0.9950215816497803,0.32900822162628174,1.0480049848556519,False
test,0.40821003913879395,0.009523809887468815,0.08101141452789307,0.1763128936290741,0.7263576984405518,1.0001072883605957,0.3474963903427124,1.0587579011917114,False
train,0.4086267948150635,0.011904762126505375,0.08173532038927078,0.1769595444202423,0.7237802743911743,1.004947304725647,0.36642444133758545,1.0696662664413452,False
train,0.409043550491333,0.003968254197388887,0.08246903121471405,0.1776069551706314,0.7211560010910034,1.0095276832580566,0.38580214977264404,1.0807355642318726,False
train,0.40946030616760254,0.0071428571827709675,0.0832127183675766,0.17825473845005035,0.7184856534004211,1.01383376121521,0.4056432247161865,1.091973066329956,False
train,0.40987706184387207,0.009523809887468815,0.08396658301353455,0.17890283465385437,0.7157720923423767,1.0178502798080444,0.42595887184143066,1.1033858060836792,False
test,0.4102938175201416,0.012698412872850895,0.08473076671361923,0.1795511096715927,0.7130157351493835,1.0215649604797363,0.44676005840301514,1.1149840354919434,False
train,0.41071057319641113,0.0071428571827709675,0.08550560474395752,0.180199533700943,0.7102190256118774,1.0249615907669067,0.4680614471435547,1.1267776489257812,False
train,0.41112732887268066,0.011111111380159855,0.08629123866558075,0.18084785342216492,0.7073838114738464,1.0280263423919678,0.48987317085266113,1.1387773752212524,False
train,0.4115440845489502,0.0071428571827709675,0.08708781749010086,0.1814957559108734,0.7045106291770935,1.0307430028915405,0.5122102499008179,1.1509953737258911,False
train,0.41196081042289734,0.011111111380159855,0.087895467877388,0.18214331567287445,0.7016031742095947,1.033097267150879,0.5350786447525024,1.1634427309036255,False
test,0.41237756609916687,0.007936508394777775,0.08871454745531082,0.18279023468494415,0.6986618638038635,1.0350724458694458,0.5584973096847534,1.1761353015899658,False
train,0.4127943217754364,0.0071428571827709675,0.0895453616976738,0.18343645334243774,0.69568932056427,1.036653757095337,0.5824817419052124,1.189090371131897,False
train,0.41321107745170593,0.004761904943734407,0.0903879925608635,0.18408165872097015,0.6926863193511963,1.037825345993042,0.607040286064148,1.2023224830627441,False
train,0.41362783312797546,0.0071428571827709675,0.09124276787042618,0.18472592532634735,0.6896546483039856,1.0385737419128418,0.632186770439148,1.2158517837524414,False
train,0.414044588804245,0.0031746032182127237,0.09210984408855438,0.18536868691444397,0.6865967512130737,1.03887939453125,0.6579365730285645,1.229695439338684,False
test,0.4144613444805145,0.004761904943734407,0.09298945218324661,0.1860099881887436,0.6835144758224487,1.038728952407837,0.6843008995056152,1.2438751459121704,False
train,0.41487810015678406,0.004761904943734407,0.09388186037540436,0.1866496503353119,0.6804088950157166,1.0381059646606445,0.7112916707992554,1.2584116458892822,False
train,0.4152948558330536,0.0055555556900799274,0.09478737413883209,0.18728727102279663,0.6772823929786682,1.0369935035705566,0.7389264106750488,1.2733293771743774,False
train,0.4157116115093231,0.011904762126505375,0.09570610523223877,0.1879228800535202,0.6741361021995544,1.0353788137435913,0.7672125101089478,1.2886521816253662,False
train,0.41612836718559265,0.010317460633814335,0.09663847833871841,0.18855594098567963,0.6709715723991394,1.0332434177398682,0.7961691617965698,1.3044068813323975,False
test,0.4165451228618622,0.008730159141123295,0.09758470952510834,0.18918658792972565,0.6677912473678589,1.0305752754211426,0.8258062601089478,1.3206216096878052,False
train,0.4169618785381317,0.009523809887468815,0.09854501485824585,0.1898142546415329,0.664595901966095,1.0273561477661133,0.8561360836029053,1.3373218774795532,False
train,0.41737863421440125,0.007936508394777775,0.09951967746019363,0.1904388815164566,0.6613879799842834,1.0235728025436401,0.8871707916259766,1.354538083076477,False
train,0.4177953600883484,0.011904762126505375,0.10050893574953079,0.1910601556301117,0.6581693887710571,1.019211769104004,0.9189187288284302,1.3722988367080688,False
train,0.4182121157646179,0.007936508394777775,0.10151312500238419,0.19167792797088623,0.6549409031867981,1.0142573118209839,0.9513963460922241,1.3906376361846924,False
test,0.41862887144088745,0.009523809887468815,0.10253258794546127,0.19229206442832947,0.6517041325569153,1.008699655532837,0.984610915184021,1.4095863103866577,False
train,0.419045627117157,0.01984127052128315,0.10356754809617996,0.19290195405483246,0.6484606266021729,1.0025229454040527,1.0185753107070923,1.4291772842407227,False
train,0.4194623827934265,0.01825396902859211,0.10461827367544174,0.19350767135620117,0.6452131867408752,0.9957168698310852,1.0532951354980469,1.4494422674179077,False
train,0.41987913846969604,0.01587301678955555,0.10568511486053467,0.1941087394952774,0.6419618725776672,0.988268256187439,1.0887815952301025,1.4704147577285767,False
train,0.4202958941459656,0.02619047649204731,0.10676819831132889,0.194705069065094,0.6387090682983398,0.980171263217926,1.1250343322753906,1.492125391960144,False
test,0.4207126498222351,0.01825396902859211,0.10786813497543335,0.19529613852500916,0.6354559659957886,0.9714099168777466,1.1620709896087646,1.514611005783081,False
train,0.42112940549850464,0.01587301678955555,0.10898487269878387,0.1958818882703781,0.6322042346000671,0.9619808793067932,1.1998847723007202,1.5378981828689575,False
train,0.42154616117477417,0.015079365111887455,0.11011894047260284,0.19646191596984863,0.6289552450180054,0.9518756866455078,1.2384839057922363,1.562021017074585,False
train,0.4219629168510437,0.010317460633814335,0.1112704947590828,0.1970359981060028,0.625710129737854,0.9410887956619263,1.2778679132461548,1.587007999420166,False
train,0.42237967252731323,0.0055555556900799274,0.11243985593318939,0.1976037472486496,0.6224703788757324,0.9296131134033203,1.3180352449417114,1.6128848791122437,False
test,0.42279642820358276,0.003968254197388887,0.1136273667216301,0.19816508889198303,0.6192378401756287,0.9174485802650452,1.3589842319488525,1.6396797895431519,False
train,0.4232131838798523,0.003968254197388887,0.11483332514762878,0.1987195909023285,0.6160137057304382,0.9045923948287964,1.4007108211517334,1.6674165725708008,False
train,0.42362990975379944,0.004761904943734407,0.11605780571699142,0.19926702976226807,0.6127994060516357,0.8910456299781799,1.443198323249817,1.696108341217041,False
train,0.42404666543006897,0.003968254197388887,0.11730151623487473,0.19980712234973907,0.6095952391624451,0.8768090009689331,1.4864518642425537,1.7257847785949707,False
train,0.4244634211063385,0.0063492064364254475,0.11856435984373093,0.20033957064151764,0.6064032912254333,0.8618869185447693,1.5304453372955322,1.756448745727539,False
test,0.42488017678260803,0.0063492064364254475,0.11984677612781525,0.2008640468120575,0.6032248139381409,0.8462833166122437,1.5751689672470093,1.788114309310913,False
train,0.42529693245887756,0.008730159141123295,0.1211489737033844,0.20138053596019745,0.6000608801841736,0.8300093412399292,1.6205956935882568,1.8207817077636719,False
train,0.4257136881351471,0.004761904943734407,0.12247119098901749,0.20188847184181213,0.5969128012657166,0.8130730986595154,1.6667065620422363,1.8544538021087646,False
train,0.4261304438114166,0.0031746032182127237,0.12381358444690704,0.20238760113716125,0.5937814712524414,0.7954874038696289,1.7134685516357422,1.889120101928711,False
train,0.42654719948768616,0.004761904943734407,0.1251765787601471,0.20287784934043884,0.5906680822372437,0.7772667407989502,1.7608551979064941,1.924773931503296,False
test,0.4269639551639557,0.0031746032182127237,0.12656021118164062,0.20335882902145386,0.5875734686851501,0.7584304213523865,1.8088243007659912,1.961392879486084,False
train,0.4273807108402252,0.009523809887468815,0.12796470522880554,0.20383037626743317,0.5844990015029907,0.7389960885047913,1.857331395149231,1.9989484548568726,False
train,0.42779746651649475,0.0063492064364254475,0.12939023971557617,0.2042921781539917,0.5814454555511475,0.7189874053001404,1.906331181526184,2.0374104976654053,False
train,0.4282142221927643,0.0071428571827709675,0.13083702325820923,0.20474424958229065,0.5784141421318054,0.698431670665741,1.9557703733444214,2.0767388343811035,False
train,0.4286309778690338,0.004761904943734407,0.13230495154857635,0.20518584549427032,0.5754055380821228,0.6773539781570435,2.0055863857269287,2.1168808937072754,False
test,0.42904770374298096,0.003968254197388887,0.13379432260990143,0.20561742782592773,0.5724212527275085,0.6557891368865967,2.055710792541504,2.157778024673462,False
train,0.4294644594192505,0.003968254197388887,0.13530513644218445,0.20603828132152557,0.5694612860679626,0.633768618106842,2.10607647895813,2.1993682384490967,False
train,0.42988121509552,0.0063492064364254475,0.13683749735355377,0.20644868910312653,0.5665268301963806,0.6113291382789612,2.156599521636963,2.2415719032287598,False
train,0.43029797077178955,0.0023809524718672037,0.13839136064052582,0.20684795081615448,0.5636186003684998,0.5885100364685059,2.2071948051452637,2.2843058109283447,False
train,0.4307147264480591,0.004761904943734407,0.1399666965007782,0.20723648369312286,0.5607376098632812,0.5653555393218994,2.257765293121338,2.3274731636047363,False
test,0.4311314821243286,0.02301587350666523,0.141563281416893,0.20761394500732422,0.5578842163085938,0.5419114828109741,2.3082032203674316,2.3709640502929688,False
train,0.43154823780059814,0.07619047909975052,0.14318124949932098,0.20798034965991974,0.555059552192688,0.5182241797447205,2.3584043979644775,2.4146692752838135,False
train,0.4319649934768677,0.04603174701333046,0.14482012391090393,0.20833542943000793,0.5522642731666565,0.49434638023376465,2.40824294090271,2.4584574699401855,False
train,0.4323817491531372,0.01984127052128315,0.14647990465164185,0.20867915451526642,0.5494985580444336,0.47032806277275085,2.4575929641723633,2.5021934509277344,False
train,0.43279850482940674,0.0071428571827709675,0.14816012978553772,0.2090114951133728,0.5467629432678223,0.4462275505065918,2.506314277648926,2.5457279682159424,False
test,0.43321526050567627,0.0071428571827709675,0.14986062049865723,0.20933270454406738,0.544058620929718,0.42210280895233154,2.5542635917663574,2.5889058113098145,False
train,0.4336320161819458,0.0063492064364254475,0.151580810546875,0.20964251458644867,0.5413859486579895,0.39801156520843506,2.6012802124023438,2.6315531730651855,False
train,0.43404877185821533,0.0055555556900799274,0.15332041680812836,0.20994102954864502,0.5387452244758606,0.3740169107913971,2.647207736968994,2.67349910736084,False
train,0.43446552753448486,0.0055555556900799274,0.15507866442203522,0.21022841334342957,0.5361363291740417,0.3501819372177124,2.6918606758117676,2.7145426273345947,False
train,0.434882253408432,0.0055555556900799274,0.15685492753982544,0.21050450205802917,0.5335609316825867,0.3265734314918518,2.7350637912750244,2.7544918060302734,False
test,0.43529900908470154,0.0055555556900799274,0.15864881873130798,0.21076980233192444,0.5310184955596924,0.30325254797935486,2.776628017425537,2.7931389808654785,False
train,0.43571576476097107,0.0055555556900799274,0.16045935451984406,0.21102435886859894,0.5285094976425171,0.28028953075408936,2.8163483142852783,2.830261468887329,False
train,0.4361325204372406,0.0055555556900799274,0.16228574514389038,0.21126823127269745,0.5260346531867981,0.25774678587913513,2.854020118713379,2.8656349182128906,False
train,0.43654927611351013,0.008730159141123295,0.164126917719841,0.21150176227092743,0.523594081401825,0.23569399118423462,2.889425277709961,2.899022340774536,False
train,0.43696603178977966,0.0063492064364254475,0.1659819632768631,0.21172499656677246,0.5211877822875977,0.21419841051101685,2.9223453998565674,2.930185079574585,False
test,0.4373827874660492,0.011111111380159855,0.16784970462322235,0.21193821728229523,0.5188162326812744,0.19332167506217957,2.9525461196899414,2.9588682651519775,False
train,0.4377995431423187,0.0071428571827709675,0.16972890496253967,0.2121420055627823,0.5164797306060791,0.17313221096992493,2.979792594909668,2.9848179817199707,False
train,0.43821629881858826,0.008730159141123295,0.1716182678937912,0.2123362421989441,0.5141782164573669,0.1536923050880432,3.003854274749756,3.0077836513519287,False
train,0.4386330544948578,0.009523809887468815,0.17351633310317993,0.21252180635929108,0.5119116902351379,0.13506415486335754,3.0244741439819336,3.0274882316589355,False
train,0.4390498101711273,0.011111111380159855,0.1754215955734253,0.21269862353801727,0.5096806883811951,0.11730435490608215,3.041414737701416,3.0436758995056152,False
test,0.43946656584739685,0.013492063619196415,0.17733247578144073,0.21286725997924805,0.5074850916862488,0.1004711389541626,3.0544233322143555,3.05607533454895,False
train,0.4398833215236664,0.010317460633814335,0.17924723029136658,0.21302808821201324,0.5053249597549438,0.08461761474609375,3.06325626373291,3.064424753189087,False
train,0.4403000771999359,0.008730159141123295,0.1811639815568924,0.2131817489862442,0.5031999349594116,0.06979456543922424,3.0676567554473877,3.068450689315796,False
train,0.44071680307388306,0.009523809887468815,0.18308080732822418,0.21332816779613495,0.5011109113693237,0.05604866147041321,3.067392349243164,3.067904233932495,False
train,0.4411335587501526,0.013492063619196415,0.1849958300590515,0.21346835792064667,0.49905675649642944,0.04342091083526611,3.0622081756591797,3.0625159740448,False
test,0.4415503144264221,0.012698412872850895,0.18690671026706696,0.21360261738300323,0.49703770875930786,0.03195089101791382,3.0518698692321777,3.052037000656128,False
train,0.44196707010269165,0.02063492126762867,0.1888115257024765,0.2137313336133957,0.49505415558815,0.021671324968338013,3.03615140914917,3.036228656768799,False
train,0.4423838257789612,0.012698412872850895,0.19070780277252197,0.2138553112745285,0.4931057095527649,0.012612193822860718,3.0148324966430664,3.0148589611053467,False
train,0.4428005814552307,0.02142857201397419,0.1925930678844452,0.2139747589826584,0.4911917746067047,0.004797786474227905,2.987698793411255,2.9877026081085205,False
train,0.44321733713150024,0.015079365111887455,0.19446508586406708,0.21409057080745697,0.48931270837783813,-0.0017538964748382568,2.9545507431030273,2.9545512199401855,False
test,0.4436340928077698,0.02619047649204731,0.19632096588611603,0.214202880859375,0.4874681234359741,-0.007029116153717041,2.915207624435425,2.9152159690856934,False
train,0.4440508484840393,0.02142857201397419,0.19815850257873535,0.21431270241737366,0.4856576919555664,-0.011020064353942871,2.869502067565918,2.869523286819458,False
train,0.44446760416030884,0.02301587350666523,0.1999746859073639,0.2144201099872589,0.4838809072971344,-0.013723790645599365,2.8172800540924072,2.8173134326934814,False
train,0.44488435983657837,0.02063492126762867,0.20176692306995392,0.21452583372592926,0.4821380078792572,-0.015143007040023804,2.758411407470703,2.758452892303467,False
train,0.4453011155128479,0.04206349328160286,0.2035323977470398,0.2146306335926056,0.4804282784461975,-0.015285193920135498,2.692786693572998,2.6928300857543945,False
test,0.44571787118911743,0.07460317760705948,0.20526832342147827,0.214734748005867,0.4787515103816986,-0.014165759086608887,2.620321750640869,2.6203601360321045,False
train,0.4461345970630646,0.08888889104127884,0.20697161555290222,0.2148391157388687,0.47710731625556946,-0.011800616979598999,2.5409555435180664,2.540982961654663,False
train,0.4465513527393341,0.06587301939725876,0.2086399346590042,0.21494370698928833,0.4754950702190399,-0.008216440677642822,2.454646587371826,2.454660415649414,False
train,0.44696810841560364,0.0515873022377491,0.2102699726819992,0.21504931151866913,0.47391462326049805,-0.00344201922416687,2.3613922595977783,2.3613946437835693,False
train,0.44738486409187317,0.1746031790971756,0.21185895800590515,0.2151566445827484,0.4723649322986603,0.002491980791091919,2.2612099647521973,2.261211395263672,False
test,0.4478016197681427,0.14920635521411896,0.21340417861938477,0.21526603400707245,0.4708463251590729,0.0095444917678833,2.1541500091552734,2.1541712284088135,False
train,0.44821837544441223,0.19206349551677704,0.21490274369716644,0.2153778225183487,0.4693576693534851,0.017671823501586914,2.0402989387512207,2.0403754711151123,False
train,0.44863513112068176,0.6634920835494995,0.2163519561290741,0.21549256145954132,0.4678983986377716,0.02682974934577942,1.9197710752487183,1.919958472251892,False
train,0.4490518867969513,0.8611111044883728,0.21774892508983612,0.21561050415039062,0.46646857261657715,0.03696393966674805,1.7927179336547852,1.793099045753479,False
train,0.4494686424732208,0.5992063283920288,0.21909116208553314,0.21573249995708466,0.4650670886039734,0.04802316427230835,1.659306287765503,1.6600010395050049,False
test,0.44988539814949036,0.1944444477558136,0.22037601470947266,0.21585851907730103,0.46369343996047974,0.0599474161863327,1.5197654962539673,1.5209473371505737,False
train,0.4503021538257599,0.22142857313156128,0.22160126268863678,0.21598926186561584,0.46234649419784546,0.07267700135707855,1.374337911605835,1.376258134841919,False
train,0.4507189095020294,0.5825396776199341,0.222764253616333,0.2161245048046112,0.46102628111839294,0.08614635467529297,1.22330904006958,1.226338505744934,False
train,0.45113566517829895,0.7690476179122925,0.223862886428833,0.21626509726047516,0.4597318470478058,0.10028974711894989,1.066983938217163,1.071686863899231,False
train,0.4515524208545685,0.48174601793289185,0.22489534318447113,0.2164110392332077,0.45846259593963623,0.11503919959068298,0.9057199954986572,0.9129965901374817,False
test,0.4519691467285156,0.6246031522750854,0.22585923969745636,0.21656274795532227,0.45721733570098877,0.13032166659832,0.7399019002914429,0.7512912750244141,False
train,0.45238590240478516,0.4253968298435211,0.2267531305551529,0.21672020852565765,0.45599567890167236,0.14606590569019318,0.5699141025543213,0.5883343815803528,False
train,0.4528026580810547,0.3301587402820587,0.22757549583911896,0.21688395738601685,0.45479682087898254,0.16220010817050934,0.39621734619140625,0.4281320571899414,False
train,0.4532194137573242,0.2984127104282379,0.2283248007297516,0.21705365180969238,0.4536193609237671,0.17864646017551422,0.21926045417785645,0.2828245162963867,False
train,0.45363616943359375,0.3206349313259125,0.22899988293647766,0.21722987294197083,0.4524632394313812,0.1953302025794983,0.03953969478607178,0.19929192960262299,False
test,0.4540529251098633,0.2571428716182709,0.2295997142791748,0.21741260588169098,0.45132726430892944,0.21217195689678192,-0.1424236297607422,0.25554144382476807,False
train,0.4544696807861328,0.4722222089767456,0.23012381792068481,0.21760155260562897,0.4502108097076416,0.2290966510772705,-0.32610559463500977,0.39853498339653015,False
train,0.45488643646240234,0.682539701461792,0.23057129979133606,0.21779721975326538,0.4491119980812073,0.24602793157100677,-0.5109517574310303,0.5670991539955139,False
train,0.4553031921386719,0.6523809432983398,0.23094217479228973,0.2179994434118271,0.44803088903427124,0.2628856897354126,-0.6963943243026733,0.744361400604248,False
train,0.4557199478149414,0.7031745910644531,0.23123611509799957,0.21820802986621857,0.44696611166000366,0.27959537506103516,-0.8818603754043579,0.9251223206520081,False
test,0.45613670349121094,0.6650793552398682,0.2314535528421402,0.21842293441295624,0.4459163546562195,0.29608017206192017,-1.0667592287063599,1.1070857048034668,False
train,0.45655345916748047,0.7190476059913635,0.2315947711467743,0.21864423155784607,0.4448813498020172,0.31226325035095215,-1.2504993677139282,1.2888976335525513,False
train,0.45697021484375,0.40317460894584656,0.23166055977344513,0.21887165307998657,0.44385969638824463,0.32807573676109314,-1.4324877262115479,1.469576358795166,False
train,0.45738694071769714,0.5206349492073059,0.23165160417556763,0.2191050499677658,0.44285038113594055,0.34344154596328735,-1.6121294498443604,1.6483062505722046,False
train,0.4578036963939667,0.39126983284950256,0.23156936466693878,0.2193441390991211,0.44185200333595276,0.35829323530197144,-1.7888518571853638,1.8243807554244995,False
test,0.4582204520702362,0.4214285612106323,0.2314150333404541,0.21958890557289124,0.4408637583255768,0.37256643176078796,-1.9620819091796875,1.9971407651901245,False
train,0.45863720774650574,0.20317460596561432,0.23119047284126282,0.2198389172554016,0.43988439440727234,0.38619324564933777,-2.1312479972839355,2.1659555435180664,False
train,0.45905396342277527,0.05000000074505806,0.23089732229709625,0.22009395062923431,0.4389124810695648,0.39911949634552,-2.2958083152770996,2.330242872238159,False
train,0.4594707190990448,0.0071428571827709675,0.23053783178329468,0.22035381197929382,0.43794795870780945,0.4112832546234131,-2.45524263381958,2.4894516468048096,False
train,0.45988747477531433,0.007936508394777775,0.23011428117752075,0.2206178903579712,0.4369884133338928,0.42263561487197876,-2.60905122756958,2.6430606842041016,False
test,0.46030423045158386,0.011904762126505375,0.2296290546655655,0.22088617086410522,0.43603309988975525,0.4331299662590027,-2.7567553520202637,2.7905735969543457,False
train,0.4607209861278534,0.004761904943734407,0.22908487915992737,0.22115786373615265,0.43508031964302063,0.4427243173122406,-2.8979125022888184,2.9315357208251953,False
train,0.4611377418041229,0.0063492064364254475,0.2284848541021347,0.2214331030845642,0.4341296851634979,0.45138630270957947,-3.032118320465088,3.065532922744751,False
train,0.46155449748039246,0.0055555556900799274,0.22783179581165314,0.22171124815940857,0.4331795275211334,0.4590831995010376,-3.1589860916137695,3.1921701431274414,False
train,0.461971253156662,0.0023809524718672037,0.22712872922420502,0.22199174761772156,0.4322282075881958,0.4657960534095764,-3.2781777381896973,3.3111047744750977,False
test,0.4623880088329315,0.0055555556900799274,0.22637926042079926,0.22227419912815094,0.4312749207019806,0.4715085029602051,-3.3893868923187256,3.4220263957977295,False
train,0.46280476450920105,0.013492063619196415,0.2255866378545761,0.22255855798721313,0.4303188920021057,0.4762123227119446,-3.49234676361084,3.524665117263794,False
train,0.4632214903831482,0.007936508394777775,0.2247544378042221,0.22284406423568726,0.42935711145401,0.4799093008041382,-3.5868277549743652,3.618790864944458,False
train,0.4636382460594177,0.004761904943734407,0.22388631105422974,0.22313013672828674,0.42838969826698303,0.4826080799102783,-3.6726481914520264,3.704221248626709,False
train,0.46405500173568726,0.0396825410425663,0.22298569977283478,0.2234170138835907,0.4274146556854248,0.48432615399360657,-3.7496509552001953,3.7808005809783936,False
test,0.4644717574119568,0.04603174701333046,0.222056582570076,0.22370365262031555,0.42643073201179504,0.48508524894714355,-3.817725419998169,3.8484199047088623,False
train,0.4648885130882263,0.14365079998970032,0.22110268473625183,0.2239898443222046,0.4254366159439087,0.48492035269737244,-3.8767924308776855,3.9070022106170654,False
train,0.46530526876449585,0.15317460894584656,0.22012759745121002,0.22427542507648468,0.424430787563324,0.48387402296066284,-3.9268081188201904,3.956507921218872,False
train,0.4657220244407654,0.07222222536802292,0.21913529932498932,0.22455981373786926,0.423412024974823,0.4819945693016052,-3.967764377593994,3.9969329833984375,False
train,0.4661387801170349,0.0007936508045531809,0.21812939643859863,0.22484251856803894,0.42237868905067444,0.4793369174003601,-3.999683380126953,4.028303623199463,False
test,0.46655553579330444,0.014285714365541935,0.21711400151252747,0.2251235991716385,0.42132893204689026,0.4759689271450043,-4.022616386413574,4.05067777633667,False
train,0.466972291469574,0.012698412872850895,0.21609242260456085,0.22540244460105896,0.4202623963356018,0.47196030616760254,-4.03663444519043,4.064131259918213,False
train,0.4673890471458435,0.0071428571827709675,0.21506844460964203,0.2256789207458496,0.41917696595191956,0.46738961338996887,-4.041835308074951,4.068769454956055,False
train,0.46780580282211304,0.011111111380159855,0.21404589712619781,0.2259528487920761,0.41807106137275696,0.46234291791915894,-4.0383453369140625,4.064725399017334,False
train,0.46822255849838257,0.0063492064364254475,0.21302802860736847,0.22622407972812653,0.4169442355632782,0.4569040536880493,-4.02629280090332,4.0521345138549805,False
test,0.4686393141746521,0.0023809524718672037,0.21201878786087036,0.22649244964122772,0.4157940447330475,0.45117413997650146,-4.005823612213135,4.031151294708252,False
train,0.46905604004859924,0.0023809524718672037,0.2110215425491333,0.22675767540931702,0.4146186411380768,0.44525066018104553,-3.977104663848877,4.001950740814209,False
train,0.4694727957248688,0.0,0.2100393921136856,0.22701972723007202,0.4134177565574646,0.4392295777797699,-3.9403016567230225,3.9647066593170166,False
train,0.4698895514011383,0.0031746032182127237,0.20907577872276306,0.22727882862091064,0.4121895432472229,0.4332195520401001,-3.8955914974212646,3.9196062088012695,False
train,0.47030630707740784,0.0015873016091063619,0.20813404023647308,0.22753463685512543,0.4109328091144562,0.4273250102996826,-3.843146324157715,3.866830825805664,False
test,0.47072306275367737,0.004761904943734407,0.20721720159053802,0.22778744995594025,0.40964487195014954,0.4216529130935669,-3.7831497192382812,3.806575059890747,False
train,0.4711398184299469,0.0,0.2063283920288086,0.22803741693496704,0.4083256125450134,0.41630879044532776,-3.71578049659729,3.7390289306640625,False
train,0.47155657410621643,0.0015873016091063619,0.2054707407951355,0.22828444838523865,0.40697339177131653,0.4113973379135132,-3.6412153244018555,3.664382219314575,False
train,0.47197332978248596,0.0023809524718672037,0.20464712381362915,0.22852903604507446,0.4055865705013275,0.4070238471031189,-3.559631824493408,3.582826614379883,False
train,0.4723900854587555,0.0,0.20386016368865967,0.22877110540866852,0.4041633605957031,0.40328651666641235,-3.4711973667144775,3.4945459365844727,False
test,0.472806841135025,0.0031746032182127237,0.2031129002571106,0.22901107370853424,0.4027034640312195,0.40028491616249084,-3.376075029373169,3.399722099304199,False
train,0.47322359681129456,0.02857142873108387,0.20240797102451324,0.22924929857254028,0.4012048840522766,0.3981078863143921,-3.274437427520752,3.2985496520996094,False
train,0.4736403524875641,0.0396825410425663,0.20174801349639893,0.22948597371578217,0.3996662497520447,0.3968447744846344,-3.1664376258850098,3.191208600997925,False
train,0.4740571081638336,0.01666666753590107,0.20113568007946014,0.22972145676612854,0.3980864882469177,0.39657437801361084,-3.052241086959839,3.0778965950012207,False
train,0.47447383403778076,0.04682539775967598,0.20057344436645508,0.22995659708976746,0.3964645564556122,0.3973667025566101,-2.932011127471924,2.958815574645996,False
test,0.4748905897140503,0.12063492089509964,0.20006364583969116,0.2301914244890213,0.3947979211807251,0.3992882966995239,-2.8058974742889404,2.834165096282959,False
train,0.4753073453903198,0.11587301641702652,0.1996089369058609,0.23042643070220947,0.3930869400501251,0.4023900628089905,-2.674081802368164,2.7041876316070557,False
train,0.47572410106658936,0.03333333507180214,0.19921128451824188,0.23066218197345734,0.39133021235466003,0.4067148268222809,-2.536729335784912,2.569126844406128,False
train,0.4761408567428589,0.15555556118488312,0.1988731324672699,0.23089903593063354,0.3895256817340851,0.412297785282135,-2.394031047821045,2.429274559020996,False
train,0.4765576124191284,0.1349206417798996,0.19859661161899567,0.23113779723644257,0.38767221570014954,0.41915497183799744,-2.246196985244751,2.284970998764038,False
test,0.47697436809539795,0.04206349328160286,0.19838376343250275,0.23137860000133514,0.3857697546482086,0.4272909164428711,-2.093441963195801,2.136604070663452,False
train,0.4773911237716675,0.0015873016091063619,0.19823648035526276,0.2316223680973053,0.38381659984588623,0.4366947412490845,-1.936033844947815,1.9846736192703247,False
train,0.477807879447937,0.0015873016091063619,0.1981566846370697,0.23186926543712616,0.38181206583976746,0.44734373688697815,-1.7742282152175903,1.8297547101974487,False
train,0.47822463512420654,0.03650793805718422,0.19814610481262207,0.23211990296840668,0.37975436449050903,0.45919549465179443,-1.6083530187606812,1.6726206541061401,False
train,0.4786413908004761,0.0031746032182127237,0.19820620119571686,0.23237468302249908,0.3776441514492035,0.472190797328949,-1.4387493133544922,1.5142534971237183,False
test,0.4790581464767456,0.0031746032182127237,0.19833886623382568,0.23263438045978546,0.37547948956489563,0.48625755310058594,-1.265815258026123,1.35599946975708,False
train,0.47947490215301514,0.007936508394777775,0.19854484498500824,0.23289868235588074,0.3732590079307556,0.5013024210929871,-1.0899755954742432,1.199729561805725,False
train,0.47989165782928467,0.011111111380159855,0.198825404047966,0.23316873610019684,0.37098339200019836,0.5172162652015686,-0.9117304086685181,1.048219919204712,False
train,0.4803083837032318,0.0063492064364254475,0.19918139278888702,0.23344437777996063,0.36865168809890747,0.5338709354400635,-0.7316113710403442,0.9056894779205322,False
train,0.48072513937950134,0.01746031828224659,0.19961348176002502,0.23372600972652435,0.36626195907592773,0.5511338710784912,-0.5501728057861328,0.778741717338562,False
test,0.4811418950557709,0.004761904943734407,0.20012208819389343,0.23401381075382233,0.3638156056404114,0.5688428282737732,-0.3680649995803833,0.6775352358818054,False
train,0.4815586507320404,0.010317460633814335,0.200707346200943,0.23430787026882172,0.3613106906414032,0.5868346095085144,-0.18594539165496826,0.6155896186828613,False
train,0.48197540640830994,0.009523809887468815,0.20136889815330505,0.2346082627773285,0.3587474524974823,0.6049306392669678,-0.004530549049377441,0.6049476265907288,False
train,0.48239216208457947,0.02857142873108387,0.20210646092891693,0.23491494357585907,0.356124609708786,0.6229479312896729,0.17542660236358643,0.6471773982048035,False
train,0.482808917760849,0.02539682574570179,0.20291922986507416,0.23522795736789703,0.35344329476356506,0.6406957507133484,0.35317444801330566,0.7315895557403564,False
test,0.48322567343711853,0.09444444626569748,0.20380593836307526,0.23554693162441254,0.3507026433944702,0.6579809188842773,0.52791428565979,0.8435830473899841,False
train,0.48364242911338806,0.11349206417798996,0.20476524531841278,0.23587170243263245,0.3479025661945343,0.6746180653572083,0.6988661289215088,0.9713513255119324,False
train,0.4840591847896576,0.010317460633814335,0.20579537749290466,0.23620197176933289,0.34504270553588867,0.6904198527336121,0.8652621507644653,1.1069589853286743,False
train,0.4844759404659271,0.013492063619196415,0.20689429342746735,0.23653745651245117,0.3421236574649811,0.7052145600318909,1.0263476371765137,1.2452778816223145,False
train,0.48489269614219666,0.02301587350666523,0.20805954933166504,0.2368771731853485,0.3391454815864563,0.7188380360603333,1.1814082860946655,1.3829149007797241,False
test,0.4853094518184662,0.0023809524718672037,0.20928846299648285,0.2372209131717682,0.33610808849334717,0.731148362159729,1.329796552658081,1.5175429582595825,False
train,0.4857262074947357,0.0007936508045531809,0.21057815849781036,0.23756827414035797,0.3330114185810089,0.7420198917388916,1.4709242582321167,1.6474864482879639,False
train,0.48614293336868286,0.0007936508045531809,0.2119251787662506,0.23791804909706116,0.3298572599887848,0.7513457536697388,1.6042793989181519,1.7715058326721191,False
train,0.4865596890449524,0.0055555556900799274,0.21332667768001556,0.2382703274488449,0.3266444802284241,0.7590532302856445,1.7294750213623047,1.888715386390686,False
train,0.4869764447212219,0.03888889029622078,0.214778870344162,0.2386236935853958,0.32337477803230286,0.7650811672210693,1.8462016582489014,1.998451828956604,False
test,0.48739320039749146,0.011111111380159855,0.21627815067768097,0.23897768557071686,0.32004842162132263,0.7694063186645508,1.954265832901001,2.100271701812744,False
train,0.487809956073761,0.03492063656449318,0.2178208976984024,0.2393316775560379,0.3166660964488983,0.7720258831977844,2.0535895824432373,2.193912982940674,False
train,0.4882267117500305,0.04682539775967598,0.21940353512763977,0.23968476057052612,0.31322821974754333,0.7729616761207581,2.1442294120788574,2.2792959213256836,False
train,0.48864346742630005,0.05714285746216774,0.22102221846580505,0.24003645777702332,0.3097366690635681,0.7722654342651367,2.2263317108154297,2.35646915435791,False
train,0.4890602231025696,0.04285714402794838,0.22267352044582367,0.24038583040237427,0.3061922490596771,0.7700039744377136,2.300177574157715,2.4256386756896973,False
test,0.4894769787788391,0.01587301678955555,0.22435425221920013,0.24073219299316406,0.30259597301483154,0.7662632465362549,2.366143226623535,2.4871253967285156,False
train,0.48989373445510864,0.011904762126505375,0.22606074810028076,0.24107526242733002,0.2989482879638672,0.7611534595489502,2.424682855606079,2.541346549987793,False
train,0.4903104901313782,0.02698412723839283,0.22779060900211334,0.24141407012939453,0.29525166749954224,0.7547904253005981,2.4763689041137695,2.588843584060669,False
train,0.4907272458076477,0.05317460373044014,0.22954043745994568,0.2417483627796173,0.29150721430778503,0.7473008036613464,2.5217971801757812,2.6301937103271484,False
train,0.49114400148391724,0.04682539775967598,0.23130792379379272,0.24207746982574463,0.28771618008613586,0.7388201951980591,2.5616495609283447,2.666065216064453,False
test,0.4915607273578644,0.09603174775838852,0.2330910861492157,0.24240143597126007,0.28388041257858276,0.7294839024543762,2.5966265201568604,2.6971497535705566,False
train,0.4919774830341339,0.20555555820465088,0.23488792777061462,0.24271941184997559,0.28000137209892273,0.7194305062294006,2.6274662017822266,2.7241804599761963,False
train,0.49239423871040344,0.11746031790971756,0.2366967648267746,0.24303123354911804,0.2760803699493408,0.708787739276886,2.6548991203308105,2.747884511947632,False
train,0.492810994386673,0.05793650820851326,0.23851631581783295,0.24333685636520386,0.2721204459667206,0.6976897716522217,2.6796562671661377,2.768994092941284,False
train,0.4932277500629425,0.012698412872850895,0.24034574627876282,0.24363601207733154,0.2681228518486023,0.6862509250640869,2.702451467514038,2.788222312927246,False
test,0.49364450573921204,0.02301587350666523,0.24218419194221497,0.24392856657505035,0.26408976316452026,0.6745862364768982,2.7239723205566406,2.8062593936920166,False
train,0.49406126141548157,0.02142857201397419,0.24403110146522522,0.24421432614326477,0.2600226104259491,0.6627887487411499,2.74485445022583,2.8237414360046387,False
train,0.4944780170917511,0.01825396902859211,0.2458866983652115,0.24449340999126434,0.2559247612953186,0.6509493589401245,2.7657222747802734,2.841294527053833,False
train,0.49489477276802063,0.02698412723839283,0.24775061011314392,0.24476578831672668,0.2517981231212616,0.6391440629959106,2.7871015071868896,2.859447479248047,False
train,0.49531152844429016,0.02460317499935627,0.24962349236011505,0.2450312077999115,0.24764461815357208,0.6274328827857971,2.809511184692383,2.8787193298339844,False
test,0.4957282841205597,0.0436507947742939,0.251505583524704,0.2452901154756546,0.24346628785133362,0.6158655881881714,2.8333868980407715,2.8995468616485596,False
train,0.4961450397968292,0.02777777798473835,0.2533976137638092,0.24554233253002167,0.2392667531967163,0.6044784188270569,2.8591153621673584,2.922316789627075,False
train,0.49656179547309875,0.05238095298409462,0.2553005516529083,0.24578794836997986,0.2350478172302246,0.593297004699707,2.887021541595459,2.9473538398742676,False
train,0.4969785511493683,0.03333333507180214,0.2572151720523834,0.24602702260017395,0.230812206864357,0.5823360681533813,2.9173922538757324,2.9749441146850586,False
train,0.49739527702331543,0.05714285746216774,0.2591421902179718,0.24625974893569946,0.22656255960464478,0.5716025829315186,2.950427293777466,3.0052871704101562,False
test,0.49781203269958496,0.07301587611436844,0.2610836625099182,0.24648626148700714,0.22230130434036255,0.5610835552215576,2.986320972442627,3.0385732650756836,False
train,0.4982287883758545,0.13015873730182648,0.26303979754447937,0.24670647084712982,0.21803082525730133,0.5507726073265076,3.025186538696289,3.0749151706695557,False
train,0.498645544052124,0.3888888955116272,0.26501256227493286,0.24692057073116302,0.21375475823879242,0.5406451225280762,3.067120313644409,3.114405870437622,False
train,0.49906229972839355,0.5833333134651184,0.26700258255004883,0.24712882936000824,0.20947548747062683,0.5306723117828369,3.112150192260742,3.1570701599121094,False
train,0.4994790554046631,0.6436507701873779,0.269011527299881,0.24733079969882965,0.20519572496414185,0.5208242535591125,3.160304069519043,3.2029330730438232,False
test,0.4998958110809326,0.7277777791023254,0.271040678024292,0.24752697348594666,0.2009178102016449,0.5110611915588379,3.2115485668182373,3.251957416534424,False
train,0.5003125667572021,0.658730149269104,0.2730909585952759,0.24771711230278015,0.19664554297924042,0.5013417601585388,3.265836715698242,3.304093360900879,False
train,0.5007293224334717,0.43412697315216064,0.2751638889312744,0.24790135025978088,0.19238121807575226,0.4916197955608368,3.323103666305542,3.359272003173828,False
train,0.5011460781097412,0.1825396865606308,0.2772606313228607,0.24807976186275482,0.18812760710716248,0.48185211420059204,3.3832600116729736,3.417401075363159,False
train,0.5015628337860107,0.17301587760448456,0.27938202023506165,0.24825221300125122,0.1838870793581009,0.47198939323425293,3.446193218231201,3.4783647060394287,False
test,0.5019795894622803,0.16825397312641144,0.2815294861793518,0.2484186291694641,0.17966337502002716,0.46198341250419617,3.5117852687835693,3.5420424938201904,False
train,0.5023963451385498,0.17936508357524872,0.28370389342308044,0.24857906997203827,0.17545872926712036,0.4517827332019806,3.579904556274414,3.6082992553710938,False
train,0.5028131008148193,0.21111111342906952,0.2859064042568207,0.24873341619968414,0.1712760627269745,0.44134122133255005,3.650411367416382,3.6769940853118896,False
train,0.5032298564910889,0.11428571492433548,0.2881377339363098,0.24888135492801666,0.16711750626564026,0.4306086301803589,3.723159074783325,3.7479777336120605,False
train,0.5036466121673584,0.10079365223646164,0.29039889574050903,0.24902315437793732,0.16298659145832062,0.4195396304130554,3.7979960441589355,3.8210978507995605,False
test,0.5040633678436279,0.13650794327259064,0.29269060492515564,0.24915842711925507,0.15888558328151703,0.40808725357055664,3.874774932861328,3.896205425262451,False
train,0.5044801235198975,0.04047619178891182,0.2950136363506317,0.2492871731519699,0.1548166424036026,0.39620816707611084,3.953333854675293,3.9731385707855225,False
train,0.504896879196167,0.02222222276031971,0.2973686158657074,0.24940899014472961,0.15078303217887878,0.3838602602481842,4.033527374267578,4.051751613616943,False
train,0.5053136348724365,0.011111111380159855,0.29975607991218567,0.24952389299869537,0.1467869132757187,0.371005654335022,4.11519718170166,4.131887435913086,False
train,0.5057303309440613,0.009523809887468815,0.3021763563156128,0.24963164329528809,0.1428310126066208,0.3576025366783142,4.198187828063965,4.213390827178955,False
test,0.5061470866203308,0.03650793805718422,0.30463066697120667,0.24973197281360626,0.13891683518886566,0.34361815452575684,4.282374858856201,4.296138286590576,False
train,0.5065638422966003,0.02460317499935627,0.3071189820766449,0.24982470273971558,0.13504667580127716,0.3290208578109741,4.367613792419434,4.379989147186279,False
train,0.5069805979728699,0.02063492126762867,0.309641569852829,0.24990954995155334,0.1312233805656433,0.31377851963043213,4.453755855560303,4.4647955894470215,False
train,0.5073973536491394,0.3087301552295685,0.3121987581253052,0.24998632073402405,0.12744875252246857,0.2978653013706207,4.540674686431885,4.550434112548828,False
train,0.5078141093254089,0.3261904716491699,0.31479087471961975,0.25005465745925903,0.12372469156980515,0.2812545895576477,4.628248691558838,4.636786460876465,False
test,0.5082308650016785,0.12777778506278992,0.31741833686828613,0.25011441111564636,0.12005278468132019,0.26392650604248047,4.716370582580566,4.72374963760376,False
train,0.508647620677948,0.05476190522313118,0.3200807571411133,0.25016531348228455,0.1164354458451271,0.2458621710538864,4.8049116134643555,4.811197757720947,False
train,0.5090643763542175,0.02460317499935627,0.32277870178222656,0.25020697712898254,0.11287403106689453,0.2270418107509613,4.8937788009643555,4.89904260635376,False
train,0.5094811320304871,0.15714286267757416,0.3255118727684021,0.2502391040325165,0.1093701720237732,0.20745420455932617,4.982866287231445,4.987183094024658,False
train,0.5098978877067566,0.17539682984352112,0.32828056812286377,0.2502613961696625,0.1059250608086586,0.1870887577533722,5.0720977783203125,5.075546741485596,False
test,0.5103146433830261,0.02063492126762867,0.3310847282409668,0.2502736747264862,0.10254059731960297,0.165937140583992,5.1613898277282715,5.164056301116943,False
train,0.5107313990592957,0.015079365111887455,0.33392417430877686,0.25027528405189514,0.09921775013208389,0.14398954808712006,5.250664710998535,5.252638339996338,False
train,0.5111481547355652,0.0396825410425663,0.3367987871170044,0.25026679039001465,0.0959576666355133,0.12124481797218323,5.33985710144043,5.341233253479004,False
train,0.5115649104118347,0.4444444477558136,0.33970868587493896,0.25024691224098206,0.09276113659143448,0.09770103543996811,5.428921222686768,5.429800510406494,False
train,0.5119816660881042,0.22460317611694336,0.3426533341407776,0.25021570920944214,0.08962956815958023,0.0733574703335762,5.517792701721191,5.518280029296875,False
test,0.5123984217643738,0.33095237612724304,0.34563329815864563,0.2501732110977173,0.08656352013349533,0.048221930861473083,5.606444358825684,5.606651782989502,False
train,0.5128151774406433,0.09444444626569748,0.34864771366119385,0.2501187324523926,0.08356368541717529,0.02229379117488861,5.694836616516113,5.69488000869751,False
train,0.5132319331169128,0.07380952686071396,0.3516967296600342,0.25005197525024414,0.08063045889139175,-0.004415035247802734,5.782958984375,5.782960891723633,False
train,0.5136486887931824,0.10634920746088028,0.35478007793426514,0.24997282028198242,0.07776468247175217,-0.03189748525619507,5.870793342590332,5.870880126953125,False
train,0.5140654444694519,0.0023809524718672037,0.3578978180885315,0.24988096952438354,0.07496655732393265,-0.060141921043395996,5.958332061767578,5.958635330200195,False
test,0.5144822001457214,0.0023809524718672037,0.36104926466941833,0.24977579712867737,0.0722363293170929,-0.08913576602935791,6.045573711395264,6.046230792999268,False
train,0.514898955821991,0.05873015895485878,0.3642345666885376,0.24965757131576538,0.06957395374774933,-0.1188628226518631,6.132549285888672,6.133701324462891,False
train,0.5153157114982605,1.0,0.3674534559249878,0.24952568113803864,0.06697984039783478,-0.1493096798658371,6.219271183013916,6.221063137054443,False
train,0.51573246717453,0.6515873074531555,0.37070587277412415,0.24937988817691803,0.06445372104644775,-0.18045690655708313,6.305775165557861,6.308357238769531,False
train,0.5161492228507996,0.2023809552192688,0.37399163842201233,0.249220073223114,0.06199551373720169,-0.21228665113449097,6.392106056213379,6.395630359649658,False
test,0.5165659785270691,0.009523809887468815,0.3773103356361389,0.24904592335224152,0.05960473790764809,-0.24477708339691162,6.478309631347656,6.4829325675964355,False
train,0.5169827342033386,0.02777777798473835,0.380662202835083,0.2488572597503662,0.057281434535980225,-0.2779039740562439,6.564469337463379,6.570349216461182,False
train,0.5173994302749634,0.0055555556900799274,0.3840465843677521,0.24865378439426422,0.055025290697813034,-0.31164467334747314,6.650626182556152,6.657923698425293,False
train,0.5178161859512329,0.18412698805332184,0.3874642252922058,0.2484351545572281,0.052835140377283096,-0.34597939252853394,6.736900806427002,6.745779037475586,False
train,0.5182329416275024,0.3682539761066437,0.3909147381782532,0.24820129573345184,0.05071060732007027,-0.38087916374206543,6.823385238647461,6.834007263183594,False
test,0.518649697303772,0.0055555556900799274,0.3943983018398285,0.24795220792293549,0.04865133762359619,-0.4163190722465515,6.910186767578125,6.9227166175842285,False
train,0.5190664529800415,0.02698412723839283,0.3979148864746094,0.24768735468387604,0.046656373888254166,-0.4522725045681,6.997433185577393,7.012033939361572,False
train,0.519483208656311,0.0063492064364254475,0.4014644920825958,0.2474067211151123,0.044724997133016586,-0.48870378732681274,7.085260391235352,7.102094650268555,False
train,0.5198999643325806,0.0007936508045531809,0.4050474762916565,0.24711018800735474,0.04285607859492302,-0.5255864858627319,7.173826217651367,7.193053722381592,False
train,0.5203167200088501,0.0,0.40866413712501526,0.24679751694202423,0.041049111634492874,-0.5628929734230042,7.263296127319336,7.2850751876831055,False
test,0.5207334756851196,0.0007936508045531809,0.41231468319892883,0.246468648314476,0.039302874356508255,-0.6005859971046448,7.353860855102539,7.378345012664795,False
train,0.5211502313613892,0.007936508394777775,0.41599950194358826,0.24612334370613098,0.037616387009620667,-0.6386380791664124,7.4457244873046875,7.473062992095947,False
train,0.5215669870376587,0.0007936508045531809,0.41971927881240845,0.24576185643672943,0.03598843142390251,-0.6770070791244507,7.539102554321289,7.569438934326172,False
train,0.5219837427139282,0.0007936508045531809,0.42347466945648193,0.24538342654705048,0.034418120980262756,-0.7156659364700317,7.634259223937988,7.667730331420898,False
train,0.5224004983901978,0.011904762126505375,0.4272661507129669,0.2449886053800583,0.03290417790412903,-0.7545723915100098,7.731434345245361,7.768169403076172,False
test,0.5228172540664673,0.0015873016091063619,0.43109434843063354,0.24457690119743347,0.03144542872905731,-0.7936906814575195,7.83091402053833,7.87103271484375,False
train,0.5232340097427368,0.0,0.4349607527256012,0.2441485971212387,0.030040571466088295,-0.832983136177063,7.933018684387207,7.976631164550781,False
train,0.5236507654190063,0.0015873016091063619,0.4388658404350281,0.2437034249305725,0.02868851087987423,-0.872411847114563,8.038067817687988,8.085272789001465,False
train,0.5240675210952759,0.0007936508045531809,0.4428115785121918,0.24324145913124084,0.02738790400326252,-0.9119345545768738,8.146417617797852,8.197300910949707,False
train,0.5244842767715454,0.004761904943734407,0.446798712015152,0.2427625060081482,0.02613747864961624,-0.9515092372894287,8.258453369140625,8.313087463378906,False
test,0.5249010324478149,0.008730159141123295,0.4508289396762848,0.24226704239845276,0.024935852736234665,-0.9910980463027954,8.37457275390625,8.433014869689941,False
train,0.5253177881240845,0.02142857201397419,0.4549040198326111,0.24175477027893066,0.023781897500157356,-1.0306555032730103,8.495200157165527,8.55749225616455,False
train,0.525734543800354,0.03015873022377491,0.45902571082115173,0.24122580885887146,0.022674214094877243,-1.0701369047164917,8.620787620544434,8.686954498291016,False
train,0.5261512994766235,0.04285714402794838,0.46319618821144104,0.24067997932434082,0.02161148376762867,-1.1094990968704224,8.751805305480957,8.821852684020996,False
train,0.5265680551528931,0.26428571343421936,0.46741774678230286,0.24011759459972382,0.020592357963323593,-1.1487029790878296,8.888753890991211,8.96267032623291,False
test,0.5269848108291626,0.3182539641857147,0.47169265151023865,0.2395389825105667,0.019615614786744118,-1.1877009868621826,9.032119750976562,9.109874725341797,False
train,0.5274015665054321,0.1587301641702652,0.4760238826274872,0.23894397914409637,0.018679900094866753,-1.22645103931427,9.182435035705566,9.263978004455566,False
train,0.5278183221817017,0.380952388048172,0.4804143011569977,0.238332599401474,0.01778390258550644,-1.26491117477417,9.340231895446777,9.425493240356445,False
train,0.5282350778579712,0.6095238327980042,0.48486682772636414,0.2377050668001175,0.01692632958292961,-1.303044080734253,9.506007194519043,9.59489917755127,False
train,0.528651773929596,0.5706349015235901,0.4893845021724701,0.2370619773864746,0.016106106340885162,-1.340803861618042,9.680265426635742,9.77268123626709,False
test,0.5290685296058655,0.8849206566810608,0.49397173523902893,0.2364029735326767,0.015321657061576843,-1.378167748451233,9.863534927368164,9.9593505859375,False
train,0.529485285282135,0.8420634865760803,0.4986320734024048,0.23572850227355957,0.014571893028914928,-1.4151006937026978,10.056253433227539,10.155330657958984,True
train,0.5299020409584045,0.6007936596870422,0.503369152545929,0.2350386083126068,0.01385554764419794,-1.4515758752822876,10.258816719055176,10.361003875732422,True
train,0.5303187966346741,0.21587301790714264,0.5081869959831238,0.23433376848697662,0.013171489350497723,-1.487570881843567,10.4715576171875,10.576690673828125,True
train,0.5307355523109436,0.25555557012557983,0.5130897760391235,0.23361411690711975,0.012518494389951229,-1.5230792760849,10.694721221923828,10.802630424499512,True
test,0.5311523079872131,0.3896825313568115,0.5180820226669312,0.23287944495677948,0.011895425617694855,-1.5580878257751465,10.928457260131836,11.038968086242676,True
train,0.5315690636634827,0.3619047701358795,0.5231678485870361,0.232130765914917,0.011301092803478241,-1.5926055908203125,11.17276382446289,11.285700798034668,True
train,0.5319858193397522,0.2944444417953491,0.528351366519928,0.23136772215366364,0.01073446124792099,-1.6266487836837769,11.427472114562988,11.54266357421875,True
train,0.5324025750160217,0.1785714328289032,0.5336372256278992,0.23059067130088806,0.01019439846277237,-1.660240650177002,11.692245483398438,11.809530258178711,True
train,0.5328193306922913,0.0912698432803154,0.5390287637710571,0.2297997921705246,0.009679869748651981,-1.6934232711791992,11.966532707214355,12.085759162902832,True
test,0.5332360863685608,0.17777778208255768,0.5445300936698914,0.22899535298347473,0.009189811535179615,-1.7262463569641113,12.249510765075684,12.370546340942383,True
train,0.5336528420448303,0.2579365074634552,0.5501444339752197,0.2281775176525116,0.008723273873329163,-1.7587801218032837,12.54013729095459,12.662873268127441,True
train,0.5340695977210999,0.4039682447910309,0.5558743476867676,0.22734616696834564,0.008279247209429741,-1.7911056280136108,12.837060928344727,12.961411476135254,True
train,0.5344863533973694,0.1547619104385376,0.5617225766181946,0.2265014946460724,0.007856791839003563,-1.8233212232589722,13.13862133026123,13.264533996582031,True
train,0.5349031090736389,0.06190476194024086,0.5676895976066589,0.22564394772052765,0.0074549708515405655,-1.8555339574813843,13.442842483520508,13.57029914855957,True
test,0.5353198647499084,0.12619048357009888,0.57377690076828,0.22477291524410248,0.007072917651385069,-1.8878650665283203,13.747486114501953,13.876505851745605,True
train,0.535736620426178,0.1388888955116272,0.5799834132194519,0.22388856112957,0.006709766108542681,-1.9204519987106323,14.049938201904297,14.180582046508789,True
train,0.5361533761024475,0.03412698581814766,0.586307942867279,0.22299101948738098,0.006364680361002684,-1.953434705734253,14.347363471984863,14.479735374450684,True
train,0.536570131778717,0.02222222276031971,0.5927470326423645,0.22207947075366974,0.006036838516592979,-1.98695969581604,14.63663101196289,14.770882606506348,True
train,0.5369868874549866,0.0015873016091063619,0.5992967486381531,0.22115440666675568,0.005725486669689417,-2.0211775302886963,14.91445255279541,15.050782203674316,True
test,0.5374036431312561,0.003968254197388887,0.6059516072273254,0.22021500766277313,0.005429865326732397,-2.056234121322632,15.177373886108398,15.316030502319336,True
train,0.5378203988075256,0.01825396902859211,0.6127045154571533,0.2192610204219818,0.00514924805611372,-2.0922725200653076,15.421886444091797,15.563167572021484,True
train,0.5382371544837952,0.8357142806053162,0.6195469498634338,0.21829229593276978,0.00488292844966054,-2.1294212341308594,15.64448356628418,15.788740158081055,True
train,0.5386539101600647,0.9396825432777405,0.6264687776565552,0.21730802953243256,0.004630249459296465,-2.167792320251465,15.841768264770508,15.989400863647461,True
train,0.5390706658363342,0.46587300300598145,0.6334588527679443,0.2163078784942627,0.004390571732074022,-2.20747971534729,16.010541915893555,16.162004470825195,True
test,0.5394874215126038,0.02460317499935627,0.6405047178268433,0.21529124677181244,0.0041632624343037605,-2.248556613922119,16.147890090942383,16.303691864013672,True
train,0.5399041175842285,0.09047619253396988,0.6475910544395447,0.21425752341747284,0.003947748802602291,-2.2910516262054443,16.251262664794922,16.41196060180664,True
train,0.540320873260498,0.44603174924850464,0.6547060608863831,0.2132062315940857,0.0037434278056025505,-2.334996223449707,16.318613052368164,16.484821319580078,True
train,0.5407376289367676,0.7865079641342163,0.6618325710296631,0.21213652193546295,0.0035497660282999277,-2.380364179611206,16.348360061645508,16.5207462310791,True
train,0.5411543846130371,0.711904764175415,0.6689544320106506,0.21104805171489716,0.0033662423957139254,-2.4271063804626465,16.339508056640625,16.518787384033203,True
test,0.5415711402893066,0.6166666746139526,0.6760565638542175,0.20994038879871368,0.0031923481728881598,-2.47514271736145,16.291658401489258,16.478607177734375,True
train,0.5419878959655762,0.1071428582072258,0.6831215620040894,0.20881257951259613,0.0030276125762611628,-2.5243654251098633,16.205020904541016,16.400461196899414,True
train,0.5424046516418457,0.32301586866378784,0.690133810043335,0.20766448974609375,0.0028715746011584997,-2.5746443271636963,16.080337524414062,16.285146713256836,True
train,0.5428214073181152,0.8682539463043213,0.6970774531364441,0.20649570226669312,0.0027237883768975735,-2.6258206367492676,15.918963432312012,16.13407325744629,True
train,0.5432381629943848,0.938095211982727,0.7039377689361572,0.20530617237091064,0.0025838417932391167,-2.6777260303497314,15.722728729248047,15.949119567871094,True
test,0.5436549186706543,0.9595237970352173,0.7107004523277283,0.20409511029720306,0.0024513357784599066,-2.7301759719848633,15.493875503540039,15.732579231262207,True
train,0.5440716743469238,0.9730158448219299,0.7173527479171753,0.2028626650571823,0.0023258875589817762,-2.7829785346984863,15.235003471374512,15.487100601196289,True
train,0.5444884300231934,0.9785714149475098,0.7238824367523193,0.2016085386276245,0.002207130426540971,-2.8359363079071045,14.949020385742188,15.215641975402832,True
train,0.5449051856994629,0.9634920358657837,0.7302794456481934,0.2003328949213028,0.002094716066494584,-2.888864040374756,14.638933181762695,14.921257019042969,True
train,0.5453219413757324,0.9674603343009949,0.7365335822105408,0.1990356594324112,0.0019883178174495697,-2.9415652751922607,14.307929039001465,14.607177734375,True
test,0.545738697052002,0.973809540271759,0.7426372766494751,0.19771718978881836,0.0018876229878515005,-2.9938695430755615,13.959177017211914,14.276619911193848,True
train,0.5461554527282715,0.9642857313156128,0.7485835552215576,0.19637733697891235,0.001792325172573328,-3.045602560043335,13.595829963684082,13.932777404785156,True
train,0.546572208404541,0.9579365253448486,0.7543670535087585,0.1950167864561081,0.0017021459061652422,-3.0966148376464844,13.220908164978027,13.578712463378906,True
train,0.5469889640808105,0.9658730030059814,0.7599838376045227,0.19363568723201752,0.0016168131260201335,-3.146773338317871,12.837241172790527,13.217296600341797,True
train,0.5474057197570801,0.9698412418365479,0.7654306292533875,0.19223438203334808,0.0015360679244622588,-3.1959495544433594,12.447556495666504,12.85129451751709,True
test,0.5478224754333496,0.9904761910438538,0.7707058191299438,0.19081327319145203,0.00145966827403754,-3.244044065475464,12.05426025390625,12.483148574829102,True
train,0.5482392311096191,0.9833333492279053,0.7758080959320068,0.18937306106090546,0.0013873769203200936,-3.2909677028656006,11.659586906433105,12.115133285522461,True
train,0.5486559867858887,0.9690476059913635,0.7807374000549316,0.18791435658931732,0.0013189786113798618,-3.336655378341675,11.265454292297363,11.749201774597168,True
train,0.5490727424621582,0.9690476059913635,0.7854945063591003,0.18643724918365479,0.0012542620534077287,-3.3810408115386963,10.873616218566895,11.387140274047852,True
train,0.5494894981384277,0.970634937286377,0.790080189704895,0.1849425882101059,0.0011930294567719102,-3.424085855484009,10.485515594482422,11.030430793762207,True
test,0.5499062538146973,0.9817460179328918,0.7944971323013306,0.1834307760000229,0.0011350911809131503,-3.465764045715332,10.102364540100098,10.680322647094727,True
train,0.5503230094909668,0.9857142567634583,0.7987472414970398,0.18190249800682068,0.001080270390957594,-3.506052255630493,9.72520637512207,10.33789348602295,True
train,0.5507397651672363,0.9865079522132874,0.8028333187103271,0.1803583949804306,0.0010283981682732701,-3.5449514389038086,9.354816436767578,10.003962516784668,True
train,0.5511564612388611,0.9801587462425232,0.8067578077316284,0.17879930138587952,0.0009793211938813329,-3.5824575424194336,8.991902351379395,9.679271697998047,False
train,0.5515732169151306,0.970634937286377,0.8105249404907227,0.17722538113594055,0.0009328710730187595,-3.618584156036377,8.636820793151855,9.36423110961914,False
test,0.5519899725914001,0.9714285731315613,0.814137876033783,0.17563706636428833,0.0008889145101420581,-3.6533496379852295,8.2899169921875,9.059231758117676,False
train,0.5524067282676697,0.9714285731315613,0.8175999522209167,0.17403528094291687,0.0008473138441331685,-3.686774969100952,7.951411247253418,8.764545440673828,False
train,0.5528234839439392,0.9801587462425232,0.8209145069122314,0.17242063581943512,0.0008079414837993681,-3.718888998031616,7.6213884353637695,8.48031234741211,False
train,0.5532402396202087,0.9658730030059814,0.8240852952003479,0.1707932949066162,0.0007706741453148425,-3.749716281890869,7.2998151779174805,8.206562995910645,False
train,0.5536569952964783,0.9785714149475098,0.8271162509918213,0.1691543310880661,0.0007353981491178274,-3.779301881790161,6.986645698547363,7.943320274353027,False
test,0.5540737509727478,0.9690476059913635,0.8300101161003113,0.16750362515449524,0.0007020036573521793,-3.8076672554016113,6.681729316711426,7.690503120422363,False
train,0.5544905066490173,0.9730158448219299,0.8327715992927551,0.1658424735069275,0.0006703889812342823,-3.834861993789673,6.384870529174805,7.448002338409424,False
train,0.5549072623252869,0.9666666388511658,0.8354024887084961,0.16417060792446136,0.0006404542946256697,-3.8609166145324707,6.095829963684082,7.215664863586426,False
train,0.5553240180015564,0.9634920358657837,0.837907075881958,0.1624889373779297,0.0006121099577285349,-3.8858752250671387,5.814356327056885,6.993337154388428,False
train,0.5557407736778259,0.9785714149475098,0.8402881026268005,0.16079770028591156,0.0005852679605595767,-3.909773588180542,5.540153980255127,6.780828475952148,False
test,0.5561575293540955,0.9777777791023254,0.8425487875938416,0.15909768640995026,0.0005598451825790107,-3.9326541423797607,5.2729268074035645,6.577957630157471,False
train,0.556574285030365,0.9849206209182739,0.8446921706199646,0.15738864243030548,0.000535765488166362,-3.9545440673828125,5.012365341186523,6.384530067443848,False
train,0.5569910407066345,0.9753968119621277,0.8467207551002502,0.1556716114282608,0.0005129558849148452,-3.9754958152770996,4.758131980895996,6.200354099273682,False
train,0.557407796382904,0.9801587462425232,0.8486371040344238,0.15394677221775055,0.0004913462325930595,-3.9955391883850098,4.509902477264404,6.025243282318115,False
train,0.5578245520591736,0.970634937286377,0.8504436612129211,0.15221452713012695,0.00047087151324376464,-4.014707565307617,4.267370223999023,5.85903787612915,False
test,0.5582413077354431,0.9817460179328918,0.8521428108215332,0.15047498047351837,0.0004514693282544613,-4.033037185668945,4.030196666717529,5.701567649841309,False
train,0.5586580634117126,0.9801587462425232,0.8537372350692749,0.14872883260250092,0.00043308190652169287,-4.050563335418701,3.7980618476867676,5.552687168121338,False
train,0.5590748190879822,0.9833333492279053,0.8552286028862,0.14697615802288055,0.00041565479477867484,-4.067314624786377,3.57064151763916,5.412257194519043,False
train,0.5594915747642517,0.9571428298950195,0.8566188812255859,0.14521753787994385,0.0003991348494309932,-4.083325386047363,3.347626209259033,5.280165195465088,False
train,0.5599083304405212,0.9642857313156128,0.857909619808197,0.14345316588878632,0.0003834731178358197,-4.098622798919678,3.12869930267334,5.156303405761719,False
test,0.5603250861167908,0.9603174328804016,0.8591032028198242,0.14168336987495422,0.0003686245472636074,-4.113234519958496,2.913564682006836,5.040590763092041,False
train,0.5607418417930603,0.4126984179019928,0.8602006435394287,0.13990797102451324,0.00035454463795758784,-4.127174377441406,2.701904773712158,4.93293571472168,False
train,0.5611585974693298,0.3698412775993347,0.8612031936645508,0.13812796771526337,0.00034119238262064755,-4.140482425689697,2.4934370517730713,4.833303451538086,False
train,0.5615753531455994,0.908730149269104,0.8621125817298889,0.13634315133094788,0.0003285289276391268,-4.15316915512085,2.2878525257110596,4.74163293838501,False
train,0.5619921088218689,0.9920634627342224,0.862930178642273,0.13455389440059662,0.0003165174857713282,-4.165257453918457,2.0848612785339355,4.657898426055908,False
test,0.5624088644981384,0.9722222089767456,0.8636566400527954,0.13276052474975586,0.00030512368539348245,-4.176766872406006,1.884164810180664,4.582080364227295,False
train,0.5628255605697632,0.9753968119621277,0.864293098449707,0.130963534116745,0.0002943167637567967,-4.187710285186768,1.6855084896087646,4.51418399810791,False
train,0.5632423162460327,0.9825396537780762,0.8648403286933899,0.1291625052690506,0.00028406205819919705,-4.1981000900268555,1.488532304763794,4.454185962677002,False
train,0.5636590719223022,0.9817460179328918,0.8652987480163574,0.12735819816589355,0.00027433299692347646,-4.207955837249756,1.2929718494415283,4.402121067047119,False
train,0.5640758275985718,0.9849206209182739,0.8656694293022156,0.12555034458637238,0.00026510137831792235,-4.217270374298096,1.0985286235809326,4.357996463775635,False
test,0.5644925832748413,0.9722222089767456,0.8659526705741882,0.12373947352170944,0.00025634211488068104,-4.2260613441467285,0.9049026370048523,4.321856498718262,False
train,0.5649093389511108,0.9873015880584717,0.8661484718322754,0.12192605435848236,0.00024803043925203383,-4.234338283538818,0.7117862105369568,4.293746471405029,False
train,0.5653260946273804,0.9825396537780762,0.8662575483322144,0.12010998278856277,0.00024014388327486813,-4.242091178894043,0.5188692808151245,4.273705959320068,False
train,0.5657428503036499,0.9896825551986694,0.8662794232368469,0.1182914674282074,0.00023266042990144342,-4.249324798583984,0.32583165168762207,4.261798858642578,False
train,0.5661596059799194,0.9920634627342224,0.8662145137786865,0.11647085100412369,0.0002255598083138466,-4.256035804748535,0.13234460353851318,4.258092880249023,False
test,0.566576361656189,0.9888888597488403,0.8660622239112854,0.11464841663837433,0.0002188231301261112,-4.262218475341797,-0.06191825866699219,4.262668132781982,False
train,0.5669931173324585,0.9888888597488403,0.8658222556114197,0.11282418668270111,0.00021243181254249066,-4.26786470413208,-0.25730931758880615,4.275614261627197,False
train,0.567409873008728,0.9833333492279053,0.8654942512512207,0.11099838465452194,0.00020636919362004846,-4.272956371307373,-0.454185426235199,4.297026634216309,False
train,0.5678266286849976,0.9888888597488403,0.8650779128074646,0.1091715544462204,0.00020061897521372885,-4.277492523193359,-0.6529003381729126,4.327033519744873,False
train,0.5682433843612671,0.9801587462425232,0.864572286605835,0.10734345018863678,0.00019516625616233796,-4.281440258026123,-0.8538458943367004,4.365751266479492,False
test,0.5686601400375366,0.9849206209182739,0.8639757037162781,0.1055147647857666,0.00018999668827746063,-4.284792900085449,-1.0574095249176025,4.413339138031006,False
train,0.5690768957138062,0.9682539701461792,0.8632878065109253,0.1036854162812233,0.0001850966946221888,-4.287517070770264,-1.2639884948730469,4.46995210647583,False
train,0.5694936513900757,0.9698412418365479,0.862507164478302,0.10185588896274567,0.00018045380420517176,-4.289595603942871,-1.4740132093429565,4.535784721374512,False
train,0.5699104070663452,0.9865079522132874,0.8616320490837097,0.10002654045820236,0.00017605624452698976,-4.291000843048096,-1.6879149675369263,4.611045837402344,False
train,0.5703271627426147,0.9841269850730896,0.8606609106063843,0.09819725900888443,0.0001718926796456799,-4.291685104370117,-1.906120777130127,4.6959404945373535,False
test,0.5707439184188843,0.9793650507926941,0.8595922589302063,0.09636887907981873,0.00016795260307844728,-4.291635036468506,-2.1291205883026123,4.790750026702881,False
train,0.5711606740951538,0.9801587462425232,0.8584237098693848,0.09454134106636047,0.00016422617773059756,-4.29080057144165,-2.3573899269104004,4.89573860168457,False
train,0.5715774297714233,0.9666666388511658,0.8571531772613525,0.09271502494812012,0.00016070423589553684,-4.289139270782471,-2.5914053916931152,5.011197090148926,False
train,0.5719941854476929,0.9865079522132874,0.8557780385017395,0.09089028835296631,0.00015737795911263674,-4.286607265472412,-2.831683397293091,5.137454032897949,False
train,0.5724109411239624,0.9746031761169434,0.8542962670326233,0.08906768262386322,0.00015423903823830187,-4.283163547515869,-3.078725576400757,5.274849891662598,False
test,0.5728276968002319,0.9865079522132874,0.8527044057846069,0.08724736422300339,0.00015128011000342667,-4.278750419616699,-3.3330774307250977,5.4237542152404785,False
train,0.5732444524765015,0.9674603343009949,0.8509994745254517,0.08542992919683456,0.00014849398576188833,-4.273318290710449,-3.5952775478363037,5.584556579589844,False
train,0.573661208152771,0.9785714149475098,0.8491777777671814,0.08361560106277466,0.00014587363693863153,-4.2668046951293945,-3.865874767303467,5.757656574249268,False
train,0.5740779042243958,0.9809523820877075,0.847237229347229,0.08180534839630127,0.00014341309724841267,-4.259159088134766,-4.1453857421875,5.943455219268799,False
train,0.5744946599006653,0.9730158448219299,0.8451725244522095,0.0799989253282547,0.00014110626943875104,-4.250307559967041,-4.434427261352539,6.142414569854736,False
test,0.5749114155769348,0.9777777791023254,0.8429805040359497,0.07819737493991852,0.0001389480457874015,-4.240198135375977,-4.733532905578613,6.3549675941467285,False
train,0.5753281712532043,0.9904761910438538,0.8406567573547363,0.07640094310045242,0.00013693301298189908,-4.228745937347412,-5.04322624206543,6.581521034240723,False
train,0.5757449269294739,0.9865079522132874,0.8381965756416321,0.07461034506559372,0.00013505673268809915,-4.2158894538879395,-5.364071846008301,6.822535514831543,False
train,0.5761616826057434,0.973809540271759,0.8355958461761475,0.07282600551843643,0.000133314446429722,-4.201539993286133,-5.696549892425537,7.078391075134277,False
train,0.5765784382820129,0.976190447807312,0.8328490257263184,0.07104883342981339,0.00013170285092201084,-4.185643196105957,-6.041182994842529,7.349524021148682,False
test,0.5769951939582825,0.9785714149475098,0.8299518823623657,0.06927944719791412,0.00013021747872699052,-4.16810417175293,-6.398388862609863,7.636260509490967,False
train,0.577411949634552,0.9746031761169434,0.8268988132476807,0.06751827150583267,0.0001288554776692763,-4.148836135864258,-6.76859712600708,7.938938617706299,False
train,0.5778287053108215,0.9912698268890381,0.8236844539642334,0.0657663494348526,0.00012761354446411133,-4.127767086029053,-7.152148246765137,8.25782585144043,False
train,0.5782454609870911,0.9801587462425232,0.8203035593032837,0.06402414292097092,0.00012648897245526314,-4.104794979095459,-7.549333572387695,8.593124389648438,False
train,0.5786622166633606,0.9849206209182739,0.8167501091957092,0.06229284033179283,0.0001254790840903297,-4.079852104187012,-7.960339069366455,8.944952964782715,False
test,0.5790789723396301,0.9753968119621277,0.8130189776420593,0.06057301163673401,0.0001245817547896877,-4.0528364181518555,-8.385289192199707,9.313353538513184,False
train,0.5794957280158997,0.9849206209182739,0.8091045022010803,0.058865614235401154,0.00012379526742734015,-4.023656845092773,-8.82415771484375,9.698225021362305,False
train,0.5799124836921692,0.9777777791023254,0.8050004839897156,0.05717155709862709,0.00012311761383898556,-3.99223256111145,-9.276829719543457,10.099380493164062,True
train,0.5803292393684387,0.9746031761169434,0.8007020354270935,0.05549180507659912,0.0001225472951773554,-3.958468437194824,-9.743001937866211,10.51644229888916,True
train,0.5807459950447083,0.973809540271759,0.7962033152580261,0.05382709205150604,0.0001220832928083837,-3.9222657680511475,-10.222259521484375,10.9489164352417,True
test,0.5811627507209778,0.9714285731315613,0.7914993166923523,0.052178796380758286,0.00012172454444225878,-3.883561849594116,-10.713953018188477,11.396088600158691,True
train,0.5815795063972473,0.9698412418365479,0.7865856289863586,0.05054798349738121,0.00012147036613896489,-3.8422725200653076,-11.217235565185547,11.857041358947754,True
train,0.5819962620735168,0.9730158448219299,0.7814573645591736,0.04893545061349869,0.00012132033589296043,-3.7983109951019287,-11.731134414672852,12.330721855163574,True
train,0.5824130177497864,0.988095223903656,0.7761104106903076,0.04734242334961891,0.00012127406080253422,-3.7516114711761475,-12.254325866699219,12.815735816955566,True
train,0.5828297734260559,0.9793650507926941,0.7705424427986145,0.045770272612571716,0.00012133167183492333,-3.702126979827881,-12.78527545928955,13.31048583984375,True
test,0.5832465291023254,0.9730158448219299,0.7647497653961182,0.044219762086868286,0.00012149354006396607,-3.6497838497161865,-13.322254180908203,13.813159942626953,True
train,0.583663284778595,0.9769841432571411,0.7587306499481201,0.04269241914153099,0.00012175983283668756,-3.5945677757263184,-13.863200187683105,14.321635246276855,True
train,0.5840800404548645,0.9785714149475098,0.7524847388267517,0.04118936136364937,0.0001221317215822637,-3.5364463329315186,-14.405793190002441,14.83351993560791,True
train,0.584496796131134,0.976190447807312,0.7460115551948547,0.03971167653799057,0.00012260994117241353,-3.475410223007202,-14.947514533996582,15.346226692199707,True
train,0.5849135518074036,0.9785714149475098,0.7393122315406799,0.03826061263680458,0.0001231957139680162,-3.411471128463745,-15.485554695129395,15.856876373291016,True
test,0.5853302478790283,0.9746031761169434,0.7323909997940063,0.03683765232563019,0.00012389058247208595,-3.344681739807129,-16.01680564880371,16.362302780151367,True
train,0.5857470035552979,0.9801587462425232,0.7252484560012817,0.03544339910149574,0.00012469633657019585,-3.275062322616577,-16.538169860839844,16.859333038330078,True
train,0.5861637592315674,0.973809540271759,0.7178915739059448,0.034079380333423615,0.00012561508629005402,-3.2027194499969482,-17.046173095703125,17.34443473815918,True
train,0.5865805149078369,0.9698412418365479,0.7103261947631836,0.03274660184979439,0.00012664901441894472,-3.127753734588623,-17.53731918334961,17.814050674438477,True
train,0.5869972705841064,0.9730158448219299,0.7025610208511353,0.031446125358343124,0.00012780085671693087,-3.050295352935791,-18.007991790771484,18.264503479003906,True
test,0.587414026260376,0.9714285731315613,0.6946049928665161,0.03017888218164444,0.00012907315976917744,-2.9705026149749756,-18.45458221435547,18.692123413085938,True
train,0.5878307819366455,0.9555555582046509,0.6864691972732544,0.028945915400981903,0.0001304695470025763,-2.8885750770568848,-18.873544692993164,19.093311309814453,True
train,0.588247537612915,0.932539701461792,0.678166925907135,0.027748024091124535,0.0001319935399806127,-2.804724931716919,-19.26144790649414,19.464580535888672,True
train,0.5886642932891846,0.9285714030265808,0.6697111129760742,0.026585863903164864,0.0001336487039225176,-2.719187021255493,-19.615093231201172,19.80267333984375,True
train,0.5890810489654541,0.8007936477661133,0.6611170768737793,0.025460142642259598,0.00013543927343562245,-2.632232904434204,-19.93151092529297,20.104570388793945,True
test,0.5894978046417236,0.7404761910438538,0.6524017453193665,0.024371448904275894,0.00013737010885961354,-2.5441524982452393,-20.20808982849121,20.367610931396484,True
train,0.5899145603179932,0.7126984000205994,0.6435813903808594,0.023319993168115616,0.0001394459541188553,-2.4552340507507324,-20.442665100097656,20.58957862854004,True
train,0.5903313159942627,0.18174603581428528,0.6346746683120728,0.022306127473711967,0.00014167200424708426,-2.3657984733581543,-20.633506774902344,20.768693923950195,True
train,0.5907480716705322,0.13809524476528168,0.6257001757621765,0.02133001759648323,0.00014405416732188314,-2.276172637939453,-20.7794189453125,20.90371322631836,True
train,0.5911648273468018,0.16031746566295624,0.6166770458221436,0.020391657948493958,0.00014659849693998694,-2.1866843700408936,-20.879772186279297,20.99396324157715,True
test,0.5915815830230713,0.05476190522313118,0.6076242327690125,0.01949082873761654,0.0001493124436819926,-2.0976507663726807,-20.93451690673828,21.03934669494629,True
train,0.5919983386993408,0.0793650820851326,0.5985608100891113,0.018627317622303963,0.00015220198838505894,-2.009397506713867,-20.944154739379883,21.040325164794922,True
train,0.5924150943756104,0.04047619178891182,0.5895060896873474,0.017800787463784218,0.00015527532377745956,-1.9222393035888672,-20.909826278686523,20.997995376586914,True
train,0.5928318500518799,0.06904762238264084,0.5804771184921265,0.01701054349541664,0.00015854065713938326,-1.8364505767822266,-20.833148956298828,20.9139347076416,True
train,0.5932486057281494,0.10952381044626236,0.5714922547340393,0.01625611074268818,0.00016200717072933912,-1.7523202896118164,-20.716289520263672,20.790267944335938,True
test,0.593665361404419,0.12936508655548096,0.5625675916671753,0.015536659397184849,0.00016568356659263372,-1.6700900793075562,-20.561845779418945,20.629558563232422,True
train,0.5940821170806885,0.15000000596046448,0.5537177920341492,0.014851289801299572,0.0001695801183814183,-1.5899752378463745,-20.372791290283203,20.434741973876953,True
train,0.594498872756958,0.15158730745315552,0.5449564456939697,0.014199073426425457,0.00017370788555126637,-1.5121694803237915,-20.152389526367188,20.209043502807617,True
train,0.5949156284332275,0.17619048058986664,0.5362971425056458,0.013579116202890873,0.0001780780148692429,-1.436851143836975,-19.904199600219727,19.95599365234375,True
train,0.5953323841094971,0.27142858505249023,0.5277495384216309,0.012990199029445648,0.00018270300643052906,-1.364137053489685,-19.6318359375,19.67917251586914,True
test,0.5957491397857666,0.3174603283405304,0.5193240642547607,0.012431304901838303,0.0001875952584668994,-1.2941420078277588,-19.339046478271484,19.382299423217773,True
train,0.5961658954620361,0.2650793790817261,0.5110273361206055,0.01190116349607706,0.00019276952662039548,-1.226928949356079,-19.02951431274414,19.06902503967285,True
train,0.5965826511383057,0.28730159997940063,0.5028662085533142,0.01139871496707201,0.00019824033370241523,-1.1625570058822632,-18.706878662109375,18.74296760559082,True
train,0.5969993472099304,0.18412698805332184,0.4948466420173645,0.010922708548605442,0.0002040225372184068,-1.1010438203811646,-18.37466812133789,18.40762710571289,True
train,0.5974161028862,0.1349206417798996,0.48696932196617126,0.010471927002072334,0.00021013463265262544,-1.042380928993225,-18.036062240600586,18.066158294677734,True
test,0.5978328585624695,0.1865079402923584,0.47923770546913147,0.010045149363577366,0.00021659393678419292,-0.9865439534187317,-17.69416618347168,17.721647262573242,True
train,0.598249614238739,0.22063492238521576,0.47165215015411377,0.00964121613651514,0.00022341958538163453,-0.9334916472434998,-17.35174560546875,17.3768367767334,True
train,0.5986663699150085,0.04920634999871254,0.4642127752304077,0.009259029291570187,0.00023063311527948827,-0.8831713199615479,-17.011274337768555,17.0341854095459,True
train,0.5990831255912781,0.0555555559694767,0.45691800117492676,0.008897379040718079,0.00023825438984204084,-0.835502564907074,-16.674909591674805,16.69582748413086,True
train,0.5994998812675476,0.09841269999742508,0.44976603984832764,0.008555236272513866,0.0002463078126311302,-0.7904090881347656,-16.344533920288086,16.363636016845703,True
test,0.5999166369438171,0.03730158880352974,0.4427536427974701,0.008231463842093945,0.00025481844204477966,-0.7477912306785583,-16.021652221679688,16.039093017578125,True
train,0.6003333926200867,0.0,0.4358774721622467,0.007925120182335377,0.000263811758486554,-0.7075579762458801,-15.707529067993164,15.723457336425781,True
train,0.6007501482963562,0.0,0.42913374304771423,0.007635172456502914,0.00027331625460647047,-0.669601321220398,-15.403129577636719,15.41767692565918,True
train,0.6011669039726257,0.0,0.42251837253570557,0.007360708899796009,0.0002833619073498994,-0.6338179707527161,-15.109150886535645,15.122438430786133,True
train,0.6015836596488953,0.0,0.41602644324302673,0.007100834511220455,0.0002939818659797311,-0.6001002192497253,-14.826030731201172,14.838171005249023,True
test,0.6020004153251648,0.0,0.40965375304222107,0.006854718085378408,0.0003052083484362811,-0.5683428645133972,-14.554024696350098,14.565117835998535,True
train,0.6024171710014343,0.0,0.40339523553848267,0.0066215284168720245,0.00031707872403785586,-0.5384369492530823,-14.293163299560547,14.303300857543945,True
train,0.6028339266777039,0.0,0.39724668860435486,0.006400557700544596,0.0003296318755019456,-0.5102841258049011,-14.043339729309082,14.052607536315918,True
train,0.6032506823539734,0.0,0.39120322465896606,0.006191062740981579,0.000342909072060138,-0.4837801456451416,-13.804272651672363,13.81274700164795,True
train,0.6036674380302429,0.0,0.38526061177253723,0.005992349237203598,0.0003569533582776785,-0.45882701873779297,-13.575597763061523,13.583349227905273,True
test,0.6040841937065125,0.0,0.3794142007827759,0.005803827662020922,0.0003718124935403466,-0.43533337116241455,-13.356818199157715,13.363910675048828,True
train,0.604500949382782,0.0,0.37366053462028503,0.005624907091259956,0.00038753607077524066,-0.4132108688354492,-13.147405624389648,13.153897285461426,True
train,0.6049177050590515,0.0,0.3679954707622528,0.005454994272440672,0.0004041787178721279,-0.39237141609191895,-12.946760177612305,12.952705383300781,True
train,0.605334460735321,0.0,0.3624151051044464,0.0052935900166630745,0.000421795470174402,-0.37273499369621277,-12.754203796386719,12.759649276733398,True
train,0.6057512164115906,0.0,0.35691696405410767,0.005140203516930342,0.00044044858077540994,-0.3542264401912689,-12.569116592407227,12.57410717010498,True
test,0.6061679720878601,0.0,0.3514973223209381,0.004994380287826061,0.0004602010012604296,-0.33677253127098083,-12.390799522399902,12.39537525177002,True
train,0.6065847277641296,0.0,0.34615403413772583,0.0048556821420788765,0.0004811242688447237,-0.32030579447746277,-12.218613624572754,12.222811698913574,True
train,0.6070014834403992,0.0007936508045531809,0.34088435769081116,0.004723723977804184,0.0005032888147979975,-0.30476292967796326,-12.051887512207031,12.055740356445312,True
train,0.6074182391166687,0.0,0.3356860876083374,0.004598128143697977,0.0005267743836157024,-0.29008421301841736,-11.889994621276855,11.893532752990723,True
train,0.6078349947929382,0.0,0.33055734634399414,0.004478526301681995,0.0005516642704606056,-0.2762124538421631,-11.732339859008789,11.735590934753418,True
test,0.608251690864563,0.0,0.3254973888397217,0.004364629741758108,0.0005780450301244855,-0.2630988657474518,-11.57838249206543,11.581371307373047,True
train,0.6086684465408325,0.0,0.32050278782844543,0.004256082233041525,0.0006060191080905497,-0.2506895661354065,-11.427536010742188,11.430285453796387,True
train,0.609085202217102,0.0,0.31557393074035645,0.004152625799179077,0.000635680858977139,-0.23894211649894714,-11.2793607711792,11.281890869140625,True
train,0.6095019578933716,0.0007936508045531809,0.31070905923843384,0.004053989425301552,0.0006671405280940235,-0.2278134524822235,-11.133398056030273,11.13572883605957,True
train,0.6099187135696411,0.0,0.3059074580669403,0.003959916532039642,0.0007005131337791681,-0.21726354956626892,-10.989246368408203,10.99139404296875,True
test,0.6103354692459106,0.0,0.30116865038871765,0.0038701866287738085,0.000735923124011606,-0.20725677907466888,-10.84655475616455,10.84853458404541,True
train,0.6107522249221802,0.0007936508045531809,0.2964915633201599,0.0037845622282475233,0.0007734972168691456,-0.19775739312171936,-10.705013275146484,10.706839561462402,True
train,0.6111689805984497,0.0031746032182127237,0.29187652468681335,0.0037028612568974495,0.0008133765659295022,-0.18873508274555206,-10.56436538696289,10.566051483154297,True
train,0.6115857362747192,0.0,0.2873223125934601,0.0036248613614588976,0.0008557118126191199,-0.1801578402519226,-10.424351692199707,10.425908088684082,True
train,0.6120024919509888,0.0007936508045531809,0.2828293740749359,0.003550387918949127,0.0009006569744087756,-0.17199867963790894,-10.284818649291992,10.286256790161133,True
test,0.6124192476272583,0.0,0.27839723229408264,0.0034793068189173937,0.0009483815520070493,-0.1642332822084427,-10.145598411560059,10.146927833557129,True
train,0.6128360033035278,0.0007936508045531809,0.27402567863464355,0.003411421785131097,0.0009990663966163993,-0.15683569014072418,-10.006583213806152,10.0078125,True
train,0.6132527589797974,0.0031746032182127237,0.2697146534919739,0.0033465884625911713,0.0010529066203162074,-0.14978359639644623,-9.867688179016113,9.86882495880127,False
train,0.6136695146560669,0.0015873016091063619,0.265464186668396,0.0032846808899194,0.0011100972769781947,-0.14305678009986877,-9.728860855102539,9.729912757873535,False
train,0.6140862703323364,0.0031746032182127237,0.26127418875694275,0.003225568914785981,0.0011708596721291542,-0.13663575053215027,-9.590081214904785,9.591054916381836,False
test,0.614503026008606,0.0,0.2571444511413574,0.003169115399941802,0.001235423143953085,-0.13050134479999542,-9.451343536376953,9.452244758605957,False
train,0.6149197816848755,0.0031746032182127237,0.25307533144950867,0.0031152113806456327,0.0013040389167144895,-0.12463702261447906,-9.312681198120117,9.313514709472656,False
train,0.615336537361145,0.0031746032182127237,0.24906636774539948,0.0030637490563094616,0.0013769610086455941,-0.11902676522731781,-9.174123764038086,9.174895286560059,False
train,0.6157532930374146,0.0023809524718672037,0.2451174259185791,0.0030146269127726555,0.0014544695150107145,-0.11365582793951035,-9.035736083984375,9.036450386047363,False
train,0.6161700487136841,0.0015873016091063619,0.24122874438762665,0.0029677432030439377,0.0015368600143119693,-0.10851012915372849,-8.897595405578613,8.8982572555542,False
test,0.6165868043899536,0.0,0.23739981651306152,0.0029230217915028334,0.0016244573052972555,-0.10357670485973358,-8.759780883789062,8.760393142700195,False
train,0.6170035600662231,0.0007936508045531809,0.2336309254169464,0.0028803618624806404,0.00171757978387177,-0.09884338080883026,-8.62240219116211,8.622968673706055,False
train,0.6174203157424927,0.0023809524718672037,0.229921355843544,0.0028396998532116413,0.0018165912479162216,-0.09429886937141418,-8.485543251037598,8.486067771911621,False
train,0.6178370714187622,0.0015873016091063619,0.2262708991765976,0.002800943097099662,0.001921868766658008,-0.08993182331323624,-8.349320411682129,8.349804878234863,False
train,0.6182538270950317,0.003968254197388887,0.22267946600914001,0.0027640433982014656,0.002033817581832409,-0.08573302626609802,-8.213850021362305,8.2142972946167,False
test,0.6186705827713013,0.0023809524718672037,0.21914666891098022,0.002728913212195039,0.002152856672182679,-0.08169244974851608,-8.079256057739258,8.079668998718262,False
train,0.6190873384475708,0.0015873016091063619,0.21567168831825256,0.002695505740121007,0.0022794422693550587,-0.07780148833990097,-7.945633888244629,7.946014881134033,False
train,0.6195040345191956,0.0007936508045531809,0.21225503087043762,0.0026637627743184566,0.002414034679532051,-0.07405225187540054,-7.813140392303467,7.813491344451904,False
train,0.6199207901954651,0.0023809524718672037,0.20889495313167572,0.002633609576150775,0.0025571812875568867,-0.07043564319610596,-7.681842803955078,7.682165622711182,False
train,0.6203375458717346,0.0007936508045531809,0.20559163391590118,0.0026050268206745386,0.002709413645789027,-0.06694535911083221,-7.551875591278076,7.552172660827637,False
test,0.6207543015480042,0.0,0.20234395563602448,0.0025779413990676403,0.002871290547773242,-0.06357389688491821,-7.4233317375183105,7.4236040115356445,False
train,0.6211710572242737,0.0023809524718672037,0.19915169477462769,0.0025523188523948193,0.0030434236396104097,-0.06031482666730881,-7.296334266662598,7.296583652496338,False
train,0.6215878129005432,0.0023809524718672037,0.19601422548294067,0.002528115641325712,0.0032264557667076588,-0.05716203153133392,-7.170979022979736,7.171206951141357,False
train,0.6220045685768127,0.0015873016091063619,0.19293050467967987,0.002505294047296047,0.0034210789017379284,-0.05410974845290184,-7.0473456382751465,7.047553539276123,False
train,0.6224213242530823,0.003968254197388887,0.18990005552768707,0.002483819145709276,0.003627993632107973,-0.05115237087011337,-6.925536632537842,6.92572546005249,False
test,0.6228380799293518,0.0023809524718672037,0.186921626329422,0.0024636562447994947,0.00384797272272408,-0.048284612596035004,-6.805612564086914,6.805783748626709,False
train,0.6232548356056213,0.0031746032182127237,0.1839948445558548,0.0024447678588330746,0.004081823863089085,-0.045501526445150375,-6.687662601470947,6.687817573547363,False
train,0.6236715912818909,0.0063492064364254475,0.18111862242221832,0.0024271367583423853,0.004330405965447426,-0.04279858618974686,-6.571741580963135,6.57188081741333,False
train,0.6240883469581604,0.0063492064364254475,0.1782921701669693,0.002410725224763155,0.0045946030877530575,-0.04017125442624092,-6.457913398742676,6.458038330078125,False
train,0.6245051026344299,0.004761904943734407,0.17551463842391968,0.002395512303337455,0.004875365179032087,-0.037615422159433365,-6.346227645874023,6.346339225769043,False
test,0.6249218583106995,0.0031746032182127237,0.1727847456932068,0.0023814847227185965,0.005173712968826294,-0.035126909613609314,-6.236720085144043,6.236818790435791,False
train,0.625338613986969,0.0031746032182127237,0.17010191082954407,0.002368609420955181,0.005490676499903202,-0.03270210698246956,-6.12943696975708,6.129523754119873,False
train,0.6257553696632385,0.0,0.16746501624584198,0.002356868237257004,0.005827378947287798,-0.030337242409586906,-6.0244035720825195,6.024479866027832,False
train,0.6261721253395081,0.0015873016091063619,0.16487324237823486,0.0023462565150111914,0.006184990517795086,-0.028029222041368484,-5.921643257141113,5.9217095375061035,False
train,0.6265888810157776,0.004761904943734407,0.16232535243034363,0.002336750738322735,0.006564762908965349,-0.02577449567615986,-5.821164608001709,5.821221351623535,False
test,0.6270056366920471,0.0015873016091063619,0.15982051193714142,0.0023283406626433134,0.006967969238758087,-0.023570025339722633,-5.722982883453369,5.723031520843506,False
train,0.6274223923683167,0.0023809524718672037,0.15735779702663422,0.0023210151121020317,0.0073959678411483765,-0.02141297608613968,-5.627101421356201,5.627141952514648,False
train,0.6278391480445862,0.0015873016091063619,0.15493625402450562,0.0023147661704570055,0.00785019714385271,-0.019300390034914017,-5.533518314361572,5.533552169799805,False
train,0.6282559037208557,0.0023809524718672037,0.1525546908378601,0.002309591742232442,0.008332200348377228,-0.017229579389095306,-5.442209243774414,5.442236423492432,False
train,0.6286726593971252,0.0,0.15021227300167084,0.002305472968146205,0.008843465708196163,-0.01519809290766716,-5.353174686431885,5.353196144104004,False
test,0.6290894150733948,0.0,0.1479080766439438,0.002302419161424041,0.009385684505105019,-0.013203265145421028,-5.266389846801758,5.266406059265137,False
train,0.6295061707496643,0.0,0.14564111828804016,0.00230042333714664,0.00996057502925396,-0.01124298945069313,-5.1818318367004395,5.1818437576293945,False
train,0.6299229264259338,0.0,0.14341041445732117,0.002299480140209198,0.010569983161985874,-0.009314889088273048,-5.099469184875488,5.099477767944336,False
train,0.6303396821022034,0.0,0.14121516048908234,0.0022996016778051853,0.011215727776288986,-0.007416771724820137,-5.019272804260254,5.019278526306152,False
train,0.6307563781738281,0.0,0.13905450701713562,0.0023007767740637064,0.011899678036570549,-0.0055467355996370316,-4.941205024719238,4.9412078857421875,False
test,0.6311731338500977,0.0,0.1369270533323288,0.002303027082234621,0.012624111026525497,-0.0037022274918854237,-4.865211009979248,4.865212440490723,False
train,0.6315898895263672,0.0,0.13483235239982605,0.0023063484113663435,0.013391083106398582,-0.001881779171526432,-4.791257381439209,4.791257858276367,False
train,0.6320066452026367,0.0,0.13276949524879456,0.0023107435554265976,0.014202788472175598,-8.32071527838707e-05,-4.719298362731934,4.719298362731934,False
train,0.6324234008789062,0.0,0.1307375282049179,0.0023162399884313345,0.015061508864164352,0.001695048063993454,-4.649280071258545,4.649280548095703,False
train,0.6328401565551758,0.0,0.1287357658147812,0.0023228332865983248,0.01596968062222004,0.00345505028963089,-4.581151008605957,4.581152439117432,False
test,0.6332569122314453,0.0,0.12676328420639038,0.0023305481299757957,0.016929756850004196,0.005198458209633827,-4.514856815338135,4.514859676361084,False
train,0.6336736679077148,0.0,0.12481953203678131,0.002339388942345977,0.017944395542144775,0.00692671537399292,-4.450345516204834,4.450350761413574,False
train,0.6340904235839844,0.0,0.12290357053279877,0.0023493850603699684,0.019016141071915627,0.00864209234714508,-4.3875532150268555,4.387561798095703,False
train,0.6345071792602539,0.0,0.12101476639509201,0.0023605397436767817,0.020147807896137238,0.010345686227083206,-4.326424598693848,4.326436996459961,False
train,0.6349239349365234,0.0,0.11915227770805359,0.002372884890064597,0.021342217922210693,0.012039590626955032,-4.26689338684082,4.266910552978516,False
test,0.635340690612793,0.0,0.11731560528278351,0.0023864428512752056,0.022602349519729614,0.013725217431783676,-4.208906650543213,4.208929061889648,False
train,0.6357574462890625,0.0,0.11550413817167282,0.0024012397043406963,0.023931104689836502,0.01540445163846016,-4.152398109436035,4.152426719665527,False
train,0.636174201965332,0.0,0.11371718347072601,0.0024172854609787464,0.025331635028123856,0.017078539356589317,-4.097305774688721,4.097341537475586,False
train,0.6365909576416016,0.0,0.11195410788059235,0.002434625057503581,0.026807162910699844,0.018749454990029335,-4.043561935424805,4.043605327606201,False
train,0.6370077133178711,0.0,0.11021430045366287,0.0024532938841730356,0.028360800817608833,0.02041926607489586,-3.9911088943481445,3.9911611080169678,False
test,0.6374244689941406,0.0,0.10849743336439133,0.002473299391567707,0.029995985329151154,0.02208893559873104,-3.9398856163024902,3.9399476051330566,False
train,0.6378412246704102,0.0,0.10680292546749115,0.0024947121273726225,0.031715914607048035,0.023761235177516937,-3.8898262977600098,3.8898987770080566,False
train,0.6382579803466797,0.0,0.1051301583647728,0.0025175297632813454,0.03352435678243637,0.025437014177441597,-3.8408682346343994,3.8409523963928223,False
train,0.6386747360229492,0.0,0.10347875207662582,0.0025418181903660297,0.03542435169219971,0.027118872851133347,-3.7929489612579346,3.793045997619629,False
train,0.6390914916992188,0.0,0.10184828191995621,0.0025676139630377293,0.03741986304521561,0.028808623552322388,-3.74600887298584,3.746119499206543,False
test,0.6395082473754883,0.0,0.10023843497037888,0.0025949478149414062,0.039514120668172836,0.03050805628299713,-3.6999924182891846,3.70011830329895,False
train,0.6399250030517578,0.0007936508045531809,0.09864881634712219,0.0026238830760121346,0.04171117767691612,0.03221941739320755,-3.6548383235931396,3.654980421066284,False
train,0.6403417587280273,0.0,0.0970788300037384,0.002654452808201313,0.04401412233710289,0.03394516929984093,-3.6104817390441895,3.6106412410736084,False
train,0.6407585144042969,0.0,0.09552847594022751,0.0026867252308875322,0.046427108347415924,0.03568743169307709,-3.566875696182251,3.567054033279419,False
train,0.6411752700805664,0.0,0.09399732202291489,0.0027207317762076855,0.04895336925983429,0.03744853660464287,-3.5239624977111816,3.5241615772247314,False
test,0.6415920257568359,0.0,0.09248489141464233,0.0027565432246774435,0.05159710347652435,0.039230890572071075,-3.4816808700561523,3.4819018840789795,False
train,0.6420087814331055,0.0,0.09099122136831284,0.0027942198794335127,0.05436123535037041,0.041037946939468384,-3.439988136291504,3.440232753753662,False
train,0.6424254775047302,0.0,0.0895160362124443,0.002833812264725566,0.057249560952186584,0.042871516197919846,-3.3988356590270996,3.399106025695801,False
train,0.6428422331809998,0.0,0.08805885165929794,0.002875386504456401,0.06026595085859299,0.044735152274370193,-3.3581631183624268,3.3584611415863037,False
train,0.6432589888572693,0.0,0.08661974221467972,0.0029190080240368843,0.06341404467821121,0.04663103073835373,-3.31793475151062,3.3182623386383057,False
test,0.6436757445335388,0.0,0.08519839495420456,0.0029647606424987316,0.0666968896985054,0.04856354743242264,-3.2781004905700684,3.2784602642059326,False
train,0.6440925002098083,0.0,0.08379466831684113,0.003012700006365776,0.07011808454990387,0.050534963607788086,-3.2386209964752197,3.2390151023864746,False
train,0.6445092558860779,0.0,0.08240839838981628,0.00306289573200047,0.07368037849664688,0.052549101412296295,-3.199453115463257,3.1998846530914307,False
train,0.6449260115623474,0.0,0.08103950321674347,0.003115443978458643,0.07738760113716125,0.054609522223472595,-3.160560369491577,3.16103196144104,False
train,0.6453427672386169,0.0,0.07968788594007492,0.0031704155262559652,0.08124224096536636,0.05671992897987366,-3.121907949447632,3.1224231719970703,False
test,0.6457595229148865,0.0,0.07835344225168228,0.0032278969883918762,0.08524748682975769,0.05888420343399048,-3.0834615230560303,3.0840237140655518,False
train,0.646176278591156,0.0,0.07703602313995361,0.003287951461970806,0.08940539509057999,0.06110575795173645,-3.045192003250122,3.045804977416992,False
train,0.6465930342674255,0.0,0.07573568820953369,0.0033507037442177534,0.09371932595968246,0.06338927894830704,-3.0070698261260986,3.007737874984741,False
train,0.6470097899436951,0.0,0.07445232570171356,0.003416220424696803,0.09819096326828003,0.06573867052793503,-2.9690723419189453,2.9697999954223633,False
train,0.6474265456199646,0.0,0.07318568229675293,0.0034845995251089334,0.10282277315855026,0.06815792620182037,-2.931166887283325,2.9319591522216797,False
test,0.6478433012962341,0.0,0.07193611562252045,0.003555932082235813,0.10761601477861404,0.0706513449549675,-2.893347978591919,2.8942105770111084,False
train,0.6482600569725037,0.0,0.07070338726043701,0.0036303335800766945,0.11257318407297134,0.07322362065315247,-2.8555898666381836,2.8565285205841064,False
train,0.6486768126487732,0.0,0.0694873034954071,0.0037078745663166046,0.11769498139619827,0.07587835192680359,-2.8178722858428955,2.8188936710357666,False
train,0.6490935683250427,0.0,0.06828813254833221,0.0037886938080191612,0.1229829490184784,0.07862105220556259,-2.7801928520202637,2.781304359436035,False
train,0.6495103240013123,0.0,0.06710579246282578,0.0038728718645870686,0.12843704223632812,0.081455759704113,-2.7425379753112793,2.7437474727630615,False
test,0.6499270796775818,0.0,0.06594017893075943,0.003960526082664728,0.13405916094779968,0.08438615500926971,-2.7048988342285156,2.7062149047851562,False
train,0.6503438353538513,0.0,0.06479134410619736,0.004051762633025646,0.13984788954257965,0.08741801977157593,-2.667271375656128,2.668703556060791,False
train,0.6507605910301208,0.0,0.06365923583507538,0.004146698396652937,0.14580440521240234,0.09055483341217041,-2.6296558380126953,2.6312146186828613,False
train,0.6511773467063904,0.0,0.06254395097494125,0.0042454334907233715,0.15192709863185883,0.09380127489566803,-2.592052698135376,2.5937492847442627,False
train,0.6515941023826599,0.0,0.061445411294698715,0.004348109010607004,0.1582167148590088,0.09716162085533142,-2.5544631481170654,2.5563101768493652,False
test,0.6520108580589294,0.0,0.06036367639899254,0.004454810172319412,0.1646701544523239,0.10064023733139038,-2.5168957710266113,2.518907070159912,False
train,0.652427613735199,0.0,0.05929863452911377,0.00456565897911787,0.17128759622573853,0.10423959791660309,-2.4793550968170166,2.4815454483032227,False
train,0.6528443694114685,0.0,0.05825040489435196,0.004680796060711145,0.178065687417984,0.10796697437763214,-2.4418551921844482,2.4442410469055176,False
train,0.653261125087738,0.0,0.05721879005432129,0.004800308030098677,0.18500401079654694,0.1118219643831253,-2.404400110244751,2.406998872756958,False
train,0.6536778211593628,0.0,0.056204091757535934,0.004924311768263578,0.19209757447242737,0.11581051349639893,-2.3670177459716797,2.36984920501709,False
test,0.6540945768356323,0.0,0.05520598590373993,0.005052974447607994,0.19934511184692383,0.1199379414319992,-2.3297111988067627,2.332796573638916,False
train,0.6545113325119019,0.0,0.05422453582286835,0.00518637103959918,0.20674370229244232,0.12420442700386047,-2.292501926422119,2.2958641052246094,False
train,0.6549280881881714,0.0,0.05325964838266373,0.00532465148717165,0.2142881155014038,0.12861678004264832,-2.25540828704834,2.2590725421905518,False
train,0.6553448438644409,0.0,0.05231134593486786,0.005467900075018406,0.2219764143228531,0.13317403197288513,-2.2184510231018066,2.222444772720337,False
train,0.6557615995407104,0.0,0.05137959122657776,0.005616264417767525,0.22980177402496338,0.13788330554962158,-2.1816518306732178,2.186004877090454,False
test,0.65617835521698,0.0,0.050464287400245667,0.0057698506861925125,0.2377614974975586,0.14274534583091736,-2.1450328826904297,2.149777412414551,False
train,0.6565951108932495,0.0,0.04956534877419472,0.005928761325776577,0.24584892392158508,0.14776375889778137,-2.1086161136627197,2.1137871742248535,False
train,0.657011866569519,0.0,0.04868274927139282,0.006093130446970463,0.25406089425086975,0.1529400646686554,-2.072425365447998,2.0780608654022217,False
train,0.6574286222457886,0.0,0.04781626537442207,0.006263100076466799,0.2623891830444336,0.15828213095664978,-2.0364813804626465,2.042623281478882,False
train,0.6578453779220581,0.0,0.04696597903966904,0.0064387246966362,0.2708301842212677,0.16378635168075562,-2.0008137226104736,2.0075061321258545,False
test,0.6582621335983276,0.0,0.04613164812326431,0.006620160304009914,0.2793756127357483,0.1694609522819519,-1.9654428958892822,1.9727349281311035,False
train,0.6586788892745972,0.0,0.0453132763504982,0.006807486526668072,0.2880215346813202,0.1753043830394745,-1.930393934249878,1.9383375644683838,False
train,0.6590956449508667,0.0007936508045531809,0.044510532170534134,0.0070008342154324055,0.2967584431171417,0.18132391571998596,-1.895682454109192,1.9043346643447876,False
train,0.6595124006271362,0.0,0.043723586946725845,0.007200312800705433,0.3055818974971771,0.18752077221870422,-1.8613454103469849,1.8707674741744995,False
train,0.6599291563034058,0.0007936508045531809,0.04295199364423752,0.007406024727970362,0.31448277831077576,0.19390031695365906,-1.8273892402648926,1.8376476764678955,False
test,0.6603459119796753,0.0007936508045531809,0.042195770889520645,0.0076180873438715935,0.3234562873840332,0.20046409964561462,-1.7938435077667236,1.8050098419189453,False
train,0.6607626676559448,0.0,0.04145469516515732,0.007836545817553997,0.33249229192733765,0.20721536874771118,-1.7607247829437256,1.7728761434555054,False
train,0.6611794233322144,0.0007936508045531809,0.040728610008955,0.008061586879193783,0.34158533811569214,0.21416142582893372,-1.7280505895614624,1.7412707805633545,False
train,0.6615961790084839,0.0,0.04001732915639877,0.00829324871301651,0.35072648525238037,0.2213035225868225,-1.6958366632461548,1.7102155685424805,False
train,0.6620129346847534,0.0,0.03932059556245804,0.008531664498150349,0.35990914702415466,0.228647381067276,-1.6640973091125488,1.6797319650650024,False
test,0.662429690361023,0.0,0.038638439029455185,0.008776909671723843,0.36912357807159424,0.23619839549064636,-1.6328542232513428,1.64984929561615,False
train,0.6628464460372925,0.0007936508045531809,0.03797045350074768,0.009029085747897625,0.3783641457557678,0.243958979845047,-1.6021099090576172,1.6205776929855347,False
train,0.663263201713562,0.0023809524718672037,0.03731660172343254,0.00928831659257412,0.38762167096138,0.251936674118042,-1.5718812942504883,1.5919431447982788,False
train,0.6636799573898315,0.0007936508045531809,0.03667658567428589,0.009554642252624035,0.3968890905380249,0.26013296842575073,-1.5421733856201172,1.563959002494812,False
train,0.6640967130661011,0.0023809524718672037,0.03605017066001892,0.009828194975852966,0.4061566889286041,0.2685566544532776,-1.5129927396774292,1.53664231300354,False
test,0.6645134687423706,0.0007936508045531809,0.03543728217482567,0.010109069757163525,0.4154191315174103,0.27720990777015686,-1.484347939491272,1.5100113153457642,False
train,0.6649301648139954,0.0007936508045531809,0.03483768180012703,0.01039727870374918,0.42466455698013306,0.2860969603061676,-1.4562427997589111,1.48408043384552,False
train,0.6653469204902649,0.0,0.03425103798508644,0.010693025775253773,0.43389132618904114,0.2952221632003784,-1.428672194480896,1.4588558673858643,False
train,0.6657636761665344,0.0,0.03367726877331734,0.010996336117386818,0.4430868625640869,0.3045913577079773,-1.4016426801681519,1.4343563318252563,False
train,0.666180431842804,0.0,0.03311610221862793,0.011307264678180218,0.45224636793136597,0.3142024278640747,-1.3751503229141235,1.4105890989303589,False
test,0.6665971875190735,0.0,0.032567329704761505,0.011626016348600388,0.46136003732681274,0.3240682780742645,-1.349192500114441,1.3875664472579956,False
train,0.667013943195343,0.0007936508045531809,0.032030753791332245,0.011952536180615425,0.47042372822761536,0.3341788351535797,-1.3237642049789429,1.3652937412261963,False
train,0.6674306988716125,0.0,0.03150629624724388,0.012286942452192307,0.4794268310070038,0.34454020857810974,-1.2988649606704712,1.343785047531128,False
train,0.6678474545478821,0.0,0.030993523076176643,0.012629354372620583,0.4883652627468109,0.3551524579524994,-1.274479866027832,1.3230390548706055,False
train,0.6682642102241516,0.0,0.030492518097162247,0.012979771941900253,0.4972308278083801,0.3660103976726532,-1.2506113052368164,1.303070306777954,False
test,0.6686809659004211,0.0007936508045531809,0.03000287525355816,0.01333833858370781,0.506016731262207,0.3771156966686249,-1.2272441387176514,1.2838786840438843,False
train,0.6690977215766907,0.0,0.029524503275752068,0.013705028221011162,0.5147175788879395,0.38845789432525635,-1.2043713331222534,1.2654682397842407,False
train,0.6695144772529602,0.0,0.0290572177618742,0.01408000010997057,0.5233253836631775,0.40003883838653564,-1.1819846630096436,1.2478456497192383,False
train,0.6699312329292297,0.0,0.028600752353668213,0.01446322537958622,0.5318364500999451,0.4118421673774719,-1.1600697040557861,1.2310060262680054,False
train,0.6703479886054993,0.0,0.028155043721199036,0.01485483255237341,0.5402436256408691,0.4238647222518921,-1.138620376586914,1.2149558067321777,False
test,0.6707647442817688,0.0,0.027719920501112938,0.015254765748977661,0.5485424995422363,0.4360887408256531,-1.1176259517669678,1.1996921300888062,False
train,0.6711814999580383,0.0007936508045531809,0.027295159175992012,0.015663089230656624,0.5567261576652527,0.4485025405883789,-1.0970724821090698,1.18520987033844,False
train,0.6715982556343079,0.0,0.02688060700893402,0.01607987843453884,0.564791738986969,0.46109241247177124,-1.0769518613815308,1.1715081930160522,False
train,0.6720150113105774,0.0,0.026476124301552773,0.016505101695656776,0.5727330446243286,0.4738386869430542,-1.0572518110275269,1.158578634262085,False
train,0.6724317669868469,0.0,0.026081595569849014,0.01693878136575222,0.5805464386940002,0.48672229051589966,-1.0379658937454224,1.1464169025421143,False
test,0.6728485226631165,0.0,0.02569684386253357,0.017380883917212486,0.5882261991500854,0.4997206926345825,-1.0190800428390503,1.1350088119506836,False
train,0.673265278339386,0.0,0.025321688503026962,0.017831401899456978,0.5957704186439514,0.5128083825111389,-1.0005861520767212,1.1243420839309692,False
train,0.6736820340156555,0.0,0.02495604194700718,0.018290361389517784,0.6031738519668579,0.5259652733802795,-0.9824754595756531,1.114404559135437,False
train,0.674098789691925,0.0,0.024599777534604073,0.018757648766040802,0.6104347109794617,0.5391571521759033,-0.9647400379180908,1.1051759719848633,False
train,0.6745155453681946,0.0,0.024252669885754585,0.01923326961696148,0.6175472736358643,0.5523627996444702,-0.9473694562911987,1.0966373682022095,False
test,0.6749323010444641,0.0,0.023914745077490807,0.019717080518603325,0.6245119571685791,0.5655429363250732,-0.9303608536720276,1.0887653827667236,False
train,0.6753490567207336,0.0,0.023585762828588486,0.020209085196256638,0.631322979927063,0.5786756873130798,-0.9137046337127686,1.0815367698669434,False
train,0.6757658123970032,0.0,0.0232656542211771,0.020709162577986717,0.6379802227020264,0.5917239189147949,-0.8973960280418396,1.074921727180481,False
train,0.6761825084686279,0.0,0.022954316809773445,0.021217109635472298,0.6444784998893738,0.6046550869941711,-0.8814314007759094,1.0688915252685547,False
train,0.6765992641448975,0.0,0.022651540115475655,0.021732984110713005,0.6508204340934753,0.6174376010894775,-0.8658013939857483,1.0634101629257202,False
test,0.677016019821167,0.0,0.022357234731316566,0.022256437689065933,0.6570017337799072,0.6300308108329773,-0.8505023717880249,1.058439016342163,False
train,0.6774327754974365,0.0,0.022071344777941704,0.022787492722272873,0.663021445274353,0.6424115896224976,-0.8355351686477661,1.053950548171997,False
train,0.677849531173706,0.0,0.021793710067868233,0.023325933143496513,0.6688778400421143,0.6545427441596985,-0.8208931684494019,1.0499008893966675,False
train,0.6782662868499756,0.0,0.021524246782064438,0.023871518671512604,0.6745715737342834,0.6663892269134521,-0.8065758943557739,1.0462501049041748,False
train,0.6786830425262451,0.0,0.02126278355717659,0.024424077942967415,0.6801009178161621,0.6779207587242126,-0.7925785183906555,1.042955994606018,False
test,0.6790997982025146,0.0,0.021009255200624466,0.0249834842979908,0.6854659914970398,0.689111053943634,-0.7789011001586914,1.0399812459945679,False
train,0.6795165538787842,0.0,0.02076355181634426,0.025549372658133507,0.6906652450561523,0.699925422668457,-0.7655423283576965,1.0372804403305054,False
train,0.6799333095550537,0.0,0.0205254964530468,0.026121649891138077,0.695701003074646,0.7103410959243774,-0.7524988651275635,1.0348135232925415,False
train,0.6803500652313232,0.0,0.0202950332313776,0.026699991896748543,0.7005711793899536,0.7203306555747986,-0.739770770072937,1.0325391292572021,False
train,0.6807668209075928,0.0,0.020072003826498985,0.027284156531095505,0.7052780389785767,0.7298712134361267,-0.7273567914962769,1.0304173231124878,False
test,0.6811835765838623,0.0,0.019856398925185204,0.02787381410598755,0.7098203897476196,0.7389395236968994,-0.7152571678161621,1.0284086465835571,False
train,0.6816003322601318,0.0,0.01964796893298626,0.02846885472536087,0.7142013311386108,0.7475221157073975,-0.7034687995910645,1.0264782905578613,False
train,0.6820170879364014,0.0,0.01944665238261223,0.029068918898701668,0.7184203863143921,0.7556009292602539,-0.6919913291931152,1.024590015411377,False
train,0.6824338436126709,0.0,0.019252365455031395,0.029673688113689423,0.7224798202514648,0.7631611227989197,-0.680824875831604,1.0227108001708984,False
train,0.6828505992889404,0.0,0.01906493678689003,0.03028292953968048,0.7263790369033813,0.7701946496963501,-0.6699651479721069,1.0208100080490112,False
test,0.68326735496521,0.0,0.01888427324593067,0.03089631348848343,0.7301223874092102,0.7766934037208557,-0.6594146490097046,1.018862247467041,False
train,0.6836841106414795,0.0,0.018710240721702576,0.031513530761003494,0.7337086796760559,0.7826496958732605,-0.6491676568984985,1.0168378353118896,False
train,0.684100866317749,0.0,0.018542788922786713,0.03213442116975784,0.7371425032615662,0.7880672216415405,-0.6392262578010559,1.0147216320037842,False
train,0.6845176219940186,0.0,0.018381690606474876,0.032758526504039764,0.7404235601425171,0.7929412722587585,-0.629584789276123,1.0124884843826294,False
train,0.6849343776702881,0.0,0.018226895481348038,0.03338563069701195,0.7435564398765564,0.7972762584686279,-0.6202424764633179,1.0101238489151,False
test,0.6853511333465576,0.0,0.0180782750248909,0.03401550278067589,0.7465412616729736,0.8010814189910889,-0.6111965179443359,1.0076173543930054,False
train,0.6857678890228271,0.0,0.017935706302523613,0.034647759050130844,0.749381959438324,0.8043605089187622,-0.6024435758590698,1.0049548149108887,False
train,0.6861846446990967,0.0,0.017799098044633865,0.03528222814202309,0.752079427242279,0.8071292638778687,-0.5939817428588867,1.0021337270736694,False
train,0.6866014003753662,0.0,0.01766827702522278,0.03591853007674217,0.7546390295028687,0.809394359588623,-0.5858052968978882,0.9991431832313538,False
train,0.6870181560516357,0.0,0.017543189227581024,0.036556441336870193,0.7570598721504211,0.8111757636070251,-0.5779118537902832,0.9959860444068909,False
test,0.6874349117279053,0.0,0.01742369681596756,0.03719571232795715,0.7593485116958618,0.812487781047821,-0.57029789686203,0.9926611185073853,False
train,0.68785160779953,0.0,0.01730966567993164,0.03783603757619858,0.7615060806274414,0.8133490085601807,-0.5629583597183228,0.9891707301139832,False
train,0.6882683634757996,0.0,0.017200984060764313,0.038477376103401184,0.7635344862937927,0.8137823939323425,-0.5558878183364868,0.9855217337608337,False
train,0.6886851191520691,0.0,0.017097555100917816,0.03911927342414856,0.765440046787262,0.8138039112091064,-0.5490826368331909,0.9817171096801758,False
train,0.6891018748283386,0.0,0.016999265179038048,0.03976166248321533,0.7672228813171387,0.8134387731552124,-0.5425370335578918,0.9777674078941345,False
test,0.6895186305046082,0.0,0.016906030476093292,0.04040426015853882,0.7688888311386108,0.8127098679542542,-0.5362468957901001,0.973682701587677,False
train,0.6899353861808777,0.0,0.016817674040794373,0.0410468615591526,0.7704390287399292,0.811639130115509,-0.5302053093910217,0.9694719314575195,False
train,0.6903521418571472,0.0,0.016734151169657707,0.04168934002518654,0.771879255771637,0.8102525472640991,-0.5244083404541016,0.9651493430137634,False
train,0.6907688975334167,0.0,0.01665533147752285,0.04233154281973839,0.773210346698761,0.808578610420227,-0.5188503265380859,0.9607315063476562,False
train,0.6911856532096863,0.0,0.016581136733293533,0.04297320917248726,0.7744375467300415,0.8066354990005493,-0.5135243535041809,0.9562259316444397,False
test,0.6916024088859558,0.0,0.01651141792535782,0.043614212423563004,0.7755638360977173,0.8044518232345581,-0.5084260702133179,0.9516510963439941,False
train,0.6920191645622253,0.0,0.016446132212877274,0.044254448264837265,0.7765941023826599,0.8020501732826233,-0.5035482048988342,0.9470191597938538,False
train,0.6924359202384949,0.0,0.016385124996304512,0.04489383101463318,0.7775297164916992,0.7994593381881714,-0.4988859295845032,0.9423494338989258,False
train,0.6928526759147644,0.0,0.016328366473317146,0.04553220793604851,0.7783764600753784,0.7966997027397156,-0.4944329857826233,0.937653660774231,False
train,0.6932694315910339,0.0007936508045531809,0.016275698319077492,0.046169452369213104,0.7791363596916199,0.793797492980957,-0.4901834726333618,0.9329492449760437,False
test,0.6936861872673035,0.0,0.016227101907134056,0.04680555313825607,0.7798148393630981,0.7907753586769104,-0.4861317276954651,0.9282509088516235,False
train,0.694102942943573,0.0,0.016182439401745796,0.0474402979016304,0.780413806438446,0.7876543998718262,-0.4822714030742645,0.9235720038414001,False
train,0.6945196986198425,0.0,0.016141632571816444,0.048073701560497284,0.7809382081031799,0.784457266330719,-0.478596568107605,0.9189275503158569,False
train,0.6949364542961121,0.0,0.016104597598314285,0.04870569333434105,0.781390905380249,0.7812063097953796,-0.4751017689704895,0.9143330454826355,False
train,0.6953532099723816,0.0,0.0160712581127882,0.04933634027838707,0.7817773818969727,0.7779228687286377,-0.4717824459075928,0.9098036289215088,False
test,0.6957699656486511,0.0,0.016041509807109833,0.04996543005108833,0.7820990085601807,0.7746233344078064,-0.4686306118965149,0.905348539352417,False
train,0.6961867213249207,0.0,0.016015321016311646,0.05059302598237991,0.7823616862297058,0.7713262438774109,-0.46564191579818726,0.9009808897972107,False
train,0.6966034770011902,0.0,0.015992609784007072,0.05121910572052002,0.7825672626495361,0.768051266670227,-0.46281108260154724,0.8967145085334778,False
train,0.6970202326774597,0.0,0.015973268076777458,0.051843639463186264,0.7827211618423462,0.7648136019706726,-0.4601327180862427,0.8925592303276062,False
train,0.6974369883537292,0.0,0.015957249328494072,0.05246661230921745,0.7828250527381897,0.7616292238235474,-0.4576011896133423,0.8885257244110107,False
test,0.6978537440299988,0.0,0.01594449020922184,0.05308801680803299,0.7828847169876099,0.7585089206695557,-0.45521068572998047,0.8846200108528137,False
train,0.6982704997062683,0.0,0.015934882685542107,0.05370801314711571,0.78290194272995,0.7554757595062256,-0.45295876264572144,0.8808605074882507,False
train,0.6986872553825378,0.0,0.015928439795970917,0.05432635545730591,0.782882571220398,0.7525280714035034,-0.45083674788475037,0.8772412538528442,False
train,0.6991039514541626,0.0,0.015925034880638123,0.054943233728408813,0.7828273773193359,0.7496915459632874,-0.4488431513309479,0.8737834692001343,False
train,0.6995207071304321,0.0,0.01592465676367283,0.05555878207087517,0.7827425003051758,0.7469688057899475,-0.44697192311286926,0.8704862594604492,False
test,0.6999374628067017,0.0,0.015927189961075783,0.05617285519838333,0.7826296091079712,0.7443703413009644,-0.4452180862426758,0.8673559427261353,False
train,0.7003542184829712,0.0,0.01593264564871788,0.0567854642868042,0.7824937701225281,0.7419032454490662,-0.44357722997665405,0.8643964529037476,False
train,0.7007709741592407,0.0,0.015940938144922256,0.0573970302939415,0.7823368906974792,0.7395837903022766,-0.44204750657081604,0.8616206645965576,False
train,0.7011877298355103,0.0,0.015952011570334435,0.058007169514894485,0.7821633219718933,0.7374093532562256,-0.44062140583992004,0.8590226173400879,False
train,0.7016044855117798,0.0,0.01596580445766449,0.058616165071725845,0.7819758653640747,0.7353912591934204,-0.43929728865623474,0.8566110134124756,False
test,0.7020212411880493,0.0,0.015982316806912422,0.05922398343682289,0.7817781567573547,0.7335333228111267,-0.4380699098110199,0.854386568069458,False
train,0.7024379968643188,0.0,0.01600143127143383,0.05983070656657219,0.7815729379653931,0.731840968132019,-0.4369358718395233,0.8523521423339844,False
train,0.7028547525405884,0.0,0.01602315530180931,0.06043646112084389,0.7813650369644165,0.7303169965744019,-0.4358918368816376,0.850508451461792,False
train,0.7032715082168579,0.0,0.01604747399687767,0.06104131415486336,0.7811552286148071,0.728967547416687,-0.43493425846099854,0.8488589525222778,False
train,0.7036882638931274,0.0,0.016074299812316895,0.061645250767469406,0.78094881772995,0.7277914881706238,-0.43405938148498535,0.8474007248878479,False
test,0.704105019569397,0.0,0.016103586181998253,0.06224836781620979,0.7807477712631226,0.726792573928833,-0.4332638084888458,0.8461353182792664,False
train,0.7045217752456665,0.0,0.016135334968566895,0.06285088509321213,0.7805546522140503,0.7259750962257385,-0.4325453042984009,0.8450652360916138,False
train,0.704938530921936,0.0,0.0161694698035717,0.06345267593860626,0.7803730368614197,0.7253361344337463,-0.43189966678619385,0.8441858887672424,False
train,0.7053552865982056,0.0,0.01620601676404476,0.06405391544103622,0.7802053689956665,0.7248781323432922,-0.4313243329524994,0.8434981107711792,False
train,0.7057720422744751,0.0,0.01624487340450287,0.06465473026037216,0.7800555229187012,0.724601686000824,-0.4308171272277832,0.8430011868476868,False
test,0.7061887979507446,0.0,0.016286062076687813,0.06525520235300064,0.7799251675605774,0.7245058417320251,-0.4303746223449707,0.8426927328109741,False
train,0.7066055536270142,0.0,0.01632951758801937,0.06585530191659927,0.7798178791999817,0.7245880365371704,-0.4299938678741455,0.8425689935684204,False
train,0.7070223093032837,0.0,0.01637522503733635,0.0664551630616188,0.7797350883483887,0.7248489856719971,-0.4296725392341614,0.8426295518875122,False
train,0.7074390649795532,0.0,0.016423165798187256,0.06705492734909058,0.7796809077262878,0.7252873778343201,-0.4294084906578064,0.842872142791748,False
train,0.7078558206558228,0.0,0.016473332419991493,0.06765476614236832,0.7796563506126404,0.7259037494659424,-0.429199755191803,0.8432962894439697,False
test,0.7082725763320923,0.0,0.016525674611330032,0.0682544931769371,0.7796651721000671,0.7266900539398193,-0.42904236912727356,0.8438932299613953,False
train,0.7086893320083618,0.0,0.0165801253169775,0.0688544362783432,0.7797088623046875,0.7276495695114136,-0.4289358854293823,0.8446655869483948,False
train,0.7091060876846313,0.0,0.01663672924041748,0.06945452094078064,0.7797905802726746,0.7287755012512207,-0.4288768768310547,0.8456057906150818,False
train,0.7095228433609009,0.0,0.016695469617843628,0.07005494087934494,0.7799116969108582,0.7300691604614258,-0.42886343598365784,0.8467141389846802,False
train,0.7099395990371704,0.0,0.01675630733370781,0.07065575569868088,0.7800757884979248,0.7315245866775513,-0.4288939833641052,0.8479848504066467,False
test,0.7103562951087952,0.0,0.016819225624203682,0.07125696539878845,0.7802829742431641,0.7331409454345703,-0.4289664626121521,0.849416196346283,False
train,0.7107730507850647,0.0,0.016884172335267067,0.071858711540699,0.7805377840995789,0.7349100708961487,-0.4290783405303955,0.8510000705718994,False
train,0.7111898064613342,0.0,0.01695120520889759,0.07246117293834686,0.7808400392532349,0.7368359565734863,-0.42922866344451904,0.8527393937110901,False
train,0.7116065621376038,0.0,0.017020264640450478,0.07306434959173203,0.781193196773529,0.7389100790023804,-0.4294147491455078,0.8546257019042969,False
train,0.7120233178138733,0.0,0.01709134131669998,0.07366837561130524,0.7815983891487122,0.7411314249038696,-0.4296358525753021,0.8566579222679138,False
test,0.7124400734901428,0.0,0.01716442219913006,0.07427327334880829,0.7820580005645752,0.7434937953948975,-0.4298895299434662,0.8588294386863708,False
train,0.7128568291664124,0.0,0.017239492386579514,0.07487904280424118,0.7825732231140137,0.7459931373596191,-0.4301735758781433,0.8611359000205994,False
train,0.7132735848426819,0.0,0.017316540703177452,0.07548587769269943,0.7831466197967529,0.748627781867981,-0.4304872453212738,0.8635755777359009,False
train,0.7136903405189514,0.0,0.017395591363310814,0.07609386742115021,0.783778727054596,0.7513930201530457,-0.4308284521102905,0.866143524646759,False
train,0.714107096195221,0.0,0.017476586624979973,0.07670321315526962,0.784472644329071,0.7542874217033386,-0.4311974048614502,0.8688387274742126,False
test,0.7145238518714905,0.0,0.01755954883992672,0.07731358706951141,0.7852281332015991,0.7573001980781555,-0.4315890669822693,0.871649444103241,False
train,0.71494060754776,0.0,0.017644478008151054,0.07792551070451736,0.7860482931137085,0.7604349255561829,-0.4320051670074463,0.8745797276496887,False
train,0.7153573632240295,0.0,0.01773133873939514,0.07853876054286957,0.7869328856468201,0.7636828422546387,-0.43244245648384094,0.8776206374168396,False
train,0.7157741189002991,0.0,0.01782015711069107,0.07915350049734116,0.7878848910331726,0.7670400142669678,-0.432899534702301,0.8807680606842041,False
train,0.7161908745765686,0.0,0.017910895869135857,0.07976984977722168,0.7889040112495422,0.7705045342445374,-0.43337562680244446,0.8840201497077942,False
test,0.7166076302528381,0.0,0.01800358295440674,0.08038788288831711,0.789993405342102,0.7740708589553833,-0.43386954069137573,0.8873716592788696,False
train,0.7170243859291077,0.0,0.018098199740052223,0.08100760728120804,0.7911522388458252,0.7777360677719116,-0.43437913060188293,0.8908190727233887,False
train,0.7174411416053772,0.0,0.018194733187556267,0.08162910491228104,0.792383074760437,0.7814943194389343,-0.43490296602249146,0.8943567276000977,False
train,0.7178578972816467,0.0,0.018293259665369987,0.08225252479314804,0.793686032295227,0.7853432297706604,-0.43543973565101624,0.8979820609092712,False
train,0.7182746529579163,0.0,0.01839364506304264,0.08287782222032547,0.7950626611709595,0.7892778515815735,-0.4359888732433319,0.9016905426979065,False
test,0.7186914086341858,0.0,0.018496006727218628,0.08350516110658646,0.7965133190155029,0.7932952642440796,-0.43654799461364746,0.9054786562919617,False
train,0.7191081643104553,0.0,0.01860029436647892,0.08413440734148026,0.7980390191078186,0.7973875403404236,-0.4371151030063629,0.9093384742736816,False
train,0.7195249199867249,0.0,0.018706506118178368,0.08476585149765015,0.7996406555175781,0.8015555739402771,-0.4376906752586365,0.9132713079452515,False
train,0.7199416756629944,0.0,0.018814684823155403,0.08539946377277374,0.8013193607330322,0.8057920336723328,-0.4382716715335846,0.917269229888916,False
train,0.7203584313392639,0.0,0.018924782052636147,0.08603525906801224,0.8030741810798645,0.8100950717926025,-0.4388572573661804,0.921330451965332,False
test,0.7207751870155334,0.0,0.01903684437274933,0.08667344599962234,0.8049077987670898,0.8144599199295044,-0.43944689631462097,0.9254504442214966,False
train,0.721191942691803,0.0,0.01915087178349495,0.0873139351606369,0.8068191409111023,0.8188823461532593,-0.4400377869606018,0.9296244382858276,False
train,0.7216086387634277,0.0,0.019266817718744278,0.08795671910047531,0.8088093400001526,0.8233583569526672,-0.4406290054321289,0.9338484406471252,False
train,0.7220253944396973,0.0,0.01938478648662567,0.0886019766330719,0.8108788132667542,0.8278830051422119,-0.44121813774108887,0.9381171464920044,False
train,0.7224421501159668,0.0,0.0195047315210104,0.0892498791217804,0.813027024269104,0.8324579000473022,-0.4418058395385742,0.9424322247505188,False
test,0.7228589057922363,0.0,0.01962660253047943,0.08990027010440826,0.8152555823326111,0.8370720148086548,-0.44238975644111633,0.9467831254005432,False
train,0.7232756614685059,0.0,0.019750550389289856,0.09055329114198685,0.8175631761550903,0.841724693775177,-0.442967027425766,0.9511678218841553,False
train,0.7236924171447754,0.0,0.019876476377248764,0.09120900928974152,0.819951057434082,0.8464145660400391,-0.4435376524925232,0.9555853009223938,False
train,0.7241091728210449,0.0,0.020004432648420334,0.09186729788780212,0.8224182724952698,0.8511325120925903,-0.4440982937812805,0.96002596616745,False
train,0.7245259284973145,0.0,0.020134368911385536,0.09252848476171494,0.8249660134315491,0.8558792471885681,-0.444650799036026,0.9644913673400879,False
test,0.724942684173584,0.0,0.020266441628336906,0.09319232404232025,0.8275924324989319,0.8606494069099426,-0.4451879858970642,0.9689735770225525,False
train,0.7253594398498535,0.0,0.020400520414114,0.09385894238948822,0.8302988409996033,0.8654370307922363,-0.44571197032928467,0.9734682440757751,False
train,0.725776195526123,0.0,0.020536690950393677,0.09452858567237854,0.8330838680267334,0.8702446222305298,-0.44622135162353516,0.9779770970344543,False
train,0.7261929512023926,0.0,0.020674975588917732,0.09520108997821808,0.8359481692314148,0.8750633001327515,-0.4467126131057739,0.9824907183647156,False
train,0.7266097068786621,0.0,0.02081533707678318,0.09587647765874863,0.8388904929161072,0.8798904418945312,-0.44718456268310547,0.9870061874389648,False
test,0.7270264625549316,0.0,0.020957812666893005,0.0965549498796463,0.8419106006622314,0.8847239017486572,-0.44763654470443726,0.9915214776992798,False
train,0.7274432182312012,0.0,0.021102463826537132,0.09723631292581558,0.8450074791908264,0.8895594477653503,-0.4480639398097992,0.9960308074951172,False
train,0.7278599739074707,0.0,0.02124926447868347,0.09792079031467438,0.8481814861297607,0.8943927884101868,-0.44846686720848083,1.0005303621292114,False
train,0.7282767295837402,0.0,0.02139822207391262,0.09860820323228836,0.8514304757118225,0.8992204666137695,-0.44884222745895386,1.0050157308578491,False
train,0.7286934852600098,0.0,0.021549401804804802,0.09929884970188141,0.8547548055648804,0.9040406942367554,-0.44918930530548096,1.0094853639602661,False
test,0.7291102409362793,0.0,0.021702831611037254,0.09999258816242218,0.8581528067588806,0.9088487029075623,-0.44950398802757263,1.0139328241348267,False
train,0.7295269966125488,0.0,0.02185850404202938,0.10068947821855545,0.8616238236427307,0.9136408567428589,-0.4497854709625244,1.0183547735214233,False
train,0.7299437522888184,0.0,0.022016452625393867,0.101389579474926,0.865166425704956,0.9184166193008423,-0.45003142952919006,1.022749900817871,False
train,0.7303605079650879,0.0,0.02217666245996952,0.10209279507398605,0.8687797784805298,0.9231674671173096,-0.4502390921115875,1.0271092653274536,False
train,0.7307772636413574,0.0,0.022339221090078354,0.10279910266399384,0.8724622130393982,0.9278925657272339,-0.4504048228263855,1.0314306020736694,False
test,0.731194019317627,0.0,0.02250412479043007,0.10350873321294785,0.8762125968933105,0.9325904250144958,-0.45052796602249146,1.035712480545044,False
train,0.7316107749938965,0.0,0.022671466693282127,0.1042216494679451,0.880029559135437,0.9372574090957642,-0.45060479640960693,1.0399500131607056,False
train,0.732027530670166,0.0,0.022841181606054306,0.10493780672550201,0.8839116096496582,0.9418883323669434,-0.4506339430809021,1.0441381931304932,False
train,0.7324442863464355,0.0,0.02301332727074623,0.1056571900844574,0.8878562450408936,0.9464823007583618,-0.45061153173446655,1.0482745170593262,False
train,0.7328610420227051,0.0,0.023187946528196335,0.10637973248958588,0.8918635249137878,0.9510319232940674,-0.45053425431251526,1.0523511171340942,False
test,0.7332777380943298,0.0,0.023365028202533722,0.10710547864437103,0.8959288001060486,0.9555376172065735,-0.450400710105896,1.0563677549362183,False
train,0.7336944937705994,0.0,0.02354472689330578,0.10783471912145615,0.9000533223152161,0.9599975347518921,-0.4502068758010864,1.0603214502334595,False
train,0.7341112494468689,0.0,0.02372698299586773,0.10856716334819794,0.904232919216156,0.9644066691398621,-0.4499496817588806,1.0642062425613403,False
train,0.7345280051231384,0.0,0.0239118542522192,0.10930284857749939,0.908466637134552,0.968761146068573,-0.449625700712204,1.0680174827575684,False
train,0.734944760799408,0.0,0.02409939281642437,0.1100417748093605,0.9127511382102966,0.9730600118637085,-0.44923126697540283,1.0717530250549316,False
test,0.7353615164756775,0.0,0.024289600551128387,0.1107841283082962,0.9170851707458496,0.9773009419441223,-0.4487656056880951,1.0754104852676392,False
train,0.735778272151947,0.0,0.024482568725943565,0.11152958124876022,0.9214655160903931,0.9814791083335876,-0.44822075963020325,1.0789824724197388,False
train,0.7361950278282166,0.0,0.02467828243970871,0.11227841675281525,0.9258905053138733,0.9855929613113403,-0.44759759306907654,1.082468032836914,False
train,0.7366117835044861,0.0,0.024876834824681282,0.11303044855594635,0.9303563833236694,0.9896395206451416,-0.4468892216682434,1.0858620405197144,False
train,0.7370285391807556,0.0,0.025078216567635536,0.11378557980060577,0.9348616600036621,0.9936141967773438,-0.4460926353931427,1.0891592502593994,False
test,0.7374452948570251,0.0,0.025282548740506172,0.11454406380653381,0.9394030570983887,0.9975183010101318,-0.445203959941864,1.0923595428466797,False
train,0.7378620505332947,0.0,0.025489836931228638,0.11530571430921555,0.9439778327941895,1.0013463497161865,-0.44421881437301636,1.0954564809799194,False
train,0.7382788062095642,0.0,0.025700129568576813,0.11607054620981216,0.9485816955566406,1.0050979852676392,-0.4431338310241699,1.0984487533569336,False
train,0.7386955618858337,0.0,0.025913523510098457,0.11683846265077591,0.9532142877578735,1.0087672472000122,-0.44194167852401733,1.1013281345367432,False
train,0.7391123175621033,0.0,0.02612997032701969,0.11760956048965454,0.9578697681427002,1.0123566389083862,-0.4406421184539795,1.104097604751587,False
test,0.7395290732383728,0.0,0.026349633932113647,0.11838380247354507,0.9625458717346191,1.0158611536026,-0.4392276406288147,1.1067496538162231,False
train,0.7399458289146423,0.0,0.026572519913315773,0.11916089802980423,0.96723872423172,1.0192770957946777,-0.4376923441886902,1.1092791557312012,False
train,0.7403625845909119,0.0,0.02679869718849659,0.11994132399559021,0.9719457626342773,1.0226079225540161,-0.43603527545928955,1.111689567565918,False
train,0.7407793402671814,0.0,0.027028227224946022,0.12072460353374481,0.9766629338264465,1.0258467197418213,-0.43424755334854126,1.113971471786499,False
train,0.7411960959434509,0.0,0.027261143550276756,0.12151088565587997,0.9813860654830933,1.028994083404541,-0.4323263168334961,1.1161249876022339,False
test,0.7416128516197205,0.0007936508045531809,0.027497608214616776,0.12230013310909271,0.9861124753952026,1.0320463180541992,-0.4302631616592407,1.1181440353393555,False
train,0.74202960729599,0.0,0.027737537398934364,0.12309222668409348,0.9908368587493896,1.035003662109375,-0.4280564785003662,1.1200289726257324,False
train,0.7424463629722595,0.0,0.027981143444776535,0.1238870769739151,0.995556652545929,1.0378611087799072,-0.4256957769393921,1.121772050857544,False
train,0.742863118648529,0.0,0.028228411450982094,0.12468486279249191,1.0002669095993042,1.0406217575073242,-0.4231797456741333,1.123376488685608,False
train,0.7432798743247986,0.0,0.02847946062684059,0.12548533082008362,1.0049641132354736,1.0432817935943604,-0.42049849033355713,1.1248358488082886,False
test,0.7436966300010681,0.0,0.028734350576996803,0.12628856301307678,1.0096436738967896,1.0458393096923828,-0.4176480770111084,1.1261482238769531,False
train,0.7441133856773376,0.0,0.028993157669901848,0.12709446251392365,1.0143015384674072,1.048295021057129,-0.4146207571029663,1.1273123025894165,False
train,0.7445300817489624,0.0,0.02925587072968483,0.1279027909040451,1.0189329385757446,1.050645351409912,-0.4114118218421936,1.1283241510391235,False
train,0.7449468374252319,0.0,0.02952280268073082,0.12871383130550385,1.0235340595245361,1.0528924465179443,-0.40801066160202026,1.1291834115982056,False
train,0.7453635931015015,0.0,0.02979387529194355,0.129527285695076,1.0280996561050415,1.055031418800354,-0.40441203117370605,1.1298850774765015,False
test,0.745780348777771,0.0,0.03006920963525772,0.13034310936927795,1.0326255559921265,1.0570628643035889,-0.4006088972091675,1.1304289102554321,False
train,0.7461971044540405,0.0,0.0303488876670599,0.13116148114204407,1.0371071100234985,1.0589916706085205,-0.3965950608253479,1.1308187246322632,False
train,0.7466138601303101,0.0,0.030632976442575455,0.1319819539785385,1.041539192199707,1.0608078241348267,-0.39236021041870117,1.1310436725616455,False
train,0.7470306158065796,0.0,0.030921706929802895,0.1328047662973404,1.0459176301956177,1.0625174045562744,-0.38789695501327515,1.1311088800430298,False
train,0.7474473714828491,0.0,0.031215032562613487,0.13362963497638702,1.0502369403839111,1.0641168355941772,-0.3831977844238281,1.13101065158844,False
test,0.7478641271591187,0.0,0.031513113528490067,0.13445675373077393,1.0544923543930054,1.0656101703643799,-0.37825536727905273,1.1307529211044312,False
train,0.7482808828353882,0.0,0.03181608021259308,0.13528580963611603,1.058679223060608,1.0669916868209839,-0.3730592727661133,1.1303293704986572,False
train,0.7486976385116577,0.0,0.03212396055459976,0.13611675798892975,1.062792181968689,1.0682635307312012,-0.36760199069976807,1.1297425031661987,False
train,0.7491143941879272,0.0,0.032437004148960114,0.1369495689868927,1.0668262243270874,1.0694262981414795,-0.361872136592865,1.1289924383163452,False
train,0.7495311498641968,0.0,0.03275527432560921,0.1377841681241989,1.0707778930664062,1.0704784393310547,-0.3558616042137146,1.1280786991119385,False
test,0.7499479055404663,0.0007936508045531809,0.033078789710998535,0.13862043619155884,1.0746386051177979,1.071422815322876,-0.34956300258636475,1.1270053386688232,False
train,0.7503646612167358,0.0,0.03340773656964302,0.13945840299129486,1.0784050226211548,1.072259545326233,-0.3429661989212036,1.1257736682891846,False
train,0.7507814168930054,0.0,0.03374239802360535,0.14029785990715027,1.0820719003677368,1.0729873180389404,-0.3360557556152344,1.1243821382522583,False
train,0.7511981725692749,0.0015873016091063619,0.034082669764757156,0.1411387026309967,1.0856338739395142,1.0736078023910522,-0.3288273811340332,1.1228362321853638,False
train,0.7516149282455444,0.0,0.03442884236574173,0.14198102056980133,1.0890859365463257,1.0741212368011475,-0.32126832008361816,1.1211377382278442,False
test,0.752031683921814,0.0,0.03478095307946205,0.1428244411945343,1.0924220085144043,1.0745272636413574,-0.31336820125579834,1.1192892789840698,False
train,0.7524484395980835,0.0015873016091063619,0.035139262676239014,0.1436690092086792,1.0956377983093262,1.0748276710510254,-0.3051133155822754,1.117295265197754,False
train,0.752865195274353,0.0,0.03550378605723381,0.14451470971107483,1.0987273454666138,1.075023889541626,-0.2964969277381897,1.1151622533798218,False
train,0.7532819509506226,0.0,0.03587479144334793,0.14536148309707642,1.101685881614685,1.0751171112060547,-0.2875044345855713,1.112895131111145,False
train,0.7536987066268921,0.0031746032182127237,0.03625239059329033,0.14620891213417053,1.1045072078704834,1.0751047134399414,-0.27812331914901733,1.1104966402053833,False
test,0.7541154623031616,0.003968254197388887,0.03663676232099533,0.1470572054386139,1.1071863174438477,1.0749921798706055,-0.26834285259246826,1.107978343963623,False
train,0.7545322179794312,0.0007936508045531809,0.03702801838517189,0.1479061394929886,1.1097190380096436,1.0747778415679932,-0.2581508159637451,1.1053457260131836,False
train,0.7549489736557007,0.0,0.03742639347910881,0.14875566959381104,1.1120986938476562,1.0744658708572388,-0.24753403663635254,1.1026105880737305,False
train,0.7553657293319702,0.0,0.03783208131790161,0.14960554242134094,1.114320158958435,1.0740524530410767,-0.23647749423980713,1.099777340888977,False
train,0.755782425403595,0.0634920671582222,0.03824513033032417,0.15045572817325592,1.1163794994354248,1.0735440254211426,-0.22497248649597168,1.0968633890151978,False
test,0.7561991810798645,0.05000000074505806,0.03866586089134216,0.15130624175071716,1.1182700395584106,1.0729398727416992,-0.21300232410430908,1.0938783884048462,False
train,0.756615936756134,0.03650793805718422,0.0390944667160511,0.15215685963630676,1.1199874877929688,1.0722399950027466,-0.20055162906646729,1.090834379196167,False
train,0.7570326924324036,0.02460317499935627,0.03953108191490173,0.15300758183002472,1.1215256452560425,1.0714516639709473,-0.18760979175567627,1.0877528190612793,False
train,0.7574494481086731,0.0476190485060215,0.03997589647769928,0.15385806560516357,1.1228806972503662,1.0705684423446655,-0.17416131496429443,1.0846422910690308,False
train,0.7578662037849426,0.0436507947742939,0.040429264307022095,0.15470845997333527,1.1240471601486206,1.069596529006958,-0.16018784046173096,1.0815253257751465,False
test,0.7582829594612122,0.04920634999871254,0.040891241282224655,0.15555846691131592,1.125020980834961,1.068535566329956,-0.14567971229553223,1.0784205198287964,False
train,0.7586997151374817,0.0515873022377491,0.04136213660240173,0.1564079076051712,1.1257948875427246,1.0673866271972656,-0.13061702251434326,1.0753487348556519,False
train,0.7591164708137512,0.03888889029622078,0.04184206202626228,0.15725690126419067,1.1263669729232788,1.0661537647247314,-0.114990234375,1.072337031364441,False
train,0.7595332264900208,0.04603174701333046,0.042331304401159286,0.15810520946979523,1.1267305612564087,1.0648386478424072,-0.09878039360046387,1.0694105625152588,False
train,0.7599499821662903,0.05238095298409462,0.04283016175031662,0.15895268321037292,1.12688410282135,1.063437819480896,-0.0819704532623291,1.0665923357009888,False
test,0.7603667378425598,0.0595238097012043,0.04333886876702309,0.15979914367198944,1.126818299293518,1.0619577169418335,-0.06454277038574219,1.0639172792434692,False
train,0.7607834935188293,0.04047619178891182,0.04385758936405182,0.16064466536045074,1.1265321969985962,1.0603985786437988,-0.04648542404174805,1.0614169836044312,False
train,0.7612002491950989,0.06031746044754982,0.04438658431172371,0.16148895025253296,1.1260194778442383,1.0587618350982666,-0.02778148651123047,1.0591262578964233,False
train,0.7616170048713684,0.0555555559694767,0.0449262373149395,0.16233187913894653,1.1252778768539429,1.0570474863052368,-0.008408904075622559,1.057080864906311,False
train,0.7620337605476379,0.05476190522313118,0.04547674208879471,0.1631733775138855,1.1243013143539429,1.0552599430084229,0.011646509170532227,1.0553241968154907,False
test,0.7624505162239075,0.05714285746216774,0.04603840038180351,0.16401329636573792,1.1230888366699219,1.053396224975586,0.032402873039245605,1.0538945198059082,False
train,0.762867271900177,0.0555555559694767,0.04661141335964203,0.16485148668289185,1.121633529663086,1.0514612197875977,0.05387520790100098,1.0528404712677002,False
train,0.7632840275764465,0.0555555559694767,0.0471961535513401,0.1656879335641861,1.1199337244033813,1.0494552850723267,0.07608234882354736,1.0522096157073975,False
train,0.7637007832527161,0.05079365149140358,0.04779285937547684,0.16652235388755798,1.117984414100647,1.0473804473876953,0.09904372692108154,1.0520529747009277,False
train,0.7641175389289856,0.05793650820851326,0.04840187355875969,0.16735468804836273,1.1157842874526978,1.0452347993850708,0.12277662754058838,1.052420973777771,False
test,0.7645342946052551,0.05317460373044014,0.04902360588312149,0.16818483173847198,1.113327980041504,1.0430234670639038,0.14730072021484375,1.0533733367919922,False
train,0.7649510502815247,0.05793650820851326,0.04965803772211075,0.16901251673698425,1.1106153726577759,1.040744423866272,0.17262601852416992,1.0549638271331787,False
train,0.7653678059577942,0.05079365149140358,0.050305839627981186,0.16983778774738312,1.1076393127441406,1.0384007692337036,0.19878125190734863,1.0572559833526611,False
train,0.7657845616340637,0.05793650820851326,0.0509672574698925,0.17066045105457306,1.1044020652770996,1.035990595817566,0.22578227519989014,1.0603084564208984,False
train,0.7662013173103333,0.0634920671582222,0.05164250358939171,0.17148029804229736,1.1008968353271484,1.0335180759429932,0.2536419630050659,1.064186930656433,False
test,0.7666180729866028,0.04920634999871254,0.05233205854892731,0.17229722440242767,1.097127079963684,1.0309805870056152,0.2823852300643921,1.0689538717269897,False
train,0.7670348286628723,0.05634920671582222,0.053036149591207504,0.17311102151870728,1.093083143234253,1.0283821821212769,0.31202638149261475,1.0746768712997437,False
train,0.7674515247344971,0.010317460633814335,0.05375516787171364,0.17392168939113617,1.0887696743011475,1.025721549987793,0.3425809144973755,1.0814186334609985,False
train,0.7678682804107666,0.0015873016091063619,0.0544896125793457,0.17472906410694122,1.0841805934906006,1.023000955581665,0.37407565116882324,1.0892491340637207,False
train,0.7682850360870361,0.0015873016091063619,0.05523974820971489,0.1755329817533493,1.0793184041976929,1.0202162265777588,0.40652358531951904,1.0982270240783691,False
test,0.7687017917633057,0.008730159141123295,0.056005898863077164,0.17633330821990967,1.074177861213684,1.017372965812683,0.43994104862213135,1.1084203720092773,False
train,0.7691185474395752,0.02619047649204731,0.05678863078355789,0.17712992429733276,1.0687623023986816,1.0144670009613037,0.4743506908416748,1.119889259338379,False
train,0.7695353031158447,0.02063492126762867,0.05758818984031677,0.17792271077632904,1.0630675554275513,1.0115017890930176,0.5097651481628418,1.1326943635940552,False
train,0.7699520587921143,0.0,0.05840486288070679,0.17871136963367462,1.0570968389511108,1.0084733963012695,0.5461989641189575,1.1468878984451294,False
train,0.7703688144683838,0.0,0.059239305555820465,0.1794959157705307,1.0508453845977783,1.0053867101669312,0.5836759805679321,1.1625317335128784,False
test,0.7707855701446533,0.0,0.06009182333946228,0.18027625977993011,1.0443198680877686,1.0022351741790771,0.6222084760665894,1.17966890335083,False
train,0.7712023258209229,0.0,0.06096277013421059,0.1810520887374878,1.0375137329101562,0.9990255832672119,0.6618102788925171,1.1983509063720703,False
train,0.7716190814971924,0.0,0.061852626502513885,0.18182337284088135,1.0304327011108398,0.9957513213157654,0.7024980783462524,1.2186156511306763,False
train,0.7720358371734619,0.0,0.0627618134021759,0.18258991837501526,1.023073673248291,0.992416262626648,0.7442893981933594,1.240506649017334,False
train,0.7724525928497314,0.0,0.06369074434041977,0.18335160613059998,1.0154424905776978,0.9890135526657104,0.7871935367584229,1.2640496492385864,False
test,0.772869348526001,0.0015873016091063619,0.06463990360498428,0.18410825729370117,1.0075366497039795,0.9855486750602722,0.8312280178070068,1.2892812490463257,False
train,0.7732861042022705,0.0,0.06560954451560974,0.18485982716083527,0.9993621706962585,0.9820166826248169,0.8763941526412964,1.3162156343460083,False
train,0.77370285987854,0.0,0.0666004866361618,0.18560613691806793,0.9909164905548096,0.9784174561500549,0.9227217435836792,1.3448851108551025,False
train,0.7741196155548096,0.0015873016091063619,0.0676129162311554,0.18634718656539917,0.9822072982788086,0.9747506380081177,0.9702086448669434,1.3752976655960083,False
train,0.7745363712310791,0.04285714402794838,0.06864723563194275,0.18708251416683197,0.9732330441474915,0.9710137844085693,1.0188632011413574,1.407462239265442,False
test,0.7749531269073486,0.011904762126505375,0.069704070687294,0.18781211972236633,0.9640009999275208,0.9672015905380249,1.068701982498169,1.4413892030715942,False
train,0.7753698825836182,0.0,0.07078365236520767,0.18853600323200226,0.954509973526001,0.9633210301399231,1.1197185516357422,1.4770771265029907,False
train,0.7757866382598877,0.0,0.07188685983419418,0.18925394117832184,0.9447692036628723,0.9593594074249268,1.1719402074813843,1.5145343542099,False
train,0.7762033939361572,0.0,0.07301367819309235,0.18996578454971313,0.9347782731056213,0.955324649810791,1.2253495454788208,1.553745985031128,False
train,0.7766201496124268,0.0007936508045531809,0.07416468858718872,0.1906714141368866,0.9245439171791077,0.9512081742286682,1.2799550294876099,1.5947043895721436,False
test,0.7770369052886963,0.0,0.0753406286239624,0.19137068092823029,0.9140733480453491,0.9470064640045166,1.3357691764831543,1.6374067068099976,False
train,0.7774536609649658,0.0007936508045531809,0.0765417218208313,0.19206349551677704,0.9033668041229248,0.9427224397659302,1.3927825689315796,1.6818349361419678,False
train,0.7778704166412354,0.0007936508045531809,0.07776843011379242,0.1927497535943985,0.8924350142478943,0.9383476972579956,1.4509929418563843,1.7279690504074097,False
train,0.7782871723175049,0.0,0.07902117818593979,0.19342923164367676,0.881278932094574,0.9338864088058472,1.5103933811187744,1.7757904529571533,False
train,0.7787038683891296,0.0,0.08030048757791519,0.19410167634487152,0.8699118494987488,0.9293242692947388,1.5709831714630127,1.8252757787704468,False
test,0.7791206240653992,0.0015873016091063619,0.0816069021821022,0.19476723670959473,0.8583317399024963,0.9246706366539001,1.6327592134475708,1.8764110803604126,False
train,0.7795373797416687,0.0,0.08294075727462769,0.19542580842971802,0.8465524315834045,0.9199122190475464,1.6957042217254639,1.929158091545105,False
train,0.7799541354179382,0.0,0.08430250734090805,0.19607707858085632,0.834577202796936,0.9150502681732178,1.7598111629486084,1.9834949970245361,False
train,0.7803708910942078,0.0,0.08569268882274628,0.1967209130525589,0.8224174380302429,0.9100772142410278,1.8250666856765747,2.0393893718719482,False
train,0.7807876467704773,0.0007936508045531809,0.08711156249046326,0.1973574161529541,0.8100767135620117,0.904994785785675,1.8914480209350586,2.0968050956726074,False
test,0.7812044024467468,0.0,0.08855975419282913,0.1979861557483673,0.7975689172744751,0.8997905850410461,1.958946704864502,2.155712127685547,False
train,0.7816211581230164,0.0007936508045531809,0.09003741294145584,0.19860735535621643,0.7848984599113464,0.8944685459136963,2.0275275707244873,2.216064453125,False
train,0.7820379137992859,0.0,0.09154517948627472,0.19922076165676117,0.7720767259597778,0.8890175819396973,2.0971767902374268,2.2778284549713135,False
train,0.7824546694755554,0.0031746032182127237,0.0930832251906395,0.19982624053955078,0.7591107487678528,0.8834389448165894,2.167860984802246,2.3409581184387207,False
train,0.782871425151825,0.0063492064364254475,0.09465214610099792,0.20042352378368378,0.7460136413574219,0.8777182102203369,2.2395620346069336,2.405416250228882,False
test,0.7832881808280945,0.0015873016091063619,0.09625213593244553,0.20101262629032135,0.7327914834022522,0.8718577027320862,2.312239646911621,2.471151113510132,False
train,0.783704936504364,0.0007936508045531809,0.09788364171981812,0.20159368216991425,0.7194581627845764,0.8658500909805298,2.385859966278076,2.538114309310913,False
train,0.7841216921806335,0.0,0.09954700618982315,0.20216627418994904,0.7060204148292542,0.8596892952919006,2.460391044616699,2.606259822845459,False
train,0.7845384478569031,0.0,0.1012425646185875,0.20273032784461975,0.6924933791160583,0.853367269039154,2.5357933044433594,2.675534248352051,False
train,0.7849552035331726,0.0,0.10297054797410965,0.20328591763973236,0.6788834929466248,0.8468815088272095,2.6120195388793945,2.745879650115967,False
test,0.7853719592094421,0.0,0.10473114252090454,0.2038327306509018,0.665205717086792,0.8402227759361267,2.689023733139038,2.8172366619110107,False
train,0.7857887148857117,0.0,0.10652485489845276,0.20437097549438477,0.6514682769775391,0.833390474319458,2.7667627334594727,2.8895528316497803,False
train,0.7862054705619812,0.0,0.10835167020559311,0.20490017533302307,0.6376861333847046,0.8263684511184692,2.845180034637451,2.9627580642700195,False
train,0.7866222262382507,0.003968254197388887,0.11021210998296738,0.20542053878307343,0.6238670349121094,0.819156289100647,2.924234390258789,3.03680157661438,False
train,0.7870389819145203,0.0,0.11210619658231735,0.20593202114105225,0.6100264191627502,0.8117451667785645,3.003861427307129,3.11160945892334,False
test,0.7874557375907898,0.0015873016091063619,0.11403399705886841,0.20643416047096252,0.596172571182251,0.804128885269165,3.083998918533325,3.187110424041748,False
train,0.7878724932670593,0.0007936508045531809,0.115995854139328,0.206927090883255,0.5823221206665039,0.7962980270385742,3.1645965576171875,3.263244152069092,False
train,0.7882892489433289,0.0,0.11799167096614838,0.20741073787212372,0.5684816837310791,0.7882503271102905,3.2455811500549316,3.339930534362793,False
train,0.7887060046195984,0.004761904943734407,0.12002171576023102,0.20788516104221344,0.554667592048645,0.7799723148345947,3.3268938064575195,3.4171009063720703,False
train,0.7891227602958679,0.0007936508045531809,0.12208618968725204,0.20835009217262268,0.5408885478973389,0.7714614868164062,3.408475399017334,3.49468994140625,False
test,0.7895395159721375,0.0,0.12418471276760101,0.20880547165870667,0.5271599888801575,0.7627066969871521,3.4902377128601074,3.572601318359375,False
train,0.7899562120437622,0.0007936508045531809,0.1263173371553421,0.2092512547969818,0.5134923458099365,0.7537046670913696,3.572115421295166,3.650764226913452,False
train,0.7903729677200317,0.0,0.12848448753356934,0.20968730747699738,0.4998944103717804,0.7444448471069336,3.654053211212158,3.7291157245635986,False
train,0.7907897233963013,0.0,0.13068589568138123,0.21011359989643097,0.4863819479942322,0.7349157333374023,3.7359676361083984,3.807565450668335,False
train,0.7912064790725708,0.0,0.13292141258716583,0.21052999794483185,0.47296327352523804,0.7251163721084595,3.8177847862243652,3.886035919189453,False
test,0.7916232347488403,0.0,0.135190948843956,0.21093681454658508,0.45965278148651123,0.7150360941886902,3.8994224071502686,3.9644381999969482,False
train,0.7920399904251099,0.0,0.13749447464942932,0.2113335132598877,0.44645801186561584,0.7046695947647095,3.9808216094970703,4.0427093505859375,False
train,0.7924567461013794,0.0,0.1398317664861679,0.21172012388706207,0.43339261412620544,0.6940059661865234,4.0618977546691895,4.1207594871521,False
train,0.7928735017776489,0.0,0.14220239222049713,0.2120966613292694,0.42046448588371277,0.6830470561981201,4.14256477355957,4.1984992027282715,False
train,0.7932902574539185,0.0,0.14460627734661102,0.2124631404876709,0.40768691897392273,0.6717748641967773,4.222757339477539,4.275857925415039,False
test,0.793707013130188,0.0,0.14704319834709167,0.21281927824020386,0.3950655162334442,0.6601920127868652,4.302402973175049,4.3527607917785645,False
train,0.7941237688064575,0.0,0.14951270818710327,0.213165283203125,0.3826139569282532,0.6482864022254944,4.381415843963623,4.429117202758789,False
train,0.794540524482727,0.0,0.15201468765735626,0.2135010063648224,0.37033748626708984,0.6360552310943604,4.4597344398498535,4.504863739013672,False
train,0.7949572801589966,0.0,0.15454833209514618,0.21382616460323334,0.35824766755104065,0.6234905123710632,4.537270545959473,4.579908847808838,False
train,0.7953740358352661,0.0007936508045531809,0.15711380541324615,0.2141408920288086,0.3463492691516876,0.6105918884277344,4.613981246948242,4.654207229614258,False
test,0.7957907915115356,0.0,0.1597105860710144,0.21444526314735413,0.3346535563468933,0.5973478555679321,4.689785003662109,4.72767448425293,False
train,0.7962075471878052,0.0,0.16233785450458527,0.21473893523216248,0.3231642544269562,0.5837596654891968,4.764607906341553,4.800235748291016,False
train,0.7966243028640747,0.0,0.1649954915046692,0.21502214670181274,0.3118908703327179,0.5698187351226807,4.838400840759277,4.8718390464782715,False
train,0.7970410585403442,0.0,0.16768279671669006,0.21529468894004822,0.30083605647087097,0.5555278062820435,4.911095142364502,4.942415237426758,False
train,0.7974578142166138,0.0,0.1703992336988449,0.21555642783641815,0.29000890254974365,0.540878176689148,4.982637405395508,5.011908054351807,False
test,0.7978745698928833,0.0,0.17314448952674866,0.21580742299556732,0.27941134572029114,0.5258690118789673,5.052978515625,5.080268859863281,False
train,0.7982913255691528,0.0007936508045531809,0.17591749131679535,0.21604770421981812,0.2690501809120178,0.5105010271072388,5.122061252593994,5.1474385261535645,False
train,0.7987080812454224,0.0,0.1787182241678238,0.2162771075963974,0.2589266896247864,0.49477025866508484,5.189850330352783,5.213381290435791,False
train,0.7991248369216919,0.0007936508045531809,0.18154603242874146,0.216495543718338,0.24904711544513702,0.4786767363548279,5.256315231323242,5.278066158294678,False
train,0.7995415925979614,0.0007936508045531809,0.18439970910549164,0.2167031168937683,0.23941141366958618,0.4622231721878052,5.321395397186279,5.341432094573975,False
test,0.799958348274231,0.004761904943734407,0.18727946281433105,0.21689960360527039,0.23002415895462036,0.4454016089439392,5.385080814361572,5.403469085693359,False
train,0.8003751039505005,0.10555555671453476,0.19018393754959106,0.217085063457489,0.22088435292243958,0.42822539806365967,5.447336673736572,5.464142322540283,False
train,0.80079185962677,0.0031746032182127237,0.19311268627643585,0.21725955605506897,0.21199601888656616,0.41068750619888306,5.508141040802002,5.523430347442627,False
train,0.8012085556983948,0.210317462682724,0.19606462121009827,0.2174229770898819,0.2033585160970688,0.39279597997665405,5.567469596862793,5.581308841705322,False
train,0.8016253113746643,0.1190476194024086,0.1990404576063156,0.21757514774799347,0.19497129321098328,0.3745448589324951,5.6253437995910645,5.63779878616333,False
test,0.8020420670509338,0.09285714477300644,0.20203837752342224,0.21771618723869324,0.18683326244354248,0.35594671964645386,5.681731224060059,5.692869663238525,False
train,0.8024588227272034,0.18968254327774048,0.2050577700138092,0.21784594655036926,0.1789451688528061,0.3370027542114258,5.736634731292725,5.746524810791016,False
train,0.8028755784034729,0.0063492064364254475,0.2080984264612198,0.21796439588069916,0.17130433022975922,0.31771567463874817,5.790065288543701,5.798775672912598,False
train,0.8032923340797424,0.010317460633814335,0.21115925908088684,0.21807171404361725,0.1639106720685959,0.29809409379959106,5.8420281410217285,5.849628448486328,False
train,0.803709089756012,0.008730159141123295,0.21423979103565216,0.2181677222251892,0.15676003694534302,0.27814143896102905,5.8925323486328125,5.899093151092529,False
test,0.8041258454322815,0.11825396865606308,0.21733953058719635,0.21825240552425385,0.14985141158103943,0.25786399841308594,5.941605567932129,5.947198390960693,False
train,0.804542601108551,0.19603174924850464,0.22045718133449554,0.21832557022571564,0.14318060874938965,0.23727118968963623,5.989256381988525,5.993954658508301,False
train,0.8049593567848206,0.02222222276031971,0.22359272837638855,0.21838733553886414,0.13674569129943848,0.21636658906936646,6.035514831542969,6.039391994476318,False
train,0.8053761124610901,0.011111111380159855,0.22674551606178284,0.21843762695789337,0.1305415779352188,0.19516023993492126,6.0804243087768555,6.083555698394775,False
train,0.8057928681373596,0.004761904943734407,0.22991445660591125,0.21847659349441528,0.12456554919481277,0.17365944385528564,6.123985290527344,6.1264472007751465,False
test,0.8062096238136292,0.10952381044626236,0.2330995798110962,0.21850404143333435,0.11881252378225327,0.1518736332654953,6.166261672973633,6.1681318283081055,False
train,0.8066263794898987,0.15952381491661072,0.23630020022392273,0.21851998567581177,0.11327920854091644,0.1298069953918457,6.207274436950684,6.20863151550293,False
train,0.8070431351661682,0.01904761977493763,0.23951509594917297,0.21852433681488037,0.10795949399471283,0.10747292637825012,6.247052192687988,6.247976779937744,False
train,0.8074598908424377,0.2698412835597992,0.24274444580078125,0.2185172736644745,0.10285025835037231,0.08487860858440399,6.285638809204102,6.286211967468262,False
train,0.8078766465187073,0.26825398206710815,0.24598751962184906,0.21849863231182098,0.09794508665800095,0.06203308701515198,6.323069095611572,6.323373317718506,False
test,0.8082934021949768,0.26428571343421936,0.2492433339357376,0.2184683084487915,0.09324005991220474,0.03894460201263428,6.359365940093994,6.359485149383545,False
train,0.8087101578712463,0.30793651938438416,0.25251197814941406,0.21842655539512634,0.08872873336076736,0.015625469386577606,6.394575119018555,6.394594192504883,False
train,0.8091269135475159,0.31904762983322144,0.25579243898391724,0.21837319433689117,0.0844070091843605,-0.007918775081634521,6.428709983825684,6.428714752197266,False
train,0.8095436692237854,0.36666667461395264,0.2590847611427307,0.21830806136131287,0.08026859164237976,-0.03167560696601868,6.461813449859619,6.461891174316406,False
train,0.8099604249000549,0.33095237612724304,0.2623881697654724,0.21823160350322723,0.07630890607833862,-0.05564148724079132,6.493889808654785,6.494128227233887,False
test,0.8103771805763245,0.3730158805847168,0.26570218801498413,0.21814334392547607,0.07252144813537598,-0.07980190217494965,6.524961948394775,6.525449752807617,False
train,0.810793936252594,0.3365079462528229,0.26902633905410767,0.21804355084896088,0.06890182942152023,-0.10414844751358032,6.555037498474121,6.5558648109436035,False
train,0.8112106919288635,0.37857142090797424,0.27236035466194153,0.21793217957019806,0.0654437318444252,-0.128677099943161,6.584108352661133,6.5853657722473145,False
train,0.8116274476051331,0.3103174567222595,0.27570343017578125,0.21780914068222046,0.06214234232902527,-0.15337565541267395,6.612173080444336,6.613951683044434,False
train,0.8120442032814026,0.3579365015029907,0.279055655002594,0.21767446398735046,0.058991529047489166,-0.1782376766204834,6.639227867126465,6.641619682312012,False
test,0.8124609589576721,0.369047611951828,0.2824160158634186,0.21752825379371643,0.05598641186952591,-0.20325630903244019,6.665228843688965,6.668327331542969,False
train,0.8128776550292969,0.3126984238624573,0.28578341007232666,0.21737028658390045,0.053122375160455704,-0.22841858863830566,6.690143585205078,6.694041728973389,False
train,0.8132944107055664,0.3920634984970093,0.2891590893268585,0.21720081567764282,0.050392553210258484,-0.2537277936935425,6.713939666748047,6.718731880187988,False
train,0.8137111663818359,0.3174603283405304,0.29254138469696045,0.217019721865654,0.047792959958314896,-0.2791692018508911,6.736556529998779,6.74233865737915,False
train,0.8141279220581055,0.3722222149372101,0.29593005776405334,0.21682694554328918,0.045317891985177994,-0.30474260449409485,6.757917881011963,6.764785289764404,False
test,0.814544677734375,0.29603174328804016,0.2993241548538208,0.21662266552448273,0.04296301305294037,-0.33043599128723145,6.777946472167969,6.785996437072754,False
train,0.8149614334106445,0.3603174686431885,0.30272310972213745,0.21640682220458984,0.04072292149066925,-0.35624802112579346,6.796546936035156,6.805877208709717,False
train,0.8153781890869141,0.25634920597076416,0.30612674355506897,0.21617913246154785,0.03859329968690872,-0.38217198848724365,6.813631057739258,6.8243408203125,False
train,0.8157949447631836,0.3650793731212616,0.3095339834690094,0.21594010293483734,0.036569029092788696,-0.4082012176513672,6.829083442687988,6.841272354125977,False
train,0.8162117004394531,0.230158731341362,0.31294408440589905,0.21568936109542847,0.03464614227414131,-0.4343355596065521,6.842763900756836,6.856534481048584,False
test,0.8166284561157227,0.369047611951828,0.3163563013076782,0.21542711555957794,0.03281981498003006,-0.46056604385375977,6.854549407958984,6.870005130767822,False
train,0.8170452117919922,0.34761905670166016,0.31976985931396484,0.21515315771102905,0.031086107715964317,-0.486889123916626,6.864292144775391,6.881538391113281,False
train,0.8174619674682617,0.2587301731109619,0.32318392395973206,0.21486780047416687,0.029440531507134438,-0.5133024454116821,6.8718461990356445,6.890990734100342,False
train,0.8178787231445312,0.3539682626724243,0.32659685611724854,0.21457085013389587,0.027879519388079643,-0.539799153804779,6.8770294189453125,6.898181915283203,False
train,0.8182954788208008,0.26428571343421936,0.3300085663795471,0.21426232159137726,0.02639883942902088,-0.5663774013519287,6.879701137542725,6.902975559234619,False
test,0.8187122344970703,0.3531745970249176,0.3334171772003174,0.21394209563732147,0.02499498426914215,-0.5930293798446655,6.87967586517334,6.905188083648682,False
train,0.8191289901733398,0.2507936656475067,0.33682167530059814,0.21361050009727478,0.023664195090532303,-0.6197531819343567,6.87677001953125,6.9046406745910645,False
train,0.8195457458496094,0.3452380895614624,0.34022098779678345,0.21326729655265808,0.022403204813599586,-0.6465441584587097,6.870817184448242,6.901170253753662,False
train,0.8199625015258789,0.24682539701461792,0.3436135947704315,0.21291247010231018,0.021208373829722404,-0.673394501209259,6.861641883850098,6.894606113433838,False
train,0.8203792572021484,0.3373015820980072,0.3469981551170349,0.2125461846590042,0.02007676102221012,-0.7003005743026733,6.849056243896484,6.884765148162842,False
test,0.820796012878418,0.2706349194049835,0.35037317872047424,0.21216833591461182,0.01900513470172882,-0.7272554039955139,6.832895278930664,6.871488571166992,False
train,0.8212127685546875,0.341269850730896,0.3537372648715973,0.21177907288074493,0.017990656197071075,-0.7542534470558167,6.812994956970215,6.854618549346924,False
train,0.821629524230957,0.27539682388305664,0.35708799958229065,0.211378276348114,0.017030317336320877,-0.7812817096710205,6.789191722869873,6.83399772644043,False
train,0.8220462799072266,0.3460317552089691,0.3604249954223633,0.21096588671207428,0.016121525317430496,-0.8083392381668091,6.761346817016602,6.809494972229004,False
train,0.8224630355834961,0.2984127104282379,0.36374515295028687,0.21054206788539886,0.015261583030223846,-0.8354127407073975,6.729313850402832,6.780972003936768,False
test,0.8228797912597656,0.3920634984970093,0.3670477271080017,0.21010692417621613,0.014448115602135658,-0.8624930381774902,6.692984580993652,6.74832820892334,False
train,0.8232965469360352,0.41031745076179504,0.3703303635120392,0.20966023206710815,0.013678599148988724,-0.8895708322525024,6.652237892150879,6.711453437805176,False
train,0.8237133026123047,0.5515872836112976,0.3735913336277008,0.2092021256685257,0.012950852513313293,-0.9166337847709656,6.60699987411499,6.670282363891602,False
train,0.8241299986839294,0.49444442987442017,0.3768278956413269,0.20873267948627472,0.012262731790542603,-0.9436660408973694,6.557192802429199,6.6247477531433105,False
train,0.824546754360199,0.6095238327980042,0.38003993034362793,0.208251953125,0.011612024158239365,-0.9706618785858154,6.502778053283691,6.57482385635376,False
test,0.8249635100364685,0.541269838809967,0.38322392106056213,0.20775984227657318,0.010996897704899311,-0.9976009130477905,6.443718910217285,6.520484924316406,False
train,0.825380265712738,0.6460317373275757,0.3863789439201355,0.2072564959526062,0.010415362194180489,-1.0244728326797485,6.380018711090088,6.461747646331787,False
train,0.8257970213890076,0.5507936477661133,0.3895023465156555,0.206742063164711,0.009865700267255306,-1.0512570142745972,6.311703681945801,6.398651599884033,False
train,0.8262137770652771,0.44999998807907104,0.39259234070777893,0.20621630549430847,0.009346170350909233,-1.0779379606246948,6.2388129234313965,6.3312506675720215,False
train,0.8266305327415466,0.32301586866378784,0.3956471085548401,0.20567959547042847,0.008855216205120087,-1.1045000553131104,6.1614203453063965,6.259634494781494,False
test,0.8270472884178162,0.3769841194152832,0.3986646831035614,0.2051319032907486,0.008391207084059715,-1.1309229135513306,6.079619407653809,6.183911323547363,False
train,0.8274640440940857,0.31507936120033264,0.4016433656215668,0.20457316935062408,0.007952743209898472,-1.157187581062317,5.993536949157715,6.1042256355285645,False
train,0.8278807997703552,0.3936507999897003,0.4045809209346771,0.20400364696979523,0.007538408041000366,-1.1832761764526367,5.903298377990723,6.020720481872559,False
train,0.8282975554466248,0.33571428060531616,0.40747660398483276,0.20342347025871277,0.007146924268454313,-1.2091667652130127,5.809100151062012,5.933609962463379,False
train,0.8287143111228943,0.3976190388202667,0.4103279411792755,0.20283234119415283,0.006776980124413967,-1.2348406314849854,5.7111053466796875,5.843077659606934,False
test,0.8291310667991638,0.36269840598106384,0.4131336808204651,0.20223093032836914,0.0064274342730641365,-1.2602770328521729,5.609537601470947,5.749366283416748,False
train,0.8295478224754333,0.5468254089355469,0.41589218378067017,0.201618954539299,0.006097146309912205,-1.2854541540145874,5.504624843597412,5.652723789215088,False
train,0.8299645781517029,0.5373015999794006,0.4186030328273773,0.2009967863559723,0.005785080604255199,-1.3103514909744263,5.396622657775879,5.553427696228027,False
train,0.8303813338279724,0.6404761672019958,0.42126336693763733,0.2003643959760666,0.005490167066454887,-1.3349488973617554,5.285783767700195,5.451752185821533,False
train,0.8307980895042419,0.5690476298332214,0.42387354373931885,0.19972194731235504,0.0052115158177912235,-1.3592257499694824,5.172395706176758,5.348006248474121,False
test,0.8312148451805115,0.617460310459137,0.42643147706985474,0.19906961917877197,0.004948190413415432,-1.3831583261489868,5.05674934387207,5.2425031661987305,False
train,0.831631600856781,0.33888888359069824,0.4289368987083435,0.19840764999389648,0.004699359647929668,-1.4067312479019165,4.93914270401001,5.135564804077148,False
train,0.8320483565330505,0.4007936418056488,0.4313890039920807,0.1977359652519226,0.0044641741551458836,-1.4299240112304688,4.819887161254883,5.027523994445801,False
train,0.8324651122093201,0.3531745970249176,0.433787077665329,0.19705505669116974,0.004241922404617071,-1.4527133703231812,4.699313640594482,4.918732166290283,False
train,0.8328818678855896,0.4396825432777405,0.4361305236816406,0.1963648498058319,0.004031838849186897,-1.4750854969024658,4.57773494720459,4.809525489807129,False
test,0.8332986235618591,0.43095237016677856,0.4384194314479828,0.19566558301448822,0.0038332713302224874,-1.4970223903656006,4.455466270446777,4.700239658355713,False
train,0.8337153792381287,0.553174614906311,0.4406532943248749,0.19495749473571777,0.003645535558462143,-1.5185025930404663,4.332854747772217,4.5912394523620605,False
train,0.8341321349143982,0.6261904835700989,0.44283172488212585,0.19424086809158325,0.003468071110546589,-1.5395152568817139,4.210201740264893,4.482845783233643,False
train,0.8345488905906677,0.5777778029441833,0.444955050945282,0.19351574778556824,0.003300263313576579,-1.5600401163101196,4.087855339050293,4.375418663024902,False
train,0.8349656462669373,0.6626983880996704,0.4470237195491791,0.19278249144554138,0.0031415943522006273,-1.5800682306289673,3.9661011695861816,4.269258975982666,False
test,0.835382342338562,0.5349206328392029,0.44903749227523804,0.1920413076877594,0.0029915464110672474,-1.5995808839797974,3.845273733139038,4.164707660675049,False
train,0.8357990980148315,0.6373015642166138,0.4509974718093872,0.19129209220409393,0.0028496140148490667,-1.618568778038025,3.725672483444214,4.062068462371826,False
train,0.8362158536911011,0.6634920835494995,0.45290395617485046,0.1905355453491211,0.0027153524570167065,-1.6370247602462769,3.6075563430786133,3.9616048336029053,False
train,0.8366326093673706,0.5944444537162781,0.4547574818134308,0.1897716224193573,0.002588341711089015,-1.6549345254898071,3.4912397861480713,3.8636205196380615,False
train,0.8370493650436401,0.5825396776199341,0.45655903220176697,0.18900065124034882,0.0024681577924638987,-1.6722882986068726,3.376988410949707,3.7683682441711426,False
test,0.8374661207199097,0.629365086555481,0.4583094120025635,0.18822278082370758,0.0023544265422970057,-1.6890827417373657,3.265043258666992,3.676072359085083,False
train,0.8378828763961792,0.5626984238624573,0.46000996232032776,0.18743838369846344,0.002246781950816512,-1.7053091526031494,3.155673027038574,3.5869696140289307,False
train,0.8382996320724487,0.6428571343421936,0.4616616368293762,0.18664760887622833,0.002144893165677786,-1.7209632396697998,3.049081563949585,3.501230239868164,False
train,0.8387163877487183,0.4722222089767456,0.46326521039009094,0.18585063517093658,0.0020484242122620344,-1.7360401153564453,2.9454965591430664,3.4190328121185303,False
train,0.8391331434249878,0.44206348061561584,0.46482256054878235,0.1850479394197464,0.00195707636885345,-1.7505381107330322,2.845120668411255,3.3405232429504395,False
test,0.8395498991012573,0.3968254029750824,0.46633481979370117,0.18423958122730255,0.0018705653492361307,-1.764456033706665,2.748131275177002,3.265812397003174,False
train,0.8399666547775269,0.3484126925468445,0.46780362725257874,0.18342584371566772,0.001788624911569059,-1.7777912616729736,2.654707193374634,3.194998025894165,False
train,0.8403834104537964,0.39444443583488464,0.4692303538322449,0.18260696530342102,0.0017109903274104,-1.7905490398406982,2.564988613128662,3.1281356811523438,False
train,0.8408001661300659,0.4079365134239197,0.4706169366836548,0.18178324401378632,0.0016374294646084309,-1.8027294874191284,2.479121208190918,3.0652692317962646,False
train,0.8412169218063354,0.4682539701461792,0.47196412086486816,0.1809549331665039,0.0015677091432735324,-1.8143342733383179,2.397233486175537,3.006416082382202,False
test,0.841633677482605,0.36349207162857056,0.4732745587825775,0.18012215197086334,0.0015016287798061967,-1.8253694772720337,2.3194241523742676,2.95155930519104,False
train,0.8420504331588745,0.4317460358142853,0.47454941272735596,0.17928527295589447,0.001438976265490055,-1.835841178894043,2.2457823753356934,2.9006640911102295,False
train,0.842467188835144,0.46587300300598145,0.475790798664093,0.17844443023204803,0.0013795651029795408,-1.8457564115524292,2.1763806343078613,2.853672981262207,False
train,0.8428839445114136,0.5888888835906982,0.4770002067089081,0.17759999632835388,0.0013232198543846607,-1.855118989944458,2.111297845840454,2.8105239868164062,False
train,0.8433007001876831,0.6000000238418579,0.47817930579185486,0.17675186693668365,0.0012697700876742601,-1.8639400005340576,2.050563335418701,2.771115779876709,False
test,0.8437174558639526,0.5373015999794006,0.47933071851730347,0.17590069770812988,0.0012190521229058504,-1.8722305297851562,1.99422025680542,2.735353946685791,False
train,0.8441342115402222,0.591269850730896,0.4804556667804718,0.1750464141368866,0.0011709276586771011,-1.879997968673706,1.9422770738601685,2.703115224838257,False
train,0.8445509672164917,0.4563491940498352,0.481555700302124,0.17418943345546722,0.0011252467520534992,-1.88725745677948,1.8947596549987793,2.67429518699646,False
train,0.8449677228927612,0.4158730208873749,0.4826337397098541,0.1733299046754837,0.0010818804148584604,-1.894019365310669,1.851640224456787,2.6487507820129395,False
train,0.8453844785690308,0.3095238208770752,0.48369061946868896,0.17246796190738678,0.0010406988440081477,-1.9002970457077026,1.8129117488861084,2.6263620853424072,False
test,0.8458012342453003,0.42301586270332336,0.4847279489040375,0.17160384356975555,0.0010015913285315037,-1.9061036109924316,1.7785322666168213,2.60699200630188,False
train,0.8462179899215698,0.4595237970352173,0.4857487380504608,0.17073780298233032,0.0009644411038607359,-1.9114569425582886,1.7484700679779053,2.590524196624756,False
train,0.8466346859931946,0.5507936477661133,0.4867539405822754,0.1698700338602066,0.0009291477035731077,-1.916370153427124,1.722670078277588,2.5768327713012695,False
train,0.8470514416694641,0.41428571939468384,0.48774540424346924,0.16900062561035156,0.0008956070523709059,-1.9208626747131348,1.7010457515716553,2.565788507461548,False
train,0.8474681973457336,0.5492063760757446,0.48872488737106323,0.16812972724437714,0.0008637248538434505,-1.9249489307403564,1.683537244796753,2.557288885116577,False
test,0.8478849530220032,0.5563492178916931,0.4896945059299469,0.16725748777389526,0.000833419500850141,-1.928645372390747,1.6700681447982788,2.5512351989746094,False
train,0.8483017086982727,0.44682538509368896,0.49065524339675903,0.16638416051864624,0.0008046041475608945,-1.931975245475769,1.6605280637741089,2.5475246906280518,False
train,0.8487184643745422,0.3420634865760803,0.4916093051433563,0.16550996899604797,0.0007772021926939487,-1.93495512008667,1.6548137664794922,2.546067476272583,False
train,0.8491352200508118,0.5761904716491699,0.4925577640533447,0.1646348088979721,0.0007511374424211681,-1.9376041889190674,1.6528255939483643,2.546790599822998,False
train,0.8495519757270813,0.553174614906311,0.49350258708000183,0.16375914216041565,0.0007263411534950137,-1.9399456977844238,1.6544146537780762,2.5496034622192383,False
test,0.8499687314033508,0.5706349015235901,0.4944448173046112,0.16288290917873383,0.0007027472020126879,-1.9419983625411987,1.6594711542129517,2.5544474124908447,False
train,0.8503854870796204,0.4214285612106323,0.4953863322734833,0.16200608015060425,0.0006802994757890701,-1.9437823295593262,1.6678495407104492,2.5612521171569824,False
train,0.8508022427558899,0.3722222149372101,0.4963284432888031,0.16112910211086273,0.0006589305121451616,-1.945320725440979,1.6794111728668213,2.569959878921509,False
train,0.8512189984321594,0.5777778029441833,0.4972720444202423,0.16025184094905853,0.0006385928718373179,-1.94663667678833,1.693989634513855,2.580502986907959,False
train,0.851635754108429,0.5436508059501648,0.4982183277606964,0.1593743860721588,0.0006192277651280165,-1.947750210762024,1.7114311456680298,2.592822313308716,False
test,0.8520525097846985,0.4801587164402008,0.49916893243789673,0.15849678218364716,0.0006007886840961874,-1.9486862421035767,1.7315670251846313,2.6068568229675293,False
train,0.852469265460968,0.4690476059913635,0.500124990940094,0.1576194316148758,0.000583233661018312,-1.9494681358337402,1.7542320489883423,2.6225476264953613,False
train,0.8528860211372375,0.4246031641960144,0.5010867118835449,0.1567419469356537,0.0005665128701366484,-1.9501185417175293,1.779231071472168,2.639815330505371,False
train,0.8533027768135071,0.5952380895614624,0.5020556449890137,0.15586459636688232,0.0005505866138264537,-1.9506598711013794,1.8063849210739136,2.6585898399353027,False
train,0.8537195324897766,0.5841270089149475,0.5030324459075928,0.15498752892017365,0.0005354200256988406,-1.9511175155639648,1.835517406463623,2.678802728652954,False
test,0.8541362881660461,0.47857141494750977,0.5040184855461121,0.1541106253862381,0.0005209697992540896,-1.9515153169631958,1.8664048910140991,2.700347900390625,False
train,0.8545530438423157,0.5365079641342163,0.5050132274627686,0.15323376655578613,0.0005072073545306921,-1.9518736600875854,1.8988652229309082,2.7231414318084717,False
train,0.8549697995185852,0.5658730268478394,0.5060184001922607,0.1523573100566864,0.0004940936923958361,-1.9522206783294678,1.9326848983764648,2.747077703475952,False
train,0.8553865551948547,0.43809524178504944,0.5070340037345886,0.15148091316223145,0.0004816013388335705,-1.952575445175171,1.9676601886749268,2.772045612335205,False
train,0.8558033108711243,0.42222222685813904,0.5080608129501343,0.15060481429100037,0.0004697029944509268,-1.9529658555984497,2.0035669803619385,2.797919988632202,False
test,0.8562200665473938,0.5865079164505005,0.5090986490249634,0.14972876012325287,0.0004583661793731153,-1.9534127712249756,2.04019832611084,2.8245761394500732,False
train,0.8566368222236633,0.5507936477661133,0.5101479887962341,0.14885307848453522,0.00044756673742085695,-1.9539391994476318,2.0773203372955322,2.851865768432617,False
train,0.8570535778999329,0.37460318207740784,0.5112096071243286,0.14797750115394592,0.0004372830444481224,-1.9545674324035645,2.114722490310669,2.879650115966797,False
train,0.8574703335762024,0.5492063760757446,0.5122824311256409,0.14710184931755066,0.0004274876555427909,-1.9553210735321045,2.1521599292755127,2.9077608585357666,False
train,0.8578870892524719,0.5507936477661133,0.5133671164512634,0.14622636139392853,0.00041815932490862906,-1.9562182426452637,2.189422130584717,2.936044931411743,False
test,0.8583037853240967,0.5246031880378723,0.5144632458686829,0.14535090327262878,0.0004092800954822451,-1.9572854042053223,2.2262539863586426,2.9643166065216064,False
train,0.8587205410003662,0.4571428596973419,0.515571117401123,0.14447517693042755,0.00040082872146740556,-1.9585363864898682,2.262457847595215,2.9924204349517822,False
train,0.8591372966766357,0.5785714387893677,0.5166895389556885,0.14359930157661438,0.0003927839861717075,-1.9599961042404175,2.297771453857422,3.020155191421509,False
train,0.8595540523529053,0.5841270089149475,0.5178189873695374,0.14272312819957733,0.00038513264735229313,-1.9616806507110596,2.3319802284240723,3.047346830368042,False
train,0.8599708080291748,0.5515872836112976,0.5189586281776428,0.14184656739234924,0.00037785424501635134,-1.9636075496673584,2.3648319244384766,3.0737900733947754,False
test,0.8603875637054443,0.3896825313568115,0.5201074481010437,0.1409693956375122,0.0003709350130520761,-1.9657948017120361,2.3961124420166016,3.099307060241699,False
train,0.8608043193817139,0.5857142806053162,0.5212652683258057,0.14009180665016174,0.00036436200025491416,-1.9682599306106567,2.4255805015563965,3.1236977577209473,False
train,0.8612210750579834,0.5722222328186035,0.522430956363678,0.13921326398849487,0.0003581180644687265,-1.971014142036438,2.4530107975006104,3.1467695236206055,False
train,0.8616378307342529,0.4952380955219269,0.5236034989356995,0.13833416998386383,0.0003521911276038736,-1.9740731716156006,2.4781651496887207,3.1683225631713867,False
train,0.8620545864105225,0.37063491344451904,0.5247823596000671,0.13745397329330444,0.00034657088690437376,-1.977448582649231,2.500833511352539,3.1881766319274902,False
test,0.862471342086792,0.5476190447807312,0.5259661674499512,0.13657259941101074,0.00034124215017072856,-1.9811519384384155,2.520786762237549,3.206139326095581,False
train,0.8628880977630615,0.5563492178916931,0.527153730392456,0.1356900930404663,0.00033619755413383245,-1.985192060470581,2.537808418273926,3.22202730178833,False
train,0.863304853439331,0.4515872895717621,0.5283434391021729,0.13480611145496368,0.000331422925228253,-1.9895747900009155,2.5516958236694336,3.2356698513031006,False
train,0.8637216091156006,0.5047619342803955,0.5295345187187195,0.13392066955566406,0.0003269108710810542,-1.994309663772583,2.562232732772827,3.246891975402832,False
train,0.8641383647918701,0.5809524059295654,0.5307255983352661,0.13303346931934357,0.00032265210757032037,-1.999401569366455,2.5692222118377686,3.255535125732422,False
test,0.8645551204681396,0.5571428537368774,0.5319148898124695,0.1321445256471634,0.00031863688491284847,-2.0048508644104004,2.572479009628296,3.2614529132843018,False
train,0.8649718761444092,0.5388888716697693,0.5331003665924072,0.13125354051589966,0.0003148570831399411,-2.010660409927368,2.5718088150024414,3.2644991874694824,False
train,0.8653886318206787,0.6063492298126221,0.5342808961868286,0.13036037981510162,0.00031130696879699826,-2.0168285369873047,2.567028284072876,3.2645416259765625,False
train,0.8658053874969482,0.5976190567016602,0.5354546308517456,0.12946508824825287,0.0003079759771935642,-2.0233571529388428,2.5579848289489746,3.261481285095215,False
train,0.8662221431732178,0.5055555701255798,0.5366197228431702,0.12856735289096832,0.00030486079049296677,-2.0302376747131348,2.544513702392578,3.255213499069214,False
test,0.8666388988494873,0.6111111044883728,0.5377740263938904,0.12766699492931366,0.0003019520954694599,-2.0374646186828613,2.5264687538146973,3.245659589767456,False
train,0.8670556545257568,0.5611110925674438,0.5389160513877869,0.1267639547586441,0.00029924520640634,-2.0450329780578613,2.50370717048645,3.232755661010742,False
train,0.8674724102020264,0.5484126806259155,0.540043294429779,0.12585805356502533,0.0002967356704175472,-2.052926778793335,2.47611141204834,3.216463327407837,False
train,0.8678891658782959,0.6404761672019958,0.5411544442176819,0.12494920939207077,0.000294416124233976,-2.061140537261963,2.443572759628296,3.1967716217041016,False
train,0.8683059215545654,0.5063492059707642,0.54224693775177,0.12403713911771774,0.0002922824351117015,-2.069657325744629,2.4059765338897705,3.173673629760742,False
test,0.868722677230835,0.43095237016677856,0.5433189272880554,0.12312204390764236,0.00029033166356384754,-2.0784659385681152,2.3632471561431885,3.14721417427063,False
train,0.8691394329071045,0.5015873312950134,0.5443673729896545,0.1222035363316536,0.0002885567082557827,-2.0875418186187744,2.3152964115142822,3.1174395084381104,False
train,0.8695561289787292,0.49444442987442017,0.545391321182251,0.12128160148859024,0.0002869565214496106,-2.0968658924102783,2.262085199356079,3.0844571590423584,False
train,0.8699728846549988,0.5166666507720947,0.5463880300521851,0.12035602331161499,0.0002855246711988002,-2.1064250469207764,2.203549385070801,3.0483858585357666,False
train,0.8703896403312683,0.5928571224212646,0.5473548173904419,0.11942683905363083,0.0002842614776454866,-2.1161880493164062,2.139665126800537,3.0093884468078613,False
test,0.8708063960075378,0.64682537317276,0.5482900142669678,0.11849389970302582,0.00028315960662439466,-2.1261353492736816,2.0704147815704346,2.9676706790924072,False
train,0.8712231516838074,0.5111111402511597,0.5491917133331299,0.11755721271038055,0.00028222022228874266,-2.1362390518188477,1.9958089590072632,2.9234859943389893,False
train,0.8716399073600769,0.6507936716079712,0.5500567555427551,0.1166166365146637,0.00028143764939159155,-2.1464712619781494,1.9158470630645752,2.8771181106567383,False
train,0.8720566630363464,0.6809523701667786,0.5508841276168823,0.11567231267690659,0.00028081145137548447,-2.1568031311035156,1.8305847644805908,2.8289291858673096,False
train,0.872473418712616,0.5753968358039856,0.551670253276825,0.11472387611865997,0.00028033950366079807,-2.167201519012451,1.7400392293930054,2.7792983055114746,False
test,0.8728901743888855,0.6682539582252502,0.5524141192436218,0.11377161741256714,0.00028001892496831715,-2.1776390075683594,1.6442915201187134,2.7287003993988037,False
train,0.873306930065155,0.6507936716079712,0.5531127452850342,0.11281537264585495,0.00027984887128695846,-2.188077926635742,1.54342520236969,2.677656888961792,False
train,0.8737236857414246,0.5484126806259155,0.5537649989128113,0.1118551716208458,0.0002798288769554347,-2.1984879970550537,1.4375128746032715,2.6267457008361816,False
train,0.8741404414176941,0.6579365134239197,0.5543674230575562,0.11089099198579788,0.00027995536220259964,-2.208831787109375,1.3266923427581787,2.5766355991363525,False
train,0.8745571970939636,0.670634925365448,0.5549194812774658,0.10992302000522614,0.00028023021877743304,-2.2190754413604736,1.2110540866851807,2.5280323028564453,False
test,0.8749739527702332,0.5682539939880371,0.5554184913635254,0.10895118117332458,0.0002806497795972973,-2.2291791439056396,1.09075927734375,2.4817323684692383,False
train,0.8753907084465027,0.6563491821289062,0.555862307548523,0.107975535094738,0.00028121552895754576,-2.239107847213745,0.9659562706947327,2.4385807514190674,False
train,0.8758074641227722,0.5476190447807312,0.5562496781349182,0.10699626058340073,0.00028192700119689107,-2.248828411102295,0.8368013501167297,2.3994719982147217,False
train,0.8762242197990417,0.6722221970558167,0.556578516960144,0.1060132309794426,0.0002827832067850977,-2.2582921981811523,0.7035021185874939,2.36533260345459,False
train,0.8766409754753113,0.6253968477249146,0.5568467378616333,0.10502681136131287,0.00028378318529576063,-2.267472267150879,0.5662162899971008,2.3370988368988037,False
test,0.8770577311515808,0.5825396776199341,0.5570542216300964,0.10403720289468765,0.00028493040008470416,-2.276331663131714,0.425161749124527,2.3156960010528564,False
train,0.8774744868278503,0.6714285612106323,0.5571984052658081,0.10304414480924606,0.00028622138779610395,-2.2848222255706787,0.2805556058883667,2.3019826412200928,False
train,0.8778912425041199,0.5888888835906982,0.5572777390480042,0.10204826295375824,0.0002876600483432412,-2.2929205894470215,0.1326184868812561,2.296752691268921,False
train,0.8783079981803894,0.6650793552398682,0.5572909712791443,0.10104940831661224,0.00028924434445798397,-2.3005800247192383,-0.01841375231742859,2.3006536960601807,False
train,0.8787247538566589,0.6023809313774109,0.5572373270988464,0.10004796087741852,0.00029097628430463374,-2.3077712059020996,-0.17229174077510834,2.3141937255859375,False
test,0.8791415095329285,0.6555555462837219,0.5571155548095703,0.09904395788908005,0.00029285711934790015,-2.314455986022949,-0.32877829670906067,2.33769154548645,False
train,0.879558265209198,0.6611111164093018,0.5569242835044861,0.09803763031959534,0.0002948881301563233,-2.320598602294922,-0.48759180307388306,2.3712704181671143,False
train,0.8799750208854675,0.579365074634552,0.5566633343696594,0.09702944755554199,0.00029706917121075094,-2.3261711597442627,-0.64849454164505,2.4148740768432617,False
train,0.8803917765617371,0.6666666865348816,0.5563309192657471,0.09601928293704987,0.0002994047536049038,-2.3311357498168945,-0.811187744140625,2.4682421684265137,False
train,0.8808084726333618,0.5714285969734192,0.5559278130531311,0.09500794857740402,0.00030189339304342866,-2.3354713916778564,-0.9753992557525635,2.5309741497039795,False
test,0.8812252283096313,0.6666666865348816,0.5554525256156921,0.09399516880512238,0.000304537737974897,-2.339142084121704,-1.1408880949020386,2.602539539337158,False
train,0.8816419839859009,0.6571428775787354,0.5549047589302063,0.09298136830329895,0.00030734113533981144,-2.3421225547790527,-1.3073625564575195,2.682300329208374,False
train,0.8820587396621704,0.5992063283920288,0.5542836785316467,0.09196687489748001,0.0003103052731603384,-2.3443870544433594,-1.4745200872421265,2.7695415019989014,False
train,0.8824754953384399,0.6801587343215942,0.5535901188850403,0.09095200896263123,0.0003134318394586444,-2.3459107875823975,-1.6420905590057373,2.8635220527648926,False
train,0.8828922510147095,0.6142857074737549,0.5528234839439392,0.0899372324347496,0.0003167239483445883,-2.3466765880584717,-1.8098026514053345,2.9634904861450195,False
test,0.883309006690979,0.6301587224006653,0.5519839525222778,0.08892259001731873,0.0003201837826054543,-2.34665846824646,-1.9773669242858887,3.068678140640259,False
train,0.8837257623672485,0.6714285612106323,0.5510715842247009,0.08790856599807739,0.000323814048897475,-2.3458409309387207,-2.1445083618164062,3.1783463954925537,False
train,0.8841425180435181,0.6714285612106323,0.5500867962837219,0.08689548820257187,0.00032761922921054065,-2.344208240509033,-2.3109498023986816,3.2917778491973877,False
train,0.8845592737197876,0.6214285492897034,0.5490301251411438,0.08588365465402603,0.0003315996436867863,-2.3417458534240723,-2.476431369781494,3.408296585083008,False
train,0.8849760293960571,0.6769841313362122,0.5479011535644531,0.08487351983785629,0.00033576073474250734,-2.338442087173462,-2.640659809112549,3.527236223220825,False
test,0.8853927850723267,0.5920634865760803,0.5467017889022827,0.08386524766683578,0.0003401055873837322,-2.334287643432617,-2.8034281730651855,3.6480278968811035,False
train,0.8858095407485962,0.6650793552398682,0.5454319715499878,0.08285943418741226,0.0003446378104854375,-2.3292770385742188,-2.9644393920898438,3.7700705528259277,False
train,0.8862262964248657,0.6722221970558167,0.5440927743911743,0.08185620605945587,0.00034936072188429534,-2.323401689529419,-3.1234679222106934,3.892845630645752,False
train,0.8866430521011353,0.5761904716491699,0.5426850318908691,0.0808560699224472,0.0003542788326740265,-2.3166615962982178,-3.280275583267212,4.015859603881836,False
train,0.8870598077774048,0.629365086555481,0.5412100553512573,0.07985933125019073,0.00035939537337981164,-2.3090527057647705,-3.4346182346343994,4.138638019561768,False
test,0.8874765634536743,0.4952380955219269,0.5396685600280762,0.07886631786823273,0.00036471651401370764,-2.3005800247192383,-3.5862855911254883,4.2607645988464355,False
train,0.8878933191299438,0.5849206447601318,0.5380620360374451,0.0778774544596672,0.00037024420453235507,-2.2912442684173584,-3.7350823879241943,4.3818535804748535,False
train,0.8883100748062134,0.632539689540863,0.5363919734954834,0.07689309865236282,0.00037598522612825036,-2.2810516357421875,-3.8807661533355713,4.501504421234131,False
train,0.8887268304824829,0.5920634865760803,0.5346591472625732,0.07591355592012405,0.00038194304215721786,-2.2700116634368896,-4.023197650909424,4.6194233894348145,False
train,0.8891435861587524,0.5984126925468445,0.5328652858734131,0.07493922859430313,0.00038812350248917937,-2.2581329345703125,-4.162158012390137,4.735263824462891,False
test,0.889560341835022,0.5960317254066467,0.5310124158859253,0.07397044450044632,0.0003945310600101948,-2.2454278469085693,-4.297501087188721,4.848758697509766,False
train,0.8899770975112915,0.6452381014823914,0.529101550579071,0.07300740480422974,0.00040117150638252497,-2.231905221939087,-4.429053783416748,4.959629058837891,False
train,0.890393853187561,0.5785714387893677,0.5271345973014832,0.07205073535442352,0.00040805013850331306,-2.2175886631011963,-4.556675434112549,5.067641258239746,False
train,0.8908106088638306,0.5809524059295654,0.5251133441925049,0.07110035419464111,0.00041517315548844635,-2.202483892440796,-4.680232524871826,5.172573089599609,False
train,0.8912273645401001,0.5857142806053162,0.5230392217636108,0.07015711814165115,0.00042254477739334106,-2.186626434326172,-4.799600601196289,5.274230003356934,False
test,0.8916441202163696,0.629365086555481,0.5209144949913025,0.06922084093093872,0.00043017251300625503,-2.17002010345459,-4.9146575927734375,5.372415542602539,False
train,0.8920608162879944,0.5888888835906982,0.5187411904335022,0.0682922825217247,0.00043806093162856996,-2.1527013778686523,-5.025331497192383,5.466999053955078,False
train,0.8924775719642639,0.6039682626724243,0.516520082950592,0.06737114489078522,0.00044621818233281374,-2.1346774101257324,-5.13151741027832,5.557816028594971,False
train,0.8928943276405334,0.6142857074737549,0.5142543911933899,0.06645821034908295,0.00045465122093446553,-2.115985870361328,-5.233138084411621,5.6447434425354,False
train,0.893311083316803,0.5968254208564758,0.511945366859436,0.06555350124835968,0.00046336447121575475,-2.0966460704803467,-5.33013391494751,5.7276740074157715,False
test,0.8937278389930725,0.5968254208564758,0.5095954537391663,0.06465741246938705,0.0004723675665445626,-2.076688289642334,-5.422457218170166,5.806519985198975,False
train,0.894144594669342,0.605555534362793,0.5072063207626343,0.06377013027667999,0.0004816649598069489,-2.056138753890991,-5.510060787200928,5.88119649887085,False
train,0.8945613503456116,0.6452381014823914,0.5047798156738281,0.06289180368185043,0.0004912675358355045,-2.035022735595703,-5.5929155349731445,5.9516401290893555,False
train,0.8949781060218811,0.6365079283714294,0.5023188591003418,0.0620228610932827,0.0005011775647290051,-2.0133774280548096,-5.671006202697754,6.0178070068359375,False
train,0.8953948616981506,0.641269862651825,0.4998249113559723,0.06116342544555664,0.0005114066880196333,-1.991227626800537,-5.744311332702637,6.079646587371826,False
test,0.8958116173744202,0.6238095164299011,0.4972996711730957,0.06031358242034912,0.0005219604354351759,-1.9686031341552734,-5.812848091125488,6.137149333953857,False
train,0.8962283730506897,0.5928571224212646,0.49474552273750305,0.05947369709610939,0.00053284881869331,-1.9455381631851196,-5.876625061035156,6.190301895141602,False
train,0.8966451287269592,0.6039682626724243,0.49216485023498535,0.05864378809928894,0.0005440781242214143,-1.9220610857009888,-5.935660362243652,6.239101409912109,False
train,0.8970618844032288,0.6039682626724243,0.4895591735839844,0.057824086397886276,0.0005556586547754705,-1.8982045650482178,-5.989977836608887,6.283551216125488,False
train,0.8974786400794983,0.6261904835700989,0.48693060874938965,0.05701480433344841,0.0005675962311215699,-1.8740017414093018,-6.039624214172363,6.323681354522705,False
test,0.8978953957557678,0.6253968477249146,0.4842813313007355,0.05621597543358803,0.0005799024947918952,-1.849481225013733,-6.084641933441162,6.359516620635986,False
train,0.8983121514320374,0.579365074634552,0.4816131293773651,0.05542777106165886,0.0005925836157985032,-1.82467782497406,-6.125094890594482,6.391106128692627,False
train,0.8987289071083069,0.5730158686637878,0.4789280891418457,0.05465032532811165,0.0006056511192582548,-1.7996217012405396,-6.16103982925415,6.418492794036865,False
train,0.8991456627845764,0.5365079641342163,0.47622784972190857,0.053883668035268784,0.0006191117572598159,-1.7743421792984009,-6.192537307739258,6.441723823547363,False
train,0.899562418460846,0.5309523940086365,0.4735143482685089,0.053127776831388474,0.0006329770549200475,-1.7488669157028198,-6.219676494598389,6.460875511169434,False
test,0.8999791741371155,0.4761904776096344,0.47079014778137207,0.05238303169608116,0.0006472548702731729,-1.723235845565796,-6.242536544799805,6.476017475128174,False
train,0.900395929813385,0.43492063879966736,0.46805620193481445,0.05164922773838043,0.0006619562045671046,-1.69746994972229,-6.261199951171875,6.487220764160156,False
train,0.9008126854896545,0.4373015761375427,0.4653148651123047,0.05092649534344673,0.0006770907784812152,-1.6716017723083496,-6.2757673263549805,6.494575023651123,False
train,0.9012294411659241,0.4238095283508301,0.46256721019744873,0.05021486058831215,0.0006926673231646419,-1.6456589698791504,-6.286330223083496,6.498164653778076,False
train,0.9016461968421936,0.3642857074737549,0.45981529355049133,0.049514349550008774,0.0007086956757120788,-1.6196694374084473,-6.292985916137695,6.498076915740967,False
test,0.9020629525184631,0.35158729553222656,0.4570608139038086,0.04882494732737541,0.0007251888164319098,-1.5936578512191772,-6.295849800109863,6.494418621063232,False
train,0.9024797081947327,0.3380952477455139,0.4543052613735199,0.04814674332737923,0.0007421530317515135,-1.5676555633544922,-6.295020580291748,6.487281799316406,False
train,0.9028964638710022,0.3499999940395355,0.4515502154827118,0.04747960716485977,0.0007596032810397446,-1.5416821241378784,-6.290611267089844,6.476771831512451,False
train,0.9033132195472717,0.3444444537162781,0.44879746437072754,0.04682349041104317,0.0007775467238388956,-1.5157618522644043,-6.28274393081665,6.463002681732178,False
train,0.9037299156188965,0.32777777314186096,0.4460483193397522,0.04617862403392792,0.0007959928479976952,-1.4899262189865112,-6.271522045135498,6.44607400894165,False
test,0.904146671295166,0.3444444537162781,0.44330376386642456,0.045544665306806564,0.0008149566710926592,-1.464187502861023,-6.257073879241943,6.426104545593262,False
train,0.9045634269714355,0.3420634865760803,0.44056573510169983,0.04492169991135597,0.0008344509988091886,-1.4385707378387451,-6.239511966705322,6.403202056884766,False
train,0.9049801826477051,0.33095237612724304,0.43783479928970337,0.0443095937371254,0.0008544813608750701,-1.413095235824585,-6.218950271606445,6.377474308013916,False
train,0.9053969383239746,0.32698413729667664,0.43511298298835754,0.043708328157663345,0.0008750632987357676,-1.3877804279327393,-6.195512294769287,6.3490400314331055,False
train,0.9058136940002441,0.3206349313259125,0.43240150809288025,0.04311785846948624,0.0008962040301412344,-1.3626455068588257,-6.169327259063721,6.31802225112915,False
test,0.9062304496765137,0.32698413729667664,0.4297008812427521,0.042538076639175415,0.0009179168846458197,-1.3377081155776978,-6.140497207641602,6.284518241882324,False
train,0.9066472053527832,0.3246031701564789,0.42701244354248047,0.04196884110569954,0.000940212921705097,-1.312981367111206,-6.1091508865356445,6.248651504516602,False
train,0.9070639610290527,0.3222222328186035,0.42433759570121765,0.0414101704955101,0.0009631053544580936,-1.28848397731781,-6.075405597686768,6.210535049438477,False
train,0.9074807167053223,0.3404761850833893,0.42167696356773376,0.0408618338406086,0.000986600061878562,-1.2642261981964111,-6.039373874664307,6.170275688171387,False
train,0.9078974723815918,0.33492064476013184,0.4190317392349243,0.040323805063962936,0.0010107161942869425,-1.2402238845825195,-6.001179218292236,6.127993583679199,False
test,0.9083142280578613,0.3222222328186035,0.41640257835388184,0.039795998483896255,0.0010354605037719011,-1.2164888381958008,-5.960928916931152,6.083791732788086,False
train,0.9087309837341309,0.33492064476013184,0.4137907028198242,0.03927820548415184,0.0010608462616801262,-1.1930310726165771,-5.91873836517334,6.037780284881592,False
train,0.9091477394104004,0.31190475821495056,0.4111965298652649,0.038770344108343124,0.0010868834797292948,-1.1698598861694336,-5.874714374542236,5.9900617599487305,False
train,0.9095644950866699,0.289682537317276,0.4086211919784546,0.038272298872470856,0.0011135843815281987,-1.1469858884811401,-5.82897424697876,5.940750598907471,False
train,0.9099812507629395,0.27222222089767456,0.4060650169849396,0.037783943116664886,0.0011409615399315953,-1.1244163513183594,-5.7816081047058105,5.889932155609131,False
test,0.910398006439209,0.26031747460365295,0.40352898836135864,0.03730516508221626,0.0011690269457176328,-1.1021608114242554,-5.732736587524414,5.837724685668945,False
train,0.9108147621154785,0.2817460298538208,0.40101346373558044,0.03683575987815857,0.0011977868853136897,-1.0802217721939087,-5.682448863983154,5.7842116355896,False
train,0.911231517791748,0.2547619044780731,0.3985191583633423,0.03637564554810524,0.0012272608000785112,-1.058608055114746,-5.630849838256836,5.729496002197266,False
train,0.9116482734680176,0.24047619104385376,0.39604687690734863,0.03592468798160553,0.0012574561405926943,-1.0373237133026123,-5.578031063079834,5.673664569854736,False
train,0.9120650291442871,0.29206350445747375,0.3935968577861786,0.035482726991176605,0.0012883797753602266,-1.0163732767105103,-5.5240960121154785,5.616818428039551,False
test,0.9124817848205566,0.27222222089767456,0.39116978645324707,0.03504963591694832,0.0013200482353568077,-0.9957596063613892,-5.469120979309082,5.559030532836914,False
train,0.9128985404968262,0.2769841253757477,0.3887656331062317,0.03462523594498634,0.0013524687383323908,-0.9754852652549744,-5.413202285766602,5.500393867492676,False
train,0.9133152961730957,0.2650793790817261,0.386385053396225,0.03420938178896904,0.001385656651109457,-0.9555516242980957,-5.356417179107666,5.440981864929199,False
train,0.9137320518493652,0.26825398206710815,0.3840285539627075,0.033802010118961334,0.001419621054083109,-0.9359624981880188,-5.298855781555176,5.380882740020752,False
train,0.9141488075256348,0.2547619044780731,0.3816961646080017,0.033402808010578156,0.0014543668366968632,-0.9167145490646362,-5.24058723449707,5.320161819458008,False
test,0.9145655632019043,0.25634920597076416,0.3793885111808777,0.033011723309755325,0.001489913440309465,-0.8978105187416077,-5.181695938110352,5.2589006423950195,False
train,0.914982259273529,0.28412699699401855,0.37710580229759216,0.03262877091765404,0.0015262598171830177,-0.8792559504508972,-5.122257709503174,5.197173595428467,False
train,0.9153990149497986,0.2650793790817261,0.374847948551178,0.03225357457995415,0.0015634280862286687,-0.8610411286354065,-5.0623297691345215,5.135034084320068,False
train,0.9158157706260681,0.25952380895614624,0.37261515855789185,0.03188604488968849,0.0016014229040592909,-0.8431674242019653,-5.001981258392334,5.0725483894348145,False
train,0.9162325263023376,0.21984127163887024,0.3704080581665039,0.03152608498930931,0.0016402543988078833,-0.8256354331970215,-4.941285610198975,5.0097880363464355,False
test,0.9166492819786072,0.24365079402923584,0.3682263195514679,0.03117343969643116,0.00167992920614779,-0.8084392547607422,-4.880295276641846,4.946802616119385,False
train,0.9170660376548767,0.24761904776096344,0.36607056856155396,0.030828146263957024,0.0017204536125063896,-0.7915825843811035,-4.819074630737305,4.883654594421387,False
train,0.9174827933311462,0.25238096714019775,0.36394014954566956,0.030489908531308174,0.0017618440324440598,-0.7750570178031921,-4.757671356201172,4.820389270782471,False
train,0.9178995490074158,0.23968254029750824,0.36183589696884155,0.030158665031194687,0.0018041011644527316,-0.7588632702827454,-4.696152687072754,4.757071018218994,False
train,0.9183163046836853,0.22777777910232544,0.35975733399391174,0.029834279790520668,0.0018472407246008515,-0.7429969906806946,-4.6345534324646,4.693733215332031,False
test,0.9187330603599548,0.25,0.3577047288417816,0.029516572132706642,0.0018912666710093617,-0.7274542450904846,-4.572933197021484,4.630433082580566,False
train,0.9191498160362244,0.23650793731212616,0.3556778132915497,0.029205359518527985,0.001936178538016975,-0.7122294306755066,-4.511322975158691,4.567198753356934,False
train,0.9195665717124939,0.27936509251594543,0.3536771833896637,0.02890062890946865,0.001981997163966298,-0.6973228454589844,-4.449784755706787,4.504091739654541,False
train,0.9199833273887634,0.2888889014720917,0.35170242190361023,0.028602197766304016,0.0020287232473492622,-0.68272864818573,-4.388352870941162,4.441143989562988,False
train,0.920400083065033,0.24523809552192688,0.3497532606124878,0.028309889137744904,0.002076353644952178,-0.6684401631355286,-4.327054500579834,4.378379821777344,False
test,0.9208168387413025,0.2769841253757477,0.3478298783302307,0.028023600578308105,0.0021249111741781235,-0.654455304145813,-4.265935897827148,4.315845489501953,False
train,0.921233594417572,0.2809523940086365,0.34593263268470764,0.02774328552186489,0.002174384193494916,-0.6407709121704102,-4.205036163330078,4.253576755523682,False
train,0.9216503500938416,0.26825398206710815,0.34406042098999023,0.027468709275126457,0.002224789699539542,-0.6273794770240784,-4.144373416900635,4.191590785980225,False
train,0.9220671057701111,0.2857142984867096,0.34221401810646057,0.02719978615641594,0.0022761302534490824,-0.6142769455909729,-4.083985328674316,4.1299238204956055,False
train,0.9224838614463806,0.3142857253551483,0.3403931260108948,0.026936423033475876,0.0023284032940864563,-0.6014596819877625,-4.023905277252197,4.068607807159424,False
test,0.9229006171226501,0.2769841253757477,0.33859702944755554,0.02667839638888836,0.0023816183675080538,-0.5889198184013367,-3.9641454219818115,4.007652282714844,False
train,0.9233173727989197,0.2547619044780731,0.3368266224861145,0.026425721123814583,0.002435778733342886,-0.5766561031341553,-3.904745578765869,3.947096347808838,False
train,0.9237341284751892,0.2777777910232544,0.3350807726383209,0.026178201660513878,0.0024908750783652067,-0.5646607875823975,-3.8457164764404297,3.8869495391845703,False
train,0.9241508841514587,0.3055555522441864,0.33335983753204346,0.025935783982276917,0.002546926261857152,-0.5529308915138245,-3.787083625793457,3.8272359371185303,False
train,0.9245676398277283,0.33095237612724304,0.3316636383533478,0.025698289275169373,0.002603914588689804,-0.5414599180221558,-3.7288708686828613,3.767977714538574,False
test,0.9249843955039978,0.38650792837142944,0.32999157905578613,0.025465626269578934,0.002661864273250103,-0.5302426218986511,-3.671086549758911,3.7091822624206543,False
train,0.9254011511802673,0.41428571939468384,0.32834392786026,0.02523774467408657,0.0027207601815462112,-0.5192758440971375,-3.6137568950653076,3.650874614715576,False
train,0.9258179068565369,0.3880952298641205,0.32672032713890076,0.025014488026499748,0.0027805983554571867,-0.5085524916648865,-3.5568881034851074,3.593059778213501,False
train,0.9262346029281616,0.2571428716182709,0.3251211643218994,0.024795791134238243,0.0028413787949830294,-0.4980706572532654,-3.500515937805176,3.5357723236083984,False
train,0.9266513586044312,0.2738095223903656,0.32354509830474854,0.02458147704601288,0.0029031236190348864,-0.4878203272819519,-3.44461989402771,3.4789905548095703,False
test,0.9270681142807007,0.2547619044780731,0.32199275493621826,0.024371549487113953,0.0029658100102096796,-0.47780123353004456,-3.3892335891723633,3.4227471351623535,False
train,0.9274848699569702,0.18015873432159424,0.32046329975128174,0.024165818467736244,0.00302942655980587,-0.4680054187774658,-3.3343541622161865,3.3670384883880615,False
train,0.9279016256332397,0.24047619104385376,0.3189573884010315,0.023964254185557365,0.0030939977150410414,-0.45842990279197693,-3.2800052165985107,3.3118865489959717,False
train,0.9283183813095093,0.2023809552192688,0.3174741268157959,0.02376674860715866,0.003159500425681472,-0.449069082736969,-3.226186752319336,3.257290840148926,False
train,0.9287351369857788,0.18174603581428528,0.31601327657699585,0.02357318438589573,0.003225924214348197,-0.4399184584617615,-3.1729073524475098,3.203259229660034,False
test,0.9291518926620483,0.18174603581428528,0.3145751357078552,0.023383507505059242,0.003293287241831422,-0.4309728443622589,-3.1201701164245605,3.1497933864593506,False
train,0.9295686483383179,0.1865079402923584,0.3131589889526367,0.02319764345884323,0.003361556911841035,-0.42222896218299866,-3.067988157272339,3.0969061851501465,False
train,0.9299854040145874,0.17698413133621216,0.3117646276950836,0.02301543392241001,0.0034307576715946198,-0.41368046402931213,-3.0163583755493164,3.044593572616577,False
train,0.9304021596908569,0.17301587760448456,0.3103918731212616,0.022836880758404732,0.00350086553953588,-0.4053240418434143,-2.9652857780456543,2.992859363555908,False
train,0.9308189153671265,0.14047619700431824,0.30904075503349304,0.022661928087472916,0.003571862354874611,-0.3971565067768097,-2.914783000946045,2.941715955734253,False
test,0.931235671043396,0.16349206864833832,0.3077109754085541,0.022490354254841805,0.0036437660455703735,-0.3891703486442566,-2.8648412227630615,2.891153573989868,False
train,0.9316524267196655,0.170634925365448,0.30640193819999695,0.02232222445309162,0.0037165607791393995,-0.38136428594589233,-2.8154678344726562,2.8411788940429688,False
train,0.9320691823959351,0.22301587462425232,0.3051137924194336,0.02215738035738468,0.0037902118638157845,-0.37373220920562744,-2.7666618824005127,2.79179048538208,False
train,0.9324859380722046,0.22857142984867096,0.30384597182273865,0.021995773538947105,0.003864749101921916,-0.36627069115638733,-2.7184243202209473,2.742988348007202,False
train,0.9329026937484741,0.25,0.3025985360145569,0.021837355569005013,0.0039401305839419365,-0.35897594690322876,-2.670757293701172,2.6947743892669678,False
test,0.9333194494247437,0.20396825671195984,0.30137109756469727,0.021682055667042732,0.004016377497464418,-0.35184410214424133,-2.6236579418182373,2.6471447944641113,False
train,0.9337362051010132,0.24841269850730896,0.30016323924064636,0.021529752761125565,0.004093461204320192,-0.3448704183101654,-2.577125072479248,2.600097894668579,False
train,0.9341529607772827,0.22857142984867096,0.2989751398563385,0.02138044312596321,0.004171349108219147,-0.3380519151687622,-2.531156539916992,2.55363130569458,False
train,0.9345697164535522,0.20873016119003296,0.2978063225746155,0.02123403362929821,0.004250071942806244,-0.3313852548599243,-2.485759973526001,2.507751703262329,False
train,0.9349864721298218,0.2611111104488373,0.2966565191745758,0.02109045721590519,0.004329599905759096,-0.32486575841903687,-2.4409217834472656,2.4624454975128174,False
test,0.9354032278060913,0.2809523940086365,0.2955254912376404,0.020949648693203926,0.0044098952785134315,-0.31849002838134766,-2.396641254425049,2.417710781097412,False
train,0.9358199834823608,0.2587301731109619,0.2944132089614868,0.020811572670936584,0.004490990191698074,-0.312255322933197,-2.35292387008667,2.3735530376434326,False
train,0.9362367391586304,0.2579365074634552,0.29331910610198975,0.020676149055361748,0.004572824575006962,-0.30615758895874023,-2.3097548484802246,2.3299570083618164,False
train,0.9366534948348999,0.24365079402923584,0.29224327206611633,0.020543325692415237,0.004655431490391493,-0.30019354820251465,-2.267139196395874,2.2869272232055664,False
train,0.9370702505111694,0.23174603283405304,0.291185200214386,0.020413067191839218,0.00473877415060997,-0.29436078667640686,-2.2250707149505615,2.244457244873047,False
test,0.937487006187439,0.23571428656578064,0.2901448607444763,0.020285291597247124,0.00482281344011426,-0.2886548638343811,-2.183544397354126,2.2025411128997803,False
train,0.9379037022590637,0.2587301731109619,0.2891221344470978,0.020159993320703506,0.004907559137791395,-0.2830747961997986,-2.142566680908203,2.1611857414245605,False
train,0.9383204579353333,0.24761904776096344,0.2881164848804474,0.020037008449435234,0.004993021953850985,-0.2776140868663788,-2.1021127700805664,2.1203651428222656,False
train,0.9387372136116028,0.27142858505249023,0.28712761402130127,0.019916405901312828,0.005079152062535286,-0.27227261662483215,-2.0621907711029053,2.080087184906006,False
train,0.9391539692878723,0.2666666805744171,0.2861557602882385,0.01979805901646614,0.005165921524167061,-0.26704588532447815,-2.022794246673584,2.0403456687927246,False
test,0.9395707249641418,0.2531746029853821,0.285200297832489,0.019681984558701515,0.005253356881439686,-0.2619325518608093,-1.983919620513916,2.001136064529419,False
train,0.9399874806404114,0.25238096714019775,0.28426119685173035,0.019568076357245445,0.005341417621821165,-0.2569287121295929,-1.9455604553222656,1.9624520540237427,False
train,0.9404042363166809,0.2746031880378723,0.2833382487297058,0.019456328824162483,0.005430064629763365,-0.2520322799682617,-1.9077132940292358,1.9242894649505615,False
train,0.9408209919929504,0.2420634925365448,0.28243106603622437,0.0193466879427433,0.005519327707588673,-0.24724064767360687,-1.8703699111938477,1.8866403102874756,False
train,0.94123774766922,0.2666666805744171,0.2815396189689636,0.019239062443375587,0.00560914259403944,-0.24255001544952393,-1.8335226774215698,1.8494961261749268,False
test,0.9416545033454895,0.24523809552192688,0.28066352009773254,0.01913350634276867,0.005699541885405779,-0.23795989155769348,-1.797173023223877,1.8128584623336792,False
train,0.942071259021759,0.24920634925365448,0.27980291843414307,0.0190298929810524,0.005790482275187969,-0.23346641659736633,-1.7613123655319214,1.776718258857727,False
train,0.9424880146980286,0.2626984119415283,0.2789570689201355,0.018928222358226776,0.00588191905990243,-0.22906793653964996,-1.7259349822998047,1.7410696744918823,False
train,0.9429047703742981,0.28412699699401855,0.2781262695789337,0.018828460946679115,0.005973889492452145,-0.22476212680339813,-1.6910369396209717,1.7059085369110107,False
train,0.9433215260505676,0.2587301731109619,0.2773100733757019,0.018730508163571358,0.006066352594643831,-0.2205456793308258,-1.6566061973571777,1.671222448348999,False
test,0.9437382817268372,0.3182539641857147,0.27650827169418335,0.018634416162967682,0.006159246899187565,-0.21641778945922852,-1.622644305229187,1.6370129585266113,False
train,0.9441550374031067,0.3206349313259125,0.2757207155227661,0.018540063872933388,0.006252632476389408,-0.2123754471540451,-1.5891437530517578,1.6032719612121582,False
train,0.9445717930793762,0.23730158805847168,0.2749474048614502,0.01844748668372631,0.006346421781927347,-0.20841720700263977,-1.5560985803604126,1.5699937343597412,False
train,0.9449885487556458,0.2825396955013275,0.2741876542568207,0.018356608226895332,0.006440657656639814,-0.2045401781797409,-1.5234971046447754,1.5371663570404053,False
train,0.9454053044319153,0.2825396955013275,0.2734418511390686,0.018267404288053513,0.006535300984978676,-0.20074345171451569,-1.4913451671600342,1.5047950744628906,False
test,0.9458220601081848,0.28730159997940063,0.27270957827568054,0.018179859966039658,0.006630290299654007,-0.19702449440956116,-1.4596283435821533,1.4728657007217407,False
train,0.9462388157844543,0.289682537317276,0.27199044823646545,0.018093900755047798,0.006725677289068699,-0.19338105618953705,-1.4283407926559448,1.441372036933899,False
train,0.9466555714607239,0.2777777910232544,0.2712843120098114,0.018009517341852188,0.006821420509368181,-0.18981175124645233,-1.397477626800537,1.4103091955184937,False
train,0.9470723271369934,0.2865079343318939,0.2705913186073303,0.017926694825291634,0.006917450577020645,-0.1863148957490921,-1.3670364618301392,1.3796745538711548,False
train,0.9474890828132629,0.2730158865451813,0.26991111040115356,0.01784539595246315,0.007013831287622452,-0.1828889101743698,-1.3370106220245361,1.349461317062378,False
test,0.9479058384895325,0.2817460298538208,0.26924338936805725,0.01776556484401226,0.007110471837222576,-0.17953138053417206,-1.3073910474777222,1.3196601867675781,False
train,0.948322594165802,0.2817460298538208,0.26858794689178467,0.01768721081316471,0.007207436021417379,-0.17624135315418243,-1.2781729698181152,1.2902662754058838,False
train,0.9487393498420715,0.26349207758903503,0.26794490218162537,0.017610270529985428,0.007304658647626638,-0.17301683127880096,-1.249351978302002,1.261275291442871,False
train,0.9491560459136963,0.28730159997940063,0.26731401681900024,0.017534742131829262,0.007402091287076473,-0.16985675692558289,-1.2209258079528809,1.2326844930648804,False
train,0.9495728015899658,0.2690476179122925,0.266695111989975,0.017460579052567482,0.007499756757169962,-0.16675889492034912,-1.1928837299346924,1.2044833898544312,False
test,0.9499895572662354,0.21984127163887024,0.26608791947364807,0.017387783154845238,0.007597669493407011,-0.16372200846672058,-1.165217638015747,1.1766635179519653,False
train,0.9504063129425049,0.16111111640930176,0.26549211144447327,0.017316274344921112,0.0076957885175943375,-0.16074451804161072,-1.1379263401031494,1.1492236852645874,False
train,0.9508230686187744,0.2571428716182709,0.26490795612335205,0.01724609173834324,0.007794041186571121,-0.15782539546489716,-1.1110045909881592,1.1221586465835571,False
train,0.951239824295044,0.29126983880996704,0.2643348276615143,0.017177175730466843,0.007892514578998089,-0.15496297180652618,-1.0844441652297974,1.095460057258606,False
train,0.9516565799713135,0.2507936656475067,0.26377296447753906,0.01710950955748558,0.007991135120391846,-0.15215614438056946,-1.0582420825958252,1.0691248178482056,False
test,0.952073335647583,0.3722222149372101,0.26322218775749207,0.017043065279722214,0.008089860901236534,-0.14940334856510162,-1.0323925018310547,1.0431469678878784,False
train,0.9524900913238525,0.4555555582046509,0.262682169675827,0.016977859660983086,0.008188747800886631,-0.14670389890670776,-1.0068907737731934,1.0175219774246216,False
train,0.9529068470001221,0.36349207162857056,0.26215285062789917,0.016913795843720436,0.008287704549729824,-0.14405551552772522,-0.981728732585907,0.9922415614128113,False
train,0.9533236026763916,0.23492063581943512,0.2616339921951294,0.016850924119353294,0.00838680099695921,-0.14145781099796295,-0.9569028615951538,0.9673020839691162,False
train,0.9537403583526611,0.26825398206710815,0.26112571358680725,0.016789142042398453,0.008485984988510609,-0.1389092057943344,-0.9324085116386414,0.9426990151405334,False
test,0.9541571140289307,0.2706349194049835,0.26062747836112976,0.01672852225601673,0.008585179224610329,-0.13640879094600677,-0.9082385301589966,0.9184250831604004,False
train,0.9545738697052002,0.23333333432674408,0.2601396143436432,0.016669003292918205,0.008684493601322174,-0.1339559108018875,-0.8843956589698792,0.8944830298423767,False
train,0.9549906253814697,0.25,0.25966155529022217,0.01661052368581295,0.00878385454416275,-0.13154809176921844,-0.8608608841896057,0.870853841304779,False
train,0.9554073810577393,0.2690476179122925,0.2591933608055115,0.016553130000829697,0.008883203379809856,-0.1291854977607727,-0.8376408219337463,0.8475441336631775,False
train,0.9558241367340088,0.27222222089767456,0.25873491168022156,0.01649678312242031,0.008982622064650059,-0.1268669068813324,-0.8147264122962952,0.8245449662208557,False
test,0.9562408924102783,0.25,0.2582859694957733,0.016441427171230316,0.009082015603780746,-0.1245909184217453,-0.792113184928894,0.801851749420166,False
train,0.9566576480865479,0.25634920597076416,0.2578465938568115,0.016387084499001503,0.009181448258459568,-0.12235663831233978,-0.7697944045066833,0.7794578671455383,False
train,0.9570744037628174,0.26746031641960144,0.25741663575172424,0.016333751380443573,0.009280877187848091,-0.12016347795724869,-0.7477687001228333,0.7573620676994324,False
train,0.9574911594390869,0.2809523940086365,0.2569955885410309,0.0162813700735569,0.009380233474075794,-0.1180102750658989,-0.7260309457778931,0.7355592250823975,False
train,0.9579079151153564,0.2698412835597992,0.25658395886421204,0.01622995361685753,0.009479617699980736,-0.11589610576629639,-0.7045735120773315,0.7140418291091919,False
test,0.958324670791626,0.2690476179122925,0.2561812102794647,0.016179438680410385,0.009578963741660118,-0.11381999403238297,-0.6833961606025696,0.6928097009658813,False
train,0.9587414264678955,0.261904776096344,0.2557872235774994,0.016129890456795692,0.009678215719759464,-0.11178134381771088,-0.6624908447265625,0.6718550324440002,False
train,0.959158182144165,0.22698412835597992,0.25540193915367126,0.01608121395111084,0.009777456521987915,-0.10977909713983536,-0.6418551802635193,0.6511754989624023,False
train,0.9595749378204346,0.2658730149269104,0.2550254464149475,0.016033442690968513,0.009876594878733158,-0.10781247913837433,-0.6214839816093445,0.6307660937309265,False
train,0.9599916934967041,0.2531746029853821,0.25465744733810425,0.015986522659659386,0.009975705295801163,-0.10588068515062332,-0.6013736724853516,0.6106234788894653,False
test,0.9604083895683289,0.24444444477558136,0.2542979121208191,0.01594049297273159,0.010074691846966743,-0.10398337990045547,-0.5815224647521973,0.5907461047172546,False
train,0.9608251452445984,0.2706349194049835,0.2539465129375458,0.015895258635282516,0.010173647664487362,-0.10211873054504395,-0.561917781829834,0.5711215138435364,False
train,0.9612419009208679,0.25158730149269104,0.25360342860221863,0.015850909054279327,0.010272448882460594,-0.1002870500087738,-0.5425639748573303,0.5517545938491821,False
train,0.9616586565971375,0.2380952388048172,0.2532682716846466,0.01580733433365822,0.010371210984885693,-0.09848707914352417,-0.5234527587890625,0.5326372981071472,False
train,0.962075412273407,0.2531746029853821,0.2529411017894745,0.015764571726322174,0.010469874367117882,-0.0967181921005249,-0.5045813918113708,0.5137672424316406,False
test,0.9624921679496765,0.24920634925365448,0.25262200832366943,0.015722602605819702,0.010568364523351192,-0.09497988969087601,-0.48594775795936584,0.4951428174972534,False
train,0.962908923625946,0.2222222238779068,0.25231072306632996,0.015681428834795952,0.010666798800230026,-0.09327149391174316,-0.4675450026988983,0.4767577052116394,False
train,0.9633256793022156,0.26428571343421936,0.2520068883895874,0.01564098335802555,0.010765108279883862,-0.09159205853939056,-0.4493703246116638,0.45860961079597473,False
train,0.9637424349784851,0.25158730149269104,0.25171077251434326,0.01560132298618555,0.010863242670893669,-0.08994117379188538,-0.43141987919807434,0.44069549441337585,False
train,0.9641591906547546,0.2809523940086365,0.25142213702201843,0.015562382526695728,0.010961294174194336,-0.08831820636987686,-0.41369062662124634,0.4230130612850189,False
test,0.9645759463310242,0.2738095223903656,0.2511407732963562,0.015524170361459255,0.011059151031076908,-0.08672254532575607,-0.39617976546287537,0.40556034445762634,False
train,0.9649927020072937,0.230158731341362,0.2508668005466461,0.015486669726669788,0.011156913824379444,-0.08515346050262451,-0.3788808584213257,0.3883320987224579,False
train,0.9654094576835632,0.15396825969219208,0.2506002187728882,0.015449859201908112,0.011254552751779556,-0.08361058682203293,-0.36179307103157043,0.3713286519050598,False
train,0.9658262133598328,0.06111111119389534,0.2503405511379242,0.015413787215948105,0.01135198213160038,-0.08209336549043655,-0.3449127674102783,0.35454779863357544,False
train,0.9662429690361023,0.003968254197388887,0.2500878870487213,0.0153783755376935,0.01144932210445404,-0.08060121536254883,-0.3282356858253479,0.3379870057106018,False
test,0.9666597247123718,0.16984127461910248,0.24984225630760193,0.015343612991273403,0.011546512134373188,-0.07913325726985931,-0.31175661087036133,0.32164305448532104,False
train,0.9670764803886414,0.15317460894584656,0.2496035099029541,0.015309538692235947,0.011643466539680958,-0.07768953591585159,-0.2954767346382141,0.3055194914340973,False
train,0.9674932360649109,0.06031746044754982,0.24937142431735992,0.015276084654033184,0.011740336194634438,-0.07626904547214508,-0.2793881297111511,0.289611279964447,False
train,0.9679099917411804,0.02142857201397419,0.24914614856243134,0.015243308618664742,0.011836973018944263,-0.0748717188835144,-0.263491153717041,0.2739221751689911,False
train,0.96832674741745,0.011111111380159855,0.24892742931842804,0.015211140736937523,0.011933507397770882,-0.07349681109189987,-0.24778053164482117,0.25845110416412354,False
test,0.9687435030937195,0.004761904943734407,0.24871543049812317,0.015179615467786789,0.012029866687953472,-0.07214397937059402,-0.23225533962249756,0.24320217967033386,False
train,0.969160258769989,0.0023809524718672037,0.24850967526435852,0.015148673206567764,0.012125992216169834,-0.07081253081560135,-0.21690967679023743,0.22817586362361908,False
train,0.9695770144462585,0.0833333358168602,0.2483104169368744,0.015118362382054329,0.012222007848322392,-0.06950239092111588,-0.20174366235733032,0.21338015794754028,False
train,0.9699937701225281,0.2658730149269104,0.24811747670173645,0.01508862804621458,0.012317832559347153,-0.06821281462907791,-0.1867518424987793,0.1988196074962616,False
train,0.9704105257987976,0.2785714268684387,0.2479306012392044,0.015059473924338818,0.01241342257708311,-0.06694334000349045,-0.171931654214859,0.18450447916984558,False
test,0.9708272814750671,0.23492063581943512,0.24775007367134094,0.015030913054943085,0.012508888728916645,-0.06569381058216095,-0.15728124976158142,0.17044959962368011,False
train,0.9712440371513367,0.27222222089767456,0.2475755512714386,0.015002919360995293,0.012604069896042347,-0.0644635334610939,-0.14279711246490479,0.15667343139648438,False
train,0.9716607332229614,0.2857142984867096,0.24740715324878693,0.014975469559431076,0.012699121609330177,-0.06325255334377289,-0.1284799575805664,0.14320608973503113,False
train,0.972077488899231,0.26428571343421936,0.2472444772720337,0.014948587864637375,0.012794013135135174,-0.062060028314590454,-0.11432185769081116,0.13008049130439758,False
train,0.9724942445755005,0.22142857313156128,0.24708792567253113,0.01492223795503378,0.012888705357909203,-0.06088564917445183,-0.10032075643539429,0.11735125631093979,False
test,0.97291100025177,0.29126983880996704,0.2469371259212494,0.014896424487233162,0.01298313494771719,-0.05972915515303612,-0.08647716045379639,0.10509934276342392,False
train,0.9733277559280396,0.22063492238521576,0.2467920035123825,0.01487115677446127,0.013077427633106709,-0.05859022215008736,-0.07278650999069214,0.09343816339969635,False
train,0.9737445116043091,0.2611111104488373,0.24665263295173645,0.014846385456621647,0.013171507976949215,-0.05746830999851227,-0.0592460036277771,0.08253905177116394,False
train,0.9741612672805786,0.2746031880378723,0.24651867151260376,0.014822154305875301,0.013265317305922508,-0.056363221257925034,-0.045854538679122925,0.07265983521938324,False
train,0.9745780229568481,0.23888888955116272,0.24639065563678741,0.014798423275351524,0.013358975760638714,-0.05527464300394058,-0.032608985900878906,0.06417656689882278,False
test,0.9749947786331177,0.22777777910232544,0.24626776576042175,0.01477515883743763,0.01345235388725996,-0.05420196056365967,-0.019506394863128662,0.057605139911174774,False
train,0.9754115343093872,0.26746031641960144,0.24615047872066498,0.014752422459423542,0.013545570895075798,-0.053145259618759155,-0.006545215845108032,0.05354679003357887,False
train,0.9758282899856567,0.2531746029853821,0.24603848159313202,0.01473014336079359,0.013638525269925594,-0.0521039217710495,0.006276547908782959,0.05248060077428818,False
train,0.9762450456619263,0.22380952537059784,0.24593186378479004,0.014708374626934528,0.013731217011809349,-0.051077764481306076,0.01896202564239502,0.05448390915989876,False
train,0.9766618013381958,0.2769841253757477,0.24583043158054352,0.014687036164104939,0.013823742046952248,-0.05006643757224083,0.03151322901248932,0.059158530086278915,False
test,0.9770785570144653,0.2777777910232544,0.24573436379432678,0.014666182920336723,0.013916028663516045,-0.04906954616308212,0.043934404850006104,0.06586389243602753,False
train,0.9774953126907349,0.27539682388305664,0.2456430345773697,0.01464580837637186,0.01400799211114645,-0.04808705672621727,0.05622217059135437,0.07398173958063126,False
train,0.9779120683670044,0.2706349194049835,0.24555714428424835,0.014625858515501022,0.014099771156907082,-0.047118522226810455,0.06838351488113403,0.08304493129253387,False
train,0.9783288240432739,0.3063492178916931,0.2454761266708374,0.014606381766498089,0.014191300608217716,-0.0461636483669281,0.08041974902153015,0.0927276536822319,False
train,0.9787455797195435,0.28412699699401855,0.24540014564990997,0.014587334357202053,0.014282487332820892,-0.04522215574979782,0.09233109652996063,0.10281087458133698,False
test,0.979162335395813,0.2579365074634552,0.24532921612262726,0.014568694867193699,0.014373472891747952,-0.044293880462646484,0.10412022471427917,0.1131502091884613,False
train,0.9795790910720825,0.3182539641857147,0.2452629655599594,0.014550524763762951,0.014464102685451508,-0.04337839037179947,0.11579032242298126,0.12364903837442398,False
train,0.979995846748352,0.2738095223903656,0.24520157277584076,0.01453277189284563,0.014554521068930626,-0.04247555881738663,0.12734320759773254,0.13424032926559448,False
train,0.9804126024246216,0.29603174328804016,0.24514490365982056,0.014515422284603119,0.014644640497863293,-0.041585009545087814,0.13878096640110016,0.14487743377685547,False
train,0.9808293581008911,0.2738095223903656,0.24509312212467194,0.014498502016067505,0.014734392985701561,-0.04070666432380676,0.15010228753089905,0.15552404522895813,False
test,0.9812461137771606,0.2380952388048172,0.24504587054252625,0.01448198314756155,0.014823893085122108,-0.0398402102291584,0.16131246089935303,0.16615942120552063,False
train,0.9816628694534302,0.3460317552089691,0.24500317871570587,0.01446586288511753,0.014913077466189861,-0.038985393941402435,0.17241233587265015,0.17676502466201782,False
train,0.9820796251296997,0.2380952388048172,0.24496513605117798,0.014450120739638805,0.015001821331679821,-0.03814173489809036,0.18340478837490082,0.18732887506484985,False
train,0.9824963808059692,0.28333333134651184,0.24493172764778137,0.014434814453125,0.01509032677859068,-0.03730954974889755,0.19428834319114685,0.19783823192119598,False
train,0.9829131364822388,0.24682539701461792,0.2449028044939041,0.014419850893318653,0.015178407542407513,-0.036488085985183716,0.20506879687309265,0.20828968286514282,False
test,0.9833298325538635,0.23333333432674408,0.24487809836864471,0.014405308291316032,0.015266161412000656,-0.03567754104733467,0.21574357151985168,0.2186736762523651,False
train,0.9837465882301331,0.21904762089252472,0.2448577880859375,0.01439113263040781,0.01535357628017664,-0.034877412021160126,0.22631768882274628,0.228989377617836,False
train,0.9841633439064026,0.23968254029750824,0.24484215676784515,0.01437731459736824,0.015440596267580986,-0.03408757224678993,0.23679187893867493,0.2392328530550003,False
train,0.9845800995826721,0.30714285373687744,0.24483048915863037,0.01436387374997139,0.01552714966237545,-0.033307719975709915,0.2471679151058197,0.24940204620361328,False
train,0.9849968552589417,0.2380952388048172,0.24482332170009613,0.014350803568959236,0.01561335101723671,-0.032537784427404404,0.25744765996932983,0.25949567556381226,False
test,0.9854136109352112,0.22063492238521576,0.2448202222585678,0.014338075183331966,0.015699120238423347,-0.031777605414390564,0.2676292955875397,0.26950928568840027,False
train,0.9858303666114807,0.2825396955013275,0.24482125043869019,0.014325721189379692,0.015784379094839096,-0.03102671355009079,0.2777198553085327,0.27944764494895935,False
train,0.9862471222877502,0.28730159997940063,0.24482661485671997,0.014313721098005772,0.01586920954287052,-0.030285213142633438,0.2877166271209717,0.2893061637878418,False
train,0.9866638779640198,0.2658730149269104,0.24483592808246613,0.014302060008049011,0.01595354452729225,-0.029552701860666275,0.2976234555244446,0.2990870773792267,False
train,0.9870806336402893,0.30714285373687744,0.2448493391275406,0.014290743507444859,0.016037441790103912,-0.028829142451286316,0.30744022130966187,0.308788925409317,False
test,0.9874973893165588,0.30793651938438416,0.24486687779426575,0.014279759488999844,0.016120832413434982,-0.028114251792430878,0.31717053055763245,0.3184141218662262,False
train,0.9879141449928284,0.26349207758903503,0.2448883354663849,0.01426912471652031,0.016203632578253746,-0.027407925575971603,0.3268113434314728,0.3279586136341095,False
train,0.9883309006690979,0.2785714268684387,0.24491360783576965,0.014258813112974167,0.01628594659268856,-0.02670995146036148,0.3363689184188843,0.3374277353286743,False
train,0.9887476563453674,0.2817460298538208,0.24494297802448273,0.014248843304812908,0.016367707401514053,-0.026020096614956856,0.34584254026412964,0.34681999683380127,False
train,0.989164412021637,0.25952380895614624,0.24497613310813904,0.0142391761764884,0.016448816284537315,-0.025338180363178253,0.3552326560020447,0.35613515973091125,False
test,0.9895811676979065,0.2777777910232544,0.24501299858093262,0.014229821972548962,0.01652938686311245,-0.02466415800154209,0.3645417094230652,0.3653751313686371,False
train,0.989997923374176,0.25,0.24505400657653809,0.014220815151929855,0.016609342768788338,-0.023997735232114792,0.37377142906188965,0.3745410144329071,False
train,0.9904146790504456,0.24682539701461792,0.2450985312461853,0.014212101697921753,0.01668858714401722,-0.023338766768574715,0.38292157649993896,0.3836321532726288,False
train,0.9908314347267151,0.25634920597076416,0.24514679610729218,0.01420369278639555,0.016767220571637154,-0.022687029093503952,0.3919961452484131,0.39265212416648865,False
train,0.9912481904029846,0.22460317611694336,0.24519887566566467,0.014195582829415798,0.016845116391777992,-0.02204248122870922,0.4009929299354553,0.4015983045101166,False
test,0.9916649460792542,0.2579365074634552,0.24525465071201324,0.01418780442327261,0.016922352835536003,-0.021404970437288284,0.409914493560791,0.41047295928001404,False
train,0.9920817017555237,0.2690476179122925,0.24531395733356476,0.014180323109030724,0.01699887216091156,-0.02077428624033928,0.4187621772289276,0.419277161359787,False
train,0.9924984574317932,0.23650793731212616,0.24537675082683563,0.01417312491685152,0.01707453280687332,-0.02015015296638012,0.4275376796722412,0.42801225185394287,False
train,0.9929152131080627,0.2984127104282379,0.24544325470924377,0.014166212640702724,0.017149504274129868,-0.0195325817912817,0.4362420439720154,0.43667909502983093,False
train,0.9933319687843323,0.23968254029750824,0.2455134391784668,0.01415958721190691,0.0172236617654562,-0.018921392038464546,0.4448759853839874,0.44527819752693176,False
test,0.9937487244606018,0.2587301731109619,0.2455870807170868,0.014153284952044487,0.017296936362981796,-0.018316369503736496,0.453439325094223,0.45380911231040955,False
train,0.9941654801368713,0.2539682686328888,0.24566397070884705,0.014147232286632061,0.01736941933631897,-0.017717473208904266,0.4619346261024475,0.4622742831707001,False
train,0.9945821762084961,0.2626984119415283,0.24574437737464905,0.014141472987830639,0.01744099147617817,-0.017124559730291367,0.47036245465278625,0.470674067735672,False
train,0.9949989318847656,0.2857142984867096,0.2458282858133316,0.01413597073405981,0.017511606216430664,-0.016537263989448547,0.4787245988845825,0.47901013493537903,False
train,0.9954156875610352,0.2706349194049835,0.24591559171676636,0.014130781404674053,0.01758134923875332,-0.015955692157149315,0.4870215058326721,0.48728281259536743,False
test,0.9958324432373047,0.2587301731109619,0.24600636959075928,0.014125839807093143,0.017650123685598373,-0.015379508957266808,0.495254784822464,0.4954935312271118,False
train,0.9962491989135742,0.2222222238779068,0.24610044062137604,0.014121179468929768,0.01771785132586956,-0.014808722771704197,0.5034244060516357,0.5036421418190002,False
train,0.9966659545898438,0.25238096714019775,0.2461978793144226,0.01411676499992609,0.01778459921479225,-0.014243130572140217,0.5115327835083008,0.5117310285568237,False
train,0.9970827102661133,0.05238095298409462,0.24629837274551392,0.014112643897533417,0.01785028912127018,-0.013682601042091846,0.5195791721343994,0.5197592973709106,False
train,0.9974994659423828,0.0015873016091063619,0.2464023232460022,0.014108770526945591,0.017914850264787674,-0.013127013109624386,0.5275650024414062,0.5277283191680908,False
test,0.9979162216186523,0.0,0.24650929868221283,0.014105137437582016,0.01797836646437645,-0.012576260603964329,0.5354920625686646,0.5356397032737732,False
train,0.9983329772949219,0.0007936508045531809,0.24661962687969208,0.014101787470281124,0.018040673807263374,-0.012030113488435745,0.5433604717254639,0.5434936285018921,False
train,0.9987497329711914,0.0007936508045531809,0.24673308432102203,0.014098660089075565,0.018101876601576805,-0.011488605290651321,0.5511713027954102,0.5512910485267639,False
train,0.9991664886474609,0.0,0.24684971570968628,0.014095823280513287,0.01816185750067234,-0.010951517149806023,0.5589245557785034,0.5590318441390991,False
train,0.9995832443237305,0.0007936508045531809,0.2469695508480072,0.014093219302594662,0.0182205718010664,-0.010418660007417202,0.5666232109069824,0.5667189955711365,False
test,1.0,0.0007936508045531809,0.2470923513174057,0.014090866781771183,0.018278051167726517,-0.009889974258840084,0.5742666721343994,0.5743518471717834,False
