part,t,D_obs,D_pred,I_pred,u_pred,r_I,r_D,R,is_anomaly
train,0.00020837673218920827,0.0,0.0016132325399667025,0.04979047551751137,0.04573512449860573,-0.01899820566177368,-0.18572594225406647,0.18669508397579193,False
train,0.0006251301965676248,0.0,0.0015995060093700886,0.049789611250162125,0.04488177224993706,-0.11858212947845459,-0.1756722331047058,0.2119491845369339,False
train,0.0010418837191537023,0.0,0.0015898202545940876,0.04974941164255142,0.044031981378793716,-0.2053752839565277,-0.16603106260299683,0.26409339904785156,False
train,0.0014586371835321188,0.0,0.0015841899439692497,0.0496760793030262,0.04318823665380478,-0.275149405002594,-0.1556701362133026,0.3161334991455078,False
test,0.0018753906479105353,0.0,0.0015831682831048965,0.0495774932205677,0.042352885007858276,-0.32439297437667847,-0.14311185479164124,0.3545585870742798,False
train,0.002292144112288952,0.0,0.0015880661085247993,0.04946296662092209,0.0415281243622303,-0.3487898111343384,-0.12620608508586884,0.37092089653015137,False
train,0.0027088976930826902,0.0,0.001601273426786065,0.04934420809149742,0.04071600362658501,-0.34211233258247375,-0.10195459425449371,0.35698121786117554,False
train,0.0031256512738764286,0.0,0.0016265956219285727,0.049235470592975616,0.03991839662194252,-0.29710131883621216,-0.06668899953365326,0.30449405312538147,False
train,0.0035424046218395233,0.0,0.0016694354126229882,0.04915403947234154,0.039137039333581924,-0.20992930233478546,-0.016782596707344055,0.21059906482696533,False
test,0.003959157969802618,0.0,0.0017364728264510632,0.049116525799036026,0.03837348893284798,-0.08742239326238632,0.0501825213432312,0.10080158710479736,False
train,0.004375911783427,0.0,0.0018350121099501848,0.049133408814668655,0.03762916475534439,0.04818841069936752,0.1342756301164627,0.14266067743301392,False
train,0.004792665131390095,0.0,0.001971763325855136,0.04920359328389168,0.03690535947680473,0.1638442724943161,0.2327817678451538,0.2846617102622986,False
train,0.0052094184793531895,0.0,0.0021518415305763483,0.049312181770801544,0.036203160881996155,0.22977417707443237,0.3409651517868042,0.41116103529930115,False
train,0.0056261722929775715,0.0,0.002378231380134821,0.04943496733903885,0.035523585975170135,0.23351645469665527,0.45381420850753784,0.5103697180747986,False
test,0.006042925175279379,0.0,0.002652076305821538,0.049547284841537476,0.034867506474256516,0.18332864344120026,0.5678951740264893,0.5967531800270081,False
train,0.006459679454565048,0.0,0.00297356559894979,0.04963076114654541,0.034235630184412,0.1003948450088501,0.6822061538696289,0.6895537376403809,False
train,0.006876432336866856,0.0,0.003342838492244482,0.049676697701215744,0.03362860530614853,0.007486600428819656,0.797419548034668,0.7974546551704407,False
train,0.00729318568482995,0.0,0.0037603527307510376,0.04968457669019699,0.03304695710539818,-0.07879092544317245,0.9139617085456848,0.9173516035079956,False
train,0.007709939498454332,0.0,0.0042263506911695,0.049659278243780136,0.032491084188222885,-0.15044695138931274,1.0300511121749878,1.0409801006317139,False
test,0.008126692846417427,0.0,0.004739677999168634,0.04960692673921585,0.031961336731910706,-0.20684054493904114,1.1408240795135498,1.1594233512878418,False
train,0.008543446660041809,0.0,0.005296619143337011,0.04953356832265854,0.03145795688033104,-0.25178971886634827,1.239092230796814,1.264415979385376,False
train,0.008960200473666191,0.0,0.005890317261219025,0.04944267123937607,0.030981123447418213,-0.2905779182910919,1.317409873008728,1.3490753173828125,False
train,0.009376953355967999,0.0,0.006511312909424305,0.04933585599064827,0.030530942603945732,-0.3277483284473419,1.3705583810806274,1.4092016220092773,False
train,0.00979370716959238,0.0,0.007148591335862875,0.04921320825815201,0.030107462778687477,-0.3659840524196625,1.3971980810165405,1.4443360567092896,False
test,0.010210460051894188,0.0,0.007791556883603334,0.04907405003905296,0.029710685834288597,-0.40597718954086304,1.4002550840377808,1.4579204320907593,False
train,0.01062721386551857,0.0,0.008431585505604744,0.04891780763864517,0.029340557754039764,-0.44692185521125793,1.385860562324524,1.456141710281372,False
train,0.011043967679142952,0.0068330238573253155,0.009062954224646091,0.048744361847639084,0.02899700030684471,-0.4872179627418518,1.3615378141403198,1.4460866451263428,False
train,0.011460721492767334,0.020112454891204834,0.009682933799922466,0.04855447635054588,0.028679881244897842,-0.5250644087791443,1.3343501091003418,1.4339395761489868,False
train,0.011877474375069141,0.020204907283186913,0.010291589424014091,0.048349373042583466,0.02838904783129692,-0.5587551593780518,1.3097137212753296,1.4239232540130615,False
test,0.012294228188693523,0.02032257243990898,0.01089074183255434,0.04813133180141449,0.028124334290623665,-0.5866720080375671,1.291041612625122,1.4180876016616821,False
train,0.012710982002317905,0.020209109410643578,0.011483288370072842,0.047902923077344894,0.02788553759455681,-0.6070792078971863,1.2803422212600708,1.4169760942459106,False
train,0.013127733953297138,0.020225917920470238,0.012072854675352573,0.04766783490777016,0.02767244167625904,-0.6180091500282288,1.2791094779968262,1.4205831289291382,False
train,0.01354448776692152,0.020246930420398712,0.012663669884204865,0.047430429607629776,0.0274848323315382,-0.6175287961959839,1.2884716987609863,1.4288110733032227,False
train,0.013961241580545902,0.020221715793013573,0.013260028325021267,0.04719557613134384,0.02732245624065399,-0.6045907139778137,1.307047724723816,1.4401054382324219,False
test,0.01437799446284771,0.020120859146118164,0.013864322565495968,0.04696863144636154,0.02718508243560791,-0.5800837278366089,1.3265794515609741,1.4478639364242554,False
train,0.014794748276472092,0.02006622962653637,0.01447341125458479,0.04675360769033432,0.027072444558143616,-0.5473374724388123,1.3279407024383545,1.4363164901733398,False
train,0.015211502090096474,0.0200746338814497,0.01507407333701849,0.04655306413769722,0.026984287425875664,-0.5113932490348816,1.2832084894180298,1.381356954574585,False
train,0.015628255903720856,0.020263738930225372,0.01564154215157032,0.04636714607477188,0.026920340955257416,-0.47735196352005005,1.1671900749206543,1.2610303163528442,False
train,0.016045009717345238,0.020167086273431778,0.01614389196038246,0.04619428515434265,0.026880348101258278,-0.4489520192146301,0.9739049673080444,1.0724031925201416,False
test,0.01646176353096962,0.020246930420398712,0.016552675515413284,0.046031661331653595,0.026864005252718925,-0.4283439815044403,0.7255209684371948,0.8425314426422119,False
train,0.016878517344594002,0.020192299038171768,0.01685340888798237,0.04587579146027565,0.026871053501963615,-0.4166508615016937,0.46452832221984863,0.6240068078041077,False
train,0.017295269295573235,0.020129265263676643,0.017050258815288544,0.04572277516126633,0.026901179924607277,-0.41444411873817444,0.23460935056209564,0.47624099254608154,False
train,0.017712023109197617,0.020104050636291504,0.017162945121526718,0.04556872695684433,0.02695409022271633,-0.4217175245285034,0.0648525208234787,0.4266749620437622,False
train,0.018128776922822,0.020045217126607895,0.017219282686710358,0.04540977254509926,0.027029480785131454,-0.43770915269851685,-0.0342707484960556,0.439048707485199,False
test,0.01854552887380123,0.020263738930225372,0.017248522490262985,0.0452425479888916,0.027127021923661232,-0.46088698506355286,-0.06547446548938751,0.4655144512653351,False
train,0.018962282687425613,0.02008303813636303,0.017277102917432785,0.045064620673656464,0.027246354147791862,-0.4892120361328125,-0.03816477954387665,0.4906984269618988,False
train,0.019379036501049995,0.020129265263676643,0.017326725646853447,0.044874127954244614,0.027387145906686783,-0.5205260515213013,0.03420933336019516,0.5216489434242249,False
train,0.019795790314674377,0.019994789734482765,0.017412621527910233,0.04467041790485382,0.02754899486899376,-0.5528618097305298,0.13327911496162415,0.568699836730957,False
train,0.02021254412829876,0.020120859146118164,0.01754082553088665,0.04445333406329155,0.027731498703360558,-0.5845392942428589,0.2340572476387024,0.6296578645706177,False
test,0.02062929794192314,0.020137669518589973,0.017705688253045082,0.04422345384955406,0.027934229001402855,-0.6140339970588684,0.30509722232818604,0.6856544613838196,False
train,0.021046051755547523,0.02012506127357483,0.017887692898511887,0.04398209601640701,0.02815670520067215,-0.6398157477378845,0.31211408972740173,0.7118843793869019,False
train,0.021462805569171906,0.020154478028416634,0.018053526058793068,0.04373110458254814,0.028398433700203896,-0.6603732705116272,0.22501730918884277,0.6976572275161743,False
train,0.02187955752015114,0.020225917920470238,0.018159817904233932,0.043472904711961746,0.02865886315703392,-0.6745378375053406,0.027118012309074402,0.6750826835632324,False
train,0.02229631133377552,0.020120859146118164,0.018160685896873474,0.04321020469069481,0.028937416151165962,-0.6819595098495483,-0.27677658200263977,0.7359851002693176,False
test,0.022713065147399902,0.020162882283329964,0.018017107620835304,0.042945899069309235,0.029233450070023537,-0.6834210753440857,-0.657808780670166,0.948565661907196,False
train,0.023129818961024284,0.020087240263819695,0.01770629920065403,0.04268187656998634,0.029546275734901428,-0.6807182431221008,-1.0692626237869263,1.2675566673278809,False
train,0.023546570912003517,0.02010825276374817,0.01722652092576027,0.04241960123181343,0.029875170439481735,-0.676147997379303,-1.4596593379974365,1.6086583137512207,False
train,0.0239633247256279,0.02009984850883484,0.01659572869539261,0.042159393429756165,0.0302193071693182,-0.6717835664749146,-1.7870279550552368,1.9091260433197021,False
train,0.02438007853925228,0.020087240263819695,0.015846112743020058,0.04190075770020485,0.030577857047319412,-0.6688621640205383,-2.027301549911499,2.1347899436950684,False
test,0.024796832352876663,0.020204907283186913,0.01501556672155857,0.04164312779903412,0.030949871987104416,-0.6673833727836609,-2.1744959354400635,2.274606227874756,False
train,0.025213586166501045,0.020036812871694565,0.01414204016327858,0.04138612747192383,0.031334374099969864,-0.6658899188041687,-2.2350993156433105,2.3321831226348877,False
train,0.025630339980125427,0.02013346739113331,0.01325904205441475,0.041130438446998596,0.031730301678180695,-0.6615459322929382,-2.2217721939086914,2.3181705474853516,False
train,0.02604709193110466,0.020200705155730247,0.012394312769174576,0.040877897292375565,0.03213652968406677,-0.6506400108337402,-2.14933443069458,2.2456560134887695,False
train,0.026463845744729042,0.020276347175240517,0.011569256894290447,0.04063202813267708,0.032551854848861694,-0.6296344995498657,-2.033663034439087,2.1289021968841553,False
test,0.026880599558353424,0.020167086273431778,0.010798447765409946,0.04039754346013069,0.032975032925605774,-0.5964622497558594,-1.891467571258545,1.9832843542099,False
train,0.027297353371977806,0.015607533976435661,0.010089348070323467,0.04017949849367142,0.03340471163392067,-0.5515080094337463,-1.7396286725997925,1.824957251548767,False
train,0.027714107185602188,0.0,0.009442766197025776,0.03998236730694771,0.033839501440525055,-0.4976988136768341,-1.593319058418274,1.669242262840271,False
train,0.02813086099922657,0.0,0.008853821083903313,0.039808835834264755,0.03427794203162193,-0.43964412808418274,-1.4640814065933228,1.5286664962768555,False
train,0.028547614812850952,0.0,0.008313870057463646,0.03965968266129494,0.03471852466464043,-0.38237008452415466,-1.358609914779663,1.411392092704773,False
test,0.028964368626475334,0.0,0.007812469266355038,0.03953363746404648,0.03515966236591339,-0.33032462000846863,-1.2788301706314087,1.320803165435791,False
train,0.029381122440099716,0.0,0.007339250296354294,0.03942765295505524,0.0355997309088707,-0.2869456112384796,-1.2227027416229248,1.2559218406677246,False
train,0.02979787439107895,0.0,0.006885295268148184,0.03933769091963768,0.036037083715200424,-0.2546212077140808,-1.1852229833602905,1.2122646570205688,False
train,0.03021462820470333,0.0,0.006444298662245274,0.039258841425180435,0.03647001460194588,-0.23471397161483765,-1.1592960357666016,1.182817816734314,False
train,0.030631382018327713,0.0,0.006013130769133568,0.03918583318591118,0.03689679875969887,-0.2274569869041443,-1.1366491317749023,1.159184217453003,False
test,0.031048135831952095,0.0,0.005592149216681719,0.03911348432302475,0.037315718829631805,-0.23189789056777954,-1.109134316444397,1.13311767578125,False
train,0.03146488592028618,0.0,0.005184849724173546,0.03903734311461449,0.037724997848272324,-0.246076762676239,-1.0703661441802979,1.0982884168624878,False
train,0.03188164159655571,0.0,0.0047966414131224155,0.03895384818315506,0.03812294080853462,-0.26749110221862793,-1.0171107053756714,1.051696538925171,False
train,0.03229839354753494,0.0,0.0044336216524243355,0.03886053338646889,0.038507796823978424,-0.2936246395111084,-0.9498111009597778,0.9941612482070923,False
train,0.032715149223804474,0.0,0.004100973717868328,0.03875584527850151,0.03887790068984032,-0.32216858863830566,-0.871884822845459,0.9295029640197754,False
test,0.03313190117478371,0.0,0.003802103688940406,0.038639333099126816,0.03923159837722778,-0.35092729330062866,-0.788248598575592,0.8628359436988831,False
train,0.03354865312576294,0.0,0.0035383605863898993,0.038511279970407486,0.03956730663776398,-0.3775808811187744,-0.7038000822067261,0.7986876368522644,False
train,0.03396540880203247,0.0,0.0033091488294303417,0.038373082876205444,0.03988347947597504,-0.3996642827987671,-0.6224164366722107,0.7396848797798157,False
train,0.034382160753011703,0.0,0.0031126271933317184,0.03822717443108559,0.040178705006837845,-0.41483938694000244,-0.5466644167900085,0.6862460970878601,False
train,0.034798916429281235,0.0,0.0029461116064339876,0.03807677701115608,0.040451616048812866,-0.4213375747203827,-0.47788918018341064,0.6371055245399475,False
test,0.03521566838026047,0.0,0.002806572476401925,0.037925731390714645,0.040700968354940414,-0.41835764050483704,-0.41650259494781494,0.590336799621582,False
train,0.03563242405653,0.0,0.00269095366820693,0.03777790069580078,0.040925633162260056,-0.4062477648258209,-0.3622460961341858,0.5442972183227539,False
train,0.03604917600750923,0.0,0.002596423029899597,0.03763690963387489,0.041124600917100906,-0.3864540159702301,-0.3144112527370453,0.49819791316986084,False
train,0.03646593168377876,0.0,0.002520516747608781,0.03750533238053322,0.041297007352113724,-0.3613121807575226,-0.27201879024505615,0.4522617757320404,False
train,0.036882683634757996,0.0,0.0024611749686300755,0.03738498315215111,0.04144211858510971,-0.3337491750717163,-0.2340061068534851,0.40761178731918335,False
test,0.03729943558573723,0.0,0.002416812814772129,0.037276092916727066,0.041559357196092606,-0.3069450855255127,-0.19938728213310242,0.3660199046134949,False
train,0.03771619126200676,0.0,0.0023861872032284737,0.037177711725234985,0.041648294776678085,-0.28389763832092285,-0.16734379529953003,0.3295478820800781,False
train,0.03813294321298599,0.0,0.002368397545069456,0.03708774223923683,0.041708674281835556,-0.2668153941631317,-0.13717679679393768,0.3000132143497467,False
train,0.038549698889255524,0.0,0.002362823812291026,0.03700350970029831,0.04174036905169487,-0.2564336061477661,-0.10813222825527191,0.2782997786998749,False
train,0.038966450840234756,0.0,0.00236917263828218,0.036922305822372437,0.0417434498667717,-0.25147193670272827,-0.0792134553194046,0.2636530101299286,False
test,0.03938320651650429,0.0,0.0023876649793237448,0.036842722445726395,0.04171813279390335,-0.24859672784805298,-0.04910792037844658,0.2534007132053375,False
train,0.03979995846748352,0.0,0.0024191057309508324,0.036764562129974365,0.041664790362119675,-0.24311812222003937,-0.016365744173526764,0.243668332695961,False
train,0.04021671414375305,0.0,0.0024648404214531183,0.03669007867574692,0.04158395528793335,-0.23042096197605133,0.0201658234000206,0.2313017100095749,False
train,0.040633466094732285,0.0,0.0025265568401664495,0.03662281110882759,0.0414763018488884,-0.20781442523002625,0.0606619194149971,0.21648718416690826,False
train,0.04105021804571152,0.0,0.002605629852041602,0.036566928029060364,0.04134264588356018,-0.1761358678340912,0.10350305587053299,0.20429567992687225,False
test,0.04146697372198105,0.0,0.002702307654544711,0.03652523458003998,0.0411839596927166,-0.14027667045593262,0.1445637047290802,0.2014353722333908,False
train,0.04188372567296028,0.0,0.0028145057149231434,0.036497972905635834,0.04100130498409271,-0.10795412212610245,0.17706790566444397,0.20738162100315094,False
train,0.042300477623939514,0.0,0.0029369883704930544,0.036481957882642746,0.04079592227935791,-0.08686301857233047,0.19275668263435364,0.21142451465129852,False
train,0.04271722957491875,0.0,0.0030611895490437746,0.03647160157561302,0.04056906700134277,-0.08148327469825745,0.18473273515701294,0.20190520584583282,False
train,0.04313398525118828,0.0,0.00317663443274796,0.036459919065237045,0.04032216593623161,-0.09143783152103424,0.15115010738372803,0.17665567994117737,False
test,0.04355073720216751,0.0,0.003273515962064266,0.0364416241645813,0.04005669057369232,-0.11237272620201111,0.09738920629024506,0.148702010512352,False
train,0.04396749287843704,0.0,0.003345621284097433,0.03641306236386299,0.039774198085069656,-0.13859310746192932,0.03461375832557678,0.1428501456975937,False
train,0.044384244829416275,0.0,0.0033918193075805902,0.036373212933540344,0.03947630152106285,-0.16571199893951416,-0.024846896529197693,0.16756442189216614,False
train,0.044801000505685806,0.0,0.003415455110371113,0.03632206469774246,0.03916463255882263,-0.19194357097148895,-0.07226037234067917,0.2050948441028595,False
train,0.04521775245666504,0.0,0.0034224095288664103,0.03626003488898277,0.03884090855717659,-0.217767596244812,-0.10458698123693466,0.2415805459022522,False
test,0.04563450440764427,0.0,0.0034186970442533493,0.03618685528635979,0.038506824523210526,-0.24448460340499878,-0.12350369989871979,0.2739085257053375,False
train,0.0460512600839138,0.0,0.00340915285050869,0.03610224649310112,0.03816412016749382,-0.2725861966609955,-0.1329384297132492,0.3032752275466919,False
train,0.046468012034893036,0.0,0.003396841464564204,0.03600557520985603,0.03781449794769287,-0.30072221159935,-0.13669022917747498,0.3303302526473999,False
train,0.04688476771116257,0.0,0.0033836110960692167,0.03589748591184616,0.03745967149734497,-0.32568466663360596,-0.13696575164794922,0.35331305861473083,False
train,0.0473015196621418,0.0,0.003370809368789196,0.03578029200434685,0.037101343274116516,-0.34326767921447754,-0.1338498592376709,0.3684405982494354,False
test,0.04771827533841133,0.0,0.0033601331524550915,0.035657841712236404,0.03674117103219032,-0.3496829569339752,-0.12565557658672333,0.371574342250824,False
train,0.048135027289390564,0.0,0.0033541785087436438,0.035535115748643875,0.036380790174007416,-0.343079537153244,-0.11014048755168915,0.36032554507255554,False
train,0.048551782965660095,0.0,0.0033562753815203905,0.03541765362024307,0.03602178767323494,-0.3247488737106323,-0.08636118471622467,0.3360358476638794,False
train,0.04896853491663933,0.0,0.003369588404893875,0.03530928120017052,0.035665713250637054,-0.29926612973213196,-0.05623447895050049,0.30450373888015747,False
train,0.04938528686761856,0.0,0.003395847277715802,0.035211823880672455,0.03531405329704285,-0.2730408012866974,-0.024455495178699493,0.2741338312625885,False
test,0.049802038818597794,0.0,0.0034346466418355703,0.03512417897582054,0.03496823459863663,-0.2518255114555359,0.003751322627067566,0.25185343623161316,False
train,0.050218794494867325,0.0,0.0034837962593883276,0.03504355624318123,0.034629639238119125,-0.2387978881597519,0.025618888437747955,0.24016818404197693,False
train,0.05063554644584656,0.0,0.003540746169164777,0.034966450184583664,0.0342995747923851,-0.23411737382411957,0.04222789406776428,0.23789523541927338,False
train,0.05105230212211609,0.0,0.003604056080803275,0.03488985076546669,0.03397931158542633,-0.23534035682678223,0.05728939175605774,0.24221304059028625,False
train,0.05146905407309532,0.0,0.0036738517228513956,0.03481197729706764,0.033670034259557724,-0.2380772978067398,0.07436834275722504,0.24942223727703094,False
test,0.05188580974936485,0.0,0.003751294920220971,0.03473353013396263,0.033372849225997925,-0.2372187227010727,0.09434667229652405,0.25529202818870544,False
train,0.052302561700344086,0.0,0.0038371041882783175,0.03465669974684715,0.03308885172009468,-0.22892984747886658,0.11429605633020401,0.2558758854866028,False
train,0.05271931737661362,0.0,0.003930089063942432,0.03458496555685997,0.032819028943777084,-0.21248188614845276,0.1282227486371994,0.2481725662946701,False
train,0.05313606932759285,0.0,0.004026351496577263,0.03452123701572418,0.03256433457136154,-0.19061370193958282,0.12949138879776,0.23043784499168396,False
train,0.05355282500386238,0.0,0.004119595978409052,0.034466829150915146,0.032325658947229385,-0.16807380318641663,0.11385101079940796,0.20300456881523132,False
test,0.053969576954841614,0.0,0.004202626645565033,0.034421052783727646,0.03210384026169777,-0.1494469791650772,0.08130424469709396,0.170131653547287,False
train,0.054386332631111145,0.0,0.004269132390618324,0.034381523728370667,0.03189965337514877,-0.13753579556941986,0.03568528592586517,0.14208988845348358,False
train,0.05480308085680008,0.0,0.0043147848919034,0.0343453474342823,0.03171385079622269,-0.1329096555709839,-0.01755531132221222,0.13406403362751007,False
train,0.05521984025835991,0.0,0.004337489139288664,0.034309763461351395,0.03154711052775383,-0.13440459966659546,-0.07353891432285309,0.15320760011672974,False
train,0.05563658848404884,0.0,0.004336867947131395,0.0342724546790123,0.031400084495544434,-0.13994741439819336,-0.12873516976833344,0.1901526302099228,False
test,0.05605334788560867,0.0,0.004313867073506117,0.03423241153359413,0.031273383647203445,-0.1471567004919052,-0.18033885955810547,0.23275995254516602,False
train,0.05647009611129761,0.0,0.004270574543625116,0.0341893769800663,0.031167585402727127,-0.15343721210956573,-0.225248321890831,0.27254319190979004,False
train,0.05688685178756714,0.0,0.0042105368338525295,0.03414439782500267,0.03108322247862816,-0.1558217704296112,-0.2598869204521179,0.3030208349227905,False
train,0.05730360373854637,0.0,0.004138716496527195,0.034099727869033813,0.03102082572877407,-0.1510913074016571,-0.2812226414680481,0.319240927696228,False
train,0.057720355689525604,0.0,0.004060942213982344,0.034058962017297745,0.03098086267709732,-0.1366083025932312,-0.2884546220302582,0.31916752457618713,False
test,0.058137111365795135,0.0,0.003982660360634327,0.03402646631002426,0.030963806435465813,-0.11180879175662994,-0.2842957675457001,0.3054918646812439,False
train,0.05855386331677437,0.0,0.0039074355736374855,0.03400590270757675,0.030970079824328423,-0.07977341115474701,-0.2749856412410736,0.28632307052612305,False
train,0.0589706189930439,0.0,0.0038357165176421404,0.03399909660220146,0.031000113114714622,-0.04792431741952896,-0.2688741087913513,0.2731117606163025,False
train,0.05938737094402313,0.0,0.0037645266856998205,0.03400366008281708,0.0310542993247509,-0.026478197425603867,-0.27372050285339355,0.27499818801879883,False
train,0.059804126620292664,0.0,0.0036883552093058825,0.03401360660791397,0.031133007258176804,-0.023021811619400978,-0.2926490008831024,0.2935531437397003,False
test,0.0602208748459816,0.0,0.0036022812128067017,0.03402179479598999,0.03123663365840912,-0.03301281854510307,-0.3194548189640045,0.3211560845375061,False
train,0.06063763424754143,0.0,0.0035061300732195377,0.03402676433324814,0.03136550262570381,-0.033417828381061554,-0.33801034092903137,0.339658260345459,False
train,0.06105438247323036,0.0,0.003406784264370799,0.034038715064525604,0.031519949436187744,0.003649625927209854,-0.3337094187736511,0.3337293863296509,False
train,0.06147114187479019,0.0,0.0033137283753603697,0.03407460078597069,0.031700294464826584,0.07691097259521484,-0.31045112013816833,0.31983619928359985,False
train,0.061887890100479126,0.0,0.003231494687497616,0.03414245694875717,0.03190683573484421,0.14968375861644745,-0.28443264961242676,0.3214143216609955,False
test,0.06230464577674866,0.0,0.003160001477226615,0.03423503786325455,0.032139852643013,0.19291675090789795,-0.258198618888855,0.3223094940185547,False
train,0.06272140145301819,0.0,0.0031013169791549444,0.03433928266167641,0.03239961713552475,0.2064829170703888,-0.22243791818618774,0.3035025894641876,False
train,0.06313815712928772,0.0,0.0030597876757383347,0.03444437310099602,0.03268635645508766,0.19636249542236328,-0.17801834642887115,0.26504483819007874,False
train,0.06355490535497665,0.0,0.0030365283600986004,0.034540098160505295,0.033000268042087555,0.16071197390556335,-0.13801825046539307,0.21184280514717102,False
train,0.06397166103124619,0.0,0.0030266528483480215,0.03461523726582527,0.03334156796336174,0.09637438505887985,-0.11605200171470642,0.15085121989250183,False
test,0.06438840925693512,0.0,0.0030209748074412346,0.03465821221470833,0.033710382878780365,0.006555549800395966,-0.11870665848255157,0.1188875362277031,False
train,0.06480517238378525,0.0,0.0030093323439359665,0.034660231322050095,0.03410686179995537,-0.09771561622619629,-0.1436101794242859,0.17370153963565826,False
train,0.06522192060947418,0.0,0.0029842755757272243,0.03461886942386627,0.03453104570508003,-0.20047205686569214,-0.18104103207588196,0.27012017369270325,False
train,0.06563867628574371,0.0,0.0029431378934532404,0.03453798219561577,0.034982986748218536,-0.28526705503463745,-0.2182510793209076,0.3591807782649994,False
train,0.06605542451143265,0.0,0.0028884022030979395,0.034428104758262634,0.035462636500597,-0.33902305364608765,-0.24443784356117249,0.4179551303386688,False
test,0.06647218018770218,0.0,0.0028260156977921724,0.03430376946926117,0.03596995398402214,-0.35448789596557617,-0.2537274956703186,0.43593499064445496,False
train,0.06688893586397171,0.0,0.0027633612044155598,0.03418141230940819,0.036504779011011124,-0.33119267225265503,-0.24534621834754944,0.41216909885406494,False
train,0.06730569154024124,0.0,0.0027072986122220755,0.03407612815499306,0.037066902965307236,-0.2750909924507141,-0.2221059501171112,0.35356202721595764,False
train,0.06772243976593018,0.0,0.0026631145738065243,0.03399940952658653,0.0376560240983963,-0.19711680710315704,-0.18870604038238525,0.27288275957107544,False
train,0.06813919544219971,0.0,0.002633963478729129,0.03395755589008331,0.038271792232990265,-0.11120631545782089,-0.15066787600517273,0.1872635930776596,False
test,0.06855595111846924,0.0,0.0026205750182271004,0.03395095467567444,0.03891373053193092,-0.032255157828330994,-0.11394141614437103,0.11841892451047897,False
train,0.06897269934415817,0.0,0.0026211568620055914,0.03397352993488312,0.039581283926963806,0.026006940752267838,-0.08467632532119751,0.08858013898134232,False
train,0.0693894550204277,0.0,0.002631447510793805,0.034014586359262466,0.04027378931641579,0.05356534942984581,-0.06831909716129303,0.08681443333625793,False
train,0.06980620324611664,0.0,0.002645398722961545,0.03406032174825668,0.04099045693874359,0.04717468470335007,-0.06736575067043304,0.08224108070135117,False
train,0.07022296637296677,0.0,0.002657043281942606,0.03409741818904877,0.04173041880130768,0.012829013168811798,-0.07842899113893509,0.07947131991386414,False
test,0.0706397145986557,0.0,0.002663202118128538,0.03411717340350151,0.04249262064695358,-0.035328470170497894,-0.09198599308729172,0.098536916077137,False
train,0.07105647027492523,0.0,0.0026649972423911095,0.03411701321601868,0.04327594116330147,-0.08236938714981079,-0.09845577925443649,0.12836766242980957,False
train,0.07147321850061417,0.0,0.002665790496394038,0.03409883752465248,0.04407906532287598,-0.1234801858663559,-0.09770146012306213,0.15745770931243896,False
train,0.0718899741768837,0.0,0.0026665600016713142,0.03406376391649246,0.04490059241652489,-0.1670660376548767,-0.10062795877456665,0.19503088295459747,False
train,0.07230672985315323,0.0,0.002663531806319952,0.03400865197181702,0.045738961547613144,-0.22201429307460785,-0.1160198375582695,0.2505013942718506,False
test,0.07272348552942276,0.0,0.002652676310390234,0.033929575234651566,0.046592436730861664,-0.2805090844631195,-0.13439196348190308,0.31104105710983276,False
train,0.0731402337551117,0.0,0.002637542085722089,0.03382973372936249,0.04745916649699211,-0.3190590441226959,-0.1322517842054367,0.3453826904296875,False
train,0.07355698943138123,0.0,0.0026301105972379446,0.03372177481651306,0.048337165266275406,-0.3201562762260437,-0.0965767502784729,0.3344056010246277,False
train,0.07397374510765076,0.0,0.0026430643629282713,0.03362114354968071,0.049224287271499634,-0.28756576776504517,-0.036694955080747604,0.2898975610733032,False
train,0.07439050078392029,0.0,0.0026826204266399145,0.033538639545440674,0.05011822283267975,-0.23766496777534485,0.028699316084384918,0.23939149081707,False
test,0.07480724900960922,0.0,0.0027480111457407475,0.03347840905189514,0.05101655423641205,-0.18376940488815308,0.08636019378900528,0.2030499428510666,False
train,0.07522400468587875,0.0,0.0028347987681627274,0.03344092518091202,0.05191676691174507,-0.13091424107551575,0.1314118504524231,0.18549290299415588,False
train,0.07564076036214828,0.0,0.0029376191087067127,0.03342561796307564,0.052816152572631836,-0.07870682328939438,0.16386282444000244,0.1817850023508072,False
train,0.07605751603841782,0.0,0.0030515838880091906,0.03343263268470764,0.05371197313070297,-0.02506781369447708,0.18526841700077057,0.18695662915706635,False
train,0.07647426426410675,0.0,0.003172417636960745,0.03346294164657593,0.05460129305720329,0.03140013664960861,0.1970740258693695,0.19955986738204956,False
test,0.07689101994037628,0.0,0.0032963459379971027,0.033517759293317795,0.055481236428022385,0.09014923125505447,0.2000533491373062,0.21942703425884247,False
train,0.07730776816606522,0.0,0.003419753396883607,0.03359738364815712,0.05634870007634163,0.14818629622459412,0.19422686100006104,0.24430155754089355,False
train,0.07772453129291534,0.0,0.00353887933306396,0.033700574189424515,0.05720066651701927,0.20039835572242737,0.1790521889925003,0.2687363028526306,False
train,0.07814127951860428,0.0,0.0036497320979833603,0.03382360190153122,0.05803399160504341,0.24070003628730774,0.1538771390914917,0.2856828272342682,False
train,0.07855802774429321,0.0,0.0037481007166206837,0.03396041691303253,0.05884557589888573,0.263882040977478,0.11857060343027115,0.2892969250679016,False
test,0.07897478342056274,0.0,0.003829974215477705,0.0341031588613987,0.0596323236823082,0.2674635052680969,0.07413311302661896,0.2775472104549408,False
train,0.07939153909683228,0.0,0.0038919353391975164,0.03424375504255295,0.0603911392390728,0.25265055894851685,0.02289169281721115,0.25368550419807434,False
train,0.0798082947731018,0.0,0.0039318460039794445,0.03437548503279686,0.06111900135874748,0.2236841917037964,-0.03196294605731964,0.2259562909603119,False
train,0.08022504299879074,0.0,0.00394883519038558,0.034493379294872284,0.06181294471025467,0.18584680557250977,-0.08742023259401321,0.20538094639778137,False
train,0.08064179867506027,0.0,0.003943043760955334,0.03459476679563522,0.062470171600580215,0.14317286014556885,-0.14174452424049377,0.2014695405960083,False
test,0.0810585543513298,0.0,0.0039149983786046505,0.03467781841754913,0.06308794021606445,0.09704943001270294,-0.19501128792762756,0.21782560646533966,False
train,0.08147531002759933,0.0,0.00386482453905046,0.034741099923849106,0.06366365402936935,0.046353816986083984,-0.2486439049243927,0.2529277801513672,False
train,0.08189205825328827,0.0,0.003792054019868374,0.034782130271196365,0.0641949325799942,-0.010990031063556671,-0.3039494752883911,0.3041481077671051,False
train,0.0823088139295578,0.0,0.003696040017530322,0.03479800745844841,0.06467956304550171,-0.07553284615278244,-0.35999542474746704,0.36783409118652344,False
train,0.08272556215524673,0.0,0.0035773480776697397,0.034786149859428406,0.06511550396680832,-0.1436179280281067,-0.4117364287376404,0.4360653758049011,False
test,0.08314232528209686,0.0,0.0034395467955619097,0.03474694490432739,0.06550101190805435,-0.20551738142967224,-0.44983425736427307,0.4945586621761322,False
train,0.0835590735077858,0.0,0.003290590364485979,0.03468596935272217,0.06583450734615326,-0.24600975215435028,-0.46350985765457153,0.5247496366500854,False
train,0.08397582918405533,0.0,0.0031423093751072884,0.03461557254195213,0.06611469388008118,-0.248951256275177,-0.445780873298645,0.5105852484703064,False
train,0.08439257740974426,0.0,0.0030078741256147623,0.03455363214015961,0.06634058803319931,-0.20503953099250793,-0.39779967069625854,0.4475330114364624,False
train,0.0848093330860138,0.0,0.0028981585055589676,0.034519415348768234,0.06651140004396439,-0.1185356080532074,-0.3291304409503937,0.349824994802475,False
test,0.08522608876228333,0.0,0.0028189101722091436,0.03452722728252411,0.0666266679763794,-0.007555559277534485,-0.25409960746765137,0.2542119026184082,False
train,0.08564284443855286,0.0,0.0027698215562850237,0.03458210080862045,0.06668619811534882,0.10345271229743958,-0.1867741048336029,0.21351119875907898,False
train,0.08605959266424179,0.0,0.0027455207891762257,0.034679628908634186,0.06669005751609802,0.19450193643569946,-0.13668960332870483,0.23772895336151123,False
train,0.08647634834051132,0.0,0.0027380071114748716,0.03480927646160126,0.06663867086172104,0.25676313042640686,-0.10679356008768082,0.2780866324901581,False
train,0.08689310401678085,0.0,0.0027393335476517677,0.03495895490050316,0.06653261929750443,0.29164960980415344,-0.09441593289375305,0.30655157566070557,False
test,0.08730985969305038,0.0,0.002743263728916645,0.03511848300695419,0.06637285649776459,0.305354505777359,-0.09426150470972061,0.3195725381374359,False
train,0.08772660791873932,0.0,0.002745825331658125,0.03528036177158356,0.06616052985191345,0.3040252923965454,-0.10119543969631195,0.32042455673217773,False
train,0.08814336359500885,0.0,0.0027448919136077166,0.03543930873274803,0.06589707732200623,0.29181715846061707,-0.11153791099786758,0.3124067187309265,False
train,0.08856011182069778,0.0,0.0027395356446504593,0.03559115156531334,0.06558410823345184,0.2710056006908417,-0.12304399162530899,0.2976304292678833,False
train,0.08897686749696732,0.0,0.00272957282140851,0.03573263809084892,0.06522349268198013,0.24278569221496582,-0.13433048129081726,0.2774699330329895,False
test,0.08939362317323685,0.0,0.0027153214905411005,0.03586085885763168,0.06481727212667465,0.20807041227817535,-0.14432157576084137,0.2532232403755188,False
train,0.08981037139892578,0.0,0.002697508316487074,0.03597329184412956,0.06436767429113388,0.16815826296806335,-0.15196040272712708,0.22664767503738403,False
train,0.09022712707519531,0.0,0.00267732422798872,0.03606829792261124,0.06387707591056824,0.12522418797016144,-0.15612922608852386,0.20014353096485138,False
train,0.09064388275146484,0.0,0.002656444674357772,0.036145009100437164,0.06334802508354187,0.08254744857549667,-0.15565015375614166,0.17618471384048462,False
train,0.09106063842773438,0.0,0.0026370384730398655,0.036204513162374496,0.06278311461210251,0.04439784586429596,-0.1492665708065033,0.1557295024394989,False
test,0.09147738665342331,0.0,0.0026218134444206953,0.036249637603759766,0.062185078859329224,0.015439607203006744,-0.1357332170009613,0.1366085261106491,False
train,0.09189414232969284,0.0,0.0026139195542782545,0.036285094916820526,0.061556704342365265,-0.0003816857933998108,-0.11415866017341614,0.11415929347276688,False
train,0.09231089800596237,0.0,0.002616776619106531,0.03631684184074402,0.06090081110596657,-0.0012901201844215393,-0.08458559960126877,0.08459543436765671,False
train,0.0927276536822319,0.0,0.0026334268040955067,0.03635081648826599,0.060220301151275635,0.01128869503736496,-0.048411983996629715,0.049710713326931,False
train,0.09314440190792084,0.0,0.0026661294978111982,0.03639182075858116,0.05951803922653198,0.03295353055000305,-0.008281297981739044,0.03397815674543381,False
test,0.09356115758419037,0.0,0.0027158698067069054,0.03644240275025368,0.05879684537649155,0.057915836572647095,0.03252473473548889,0.06642366200685501,False
train,0.0939779058098793,0.0,0.002782232826575637,0.036502938717603683,0.05805959552526474,0.08098429441452026,0.0707704946398735,0.10754960775375366,False
train,0.09439466893672943,0.0,0.00286358455196023,0.036571819335222244,0.05730903521180153,0.09879520535469055,0.10375791043043137,0.14326965808868408,False
train,0.09481141716241837,0.0,0.002957308432087302,0.03664631024003029,0.05654792860150337,0.109917551279068,0.1295953392982483,0.1699317991733551,False
train,0.0952281728386879,0.0,0.0030602216720581055,0.036723751574754715,0.05577891319990158,0.11428696662187576,0.14736966788768768,0.1864921748638153,False
test,0.09564492106437683,0.0,0.0031689293682575226,0.0368015319108963,0.0550045408308506,0.11263534426689148,0.15720322728157043,0.19338969886302948,False
train,0.09606167674064636,0.0,0.0032803018111735582,0.03687715530395508,0.05422729253768921,0.1061694473028183,0.16009904444217682,0.19210325181484222,False
train,0.0964784324169159,0.0,0.0033917727414518595,0.03694900497794151,0.05344952270388603,0.09649348258972168,0.1575976014137268,0.18479175865650177,False
train,0.09689518809318542,0.0,0.0035014119930565357,0.03701623156666756,0.05267348140478134,0.08543194830417633,0.15138323605060577,0.17382606863975525,False
train,0.09731193631887436,0.0,0.0036080400459468365,0.03707851842045784,0.05190129205584526,0.0745992511510849,0.14305633306503296,0.1613386571407318,False
test,0.09772869199514389,0.0,0.0037110724952071905,0.03713618218898773,0.051134973764419556,0.06483538448810577,0.13413763046264648,0.14898499846458435,False
train,0.09814544767141342,0.0,0.003810581751167774,0.037189703434705734,0.05037637799978256,0.05581246316432953,0.12623487412929535,0.13802273571491241,False
train,0.09856220334768295,0.0,0.003907368518412113,0.03723901882767677,0.049627263098955154,0.04619728773832321,0.12122942507266998,0.12973342835903168,False
train,0.09897895157337189,0.0,0.004003093112260103,0.03728364780545235,0.048889271914958954,0.03449402004480362,0.12136820703744888,0.12617480754852295,False
train,0.09939569979906082,0.0,0.004100409802049398,0.03732263669371605,0.04816387593746185,0.020375818014144897,0.12924234569072723,0.13083867728710175,False
test,0.09981245547533035,0.0,0.004203160293400288,0.037355151027441025,0.04745243862271309,0.005873888731002808,0.14763274788856506,0.14774954319000244,False
train,0.10022921860218048,0.0,0.004316207952797413,0.037382107228040695,0.04675617441534996,-0.00425608828663826,0.17918482422828674,0.17923536896705627,False
train,0.10064596682786942,0.0,0.004445528611540794,0.03740660846233368,0.04607626423239708,-0.0035095661878585815,0.22592240571975708,0.22594965994358063,False
train,0.10106271505355835,0.0,0.004597633611410856,0.03743443265557289,0.045413654297590256,0.014172017574310303,0.2885638475418091,0.2889116406440735,False
train,0.10147947072982788,0.0,0.004778983537107706,0.03747347369790077,0.04476923495531082,0.05176163837313652,0.36578798294067383,0.36943215131759644,False
test,0.10189623385667801,0.0,0.004994950722903013,0.03753189370036125,0.04414377361536026,0.10728774964809418,0.4536636471748352,0.46617740392684937,False
train,0.10231298208236694,0.0,0.005248649511486292,0.03761585056781769,0.043537989258766174,0.173710897564888,0.54551762342453,0.5725076198577881,False
train,0.10272973030805588,0.0,0.005540027283132076,0.037727657705545425,0.04295240342617035,0.24054156243801117,0.632570743560791,0.6767613887786865,False
train,0.10314648598432541,0.013867760077118874,0.005865102633833885,0.03786524012684822,0.04238751903176308,0.29647767543792725,0.705329179763794,0.7651066780090332,False
train,0.10356324166059494,0.019414864480495453,0.006216151639819145,0.03802188113331795,0.04184370115399361,0.33202075958251953,0.7555568218231201,0.8252902030944824,False
test,0.10397999733686447,0.019414864480495453,0.0065825870260596275,0.038187846541404724,0.041321273893117905,0.34137529134750366,0.7780162692070007,0.8496154546737671,False
train,0.1043967455625534,0.019372841343283653,0.006952411495149136,0.038351789116859436,0.04082045704126358,0.32330816984176636,0.7713698148727417,0.8363848328590393,False
train,0.10481349378824234,0.019372841343283653,0.007313826587051153,0.03850279748439789,0.040341418236494064,0.2810515761375427,0.7380580902099609,0.7897592782974243,False
train,0.10523025691509247,0.019414864480495453,0.007656849455088377,0.0386321060359478,0.03988422453403473,0.22147026658058167,0.6835542917251587,0.7185370922088623,False
train,0.105647012591362,0.019372841343283653,0.007974082604050636,0.03873439505696297,0.039448920637369156,0.15378403663635254,0.6151897311210632,0.6341198086738586,False
test,0.10606376081705093,0.019540935754776,0.008261275477707386,0.03880833089351654,0.03903548792004585,0.08799514174461365,0.5407876372337341,0.5479000210762024,False
train,0.10648050904273987,0.019372841343283653,0.008517499081790447,0.03885677456855774,0.03864383324980736,0.03318556770682335,0.46723294258117676,0.4684099853038788,False
train,0.10689727216959,0.019414864480495453,0.008744127117097378,0.03888564184308052,0.03827379643917084,-0.004105754196643829,0.3995310068130493,0.3995521068572998,False
train,0.10731402784585953,0.019372841343283653,0.008944322355091572,0.03890314698219299,0.03792525455355644,-0.020994611084461212,0.3411456048488617,0.341791033744812,False
train,0.10773077607154846,0.019372841343283653,0.009122711606323719,0.038917478173971176,0.03759797662496567,-0.018451165407896042,0.29561740159988403,0.2961926758289337,False
test,0.1081475242972374,0.019372841343283653,0.009285636246204376,0.03893624246120453,0.03729171305894852,-0.00040573999285697937,0.2679014205932617,0.2679017186164856,False
train,0.10856428742408752,0.019414864480495453,0.009441602043807507,0.03896463289856911,0.03700615093111992,0.027709271758794785,0.2629275918006897,0.2643836736679077,False
train,0.10898103564977646,0.019456887617707253,0.009600288234651089,0.03900573030114174,0.03674102947115898,0.05996673181653023,0.28029173612594604,0.2866347134113312,False
train,0.10939779132604599,0.019414864480495453,0.009769275784492493,0.03905993327498436,0.036495961248874664,0.09003159403800964,0.30939722061157227,0.3222302496433258,False
train,0.10981453955173492,0.019414864480495453,0.009949702769517899,0.03912506252527237,0.036270622164011,0.11124882847070694,0.3316023647785187,0.34976625442504883,False
test,0.11023128777742386,0.019372841343283653,0.010134833864867687,0.0391959510743618,0.03606458380818367,0.11784876883029938,0.3297721743583679,0.35019710659980774,False
train,0.11064805090427399,0.019330818206071854,0.01031268760561943,0.0392659530043602,0.03587745502591133,0.10643088072538376,0.2960517406463623,0.3146016001701355,False
train,0.11106480658054352,0.019456887617707253,0.010470053181052208,0.03932710736989975,0.03570881113409996,0.07634017616510391,0.23189613223075867,0.24413856863975525,False
train,0.11148155480623245,0.019372841343283653,0.010595402680337429,0.039372093975543976,0.035558197647333145,0.029132232069969177,0.14357347786426544,0.14649924635887146,False
train,0.11189830303192139,0.019372841343283653,0.010680229403078556,0.03939419612288475,0.035425156354904175,-0.03199702501296997,0.03849907964468002,0.05005985125899315,False
test,0.11231506615877151,0.019540935754776,0.01071901060640812,0.039388783276081085,0.03530919551849365,-0.10243067145347595,-0.07610580325126648,0.12760931253433228,False
train,0.11273182183504105,0.019372841343283653,0.010709223337471485,0.03935300186276436,0.03520985692739487,-0.1763482540845871,-0.19344788789749146,0.2617647647857666,False
train,0.11314857006072998,0.019414864480495453,0.01065099984407425,0.03928662836551666,0.035126619040966034,-0.24725216627120972,-0.307362824678421,0.3944686949253082,False
train,0.11356531828641891,0.019372841343283653,0.010546870529651642,0.03919262811541557,0.03505895659327507,-0.30881887674331665,-0.4124036431312561,0.5152143836021423,False
train,0.11398208141326904,0.019372841343283653,0.010401546955108643,0.03907569497823715,0.035006359219551086,-0.3558303713798523,-0.503769040107727,0.6167645454406738,False
test,0.11439882963895798,0.019414864480495453,0.010221706703305244,0.038942690938711166,0.0349682979285717,-0.3849550783634186,-0.576839804649353,0.693494439125061,False
train,0.11481558531522751,0.019414864480495453,0.010016004554927349,0.038801588118076324,0.03494420275092125,-0.39521586894989014,-0.6263086795806885,0.7405795454978943,False
train,0.11523233354091644,0.019498910754919052,0.00979563221335411,0.03865974396467209,0.034933555871248245,-0.38804224133491516,-0.645050048828125,0.7527724504470825,False
train,0.11564909666776657,0.019372841343283653,0.009575391188263893,0.03852409869432449,0.03493576496839523,-0.36685943603515625,-0.6232916712760925,0.7232415676116943,False
train,0.1160658448934555,0.019372841343283653,0.009374581277370453,0.038399361073970795,0.03495028614997864,-0.3360002040863037,-0.5495257377624512,0.6441076397895813,False
test,0.11648260056972504,0.019456887617707253,0.009216545149683952,0.03828886151313782,0.0349765345454216,-0.29876407980918884,-0.4178846478462219,0.5136998891830444,False
train,0.11689934879541397,0.019372841343283653,0.009121992625296116,0.03819522634148598,0.03501393273472786,-0.2547934055328369,-0.2540101408958435,0.35977885127067566,False
train,0.1173161119222641,0.019372841343283653,0.009084468707442284,0.038122113794088364,0.03506190702319145,-0.198397696018219,-0.17443355917930603,0.26417553424835205,False
train,0.11773286014795303,0.019372841343283653,0.009021265432238579,0.03807675838470459,0.03511986508965492,-0.12108965218067169,-0.4219217896461487,0.43895408511161804,False
train,0.11814961582422256,0.019414864480495453,0.008760423399508,0.03806869313120842,0.03518723323941231,-0.01921899989247322,-1.0946999788284302,1.0948686599731445,False
test,0.1185663640499115,0.019540935754776,0.008210955187678337,0.03810657560825348,0.03526340052485466,0.09466145187616348,-1.6828416585922241,1.6855019330978394,False
train,0.11898312717676163,0.019372841343283653,0.007532179821282625,0.03818759694695473,0.035347793251276016,0.17790484428405762,-1.7055110931396484,1.7147648334503174,False
train,0.11939987540245056,0.019372841343283653,0.006919899955391884,0.03828752040863037,0.03543981537222862,0.18084050714969635,-1.4435436725616455,1.454827070236206,False
train,0.1198166236281395,0.019414864480495453,0.006412512622773647,0.03837338089942932,0.03553888574242592,0.1186717301607132,-1.2298099994659424,1.2355223894119263,False
train,0.12023337930440903,0.019372841343283653,0.005974934436380863,0.03842942789196968,0.03564443066716194,0.04492182657122612,-1.1023199558258057,1.103234887123108,False
test,0.12065012753009796,0.003067716723307967,0.005581644829362631,0.03845781460404396,0.03575587645173073,-0.012251939624547958,-1.0104198455810547,1.0104941129684448,False
train,0.12106689065694809,0.0,0.00522512337192893,0.03846654295921326,0.03587264195084572,-0.05013864114880562,-0.9235199689865112,0.9248799681663513,False
train,0.12148363888263702,0.0,0.004905482288450003,0.03846277296543121,0.03599418327212334,-0.07327885925769806,-0.8336763978004456,0.8368907570838928,False
train,0.12190039455890656,0.0,0.004623751621693373,0.03845174238085747,0.036119937896728516,-0.08584960550069809,-0.7424967288970947,0.7474433779716492,False
train,0.12231714278459549,0.0,0.004379665944725275,0.03843720629811287,0.03624938055872917,-0.09090986847877502,-0.6539666056632996,0.6602551937103271,False
test,0.12273390591144562,0.0,0.004171277396380901,0.03842170163989067,0.03638199344277382,-0.09114708751440048,-0.5718223452568054,0.579041063785553,False
train,0.12315065413713455,0.0,0.003995327744632959,0.03840668871998787,0.03651726245880127,-0.08932654559612274,-0.4988959729671478,0.5068297982215881,False
train,0.12356740981340408,0.0,0.0038475182373076677,0.03839237242937088,0.03665470704436302,-0.08825618028640747,-0.4370025098323822,0.445825457572937,False
train,0.12398415803909302,0.0,0.0037230600137263536,0.0383780300617218,0.03679385781288147,-0.09042723476886749,-0.38702547550201416,0.3974491357803345,False
train,0.12440092116594315,0.0,0.003616955364122987,0.038361866027116776,0.0369342677295208,-0.09755653142929077,-0.34895968437194824,0.3623398244380951,False
test,0.12481766939163208,0.0,0.0035243385937064886,0.03834151104092598,0.03707550838589668,-0.11021417379379272,-0.3220505714416504,0.34038761258125305,False
train,0.1252344250679016,0.0,0.0034408289939165115,0.038314998149871826,0.037217192351818085,-0.12775450944900513,-0.30499789118766785,0.3306734263896942,False
train,0.12565116584300995,0.0,0.0033626100048422813,0.0382804200053215,0.037358954548835754,-0.14862877130508423,-0.29635384678840637,0.3315359950065613,False
train,0.12606793642044067,0.0,0.0032863994129002094,0.0382368341088295,0.037500426173210144,-0.17095398902893066,-0.29506227374076843,0.3410088121891022,False
train,0.126484677195549,0.0,0.0032091911416500807,0.03818400949239731,0.03764132037758827,-0.19302144646644592,-0.3011523485183716,0.35770100355148315,False
test,0.12690143287181854,0.0,0.0031275812070816755,0.03812228888273239,0.03778134286403656,-0.2131606638431549,-0.31620776653289795,0.38134604692459106,False
train,0.12731818854808807,0.0,0.0030373495537787676,0.03805321455001831,0.037920236587524414,-0.22787947952747345,-0.34264180064201355,0.4115002453327179,False
train,0.1277349442243576,0.0,0.002933705225586891,0.03798086196184158,0.03805778548121452,-0.22704392671585083,-0.3793201744556427,0.44207775592803955,False
train,0.12815169990062714,0.0,0.002814709208905697,0.03791571035981178,0.03819379583001137,-0.18781626224517822,-0.4120109975337982,0.4528001844882965,False
train,0.12856845557689667,0.0,0.0026880961377173662,0.03787964954972267,0.0383281372487545,-0.08624418079853058,-0.4103690981864929,0.419333815574646,False
test,0.128985196352005,0.0,0.0025725141167640686,0.037894461303949356,0.03846064954996109,0.039817336946725845,-0.36191537976264954,0.3640991151332855,False
train,0.12940196692943573,0.0,0.0024785352870821953,0.03794323652982712,0.03859127685427666,0.04973620921373367,-0.3214397430419922,0.3252648115158081,False
train,0.12981870770454407,0.0,0.002385443774983287,0.037951260805130005,0.03871997073292732,-0.16021572053432465,-0.3653661012649536,0.398950457572937,False
train,0.1302354633808136,0.0,0.0022601168602705,0.03783482313156128,0.038846705108881,-0.5205078125,-0.45368656516075134,0.6904780268669128,False
train,0.13065221905708313,0.0,0.0021219130139797926,0.03758373111486435,0.03897149860858917,-0.731530487537384,-0.38861045241355896,0.8283447027206421,False
test,0.13106895983219147,0.0,0.0020669009536504745,0.03735479339957237,0.039094384759664536,-0.3820839524269104,-0.06340381503105164,0.38730892539024353,False
train,0.1314857304096222,0.0,0.0021636385936290026,0.03733950853347778,0.039215464144945145,0.15039868652820587,0.27812710404396057,0.31618738174438477,False
train,0.13190247118473053,0.0,0.002351161325350404,0.037461377680301666,0.039334818720817566,0.24891014397144318,0.35100501775741577,0.4303031265735626,False
train,0.13231922686100006,0.0,0.0025181493256241083,0.037561479955911636,0.039452627301216125,0.10697910189628601,0.2106620818376541,0.2362689971923828,False
train,0.1327359825372696,0.0,0.002615101169794798,0.03760085254907608,0.03956903517246246,-0.021677166223526,0.03795349597930908,0.043707750737667084,False
test,0.13315273821353912,0.0,0.0026489361189305782,0.03759956732392311,0.0396842397749424,-0.0897979587316513,-0.08758486807346344,0.1254383623600006,False
train,0.13356949388980865,0.0,0.002641505328938365,0.03757970407605171,0.039798442274332047,-0.11412572115659714,-0.16202494502067566,0.19818365573883057,False
train,0.13398624956607819,0.0,0.0026111130136996508,0.03755565360188484,0.039911918342113495,-0.11288377642631531,-0.20024216175079346,0.2298688143491745,False
train,0.13440299034118652,0.0,0.0025699317920953035,0.03753528743982315,0.04002489522099495,-0.09766970574855804,-0.21550564467906952,0.23660527169704437,False
train,0.13481976091861725,0.0,0.0025256015360355377,0.0375230573117733,0.040137674659490585,-0.07541722059249878,-0.2164326012134552,0.22919604182243347,False
test,0.13523650169372559,0.0,0.0024829634930938482,0.03752085193991661,0.040250539779663086,-0.05033843591809273,-0.20797400176525116,0.2139793038368225,False
train,0.13565325736999512,0.0,0.0024453410878777504,0.03752921521663666,0.04036381095647812,-0.025188378989696503,-0.1927298605442047,0.1943688541650772,False
train,0.13607001304626465,0.0,0.002415282418951392,0.03754770755767822,0.04047781229019165,-0.002127397805452347,-0.17183855175971985,0.1718517243862152,False
train,0.13648676872253418,0.0,0.002395104384049773,0.03757511451840401,0.040592849254608154,0.016775701195001602,-0.14546751976013184,0.14643163979053497,False
train,0.1369035243988037,0.0,0.002387202112004161,0.037609297782182693,0.040709298104047775,0.029801994562149048,-0.11295030266046524,0.11681579053401947,False
test,0.13732026517391205,0.0,0.0023944361601024866,0.037647541612386703,0.040827468037605286,0.0364813469350338,-0.07271771878004074,0.0813557356595993,False
train,0.13773702085018158,0.0,0.0024205208756029606,0.037687577307224274,0.04094771668314934,0.03844895213842392,-0.022145405411720276,0.04437049478292465,False
train,0.1381537914276123,0.0,0.0024704874958842993,0.03772813826799393,0.04107039049267769,0.039090413600206375,0.04226513206958771,0.057570841163396835,False
train,0.13857053220272064,0.0,0.0025507290847599506,0.037769168615341187,0.0411958210170269,0.04059622436761856,0.12318569421768188,0.1297026127576828,False
train,0.13898728787899017,0.0,0.0026676116976886988,0.03781032934784889,0.04132433980703354,0.03699928894639015,0.21579721570014954,0.21894608438014984,False
test,0.1394040435552597,0.0,0.0028209337033331394,0.03784501552581787,0.04145629331469536,0.0029097944498062134,0.2888246774673462,0.28883934020996094,False
train,0.13982079923152924,0.0,0.002986235311254859,0.037850406020879745,0.04159196838736534,-0.11429406702518463,0.25253093242645264,0.27719128131866455,False
train,0.14023755490779877,0.0,0.0030907895416021347,0.037779297679662704,0.04173166677355766,-0.370360791683197,-0.017195291817188263,0.3707597553730011,False
train,0.1406542956829071,0.0,0.0030414406210184097,0.03757667541503906,0.041875701397657394,-0.7210686802864075,-0.43491244316101074,0.8420741558074951,False
train,0.14107105135917664,0.0,0.002861248329281807,0.0372539646923542,0.04202432185411453,-0.8812358975410461,-0.5707356333732605,1.0499123334884644,False
test,0.14148780703544617,0.0,0.002716118237003684,0.036955513060092926,0.04217776656150818,-0.6077735424041748,-0.3019043207168579,0.6786271929740906,False
train,0.1419045627117157,0.0,0.002706753322854638,0.03681459277868271,0.042336273938417435,-0.20374824106693268,0.022832073271274567,0.20502352714538574,False
train,0.14232131838798523,0.0,0.002804644638672471,0.03680844604969025,0.042500048875808716,0.02114669233560562,0.20568658411502838,0.20677077770233154,False
train,0.14273805916309357,0.0,0.00295232399366796,0.03686071187257767,0.04266923666000366,0.09397539496421814,0.2730167806148529,0.28873783349990845,False
train,0.1431548148393631,0.0,0.003114979714155197,0.03692851588129997,0.0428440198302269,0.10612869262695312,0.2850876450538635,0.30420103669166565,False
test,0.14357158541679382,0.0,0.0032769821118563414,0.03699653595685959,0.04302448406815529,0.09833233058452606,0.27246206998825073,0.28966328501701355,False
train,0.14398832619190216,0.0,0.003430532058700919,0.037059247493743896,0.0432107113301754,0.08012604713439941,0.2452513873577118,0.25800856947898865,False
train,0.1444050818681717,0.0,0.0035703498870134354,0.037112366408109665,0.04340275377035141,0.05249781161546707,0.2066912204027176,0.21325403451919556,False
train,0.14482183754444122,0.0,0.0036921226419508457,0.037152353674173355,0.04360061138868332,0.016806893050670624,0.15887683629989624,0.15976333618164062,False
train,0.14523859322071075,0.0,0.003792461706325412,0.03717659413814545,0.043804269284009933,-0.022698208689689636,0.10430479049682617,0.10674595087766647,False
test,0.14565534889698029,0.0,0.0038692213129252195,0.03718485310673714,0.04401364177465439,-0.058541908860206604,0.04623257368803024,0.07459628582000732,False
train,0.14607208967208862,0.0,0.003921713214367628,0.03718075528740883,0.04422859102487564,-0.08087825775146484,-0.01123955100774765,0.08165549486875534,False
train,0.14648884534835815,0.0,0.0039511811919510365,0.03717202693223953,0.044449012726545334,-0.07956711202859879,-0.06340406835079193,0.10173986852169037,False
train,0.14690560102462769,0.0,0.003960803151130676,0.03717014193534851,0.04467467591166496,-0.04747207835316658,-0.10579045861959457,0.11595352739095688,False
train,0.14732235670089722,0.0,0.0039553106762468815,0.037188466638326645,0.044905342161655426,0.015654049813747406,-0.13577675819396973,0.13667617738246918,False
test,0.14773911237716675,0.0,0.003939860500395298,0.03723808750510216,0.045140720903873444,0.10031351447105408,-0.15442626178264618,0.1841474175453186,False
train,0.14815585315227509,0.0,0.003918161150068045,0.03732448071241379,0.04538046196103096,0.1873677372932434,-0.16737569868564606,0.25123950839042664,False
train,0.1485726237297058,0.0,0.0038908629212528467,0.037443481385707855,0.04562418535351753,0.25212734937667847,-0.1835208684206009,0.3118462860584259,False
train,0.14898937940597534,0.0,0.0038548975717276335,0.03758080676198006,0.045871440321207047,0.27149635553359985,-0.21080005168914795,0.3437250852584839,False
train,0.14940612018108368,0.0,0.0038051174487918615,0.03771432489156723,0.0461217425763607,0.23241806030273438,-0.24970978498458862,0.34113508462905884,False
test,0.1498228758573532,0.0,0.0037388429045677185,0.03782007843255997,0.046374570578336716,0.14076665043830872,-0.28729870915412903,0.31993094086647034,False
train,0.15023963153362274,0.0,0.003661609021946788,0.03788194805383682,0.04662933200597763,0.02864011377096176,-0.2983381152153015,0.299709677696228,False
train,0.15065638720989227,0.0,0.0035894596949219704,0.03790191933512688,0.04688539728522301,-0.05215153843164444,-0.2613324522972107,0.266485333442688,False
train,0.1510731428861618,0.0,0.0035421554930508137,0.037901852279901505,0.04714208468794823,-0.06613410264253616,-0.18371903896331787,0.19525982439517975,False
train,0.15148988366127014,0.0,0.0035284811165183783,0.03790724277496338,0.04739866778254509,-0.035087570548057556,-0.10944589227437973,0.11493276804685593,False
test,0.15190663933753967,0.0,0.0035358199384063482,0.03792425990104675,0.047654375433921814,-0.02084413543343544,-0.0895182341337204,0.09191295504570007,False
train,0.1523233950138092,0.0,0.0035365354269742966,0.03793632611632347,0.04790839925408363,-0.061452716588974,-0.13958631455898285,0.15251484513282776,False
train,0.15274015069007874,0.0,0.0035064006224274635,0.03792166709899902,0.0481598861515522,-0.14421683549880981,-0.23030319809913635,0.27173158526420593,False
train,0.15315690636634827,0.0,0.0034379702992737293,0.03787054866552353,0.04840795695781708,-0.22990764677524567,-0.3162086308002472,0.39095449447631836,False
train,0.1535736471414566,0.0,0.0033403506968170404,0.037789586931467056,0.04865166172385216,-0.28305476903915405,-0.36721014976501465,0.46364134550094604,False
test,0.15399041771888733,0.0,0.003229984315112233,0.037696752697229385,0.04889008030295372,-0.2863500714302063,-0.37772461771965027,0.47399604320526123,False
train,0.15440717339515686,0.0,0.003121929708868265,0.037613000720739365,0.04912223294377327,-0.24177516996860504,-0.35816144943237305,0.43212828040122986,False
train,0.1548239141702652,0.0,0.0030256370082497597,0.037555351853370667,0.04934706538915634,-0.16470783948898315,-0.3232714831829071,0.3628127872943878,False
train,0.15524066984653473,0.0,0.0029448845889419317,0.03753302991390228,0.04956359416246414,-0.07596687972545624,-0.28516513109207153,0.2951103448867798,False
train,0.15565742552280426,0.0,0.0028793050441890955,0.03754664212465286,0.049770787358284,0.004695974290370941,-0.25135040283203125,0.25139427185058594,False
test,0.1560741811990738,0.0,0.002826306503266096,0.037589725106954575,0.049967605620622635,0.06255462765693665,-0.2253403663635254,0.23386184871196747,False
train,0.15649093687534332,0.0,0.0027824502903968096,0.037650734186172485,0.050153009593486786,0.08969633281230927,-0.20779526233673096,0.22632786631584167,False
train,0.15690767765045166,0.0,0.0027444371953606606,0.037716496735811234,0.050325941294431686,0.08561978489160538,-0.1973573863506317,0.21512946486473083,False
train,0.15732444822788239,0.0,0.002709870459511876,0.03777516260743141,0.050485387444496155,0.057098388671875,-0.19109724462032318,0.1994451880455017,False
train,0.15774118900299072,0.0,0.002677780808880925,0.03781915083527565,0.050630342215299606,0.016902312636375427,-0.18500547111034393,0.1857759803533554,False
test,0.15815794467926025,0.0,0.0026489878073334694,0.03784660995006561,0.050759874284267426,-0.019588753581047058,-0.175069659948349,0.17616215348243713,False
train,0.15857470035552979,0.0,0.00262558925896883,0.03786199912428856,0.050872936844825745,-0.040070753544569016,-0.15905973315238953,0.16402946412563324,False
train,0.15899145603179932,0.0,0.002610023831948638,0.037873100489377975,0.05096869170665741,-0.04078856483101845,-0.13803905248641968,0.14393918216228485,False
train,0.15940821170806885,0.0,0.002603613305836916,0.03788711503148079,0.051046255975961685,-0.027351580560207367,-0.11609435081481934,0.11927282810211182,False
train,0.15982496738433838,0.0,0.0026056983042508364,0.03790799900889397,0.051104795187711716,-0.009751297533512115,-0.09812953323125839,0.09861284494400024,False
test,0.16024170815944672,0.0,0.0026138562243431807,0.037935707718133926,0.05114361643791199,0.003939419984817505,-0.08739860355854034,0.08748733997344971,False
train,0.16065847873687744,0.0,0.0026248490903526545,0.037967499345541,0.05116197466850281,0.010138049721717834,-0.08459217846393585,0.08519751578569412,False
train,0.16107521951198578,0.0,0.00263559864833951,0.03800038993358612,0.05115928500890732,0.008465848863124847,-0.08853262662887573,0.08893647789955139,False
train,0.1614919751882553,0.0,0.002643634332343936,0.03803086280822754,0.051134999841451645,-0.0004572272300720215,-0.09735327959060669,0.09735435247421265,False
train,0.16190873086452484,0.0,0.0026473584584891796,0.03805634006857872,0.05108870565891266,-0.016050826758146286,-0.10923604667186737,0.1104089766740799,False
test,0.16232547163963318,0.0,0.002645789412781596,0.038073983043432236,0.05101998150348663,-0.037577979266643524,-0.12255371361970901,0.1281854808330536,False
train,0.1627422422170639,0.0,0.002638655249029398,0.03808163106441498,0.050928615033626556,-0.06348879635334015,-0.13573692739009857,0.14985105395317078,False
train,0.16315898299217224,0.0,0.0026263445615768433,0.03807801008224487,0.05081438645720482,-0.09092774987220764,-0.1471872627735138,0.1730085164308548,False
train,0.16357573866844177,0.0,0.002609893446788192,0.038063254207372665,0.05067724362015724,-0.11576791107654572,-0.15533232688903809,0.1937274932861328,False
train,0.1639924943447113,0.0,0.002590947551652789,0.03803952410817146,0.0505172424018383,-0.13315095007419586,-0.15881794691085815,0.20724940299987793,False
test,0.16440925002098083,0.0,0.002571668941527605,0.03801075369119644,0.050334472209215164,-0.13845209777355194,-0.1567128300666809,0.20911216735839844,False
train,0.16482600569725037,0.0,0.002554463455453515,0.03798285499215126,0.050129156559705734,-0.12844493985176086,-0.14871850609779358,0.1965077519416809,False
train,0.1652427613735199,0.0,0.002541713649407029,0.03796237334609032,0.04990166798233986,-0.10232987999916077,-0.13536295294761658,0.16968952119350433,False
train,0.16565950214862823,0.0,0.002535386011004448,0.03795580565929413,0.04965243488550186,-0.06231865659356117,-0.11819583177566528,0.13361836969852448,False
train,0.16607627272605896,0.0,0.0025365755427628756,0.037967778742313385,0.049381986260414124,-0.013560816645622253,-0.09984356164932251,0.10076027363538742,False
test,0.1664930135011673,0.0,0.002545083174481988,0.03800046816468239,0.04909098520874977,0.03658419847488403,-0.08380604535341263,0.09144318848848343,False
train,0.16690976917743683,0.0,0.002559182932600379,0.038052935153245926,0.04878011345863342,0.07999180257320404,-0.07383275032043457,0.10885754227638245,False
train,0.16732652485370636,0.0,0.0025757162366062403,0.03812061995267868,0.048450224101543427,0.10960321128368378,-0.0729491114616394,0.1316603124141693,False
train,0.1677432805299759,0.0,0.0025905428919941187,0.0381968654692173,0.048102252185344696,0.12121221423149109,-0.08236195147037506,0.14654655754566193,False
train,0.16816003620624542,0.0,0.002599577885121107,0.03827394172549248,0.04773711413145065,0.11458323895931244,-0.10067611187696457,0.15252868831157684,False
test,0.16857677698135376,0.0,0.0025998950004577637,0.03834490478038788,0.047355927526950836,0.09359952807426453,-0.12382388114929199,0.1552199274301529,False
train,0.1689935326576233,0.0,0.002590649062767625,0.03840517997741699,0.0469597652554512,0.06529035419225693,-0.14588485658168793,0.15982872247695923,False
train,0.16941030323505402,0.0,0.0025736072566360235,0.03845338895916939,0.04654981195926666,0.037897348403930664,-0.1606498509645462,0.16505934298038483,False
train,0.16982704401016235,0.0,0.0025528252590447664,0.038491472601890564,0.046127382665872574,0.018183916807174683,-0.1634756624698639,0.16448387503623962,False
train,0.17024379968643188,0.0,0.0025337515398859978,0.03852338343858719,0.04569365829229355,0.00891723483800888,-0.15276017785072327,0.1530202180147171,False
test,0.17066055536270142,0.0,0.0025217507500201464,0.03855306655168533,0.04525000602006912,0.007995717227458954,-0.1303701549768448,0.13061511516571045,False
train,0.17107731103897095,0.0,0.0025207987055182457,0.03858303651213646,0.04479775205254555,0.010312288999557495,-0.10073216259479523,0.10125864297151566,False
train,0.17149406671524048,0.0,0.0025328288320451975,0.03861374780535698,0.04433830827474594,0.01153937354683876,-0.06902052462100983,0.0699784979224205,False
train,0.17191080749034882,0.0,0.0025577950291335583,0.038644228130578995,0.04387301951646805,0.011088013648986816,-0.03937959671020508,0.040910836309194565,False
train,0.17232756316661835,0.0,0.0025942909996956587,0.038674648851156235,0.043403271585702896,0.012076791375875473,-0.014103829860687256,0.018567899242043495,False
test,0.17274431884288788,0.0,0.002640297869220376,0.03870623558759689,0.04293046519160271,0.018651075661182404,0.006066255271434784,0.019612804055213928,False
train,0.1731610745191574,0.0,0.002693635644391179,0.03874197602272034,0.04245598614215851,0.03285020589828491,0.02098418027162552,0.038980402052402496,False
train,0.17357783019542694,0.0,0.002752079861238599,0.03878473490476608,0.04198121652007103,0.052976299077272415,0.030321337282657623,0.061039917171001434,False
train,0.17399457097053528,0.0,0.0028131818398833275,0.03883621096611023,0.041507501155138016,0.0739058405160904,0.033307284116744995,0.08106447011232376,False
train,0.1744113266468048,0.0,0.0028740945272147655,0.038895100355148315,0.041036128997802734,0.0888499915599823,0.029070347547531128,0.0934847891330719,False
test,0.17482809722423553,0.0,0.002931709634140134,0.03895770385861397,0.04056842252612114,0.09155213832855225,0.017154254019260406,0.09314538538455963,False
train,0.17524483799934387,0.0,0.002982886042445898,0.039017949253320694,0.0401056706905365,0.0781114250421524,-0.002063162624835968,0.07813866436481476,False
train,0.1756615936756134,0.0,0.0030247813556343317,0.039068955928087234,0.03964907303452492,0.04790458083152771,-0.027280934154987335,0.05512801930308342,False
train,0.17607834935188293,0.0,0.003055312903597951,0.039104022085666656,0.03919979929924011,0.0034212730824947357,-0.05650467798113823,0.056608159095048904,False
train,0.17649510502815247,0.0,0.003073231317102909,0.03911812603473663,0.038759004324674606,-0.05086389183998108,-0.0875093936920166,0.10121773183345795,False
test,0.176911860704422,0.0,0.0030782276298850775,0.0391082689166069,0.03832777589559555,-0.11026406288146973,-0.11831513047218323,0.16173012554645538,False
train,0.17732860147953033,0.0,0.0030706438701599836,0.03907305374741554,0.037907179445028305,-0.1715976744890213,-0.1474301964044571,0.2262331247329712,False
train,0.17774535715579987,0.0,0.0030515198595821857,0.03901182487607002,0.03749817982316017,-0.23330248892307281,-0.17301243543624878,0.29045370221138,False
train,0.1781621128320694,0.0,0.0030232551507651806,0.03892536088824272,0.03710172325372696,-0.2905590534210205,-0.18916155397891998,0.3467083275318146,False
train,0.17857886850833893,0.0,0.002992914291098714,0.038819100707769394,0.036718737334012985,-0.3213486671447754,-0.17801034450531006,0.3673590123653412,False
test,0.17899562418460846,0.0,0.0029785376973450184,0.038714148104190826,0.03635004535317421,-0.2723678946495056,-0.10569430887699127,0.29215672612190247,False
train,0.1794123649597168,0.0,0.003011017572134733,0.03865482658147812,0.035996466875076294,-0.10298411548137665,0.044268541038036346,0.11209563910961151,False
train,0.17982913553714752,0.0,0.0031091037672013044,0.03867558017373085,0.035658713430166245,0.07731416821479797,0.18183735013008118,0.19759126007556915,False
train,0.18024589121341705,0.0,0.0032297675497829914,0.038735177367925644,0.03533751890063286,0.06133296340703964,0.12839356064796448,0.14229068160057068,False
train,0.1806626319885254,0.0,0.0032836797181516886,0.038745492696762085,0.03503355756402016,-0.131733700633049,-0.11150350421667099,0.1725885272026062,False
test,0.18107938766479492,0.0,0.0032367403618991375,0.038672398775815964,0.034747414290905,-0.3089296817779541,-0.31996092200279236,0.4447612166404724,False
train,0.18149614334106445,0.0,0.0031322527211159468,0.03854842111468315,0.03447968140244484,-0.3718692660331726,-0.38575321435928345,0.5358099341392517,False
train,0.18191289901733398,0.0,0.003023168770596385,0.03841937705874443,0.034230880439281464,-0.33980005979537964,-0.35399773716926575,0.4906918406486511,False
train,0.18232965469360352,0.0,0.002935475669801235,0.03831450641155243,0.03400151804089546,-0.26375529170036316,-0.2910422682762146,0.3927753269672394,False
train,0.18274639546871185,0.0,0.0028739343397319317,0.03824354335665703,0.03379207104444504,-0.18082819879055023,-0.23128041625022888,0.29358041286468506,False
test,0.18316315114498138,0.0,0.0028345573227852583,0.03820505365729332,0.033602941781282425,-0.10952554643154144,-0.18494075536727905,0.21493935585021973,False
train,0.18357990682125092,0.0,0.0028116819448769093,0.03819241747260094,0.03343452885746956,-0.05653119832277298,-0.15130068361759186,0.16151678562164307,False
train,0.18399666249752045,0.0,0.0028010515961796045,0.038198038935661316,0.03328723460435867,-0.02179001085460186,-0.12512584030628204,0.12700898945331573,False
train,0.18441341817378998,0.0,0.0028011545073240995,0.03821494057774544,0.03316139802336693,-0.0001301094889640808,-0.09818030148744583,0.0981803834438324,False
train,0.18483015894889832,0.0,0.002814756240695715,0.03824000805616379,0.03305730223655701,0.01959587261080742,-0.057844504714012146,0.061073604971170425,False
test,0.18524692952632904,0.0,0.0028514626901596785,0.03827604651451111,0.03297526016831398,0.057322219014167786,0.01724134385585785,0.059859007596969604,False
train,0.18566368520259857,0.0,0.0029330223333090544,0.038336798548698425,0.03291555866599083,0.14415684342384338,0.165509432554245,0.2194870561361313,False
train,0.1860804259777069,0.0,0.0031019963789731264,0.03844926133751869,0.03287845849990845,0.3057243824005127,0.4472462832927704,0.5417532920837402,False
train,0.18649718165397644,0.0,0.003420186461880803,0.03863334655761719,0.03286416828632355,0.44906365871429443,0.8578202724456787,0.968252956867218,False
train,0.18691393733024597,0.0,0.003850379725918174,0.03880060836672783,0.032872892916202545,0.11457009613513947,0.7741337418556213,0.7825658917427063,False
test,0.1873306930065155,0.0,0.0039031647611409426,0.03863872215151787,0.03290485218167305,-1.0977609157562256,-0.9494763612747192,1.451407790184021,False
train,0.18774744868278503,0.0,0.003351833438500762,0.03802644833922386,0.03296022489666939,-1.5730353593826294,-1.4070600271224976,2.110511302947998,False
train,0.18816418945789337,0.0,0.0030335846822708845,0.03760144114494324,0.0330391488969326,-0.5813614130020142,-0.3988606631755829,0.7050325870513916,False
train,0.1885809600353241,0.0,0.003008600091561675,0.03746902197599411,0.03314177319407463,-0.25989630818367004,-0.02885875105857849,0.26149362325668335,False
train,0.18899770081043243,0.0,0.0030708324629813433,0.03739691898226738,0.033268220722675323,-0.1873091459274292,0.10050743073225021,0.21257106959819794,False
test,0.18941445648670197,0.0,0.0031844095792621374,0.037358254194259644,0.03341858088970184,-0.09867023676633835,0.22714698314666748,0.2476521134376526,False
train,0.1898312121629715,0.0,0.003351587802171707,0.037354543805122375,0.03359294310212135,-0.026986198499798775,0.35306596755981445,0.35409578680992126,False
train,0.19024796783924103,0.0,0.0035647358745336533,0.037371933460235596,0.03379134461283684,0.0003702975809574127,0.44109657406806946,0.4410967230796814,False
train,0.19066472351551056,0.0,0.0038003576919436455,0.037391237914562225,0.034013811498880386,-0.016499795019626617,0.4570753574371338,0.45737308263778687,False
train,0.1910814791917801,0.0,0.004025816917419434,0.037397339940071106,0.0342603400349617,-0.05997757613658905,0.39462098479270935,0.39915287494659424,False
test,0.19149821996688843,0.0,0.0042130486108362675,0.0373835414648056,0.0345308817923069,-0.10946879535913467,0.2799728810787201,0.3006131052970886,False
train,0.19191499054431915,0.0,0.004348294343799353,0.037350427359342575,0.03482538461685181,-0.15125712752342224,0.15155799686908722,0.2141227424144745,False
train,0.1923317313194275,0.0,0.004432297311723232,0.03730281814932823,0.035143718123435974,-0.17944695055484772,0.03781137615442276,0.18338730931282043,False
train,0.19274848699569702,0.0,0.00447421008720994,0.037246644496917725,0.03548572584986687,-0.19299288094043732,-0.04943803325295448,0.19922442734241486,False
train,0.19316524267196655,0.0,0.004485359415411949,0.037187814712524414,0.03585120290517807,-0.19306489825248718,-0.1097528487443924,0.22208048403263092,False
test,0.1935819834470749,0.0,0.004476249683648348,0.03713158518075943,0.036239899694919586,-0.1817535161972046,-0.1472720503807068,0.2339303195476532,False
train,0.19399875402450562,0.0,0.0044553386978805065,0.037082165479660034,0.03665155544877052,-0.161650151014328,-0.16669541597366333,0.23220278322696686,False
train,0.19441549479961395,0.0,0.004429367370903492,0.03704259917140007,0.03708568960428238,-0.13584719598293304,-0.17203468084335327,0.21920399367809296,False
train,0.19483225047588348,0.0,0.004403418395668268,0.03701446205377579,0.0375419482588768,-0.10802625119686127,-0.1669611632823944,0.1988610029220581,False
train,0.19524900615215302,0.0,0.004381001461297274,0.036997850984334946,0.038019802421331406,-0.0825091153383255,-0.1558842658996582,0.17637363076210022,False
test,0.19566576182842255,0.0,0.004363305401057005,0.03699075058102608,0.03851867839694023,-0.06409931182861328,-0.145728200674057,0.1592024862766266,False
train,0.19608251750469208,0.0,0.004347646608948708,0.036989178508520126,0.03903789445757866,-0.05780969187617302,-0.14899012446403503,0.15981243550777435,False
train,0.1964992731809616,0.0,0.004323917906731367,0.0369870625436306,0.03957672044634819,-0.06857430189847946,-0.1898750364780426,0.20187857747077942,False
train,0.19691601395606995,0.0,0.004267694428563118,0.03697637468576431,0.040134280920028687,-0.10085463523864746,-0.3155602216720581,0.3312852382659912,False
train,0.19733276963233948,0.0,0.00412832060828805,0.03694777563214302,0.04070970416069031,-0.15423408150672913,-0.6025481820106506,0.6219746470451355,False
test,0.197749525308609,0.0,0.0038302585016936064,0.03689819574356079,0.04130195826292038,-0.18651650846004486,-1.0534390211105347,1.0698233842849731,False
train,0.19816629588603973,0.0,0.0033789658918976784,0.03686824068427086,0.04190991073846817,-0.034301288425922394,-1.219850778579712,1.2203329801559448,False
train,0.19858303666114807,0.0,0.002970494795590639,0.03688814863562584,0.042532287538051605,-0.14847779273986816,-0.9944958686828613,1.0055185556411743,False
train,0.1989997923374176,0.0,0.0025859565939754248,0.036689162254333496,0.04316781461238861,-0.8234480619430542,-0.9503796100616455,1.2574927806854248,False
train,0.19941654801368713,0.0,0.0023898400831967592,0.03647705167531967,0.04381507262587547,-0.3135444223880768,-0.3406396210193634,0.46297457814216614,False
test,0.19983328878879547,0.0,0.002271445235237479,0.036351412534713745,0.044472455978393555,-0.425927996635437,-0.4253370761871338,0.6019354462623596,False
train,0.200250044465065,0.0,0.0021635261364281178,0.03621209040284157,0.045138441026210785,-0.33026987314224243,-0.28385990858078003,0.4354935586452484,False
train,0.20066680014133453,0.0,0.0021260580979287624,0.036138515919446945,0.04581118002533913,-0.14981025457382202,-0.1165931224822998,0.189834326505661,False
train,0.20108354091644287,0.0,0.002147443825379014,0.03613203763961792,0.046488888561725616,-0.018626488745212555,-0.0034875571727752686,0.018950175493955612,False
train,0.2015003263950348,0.0,0.0022048691753298044,0.036166463047266006,0.04716969281435013,0.04632357507944107,0.05835918337106705,0.07450951635837555,False
test,0.20191706717014313,0.0,0.002279756125062704,0.036217283457517624,0.04785146564245224,0.06243784725666046,0.08240670710802078,0.10338931530714035,False
train,0.20233382284641266,0.0,0.0023589569609612226,0.03626849129796028,0.04853220283985138,0.04969681799411774,0.08049261569976807,0.09459827840328217,False
train,0.2027505785226822,0.0,0.0024335733614861965,0.03631126135587692,0.049209680408239365,0.02272108942270279,0.06147749722003937,0.0655418261885643,False
train,0.20316731929779053,0.0,0.0024978648871183395,0.03634187951683998,0.049881722778081894,-0.008926179260015488,0.03181348741054535,0.03304201364517212,False
train,0.20358407497406006,0.0,0.0025484547950327396,0.036359753459692,0.050546061247587204,-0.03908645734190941,-0.00377751886844635,0.03926857188344002,False
test,0.2040008306503296,0.0,0.002583605470135808,0.03636632859706879,0.051200393587350845,-0.06374495476484299,-0.04180903732776642,0.07623263448476791,False
train,0.20441757142543793,0.0,0.002602851949632168,0.03636452555656433,0.051842331886291504,-0.0803038701415062,-0.07969198375940323,0.11313498020172119,False
train,0.20483432710170746,0.0,0.0026066764257848263,0.03635809198021889,0.05246959254145622,-0.08708920329809189,-0.11553995311260223,0.14468589425086975,False
train,0.20525109767913818,0.0,0.002596211852505803,0.03635130077600479,0.05307988449931145,-0.08301025629043579,-0.1480053812265396,0.169694721698761,False
train,0.20566785335540771,0.0,0.0025730901397764683,0.0363488644361496,0.05367080867290497,-0.0674428939819336,-0.17611314356327057,0.18858522176742554,False
test,0.20608460903167725,0.0,0.0025393252726644278,0.03635552525520325,0.0542401522397995,-0.04043892025947571,-0.19902539253234863,0.20309212803840637,False
train,0.20650134980678558,0.0,0.00249730097129941,0.03637593239545822,0.05478564649820328,-0.0030643194913864136,-0.21564626693725586,0.21566803753376007,False
train,0.20691810548305511,0.0,0.002450051950290799,0.03641393408179283,0.055305249989032745,0.04277392476797104,-0.22375404834747314,0.22780580818653107,False
train,0.20733486115932465,0.0,0.0024021391291171312,0.03647281602025032,0.05579684302210808,0.09637147188186646,-0.21768397092819214,0.2380625456571579,False
train,0.20775160193443298,0.0,0.002362204948440194,0.03655683621764183,0.05625853314995766,0.16468724608421326,-0.1818818598985672,0.245362788438797,False
test,0.20816835761070251,0.0,0.002349964575842023,0.03667674958705902,0.05668853595852852,0.27393677830696106,-0.07522287964820862,0.2840771973133087,False
train,0.20858512818813324,0.0,0.00241024955175817,0.03685558959841728,0.057085175067186356,0.43801504373550415,0.17648223042488098,0.4722321033477783,False
train,0.20900188386440277,0.0,0.0025892986450344324,0.037064336240291595,0.05744688957929611,0.28186914324760437,0.3939610719680786,0.4844125509262085,False
train,0.2094186246395111,0.0,0.0027120793238282204,0.03703124076128006,0.057772424072027206,-0.5563256740570068,-0.06744572520256042,0.5603991150856018,False
train,0.20983538031578064,0.0,0.0027487350162118673,0.036863572895526886,0.05806061625480652,-0.24851177632808685,0.13381141424179077,0.282247394323349,False
test,0.21025213599205017,0.0,0.0028865530621260405,0.03685838356614113,0.05831048637628555,0.0057846903800964355,0.24786056578159332,0.24792806804180145,False
train,0.2106688767671585,0.0,0.0030210651457309723,0.03690356761217117,0.05852131173014641,0.046427659690380096,0.1772647202014923,0.18324385583400726,False
train,0.21108563244342804,0.0,0.00313048018142581,0.0369553342461586,0.05869259685277939,0.04877465218305588,0.1421337127685547,0.15026962757110596,False
train,0.21150238811969757,0.0,0.003238304518163204,0.037008028477430344,0.05882395803928375,0.05386372655630112,0.16584326326847076,0.1743711233139038,False
train,0.2119191586971283,0.0,0.0033633096609264612,0.03706469386816025,0.058915361762046814,0.06666448712348938,0.21923375129699707,0.2291453629732132,False
test,0.21233591437339783,0.0,0.003512150142341852,0.037127528339624405,0.05896690487861633,0.082486592233181,0.27672484517097473,0.2887571454048157,False
train,0.21275265514850616,0.0,0.003683066228404641,0.037196867167949677,0.05897894874215126,0.09761041402816772,0.3233191967010498,0.3377322852611542,False
train,0.2131694108247757,0.0,0.003869907930493355,0.0372721292078495,0.05895206704735756,0.1108773946762085,0.352169930934906,0.36921194195747375,False
train,0.21358616650104523,0.0,0.004064851440489292,0.03735258802771568,0.0588870532810688,0.12255412340164185,0.3622530400753021,0.38242223858833313,False
train,0.21400290727615356,0.0,0.004260578658431768,0.03743769973516464,0.05878487974405289,0.13312259316444397,0.3564578592777252,0.38050469756126404,False
test,0.2144196629524231,0.0,0.004451459273695946,0.0375269316136837,0.05864674597978592,0.14279092848300934,0.3392670750617981,0.36809155344963074,False
train,0.21483641862869263,0.0,0.00463344668969512,0.037620000541210175,0.05847403407096863,0.15183138847351074,0.3138122856616974,0.34861284494400024,False
train,0.21525315940380096,0.0,0.004802970681339502,0.03771683946251869,0.058268286287784576,0.16165709495544434,0.2780306339263916,0.3216116428375244,False
train,0.21566994488239288,0.0,0.004953665658831596,0.03781856223940849,0.05803118273615837,0.17655399441719055,0.2198687344789505,0.281981498003006,False
train,0.21608668565750122,0.0,0.005071446765214205,0.03792876750230789,0.057764679193496704,0.20430442690849304,0.11467094719409943,0.23428556323051453,False
test,0.21650344133377075,0.0,0.0051307398825883865,0.0380537211894989,0.057470694184303284,0.2449970543384552,-0.06445904821157455,0.25333482027053833,False
train,0.21692019701004028,0.0,0.00510009378194809,0.038189847022295,0.057151343673467636,0.23927758634090424,-0.31172680854797363,0.392972469329834,False
train,0.21733693778514862,0.0,0.004965605214238167,0.03828762471675873,0.05680887773633003,0.040066905319690704,-0.5381202697753906,0.5396098494529724,False
train,0.21775369346141815,0.0,0.004776801448315382,0.03826915845274925,0.05644555389881134,-0.258169949054718,-0.5373729467391968,0.5961723327636719,False
train,0.21817044913768768,0.0,0.004642840474843979,0.03817290812730789,0.05606374144554138,-0.30703821778297424,-0.32091909646987915,0.44414135813713074,False
test,0.21858718991279602,0.0,0.004589587450027466,0.03809027001261711,0.05566587299108505,-0.2386322319507599,-0.17625772953033447,0.2966683804988861,False
train,0.21900396049022675,0.0,0.004578848369419575,0.038029711693525314,0.05525433272123337,-0.20396676659584045,-0.1029684767127037,0.22848401963710785,False
train,0.21942071616649628,0.0,0.004592037759721279,0.03797771781682968,0.05483165383338928,-0.1928286850452423,-0.06052137166261673,0.20210328698158264,False
train,0.2198374718427658,0.0,0.00461618835106492,0.03792864456772804,0.05440026894211769,-0.18719050288200378,-0.0498262457549572,0.1937083899974823,False
train,0.22025421261787415,0.0,0.004639075603336096,0.03788219764828682,0.05396266281604767,-0.17820456624031067,-0.06464209407567978,0.18956652283668518,False
test,0.22067096829414368,0.01621687412261963,0.004652205854654312,0.03784065693616867,0.05352126806974411,-0.1626828908920288,-0.0947766825556755,0.18827730417251587,False
train,0.2210877239704132,0.02740773744881153,0.004651068244129419,0.03780669718980789,0.05307846888899803,-0.14077065885066986,-0.13143602013587952,0.1925923377275467,False
train,0.22150446474552155,0.0,0.004634518641978502,0.03778281807899475,0.052636660635471344,-0.11426261812448502,-0.16772057116031647,0.20294366776943207,False
train,0.22192122042179108,0.0,0.004603886976838112,0.037770312279462814,0.052198152989149094,-0.0854378342628479,-0.19796103239059448,0.21561121940612793,False
train,0.2223379909992218,0.009085483849048615,0.0045627630315721035,0.037769775837659836,0.051765166223049164,-0.056328482925891876,-0.21731433272361755,0.22449591755867004,False
test,0.22275474667549133,0.024361032992601395,0.004516578745096922,0.03778092563152313,0.05133991688489914,-0.028499353677034378,-0.22190739214420319,0.22372998297214508,False
train,0.22317150235176086,0.0,0.004471948370337486,0.03780294954776764,0.05092452093958855,-0.003679238259792328,-0.20989058911800385,0.20992283523082733,False
train,0.2235882431268692,0.0,0.004435385577380657,0.03783397376537323,0.05052103474736214,0.013856463134288788,-0.1848662793636322,0.1853848546743393,False
train,0.22400499880313873,0.0,0.004409408662468195,0.03786872327327728,0.050131380558013916,0.012835361063480377,-0.16374215483665466,0.16424445807933807,False
train,0.22442175447940826,0.007543221116065979,0.00438559427857399,0.03789587691426277,0.04975747689604759,-0.025237660855054855,-0.18096715211868286,0.18271850049495697,False
test,0.2248384952545166,0.030895689502358437,0.004343807231634855,0.037898607552051544,0.049401115626096725,-0.09816840291023254,-0.2432185709476471,0.2622828781604767,False
train,0.22525525093078613,0.026945479214191437,0.004282256588339806,0.03787364810705185,0.04906401410698891,-0.14440739154815674,-0.25502365827560425,0.293070912361145,False
train,0.22567200660705566,0.029534127563238144,0.004237008281052113,0.037843476980924606,0.04874783381819725,-0.12522496283054352,-0.17741745710372925,0.21715949475765228,False
train,0.2260887771844864,0.0024373638443648815,0.004219568334519863,0.03782755881547928,0.048454124480485916,-0.08309346437454224,-0.14518728852272034,0.1672838032245636,False
train,0.22650553286075592,0.0,0.004192611668258905,0.03782862797379494,0.04818439483642578,-0.045041244477033615,-0.22021593153476715,0.22477494180202484,False
test,0.22692227363586426,4.202351647109026e-06,0.00412064278498292,0.03784314543008804,0.047940075397491455,-0.019052155315876007,-0.3490392863750458,0.34955886006355286,False
train,0.2273390293121338,0.0,0.003995369654148817,0.03786541521549225,0.04772249236702919,-0.0060747116804122925,-0.4680261015892029,0.4680655002593994,False
train,0.22775578498840332,0.0,0.0038288715295493603,0.03789138421416283,0.04753294214606285,-0.0007910579442977905,-0.544204592704773,0.5442051887512207,False
train,0.22817252576351166,0.0,0.0036412973422557116,0.037918806076049805,0.04737266153097153,0.002644076943397522,-0.5694781541824341,0.569484293460846,False
train,0.2285892814397812,0.0,0.0034532600548118353,0.03794803097844124,0.04724280908703804,0.00864730030298233,-0.5482563376426697,0.5483245253562927,False
test,0.22900602221488953,0.0,0.0032820701599121094,0.037980757653713226,0.047144509851932526,0.019947417080402374,-0.49118027091026306,0.4915851652622223,False
train,0.22942280769348145,0.0,0.0031397088896483183,0.038019366562366486,0.04707883670926094,0.036385878920555115,-0.41297614574432373,0.4145759642124176,False
train,0.22983954846858978,0.0,0.003031413536518812,0.03806525096297264,0.04704679548740387,0.05351506173610687,-0.33122992515563965,0.33552515506744385,False
train,0.23025630414485931,0.0,0.002954606432467699,0.03811684250831604,0.047049395740032196,0.06266069412231445,-0.2658555507659912,0.2731401324272156,False
train,0.23067305982112885,0.0,0.002897827187553048,0.03816875070333481,0.04708753898739815,0.05309067666530609,-0.23927459120750427,0.24509374797344208,False
test,0.23108980059623718,0.0,0.0028402642346918583,0.03821134567260742,0.04716217890381813,0.0167422816157341,-0.27290651202201843,0.273419588804245,False
train,0.2315065562725067,0.0,0.0027552268002182245,0.03823366388678551,0.047274164855480194,-0.041210487484931946,-0.368041068315506,0.37034109234809875,False
train,0.23192331194877625,0.0,0.002626049565151334,0.03823290765285492,0.04742434620857239,-0.08520172536373138,-0.469949871301651,0.4776109457015991,False
train,0.23234005272388458,0.0,0.002470525214448571,0.038227349519729614,0.04761352762579918,-0.05574537068605423,-0.4795162081718445,0.48274561762809753,False
train,0.2327568382024765,0.0,0.0023387731052935123,0.03825389966368675,0.04784252122044563,0.06353350728750229,-0.3603968024253845,0.36595404148101807,False
test,0.23317357897758484,0.0,0.0022715621162205935,0.03833606839179993,0.04811202734708786,0.18922263383865356,-0.18905669450759888,0.2674839198589325,False
train,0.23359033465385437,0.0,0.0022681672126054764,0.038450755178928375,0.048422809690237045,0.20628559589385986,-0.06733787059783936,0.21699801087379456,False
train,0.2340070903301239,0.0,0.002298525534570217,0.038547419011592865,0.04877553880214691,0.11243876814842224,-0.025777190923690796,0.1153557077050209,False
train,0.23442383110523224,0.0,0.0023345807567238808,0.03859545662999153,0.04917085915803909,-0.015624281018972397,-0.03373797982931137,0.037180230021476746,False
train,0.23484058678150177,0.0,0.0023631106596440077,0.03859250992536545,0.049609411507844925,-0.12905092537403107,-0.057917896658182144,0.14145183563232422,False
test,0.2352573424577713,0.0,0.002381260972470045,0.03854777291417122,0.05009172484278679,-0.21669454872608185,-0.08170001208782196,0.2315845936536789,False
train,0.23567408323287964,0.0,0.002390639390796423,0.03847181797027588,0.05061831325292587,-0.2805835008621216,-0.09916471689939499,0.29759156703948975,False
train,0.23609083890914917,0.0,0.002394293434917927,0.0383739173412323,0.051189664751291275,-0.3233891725540161,-0.10841329395771027,0.3410777151584625,False
train,0.2365076094865799,0.0,0.002395850606262684,0.03826256841421127,0.05180615931749344,-0.3459170162677765,-0.10843122005462646,0.36251330375671387,False
train,0.23692436516284943,0.0,0.002399368677288294,0.03814628720283508,0.052468083798885345,-0.34835371375083923,-0.09818314015865326,0.36192572116851807,False
test,0.23734110593795776,0.003000478958711028,0.0024092106614261866,0.03803311288356781,0.0531756654381752,-0.333548903465271,-0.07756845653057098,0.3424496054649353,False
train,0.2377578616142273,0.002744135679677129,0.0024290503934025764,0.03792833164334297,0.053929030895233154,-0.311886191368103,-0.050953175872564316,0.3160209357738495,False
train,0.23817461729049683,0.0019330817740410566,0.0024590438697487116,0.037831515073776245,0.05472823977470398,-0.2978752851486206,-0.030597612261772156,0.2994426488876343,False
train,0.23859135806560516,0.0025340181309729815,0.002495170570909977,0.03774339705705643,0.055573105812072754,-0.2544427216053009,-0.016547657549381256,0.2549802362918854,False
train,0.2390081137418747,0.003017288399860263,0.0025485458318144083,0.037712860852479935,0.05646345764398575,0.023183457553386688,0.07682238519191742,0.08024432510137558,False
test,0.23942486941814423,0.00157167948782444,0.0026785305235534906,0.03786998242139816,0.05739889666438103,0.585741400718689,0.3461211323738098,0.6803622841835022,False
train,0.23984163999557495,0.002773551968857646,0.00291904853656888,0.03819070756435394,0.05837884545326233,0.646329939365387,0.5349151492118835,0.8389735221862793,False
train,0.24025839567184448,0.002815575571730733,0.003172121709212661,0.03835491091012955,0.059402454644441605,-0.08791795372962952,0.42453011870384216,0.43353819847106934,False
train,0.24067513644695282,0.00215580640360713,0.003384083043783903,0.03819655254483223,0.06046886369585991,-0.7193121910095215,0.4334842562675476,0.8398324847221375,False
train,0.24109189212322235,0.0023911381140351295,0.0036836289800703526,0.03794196620583534,0.061576832085847855,-0.5418694615364075,0.8138346672058105,0.9777266383171082,False
test,0.24150864779949188,0.0026054580230265856,0.004126757383346558,0.03783436492085457,0.06272498518228531,-0.17912933230400085,1.001983880996704,1.0178698301315308,False
train,0.24192538857460022,0.002597053302451968,0.004533459432423115,0.03781317546963692,0.063911572098732,-0.12334880977869034,0.6638822555541992,0.6752440929412842,False
train,0.24234214425086975,0.00235751923173666,0.0047522601671516895,0.03778505325317383,0.06513474136590958,-0.1785452961921692,0.17487424612045288,0.2499188333749771,False
train,0.24275889992713928,0.002286079339683056,0.004790056496858597,0.03773511201143265,0.06639214605093002,-0.22318683564662933,-0.18603314459323883,0.29055240750312805,False
train,0.24317567050457,0.002660088473930955,0.004708519205451012,0.03767216578125954,0.06768137961626053,-0.2450278252363205,-0.4064900577068329,0.47462913393974304,False
test,0.24359242618083954,0.002244055736809969,0.00455339765176177,0.03760401904582977,0.06899941712617874,-0.2519493103027344,-0.5492620468139648,0.6042907238006592,False
train,0.24400916695594788,0.0023070911411195993,0.004345736000686884,0.037535279989242554,0.07034310698509216,-0.25153326988220215,-0.6645770072937012,0.710585355758667,False
train,0.2444259226322174,0.002588648581877351,0.004091770853847265,0.03746766224503517,0.07170901447534561,-0.24985910952091217,-0.7714104652404785,0.8108659982681274,False
train,0.24484267830848694,0.0016010960098356009,0.0037974342703819275,0.03740101307630539,0.07309312373399734,-0.24981895089149475,-0.8523905277252197,0.8882449865341187,False
train,0.24525941908359528,0.0,0.0034824300091713667,0.037335481494665146,0.07449129968881607,-0.24448072910308838,-0.8621700406074524,0.8961629271507263,False
test,0.2456761747598648,0.0,0.0031852361280471087,0.03727755323052406,0.07589902728796005,-0.2114720344543457,-0.7642855048179626,0.7930023670196533,False
train,0.24609293043613434,0.0,0.0029496641363948584,0.037243977189064026,0.07731134444475174,-0.12949927151203156,-0.5741503238677979,0.5885733962059021,False
train,0.24650967121124268,0.0,0.002802049508318305,0.0372530072927475,0.07872296869754791,-0.016781538724899292,-0.3538030683994293,0.3542008399963379,False
train,0.2469264417886734,0.0,0.0027445429004728794,0.037310320883989334,0.08012852817773819,0.10921584069728851,-0.13858990371227264,0.17645186185836792,False
train,0.24734319746494293,0.0,0.0027855774387717247,0.037463244050741196,0.08152195066213608,0.4871298372745514,0.09256556630134583,0.49584659934043884,False
test,0.24775995314121246,0.0,0.0027538586873561144,0.03771064803004265,0.08289722353219986,0.21790306270122528,-0.7289367318153381,0.7608091235160828,False
train,0.2481766939163208,0.0,0.0023929232265800238,0.03769151121377945,0.08424792438745499,-0.2685927748680115,-0.8563576936721802,0.8974912762641907,False
train,0.24859344959259033,0.0,0.0022323718294501305,0.03769562765955925,0.08556757867336273,0.07347983121871948,-0.19417601823806763,0.20761409401893616,False
train,0.24901020526885986,0.0,0.0022671206388622522,0.03779933229088783,0.0868493914604187,0.1784657984972,0.09043204039335251,0.20006997883319855,False
train,0.2494269460439682,0.0,0.0023766732774674892,0.03791327401995659,0.08808641135692596,0.14753961563110352,0.19589583575725555,0.2452409416437149,False
test,0.24984370172023773,0.0,0.0025152992457151413,0.03800555691123009,0.08927170932292938,0.08024284243583679,0.23962756991386414,0.2527059316635132,False
train,0.25026047229766846,0.0,0.0026662310119718313,0.03806833177804947,0.09039843827486038,0.005970127880573273,0.25748276710510254,0.25755196809768677,False
train,0.250677227973938,0.0,0.002821248024702072,0.0381012000143528,0.09145944565534592,-0.06419925391674042,0.26018092036247253,0.26798442006111145,False
train,0.2510939836502075,0.0,0.002975113457068801,0.03810728341341019,0.09244799613952637,-0.12425677478313446,0.25304874777793884,0.2819103002548218,False
train,0.25151073932647705,0.0,0.0031254540663212538,0.038091544061899185,0.09335731714963913,-0.16883182525634766,0.245949849486351,0.2983211576938629,False
test,0.2519274950027466,0.0,0.0032770116813480854,0.03806249424815178,0.09418094903230667,-0.18779471516609192,0.2666506767272949,0.3261432647705078,False
train,0.2523442208766937,0.0,0.0034549699630588293,0.03803514316678047,0.09491272270679474,-0.15575441718101501,0.39353346824645996,0.4232351779937744,False
train,0.25276097655296326,0.0,0.00374142755754292,0.038040466606616974,0.09554675221443176,-0.02353537082672119,0.8438266515731812,0.8441547751426697,False
train,0.2531777322292328,0.0,0.004366987384855747,0.03812409192323685,0.09607765078544617,0.1966688185930252,2.136415719985962,2.145448923110962,False
train,0.2535945177078247,0.0,0.0057886214926838875,0.03826221823692322,0.0965004563331604,0.15604668855667114,4.539547920227051,4.542229175567627,False
test,0.25401124358177185,0.0,0.007921646349132061,0.038314856588840485,0.09681067615747452,-0.08747586607933044,4.597725868225098,4.598557949066162,False
train,0.2544279992580414,0.0,0.009102040901780128,0.03834228590130806,0.09700456261634827,0.020708873867988586,0.7091864347457886,0.7094887495040894,False
train,0.2548447549343109,0.0,0.008874292485415936,0.03841973841190338,0.09707889705896378,0.09878577291965485,-1.5711090564727783,1.574211597442627,False
train,0.25526151061058044,0.0,0.008141723461449146,0.03850945830345154,0.09703119099140167,0.10222169756889343,-2.0142016410827637,2.016793966293335,False
train,0.25567826628685,0.0,0.0073325131088495255,0.03862394392490387,0.0968596339225769,0.31644201278686523,-1.99607253074646,2.0210001468658447,False
test,0.2560950219631195,0.0,0.007126595359295607,0.039084479212760925,0.0965631753206253,1.6707556247711182,1.9505831003189087,2.5683066844940186,False
train,0.25651174783706665,0.0,0.008859955705702305,0.039212338626384735,0.09614159911870956,-1.4827301502227783,5.236541748046875,5.442412853240967,False
train,0.2569285035133362,0.0,0.010796185582876205,0.03883872926235199,0.09559542685747147,-0.32388362288475037,2.500525712966919,2.521414279937744,False
train,0.2573452889919281,0.0,0.011172785423696041,0.038847941905260086,0.09492576867341995,0.007268659770488739,-0.12845151126384735,0.1286570131778717,False
train,0.25776204466819763,0.0,0.01112312637269497,0.038901668041944504,0.09413493424654007,0.017235085368156433,-0.19318458437919617,0.19395187497138977,False
test,0.25817880034446716,0.0,0.011140994727611542,0.03895503655076027,0.09322557598352432,0.017182067036628723,0.06788694858551025,0.07002757489681244,False
train,0.2585955262184143,0.0,0.011271658353507519,0.039010386914014816,0.09220140427350998,0.028703197836875916,0.3373202085494995,0.3385392129421234,False
train,0.25901228189468384,0.0,0.0115117859095335,0.039072148501873016,0.09106654673814774,0.049497783184051514,0.5929763317108154,0.5950385928153992,False
train,0.25942903757095337,0.0,0.011855840682983398,0.039143145084381104,0.08982587605714798,0.07446984946727753,0.8362841010093689,0.839593231678009,False
train,0.2598457932472229,0.0,0.012298752553761005,0.03922390192747116,0.08848496526479721,0.0976407378911972,1.0671029090881348,1.0715607404708862,False
test,0.26026254892349243,0.0,0.012834625318646431,0.039312273263931274,0.08704990893602371,0.11301665008068085,1.2810081243515015,1.285983920097351,False
train,0.26067930459976196,0.0,0.01345441211014986,0.03940397873520851,0.08552715182304382,0.11546693742275238,1.4680589437484741,1.472592830657959,False
train,0.2610960602760315,0.0,0.014143941923975945,0.03949269279837608,0.08392371982336044,0.1015990674495697,1.612894892692566,1.6160916090011597,False
train,0.261512815952301,0.0,0.014881905168294907,0.039571378380060196,0.08224692195653915,0.07050874829292297,1.6981223821640015,1.6995855569839478,False
train,0.26192957162857056,0.0,0.015640804544091225,0.03963308408856392,0.08050429075956345,0.024232126772403717,1.7135190963745117,1.7136904001235962,False
test,0.2623463273048401,0.0,0.016392907127738,0.03967243432998657,0.0787036269903183,-0.03241879492998123,1.6704305410385132,1.6707451343536377,False
train,0.2627630829811096,0.0,0.017122169956564903,0.03968633711338043,0.07685283571481705,-0.09288791567087173,1.6163641214370728,1.6190309524536133,False
train,0.26317980885505676,0.0,0.01784142665565014,0.03967469558119774,0.07495997846126556,-0.15087004005908966,1.6416964530944824,1.6486142873764038,False
train,0.2635965645313263,0.0,0.01860949583351612,0.03963916748762131,0.07303269952535629,-0.2031727433204651,1.875840425491333,1.8868111371994019,False
train,0.2640133500099182,0.0,0.019546018913388252,0.039581798017024994,0.07107887417078018,-0.25334632396698,2.4815680980682373,2.494466781616211,False
test,0.26443010568618774,0.0,0.020846882835030556,0.03950090333819389,0.06910640746355057,-0.31544139981269836,3.6651437282562256,3.6786928176879883,False
train,0.2648468315601349,0.0,0.022806651890277863,0.039386481046676636,0.06712274998426437,-0.4151242673397064,5.694868087768555,5.709978103637695,False
train,0.2652635872364044,0.0,0.02581428550183773,0.039217665791511536,0.06513489037752151,-0.5717270970344543,8.617829322814941,8.636773109436035,False
train,0.26568034291267395,0.0,0.02974228374660015,0.038987915962934494,0.06314974278211594,-0.6405338048934937,8.419699668884277,8.444028854370117,False
train,0.2660970985889435,0.0,0.02961006388068199,0.03885496035218239,0.06117388606071472,-0.1416376233100891,-12.019925117492676,12.020760536193848,False
test,0.266513854265213,0.0,0.06761224567890167,0.03780261054635048,0.05921340733766556,-9.340360641479492,677.3790893554688,677.4434814453125,True
train,0.26693060994148254,0.9411166310310364,0.9324784874916077,0.048378340899944305,0.05727402865886688,13.038347244262695,506.71990966796875,506.88763427734375,True
train,0.2673473358154297,1.0,0.9910293221473694,0.05010436475276947,0.05536114424467087,-5.2245683670043945,-234.0047607421875,234.06307983398438,True
train,0.2677641212940216,0.0,0.12703289091587067,0.03717293217778206,0.053479112684726715,5.532122611999512,-1930.05322265625,1930.0611572265625,True
train,0.26818087697029114,0.0,0.009930770844221115,0.03956638649106026,0.051632702350616455,0.8930376768112183,-5.305466175079346,5.380101203918457,False
test,0.26859763264656067,0.0,0.009888218715786934,0.03972738981246948,0.04982570931315422,0.0507669523358345,1.4476814270019531,1.4485713243484497,False
train,0.2690143883228302,0.0,0.0105202691629529,0.039756231009960175,0.048061445355415344,-0.021573834121227264,1.202743649482727,1.202937126159668,False
train,0.26943111419677734,0.0,0.010946037247776985,0.03977173566818237,0.046343035995960236,-0.03296640142798424,0.6109749674797058,0.6118637323379517,False
train,0.2698478698730469,0.0,0.01112784817814827,0.039783280342817307,0.04467269778251648,-0.03870689123868942,0.0476069301366806,0.061356689780950546,False
train,0.2702646255493164,0.0,0.011089999228715897,0.03979199752211571,0.04305269569158554,-0.04419862851500511,-0.43999868631362915,0.4422129988670349,False
test,0.27068138122558594,0.0,0.010866396129131317,0.039797522127628326,0.04148470610380173,-0.05065736919641495,-0.843978762626648,0.8454976677894592,False
train,0.27109816670417786,0.0,0.01049130130559206,0.03979939594864845,0.03996987268328667,-0.058703236281871796,-1.1687201261520386,1.1701935529708862,False
train,0.271514892578125,0.0,0.009995998814702034,0.03979691118001938,0.03850948065519333,-0.06872200965881348,-1.4231456518173218,1.4248039722442627,False
train,0.27193164825439453,0.0,0.00940771121531725,0.03978925570845604,0.037103842943906784,-0.08089353144168854,-1.617163062095642,1.619184970855713,False
train,0.27234840393066406,0.0,0.008749732747673988,0.03977544233202934,0.035753313452005386,-0.09536497294902802,-1.7593401670455933,1.761922836303711,False
test,0.2727651596069336,0.0,0.008042310364544392,0.03975450247526169,0.034457918256521225,-0.11269521713256836,-1.855980634689331,1.8593989610671997,False
train,0.2731819152832031,0.0,0.007303631864488125,0.0397249236702919,0.03321745619177818,-0.13460224866867065,-1.910398006439209,1.9151339530944824,False
train,0.27359867095947266,0.0,0.006551120895892382,0.039684098213911057,0.032031431794166565,-0.16469551622867584,-1.9227194786071777,1.9297603368759155,False
train,0.2740153968334198,0.0,0.005802829749882221,0.03962767869234085,0.03089934214949608,-0.20859180390834808,-1.890242099761963,1.9017164707183838,False
train,0.2744321823120117,0.0,0.005078137386590242,0.03954848647117615,0.029820069670677185,-0.27248576283454895,-1.8089854717254639,1.8293925523757935,False
test,0.27484893798828125,0.0,0.004398037679493427,0.039437435567379,0.028792891651391983,-0.35924267768859863,-1.6764593124389648,1.7145177125930786,False
train,0.2752656936645508,0.0,0.0037836586125195026,0.039285846054553986,0.02781667187809944,-0.46229323744773865,-1.4942419528961182,1.564120888710022,False
train,0.2756824195384979,0.0,0.003254980081692338,0.03909142687916756,0.026890253648161888,-0.557316780090332,-1.2649236917495728,1.3822568655014038,False
train,0.27609917521476746,0.0,0.002833271399140358,0.03886791691184044,0.0260122362524271,-0.5845080614089966,-0.9743796586990356,1.136250615119934,False
train,0.276515930891037,0.0,0.002556139137595892,0.038669049739837646,0.025181394070386887,-0.4048120975494385,-0.5505972504615784,0.68339604139328,False
test,0.2769326865673065,0.0,0.0025088342372328043,0.0386197455227375,0.024396300315856934,0.1364009529352188,0.1501825749874115,0.20287933945655823,False
train,0.27734944224357605,0.0,0.0027793156914412975,0.03879261016845703,0.02365558221936226,0.4481014907360077,0.7848387360572815,0.9037514925003052,False
train,0.2777661979198456,0.0,0.003006188664585352,0.038898251950740814,0.02295778878033161,0.2583167850971222,0.011985436081886292,0.25859469175338745,False
train,0.2781829535961151,0.0,0.0034224598202854395,0.03960169106721878,0.02230151928961277,2.154170036315918,1.7596511840820312,2.7815141677856445,False
train,0.27859970927238464,0.0,0.0038746073842048645,0.03976608067750931,0.02168535813689232,-1.5026966333389282,0.04245644807815552,1.5032962560653687,False
test,0.2790164649486542,0.0,0.004014552570879459,0.03896986320614815,0.021107900887727737,-1.38030207157135,0.6932770013809204,1.544625163078308,False
train,0.2794332206249237,0.0,0.004287282470613718,0.038710955530405045,0.020567769184708595,-0.3094886243343353,0.13058015704154968,0.33590829372406006,False
train,0.27984997630119324,0.0,0.004258063621819019,0.03860573098063469,0.02006363868713379,-0.30396559834480286,-0.36348259449005127,0.47382980585098267,False
train,0.2802667021751404,0.0,0.0041472879238426685,0.03848643600940704,0.019594233483076096,-0.33925870060920715,-0.35475170612335205,0.490861713886261,False
train,0.2806834578514099,0.0,0.004070631228387356,0.038357626646757126,0.019158245995640755,-0.34985458850860596,-0.23175525665283203,0.41965311765670776,False
test,0.28110021352767944,0.0,0.004049109295010567,0.03822812810540199,0.01875447668135166,-0.342633455991745,-0.09556795656681061,0.35571184754371643,False
train,0.28151699900627136,0.0,0.004083393607288599,0.0381041020154953,0.0183817557990551,-0.3234737515449524,0.03570981323719025,0.32543885707855225,False
train,0.2819337546825409,0.0,0.004170515574514866,0.0379895456135273,0.0180390365421772,-0.2971148192882538,0.15835362672805786,0.33667951822280884,False
train,0.28235048055648804,0.0,0.004305828828364611,0.03788653388619423,0.017725246027112007,-0.26819154620170593,0.2659529447555542,0.3777005076408386,False
train,0.28276723623275757,0.0,0.004479754716157913,0.037795066833496094,0.017439359799027443,-0.2417622059583664,0.33951330184936523,0.41679519414901733,False
test,0.2831839919090271,0.0,0.004670013673603535,0.03771302476525307,0.01718045584857464,-0.22354957461357117,0.3350640535354614,0.40279313921928406,False
train,0.28360074758529663,0.0,0.004829211626201868,0.03763565421104431,0.016947640106081963,-0.21994757652282715,0.1764531433582306,0.28197985887527466,False
train,0.28401750326156616,0.0,0.004877057857811451,0.03755529969930649,0.016740096732974052,-0.23857565224170685,-0.20256152749061584,0.3129688799381256,False
train,0.2844342589378357,0.0,0.00473229493945837,0.037461135536432266,0.01655706577003002,-0.2861732840538025,-0.7090514302253723,0.7646235227584839,False
train,0.2848510146141052,0.0,0.004405763931572437,0.03734346851706505,0.016397802159190178,-0.3429827094078064,-1.0119681358337402,1.0685114860534668,False
test,0.28526777029037476,0.0,0.004040051717311144,0.03721217066049576,0.016261646524071693,-0.33829444646835327,-0.8964482545852661,0.9581558108329773,False
train,0.2856845259666443,0.0,0.003783440450206399,0.037103138864040375,0.01614796184003353,-0.23744460940361023,-0.5333714485168457,0.5838364958763123,False
train,0.2861012816429138,0.0,0.0036975936964154243,0.03706180304288864,0.016056213527917862,0.023936152458190918,-0.07167833298444748,0.07556932419538498,False
train,0.28651800751686096,0.0,0.003814925905317068,0.03720453381538391,0.015985853970050812,0.5749467611312866,0.28153902292251587,0.6401780843734741,False
train,0.2869347631931305,0.0,0.003733391175046563,0.03739048168063164,0.015936391428112984,0.017342206090688705,-1.10405695438385,1.1041932106018066,False
test,0.2873515188694,0.0,0.0032179956324398518,0.0372769720852375,0.01590740866959095,-0.42238572239875793,-1.205195426940918,1.2770692110061646,False
train,0.28776827454566956,0.0,0.00291850371286273,0.03716699406504631,0.01589849404990673,-0.159072145819664,-0.49963822960853577,0.5243493914604187,False
train,0.2881850302219391,0.0,0.0028370351064950228,0.037151679396629333,0.01590927504003048,-0.010047957301139832,-0.162855327129364,0.16316500306129456,False
train,0.2886017858982086,0.0,0.0028445222415030003,0.037168681621551514,0.015939421951770782,0.011855341494083405,-0.041434891521930695,0.04309755563735962,False
train,0.28901854157447815,0.0,0.0028820675797760487,0.03718214109539986,0.015988638624548912,-0.01869678497314453,-0.005237594246864319,0.01941654458642006,False
test,0.2894352972507477,0.0,0.002927265828475356,0.03717896714806557,0.016056638211011887,-0.06355929374694824,0.001415640115737915,0.06357505917549133,False
train,0.2898520529270172,0.0,0.0029742352198809385,0.037158045917749405,0.016143174842000008,-0.10083886235952377,0.00722840428352356,0.10109760612249374,False
train,0.29026880860328674,0.0,0.0030269899871200323,0.037125907838344574,0.016247998923063278,-0.11567112803459167,0.03243955969810486,0.12013381719589233,False
train,0.2906855642795563,0.0,0.003097222186625004,0.03709389269351959,0.016370903700590134,-0.0994698777794838,0.09388178586959839,0.1367773562669754,False
train,0.2911022901535034,0.0,0.0032025990076363087,0.037075068801641464,0.01651167683303356,-0.05454231798648834,0.2021256983280182,0.20935533940792084,False
test,0.29151904582977295,0.0,0.0033618768211454153,0.03707779943943024,0.01667012833058834,-0.0017089024186134338,0.3483720123767853,0.34837621450424194,False
train,0.29193583130836487,0.0,0.00358157348819077,0.037097375839948654,0.016846079379320145,0.01802065223455429,0.47740471363067627,0.4777446985244751,False
train,0.2923525869846344,0.0,0.0038309458177536726,0.03711066395044327,0.017039306461811066,-0.037261463701725006,0.46576380729675293,0.46725189685821533,False
train,0.29276934266090393,0.0,0.004022370092570782,0.037083327770233154,0.017249656841158867,-0.17368805408477783,0.18902277946472168,0.2567044198513031,False
train,0.2931860685348511,0.0,0.004054203163832426,0.036991313099861145,0.017476875334978104,-0.33069947361946106,-0.25087618827819824,0.41509154438972473,False
test,0.2936028242111206,0.0,0.003938593436032534,0.03685329854488373,0.017720816656947136,-0.36858442425727844,-0.44428515434265137,0.5772727131843567,False
train,0.29401957988739014,0.0,0.0038392653223127127,0.03673925623297691,0.01798122189939022,-0.23265346884727478,-0.18803437054157257,0.29913970828056335,False
train,0.29443633556365967,0.0,0.0038925206754356623,0.0366809144616127,0.01825784519314766,-0.14386272430419922,0.22479169070720673,0.26688534021377563,False
train,0.2948530912399292,0.0,0.004100491758435965,0.03663206472992897,0.018550438806414604,-0.16687312722206116,0.5327178239822388,0.5582427382469177,False
train,0.29526984691619873,0.0,0.004397629760205746,0.03657600283622742,0.01885870285332203,-0.16592974960803986,0.6371633410453796,0.6584146022796631,False
test,0.29568660259246826,0.0,0.00468160305172205,0.036525364965200424,0.019182316958904266,-0.15228739380836487,0.4704042375087738,0.4944406747817993,False
train,0.2961033582687378,0.0,0.004856010898947716,0.03647574409842491,0.019520912319421768,-0.16219723224639893,0.14554330706596375,0.2179238349199295,False
train,0.2965201139450073,0.0,0.004895806312561035,0.03641919419169426,0.019874101504683495,-0.18258792161941528,-0.15228959918022156,0.23776137828826904,False
train,0.29693686962127686,0.0,0.004830530378967524,0.03635479137301445,0.020241452381014824,-0.19935563206672668,-0.35810643434524536,0.4098571538925171,False
train,0.297353595495224,0.0,0.004694636445492506,0.03628498688340187,0.02062244527041912,-0.2089223563671112,-0.49800562858581543,0.5400538444519043,False
test,0.29777035117149353,0.0,0.004507504869252443,0.03621264174580574,0.021016621962189674,-0.2129385620355606,-0.6077827215194702,0.6440051794052124,False
train,0.29818710684776306,0.0,0.004278639331459999,0.036139536648988724,0.021423373371362686,-0.2143106758594513,-0.6969997882843018,0.7292035222053528,False
train,0.2986038625240326,0.0,0.004019993357360363,0.03606624901294708,0.02184206061065197,-0.21325035393238068,-0.7452651858329773,0.7751747965812683,False
train,0.2990206480026245,0.0,0.0037557147443294525,0.035995349287986755,0.02227204479277134,-0.20164455473423004,-0.7184755802154541,0.7462356686592102,False
train,0.29943737387657166,0.0,0.0035224684979766607,0.03593502193689346,0.02271248586475849,-0.15889295935630798,-0.5947331190109253,0.6155927777290344,False
test,0.2998541295528412,0.0,0.003361257491633296,0.0359044224023819,0.023162687197327614,-0.05397573485970497,-0.373637855052948,0.37751641869544983,False
train,0.3002708852291107,0.0,0.003311548847705126,0.03593612089753151,0.023621778935194016,0.14182095229625702,-0.060802169144153595,0.15430517494678497,False
train,0.30068764090538025,0.0,0.003406492294743657,0.03606538102030754,0.02408883348107338,0.39629143476486206,0.30328768491744995,0.49902936816215515,False
train,0.3011043965816498,0.0,0.003626189660280943,0.03628221154212952,0.02456291951239109,0.5171651244163513,0.466069757938385,0.6961901783943176,False
train,0.3015211522579193,0.0,0.003791429568082094,0.036484602838754654,0.02504304237663746,0.31859543919563293,-0.0034766197204589844,0.3186143934726715,False
test,0.30193787813186646,0.0,0.003666760865598917,0.036558281630277634,0.025528088212013245,-0.051093362271785736,-0.771253764629364,0.7729442715644836,False
train,0.3023546636104584,0.0,0.0033217137679457664,0.036497630178928375,0.026017066091299057,-0.2829190492630005,-0.9828555583953857,1.0227649211883545,False
train,0.3027714192867279,0.0,0.00300229387357831,0.036394309252500534,0.026508724316954613,-0.2662712633609772,-0.7293784618377686,0.7764620184898376,False
train,0.30318817496299744,0.0,0.002806240925565362,0.03632594645023346,0.027001939713954926,-0.14641116559505463,-0.43883177638053894,0.46261167526245117,False
train,0.3036049008369446,0.0,0.002710261382162571,0.03630534186959267,0.027495447546243668,-0.04832567274570465,-0.2537764608860016,0.25833672285079956,False
test,0.3040216565132141,0.0,0.0026707141660153866,0.036316823214292526,0.02798810414969921,0.008918177336454391,-0.16214871406555176,0.16239377856254578,False
train,0.30443841218948364,0.0,0.002656053751707077,0.03634677454829216,0.02847858890891075,0.04147122800350189,-0.1292968988418579,0.13578493893146515,False
train,0.3048551678657532,0.0,0.002647565444931388,0.03638748079538345,0.02896563708782196,0.06071174889802933,-0.1293765902519226,0.1429133266210556,False
train,0.3052719235420227,0.0,0.0026351630222052336,0.03643409162759781,0.029448023065924644,0.06851834058761597,-0.14616821706295013,0.16143082082271576,False
train,0.30568867921829224,0.0,0.0026141759008169174,0.0364813357591629,0.029924437403678894,0.06237315014004707,-0.16962949931621552,0.18073344230651855,False
test,0.30610543489456177,0.0,0.002583418507128954,0.03652309626340866,0.030393635854125023,0.04188406467437744,-0.19198313355445862,0.19649885594844818,False
train,0.3065221905708313,0.0,0.0025454177521169186,0.036555055528879166,0.030854376032948494,0.017300259321928024,-0.20204171538352966,0.2027810513973236,False
train,0.30693894624710083,0.0,0.00250933226197958,0.036581095308065414,0.031305454671382904,0.019915472716093063,-0.1784990131855011,0.1796065717935562,False
train,0.30735570192337036,0.0,0.002494830871000886,0.03662189468741417,0.03174569085240364,0.09186340868473053,-0.09555351734161377,0.1325494647026062,False
train,0.3077724575996399,0.0,0.0025271608028560877,0.036706019192934036,0.032173965126276016,0.21410833299160004,0.039108358323574066,0.21765074133872986,False
test,0.30818918347358704,0.0,0.0026148271281272173,0.03683103248476982,0.03258916363120079,0.263441801071167,0.15425676107406616,0.305281400680542,False
train,0.30860593914985657,0.0,0.0027333213947713375,0.036945536732673645,0.03299032524228096,0.1644170880317688,0.18135496973991394,0.2447909414768219,False
train,0.3090226948261261,0.0,0.002847196999937296,0.03700016066431999,0.03337647393345833,-0.003807786852121353,0.14309437572956085,0.14314502477645874,False
train,0.309439480304718,0.0,0.0029451213777065277,0.03699192404747009,0.03374679014086723,-0.12111328542232513,0.11680291593074799,0.16825976967811584,False
train,0.30985623598098755,0.0,0.0030428527388721704,0.03695736825466156,0.03410040959715843,-0.127807155251503,0.14369919896125793,0.1923125833272934,False
test,0.3102729618549347,0.0,0.0031599472276866436,0.03694070503115654,0.034436628222465515,-0.046207137405872345,0.20234417915344238,0.20755304396152496,False
train,0.3106897175312042,0.0,0.003298463299870491,0.03696281835436821,0.03475487604737282,0.04229053109884262,0.2365538775920868,0.24030445516109467,False
train,0.31110647320747375,0.0,0.0034370117355138063,0.03700932860374451,0.03505462780594826,0.06139972805976868,0.19670730829238892,0.20606720447540283,False
train,0.3115232288837433,0.0,0.003540918231010437,0.03704480454325676,0.03533544763922691,-0.009214453399181366,0.07287544012069702,0.07345567643642426,False
train,0.3119399845600128,0.0,0.003581747179850936,0.03703754022717476,0.03559703007340431,-0.13565245270729065,-0.09631367027759552,0.1663668006658554,False
test,0.31235674023628235,0.0,0.00355360540561378,0.036976028233766556,0.03583914786577225,-0.2605733871459961,-0.24764084815979004,0.35947805643081665,False
train,0.3127734959125519,0.0,0.0034746211022138596,0.036871589720249176,0.03606168553233147,-0.33642062544822693,-0.33560657501220703,0.47519534826278687,False
train,0.3131902515888214,0.0,0.003373377723619342,0.03674919530749321,0.03626467287540436,-0.3469431400299072,-0.3563832640647888,0.4973716735839844,False
train,0.31360700726509094,0.0,0.003273212118074298,0.0366341769695282,0.036448169499635696,-0.30516400933265686,-0.33502358198165894,0.45317310094833374,False
train,0.3140237629413605,0.0,0.0031858228612691164,0.036543603986501694,0.036612384021282196,-0.23326794803142548,-0.29791900515556335,0.37837767601013184,False
test,0.3144404888153076,0.0,0.0031148686539381742,0.036486588418483734,0.03675757721066475,-0.1452624648809433,-0.2558305263519287,0.2941945791244507,False
train,0.31485724449157715,0.0,0.0030645858496427536,0.03647073730826378,0.03688419982790947,-0.030032170936465263,-0.1921759992837906,0.19450847804546356,False
train,0.3152740001678467,0.0,0.0030572551768273115,0.0365227572619915,0.036992695182561874,0.20675185322761536,-0.029839403927326202,0.2088940292596817,False
train,0.3156907558441162,0.0,0.003159142564982176,0.03672423213720322,0.037083614617586136,0.6799538731575012,0.3349777162075043,0.7579889893531799,False
train,0.31610754132270813,0.0,0.0034149610437452793,0.03710068017244339,0.037157636135816574,0.8977096676826477,0.5943742990493774,1.0766445398330688,False
test,0.3165242671966553,0.0,0.0036441285628825426,0.037408363074064255,0.0372154675424099,0.3922587037086487,0.18834823369979858,0.4351344108581543,False
train,0.3169410228729248,0.0,0.003651269478723407,0.037475183606147766,0.037257883697748184,-0.12498604506254196,-0.31701579689979553,0.3407646417617798,False
train,0.31735777854919434,0.0,0.003528958186507225,0.037400808185338974,0.037285760045051575,-0.29285895824432373,-0.43492135405540466,0.5243309140205383,False
train,0.31777453422546387,0.0,0.0034053006675094366,0.03730108216404915,0.03730000555515289,-0.28156033158302307,-0.3663003742694855,0.46200886368751526,False
train,0.3181912899017334,0.0,0.003316044807434082,0.03721483424305916,0.03730155900120735,-0.24352875351905823,-0.28395605087280273,0.37408193945884705,False
test,0.31860804557800293,0.0,0.0032559812534600496,0.037141114473342896,0.037291452288627625,-0.22261902689933777,-0.22640568017959595,0.3175197243690491,False
train,0.3190247714519501,0.0,0.0032157597597688437,0.037072744220495224,0.03727072849869728,-0.2158799022436142,-0.18591727316379547,0.2849023938179016,False
train,0.3194415271282196,0.0,0.00319143058732152,0.037006378173828125,0.03724043071269989,-0.21076489984989166,-0.14736708998680115,0.25717484951019287,False
train,0.3198583126068115,0.0,0.0031851299572736025,0.03694365918636322,0.03720171004533768,-0.19664037227630615,-0.09679517149925232,0.219172865152359,False
train,0.32027506828308105,0.0,0.0032044751569628716,0.03688991814851761,0.03715566173195839,-0.16745613515377045,-0.02211949974298477,0.16891071200370789,False
test,0.3206918239593506,0.0,0.003261586418375373,0.036851562559604645,0.03710339963436127,-0.12301525473594666,0.08595694601535797,0.1500711590051651,False
train,0.32110854983329773,0.0,0.0033711527939885855,0.036833763122558594,0.03704610466957092,-0.07052971422672272,0.2288227081298828,0.239445760846138,False
train,0.32152530550956726,0.0,0.003544759703800082,0.03683704510331154,0.03698490187525749,-0.0239807590842247,0.3879997730255127,0.3887401521205902,False
train,0.3219420611858368,0.0,0.0037796988617628813,0.036856211721897125,0.03692091256380081,0.003870263695716858,0.5118554830551147,0.5118701457977295,False
train,0.3223588168621063,0.0,0.004046162124723196,0.03688288852572441,0.03685533255338669,0.014209218323230743,0.5284345149993896,0.52862548828125,False
test,0.32277557253837585,0.0,0.004290455486625433,0.03691255673766136,0.03678924962878227,0.020808987319469452,0.4081938862800598,0.40872395038604736,False
train,0.3231923282146454,0.0,0.004465204663574696,0.036945831030607224,0.036723777651786804,0.03121747076511383,0.20987531542778015,0.21218430995941162,False
train,0.3236090838909149,0.0,0.004555135034024715,0.0369836762547493,0.036660052835941315,0.043415188789367676,0.008382685482501984,0.0442170575261116,False
train,0.32402583956718445,0.0,0.00456698052585125,0.037031274288892746,0.036599159240722656,0.09321867674589157,-0.1447647511959076,0.17218175530433655,False
train,0.324442595243454,0.0,0.004585691262036562,0.03713265061378479,0.03654211387038231,0.31851035356521606,0.14798641204833984,0.35121050477027893,False
test,0.3248593509197235,0.0,0.004860729910433292,0.037315305322408676,0.03649001568555832,0.33552300930023193,0.9401320219039917,0.9982103705406189,False
train,0.32527607679367065,0.0,0.005374526605010033,0.037376951426267624,0.036443863064050674,-0.1504160612821579,1.1973326206207275,1.2067437171936035,False
train,0.3256928324699402,0.0,0.00588572071865201,0.03729240968823433,0.036404650658369064,-0.28079718351364136,0.9844450950622559,1.0237085819244385,False
train,0.3261095881462097,0.0,0.006251045502722263,0.03722623363137245,0.03637336194515228,-0.1319473385810852,0.5361366271972656,0.5521345734596252,False
train,0.32652637362480164,0.0,0.006430706940591335,0.03722435235977173,0.036350954324007034,0.006265565752983093,0.14079812169075012,0.1409374624490738,False
test,0.32694312930107117,0.0,0.006486216560006142,0.03726942092180252,0.03633832186460495,0.09681963920593262,-0.05794883891940117,0.11283665895462036,False
train,0.3273598551750183,0.0,0.006492419168353081,0.0373464860022068,0.03633640706539154,0.16290032863616943,-0.10983625799417496,0.19647014141082764,False
train,0.32777661085128784,0.0,0.006494270637631416,0.03744826838374138,0.03634607419371605,0.21652013063430786,-0.08991558849811554,0.23444782197475433,False
train,0.3281933665275574,0.0,0.006510622799396515,0.0375700369477272,0.03636816889047623,0.2579237222671509,-0.04702179133892059,0.26217493414878845,False
train,0.3286101222038269,0.0,0.006544389296323061,0.03770577535033226,0.03640352189540863,0.2821618318557739,-0.011231981217861176,0.28238531947135925,False
test,0.32902687788009644,0.0,0.006587723270058632,0.03784694895148277,0.03645295649766922,0.2831900119781494,-0.005484960973262787,0.2832431197166443,False
train,0.32944363355636597,0.0,0.006623568944633007,0.037982892245054245,0.03651724383234978,0.25614267587661743,-0.05172311142086983,0.2613127529621124,False
train,0.3298603594303131,0.0,0.006625583861023188,0.038101233541965485,0.036597199738025665,0.19844239950180054,-0.17208728194236755,0.2626659870147705,False
train,0.33027714490890503,0.0,0.0065588937141001225,0.03818925470113754,0.03669352829456329,0.10985192656517029,-0.38405174016952515,0.39945361018180847,False
train,0.33069390058517456,0.0,0.006384626496583223,0.03823408484458923,0.03680700808763504,-0.00831913948059082,-0.6858588457107544,0.6859092712402344,False
test,0.3311106562614441,0.0,0.006072749383747578,0.03822394087910652,0.03693835809826851,-0.15366163849830627,-1.0322774648666382,1.0436515808105469,False
train,0.3315274119377136,0.0,0.00562445679679513,0.03814876452088356,0.037088267505168915,-0.31856828927993774,-1.3193345069885254,1.3572505712509155,False
train,0.33194413781166077,0.0,0.0050912476144731045,0.03800469636917114,0.03725745528936386,-0.47814783453941345,-1.4220072031021118,1.5002433061599731,False
train,0.3323608934879303,0.0,0.004564669448882341,0.037803590297698975,0.03744659572839737,-0.5827649235725403,-1.289180874824524,1.4147799015045166,False
train,0.33277764916419983,0.0,0.004131711088120937,0.03757940232753754,0.037656400352716446,-0.5837520360946655,-0.9913913607597351,1.150488257408142,False
test,0.33319440484046936,0.0,0.003835417330265045,0.037377893924713135,0.03788749501109123,-0.4793173372745514,-0.6518250703811646,0.8090865015983582,False
train,0.3336111605167389,0.0,0.0036725036334246397,0.037233274430036545,0.03814054653048515,-0.32249459624290466,-0.36117321252822876,0.484199196100235,False
train,0.3340279161930084,0.0,0.003612973727285862,0.037151776254177094,0.038416244089603424,-0.18952664732933044,-0.15611155331134796,0.24554260075092316,False
train,0.33444467186927795,0.0,0.00363303255289793,0.03711898624897003,0.038715191185474396,-0.0534374825656414,0.0688854455947876,0.08718238770961761,False
train,0.3348614275455475,0.0,0.0038519282825291157,0.03724471852183342,0.0390380434691906,0.7129208445549011,0.9232631325721741,1.1664780378341675,False
test,0.335278183221817,0.0,0.00435754144564271,0.037689048796892166,0.03938544914126396,0.85495525598526,0.5323495268821716,1.0071467161178589,False
train,0.33569493889808655,0.0,0.0040352861396968365,0.037776507437229156,0.03975801169872284,-0.4092028737068176,-1.7694981098175049,1.8161967992782593,False
train,0.3361116647720337,0.0,0.0034615136682987213,0.03761900216341019,0.040156297385692596,-0.29465246200561523,-1.01960027217865,1.0613222122192383,False
train,0.3365284204483032,0.0,0.003249148139730096,0.03760267049074173,0.04058103263378143,0.06322993338108063,-0.3110349178314209,0.3173968195915222,False
train,0.33694520592689514,0.0,0.003236633725464344,0.03768857195973396,0.04103275388479233,0.2048966884613037,-0.014982335269451141,0.20544372498989105,False
test,0.3373619616031647,0.0,0.0033047739416360855,0.037807658314704895,0.04151208698749542,0.2385379523038864,0.10258223861455917,0.2596603035926819,False
train,0.3377787172794342,0.0,0.0034046557266265154,0.03793073445558548,0.0420195609331131,0.2287609875202179,0.14654724299907684,0.271675705909729,False
train,0.33819544315338135,0.0,0.003514585318043828,0.03804495930671692,0.042555730789899826,0.19639360904693604,0.1534033715724945,0.2492048144340515,False
train,0.3386121988296509,0.0,0.0036217409651726484,0.038142282515764236,0.043121229857206345,0.14712926745414734,0.1332709938287735,0.198514923453331,False
train,0.3390289545059204,0.0,0.00371514237485826,0.03821619227528572,0.04371657967567444,0.08302190899848938,0.08676046133041382,0.12008336931467056,False
test,0.33944571018218994,0.0,0.0037836709525436163,0.03826110437512398,0.04434224218130112,0.0075006671249866486,0.014174021780490875,0.016036299988627434,False
train,0.3398624658584595,0.0,0.003817490302026272,0.038273509591817856,0.044998783618211746,-0.07243078202009201,-0.07833822816610336,0.10669159144163132,False
train,0.340279221534729,0.0,0.0038109116721898317,0.03825385496020317,0.04568663239479065,-0.14619600772857666,-0.1766194999217987,0.22927650809288025,False
train,0.34069597721099854,0.0,0.003765431698411703,0.03820711374282837,0.04640623554587364,-0.20136487483978271,-0.2617782950401306,0.3302660882472992,False
train,0.34111273288726807,0.0,0.003690100507810712,0.038143619894981384,0.04715804010629654,-0.2263978272676468,-0.31733015179634094,0.38981327414512634,False
test,0.3415294885635376,0.0,0.003599261399358511,0.038077738136053085,0.047942329198122025,-0.21368806064128876,-0.3356668949127197,0.3979131281375885,False
train,0.34194624423980713,0.0,0.0035081133246421814,0.038025639951229095,0.04875951632857323,-0.1619252860546112,-0.3197249174118042,0.35839059948921204,False
train,0.34236299991607666,0.0,0.003428979543969035,0.03800273314118385,0.049609847366809845,-0.07690831273794174,-0.28006964921951294,0.2904374301433563,False
train,0.3427797257900238,0.0,0.003368805628269911,0.038020458072423935,0.05049346387386322,0.028473980724811554,-0.23184368014335632,0.2335856556892395,False
train,0.34319648146629333,0.0,0.003326831618323922,0.0380830280482769,0.05141068249940872,0.13118129968643188,-0.1979808509349823,0.2374972552061081,False
test,0.34361323714256287,0.0,0.0032885216642171144,0.03818068280816078,0.052361540496349335,0.18374821543693542,-0.2264358103275299,0.2916103005409241,False
train,0.3440300226211548,0.0,0.0032092337496578693,0.03827378898859024,0.05334615707397461,0.08345133066177368,-0.41583162546157837,0.42412269115448,False
train,0.34444674849510193,0.0,0.0030014521908015013,0.03826633095741272,0.05436423793435097,-0.32116085290908813,-0.8361450433731079,0.8957024216651917,False
train,0.34486350417137146,0.0,0.0026201584842056036,0.03803817927837372,0.05541587993502617,-0.8871123790740967,-1.1370604038238525,1.4421770572662354,False
train,0.345280259847641,0.0,0.002243881579488516,0.037697479128837585,0.05650077387690544,-0.7092001438140869,-0.7952181100845337,1.0655217170715332,False
test,0.3456970155239105,0.0,0.0020681596361100674,0.037584688514471054,0.0576186329126358,-0.030881069600582123,-0.31431135535240173,0.3158247470855713,False
train,0.34611377120018005,0.0,0.0020243877079337835,0.03764376416802406,0.05876898765563965,0.07222504913806915,-0.1658160537481308,0.18086299300193787,False
train,0.3465305268764496,0.0,0.0020040448289364576,0.037682320922613144,0.0599512942135334,-0.024872660636901855,-0.1556759476661682,0.1576504111289978,False
train,0.34694725275039673,0.0,0.0019932996947318316,0.03771499916911125,0.06116480380296707,0.05900809168815613,-0.11000364273786545,0.12483091652393341,False
train,0.34736403822898865,0.0,0.0020088765304535627,0.03781288117170334,0.062408965080976486,0.2535754442214966,-0.039199963212013245,0.25658750534057617,False
test,0.3477807939052582,0.0,0.002049435395747423,0.03798222914338112,0.06368262320756912,0.3757133483886719,0.0021116212010383606,0.375719279050827,False
train,0.3481975495815277,0.0,0.0020973598584532738,0.038174692541360855,0.06498472392559052,0.36457359790802,-0.003996551036834717,0.364595502614975,False
train,0.34861430525779724,0.0,0.0021361939143389463,0.03834369033575058,0.06631417572498322,0.272322416305542,-0.03756289929151535,0.2749008238315582,False
train,0.3490310311317444,0.0,0.0021606169175356627,0.03847029432654381,0.06766936182975769,0.16789600253105164,-0.06999761611223221,0.18190307915210724,False
train,0.3494477868080139,0.0,0.0021750647574663162,0.03855879232287407,0.06904896348714828,0.09055761992931366,-0.08452972769737244,0.12387879937887192,False
test,0.34986454248428345,0.0,0.002187887905165553,0.0386233851313591,0.07045123726129532,0.05000697821378708,-0.0787278562784195,0.09326720982789993,False
train,0.350281298160553,0.0,0.0022065271623432636,0.038678329437971115,0.07187424600124359,0.03962022066116333,-0.05813443660736084,0.07035179436206818,False
train,0.3506980538368225,0.0,0.002235706662759185,0.03873392194509506,0.07331588864326477,0.04872157424688339,-0.02931494265794754,0.05686086043715477,False
train,0.35111480951309204,0.0,0.002278006635606289,0.038796644657850266,0.07477405667304993,0.06977662444114685,0.0042358264327049255,0.06990507990121841,False
train,0.3515315651893616,0.0,0.002335358178243041,0.03887055441737175,0.07624620199203491,0.09969298541545868,0.042941272258758545,0.1085478886961937,False
test,0.3519483208656311,0.0,0.0024104961194097996,0.03895929455757141,0.07772981375455856,0.13712893426418304,0.08973266929388046,0.1638789176940918,False
train,0.35236507654190063,0.0,0.002507526194676757,0.03906533122062683,0.07922214269638062,0.1790422648191452,0.14814497530460358,0.23238560557365417,False
train,0.35278183221817017,0.0,0.002632021438330412,0.03918934240937233,0.08072014898061752,0.21892355382442474,0.22152087092399597,0.3114466667175293,False
train,0.3531985878944397,0.0,0.0027910980861634016,0.039328683167696,0.08222077786922455,0.24781429767608643,0.3145914077758789,0.40047430992126465,False
train,0.35361531376838684,0.0,0.0029949911404401064,0.039477042853832245,0.0837206095457077,0.2585468888282776,0.43902963399887085,0.509503185749054,False
test,0.35403206944465637,0.0,0.003262160811573267,0.039626821875572205,0.08521636575460434,0.253134548664093,0.6250321865081787,0.674345850944519,False
train,0.3544488549232483,0.0,0.0036303014494478703,0.03977436572313309,0.08670448511838913,0.24863383173942566,0.937170684337616,0.969591498374939,False
train,0.3548656105995178,0.0,0.004172335844486952,0.03992467373609543,0.08818093687295914,0.2647840082645416,1.4785126447677612,1.50203537940979,False
train,0.35528233647346497,0.0,0.005005691200494766,0.04008461534976959,0.08964189887046814,0.28429120779037476,2.3452630043029785,2.362431049346924,False
train,0.3556990921497345,0.0,0.006265890318900347,0.04024389013648033,0.09108351916074753,0.24976739287376404,3.501436948776245,3.510333776473999,False
test,0.35611584782600403,0.0,0.008022439666092396,0.04037534072995186,0.09250161051750183,0.15495562553405762,4.661925315856934,4.664499759674072,False
train,0.35653260350227356,0.0,0.010192565619945526,0.04046802967786789,0.09389188885688782,0.07596321403980255,5.43258810043335,5.433119297027588,False
train,0.3569493591785431,0.0,0.012570739723742008,0.04054311290383339,0.09525011479854584,0.07174035161733627,5.672330856323242,5.672784805297852,False
train,0.3573661148548126,0.0,0.014969544485211372,0.040632713586091995,0.0965719148516655,0.13860613107681274,5.583857536315918,5.585577487945557,False
train,0.35778287053108215,0.004538539797067642,0.0173121839761734,0.04076060280203819,0.097852922976017,0.2479572743177414,5.440197467803955,5.445845603942871,False
test,0.3581996262073517,0.039081871509552,0.019606132060289383,0.04093903675675392,0.09908869862556458,0.375531405210495,5.356889247894287,5.3700361251831055,False
train,0.3586163818836212,0.038745682686567307,0.021870668977499008,0.0411720834672451,0.10027487576007843,0.5045856833457947,5.276434421539307,5.300506114959717,False
train,0.35903313755989075,0.03866163641214371,0.024074673652648926,0.04145733639597893,0.10140717029571533,0.6215254664421082,5.03861665725708,5.076805114746094,False
train,0.3594498932361603,0.038913775235414505,0.026113420724868774,0.04178702458739281,0.10248124599456787,0.7130936980247498,4.45353889465332,4.51026725769043,False
train,0.3598666191101074,0.038745682686567307,0.027806321159005165,0.0421476736664772,0.10349277406930923,0.7657724022865295,3.3573873043060303,3.4436111450195312,False
test,0.36028337478637695,0.038745682686567307,0.028921596705913544,0.04252032935619354,0.10443785041570663,0.7666294574737549,1.678107738494873,1.844929814338684,False
train,0.3607001304626465,0.038745682686567307,0.029227467253804207,0.04288119077682495,0.10531245917081833,0.7048744559288025,-0.49784761667251587,0.862960159778595,False
train,0.361116886138916,0.038829728960990906,0.02856891229748726,0.04320241138339043,0.10611270368099213,0.5738441348075867,-2.887362241744995,2.943833827972412,False
train,0.36153367161750793,0.039081871509552,0.02694491110742092,0.04345473647117615,0.10683511942625046,0.3738730251789093,-5.0551886558532715,5.068995475769043,False
train,0.3619503974914551,0.038745682686567307,0.02454417571425438,0.0436115562915802,0.10747610777616501,0.1172194629907608,-6.555539131164551,6.556587219238281,False
test,0.3623671531677246,0.026584075763821602,0.021708117797970772,0.04365479201078415,0.10803262144327164,-0.16581182181835175,-7.127893924713135,7.129822254180908,False
train,0.36278390884399414,0.019372841343283653,0.01882471702992916,0.04358310252428055,0.10850172489881516,-0.4259934425354004,-6.820472240447998,6.8337626457214355,False
train,0.36320066452026367,0.019414864480495453,0.016201432794332504,0.04341727867722511,0.10888081789016724,-0.6104354858398438,-5.94676399230957,5.978012561798096,False
train,0.3636174201965332,0.019372841343283653,0.013991153798997402,0.04319628328084946,0.10916759073734283,-0.6902241110801697,-4.902592658996582,4.950942039489746,False
train,0.36403417587280273,0.019372841343283653,0.012197460979223251,0.042962733656167984,0.10936004668474197,-0.6753454208374023,-3.9840633869171143,4.040897369384766,False
test,0.3644509017467499,0.019540935754776,0.010736849159002304,0.04274929314851761,0.10945648699998856,-0.5999961495399475,-3.310044050216675,3.3639838695526123,False
train,0.3648676872253418,0.019372841343283653,0.009509551338851452,0.04257402941584587,0.10945567488670349,-0.4959816038608551,-2.8506736755371094,2.8934993743896484,False
train,0.36528444290161133,0.019414864480495453,0.008445462211966515,0.04244496300816536,0.10935666412115097,-0.37972790002822876,-2.5111992359161377,2.5397469997406006,False
train,0.36570119857788086,0.019372841343283653,0.007512768264859915,0.04236596077680588,0.10915888845920563,-0.25569814443588257,-2.211196184158325,2.225931167602539,False
train,0.366117924451828,0.013212193734943867,0.006703745108097792,0.0423399992287159,0.10886227339506149,-0.1246136948466301,-1.9160568714141846,1.9201048612594604,False
test,0.36653468012809753,0.0,0.00601734546944499,0.04236970469355583,0.10846684873104095,0.011608734726905823,-1.6248414516448975,1.6248829364776611,False
train,0.36695143580436707,0.0,0.00545004615560174,0.04245630279183388,0.10797342658042908,0.1487177461385727,-1.3470125198364258,1.3551973104476929,False
train,0.3673681914806366,0.0,0.004994798917323351,0.042599186301231384,0.10738299787044525,0.28122392296791077,-1.0889112949371338,1.124639868736267,False
train,0.36778494715690613,0.0,0.004643321502953768,0.04279514402151108,0.10669685155153275,0.4041697680950165,-0.850066065788269,0.9412574172019958,False
train,0.36820170283317566,0.0,0.004388762637972832,0.04303960129618645,0.10591684281826019,0.5149427652359009,-0.6236599683761597,0.8087754845619202,False
test,0.3686184585094452,0.0,0.004228412173688412,0.043327439576387405,0.10504519939422607,0.6143469214439392,-0.3972637951374054,0.7316014170646667,False
train,0.3690352141857147,0.0,0.0041659316048026085,0.04365457594394684,0.10408426076173782,0.7058315873146057,-0.15234075486660004,0.7220844626426697,False
train,0.36945196986198425,0.0,0.004214064683765173,0.04401823878288269,0.10303701460361481,0.7911732792854309,0.1361861228942871,0.8028087019920349,False
train,0.3698687255382538,0.0,0.004397140350192785,0.04441468045115471,0.1019066870212555,0.8621729612350464,0.49826544523239136,0.9957965016365051,False
train,0.3702854812145233,0.0,0.004751516506075859,0.04483314976096153,0.10069654881954193,0.8930153250694275,0.9585795402526855,1.3100957870483398,False
test,0.37070220708847046,0.0,0.005318191833794117,0.04524916782975197,0.09941073507070541,0.846889853477478,1.5091896057128906,1.730570912361145,False
train,0.37111896276474,0.0,0.0061206757090985775,0.045625608414411545,0.09805286675691605,0.706148087978363,2.0653727054595947,2.182752847671509,False
train,0.3715357184410095,0.0,0.007125369273126125,0.045927494764328,0.09662740677595139,0.5003331303596497,2.440765857696533,2.4915199279785156,False
train,0.37195250391960144,0.0,0.008211025036871433,0.046139758080244064,0.09513870626688004,0.28841790556907654,2.4273219108581543,2.44439697265625,False
train,0.37236925959587097,0.0,0.009201220236718655,0.046269528567790985,0.09359152615070343,0.11068787425756454,2.007863759994507,2.0109124183654785,False
test,0.3727859854698181,0.0,0.00997978076338768,0.04633291810750961,0.09199070930480957,-0.028144262731075287,1.4800498485565186,1.4803173542022705,False
train,0.37320274114608765,0.0,0.010582423768937588,0.046344514936208725,0.09034102410078049,-0.1358463019132614,1.2082972526550293,1.215909719467163,False
train,0.3736194968223572,0.0,0.011147193610668182,0.04631622135639191,0.08864741772413254,-0.2164631187915802,1.289157748222351,1.3072046041488647,False
train,0.3740362524986267,0.0,0.011797447688877583,0.04625890403985977,0.08691497892141342,-0.27166420221328735,1.5915383100509644,1.6145575046539307,False
train,0.37445300817489624,0.0,0.012594672851264477,0.04618365690112114,0.08514875918626785,-0.29806196689605713,1.9804621934890747,2.0027658939361572,False
test,0.37486976385116577,0.0,0.01356298103928566,0.046104397624731064,0.08335378766059875,-0.2842693030834198,2.4153811931610107,2.432051658630371,False
train,0.3752865195274353,0.0,0.014728326350450516,0.046041347086429596,0.08153510838747025,-0.2143000066280365,2.9403295516967773,2.9481287002563477,False
train,0.37570327520370483,0.0,0.016147665679454803,0.04602092131972313,0.07969766110181808,-0.07405299693346024,3.656803607940674,3.657553195953369,False
train,0.37612003087997437,0.0,0.01792825758457184,0.04607358202338219,0.07784630358219147,0.13841161131858826,4.6986870765686035,4.700725078582764,False
train,0.3765367865562439,0.0,0.020231300964951515,0.046225108206272125,0.07598575204610825,0.3963833451271057,6.176477909088135,6.189184188842773,False
test,0.37695351243019104,0.0,0.023235775530338287,0.04648146405816078,0.07412087172269821,0.6292607188224792,8.031611442565918,8.05622386932373,False
train,0.37737026810646057,0.0,0.027019042521715164,0.046811286360025406,0.07225573807954788,0.7359350323677063,9.787335395812988,9.81496524810791,False
train,0.3777870237827301,0.0,0.03134207800030708,0.047145016491413116,0.07039475440979004,0.646695613861084,10.42477798461914,10.444817543029785,False
train,0.37820377945899963,0.0,0.03551255166530609,0.047402579337358475,0.06854209303855896,0.38722944259643555,8.967643737792969,8.97599983215332,False
train,0.37862056493759155,0.0,0.038680218160152435,0.04753342643380165,0.06670145690441132,0.06074710190296173,5.88743782043457,5.88775110244751,False
test,0.3790372908115387,0.0,0.04066821187734604,0.04753062129020691,0.06487686932086945,-0.24054093658924103,3.9100122451782227,3.9174041748046875,False
train,0.3794540464878082,0.0,0.042674291878938675,0.04740997776389122,0.06307143718004227,-0.5076063275337219,6.399055004119873,6.419156551361084,False
train,0.37987080216407776,0.0,0.046727877110242844,0.047176461666822433,0.06128846853971481,-0.7774147391319275,13.11423397064209,13.137256622314453,False
train,0.3802875578403473,0.0,0.053218450397253036,0.04685108736157417,0.05953093618154526,-0.8969718217849731,16.38479995727539,16.409334182739258,False
train,0.3807043135166168,0.0,0.059214625507593155,0.046545013785362244,0.05780152603983879,-0.6862115859985352,11.293745040893555,11.314573287963867,False
test,0.38112106919288635,0.0,0.06286875158548355,0.04635736346244812,0.056102752685546875,-0.38117706775665283,6.987959384918213,6.998347759246826,False
train,0.3815377950668335,0.0,0.06598739326000214,0.046274349093437195,0.05443689972162247,-0.19086286425590515,8.591353416442871,8.593473434448242,False
train,0.381954550743103,0.0,0.07049306482076645,0.04624873399734497,0.052805863320827484,-0.08837047964334488,12.970758438110352,12.971059799194336,False
train,0.38237133622169495,0.0,0.07680672407150269,0.04626215249300003,0.05121134594082832,0.012081287801265717,16.892946243286133,16.89295196533203,False
train,0.3827880918979645,0.0,0.0843946784734726,0.04632415249943733,0.0496550090610981,0.1487564742565155,19.002662658691406,19.003244400024414,False
test,0.383204847574234,0.0,0.09246117621660233,0.04644837602972984,0.04813813045620918,0.3091346025466919,19.270954132080078,19.273433685302734,False
train,0.38362157344818115,0.0,0.1003660336136818,0.04663849622011185,0.0466618649661541,0.4628315567970276,18.379674911499023,18.385499954223633,False
train,0.3840383291244507,0.0,0.1078091487288475,0.04688635468482971,0.04522695764899254,0.5857774615287781,17.200611114501953,17.210582733154297,False
train,0.3844550848007202,0.0,0.11483107507228851,0.04717615246772766,0.0438341349363327,0.6661220192909241,16.4667911529541,16.48025894165039,False
train,0.38487184047698975,0.0,0.1217285767197609,0.04748948663473129,0.04248397424817085,0.7012874484062195,16.6730899810791,16.68783187866211,False
test,0.3852885961532593,0.0,0.12895911931991577,0.04780800640583038,0.04117675870656967,0.6943162679672241,18.112228393554688,18.125532150268555,False
train,0.3857053518295288,0.0,0.13707362115383148,0.04811548441648483,0.039912715554237366,0.6518506407737732,20.933652877807617,20.94379997253418,False
train,0.38612210750579834,0.0,0.14665666222572327,0.04839897155761719,0.03869185969233513,0.5823326706886292,25.161277770996094,25.16801643371582,False
train,0.38653886318206787,0.0,0.1582702398300171,0.04864851385354996,0.037514034658670425,0.4924944341182709,30.632816314697266,30.636775970458984,False
train,0.3869556188583374,0.0,0.17234215140342712,0.04885584115982056,0.03637903556227684,0.3797874450683594,36.85911560058594,36.8610725402832,False
test,0.38737237453460693,0.0,0.18900275230407715,0.04900755733251572,0.0352865569293499,0.2221388816833496,42.851600646972656,42.852176666259766,False
train,0.3877891004085541,0.0,0.20784048736095428,0.04907602816820145,0.03423618897795677,-0.027464276179671288,47.04243850708008,47.04244613647461,False
train,0.3882058560848236,0.0,0.22772426903247833,0.04901093244552612,0.03322724997997284,-0.42413780093193054,47.595638275146484,47.59752655029297,False
train,0.38862261176109314,0.0,0.2468414306640625,0.048745788633823395,0.03225919231772423,-0.9799588918685913,43.315189361572266,43.32627487182617,False
train,0.38903939723968506,0.0,0.26328524947166443,0.04823022708296776,0.03133128583431244,-1.595102071762085,35.255165100097656,35.291229248046875,False
test,0.3894561529159546,0.0,0.2764047086238861,0.04748529940843582,0.030442938208580017,-2.028735876083374,28.709922790527344,28.781511306762695,False
train,0.38987287878990173,0.0,0.28888338804244995,0.046650804579257965,0.029593277722597122,-1.9738653898239136,34.440452575683594,34.496971130371094,False
train,0.39028963446617126,0.0,0.30872729420661926,0.045981265604496,0.028781410306692123,-1.2166262865066528,66.04045867919922,66.05166625976562,False
train,0.3907063901424408,0.37264353036880493,0.3475794792175293,0.04576389491558075,0.028006501495838165,0.12036491185426712,121.55795288085938,121.55801391601562,True
train,0.3911231458187103,0.4667467772960663,0.40169021487236023,0.04601519554853439,0.027267685160040855,0.5832069516181946,110.27918243408203,110.28072357177734,True
test,0.39153990149497986,0.466687947511673,0.40174904465675354,0.04580388963222504,0.026564018800854683,-1.963232398033142,-148.50196838378906,148.5149383544922,True
train,0.3919566571712494,0.2673746347427368,0.29976794123649597,0.04501569643616676,0.025894610211253166,-0.8624162673950195,-254.439453125,254.44090270996094,True
train,0.39237338304519653,0.23371799290180206,0.2348249852657318,0.045206956565380096,0.02525855414569378,1.2039599418640137,-59.5639533996582,59.57611846923828,False
train,0.39279016852378845,0.2354535609483719,0.23082907497882843,0.04578590765595436,0.024654796347022057,1.3392525911331177,16.623870849609375,16.677730560302734,False
train,0.3932068943977356,0.2330792248249054,0.23560798168182373,0.04630293697118759,0.024082615971565247,1.0243005752563477,-1.483910322189331,1.8031033277511597,False
test,0.3936236798763275,0.22826333343982697,0.22781644761562347,0.046674687415361404,0.023540906608104706,0.6814466714859009,-34.24149703979492,34.24827575683594,False
train,0.39404040575027466,0.2117985188961029,0.20962971448898315,0.0469185970723629,0.02302892692387104,0.4091028869152069,-49.72135925292969,49.723045349121094,False
train,0.3944571614265442,0.16709810495376587,0.1886979043483734,0.04705750569701195,0.022545667365193367,0.1745622158050537,-48.78813552856445,48.788448333740234,False
train,0.3948739469051361,0.0,0.17001093924045563,0.04710662364959717,0.02209029160439968,-0.01573343388736248,-40.387943267822266,40.38794708251953,False
train,0.39529067277908325,0.0,0.1551751047372818,0.04708945006132126,0.021662026643753052,-0.1424340158700943,-31.101428985595703,31.101755142211914,False
test,0.39570745825767517,0.0,0.14382857084274292,0.047030653804540634,0.02125995047390461,-0.2196035087108612,-23.905733108520508,23.906742095947266,False
train,0.3961241841316223,0.0,0.1349254995584488,0.046944472938776016,0.02088337205350399,-0.2775038182735443,-19.351593017578125,19.35358238220215,False
train,0.39654093980789185,0.0,0.1274566650390625,0.04683370888233185,0.020531442016363144,-0.3396218717098236,-16.904600143432617,16.90801239013672,False
train,0.396957665681839,0.0,0.12070687115192413,0.04669395834207535,0.020203450694680214,-0.41724303364753723,-15.790292739868164,15.795804023742676,False
train,0.3973744511604309,0.0,0.11425545811653137,0.04651794210076332,0.019898658618330956,-0.5123091340065002,-15.391313552856445,15.399837493896484,False
test,0.3977912366390228,0.0,0.1078885942697525,0.0462990403175354,0.019616372883319855,-0.6211209297180176,-15.355081558227539,15.36763858795166,False
train,0.39820796251296997,0.0,0.10148714482784271,0.04603292793035507,0.019356021657586098,-0.737592875957489,-15.561115264892578,15.57858657836914,False
train,0.3986247181892395,0.0,0.09494742006063461,0.045717645436525345,0.019116880372166634,-0.855869710445404,-16.032020568847656,16.05484962463379,False
train,0.39904144406318665,0.0,0.0881451889872551,0.04535304382443428,0.018898405134677887,-0.9723808169364929,-16.843875885009766,16.871919631958008,False
train,0.39945822954177856,0.0,0.08092310279607773,0.04494025558233261,0.018699990585446358,-1.0874789953231812,-18.045671463012695,18.07840919494629,False
test,0.3998749554157257,0.0,0.07313571125268936,0.04447881877422333,0.01852111518383026,-1.2056574821472168,-19.531003952026367,19.56818199157715,False
train,0.4002917408943176,0.0,0.0647442415356636,0.04396623745560646,0.018361277878284454,-1.333419919013977,-20.816165924072266,20.858829498291016,False
train,0.40070846676826477,0.0,0.05604028329253197,0.04339790344238281,0.018219981342554092,-1.4720479249954224,-20.807889938354492,20.859895706176758,False
train,0.4011252224445343,0.0,0.04787468537688255,0.04277200251817703,0.018096763640642166,-1.6017889976501465,-17.999794006347656,18.070924758911133,False
train,0.4015420079231262,0.0,0.04161025211215019,0.04210248216986656,0.01799117401242256,-1.6719247102737427,-11.779548645019531,11.897608757019043,False
test,0.40195873379707336,0.0,0.038255270570516586,0.04142165929079056,0.01790282316505909,-1.6579006910324097,-4.898078441619873,5.171054840087891,False
train,0.4023755192756653,0.0,0.036822348833084106,0.04076080024242401,0.017831310629844666,-1.570881962776184,-3.4927561283111572,3.829754114151001,False
train,0.4027922451496124,0.0,0.03457914665341377,0.04016086459159851,0.017776263877749443,-1.358311653137207,-7.7958478927612305,7.913296222686768,False
train,0.40320900082588196,0.0,0.030744973570108414,0.03967314213514328,0.01773734949529171,-1.0449199676513672,-9.98613452911377,10.040654182434082,False
train,0.4036257266998291,0.0,0.026952333748340607,0.039322998374700546,0.01771421730518341,-0.7101929783821106,-7.95928955078125,7.990911483764648,False
test,0.404042512178421,0.0,0.02429421804845333,0.0391034372150898,0.017706559970974922,-0.4291533827781677,-5.182717800140381,5.200455188751221,False
train,0.40445923805236816,0.0,0.022411895915865898,0.03898266330361366,0.017714090645313263,-0.23432688415050507,-4.512005805969238,4.5180864334106445,False
train,0.4048760235309601,0.0,0.0203067846596241,0.03893072158098221,0.017736509442329407,-0.09313710778951645,-5.992544174194336,5.993268013000488,False
train,0.4052927792072296,0.0,0.0175382811576128,0.03892795369029045,0.017773550003767014,-0.0021614283323287964,-7.266491413116455,7.266491889953613,False
train,0.40570950508117676,0.0,0.014594052918255329,0.038949619978666306,0.01782495714724064,0.02537616342306137,-6.791131496429443,6.791179180145264,False
test,0.4061262905597687,0.0,0.01212787814438343,0.03897497057914734,0.01789047382771969,0.023836098611354828,-5.169770240783691,5.169825077056885,False
train,0.4065430164337158,0.0,0.010386084206402302,0.039001066237688065,0.01796983927488327,0.0324578657746315,-3.4502267837524414,3.4503796100616455,False
train,0.40695977210998535,0.0,0.009292690083384514,0.03903382271528244,0.018062826246023178,0.05318954959511757,-2.087878942489624,2.0885562896728516,False
train,0.4073764979839325,0.0,0.008683948777616024,0.03907480835914612,0.018169192597270012,0.06944829970598221,-1.1148574352264404,1.117018461227417,False
train,0.4077932834625244,0.0,0.008413661271333694,0.03911978378891945,0.01828872226178646,0.0712345764040947,-0.4511989951133728,0.4567875862121582,False
test,0.40821006894111633,0.0,0.008365990594029427,0.039162758737802505,0.018421150743961334,0.06068480387330055,-0.04223194718360901,0.07393363863229752,False
train,0.4086267948150635,0.0,0.008436323143541813,0.039200395345687866,0.018566224724054337,0.04715113341808319,0.10964427143335342,0.11935281753540039,False
train,0.409043550491333,0.0,0.008508829399943352,0.03923351690173149,0.01872372440993786,0.039683833718299866,-0.04042714089155197,0.056649450212717056,False
train,0.40946027636528015,0.0,0.008450307883322239,0.03926508128643036,0.01889338716864586,0.037925031036138535,-0.5159420967102051,0.5173341035842896,False
train,0.40987706184387207,0.0,0.00814130250364542,0.039294321089982986,0.019074993208050728,0.02345333993434906,-1.2077783346176147,1.2080060243606567,False
test,0.4102937877178192,0.0,0.007548083551228046,0.03930935636162758,0.019268209114670753,-0.03552713617682457,-1.8225666284561157,1.8229129314422607,False
train,0.41071057319641113,0.0,0.00676977913826704,0.03928770124912262,0.019472818821668625,-0.15157727897167206,-2.063180923461914,2.0687413215637207,False
train,0.4111272990703583,0.0,0.005980302579700947,0.039211299270391464,0.019688474014401436,-0.28894317150115967,-1.8990976810455322,1.9209529161453247,False
train,0.4115440547466278,0.0,0.005308610387146473,0.03908280283212662,0.019914908334612846,-0.39566943049430847,-1.5389094352722168,1.5889607667922974,False
train,0.4119608402252197,0.0,0.004790972452610731,0.038919925689697266,0.020151805132627487,-0.45470893383026123,-1.1830766201019287,1.2674503326416016,False
test,0.41237756609916687,0.0,0.004404692444950342,0.03874005749821663,0.020398767665028572,-0.48188716173171997,-0.9131731390953064,1.032521367073059,False
train,0.4127943515777588,0.0,0.004111511632800102,0.038551654666662216,0.02065550908446312,-0.49856144189834595,-0.733130156993866,0.886590838432312,False
train,0.41321107745170593,0.0,0.003877416718751192,0.03835572674870491,0.020921584218740463,-0.5213650465011597,-0.6262677311897278,0.8148820400238037,False
train,0.41362783312797546,0.0,0.0036746507976204157,0.038146305829286575,0.021196650341153145,-0.5662474632263184,-0.5803152322769165,0.810803234577179,False
train,0.4140445590019226,0.0,0.003479334991425276,0.037910595536231995,0.0214802585542202,-0.6510578393936157,-0.588115930557251,0.8773577809333801,False
test,0.4144613444805145,0.0,0.003271828405559063,0.03762933239340782,0.021772010251879692,-0.7838125228881836,-0.6325345039367676,1.0072050094604492,False
train,0.41487807035446167,0.0,0.003045138204470277,0.03728754073381424,0.02207138016819954,-0.9322152733802795,-0.6690303087234497,1.1474435329437256,False
train,0.4152948558330536,0.0,0.002814540406689048,0.0368950329720974,0.02237796038389206,-1.0104423761367798,-0.6418428421020508,1.1970614194869995,False
train,0.4157116115093231,0.0,0.0026108454912900925,0.03649768978357315,0.022691190242767334,-0.9537196755409241,-0.5431901812553406,1.0975594520568848,False
train,0.41612833738327026,0.0,0.002453405410051346,0.03614457696676254,0.023010538890957832,-0.8172282576560974,-0.42947813868522644,0.9232082366943359,False
test,0.4165451228618622,0.0,0.0023360922932624817,0.0358455516397953,0.023335518315434456,-0.7071928977966309,-0.3535321354866028,0.7906369566917419,False
train,0.4169618487358093,0.0,0.0022411057725548744,0.03558105602860451,0.023665495216846466,-0.6479771137237549,-0.3175225555896759,0.7215919494628906,False
train,0.41737863421440125,0.0,0.0021569356322288513,0.03533818572759628,0.023999957367777824,-0.5954780578613281,-0.29585325717926025,0.6649234890937805,False
train,0.4177953600883484,0.0,0.0020820803474634886,0.03512255474925041,0.024338239803910255,-0.5151967406272888,-0.26981595158576965,0.581574022769928,False
train,0.4182121157646179,0.0,0.002019457286223769,0.034946344792842865,0.024679768830537796,-0.4097450375556946,-0.23662826418876648,0.47316375374794006,False
test,0.41862890124320984,0.0,0.0019709982443600893,0.03481543809175491,0.0250239335000515,-0.3026160001754761,-0.20221203565597534,0.3639589846134186,False
train,0.419045627117157,0.0,0.0019358409335836768,0.034725748002529144,0.02537001669406891,-0.21515588462352753,-0.17297667264938354,0.27606698870658875,False
train,0.4194624125957489,0.0,0.0019111440051347017,0.034666966646909714,0.025717459619045258,-0.154746413230896,-0.15178313851356506,0.21675926446914673,False
train,0.41987913846969604,0.0,0.0018936727428808808,0.0346287377178669,0.026065530255436897,-0.11580057442188263,-0.137607604265213,0.17984889447689056,False
train,0.4202958941459656,0.0,0.0018811792833730578,0.03460429981350899,0.026413626968860626,-0.08695024996995926,-0.12709586322307587,0.15399254858493805,False
test,0.4207126200199127,0.0,0.0018729247385635972,0.034591782838106155,0.02676105871796608,-0.058242131024599075,-0.11655598878860474,0.13029752671718597,False
train,0.42112940549850464,0.0,0.001869553467258811,0.03459225967526436,0.02710721641778946,-0.024867739528417587,-0.10336454957723618,0.10631385445594788,False
train,0.4215461313724518,0.0,0.0018724510446190834,0.03460768610239029,0.027451397851109505,0.01247909665107727,-0.08645864576101303,0.08735459297895432,False
train,0.4219629168510437,0.0,0.0018831545021384954,0.03463897109031677,0.027793038636446,0.049250513315200806,-0.06618519127368927,0.08249904215335846,False
train,0.42237967252731323,0.0,0.0019028452225029469,0.03468453139066696,0.028131436556577682,0.07937513291835785,-0.04376165568828583,0.09063936769962311,False
test,0.4227963984012604,0.0,0.0019321382278576493,0.03474045544862747,0.0284659955650568,0.09765768051147461,-0.020652882754802704,0.099817655980587,False
train,0.4232131838798523,0.0,0.001971059013158083,0.03480120375752449,0.02879619598388672,0.10177087783813477,0.002028532326221466,0.10179109126329422,False
train,0.42362990975379944,0.0,0.0020193494856357574,0.03486109897494316,0.02912134863436222,0.09338649362325668,0.02399607002735138,0.09642016887664795,False
train,0.42404666543006897,0.0,0.002076816512271762,0.03491596132516861,0.02944103628396988,0.07802365720272064,0.0460633784532547,0.0906064361333847,False
train,0.4244634211063385,0.0,0.0021438412368297577,0.0349644310772419,0.029754702001810074,0.0634845420718193,0.06995873898267746,0.09446963667869568,False
test,0.42488017678260803,0.0,0.002221594797447324,0.03500847890973091,0.030061816796660423,0.05741722136735916,0.09757435321807861,0.11321435868740082,False
train,0.4252969026565552,0.0,0.00231183017604053,0.035052862018346786,0.03036198951303959,0.06486203521490097,0.12977099418640137,0.1450778841972351,False
train,0.4257136881351471,0.0,0.0024163350462913513,0.03510354086756706,0.03065485693514347,0.08659013360738754,0.16542848944664001,0.18672020733356476,False
train,0.4261304438114166,0.0,0.002535915933549404,0.03516571968793869,0.030939949676394463,0.11872361600399017,0.20117643475532532,0.23359635472297668,False
train,0.42654716968536377,0.0,0.0026695954147726297,0.035242363810539246,0.031216993927955627,0.15384972095489502,0.2320631444454193,0.2784295976161957,False
test,0.4269639551639557,0.0,0.0028142856899648905,0.035332903265953064,0.03148573264479637,0.18305237591266632,0.25258129835128784,0.31193825602531433,False
train,0.42738068103790283,0.0,0.002964533632621169,0.035432975739240646,0.03174588084220886,0.19794893264770508,0.2577921748161316,0.32502397894859314,False
train,0.42779746651649475,0.0,0.003113257000222802,0.035535261034965515,0.031997304409742355,0.19212283194065094,0.24425958096981049,0.3107634484767914,False
train,0.4282141923904419,0.0,0.003252232214435935,0.035630177706480026,0.03223977982997894,0.16165481507778168,0.21067482233047485,0.26554879546165466,False
train,0.4286309480667114,0.0,0.0033732412848621607,0.03570706769824028,0.03247326612472534,0.10508906841278076,0.15802106261253357,0.1897745281457901,False
test,0.42904773354530334,0.0,0.0034689048770815134,0.03575526922941208,0.03269776329398155,0.02330590784549713,0.0893007442355156,0.09229186177253723,False
train,0.4294644594192505,0.0,0.003533333307132125,0.0357646569609642,0.03291316702961922,-0.08028346300125122,0.00909385085105896,0.08079686015844345,False
train,0.4298812448978424,0.0,0.0035629088524729013,0.03572741523385048,0.03311960771679878,-0.19957932829856873,-0.07701903581619263,0.213924840092659,False
train,0.43029797077178955,0.0,0.003556356765329838,0.03563884645700455,0.03331707417964935,-0.3255842626094818,-0.1626894772052765,0.3639683723449707,False
train,0.4307147264480591,0.0,0.0035152193158864975,0.03549833595752716,0.03350582718849182,-0.44704726338386536,-0.24119991064071655,0.5079652070999146,False
test,0.4311314523220062,0.0,0.003443825989961624,0.03531033545732498,0.03368595615029335,-0.5515387654304504,-0.3058994710445404,0.6306896805763245,False
train,0.43154823780059814,0.0,0.003349130041897297,0.03508444502949715,0.033857736736536026,-0.6272466778755188,-0.3511141240596771,0.7188320755958557,False
train,0.4319649636745453,0.0,0.003240057732909918,0.034834735095500946,0.03402143344283104,-0.6648617386817932,-0.37324827909469604,0.7624666690826416,False
train,0.4323817491531372,0.0,0.0031264126300811768,0.03457820788025856,0.03417729586362839,-0.6595554351806641,-0.37186118960380554,0.7571619153022766,False
train,0.43279850482940674,0.0,0.0030174916610121727,0.0343327522277832,0.03432568162679672,-0.6123492121696472,-0.3498799502849579,0.7052570581436157,False
test,0.4332152307033539,0.0,0.002920845989137888,0.03411470726132393,0.03446699678897858,-0.5304260849952698,-0.3127407729625702,0.6157585978507996,False
train,0.4336320161819458,0.0,0.0028415413107722998,0.03393596038222313,0.0346016064286232,-0.42570674419403076,-0.2665577530860901,0.5022740960121155,False
train,0.43404874205589294,0.0,0.002782306866720319,0.03380320966243744,0.034729912877082825,-0.3119957447052002,-0.21623271703720093,0.379602313041687,False
train,0.43446552753448486,0.0,0.0027442346327006817,0.03371753916144371,0.03485243394970894,-0.20193040370941162,-0.16468152403831482,0.26056841015815735,False
train,0.434882253408432,0.0,0.0027275187894701958,0.03367523103952408,0.034969594329595566,-0.10534285008907318,-0.11373274028301239,0.15502339601516724,False
test,0.43529900908470154,0.0,0.0027315220795571804,0.03366928920149803,0.03508192300796509,-0.028613721951842308,-0.0656324252486229,0.0715986043214798,False
train,0.4357157349586487,0.0,0.0027544095646589994,0.0336906723678112,0.035189881920814514,0.025676846504211426,-0.023741304874420166,0.03497070074081421,False
train,0.4361325204372406,0.0,0.0027928596828132868,0.033730268478393555,0.035294029861688614,0.059189051389694214,0.008445650339126587,0.05978856608271599,False
train,0.4365493059158325,0.0,0.0028423897456377745,0.03378046303987503,0.03539489209651947,0.07729439437389374,0.028972342610359192,0.08254586905241013,False
train,0.43696603178977966,0.0,0.002898129401728511,0.03383630886673927,0.03549300879240036,0.08724459260702133,0.0384845957159996,0.0953555628657341,False
test,0.4373827874660492,0.0,0.0029560851398855448,0.03389580175280571,0.035588908940553665,0.09554649889469147,0.03984317183494568,0.10352107137441635,False
train,0.43779951333999634,0.0,0.0030135975684970617,0.03395916149020195,0.035683177411556244,0.10587221384048462,0.036487117409706116,0.11198319494724274,False
train,0.43821629881858826,0.0,0.0030692247673869133,0.034027405083179474,0.035776324570178986,0.11827296018600464,0.030785776674747467,0.12221398204565048,False
train,0.4386330246925354,0.0,0.003122188150882721,0.0341007262468338,0.035868920385837555,0.12962733209133148,0.023297689855098724,0.13170431554317474,False
train,0.4390498101711273,0.0,0.0031716127414256334,0.03417781740427017,0.035961490124464035,0.13497045636177063,0.013218693435192108,0.1356162130832672,False
test,0.43946656584739685,0.0,0.003216185374185443,0.03425506502389908,0.036054566502571106,0.12916050851345062,-0.000513032078742981,0.1291615217924118,False
train,0.439883291721344,0.0,0.0032543123234063387,0.03432678431272507,0.03614867478609085,0.10851552337408066,-0.018039628863334656,0.11000476032495499,False
train,0.4403000771999359,0.0,0.003284646198153496,0.03438674286007881,0.03624434769153595,0.07213771343231201,-0.037884294986724854,0.0814804881811142,False
train,0.44071680307388306,0.0,0.0033067914191633463,0.034428779035806656,0.036342039704322815,0.02271411567926407,-0.05695066228508949,0.0613132044672966,False
train,0.441133588552475,0.0,0.0033218434546142817,0.034448496997356415,0.03644225746393204,-0.03350361809134483,-0.07146833837032318,0.07893171161413193,False
test,0.4415503144264221,0.0,0.003332398133352399,0.03444496914744377,0.03654543310403824,-0.08749163150787354,-0.0780940055847168,0.11727514117956161,False
train,0.44196707010269165,0.0,0.0033422051928937435,0.034421198070049286,0.03665205463767052,-0.1292165368795395,-0.07487310469150543,0.14934153854846954,False
train,0.4423837959766388,0.0,0.0033554097171872854,0.03438413888216019,0.03676249086856842,-0.15001532435417175,-0.06163116171956062,0.16218198835849762,False
train,0.4428005814552307,0.0,0.003375885309651494,0.03434381261467934,0.03687722608447075,-0.1454789936542511,-0.04022381454706192,0.15093737840652466,False
train,0.44321733713150024,0.0,0.0034062848426401615,0.03431035205721855,0.03699655458331108,-0.11770335584878922,-0.014706142246723175,0.11861851066350937,False
test,0.4436340928077698,0.0,0.00344710610806942,0.034291934221982956,0.03712087869644165,-0.07543639838695526,0.00902353972196579,0.07597416639328003,False
train,0.4440508484840393,0.0,0.0034963171929121017,0.034292012453079224,0.03725052252411842,-0.031362131237983704,0.024673908948898315,0.039904698729515076,False
train,0.44446757435798645,0.0,0.0035494770854711533,0.034308794885873795,0.0373857356607914,0.002164319157600403,0.027439922094345093,0.027525145560503006,False
train,0.44488435983657837,0.0,0.003600724507123232,0.03433569148182869,0.03752686828374863,0.016322501003742218,0.015122562646865845,0.022251199930906296,False
train,0.4453010857105255,0.0,0.0036437036469578743,0.03436378389596939,0.03767411783337593,0.006826814264059067,-0.012082599103450775,0.013877845369279385,False
test,0.44571784138679504,0.0,0.003672552527859807,0.03438286483287811,0.037827715277671814,-0.026504117995500565,-0.052401043474674225,0.05872254818677902,False
train,0.4461345970630646,0.0,0.003682331647723913,0.034383710473775864,0.0379878506064415,-0.08048418164253235,-0.10307300090789795,0.1307736486196518,False
train,0.4465513527393341,0.0,0.003669426776468754,0.03435884788632393,0.038154684007167816,-0.1490478515625,-0.16059556603431702,0.21910317242145538,False
train,0.446968138217926,0.0,0.0036318032070994377,0.034303873777389526,0.03832833096385002,-0.22381152212619781,-0.2207745909690857,0.31437718868255615,False
train,0.44738486409187317,0.0,0.0035692639648914337,0.034218139946460724,0.038508858531713486,-0.2949288487434387,-0.27904170751571655,0.4060139060020447,False
test,0.4478016197681427,0.0,0.0034834679681807756,0.034105390310287476,0.03869638219475746,-0.35251450538635254,-0.3311535120010376,0.4836622178554535,False
train,0.44821834564208984,0.0,0.0033777097705751657,0.03397299721837044,0.03889085724949837,-0.3882126808166504,-0.37393710017204285,0.5390158295631409,False
train,0.44863513112068176,0.0,0.003256196854636073,0.03383130580186844,0.03909233585000038,-0.3966636657714844,-0.4058176279067993,0.5674768686294556,False
train,0.4490518569946289,0.0,0.003123578382655978,0.03369223326444626,0.03930075094103813,-0.37633365392684937,-0.4266873300075531,0.568936824798584,False
train,0.4494686424732208,0.0,0.002984278369694948,0.03356730192899704,0.03951604291796684,-0.3294519782066345,-0.4373374581336975,0.54754239320755,False
test,0.44988539814949036,0.0,0.0028424125630408525,0.03346661850810051,0.039738040417432785,-0.26118719577789307,-0.4386214315891266,0.5104973316192627,False
train,0.4503021240234375,0.0,0.002701816149055958,0.0333978570997715,0.03996666520833969,-0.17825156450271606,-0.4309959411621094,0.4664023220539093,False
train,0.4507189095020294,0.0,0.002566201612353325,0.03336554020643234,0.04020170494914055,-0.08762526512145996,-0.41446641087532043,0.4236278831958771,False
train,0.45113563537597656,0.0,0.0024394067004323006,0.033371564000844955,0.04044292867183685,0.004235122352838516,-0.38881734013557434,0.3888404071331024,False
train,0.4515524208545685,0.0,0.0023252794053405523,0.033415280282497406,0.040690112859010696,0.09184164553880692,-0.3538108170032501,0.36553657054901123,False
test,0.4519691467285156,0.0,0.002227838383987546,0.03349390998482704,0.04094294086098671,0.1707945466041565,-0.30924490094184875,0.353274941444397,False
train,0.45238590240478516,0.0,0.002151134656742215,0.033603228628635406,0.04120107740163803,0.2382088005542755,-0.2549608647823334,0.34892475605010986,False
train,0.4528026282787323,0.0,0.0020992117933928967,0.03373810648918152,0.041464194655418396,0.29262223839759827,-0.1912214159965515,0.3495617210865021,False
train,0.4532194137573242,0.0,0.002075802767649293,0.03389296308159828,0.04173190891742706,0.33298441767692566,-0.11951451003551483,0.35378292202949524,False
train,0.45363619923591614,0.0,0.0020834505558013916,0.03406137973070145,0.04200373962521553,0.35639387369155884,-0.04406110569834709,0.35910719633102417,False
test,0.4540529251098633,0.0,0.0021221537608653307,0.034235142171382904,0.042279258370399475,0.35655155777931213,0.02663233131170273,0.35754480957984924,False
train,0.4544696807861328,0.0,0.0021873326040804386,0.03440290316939354,0.0425579659640789,0.3257983922958374,0.07952317595481873,0.3353632688522339,False
train,0.45488640666007996,0.0,0.0022684577852487564,0.03455075994133949,0.042839307337999344,0.2608396112918854,0.10026255249977112,0.2794456481933594,False
train,0.4553031921386719,0.0,0.0023500830866396427,0.03466552123427391,0.043122828006744385,0.1675669252872467,0.08081408590078354,0.18603654205799103,False
train,0.455719918012619,0.0,0.002416058909147978,0.034737974405288696,0.0434078574180603,0.06037184223532677,0.027003534138202667,0.06613584607839584,False
test,0.45613670349121094,0.0,0.00245576910674572,0.03476608917117119,0.04369378462433815,-0.043066442012786865,-0.041358958929777145,0.059709981083869934,False
train,0.4565534293651581,0.0,0.002468290738761425,0.03475481644272804,0.04398001730442047,-0.12673434615135193,-0.09990285336971283,0.16137588024139404,False
train,0.4569701850414276,0.0,0.00246155122295022,0.03471497446298599,0.04426588490605354,-0.17971909046173096,-0.1316014677286148,0.22275075316429138,False
train,0.45738697052001953,0.0,0.0024481285363435745,0.03466024249792099,0.04455073922872543,-0.1984090954065323,-0.13211840391159058,0.23837248980998993,False
train,0.4578036963939667,0.0,0.0024400060065090656,0.03460441902279854,0.04483382776379585,-0.1875004768371582,-0.10732145607471466,0.2160424143075943,False
test,0.4582204818725586,0.0,0.002445682417601347,0.03455743193626404,0.04511450603604317,-0.15813082456588745,-0.06738223135471344,0.17188869416713715,False
train,0.45863720774650574,0.0,0.0024693466257303953,0.0345243439078331,0.045392002910375595,-0.12375810742378235,-0.02218709886074066,0.1257311999797821,False
train,0.45905396342277527,0.0,0.0025115504395216703,0.0345047190785408,0.045665621757507324,-0.0956759974360466,0.02069169282913208,0.09788791090250015,False
train,0.4594706892967224,0.0,0.0025701839476823807,0.03449436277151108,0.04593460634350777,-0.08018700778484344,0.05621487647294998,0.09792889654636383,False
train,0.45988747477531433,0.0,0.00264157191850245,0.034487806260585785,0.04619825258851051,-0.07761915773153305,0.08165790140628815,0.11266209185123444,False
test,0.46030426025390625,0.0,0.002721331547945738,0.0344805084168911,0.046455834060907364,-0.0826096162199974,0.09678760170936584,0.12724852561950684,False
train,0.4607209861278534,0.0,0.002805674448609352,0.03447142243385315,0.046706557273864746,-0.08521348983049393,0.10456398129463196,0.13488872349262238,False
train,0.4611377418041229,0.0,0.0028927349485456944,0.03446389362215996,0.04694972559809685,-0.07359051704406738,0.11141377687454224,0.13352376222610474,False
train,0.46155446767807007,0.0,0.002983849262818694,0.034465812146663666,0.047184623777866364,-0.039869122207164764,0.12523949146270752,0.1314323991537094,False
train,0.461971253156662,0.0,0.003083017887547612,0.03448599576950073,0.047410666942596436,0.011273160576820374,0.15016096830368042,0.15058353543281555,False
test,0.46238797903060913,0.0,0.0031941954512149096,0.034527696669101715,0.04762700945138931,0.05824866145849228,0.18108433485031128,0.19022208452224731,False
train,0.46280476450920105,0.0,0.003317281138151884,0.03458307310938835,0.04783309996128082,0.07225152850151062,0.20447100698947906,0.21686096489429474,False
train,0.4632214903831482,0.0,0.0034461268223822117,0.034634340554475784,0.04802829772233963,0.037610895931720734,0.20703697204589844,0.2104254812002182,False
train,0.4636382460594177,0.0,0.003570849308744073,0.03466246649622917,0.048212017863988876,-0.03632491081953049,0.18498007953166962,0.18851293623447418,False
train,0.46405503153800964,0.0,0.003682289505377412,0.034656036645174026,0.04838366433978081,-0.12303942441940308,0.14496442675590515,0.19014042615890503,False
test,0.4644717574119568,0.0,0.0037751109339296818,0.03461568430066109,0.04854276403784752,-0.19583508372306824,0.0977921336889267,0.21889422833919525,False
train,0.4648885130882263,0.0,0.0038482656236737967,0.034550927579402924,0.048688825219869614,-0.23913821578025818,0.05180683732032776,0.2446855902671814,False
train,0.46530526876449585,0.0,0.003903086530044675,0.03447500988841057,0.04882139340043068,-0.24962633848190308,0.010647647082805634,0.24985331296920776,False
train,0.4657220244407654,0.0,0.003941694740206003,0.034400954842567444,0.04894013702869415,-0.2319285273551941,-0.025589831173419952,0.23333598673343658,False
train,0.4661387503147125,0.0,0.003965925890952349,0.034338805824518204,0.04904460906982422,-0.19373273849487305,-0.05830148980021477,0.20231519639492035,False
test,0.46655553579330444,0.0,0.003976886160671711,0.03429551050066948,0.04913463070988655,-0.14286547899246216,-0.08896565437316895,0.16830161213874817,False
train,0.4669722616672516,0.0,0.003975322935730219,0.03427484259009361,0.049209896475076675,-0.0862061083316803,-0.11863435804843903,0.14664790034294128,False
train,0.4673890173435211,0.0,0.003961449488997459,0.034278079867362976,0.04927024245262146,-0.029621988534927368,-0.14789189398288727,0.1508292853832245,False
train,0.46780580282211304,0.0,0.003935456741601229,0.03430391103029251,0.04931553825736046,0.021885506808757782,-0.17684616148471832,0.17819522321224213,False
train,0.4682225286960602,0.0,0.003897584741935134,0.03434953838586807,0.04934575781226158,0.06415829062461853,-0.2051035314798355,0.2149040251970291,False
test,0.4686393141746521,0.0,0.0038482965901494026,0.03441020846366882,0.04936083033680916,0.09412173181772232,-0.23172670602798462,0.25011229515075684,False
train,0.46905604004859924,0.0,0.003788646077737212,0.03448057174682617,0.04936087504029274,0.10992816090583801,-0.2550949454307556,0.2777726352214813,False
train,0.4694727957248688,0.0,0.0037203924730420113,0.03455442562699318,0.04934588074684143,0.11106106638908386,-0.2730151116847992,0.2947402596473694,False
train,0.4698895215988159,0.0,0.0036463409196585417,0.034625738859176636,0.049316078424453735,0.098066546022892,-0.2829732298851013,0.29948437213897705,False
train,0.47030630707740784,0.0,0.0035703598987311125,0.034688953310251236,0.04927168786525726,0.07208134233951569,-0.2824665904045105,0.29151859879493713,False
test,0.47072309255599976,0.0,0.0034972410649061203,0.034738875925540924,0.04921289533376694,0.03466462343931198,-0.2691628634929657,0.2713858485221863,False
train,0.4711398184299469,0.0,0.003432879690080881,0.034771278500556946,0.04914013296365738,-0.010980814695358276,-0.2402910590171814,0.24054183065891266,False
train,0.47155657410621643,0.0,0.003384580835700035,0.03478424623608589,0.04905370622873306,-0.056288912892341614,-0.19131386280059814,0.19942276179790497,False
train,0.4719732999801636,0.0,0.00336196506395936,0.034781377762556076,0.04895397648215294,-0.08319307118654251,-0.11618145555257797,0.14289583265781403,False
train,0.4723900854587555,0.0,0.003376144217327237,0.03477485850453377,0.048841483891010284,-0.07059519737958908,-0.016896799206733704,0.07258914411067963,False
test,0.47280681133270264,0.0,0.0034315611701458693,0.03478188440203667,0.04871669411659241,-0.023005593568086624,0.07189977169036865,0.07549062371253967,False
train,0.47322359681129456,0.0,0.0035087931901216507,0.03480768948793411,0.0485801137983799,0.009034082293510437,0.07395690679550171,0.07450663298368454,False
train,0.4736403226852417,0.0,0.0035591069608926773,0.03483409434556961,0.0484323650598526,-0.024212419986724854,-0.055759306997060776,0.0607893206179142,False
train,0.47405707836151123,0.0,0.0035393661819398403,0.03483397886157036,0.048273999243974686,-0.10997912287712097,-0.2402220070362091,0.26420071721076965,False
train,0.47447386384010315,0.0,0.0034540491178631783,0.03479643911123276,0.04810572788119316,-0.19488681852817535,-0.35466405749320984,0.404681921005249,False
test,0.4748905897140503,0.0,0.003343973308801651,0.034730397164821625,0.0479281023144722,-0.2438083291053772,-0.3617098927497864,0.43620699644088745,False
train,0.4753073751926422,0.0,0.003246474778279662,0.03465166687965393,0.04774186760187149,-0.25765344500541687,-0.30286017060279846,0.3976299464702606,False
train,0.47572410106658936,0.0,0.0031784360762685537,0.034571461379528046,0.04754769802093506,-0.2536105513572693,-0.2266908884048462,0.3401574194431305,False
train,0.4761408567428589,0.0,0.003140692599117756,0.034493960440158844,0.0473463237285614,-0.24530181288719177,-0.1594422161579132,0.29256588220596313,False
train,0.47655758261680603,0.0004202351556159556,0.0031273416243493557,0.034419745206832886,0.04713847488164902,-0.23782511055469513,-0.10986672341823578,0.26197612285614014,False
test,0.47697436809539795,0.0005252939299680293,0.0031307097524404526,0.034348368644714355,0.04692480340600014,-0.2308557629585266,-0.07847394049167633,0.2438289225101471,False
train,0.4773910939693451,0.0005589127540588379,0.003143630689010024,0.03428008407354355,0.046706102788448334,-0.22245241701602936,-0.063095822930336,0.23122750222682953,False
train,0.477807879447937,0.0005463057314045727,0.003160051302984357,0.034215666353702545,0.04648307338356972,-0.21121320128440857,-0.06092744320631027,0.21982532739639282,False
train,0.47822463512420654,0.000428639876190573,0.0031750211492180824,0.03415651619434357,0.04625646770000458,-0.19707316160202026,-0.06907350569963455,0.2088276445865631,False
train,0.4786413609981537,0.00046225867117755115,0.0031848615035414696,0.034103505313396454,0.046026986092329025,-0.18137304484844208,-0.08475257456302643,0.20019784569740295,False
test,0.4790581464767456,0.0004202351556159556,0.003186972811818123,0.03405696153640747,0.04579529911279678,-0.16642367839813232,-0.10550893098115921,0.19705069065093994,False
train,0.47947487235069275,0.00046225867117755115,0.0031796572729945183,0.034015849232673645,0.04556218162178993,-0.15477006137371063,-0.12952497601509094,0.20181795954704285,False
train,0.47989165782928467,0.000571519834920764,0.003161798231303692,0.033978499472141266,0.045328233391046524,-0.14817333221435547,-0.15581056475639343,0.2150169014930725,False
train,0.4803083837032318,0.0005589127540588379,0.003132566111162305,0.03394271433353424,0.04509418085217476,-0.1464134156703949,-0.18380053341388702,0.23498834669589996,False
train,0.48072513937950134,0.00046646103146485984,0.0030914517119526863,0.033907096832990646,0.04486064240336418,-0.14583374559879303,-0.21219787001609802,0.2574789524078369,False
test,0.48114192485809326,0.00046225867117755115,0.003039016155526042,0.03387279808521271,0.04462818801403046,-0.13765865564346313,-0.23702865839004517,0.2741030752658844,False
train,0.4815586507320404,0.0004202351556159556,0.0029782894998788834,0.03384590521454811,0.044397514313459396,-0.10752356052398682,-0.2502771019935608,0.27239665389060974,False
train,0.4819754362106323,0.0004244375159032643,0.0029162061400711536,0.03383869677782059,0.04416913166642189,-0.04026572033762932,-0.2419331818819046,0.2452610731124878,False
train,0.48239216208457947,0.000500079826451838,0.0028630979359149933,0.03386789187788963,0.04394358769059181,0.06598373502492905,-0.20769768953323364,0.2179270088672638,False
train,0.482808917760849,4.202351556159556e-05,0.0028282273560762405,0.03394540399312973,0.04372143745422363,0.1847945749759674,-0.15775510668754578,0.24297265708446503,False
test,0.48322564363479614,0.0,0.0028136789333075285,0.034066908061504364,0.04350317269563675,0.2696506977081299,-0.11512378603219986,0.2931978702545166,False
train,0.48364242911338806,0.0,0.002811653772369027,0.03421052172780037,0.043289124965667725,0.28904077410697937,-0.10080576688051224,0.30611497163772583,False
train,0.4840591549873352,0.0,0.0028087086975574493,0.034348923712968826,0.04307990148663521,0.24947187304496765,-0.1196136474609375,0.27666521072387695,False
train,0.4844759404659271,0.0,0.002792974002659321,0.03446375951170921,0.04287578910589218,0.18105393648147583,-0.1602608561515808,0.2417934536933899,False
train,0.48489269614219666,0.0,0.002758825197815895,0.034548934549093246,0.04267716407775879,0.11135439574718475,-0.20590640604496002,0.23408812284469604,False
test,0.4853094220161438,0.0,0.0027071028016507626,0.03460731729865074,0.04248443618416786,0.053829506039619446,-0.24366000294685364,0.2495352029800415,False
train,0.4857262074947357,0.0,0.002642479259520769,0.0346447192132473,0.04229779914021492,0.010348893702030182,-0.26750314235687256,0.26770326495170593,False
train,0.48614293336868286,0.0,0.00257104798220098,0.03466615080833435,0.04211758077144623,-0.02313486859202385,-0.27693989872932434,0.27790454030036926,False
train,0.4865596890449524,0.0,0.002498314483091235,0.034674666821956635,0.04194404557347298,-0.05234409123659134,-0.27442222833633423,0.2793697714805603,False
train,0.4869764447212219,0.0,0.002428540261462331,0.0346708670258522,0.0417773462831974,-0.08247032016515732,-0.2634214758872986,0.2760293781757355,False
test,0.48739320039749146,0.0,0.0023645181208848953,0.034653645008802414,0.04161762073636055,-0.11713521182537079,-0.24734508991241455,0.27367910742759705,False
train,0.4878099262714386,0.0,0.0023077474907040596,0.03462061658501625,0.04146510362625122,-0.15777114033699036,-0.22898973524570465,0.27807918190956116,False
train,0.4882267117500305,0.0,0.0022586791310459375,0.034569479525089264,0.04131981357932091,-0.20338308811187744,-0.21037614345550537,0.2926137447357178,False
train,0.48864346742630005,0.0,0.002217147732153535,0.03449876978993416,0.04118189215660095,-0.2507595419883728,-0.1927613914012909,0.31628674268722534,False
train,0.4890601933002472,0.0,0.002182530704885721,0.034408699721097946,0.04105139151215553,-0.2952175736427307,-0.17674407362937927,0.34408122301101685,False
test,0.4894769787788391,0.0,0.002154129557311535,0.034301478415727615,0.04092823341488838,-0.33160650730133057,-0.16237998008728027,0.36922910809516907,False
train,0.48989370465278625,0.0,0.0021312981843948364,0.03418156877160072,0.04081251472234726,-0.3552537262439728,-0.14928582310676575,0.3853459060192108,False
train,0.4903104901313782,0.0,0.002113632159307599,0.03405505046248436,0.0407041534781456,-0.36256247758865356,-0.13658101856708527,0.38743504881858826,False
train,0.4907272160053253,0.0,0.0021012998186051846,0.03392927721142769,0.04060306400060654,-0.35082754492759705,-0.12274637073278427,0.3716808259487152,False
train,0.49114397168159485,0.0,0.002095218049362302,0.033812765032052994,0.040509141981601715,-0.3173752427101135,-0.10532958060503006,0.33439701795578003,False
test,0.49156075716018677,0.0,0.0020976276136934757,0.03371530398726463,0.04042225703597069,-0.25833743810653687,-0.08068361133337021,0.27064383029937744,False
train,0.4919774830341339,3.361881317687221e-05,0.0021125180646777153,0.033648621290922165,0.0403423048555851,-0.16831332445144653,-0.04396837204694748,0.17396146059036255,False
train,0.49239426851272583,2.5214108973159455e-05,0.0021460980642586946,0.03362676501274109,0.04026903584599495,-0.042675964534282684,0.01012449711561203,0.04386049881577492,False
train,0.492810994386673,1.6809406588436104e-05,0.0022065439261496067,0.033664435148239136,0.04020233452320099,0.11616935580968857,0.0853818729519844,0.14417137205600739,False
train,0.4932277500629425,2.5214108973159455e-05,0.002302849432453513,0.033772651106119156,0.04014189541339874,0.29149559140205383,0.18114888668060303,0.34319761395454407,False
test,0.49364447593688965,1.6809406588436104e-05,0.0024422267451882362,0.03395189344882965,0.040087513625621796,0.45128437876701355,0.28937703371047974,0.5360938906669617,False
train,0.49406126141548157,1.6809406588436104e-05,0.002626922447234392,0.03418836370110512,0.04003889113664627,0.5603336691856384,0.3943784534931183,0.6852066516876221,False
train,0.4944779872894287,2.5214108973159455e-05,0.002851580735296011,0.034455787390470505,0.03999572992324829,0.5985460877418518,0.47680312395095825,0.76524418592453,False
train,0.49489477276802063,1.6809406588436104e-05,0.0031033421400934458,0.03472469747066498,0.03995775803923607,0.5700250864028931,0.5210312008857727,0.7722707986831665,False
train,0.49531152844429016,2.101175778079778e-05,0.0033645667135715485,0.03497140109539032,0.03992460295557976,0.496088445186615,0.520943284034729,0.7193647623062134,False
test,0.4957282543182373,1.6809406588436104e-05,0.003617268754169345,0.03518233820796013,0.03989589586853981,0.40190887451171875,0.4806039333343506,0.6265069246292114,False
train,0.4961450397968292,1.6809406588436104e-05,0.003846700070425868,0.03535338118672371,0.03987130895256996,0.3074137568473816,0.41026774048805237,0.5126624703407288,False
train,0.49656176567077637,2.5214108973159455e-05,0.004042738117277622,0.03548722714185715,0.03985045850276947,0.22503305971622467,0.321674108505249,0.3925737142562866,False
train,0.4969785511493683,1.6809406588436104e-05,0.004200087860226631,0.035590484738349915,0.03983290120959282,0.16072462499141693,0.22514526546001434,0.2766275405883789,False
train,0.49739527702331543,1.6809406588436104e-05,0.004316988401114941,0.03567100316286087,0.03981829807162285,0.11573487520217896,0.1285678744316101,0.17298629879951477,False
test,0.49781203269958496,2.5214108973159455e-05,0.0043946197256445885,0.03573635220527649,0.03980616480112076,0.0879024788737297,0.0372614786028862,0.09547389298677444,False
train,0.4982287585735321,1.6809406588436104e-05,0.004435983020812273,0.03579309210181236,0.039796095341444016,0.07276873290538788,-0.04573165625333786,0.08594575524330139,False
train,0.498645544052124,8.404703294218052e-06,0.004444690886884928,0.0358450822532177,0.0397876612842083,0.06459750235080719,-0.11945508420467377,0.13580262660980225,False
train,0.49906232953071594,0.0,0.00442470982670784,0.035894233733415604,0.0397803969681263,0.05757097154855728,-0.18434971570968628,0.19313009083271027,False
train,0.4994790554046631,0.0,0.004379288759082556,0.03593970462679863,0.0397738553583622,0.046901676803827286,-0.2415628433227539,0.24607393145561218,False
test,0.4998958110809326,0.0,0.004311521537601948,0.03597947582602501,0.039767585694789886,0.02977527678012848,-0.292057603597641,0.29357147216796875,False
train,0.5003125667572021,0.0,0.004224219359457493,0.036010682582855225,0.039761174470186234,0.005933750420808792,-0.33578088879585266,0.3358333110809326,False
train,0.5007293224334717,0.0,0.004120364785194397,0.03603097423911095,0.03975408524274826,-0.022290341556072235,-0.3711276948451996,0.37179648876190186,False
train,0.5011460185050964,0.0,0.004004077520221472,0.03603928163647652,0.03974591940641403,-0.05042937397956848,-0.3951120376586914,0.39831727743148804,False
train,0.5015628337860107,0.0,0.0038808470126241446,0.03603684529662132,0.03973625600337982,-0.0726926177740097,-0.4039980173110962,0.4104858338832855,False
test,0.5019795894622803,0.0,0.0037576511967927217,0.036027468740940094,0.03972463682293892,-0.08313953876495361,-0.3946775794029236,0.40333929657936096,False
train,0.5023963451385498,0.0,0.003642386058345437,0.03601701557636261,0.03971058875322342,-0.0771443098783493,-0.36612433195114136,0.374163419008255,False
train,0.5028131008148193,0.0,0.0035427457187324762,0.036012809723615646,0.03969374671578407,-0.05291476845741272,-0.320217490196228,0.3245600461959839,False
train,0.5032297968864441,0.0,0.0034651122987270355,0.03602220490574837,0.03967368230223656,-0.012639295309782028,-0.26183679699897766,0.2621416747570038,False
train,0.5036466121673584,0.0,0.00341327884234488,0.03605078533291817,0.039650022983551025,0.03754451125860214,-0.19760610163211823,0.2011411488056183,False
test,0.5040633082389832,0.0,0.0033882514107972383,0.036100730299949646,0.03962239623069763,0.08897154033184052,-0.13453145325183868,0.16129057109355927,False
train,0.5044801235198975,0.0,0.003388353157788515,0.03617095947265625,0.03959043696522713,0.13303428888320923,-0.07841064780950546,0.15442264080047607,False
train,0.5048968195915222,0.0,0.0034097565803676844,0.03625674545764923,0.03955380618572235,0.16335740685462952,-0.03313514590263367,0.1666840761899948,False
train,0.5053135752677917,0.0,0.0034475328866392374,0.036351751536130905,0.03951222822070122,0.17707787454128265,-0.00037429481744766235,0.1770782768726349,False
train,0.505730390548706,0.0,0.0034964655060321093,0.03644910827279091,0.039465393871068954,0.1745201051235199,0.019990921020507812,0.17566132545471191,False
test,0.5061470866203308,0.0,0.003551604924723506,0.036542363464832306,0.03941300883889198,0.15803059935569763,0.029180102050304413,0.16070204973220825,False
train,0.5065639019012451,0.0,0.0036086479667574167,0.036626361310482025,0.03935495391488075,0.13056731224060059,0.028796322643756866,0.13370507955551147,False
train,0.5069805979728699,0.0,0.003663863055408001,0.03669708967208862,0.039290901273489,0.09471448510885239,0.02026212215423584,0.09685756266117096,False
train,0.5073973536491394,0.0,0.0037140746135264635,0.03675141558051109,0.03922073915600777,0.05234227702021599,0.004652425646781921,0.05254863575100899,False
train,0.5078141093254089,0.0,0.003756515681743622,0.03678691387176514,0.039144326001405716,0.004937034100294113,-0.017141789197921753,0.01783858984708786,False
test,0.5082308650016785,0.0,0.0037887778598815203,0.03680196404457092,0.0390615276992321,-0.04578697681427002,-0.044119901955127716,0.06358469277620316,False
train,0.508647620677948,0.0,0.003808898851275444,0.03679541498422623,0.038972266018390656,-0.09741273522377014,-0.0749313235282898,0.12289810180664062,False
train,0.5090643763542175,0.0,0.003815695643424988,0.036767784506082535,0.03887652978301048,-0.14677026867866516,-0.10786107182502747,0.1821414828300476,False
train,0.5094811320304871,0.0,0.0038085889536887407,0.03672058880329132,0.0387742817401886,-0.19035625457763672,-0.1410151571035385,0.2368982434272766,False
train,0.5098978877067566,0.0,0.0037878782022744417,0.036656953394412994,0.0386655367910862,-0.22505465149879456,-0.17267577350139618,0.28366619348526,False
test,0.5103146433830261,0.0,0.003754417411983013,0.03658100962638855,0.038550376892089844,-0.24876412749290466,-0.20166075229644775,0.32023531198501587,False
train,0.5107313990592957,0.0,0.003709421493113041,0.03649759665131569,0.03842882439494133,-0.2606608271598816,-0.22751885652542114,0.34598973393440247,False
train,0.5111481547355652,0.0,0.003654176602140069,0.03641152381896973,0.03830108419060707,-0.2611619830131531,-0.2504722476005554,0.361858993768692,False
train,0.5115649104118347,0.0,0.0035897998604923487,0.03632737323641777,0.03816725313663483,-0.2516457140445709,-0.2709571123123169,0.3697882294654846,False
train,0.5119816660881042,0.0,0.0035172977950423956,0.036248739808797836,0.03802751004695892,-0.23418653011322021,-0.2890430688858032,0.3720070421695709,False
test,0.5123984217643738,0.0,0.00343780848197639,0.0361785963177681,0.037882085889577866,-0.2114408314228058,-0.3038514256477356,0.37017956376075745,False
train,0.5128151774406433,0.0,0.0033530513755977154,0.03611847013235092,0.03773121163249016,-0.18652543425559998,-0.31376969814300537,0.3650248646736145,False
train,0.5132319331169128,0.0,0.003265417879447341,0.03606848046183586,0.0375751368701458,-0.16283167898654938,-0.3172873258590698,0.3566306233406067,False
train,0.5136486887931824,0.0,0.0031776917167007923,0.036027487367391586,0.03741417080163956,-0.14336933195590973,-0.31415683031082153,0.34532487392425537,False
train,0.5140654444694519,0.0,0.003092382103204727,0.035993315279483795,0.0372486487030983,-0.1296817809343338,-0.30584773421287537,0.33220505714416504,False
test,0.5144821405410767,0.0,0.003011191263794899,0.03596371039748192,0.03707889840006828,-0.12099578231573105,-0.29486319422721863,0.3187229037284851,False
train,0.514898955821991,0.0,0.0029346789233386517,0.035937100648880005,0.0369051992893219,-0.11437369138002396,-0.2835194170475006,0.3057198226451874,False
train,0.5153156518936157,0.0,0.0028627365827560425,0.0359133780002594,0.03672804310917854,-0.10614244639873505,-0.27301162481307983,0.2929190397262573,False
train,0.51573246717453,0.0,0.0027949644718319178,0.035893794149160385,0.036547716706991196,-0.0936947762966156,-0.2633020877838135,0.27947574853897095,False
train,0.5161492228507996,0.0,0.002731199376285076,0.035880330950021744,0.03636473789811134,-0.07666020095348358,-0.2535613179206848,0.2648964524269104,False
test,0.5165659189224243,0.0,0.0026716976426541805,0.03587448596954346,0.03617947921156883,-0.056928105652332306,-0.24281814694404602,0.2494022101163864,False
train,0.5169827342033386,0.0,0.0026170036289840937,0.035876933485269547,0.035992302000522614,-0.03783910721540451,-0.23045054078102112,0.23353639245033264,False
train,0.5173994302749634,8.404703294218052e-06,0.002567837480455637,0.03588636964559555,0.03580375760793686,-0.02314193919301033,-0.21646685898303986,0.21770036220550537,False
train,0.5178161859512329,3.361881317687221e-05,0.002524770563468337,0.035900361835956573,0.03561422601342201,-0.016077809035778046,-0.20150765776634216,0.20214803516864777,False
train,0.5182329416275024,3.782116618822329e-05,0.0024879479315131903,0.035915229469537735,0.03542415425181389,-0.019003551453351974,-0.1866786777973175,0.18764343857765198,False
test,0.518649697303772,2.5214108973159455e-05,0.0024571178946644068,0.03592642396688461,0.03523403778672218,-0.03319365903735161,-0.17313577234745026,0.17628900706768036,False
train,0.5190664529800415,1.6809406588436104e-05,0.0024315330665558577,0.03592928126454353,0.03504428267478943,-0.058806318789720535,-0.16161681711673737,0.17198307812213898,False
train,0.519483208656311,4.202351647109026e-06,0.002410326385870576,0.03591914847493172,0.03485538437962532,-0.09469127655029297,-0.15211275219917297,0.179177924990654,False
train,0.5198999643325806,4.202351647109026e-06,0.0023927476722747087,0.03589227795600891,0.034667715430259705,-0.13830387592315674,-0.14386868476867676,0.19956493377685547,False
train,0.5203167200088501,0.0,0.002378519158810377,0.03584616258740425,0.03448181971907616,-0.18575464189052582,-0.1356729120016098,0.23002593219280243,False
test,0.5207334756851196,0.0,0.002367862733080983,0.03578028455376625,0.03429808095097542,-0.23225286602973938,-0.1262436956167221,0.26434609293937683,False
train,0.5211502313613892,0.0,0.0023614815436303616,0.03569594398140907,0.0341169610619545,-0.2726302742958069,-0.11451119184494019,0.2957026958465576,False
train,0.5215669870376587,0.0,0.0023604899179190397,0.03559686616063118,0.03393882140517235,-0.30197203159332275,-0.09975706785917282,0.3180229067802429,False
train,0.5219837427139282,0.0,0.002366208005696535,0.035488493740558624,0.033764101564884186,-0.3161603510379791,-0.08160901069641113,0.32652318477630615,False
train,0.5224004983901978,0.0,0.002380088670179248,0.0353778600692749,0.033593252301216125,-0.3123023509979248,-0.059988655149936676,0.318011611700058,False
test,0.5228172540664673,0.0,0.0024035240057855844,0.03527272120118141,0.03342661261558533,-0.28916820883750916,-0.03505341708660126,0.29128506779670715,False
train,0.5232340097427368,0.0,0.0024378758389502764,0.03518097847700119,0.033264558762311935,-0.24751979112625122,-0.007108189165592194,0.2476218342781067,False
train,0.5236507654190063,0.0,0.0024843213614076376,0.035109993070364,0.033107466995716095,-0.19029659032821655,0.023421473801136017,0.1917325109243393,False
train,0.5240675210952759,0.0,0.002543834038078785,0.03506512939929962,0.03295566514134407,-0.12252113223075867,0.05593937635421753,0.13468720018863678,False
train,0.5244842767715454,0.0,0.002617105608806014,0.035049498081207275,0.03280945494771004,-0.05083126202225685,0.08954405039548874,0.10296579450368881,False
test,0.5249009728431702,0.0,0.0027043609879910946,0.03506334871053696,0.032669223845005035,0.017434649169445038,0.12286476045846939,0.12409558892250061,False
train,0.5253177881240845,0.0,0.0028051547706127167,0.03510349243879318,0.03253516927361488,0.07553067058324814,0.1540345549583435,0.17155618965625763,False
train,0.5257344841957092,0.0,0.0029181200079619884,0.0351649671792984,0.032407697290182114,0.11860734224319458,0.18086975812911987,0.21629047393798828,False
train,0.5261512994766235,0.0,0.0030411279294639826,0.035240769386291504,0.03228691220283508,0.14488469064235687,0.20153090357780457,0.24820612370967865,False
train,0.5265680551528931,0.0,0.0031713335774838924,0.03532417491078377,0.032173171639442444,0.1557161808013916,0.21521702408790588,0.2656424045562744,False
test,0.5269847512245178,0.0,0.003305968130007386,0.03540946915745735,0.0320667140185833,0.15457290410995483,0.22270944714546204,0.27109459042549133,False
train,0.5274015665054321,0.0,0.0034428753424435854,0.03549237176775932,0.0319676399230957,0.1449960470199585,0.2260878086090088,0.2685880661010742,False
train,0.5278182625770569,0.0,0.0035808351822197437,0.0355699323117733,0.03187624365091324,0.12878435850143433,0.22771935164928436,0.26161330938339233,False
train,0.5282350778579712,0.0,0.0037194346077740192,0.035639189183712006,0.03179259970784187,0.10564223676919937,0.22899973392486572,0.2521927058696747,False
train,0.528651773929596,0.0,0.0038584950380027294,0.03569720685482025,0.031716931611299515,0.0747484415769577,0.2298407107591629,0.24169005453586578,False
test,0.5290685296058655,0.0,0.0039976839907467365,0.03574083000421524,0.03164933621883392,0.03706180304288864,0.22909462451934814,0.2320730984210968,False
train,0.529485285282135,0.0,0.0041360133327543736,0.03576797991991043,0.03158991411328316,-0.0033966973423957825,0.22540485858917236,0.2254304438829422,False
train,0.5299020409584045,0.0,0.004272038117051125,0.03577873855829239,0.03153881058096886,-0.040350865572690964,0.2178698033094406,0.22157491743564606,False
train,0.5303188562393188,0.0,0.004403954837471247,0.035775940865278244,0.0314960703253746,-0.06759955734014511,0.20597617328166962,0.21678534150123596,False
train,0.5307355523109436,0.0,0.0045298803597688675,0.03576445206999779,0.03146173804998398,-0.08133295178413391,0.18918800354003906,0.2059299647808075,False
test,0.5311523079872131,0.0,0.004647613503038883,0.03575017303228378,0.03143584355711937,-0.08124099671840668,0.16650928556919098,0.1852712631225586,False
train,0.5315690636634827,0.0,0.004754319787025452,0.03573836386203766,0.03141845017671585,-0.07013239711523056,0.13640917837619781,0.15338192880153656,False
train,0.5319858193397522,0.0,0.004846699070185423,0.035732705146074295,0.031409528106451035,-0.05263300612568855,0.09754203259944916,0.11083628237247467,False
train,0.5324025750160217,0.0,0.004920911509543657,0.03573482483625412,0.03140904754400253,-0.03363385051488876,0.049329355359077454,0.05970444902777672,False
train,0.5328193306922913,0.0,0.0049731857143342495,0.03574442118406296,0.031417012214660645,-0.017218876630067825,-0.007347479462623596,0.01872098259627819,False
test,0.5332360863685608,0.0,0.0050004324875772,0.035759784281253815,0.03143330290913582,-0.006103634834289551,-0.07016786932945251,0.07043283432722092,False
train,0.5336528420448303,0.0,0.005000836681574583,0.03577851504087448,0.03145792707800865,-0.0015680082142353058,-0.13585494458675385,0.1358639895915985,False
train,0.5340695977210999,0.0,0.0049738832749426365,0.03579772636294365,0.0314907543361187,-0.003664150834083557,-0.2009117603302002,0.2009451687335968,False
train,0.5344863533973694,0.0,0.004920520819723606,0.0358147956430912,0.03153165429830551,-0.011544603854417801,-0.2623203694820404,0.26257428526878357,False
train,0.5349031090736389,0.0,0.0048427884466946125,0.03582771494984627,0.03158052638173103,-0.02389034815132618,-0.31783297657966614,0.31872960925102234,False
test,0.5353198647499084,0.0,0.004743451718240976,0.03583473339676857,0.03163721784949303,-0.03944374620914459,-0.36602017283439636,0.3681393563747406,False
train,0.535736620426178,0.0,0.004625687841325998,0.03583472594618797,0.031701527535915375,-0.05755925178527832,-0.4061436653137207,0.4102020859718323,False
train,0.5361533164978027,0.0,0.004492966923862696,0.03582674264907837,0.031773343682289124,-0.07857777178287506,-0.43807488679885864,0.4450663626194,False
train,0.536570131778717,0.0,0.004348563030362129,0.03580910712480545,0.03185241296887398,-0.10374109447002411,-0.46216583251953125,0.4736659824848175,False
train,0.5369868874549866,0.0,0.004195714835077524,0.035779960453510284,0.03193851560354233,-0.13432641327381134,-0.47895485162734985,0.49743473529815674,False
test,0.5374035835266113,0.0,0.00403734901919961,0.03573692962527275,0.03203144669532776,-0.17023776471614838,-0.48876121640205383,0.5175600647926331,False
train,0.5378203988075256,0.0,0.003876326372846961,0.035678353160619736,0.03213091194629669,-0.20847062766551971,-0.4911440908908844,0.5335564613342285,False
train,0.5382370948791504,0.0,0.003716095583513379,0.03560442104935646,0.03223665803670883,-0.24244412779808044,-0.48455530405044556,0.5418237447738647,False
train,0.5386539101600647,0.0,0.003560848766937852,0.03551884740591049,0.032348427921533585,-0.26246482133865356,-0.4661787152290344,0.5349863171577454,False
train,0.5390706062316895,0.0,0.003416315419599414,0.03542998433113098,0.0324658565223217,-0.2568407654762268,-0.4322981834411621,0.5028408169746399,False
test,0.539487361907959,0.0,0.003289741463959217,0.03535091504454613,0.032588668167591095,-0.2135402262210846,-0.37893569469451904,0.4349617063999176,False
train,0.5399041175842285,0.0,0.003189947921782732,0.03529946133494377,0.03271651640534401,-0.12391363084316254,-0.3034127950668335,0.3277406096458435,False
train,0.540320873260498,0.0,0.0031260910909622908,0.03529486805200577,0.032849013805389404,0.009531218558549881,-0.2068524956703186,0.2070719599723816,False
train,0.5407376885414124,0.0,0.0031056448351591825,0.03535151854157448,0.0329858772456646,0.16400806605815887,-0.09755481034517288,0.19082868099212646,False
train,0.5411543846130371,0.0,0.0031306142918765545,0.03546977788209915,0.03312661126255989,0.29629456996917725,0.006990492343902588,0.296377032995224,False
test,0.5415711402893066,0.0,0.0031942424830049276,0.03563033044338226,0.03327092155814171,0.3606066107749939,0.08300243318080902,0.370035856962204,False
train,0.5419878959655762,0.0,0.003279944183304906,0.035799238830804825,0.03341835364699364,0.3351006805896759,0.10946045815944672,0.3525252640247345,False
train,0.5424046516418457,0.0,0.0033650295808911324,0.03594088554382324,0.03356853127479553,0.23420928418636322,0.07966699451208115,0.24738799035549164,False
train,0.5428214073181152,0.0,0.003427961142733693,0.036031246185302734,0.03372098132967949,0.09626902639865875,0.00594870001077652,0.09645264595746994,False
train,0.5432381629943848,0.0,0.0034552759025245905,0.03606364130973816,0.033875297755002975,-0.038895584642887115,-0.0869634672999382,0.0952654778957367,False
test,0.5436549186706543,0.0,0.00344431446865201,0.036045268177986145,0.034031037241220474,-0.14462149143218994,-0.17426937818527222,0.22646234929561615,False
train,0.5440716743469238,0.0,0.00340101751498878,0.035991065204143524,0.03418775647878647,-0.21054844558238983,-0.2401999533176422,0.3194161355495453,False
train,0.5444884300231934,0.0,0.003335690125823021,0.03591753914952278,0.03434504196047783,-0.23887835443019867,-0.27973002195358276,0.3678474724292755,False
train,0.5449051856994629,0.0,0.0032589712645858526,0.03583848103880882,0.03450236842036247,-0.23891150951385498,-0.29538875818252563,0.3799121379852295,False
train,0.5453219413757324,0.0,0.003179572755470872,0.035763368010520935,0.03465932980179787,-0.22214573621749878,-0.29309770464897156,0.36777031421661377,False
test,0.545738697052002,0.0,0.0031036699656397104,0.03569698706269264,0.03481545299291611,-0.1989607810974121,-0.27930858731269836,0.34292665123939514,False
train,0.5461554527282715,0.0,0.0030348750296980143,0.03564028814435005,0.034970298409461975,-0.17675481736660004,-0.2596077024936676,0.314067542552948,False
train,0.5465721487998962,0.0,0.002974698320031166,0.035592012107372284,0.03512342646718025,-0.1594759225845337,-0.2383657991886139,0.2867940366268158,False
train,0.5469889640808105,0.0,0.0029230581130832434,0.03554968535900116,0.03527442365884781,-0.14817917346954346,-0.21880632638931274,0.26425987482070923,False
train,0.5474057197570801,0.0,0.002878778614103794,0.03551096096634865,0.035422809422016144,-0.14218094944953918,-0.20323887467384338,0.24803520739078522,False
test,0.5478224754333496,0.0,0.0028398327995091677,0.035473987460136414,0.035568177700042725,-0.14013221859931946,-0.19318222999572754,0.23865541815757751,False
train,0.5482392311096191,0.0,0.0028037845622748137,0.03543729707598686,0.03571014106273651,-0.14064335823059082,-0.18936613202095032,0.235881507396698,False
train,0.5486559271812439,0.0,0.0027679549530148506,0.03540016710758209,0.03584824874997139,-0.1423388570547104,-0.1917410045862198,0.23879900574684143,False
train,0.5490727424621582,0.0,0.0027299628127366304,0.035362403839826584,0.03598226606845856,-0.14356204867362976,-0.19926300644874573,0.24559277296066284,False
train,0.549489438533783,0.0,0.002688094973564148,0.0353245809674263,0.03611166030168533,-0.14228230714797974,-0.2097795307636261,0.2534792125225067,False
test,0.5499062538146973,0.0,0.002641755621880293,0.03528832271695137,0.036236200481653214,-0.13592998683452606,-0.21977359056472778,0.2584132254123688,False
train,0.550322949886322,0.0,0.0025921757332980633,0.03525640815496445,0.036355502903461456,-0.12111051380634308,-0.22436538338661194,0.2549658417701721,False
train,0.5507397055625916,0.0,0.002542756963521242,0.0352332778275013,0.03646934777498245,-0.09321638941764832,-0.2178807407617569,0.2369837909936905,False
train,0.5511565208435059,0.0,0.0024992211256176233,0.03522535413503647,0.036577437072992325,-0.04716918617486954,-0.19532236456871033,0.2009371966123581,False
train,0.5515732169151306,0.0,0.002468924270942807,0.0352410264313221,0.03667948767542839,0.019236169755458832,-0.15465569496154785,0.15584740042686462,False
test,0.5519900321960449,0.0,0.0024589395616203547,0.03528778254985809,0.03677533566951752,0.10000911355018616,-0.09895548224449158,0.14069119095802307,False
train,0.5524067282676697,0.0,0.0024739219807088375,0.035368431359529495,0.03686467558145523,0.1778925359249115,-0.03708922863006592,0.18171781301498413,False
train,0.5528234839439392,0.0,0.002513960236683488,0.035476889461278915,0.03694755956530571,0.2296576201915741,0.018619418144226074,0.23041117191314697,False
train,0.5532402396202087,0.0,0.002574014011770487,0.03559829667210579,0.03702366724610329,0.23770272731781006,0.056781210005283356,0.24439045786857605,False
train,0.5536569952964783,0.0,0.0026452767197042704,0.035713206976652145,0.037093013525009155,0.19920223951339722,0.07130227982997894,0.21157869696617126,False
test,0.5540737509727478,0.0,0.0027178297750651836,0.035804275423288345,0.03715547174215317,0.1259123980998993,0.06311529129743576,0.14084556698799133,False
train,0.5544905066490173,0.0,0.0027833646163344383,0.0358608216047287,0.03721100836992264,0.037199966609478,0.03860769420862198,0.05361335352063179,False
train,0.5549072623252869,0.0,0.0028367636259645224,0.03588080406188965,0.03725966066122055,-0.047523993998765945,0.0061397552490234375,0.04791896045207977,False
train,0.5553240180015564,0.0,0.0028762437868863344,0.035868920385837555,0.03730141744017601,-0.1136544942855835,-0.027172386646270752,0.11685753613710403,False
train,0.5557407736778259,0.0,0.0029024381656199694,0.03583480790257454,0.03733644261956215,-0.15337924659252167,-0.0570480115711689,0.163644939661026,False
test,0.5561575293540955,0.0,0.0029171130154281855,0.035789940506219864,0.03736469894647598,-0.1657889485359192,-0.08210714161396027,0.18500691652297974,False
train,0.556574285030365,0.0,0.0029222164303064346,0.03574482351541519,0.03738633915781975,-0.15559318661689758,-0.10294142365455627,0.1865641325712204,False
train,0.5569910407066345,0.0,0.0029192152433097363,0.03570733964443207,0.03740154579281807,-0.13098235428333282,-0.12100967764854431,0.17832475900650024,False
train,0.557407796382904,0.0,0.002908975351601839,0.03568146377801895,0.03741048276424408,-0.10105860233306885,-0.13767604529857635,0.170785054564476,False
train,0.5578245520591736,0.0,0.0028919181786477566,0.0356677807867527,0.037413373589515686,-0.07352881878614426,-0.1536518633365631,0.17033901810646057,False
test,0.5582413077354431,0.0,0.002868334762752056,0.035664208233356476,0.037410493940114975,-0.05321051552891731,-0.16887208819389343,0.17705689370632172,False
train,0.5586580634117126,0.0,0.002838702639564872,0.03566724807024002,0.037402018904685974,-0.041497357189655304,-0.18263667821884155,0.1872917115688324,False
train,0.5590747594833374,0.0,0.002803815295919776,0.035673703998327255,0.03738825395703316,-0.03691956400871277,-0.1939675211906433,0.19744987785816193,False
train,0.5594915747642517,0.0,0.0027648985851556063,0.03568097949028015,0.03736956790089607,-0.03624047338962555,-0.20189689099788666,0.2051236927509308,False
train,0.5599082708358765,0.0,0.0027235522866249084,0.03568845987319946,0.03734622895717621,-0.03579798340797424,-0.2055658996105194,0.20865961909294128,False
test,0.5603250861167908,0.0,0.002681744284927845,0.03569657728075981,0.0373186357319355,-0.03228037804365158,-0.20401433110237122,0.20655234158039093,False
train,0.5607417821884155,0.0,0.0026419430505484343,0.035707369446754456,0.03728713095188141,-0.02277538739144802,-0.19573557376861572,0.19705617427825928,False
train,0.5611585378646851,0.0,0.002607436152175069,0.03572385758161545,0.03725205734372139,-0.0041080862283706665,-0.17818817496299744,0.1782355159521103,False
train,0.5615753531455994,0.0,0.0025827824138104916,0.03575071692466736,0.03721385449171066,0.02722659707069397,-0.14809764921665192,0.1505795568227768,False
train,0.5619920492172241,0.0,0.002573736011981964,0.035793453454971313,0.03717290982604027,0.07260977476835251,-0.10340496897697449,0.1263517588376999,False
test,0.5624088644981384,0.0,0.00258603785187006,0.035857249051332474,0.03712962940335274,0.1257396638393402,-0.04720951244235039,0.13431009650230408,False
train,0.5628255605697632,0.0,0.00262228911742568,0.035941820591688156,0.03708448261022568,0.16858604550361633,0.008349962532520294,0.1687927097082138,False
train,0.5632423162460327,0.0,0.0026783226057887077,0.03603792190551758,0.03703785687685013,0.1779613196849823,0.04372044652700424,0.18325312435626984,False
train,0.5636590719223022,0.0,0.0027418758254498243,0.03612856566905975,0.03699018433690071,0.14185091853141785,0.04205876588821411,0.1479547917842865,False
train,0.5640758275985718,0.0,0.002796472515910864,0.036195918917655945,0.03694189339876175,0.0691257193684578,0.001696854829788208,0.0691465437412262,False
test,0.5644926428794861,0.0,0.0028286909218877554,0.036229003220796585,0.03689342364668846,-0.018191739916801453,-0.062146153301000595,0.06475402414798737,False
train,0.5649093389511108,0.0,0.0028331484645605087,0.0362265408039093,0.03684525936841965,-0.09904097765684128,-0.12817512452602386,0.16198140382766724,False
train,0.5653260946273804,0.0,0.002812469145283103,0.03619389608502388,0.03679775819182396,-0.16100555658340454,-0.18101000785827637,0.2422548532485962,False
train,0.5657428503036499,0.0,0.0027736122719943523,0.03614020720124245,0.0367514006793499,-0.19992734491825104,-0.2149183303117752,0.2935316562652588,False
train,0.5661596059799194,0.0,0.0027243734803050756,0.036075010895729065,0.036706581711769104,-0.21689480543136597,-0.23106294870376587,0.31691235303878784,False
test,0.566576361656189,0.0,0.0026713742408901453,0.036006633192300797,0.036663711071014404,-0.21533307433128357,-0.23332586884498596,0.31750479340553284,False
train,0.5669931173324585,0.0,0.0026195633690804243,0.03594211861491203,0.036623235791921616,-0.19909268617630005,-0.22561296820640564,0.30089718103408813,False
train,0.567409873008728,0.0,0.0025724591687321663,0.03588680922985077,0.036585498601198196,-0.17142614722251892,-0.21076658368110657,0.27167898416519165,False
train,0.5678266286849976,0.0,0.0025326635222882032,0.03584495931863785,0.03655093535780907,-0.13466471433639526,-0.19053375720977783,0.23331888020038605,False
train,0.5682433843612671,0.0,0.002502224873751402,0.03581993281841278,0.03651987761259079,-0.09056413173675537,-0.16590619087219238,0.18901515007019043,False
test,0.5686601400375366,0.0,0.0024828261230140924,0.0358145497739315,0.03649270907044411,-0.04099445790052414,-0.13750314712524414,0.14348401129245758,False
train,0.5690768957138062,0.0,0.002475953893736005,0.035830575972795486,0.03646975755691528,0.011435367166996002,-0.10584445297718048,0.10646039247512817,False
train,0.5694936513900757,0.0,0.0024829197209328413,0.03586834296584129,0.03645138815045357,0.06296519190073013,-0.07154387980699539,0.09530552476644516,False
train,0.5699104070663452,0.0,0.0025046200025826693,0.03592658042907715,0.036437880247831345,0.108728788793087,-0.03552055358886719,0.11438382416963577,False
train,0.57032710313797,0.0,0.002541493158787489,0.036001645028591156,0.036429572850465775,0.1429838240146637,0.0006153732538223267,0.14298515021800995,False
test,0.5707439184188843,0.0,0.0025930977426469326,0.03608764708042145,0.03642670810222626,0.15962600708007812,0.03403681516647339,0.16321447491645813,False
train,0.571160614490509,0.0,0.0026573860086500645,0.0361759215593338,0.03642958775162697,0.1530660092830658,0.06020953506231308,0.16448219120502472,False
train,0.5715774297714233,0.0,0.0027301982045173645,0.03625597804784775,0.036438435316085815,0.12055517733097076,0.07361648976802826,0.14125487208366394,False
train,0.5719941854476929,0.0,0.0028052935376763344,0.03631773963570595,0.03645351156592369,0.06590373069047928,0.07053305208683014,0.09653089195489883,False
train,0.5724108815193176,0.0,0.0028759674169123173,0.03635421022772789,0.03647499158978462,0.0025559179484844208,0.05329421907663345,0.05335547402501106,False
test,0.5728276968002319,0.0,0.002938119927421212,0.03636593744158745,0.036503106355667114,-0.04915858805179596,0.03153157979249954,0.05840211734175682,False
train,0.5732443928718567,0.0,0.0029922500252723694,0.03636179119348526,0.036538004875183105,-0.07247316837310791,0.016340702772140503,0.07429252564907074,False
train,0.573661208152771,0.0,0.0030422587879002094,0.036354534327983856,0.036579832434654236,-0.06491579860448837,0.011522531509399414,0.06593049317598343,False
train,0.5740779042243958,0.0,0.003091522492468357,0.03635501116514206,0.036628760397434235,-0.03784331679344177,0.01171884685754776,0.039616260677576065,False
train,0.5744946599006653,0.0,0.003140450222417712,0.03636830672621727,0.03668484836816788,-0.0057840049266815186,0.008444361388683319,0.01023532822728157,False
test,0.5749114751815796,0.0,0.003186276415362954,0.03639427199959755,0.036748241633176804,0.022096294909715652,-0.0037555843591690063,0.022413179278373718,False
train,0.5753281712532043,0.0,0.003224946092814207,0.036430466920137405,0.036818988621234894,0.042512375861406326,-0.025819800794124603,0.049738962203264236,False
train,0.5757449269294739,0.0,0.0032526860013604164,0.036473408341407776,0.03689710050821304,0.05440482869744301,-0.0560954287648201,0.0781446248292923,False
train,0.5761616826057434,0.0,0.0032665340695530176,0.03651930019259453,0.03698267787694931,0.05626305192708969,-0.09230023622512817,0.10809655487537384,False
train,0.5765784382820129,0.0,0.003264458617195487,0.03656359761953354,0.0370757095515728,0.0458889976143837,-0.13257096707820892,0.14028848707675934,False
test,0.5769951939582825,0.0,0.0032450533472001553,0.03660072013735771,0.03717614710330963,0.021577656269073486,-0.17530947923660278,0.17663241922855377,False
train,0.577411949634552,0.0,0.003207723144441843,0.03662484511733055,0.037283990532159805,-0.016504786908626556,-0.21866390109062195,0.21928590536117554,False
train,0.5778287053108215,0.0,0.0031526279635727406,0.03663071244955063,0.037399131804704666,-0.06558969616889954,-0.2601775825023651,0.26831769943237305,False
train,0.5782454609870911,0.0,0.0030811249744147062,0.036614738404750824,0.03752158209681511,-0.12062178552150726,-0.2968803346157074,0.32044896483421326,False
train,0.5786622166633606,0.0,0.0029958353843539953,0.03657565265893936,0.0376511886715889,-0.17560571432113647,-0.32588711380958557,0.37018883228302,False
test,0.5790789723396301,0.0,0.002900393446907401,0.036514636129140854,0.037787843495607376,-0.22537457942962646,-0.3451913595199585,0.4122508764266968,False
train,0.5794957280158997,0.0,0.0027989731170237064,0.0364346019923687,0.0379314087331295,-0.2669907212257385,-0.3542916178703308,0.4436289072036743,False
train,0.5799124836921692,0.0,0.0026956333313137293,0.036339059472084045,0.03808171674609184,-0.3000102937221527,-0.3543136715888977,0.4642675518989563,False
train,0.5803292393684387,0.0,0.0025936956517398357,0.036231450736522675,0.03823856636881828,-0.3256514370441437,-0.34746304154396057,0.47621363401412964,False
train,0.5807459354400635,0.0,0.002495517721399665,0.0361143983900547,0.03840173780918121,-0.34537941217422485,-0.33623993396759033,0.4820210039615631,False
test,0.5811627507209778,0.0,0.002402403624728322,0.03599027916789055,0.038571108132600784,-0.3599303960800171,-0.3226380944252014,0.4833686351776123,False
train,0.5815794467926025,0.0,0.0023151380009949207,0.03586132451891899,0.03874629735946655,-0.36900386214256287,-0.3077163100242615,0.48047181963920593,False
train,0.5819962620735168,4.622586857294664e-05,0.0022341706790030003,0.035729870200157166,0.03892718255519867,-0.3716093897819519,-0.29160457849502563,0.4723629653453827,False
train,0.5824130177497864,1.6809406588436104e-05,0.0021601004991680384,0.0355990007519722,0.03911333903670311,-0.36652565002441406,-0.2739155888557434,0.45757052302360535,False
train,0.5828297138214111,1.6809406588436104e-05,0.002093664603307843,0.03547205403447151,0.03930450230836868,-0.35281801223754883,-0.25425106287002563,0.43488407135009766,False
test,0.5832465291023254,2.5214108973159455e-05,0.0020356697496026754,0.0353526771068573,0.03950043022632599,-0.3304457664489746,-0.23270583152770996,0.40416136384010315,False
train,0.5836632251739502,4.622586857294664e-05,0.0019868218805640936,0.03524433448910713,0.039700597524642944,-0.30072468519210815,-0.21003887057304382,0.3668128252029419,False
train,0.5840800404548645,2.5214108973159455e-05,0.0019473135471343994,0.03514952212572098,0.03990488499403,-0.26631274819374084,-0.1874505877494812,0.3256688714027405,False
train,0.5844967365264893,3.361881317687221e-05,0.001916893757879734,0.03506951034069061,0.04011271148920059,-0.23052316904067993,-0.16615630686283112,0.2841634154319763,False
train,0.5849134922027588,4.202351556159556e-05,0.0018948613433167338,0.035004209727048874,0.04032381996512413,-0.1962887942790985,-0.14691093564033508,0.2451777160167694,False
test,0.5853303074836731,2.5214108973159455e-05,0.0018803128041327,0.034952640533447266,0.0405377633869648,-0.16546979546546936,-0.12982729077339172,0.2103220820426941,False
train,0.5857470035552979,3.782116618822329e-05,0.00187244126573205,0.034913159906864166,0.0407540500164032,-0.13897168636322021,-0.11449844390153885,0.18006394803524017,False
train,0.5861638188362122,2.9416461984510534e-05,0.0018706831615418196,0.03488371893763542,0.04097237437963486,-0.11715885251760483,-0.10021284967660904,0.15417137742042542,False
train,0.5865805149078369,2.9416461984510534e-05,0.0018747467547655106,0.03486250340938568,0.04119215905666351,-0.10046107321977615,-0.08625834435224533,0.13241197168827057,False
train,0.5869972705841064,3.782116618822329e-05,0.0018846470629796386,0.03484717011451721,0.0414130836725235,-0.0894123837351799,-0.07206209003925323,0.1148369237780571,False
test,0.587414026260376,2.5214108973159455e-05,0.0019005421781912446,0.03483525291085243,0.041634637862443924,-0.08438026160001755,-0.05732531473040581,0.10201088339090347,False
train,0.5878307819366455,3.782116618822329e-05,0.0019226819276809692,0.03482436388731003,0.04185628890991211,-0.08504645526409149,-0.04202938452363014,0.09486500173807144,False
train,0.588247537612915,2.5214108973159455e-05,0.0019512564176693559,0.034812264144420624,0.04207766056060791,-0.09004223346710205,-0.026429757475852966,0.09384100884199142,False
train,0.5886642932891846,4.202351556159556e-05,0.001986280782148242,0.03479763865470886,0.042298171669244766,-0.09707033634185791,-0.011019788682460785,0.09769383817911148,False
train,0.5890810489654541,3.361881317687221e-05,0.0020275465212762356,0.034780245274305344,0.04251743480563164,-0.10339127480983734,0.003541909158229828,0.1034519225358963,False
test,0.5894978046417236,3.361881317687221e-05,0.002074562245979905,0.03476087749004364,0.04273494705557823,-0.1065235435962677,0.016487717628479004,0.1077919751405716,False
train,0.5899145603179932,4.622586857294664e-05,0.0021264380775392056,0.03474130854010582,0.042950186878442764,-0.10472901165485382,0.027034126222133636,0.10816196352243423,False
train,0.5903313159942627,3.782116618822329e-05,0.0021820568945258856,0.03472379595041275,0.04316273704171181,-0.09710540622472763,0.03454951196908951,0.10306856036186218,False
train,0.5907480716705322,3.361881317687221e-05,0.002240097150206566,0.034710757434368134,0.043372079730033875,-0.08348840475082397,0.03872682899236679,0.09203304350376129,False
train,0.5911648273468018,4.622586857294664e-05,0.002299174666404724,0.03470471501350403,0.04357779026031494,-0.06421785056591034,0.03973414748907089,0.07551645487546921,False
test,0.5915815830230713,2.9416461984510534e-05,0.002358096418902278,0.03470783308148384,0.0437793955206871,-0.039940379559993744,0.03828638046979904,0.05532703548669815,False
train,0.591998279094696,4.202351556159556e-05,0.002416097093373537,0.034722015261650085,0.043976400047540665,-0.01148056611418724,0.03552161157131195,0.03733079507946968,False
train,0.5924150943756104,3.361881317687221e-05,0.0024729196447879076,0.034748904407024384,0.04416855424642563,0.02021423727273941,0.0327155739068985,0.03845678269863129,False
train,0.5928318500518799,2.5214108973159455e-05,0.002528768265619874,0.0347895622253418,0.044355250895023346,0.05402810126543045,0.03091619163751602,0.062248267233371735,False
train,0.5932486057281494,4.202351556159556e-05,0.002584232948720455,0.034844618290662766,0.044536132365465164,0.08868385851383209,0.030593104660511017,0.09381239116191864,False
test,0.593665361404419,2.9416461984510534e-05,0.0026398703921586275,0.034914057701826096,0.04471089690923691,0.12267071008682251,0.03144014626741409,0.12663564085960388,False
train,0.5940820574760437,4.622586857294664e-05,0.0026960198301821947,0.034997373819351196,0.04487905278801918,0.15419429540634155,0.032344087958335876,0.15755005180835724,False
train,0.594498872756958,2.9416461984510534e-05,0.0027523720636963844,0.035093002021312714,0.04504040628671646,0.1812228560447693,0.03158080577850342,0.18395398557186127,False
train,0.5949155688285828,0.0,0.002807810204103589,0.03519874066114426,0.04519454017281532,0.2016097605228424,0.0271473228931427,0.20342928171157837,False
train,0.5953323841094971,0.0,0.0028604459948837757,0.03531130030751228,0.045341212302446365,0.213578462600708,0.01726362109184265,0.2142750471830368,False
test,0.5957491397857666,0.0,0.0029077704530209303,0.03542698919773102,0.0454801544547081,0.21621578931808472,0.000944383442401886,0.21621784567832947,False
train,0.5961658358573914,0.0,0.002947089495137334,0.03554192930459976,0.045611053705215454,0.20985233783721924,-0.021580398082733154,0.2109590470790863,False
train,0.5965826511383057,0.0,0.0029761192854493856,0.03565273806452751,0.04573377966880798,0.19601795077323914,-0.04876186326146126,0.2019919604063034,False
train,0.5969993472099304,0.0,0.002993412781506777,0.035756584256887436,0.04584809020161629,0.17704614996910095,-0.07797060906887054,0.1934547871351242,False
train,0.5974161028862,0.0,0.002998767886310816,0.035852037370204926,0.04595388099551201,0.15538820624351501,-0.10620429366827011,0.18821489810943604,False
test,0.5978328585624695,0.0,0.0029931478202342987,0.03593826666474342,0.04605097323656082,0.13299372792243958,-0.13073287904262543,0.18648971617221832,False
train,0.598249614238739,0.0,0.002978541888296604,0.036015234887599945,0.04613931477069855,0.11080599576234818,-0.14965173602104187,0.18620851635932922,False
train,0.5986663699150085,0.0,0.0029574534855782986,0.03608299791812897,0.046218764036893845,0.08856222778558731,-0.1620706021785736,0.18468932807445526,False
train,0.5990831255912781,0.0,0.0029326898511499166,0.03614143654704094,0.046289362013339996,0.06500942260026932,-0.16798287630081177,0.1801234930753708,False
train,0.5994998812675476,0.0,0.0029067753348499537,0.036189474165439606,0.04635104909539223,0.038513071835041046,-0.1679990589618683,0.1723570078611374,False
test,0.5999166369438171,0.0,0.002881985157728195,0.03622565045952797,0.04640379548072815,0.00790262222290039,-0.1629796028137207,0.16317108273506165,False
train,0.6003333926200867,0.0,0.0028602280654013157,0.03624822944402695,0.046447739005088806,-0.026757191866636276,-0.1537470519542694,0.15605801343917847,False
train,0.6007501482963562,0.0,0.00284310569986701,0.03625579550862312,0.04648289829492569,-0.06368253380060196,-0.14091856777668,0.15463992953300476,False
train,0.6011669039726257,0.0,0.002832030411809683,0.03624813258647919,0.04650942236185074,-0.09942550957202911,-0.12489072233438492,0.15963435173034668,False
train,0.6015836596488953,0.0,0.0028282206039875746,0.03622660040855408,0.04652737081050873,-0.12937670946121216,-0.105929434299469,0.16721057891845703,False
test,0.6020004153251648,0.0,0.002832855796441436,0.0361945778131485,0.04653691127896309,-0.1487399786710739,-0.08438938856124878,0.17101213335990906,False
train,0.6024171113967896,0.0,0.00284681748598814,0.03615748509764671,0.04653821140527725,-0.1537402719259262,-0.06098191812634468,0.16539306938648224,False
train,0.6028339266777039,0.0,0.002870675176382065,0.03612152859568596,0.04653143510222435,-0.1427096724510193,-0.03697829693555832,0.1474226713180542,False
train,0.6032506823539734,0.0,0.0029042919632047415,0.036093465983867645,0.046516817063093185,-0.11670267581939697,-0.014315932989120483,0.117577463388443,False
train,0.6036674380302429,0.0,0.0029465940315276384,0.036078643053770065,0.04649462550878525,-0.07940065115690231,0.004567727446556091,0.07953192293643951,False
test,0.6040841937065125,0.0,0.0029955757781863213,0.03608083352446556,0.046465132385492325,-0.03630058467388153,0.01712648570537567,0.0401378758251667,False
train,0.6045008897781372,0.0,0.0030480148270726204,0.03610111027956009,0.046428512781858444,0.006398461759090424,0.021213039755821228,0.022157015278935432,False
train,0.6049177050590515,0.0,0.0031002170871943235,0.03613801673054695,0.0463850200176239,0.04298635572195053,0.015571162104606628,0.04571966454386711,False
train,0.6053344011306763,0.0,0.0031480651814490557,0.036188118159770966,0.046335067600011826,0.06902371346950531,0.00020676851272583008,0.06902401894330978,False
train,0.6057512164115906,0.0,0.003187725553289056,0.03624645620584488,0.04627884551882744,0.08208579570055008,-0.02354435622692108,0.08539563417434692,False
test,0.6061679720878601,0.0,0.003216252662241459,0.03630741313099861,0.04621674865484238,0.08221571147441864,-0.053055066615343094,0.09784816205501556,False
train,0.6065846681594849,0.0,0.003231943817809224,0.03636613488197327,0.046149127185344696,0.07217040657997131,-0.08490137755870819,0.11143074929714203,False
train,0.6070014834403992,0.0,0.003234592964872718,0.03641945496201515,0.04607612267136574,0.05716266483068466,-0.1153412014245987,0.12872903048992157,False
train,0.6074181795120239,0.0,0.003225511172786355,0.036466557532548904,0.045998189598321915,0.04379410296678543,-0.14106878638267517,0.14771027863025665,False
train,0.6078349947929382,0.0,0.003207145957276225,0.03650956228375435,0.04591560363769531,0.03843338042497635,-0.15984274446964264,0.16439837217330933,False
test,0.608251690864563,0.0,0.00318264402449131,0.03655273839831352,0.04582875594496727,0.04540218412876129,-0.1707790195941925,0.17671115696430206,False
train,0.6086684465408325,0.0,0.0031552419532090425,0.03660165145993233,0.04573790729045868,0.06562026590108871,-0.17426666617393494,0.1862119436264038,False
train,0.609085202217102,0.0,0.003127771895378828,0.03666123002767563,0.045643508434295654,0.09591534733772278,-0.17167659103870392,0.19665351510047913,False
train,0.6095019578933716,0.0,0.0031023905612528324,0.03673429787158966,0.04554564505815506,0.12924394011497498,-0.1650189906358719,0.20960739254951477,False
train,0.6099187731742859,0.0,0.0030803841073065996,0.036820292472839355,0.04544468969106674,0.1560520976781845,-0.15652914345264435,0.22102856636047363,False
test,0.6103354692459106,0.0,0.003062034724280238,0.03691425174474716,0.045341093093156815,0.16659647226333618,-0.14821399748325348,0.22298379242420197,False
train,0.6107522249221802,0.0,0.003046988742426038,0.03700799494981766,0.04523501172661781,0.15417368710041046,-0.14123468101024628,0.20908552408218384,False
train,0.6111689805984497,0.0,0.003034734632819891,0.037091415375471115,0.04512676224112511,0.11765134334564209,-0.13538461923599243,0.17936229705810547,False
train,0.6115857362747192,0.0,0.0030249871779233217,0.03715537488460541,0.04501667618751526,0.06203845888376236,-0.1292523890733719,0.14336997270584106,False
train,0.6120024919509888,0.0,0.0030182357877492905,0.03719368204474449,0.044904883950948715,-0.0034482330083847046,-0.12113921344280243,0.12118828296661377,False
test,0.6124192476272583,2.9416461984510534e-05,0.0030154548585414886,0.03720434755086899,0.04479174688458443,-0.06886682659387589,-0.11031118035316467,0.13004305958747864,False
train,0.6128360033035278,1.6809406588436104e-05,0.003017640905454755,0.03718911483883858,0.04467746615409851,-0.12652413547039032,-0.0976574495434761,0.15982908010482788,False
train,0.6132527589797974,2.5214108973159455e-05,0.003025063779205084,0.0371522419154644,0.044562242925167084,-0.17209163308143616,-0.08538797497749329,0.19211100041866302,False
train,0.6136695146560669,1.6809406588436104e-05,0.0030370098538696766,0.037099119275808334,0.044446319341659546,-0.203870490193367,-0.07604774832725525,0.21759235858917236,False
train,0.6140862703323364,2.5214108973159455e-05,0.0030518134590238333,0.03703571483492851,0.04432988539338112,-0.22146418690681458,-0.07157570123672485,0.23274335265159607,False
test,0.614503026008606,1.6809406588436104e-05,0.0030672161374241114,0.03696781024336815,0.044213034212589264,-0.22497883439064026,-0.07288353145122528,0.2364899218082428,False
train,0.6149197816848755,2.5214108973159455e-05,0.003080730326473713,0.036901168525218964,0.04409601166844368,-0.21516923606395721,-0.08008222281932831,0.22958867251873016,False
train,0.615336537361145,1.6809406588436104e-05,0.0030899993143975735,0.03684113919734955,0.043978940695524216,-0.19384261965751648,-0.09279540181159973,0.214909166097641,False
train,0.6157532334327698,1.6809406588436104e-05,0.0030928547494113445,0.036791764199733734,0.043861981481313705,-0.16416454315185547,-0.11044980585575104,0.1978614628314972,False
train,0.6161700487136841,2.5214108973159455e-05,0.0030874009244143963,0.036755722016096115,0.04374519735574722,-0.13040602207183838,-0.13222196698188782,0.18571047484874725,False
test,0.6165868043899536,1.6809406588436104e-05,0.0030722187366336584,0.03673368692398071,0.04362863302230835,-0.09745985269546509,-0.15682026743888855,0.18463753163814545,False
train,0.6170035600662231,2.5214108973159455e-05,0.0030464855954051018,0.03672429174184799,0.0435124896466732,-0.07003496587276459,-0.1822630763053894,0.19525553286075592,False
train,0.6174203157424927,1.6809406588436104e-05,0.0030104368925094604,0.03672448545694351,0.04339674860239029,-0.051950857043266296,-0.20585688948631287,0.21231096982955933,False
train,0.6178370118141174,1.6809406588436104e-05,0.002965509193018079,0.0367298349738121,0.04328151047229767,-0.04544888436794281,-0.22441397607326508,0.22896994650363922,False
train,0.6182538270950317,2.5214108973159455e-05,0.0029144613072276115,0.03673531487584114,0.04316673055291176,-0.05062226206064224,-0.23478040099143982,0.24017587304115295,False
test,0.6186705231666565,1.6809406588436104e-05,0.002861293265596032,0.03673654794692993,0.04305250570178032,-0.06508974730968475,-0.2344115823507309,0.24328063428401947,False
train,0.619087278842926,2.5214108973159455e-05,0.0028107785619795322,0.036730557680130005,0.04293883591890335,-0.08410293608903885,-0.22195976972579956,0.23735931515693665,False
train,0.6195040345191956,2.101175778079778e-05,0.0027679482009261847,0.03671671077609062,0.04282567650079727,-0.10129992663860321,-0.19769258797168732,0.22213517129421234,False
train,0.6199207901954651,2.5214108973159455e-05,0.0027373619377613068,0.036697160452604294,0.04271304979920387,-0.11014758050441742,-0.1636851280927658,0.19729498028755188,False
train,0.6203376054763794,1.6809406588436104e-05,0.0027222908101975918,0.03667654097080231,0.0426008403301239,-0.10596759617328644,-0.12392018735408783,0.16305013000965118,False
test,0.6207543015480042,1.6809406588436104e-05,0.002723963465541601,0.03666052967309952,0.042489148676395416,-0.08822409808635712,-0.08437968790531158,0.12207958102226257,False
train,0.6211710572242737,2.5214108973159455e-05,0.002740785712376237,0.03665388748049736,0.042377784848213196,-0.06175662577152252,-0.052506186068058014,0.08106034994125366,False
train,0.6215878129005432,1.6809406588436104e-05,0.0027679798658937216,0.036658551543951035,0.04226675629615784,-0.035433363169431686,-0.035507768392562866,0.05016298219561577,False
train,0.6220045685768127,2.5214108973159455e-05,0.002798438770696521,0.036672573536634445,0.042155999690294266,-0.017724353820085526,-0.03708469867706299,0.04110264778137207,False
train,0.6224213242530823,1.6809406588436104e-05,0.0028247202280908823,0.03669145330786705,0.042045388370752335,-0.012114424258470535,-0.05460784584283829,0.055935464799404144,False
test,0.6228380799293518,1.6809406588436104e-05,0.0028418065048754215,0.03671044483780861,0.041934918612241745,-0.01608811318874359,-0.079503133893013,0.08111458271741867,False
train,0.6232548356056213,2.5214108973159455e-05,0.0028488447424024343,0.03672662004828453,0.04182438179850578,-0.024102207273244858,-0.10123453289270401,0.10406415164470673,False
train,0.6236715912818909,2.101175778079778e-05,0.0028490007389336824,0.03673956170678139,0.04171381890773773,-0.031346395611763,-0.11170497536659241,0.11601981520652771,False
train,0.6240883469581604,3.361881317687221e-05,0.0028478302992880344,0.036749955266714096,0.041603054851293564,-0.035920679569244385,-0.10737152397632599,0.11322075128555298,False
train,0.6245051026344299,1.6809406588436104e-05,0.0028515455778688192,0.03675876930356026,0.041492003947496414,-0.03892689570784569,-0.08876371383666992,0.09692419320344925,False
test,0.6249218583106995,0.0,0.002865462563931942,0.03676614910364151,0.04138057306408882,-0.04336647316813469,-0.059071026742458344,0.07328053563833237,False
train,0.625338613986969,0.0,0.0028932872228324413,0.0367707833647728,0.041268642991781235,-0.05265030264854431,-0.02298785001039505,0.05744994059205055,False
train,0.6257553696632385,0.0,0.0029365101363509893,0.03676991164684296,0.041156139224767685,-0.06914648413658142,0.013950638473033905,0.07053975015878677,False
train,0.6261720657348633,0.0,0.0029942397959530354,0.036760617047548294,0.041042961180210114,-0.09302690625190735,0.045870453119277954,0.10372127592563629,False
train,0.6265888810157776,0.0,0.003063284559175372,0.03674016147851944,0.04092898964881897,-0.12184184789657593,0.06738683581352234,0.13923513889312744,False
test,0.6270056366920471,0.0,0.0031383505556732416,0.03670738264918327,0.040814146399497986,-0.1509428322315216,0.07473189383745193,0.16842979192733765,False
train,0.6274223923683167,0.0,0.00321323168464005,0.03666333481669426,0.04069839045405388,-0.17492911219596863,0.06699156016111374,0.18731807172298431,False
train,0.6278391480445862,0.0,0.0032820873893797398,0.036611028015613556,0.04058158025145531,-0.18948209285736084,0.046687982976436615,0.1951492577791214,False
train,0.6282558441162109,0.0,0.0033406573347747326,0.03655494004487991,0.04046369343996048,-0.1929776668548584,0.01933598518371582,0.19394396245479584,False
train,0.6286726593971252,0.0,0.0033875161316245794,0.036499399691820145,0.04034462943673134,-0.1873132735490799,-0.008007422089576721,0.18748435378074646,False
test,0.62908935546875,0.0,0.0034240828827023506,0.03644721582531929,0.04022438824176788,-0.17753146588802338,-0.02872730791568756,0.17984071373939514,False
train,0.6295061707496643,0.0,0.0034541033674031496,0.03639870882034302,0.040102824568748474,-0.17035624384880066,-0.03877139091491699,0.17471253871917725,False
train,0.6299228668212891,0.0,0.0034821631852537394,0.03635146841406822,0.03998001664876938,-0.17199882864952087,-0.03813149780035019,0.17617493867874146,False
train,0.6303396224975586,0.0,0.0035118910018354654,0.03630102425813675,0.039855893701314926,-0.18638190627098083,-0.03171265870332718,0.18906059861183167,False
train,0.6307564377784729,0.0,0.003543850500136614,0.0362415686249733,0.039730459451675415,-0.21445275843143463,-0.028876669704914093,0.21638819575309753,False
test,0.6311731338500977,0.0,0.003574175527319312,0.03616783395409584,0.039603691548109055,-0.25442174077033997,-0.04087001085281372,0.25768348574638367,False
train,0.631589949131012,0.0,0.0035947479773312807,0.036075517535209656,0.039475563913583755,-0.30225926637649536,-0.07618582248687744,0.31171292066574097,False
train,0.6320066452026367,0.0,0.0035952716134488583,0.0359625369310379,0.03934624418616295,-0.3522871732711792,-0.13581040501594543,0.3775588870048523,False
train,0.6324234008789062,0.0,0.0035670509096235037,0.03582916408777237,0.039215631783008575,-0.3983518183231354,-0.2113354206085205,0.45093992352485657,False
train,0.6328401565551758,0.0,0.0035064357798546553,0.035678427666425705,0.03908385708928108,-0.43493378162384033,-0.28755584359169006,0.5213978886604309,False
test,0.6332569122314453,0.0,0.0034166048280894756,0.035515040159225464,0.03895094618201256,-0.4576665759086609,-0.34818005561828613,0.5750548243522644,False
train,0.6336736679077148,0.0,0.0033067096956074238,0.03534555062651634,0.03881704434752464,-0.4632834792137146,-0.3818017244338989,0.6003366708755493,False
train,0.6340904235839844,0.0,0.0031889351084828377,0.03517768532037735,0.03868218883872032,-0.44969314336776733,-0.38528674840927124,0.5921738147735596,False
train,0.6345071792602539,2.9416461984510534e-05,0.0030750988516956568,0.03501944988965988,0.03854651376605034,-0.4165664613246918,-0.3633432984352112,0.5527621507644653,False
train,0.6349239349365234,5.463057095766999e-05,0.0029739902820438147,0.03487873822450638,0.038410160690546036,-0.36592164635658264,-0.32512032985687256,0.48949146270751953,False
test,0.635340690612793,1.2607054486579727e-05,0.002890369389206171,0.034761909395456314,0.03827325254678726,-0.3020135462284088,-0.28022444248199463,0.411992609500885,False
train,0.6357574462890625,2.5214108973159455e-05,0.0028253886848688126,0.03467349335551262,0.03813592717051506,-0.2304539531469345,-0.23608389496803284,0.3299160897731781,False
train,0.636174201965332,2.5214108973159455e-05,0.0027777638752013445,0.03461543098092079,0.037998367100954056,-0.15709073841571808,-0.19707119464874268,0.2520209550857544,False
train,0.6365909576416016,6.303527334239334e-05,0.0027449519839137793,0.03458724915981293,0.03786078095436096,-0.08711065351963043,-0.1648978292942047,0.18649278581142426,False
train,0.6370077133178711,0.0,0.002724097343161702,0.03458678349852562,0.037723299115896225,-0.02457793802022934,-0.1395428478717804,0.14169079065322876,False
test,0.6374244689941406,0.0,0.002712528919801116,0.03461029753088951,0.03758612647652626,0.027630750089883804,-0.12029623240232468,0.12342868745326996,False
train,0.6378412246704102,0.0,0.002707849023863673,0.03465299680829048,0.03744957596063614,0.06752200424671173,-0.1067887544631958,0.12634499371051788,False
train,0.6382579803466797,0.0,0.0027075086254626513,0.034709371626377106,0.037313736975193024,0.09318234026432037,-0.0999595895409584,0.1366560310125351,False
train,0.6386746764183044,0.0,0.002708258107304573,0.03477293625473976,0.03717896342277527,0.10187961161136627,-0.10265206545591354,0.14462676644325256,False
train,0.6390914916992188,0.0,0.0027052173390984535,0.034835897386074066,0.03704538196325302,0.08958117663860321,-0.11931094527244568,0.14919748902320862,False
test,0.6395081877708435,0.0,0.0026917122304439545,0.034888606518507004,0.03691330924630165,0.05234360694885254,-0.15342994034290314,0.16211292147636414,False
train,0.6399250030517578,0.0,0.00266059092245996,0.0349203497171402,0.036782894283533096,-0.009967874735593796,-0.20302224159240723,0.20326678454875946,False
train,0.6403416991233826,0.0,0.0026074473280459642,0.03492218255996704,0.03665461391210556,-0.08889417350292206,-0.25677254796028137,0.2717247009277344,False
train,0.6407584547996521,0.0,0.0025340616703033447,0.03489060699939728,0.03652852028608322,-0.16664086282253265,-0.29722142219543457,0.3407488167285919,False
train,0.6411752700805664,0.0,0.0024490009527653456,0.034830331802368164,0.03640500083565712,-0.22310161590576172,-0.3113099932670593,0.3829990029335022,False
test,0.6415919661521912,0.0,0.0023637511767446995,0.03475315868854523,0.036284323781728745,-0.2472008764743805,-0.29903480410575867,0.3879820704460144,False
train,0.6420087814331055,0.0,0.0022872639819979668,0.03467226400971413,0.036166708916425705,-0.2416156828403473,-0.2709031403064728,0.36299675703048706,False
train,0.6424254775047302,0.0,0.00222363811917603,0.034598127007484436,0.036052439361810684,-0.21646273136138916,-0.23868241906166077,0.32221949100494385,False
train,0.6428422331809998,0.0,0.002172942040488124,0.03453688696026802,0.03594183921813965,-0.180359348654747,-0.20910823345184326,0.27614444494247437,False
train,0.6432589888572693,0.0,0.002133634639903903,0.034492213279008865,0.03583511710166931,-0.13717657327651978,-0.1836666762828827,0.22923974692821503,False
test,0.6436757445335388,0.0,0.002104209503158927,0.03446675091981888,0.0357326902449131,-0.08783592283725739,-0.16121993958950043,0.1835947185754776,False
train,0.6440925002098083,0.0,0.0020837620832026005,0.034462980926036835,0.03563462942838669,-0.033124376088380814,-0.14038725197315216,0.14424218237400055,False
train,0.6445092558860779,0.0,0.0020717764273285866,0.034482795745134354,0.03554133325815201,0.024771124124526978,-0.12067035585641861,0.1231866180896759,False
train,0.6449260115623474,0.0,0.002067742170765996,0.034526657313108444,0.035453006625175476,0.0821206346154213,-0.1026398316025734,0.13144859671592712,False
train,0.6453427672386169,0.0,0.002070733578875661,0.034593526273965836,0.035370007157325745,0.13453057408332825,-0.08752990514039993,0.16049909591674805,False
test,0.6457595229148865,0.0,0.002079257508739829,0.0346805714070797,0.03529249131679535,0.17811071872711182,-0.07666216790676117,0.19390852749347687,False
train,0.646176278591156,0.0,0.0020913968328386545,0.034783389419317245,0.035220760852098465,0.21045342087745667,-0.07087978720664978,0.2220688760280609,False
train,0.6465930342674255,0.0,0.0021049915812909603,0.03489723429083824,0.03515498340129852,0.23098434507846832,-0.07020127773284912,0.24141663312911987,False
train,0.6470097899436951,0.0,0.002118077827617526,0.03501730039715767,0.03509550169110298,0.24061882495880127,-0.07381978631019592,0.2516878545284271,False
train,0.6474265456199646,0.0,0.0021291521843522787,0.035139430314302444,0.03504238650202751,0.24118459224700928,-0.08031389862298965,0.25420528650283813,False
test,0.6478433012962341,0.0,0.0021373594645410776,0.035260241478681564,0.034996017813682556,0.23478780686855316,-0.08801397681236267,0.25074246525764465,False
train,0.6482600569725037,0.0,0.002142535522580147,0.035377390682697296,0.034956544637680054,0.2234698086977005,-0.09527922421693802,0.24293391406536102,False
train,0.6486768126487732,0.0,0.0021451825741678476,0.0354890413582325,0.03492415323853493,0.20899899303913116,-0.10065822303295135,0.23197555541992188,False
train,0.6490935683250427,0.0,0.0021463169250637293,0.03559424728155136,0.034898966550827026,0.19279760122299194,-0.102964386343956,0.21856939792633057,False
train,0.6495103240013123,0.0,0.0021474275272339582,0.03569253161549568,0.03488123416900635,0.17593608796596527,-0.10125221312046051,0.20299142599105835,False
test,0.649927020072937,0.0,0.0021503313910216093,0.035783860832452774,0.03487106040120125,0.1593494713306427,-0.09474074095487595,0.18538624048233032,False
train,0.6503438353538513,0.0,0.0021572005935013294,0.035868532955646515,0.03486866503953934,0.14405938982963562,-0.08276450634002686,0.16614171862602234,False
train,0.6507605314254761,0.0,0.0021703694947063923,0.03594733029603958,0.03487405925989151,0.13144193589687347,-0.06476421654224396,0.14653117954730988,False
train,0.6511773467063904,0.0,0.002192463492974639,0.036021724343299866,0.03488744795322418,0.12301183491945267,-0.04044795781373978,0.12949112057685852,False
train,0.6515941023826599,0.0,0.002226036274805665,0.03609368950128555,0.03490889072418213,0.1198553591966629,-0.010231345891952515,0.12029126286506653,False
test,0.6520107984542847,0.0,0.0022732361685484648,0.03616545721888542,0.03493843972682953,0.12184154987335205,0.024211473762989044,0.12422382831573486,False
train,0.652427613735199,0.0,0.002335215685889125,0.0362389050424099,0.034976281225681305,0.12726475298404694,0.05945125222206116,0.14046625792980194,False
train,0.6528443098068237,0.0,0.0024111978709697723,0.03631487116217613,0.03502233326435089,0.13348115980625153,0.09024042636156082,0.16112278401851654,False
train,0.653261125087738,0.0,0.0024981216993182898,0.03639322519302368,0.035076677799224854,0.13819551467895508,0.11045443266630173,0.17691291868686676,False
train,0.6536778211593628,0.0,0.002590346848592162,0.03647301718592644,0.035139307379722595,0.14027456939220428,0.11466675251722336,0.18117786943912506,False
test,0.6540945768356323,0.0,0.002680555684491992,0.03655325993895531,0.0352102555334568,0.13959139585494995,0.10015428066253662,0.17180407047271729,False
train,0.6545113325119019,0.0,0.0027610345277935266,0.03663256764411926,0.03528944030404091,0.13601571321487427,0.06812794506549835,0.15212392807006836,False
train,0.6549280881881714,0.0,0.0028253928758203983,0.03670978546142578,0.035376887768507004,0.12885940074920654,0.023633062839508057,0.13100865483283997,False
train,0.6553448438644409,0.0,0.002869939897209406,0.03678303211927414,0.035472411662340164,0.11710430681705475,-0.026034824550151825,0.11996345221996307,False
train,0.6557615995407104,0.0,0.0028941112104803324,0.036850456148386,0.035576023161411285,0.10026922821998596,-0.07359502464532852,0.12437903881072998,False
test,0.65617835521698,0.0,0.00289995432831347,0.036910004913806915,0.035687558352947235,0.07910702377557755,-0.11357671022415161,0.13841094076633453,False
train,0.6565951108932495,0.0,0.0028913302812725306,0.0369601771235466,0.035806845873594284,0.05560803785920143,-0.14310309290885925,0.15352767705917358,False
train,0.657011866569519,0.0,0.002872738754376769,0.03700049966573715,0.03593384474515915,0.03225544095039368,-0.161739319562912,0.16492429375648499,False
train,0.6574286222457886,0.0,0.0028485164511948824,0.037031639367341995,0.03606829047203064,0.011117249727249146,-0.17072966694831848,0.1710912436246872,False
train,0.6578453779220581,0.0,0.002822227543219924,0.037054628133773804,0.036209940910339355,-0.006847739219665527,-0.17222270369529724,0.17235878109931946,False
test,0.6582621335983276,0.0,0.00279649393633008,0.03707082197070122,0.03635859116911888,-0.021895140409469604,-0.16860371828079224,0.17001943290233612,False
train,0.6586788892745972,0.0,0.0027729691937565804,0.037081342190504074,0.036514002829790115,-0.0349755696952343,-0.16205830872058868,0.16578958928585052,False
train,0.6590956449508667,0.0,0.002752483356744051,0.03708665445446968,0.03667587414383888,-0.046933576464653015,-0.15432105958461761,0.1613001823425293,False
train,0.6595124006271362,0.0,0.0027352680917829275,0.03708726540207863,0.03684384375810623,-0.05780818313360214,-0.14654949307441711,0.1575390100479126,False
train,0.6599291563034058,0.0,0.002721195574849844,0.037083886563777924,0.03701767325401306,-0.0665702372789383,-0.13932310044765472,0.1544102430343628,False
test,0.6603458523750305,0.0,0.0027099777944386005,0.037077534943819046,0.037196893244981766,-0.07140523195266724,-0.13275015354156494,0.15073588490486145,False
train,0.6607626676559448,0.0,0.0027014133520424366,0.03707050904631615,0.03738120198249817,-0.0703987330198288,-0.12661069631576538,0.14486631751060486,False
train,0.6611793637275696,0.0,0.0026953676715493202,0.03706538304686546,0.03757007047533989,-0.062387142330408096,-0.12053743004798889,0.13572555780410767,False
train,0.6615961790084839,0.0,0.002691880101338029,0.03706517815589905,0.037763163447380066,-0.047571394592523575,-0.11416284739971161,0.12367777526378632,False
train,0.6620129346847534,0.0,0.0026912009343504906,0.03707228600978851,0.037959929555654526,-0.02775700017809868,-0.10719921439886093,0.1107344701886177,False
test,0.6624296307563782,0.0,0.002693555783480406,0.03708825632929802,0.03815991431474686,-0.006205759942531586,-0.0995975062251091,0.09979064762592316,False
train,0.6628464460372925,0.0,0.002699212171137333,0.03711296245455742,0.038362592458724976,0.013028666377067566,-0.09153391420841217,0.09245649725198746,False
train,0.6632631421089172,0.0,0.0027082888409495354,0.03714452683925629,0.03856735676527023,0.025800518691539764,-0.08346717059612274,0.08736380934715271,False
train,0.6636799573898315,0.0,0.00272066961042583,0.0371796078979969,0.038773778825998306,0.028742894530296326,-0.0760277733206749,0.08127962052822113,False
train,0.6640966534614563,0.0,0.002735910238698125,0.03721363842487335,0.03898108750581741,0.019981101155281067,-0.069884292781353,0.07268465310335159,False
test,0.6645134091377258,0.0,0.002753396052867174,0.03724159300327301,0.03918878361582756,-0.0003792420029640198,-0.06554433703422546,0.06554543226957321,False
train,0.6649301648139954,0.0,0.00277232239022851,0.037259120494127274,0.03939627856016159,-0.0300789512693882,-0.06318226456642151,0.06997672468423843,False
train,0.6653469204902649,0.0,0.002791839884594083,0.03726302832365036,0.0396028570830822,-0.06501853466033936,-0.06257691979408264,0.09024013578891754,False
train,0.6657637357711792,0.0,0.002811344573274255,0.03725234791636467,0.039807844907045364,-0.09989006817340851,-0.06311102956533432,0.118156798183918,False
train,0.666180431842804,0.0,0.0028305004816502333,0.03722826763987541,0.04001058265566826,-0.12899968028068542,-0.06389369815587997,0.14395597577095032,False
test,0.6665971875190735,0.0,0.002849421463906765,0.03719416260719299,0.04021039605140686,-0.14717499911785126,-0.06394752860069275,0.16046734154224396,False
train,0.667013943195343,0.0,0.0028685859870165586,0.03715546801686287,0.04040663689374924,-0.15054793655872345,-0.06242590397596359,0.16297753155231476,False
train,0.6674306988716125,0.0,0.002888734918087721,0.03711901605129242,0.04059857875108719,-0.13713191449642181,-0.05875098332762718,0.14918726682662964,False
train,0.6678474545478821,0.0,0.0029108901508152485,0.0370916947722435,0.040785543620586395,-0.10719752311706543,-0.05275217071175575,0.11947426944971085,False
train,0.6682642102241516,0.0,0.0029359369073063135,0.03707999736070633,0.04096680134534836,-0.06320053339004517,-0.04463839530944824,0.07737501710653305,False
test,0.6686809659004211,0.0,0.0029647171031683683,0.03708887845277786,0.04114166274666786,-0.009503386914730072,-0.0350104495882988,0.036277346312999725,False
train,0.6690977215766907,0.0,0.002997700357809663,0.03712132200598717,0.04130949825048447,0.04830477386713028,-0.024732768535614014,0.05426841601729393,False
train,0.6695144772529602,0.0,0.00303496140986681,0.03717771917581558,0.04146958887577057,0.10418123006820679,-0.014810264110565186,0.10522866994142532,False
train,0.6699312329292297,0.0,0.0030761854723095894,0.03725605830550194,0.04162129387259483,0.1523662805557251,-0.006316281855106354,0.15249714255332947,False
train,0.6703479886054993,0.0,0.0031205788254737854,0.037352055311203,0.04176401346921921,0.18801268935203552,-0.0002571120858192444,0.18801286816596985,False
test,0.6707647442817688,0.0,0.003166927956044674,0.037459827959537506,0.041897110641002655,0.207635298371315,0.002453923225402832,0.20764979720115662,False
train,0.6711814999580383,0.0,0.003213719464838505,0.03757203742861748,0.04201995208859444,0.2093050479888916,0.0011348500847816467,0.20930811762809753,False
train,0.6715981960296631,0.0,0.003259152639657259,0.037681274116039276,0.04213203862309456,0.1928233504295349,-0.004621721804141998,0.19287873804569244,False
train,0.6720150113105774,0.0,0.003301408840343356,0.03778015822172165,0.042232852429151535,0.15966930985450745,-0.014798402786254883,0.1603536158800125,False
train,0.6724317669868469,0.0,0.0033386703580617905,0.03786228597164154,0.042321909219026566,0.11300171166658401,-0.028864577412605286,0.11662997305393219,False
test,0.6728485226631165,0.0,0.003369538811966777,0.03792300820350647,0.04239873215556145,0.057368554174900055,-0.04571066051721573,0.07335267961025238,False
train,0.673265278339386,0.0,0.0033930938225239515,0.03795957565307617,0.04246290400624275,-0.0016831792891025543,-0.06374482810497284,0.06376704573631287,False
train,0.6736819744110107,0.0,0.0034092646092176437,0.03797197714447975,0.0425141267478466,-0.05828724056482315,-0.08112852275371552,0.0998961478471756,False
train,0.674098789691925,0.0,0.0034186076372861862,0.03796225041151047,0.04255208745598793,-0.10721499472856522,-0.09625745564699173,0.14408522844314575,False
train,0.6745154857635498,0.0,0.003422264475375414,0.037934403866529465,0.04257643222808838,-0.1447494626045227,-0.10822951793670654,0.1807374805212021,False
test,0.6749323010444641,0.0,0.003421518485993147,0.037893522530794144,0.042587123811244965,-0.16959203779697418,-0.11716753244400024,0.2061302661895752,False
train,0.6753489971160889,0.0,0.003417486324906349,0.03784474357962608,0.042583853006362915,-0.18305324018001556,-0.12420061975717545,0.22121094167232513,False
train,0.6757657527923584,0.0,0.003410524455830455,0.03779212757945061,0.04256664961576462,-0.1887551248073578,-0.13110220432281494,0.2298179417848587,False
train,0.6761825680732727,0.0,0.003400345565751195,0.03773794323205948,0.042535390704870224,-0.1916385442018509,-0.13968603312969208,0.23714451491832733,False
train,0.6765992641448975,0.0,0.003385929623618722,0.037682123482227325,0.04249017685651779,-0.19669513404369354,-0.15124081075191498,0.24811844527721405,False
test,0.677016019821167,0.0,0.00336590432561934,0.037623144686222076,0.04243103042244911,-0.20764611661434174,-0.16615720093250275,0.2659419775009155,False
train,0.6774327754974365,0.0,0.003339002374559641,0.03755798935890198,0.04235810413956642,-0.2260194569826126,-0.18387389183044434,0.29136642813682556,False
train,0.677849531173706,0.0,0.003304264275357127,0.03748367726802826,0.04227161779999733,-0.25077155232429504,-0.20305833220481873,0.32267484068870544,False
train,0.6782662868499756,0.0,0.0032614371739327908,0.03739819675683975,0.04217187687754631,-0.27860093116760254,-0.22197225689888,0.3562164604663849,False
train,0.6786830425262451,0.0,0.003210989758372307,0.037301305681467056,0.0420590378344059,-0.30487963557243347,-0.2388371378183365,0.3872915804386139,False
test,0.6790997982025146,0.0,0.00315410946495831,0.03719446063041687,0.041933655738830566,-0.32486194372177124,-0.2521160840988159,0.41121503710746765,False
train,0.6795165538787842,0.0,0.0030925176106393337,0.03708123788237572,0.04179605096578598,-0.33488500118255615,-0.26072221994400024,0.42441022396087646,False
train,0.6799333095550537,0.0,0.003028280334547162,0.0369662307202816,0.04164670780301094,-0.33319440484046936,-0.2640824019908905,0.42515647411346436,False
train,0.6803500652313232,0.0,0.0029636332765221596,0.03685419633984566,0.04148612171411514,-0.3201726973056793,-0.2621569037437439,0.4138076901435852,False
train,0.6807668209075928,0.0,0.0029006986878812313,0.03674949333071709,0.04131489247083664,-0.2980978488922119,-0.2553595006465912,0.3925185203552246,False
test,0.6811835765838623,0.0,0.002841382985934615,0.036655183881521225,0.041133660823106766,-0.2704581320285797,-0.24445819854736328,0.3645646870136261,False
train,0.6816003322601318,0.0,0.002787189558148384,0.03657281771302223,0.04094305634498596,-0.24111361801624298,-0.2304041087627411,0.33349937200546265,False
train,0.6820170283317566,0.0,0.0027392811607569456,0.036502301692962646,0.040743712335824966,-0.21343475580215454,-0.21422800421714783,0.3024037778377533,False
train,0.6824338436126709,0.0,0.00269828038290143,0.036442454904317856,0.04053635895252228,-0.18969155848026276,-0.1968945562839508,0.2734051048755646,False
train,0.6828505992889404,0.0,0.002664534142240882,0.03639141842722893,0.04032176733016968,-0.1707552969455719,-0.17922912538051605,0.2475488930940628,False
test,0.68326735496521,0.0,0.0026381060015410185,0.03634729981422424,0.04010069742798805,-0.1561715006828308,-0.161830872297287,0.22489723563194275,False
train,0.6836841106414795,0.0,0.0026187400799244642,0.03630838170647621,0.03987389802932739,-0.14455768465995789,-0.14499029517173767,0.20474156737327576,False
train,0.6841008067131042,0.0,0.002606231952086091,0.03627392649650574,0.03964229300618172,-0.1340951919555664,-0.1286322921514511,0.18581654131412506,False
train,0.6845176219940186,0.0,0.0026004991959780455,0.03624383360147476,0.039406564086675644,-0.12304723262786865,-0.1122705340385437,0.16656918823719025,False
train,0.6849343180656433,0.0,0.0026016810443252325,0.036218609660863876,0.03916766867041588,-0.11024811118841171,-0.09513289481401443,0.14561907947063446,False
test,0.6853511333465576,0.0,0.0026102822739630938,0.03619895502924919,0.03892628848552704,-0.09542815387248993,-0.07634877413511276,0.12221157550811768,False
train,0.6857678294181824,0.0,0.0026271650567650795,0.036185696721076965,0.03868342936038971,-0.07946055382490158,-0.05528657138347626,0.09680178016424179,False
train,0.6861845850944519,0.0,0.0026532651390880346,0.03617890551686287,0.03843987360596657,-0.06447554379701614,-0.03196968883275986,0.07196635752916336,False
train,0.6866014003753662,0.0,0.0026894023176282644,0.03617747500538826,0.038196317851543427,-0.053826551884412766,-0.007459506392478943,0.05434097722172737,False
train,0.687018096446991,0.0,0.0027355479542165995,0.03617868945002556,0.03795385733246803,-0.05184498429298401,0.015641137957572937,0.05415300279855728,False
test,0.6874349117279053,0.0,0.002790370024740696,0.036178115755319595,0.037713099271059036,-0.06309430301189423,0.0331558883190155,0.07127554714679718,False
train,0.68785160779953,0.0,0.0028503304347395897,0.03616921231150627,0.03747499734163284,-0.09105686843395233,0.03981379419565201,0.09938053786754608,False
train,0.6882683634757996,0.0,0.0029099672101438046,0.036145035177469254,0.03724024072289467,-0.13636304438114166,0.030917219817638397,0.1398240029811859,False
train,0.6886851191520691,0.0,0.0029622253496199846,0.036098841577768326,0.03700966760516167,-0.19499549269676208,0.005039282143115997,0.195060595870018,False
train,0.6891018748283386,0.0,0.0030007490422576666,0.03602682426571846,0.03678404539823532,-0.25757017731666565,-0.03328559547662735,0.25971201062202454,False
test,0.6895186901092529,0.0,0.0030223543290048838,0.03593006730079651,0.03656407445669174,-0.31073474884033203,-0.07351468503475189,0.31931254267692566,False
train,0.6899353861808777,0.0,0.003028917359188199,0.035815514624118805,0.03635057434439659,-0.34092193841934204,-0.10291339457035065,0.35611647367477417,False
train,0.6903521418571472,0.0,0.0030270202551037073,0.03569459915161133,0.03614416345953941,-0.33922407031059265,-0.11237888783216476,0.35735413432121277,False
train,0.6907688975334167,0.0,0.0030256283935159445,0.03558134287595749,0.035945478826761246,-0.304816871881485,-0.1000458225607872,0.3208153545856476,False
train,0.6911856532096863,0.0,0.0030331313610076904,0.035488005727529526,0.03575527295470238,-0.24472659826278687,-0.07029299437999725,0.2546217143535614,False
test,0.6916024088859558,0.0,0.0030553187243640423,0.03542296588420868,0.03557416796684265,-0.17040424048900604,-0.030245214700698853,0.17306755483150482,False
train,0.6920191645622253,0.0,0.0030950880609452724,0.035389773547649384,0.035402752459049225,-0.0934281274676323,0.013463012874126434,0.09439315646886826,False
train,0.6924359202384949,0.0,0.0031529490370303392,0.035387519747018814,0.035241588950157166,-0.022667761892080307,0.05607786774635315,0.06048598885536194,False
train,0.6928526759147644,0.0,0.0032277691643685102,0.035412341356277466,0.03509126603603363,0.036286868155002594,0.09441854804754257,0.10115136206150055,False
train,0.6932694315910339,0.0,0.003317254362627864,0.0354587584733963,0.034952253103256226,0.08056123554706573,0.126149982213974,0.14967942237854004,False
test,0.6936861872673035,0.0,0.0034182886593043804,0.03552025184035301,0.034825194627046585,0.1089944913983345,0.14906539022922516,0.18466264009475708,False
train,0.694102942943573,0.0,0.003526708111166954,0.035590242594480515,0.03471042215824127,0.12152819335460663,0.1610567271709442,0.20176315307617188,False
train,0.6945196986198425,0.0,0.0036376025527715683,0.035662222653627396,0.03460852429270744,0.11896421760320663,0.16042611002922058,0.19972236454486847,False
train,0.6949364542961121,0.0,0.0037455095443874598,0.0357302725315094,0.03451988101005554,0.10305926948785782,0.14639946818351746,0.17903636395931244,False
train,0.6953531503677368,0.0,0.003844915423542261,0.035789284855127335,0.034444909542798996,0.07657484710216522,0.11949873715639114,0.14192834496498108,False
test,0.6957699656486511,0.0,0.00393073633313179,0.03583579137921333,0.03438396006822586,0.04324215650558472,0.08147435635328293,0.09223857522010803,False
train,0.6961866617202759,0.0,0.0039989096112549305,0.03586761653423309,0.034337494522333145,0.0075363218784332275,0.03505248576402664,0.035853490233421326,False
train,0.6966034770011902,0.0,0.004046523943543434,0.03588499873876572,0.034305818378925323,-0.025751182809472084,-0.016584426164627075,0.030629506334662437,False
train,0.6970202326774597,0.0,0.004072121344506741,0.03588971123099327,0.03428925573825836,-0.05201713740825653,-0.07007351517677307,0.08727015554904938,False
train,0.6974369287490845,0.0,0.004075643606483936,0.03588561341166496,0.03428805246949196,-0.06747505813837051,-0.12210911512374878,0.13951171934604645,False
test,0.6978537440299988,0.0,0.004058266058564186,0.03587782382965088,0.03430259972810745,-0.06975098699331284,-0.1697496771812439,0.18352152407169342,False
train,0.6982704401016235,0.0,0.004022423643618822,0.035871993750333786,0.03433305770158768,-0.05831808224320412,-0.21054832637310028,0.21847562491893768,False
train,0.6986871957778931,0.0,0.003971217665821314,0.03587352856993675,0.034379743039608,-0.03467951714992523,-0.24307388067245483,0.24553529918193817,False
train,0.6991039514541626,0.0,0.003908298444002867,0.03588688001036644,0.034442827105522156,-0.0023728758096694946,-0.26721447706222534,0.2672250270843506,False
train,0.6995207071304321,0.0,0.003836877876892686,0.03591470047831535,0.034522540867328644,0.03337186947464943,-0.28430497646331787,0.2862568795681,False
test,0.6999375224113464,0.0,0.0037594703026115894,0.035957030951976776,0.03461901471018791,0.066289983689785,-0.2967880368232727,0.3041011393070221,False
train,0.7003542184829712,0.0,0.0036774484906345606,0.03601153567433357,0.03473242372274399,0.09032835811376572,-0.3071897625923157,0.32019490003585815,False
train,0.7007709741592407,0.0,0.003591278102248907,0.036073412746191025,0.03486289083957672,0.10106755793094635,-0.3172256350517273,0.332936555147171,False
train,0.7011877298355103,4.202351647109026e-06,0.003501033643260598,0.03613671287894249,0.03501053526997566,0.09684963524341583,-0.3271844685077667,0.34121769666671753,False
train,0.7016044855117798,0.0,0.003406928386539221,0.03619545325636864,0.03517543151974678,0.07914493978023529,-0.3360412120819092,0.34523558616638184,False
test,0.7020212411880493,0.0,0.0033097348641604185,0.03624475747346878,0.035357579588890076,0.05205904692411423,-0.3419778048992157,0.34591755270957947,False
train,0.7024379968643188,0.0,0.0032110936008393764,0.03628184273838997,0.0355570986866951,0.02117011696100235,-0.3432385325431824,0.3438907861709595,False
train,0.7028547525405884,0.0,0.003113157581537962,0.036306384950876236,0.03577393665909767,-0.008051794022321701,-0.3387647271156311,0.3388603925704956,False
train,0.7032715082168579,0.0,0.0030183205381035805,0.03631991893053055,0.03600805625319481,-0.03181799128651619,-0.32874172925949097,0.3302779197692871,False
train,0.7036882638931274,0.0,0.0029285945929586887,0.03632485866546631,0.036259423941373825,-0.049414120614528656,-0.3147892653942108,0.31864407658576965,False
test,0.704105019569397,0.0,0.0028450139798223972,0.03632347658276558,0.03652789816260338,-0.06386164575815201,-0.3000040650367737,0.3067258596420288,False
train,0.7045217752456665,0.0,0.0027670704293996096,0.036315757781267166,0.03681331127882004,-0.08149156719446182,-0.2885206341743469,0.2998083233833313,False
train,0.704938530921936,0.0,0.002692465903237462,0.03629879653453827,0.037115585058927536,-0.11007991433143616,-0.28461068868637085,0.3051570653915405,False
train,0.7053552865982056,0.0,0.002617374761030078,0.03626670688390732,0.03743445873260498,-0.15562032163143158,-0.2910352349281311,0.33002907037734985,False
train,0.7057719826698303,0.0,0.002537504769861698,0.03621193394064903,0.03776964917778969,-0.21826672554016113,-0.30686306953430176,0.376570463180542,False
test,0.7061887979507446,0.0,0.0024499958381056786,0.03612912446260452,0.03812094405293465,-0.2889755666255951,-0.3258623778820038,0.43553778529167175,False
train,0.7066054940223694,0.0,0.0023556717205792665,0.03601846471428871,0.03848782554268837,-0.34830617904663086,-0.3370845913887024,0.48470941185951233,False
train,0.7070223093032837,0.0,0.0022601557429879904,0.035889968276023865,0.03887014836072922,-0.3711625933647156,-0.32918915152549744,0.49611204862594604,False
train,0.7074390649795532,0.0,0.002172912936657667,0.035763293504714966,0.039267249405384064,-0.3385589122772217,-0.2968072295188904,0.45024070143699646,False
train,0.707855761051178,0.0,0.0021035370882600546,0.03566204011440277,0.039678651839494705,-0.25205063819885254,-0.2443394809961319,0.351043164730072,False
test,0.7082725763320923,0.0,0.0020580885466188192,0.03560403734445572,0.04010399803519249,-0.13768000900745392,-0.18382829427719116,0.2296706885099411,False
train,0.708689272403717,4.202351647109026e-06,0.0020371461287140846,0.03559329733252525,0.0405423678457737,-0.032056987285614014,-0.1285090148448944,0.1324470341205597,False
train,0.7091060876846313,0.0,0.0020366155076771975,0.03561998903751373,0.04099340736865997,0.03846863657236099,-0.08691853284835815,0.0950508639216423,False
train,0.7095227837562561,2.101175778079778e-05,0.0020501187536865473,0.035667404532432556,0.04145602136850357,0.06665348261594772,-0.06121467798948288,0.09049820154905319,False
train,0.7099395394325256,3.782116618822329e-05,0.002071511000394821,0.035719070583581924,0.04192977026104927,0.059669796377420425,-0.0485573410987854,0.07693048566579819,False
test,0.7103563547134399,6.723762635374442e-05,0.002096377080306411,0.03576274961233139,0.042413629591464996,0.029366828501224518,-0.044035471975803375,0.05292951315641403,False
train,0.7107730507850647,5.463057095766999e-05,0.002122284146025777,0.03579109162092209,0.04290659725666046,-0.013681389391422272,-0.04299016296863556,0.045114681124687195,False
train,0.711189866065979,5.883292396902107e-05,0.002148514147847891,0.035800427198410034,0.04340781643986702,-0.06196257844567299,-0.042219504714012146,0.07497898489236832,False
train,0.7116065621376038,7.564233237644657e-05,0.0021752770990133286,0.03578949719667435,0.04391609504818916,-0.11037639528512955,-0.040229618549346924,0.11747923493385315,False
train,0.7120233178138733,5.042821794631891e-05,0.0022031287662684917,0.035759396851062775,0.044430434703826904,-0.15543560683727264,-0.036955200135707855,0.15976832807064056,False
test,0.7124400734901428,5.883292396902107e-05,0.002232426078990102,0.035711780190467834,0.04494965076446533,-0.1944652944803238,-0.03323494642972946,0.19728484749794006,False
train,0.7128568291664124,5.463057095766999e-05,0.0022630910389125347,0.03564976155757904,0.04547246918082237,-0.22515881061553955,-0.030248433351516724,0.2271815538406372,False
train,0.7132735848426819,6.723762635374442e-05,0.0022945560049265623,0.03557731956243515,0.04599756747484207,-0.24529516696929932,-0.029018282890319824,0.2470056265592575,False
train,0.7136903405189514,6.303527334239334e-05,0.0023259660229086876,0.035499293357133865,0.04652364179491997,-0.2527836561203003,-0.030063502490520477,0.2545650899410248,False
train,0.714107096195221,6.303527334239334e-05,0.002356384415179491,0.03542118892073631,0.04704928398132324,-0.24621613323688507,-0.03332657366991043,0.24846135079860687,False
test,0.7145238518714905,6.303527334239334e-05,0.002384920371696353,0.03534898906946182,0.04757297784090042,-0.22558706998825073,-0.03837333619594574,0.22882753610610962,False
train,0.71494060754776,5.883292396902107e-05,0.002410995541140437,0.035288210958242416,0.0480932742357254,-0.19302108883857727,-0.044699255377054214,0.19812916219234467,False
train,0.7153573632240295,6.303527334239334e-05,0.0024341598618775606,0.03524303808808327,0.04860861226916313,-0.15278443694114685,-0.05207626894116402,0.1614156812429428,False
train,0.7157741189002991,4.622586857294664e-05,0.0024539195001125336,0.035215362906455994,0.049117475748062134,-0.11057110130786896,-0.060724131762981415,0.1261482834815979,False
train,0.7161908745765686,5.883292396902107e-05,0.0024697063490748405,0.0352049395442009,0.04961825907230377,-0.07221882790327072,-0.07124805450439453,0.10144872963428497,False
test,0.7166076302528381,7.14399793650955e-05,0.002480556955561042,0.03520912677049637,0.050109270960092545,-0.042299993336200714,-0.08435025066137314,0.09436235576868057,False
train,0.7170243263244629,5.042821794631891e-05,0.0024853732902556658,0.03522367402911186,0.050588950514793396,-0.023135390132665634,-0.10043525695800781,0.10306544601917267,False
train,0.7174411416053772,7.564233237644657e-05,0.002482907846570015,0.03524424508213997,0.05105581879615784,-0.014285147190093994,-0.11916938424110413,0.12002252787351608,False
train,0.7178578972816467,4.622586857294664e-05,0.002472315449267626,0.03526708856225014,0.05150797590613365,-0.012658864259719849,-0.13931849598884583,0.13989242911338806,False
train,0.7182746529579163,7.14399793650955e-05,0.0024533842224627733,0.035290077328681946,0.05194399505853653,-0.013435214757919312,-0.15902924537658691,0.15959575772285461,False
test,0.7186914086341858,5.463057095766999e-05,0.002426696242764592,0.03531325235962868,0.052362293004989624,-0.011516757309436798,-0.17646697163581848,0.17684237658977509,False
train,0.7191081047058105,5.463057095766999e-05,0.0023934601340442896,0.03533877059817314,0.0527612529695034,-0.0031770095229148865,-0.19048866629600525,0.1905151605606079,False
train,0.7195249199867249,7.564233237644657e-05,0.0023551681078970432,0.03536941483616829,0.05313948914408684,0.012829042971134186,-0.20097289979457855,0.20138195157051086,False
train,0.7199416160583496,3.361881317687221e-05,0.0023132057394832373,0.035408489406108856,0.05349545553326607,0.03520995378494263,-0.20859257876873016,0.21154338121414185,False
train,0.7203583717346191,2.9416461984510534e-05,0.002268563723191619,0.03545770049095154,0.053827885538339615,0.0613713264465332,-0.21421951055526733,0.22283725440502167,False
test,0.7207751870155334,0.0,0.00222195265814662,0.035518400371074677,0.05413542315363884,0.08888675272464752,-0.21844980120658875,0.23584140837192535,False
train,0.7211918830871582,0.0,0.0021739553194493055,0.03559080883860588,0.054416753351688385,0.11675266176462173,-0.2213621437549591,0.25026461482048035,False
train,0.7216086983680725,0.0,0.0021251619327813387,0.03567507117986679,0.05467091500759125,0.14575693011283875,-0.22261282801628113,0.2660856246948242,False
train,0.7220253944396973,0.0,0.002076426986604929,0.03577218949794769,0.05489670857787132,0.1780591607093811,-0.22164508700370789,0.2843089997768402,False
train,0.7224421501159668,0.0,0.0020288140513002872,0.03588395565748215,0.05509329214692116,0.21604596078395844,-0.21797028183937073,0.306898832321167,False
test,0.7228589057922363,0.0,0.001983467722311616,0.036013100296258926,0.05525985732674599,0.2609472870826721,-0.2113770842552185,0.3358180522918701,False
train,0.7232756614685059,0.0,0.0019416288705542684,0.036162324249744415,0.05539565160870552,0.3114103078842163,-0.2020983099937439,0.3712413012981415,False
train,0.7236924171447754,0.0,0.001904324279166758,0.036333080381155014,0.05550019070506096,0.3630176782608032,-0.19078099727630615,0.41009658575057983,False
train,0.7241091728210449,0.0,0.0018722361419349909,0.03652443364262581,0.055572912096977234,0.4090355336666107,-0.17833495140075684,0.4462212920188904,False
train,0.7245259284973145,0.0,0.001845678430981934,0.03673270717263222,0.05561362951993942,0.44238221645355225,-0.16562014818191528,0.4723685681819916,False
test,0.724942684173584,0.0,0.0018246471881866455,0.03695132955908775,0.05562204122543335,0.4577842950820923,-0.1531873494386673,0.482734739780426,False
train,0.7253594398498535,0.0,0.0018089879304170609,0.03717217221856117,0.05559825897216797,0.45323559641838074,-0.14109401404857635,0.47468939423561096,False
train,0.725776195526123,0.0,0.0017986302264034748,0.03738720715045929,0.055542197078466415,0.4301166534423828,-0.1289721429347992,0.4490368962287903,False
train,0.7261929512023926,0.0,0.0017937150551006198,0.037589412182569504,0.05545419454574585,0.3922680616378784,-0.11622167378664017,0.40912309288978577,False
train,0.7266097068786621,0.0,0.0017945646541193128,0.03777354583144188,0.055334556847810745,0.3445523977279663,-0.10230002552270889,0.35941848158836365,False
test,0.7270264625549316,0.0,0.0018017322290688753,0.037936579436063766,0.05518387630581856,0.2915509343147278,-0.08693961054086685,0.3042374849319458,False
train,0.7274431586265564,0.0,0.001815773663111031,0.038076918572187424,0.0550026036798954,0.23679211735725403,-0.07026372849941254,0.24699696898460388,False
train,0.7278599739074707,0.0,0.0018371341284364462,0.038194578140974045,0.054791584610939026,0.18261070549488068,-0.05267301946878433,0.19005556404590607,False
train,0.7282767295837402,0.0,0.0018660377245396376,0.03828991577029228,0.0545516274869442,0.13070519268512726,-0.03469676524400711,0.135232076048851,False
train,0.7286934852600098,0.0,0.0019025515066459775,0.03836429491639137,0.0542837493121624,0.08257228136062622,-0.016766414046287537,0.08425731211900711,False
test,0.7291102409362793,0.0,0.0019465484656393528,0.03841958940029144,0.053988996893167496,0.04008638113737106,0.0009380802512168884,0.04009735584259033,False
train,0.729526937007904,0.0,0.001997940707951784,0.038458652794361115,0.05366850271821022,0.0055639296770095825,0.01857079565525055,0.019386380910873413,False
train,0.7299437522888184,0.0,0.0020567760802805424,0.03848525509238243,0.0533234067261219,-0.018547017127275467,0.036585211753845215,0.04101791977882385,False
train,0.7303604483604431,0.0,0.00212330324575305,0.03850419819355011,0.052955225110054016,-0.0302252359688282,0.05556812882423401,0.06325647979974747,False
train,0.7307772636413574,0.0,0.0021980723831802607,0.0385209396481514,0.052565138787031174,-0.028590455651283264,0.07610831409692764,0.08130122721195221,False
test,0.731194019317627,0.0,0.002281778957694769,0.038540713489055634,0.052154745906591415,-0.014524947851896286,0.09847638010978699,0.0995418131351471,False
train,0.7316107153892517,0.0,0.002375155920162797,0.03856845572590828,0.05172552540898323,0.00903930515050888,0.12247475236654282,0.12280787527561188,False
train,0.732027530670166,0.0,0.00247877836227417,0.03860698640346527,0.05127882584929466,0.03722313046455383,0.14723479747772217,0.15186721086502075,False
train,0.7324442267417908,0.0,0.0025926027446985245,0.03865690901875496,0.05081641674041748,0.06393314898014069,0.1711447834968567,0.1826964169740677,False
train,0.7328610420227051,0.0,0.002715914975851774,0.03871644660830498,0.05033966898918152,0.08311760425567627,0.1919298619031906,0.20915450155735016,False
test,0.7332777380943298,0.0,0.0028467660304158926,0.038781363517045975,0.04985036328434944,0.09018267691135406,0.2069094181060791,0.2257087081670761,False
train,0.7336944937705994,0.0,0.002982275327667594,0.03884609043598175,0.04934996739029884,0.08306663483381271,0.21346065402030945,0.2290535271167755,False
train,0.7341112494468689,0.0,0.0031184284016489983,0.038904786109924316,0.048840004950761795,0.06251633912324905,0.20952175557613373,0.21864962577819824,False
train,0.7345280051231384,0.0,0.0032506040297448635,0.03895249962806702,0.048322103917598724,0.031522236764431,0.19408003985881805,0.1966232806444168,False
train,0.7349448204040527,0.0,0.003373994491994381,0.03898555412888527,0.047797735780477524,-0.005734506994485855,0.16743044555187225,0.16752862930297852,False
test,0.7353615164756775,0.0,0.003484162734821439,0.03900230675935745,0.04726862907409668,-0.045031145215034485,0.13104495406150818,0.13856616616249084,False
train,0.735778272151947,0.0,0.0035774928983300924,0.03900262713432312,0.04673603177070618,-0.0829913392663002,0.08716914057731628,0.12035789340734482,False
train,0.7361950278282166,0.0,0.0036513928789645433,0.03898755460977554,0.046201419085264206,-0.11748795211315155,0.03832373768091202,0.1235804483294487,False
train,0.7366117835044861,0.0,0.0037043048068881035,0.038958802819252014,0.0456661619246006,-0.14769673347473145,-0.013041570782661438,0.14827139675617218,False
train,0.7370285391807556,0.0,0.003735610982403159,0.03891808167099953,0.04513166472315788,-0.17387987673282623,-0.06471206247806549,0.18553128838539124,False
test,0.7374452948570251,0.0,0.00374562363140285,0.03886691853404045,0.044599153101444244,-0.1970374584197998,-0.1147070974111557,0.22799447178840637,False
train,0.7378620505332947,0.0,0.0037353853695094585,0.03880631923675537,0.04406986013054848,-0.21840211749076843,-0.16129446029663086,0.27150577306747437,False
train,0.7382788062095642,0.0,0.003706569317728281,0.038736701011657715,0.04354500770568848,-0.23899637162685394,-0.203095942735672,0.3136354982852936,False
train,0.7386955618858337,0.0,0.003661469556391239,0.03865833580493927,0.04302559047937393,-0.25937530398368835,-0.23909397423267365,0.3527626395225525,False
train,0.7391123175621033,0.0,0.0036025845911353827,0.03857136517763138,0.04251265898346901,-0.2795376479625702,-0.26873907446861267,0.38776537775993347,False
test,0.7395290732383728,0.0,0.0035325868520885706,0.038475796580314636,0.042007263749837875,-0.29909437894821167,-0.29187437891960144,0.4179092049598694,False
train,0.7399458289146423,0.0,0.003454187186434865,0.03837205469608307,0.04151023551821709,-0.31730490922927856,-0.3086434006690979,0.44265466928482056,False
train,0.7403625845909119,0.0,0.0033699716441333294,0.03826106712222099,0.04102244973182678,-0.3330157995223999,-0.31936776638031006,0.46140578389167786,False
train,0.7407792806625366,0.0,0.0032823418732732534,0.0381440632045269,0.04054473340511322,-0.34444114565849304,-0.3244270086288452,0.4731729030609131,False
train,0.7411960959434509,0.0,0.0031935798469930887,0.03802336007356644,0.04007760062813759,-0.34929731488227844,-0.32423335313796997,0.4765877425670624,False
test,0.7416128516197205,0.0,0.0031057733576744795,0.03790222480893135,0.03962185978889465,-0.3452686667442322,-0.3192569613456726,0.4702504277229309,False
train,0.7420295476913452,0.0,0.003020856762304902,0.03778477758169174,0.03917815163731575,-0.3308367133140564,-0.31012678146362305,0.45346614718437195,False
train,0.7424463629722595,0.0,0.002940302947536111,0.03767525777220726,0.038746822625398636,-0.3061295449733734,-0.2976367771625519,0.4269694983959198,False
train,0.7428630590438843,0.0,0.0028654010966420174,0.03757762536406517,0.038328565657138824,-0.2733769714832306,-0.2827734351158142,0.39331385493278503,False
train,0.7432798743247986,0.0,0.0027968906797468662,0.037494413554668427,0.03792351856827736,-0.23660065233707428,-0.2665903568267822,0.3564411401748657,False
test,0.7436965703964233,0.0,0.0027351691387593746,0.03742631897330284,0.037532296031713486,-0.20084986090660095,-0.2501363158226013,0.32079407572746277,False
train,0.7441133260726929,0.0,0.0026801268104463816,0.03737194463610649,0.03715498372912407,-0.17101091146469116,-0.23423980176448822,0.29002243280410767,False
train,0.7445300817489624,0.0,0.0026314312126487494,0.037327900528907776,0.03679202124476433,-0.15100078284740448,-0.21950629353523254,0.26642870903015137,False
train,0.7449468374252319,0.0,0.002588587114587426,0.03728947415947914,0.03644349426031113,-0.1432684361934662,-0.20613491535186768,0.2510327696800232,False
train,0.7453636527061462,0.0,0.0025509914848953485,0.03725147619843483,0.03610958158969879,-0.1486261636018753,-0.1937946230173111,0.24422550201416016,False
test,0.745780348777771,0.0,0.0025184541009366512,0.037208426743745804,0.035790495574474335,-0.16630728542804718,-0.18147951364517212,0.24615630507469177,False
train,0.7461971044540405,0.0,0.0024912948720157146,0.03715570643544197,0.03548619896173477,-0.19393578171730042,-0.16753607988357544,0.25627997517585754,False
train,0.7466138601303101,0.0,0.002470525214448571,0.037089891731739044,0.03519674018025398,-0.22773787379264832,-0.1501772105693817,0.2727961242198944,False
train,0.7470306158065796,0.0,0.002457783790305257,0.03700936213135719,0.034922193735837936,-0.2632279098033905,-0.12854982912540436,0.29294025897979736,False
train,0.7474473714828491,0.0,0.002454693429172039,0.03691430389881134,0.03466245159506798,-0.29622915387153625,-0.10376062244176865,0.3138757348060608,False
test,0.7478641271591187,0.0,0.0024619591422379017,0.03680644556879997,0.034417517483234406,-0.3231664299964905,-0.07886109501123428,0.3326493799686432,False
train,0.7482808828353882,0.0,0.0024788575246930122,0.03668925166130066,0.03418717905879021,-0.34033873677253723,-0.05726611614227295,0.34512296319007874,False
train,0.7486976385116577,0.0,0.0025035799480974674,0.03656747564673424,0.03397146612405777,-0.343300461769104,-0.04067452996969223,0.3457016348838806,False
train,0.7491143941879272,0.0,0.0025341063737869263,0.03644808754324913,0.03377007320523262,-0.3283737599849701,-0.028395891189575195,0.3295992314815521,False
train,0.7495311498641968,0.0,0.0025690433103591204,0.036338649690151215,0.03358292207121849,-0.2953524589538574,-0.01850523054599762,0.2959316074848175,False
test,0.7499479055404663,0.0,0.0026077390648424625,0.03624587133526802,0.03340974077582359,-0.24869304895401,-0.009480908513069153,0.24887371063232422,False
train,0.7503646612167358,0.0,0.002649980830028653,0.03617410734295845,0.0332503579556942,-0.19609472155570984,-0.0010418221354484558,0.1960974782705307,False
train,0.7507814168930054,0.0,0.0026953972410410643,0.03612400218844414,0.03310443460941315,-0.14557650685310364,0.006035730242729187,0.1457015722990036,False
train,0.7511981129646301,0.0,0.0027432115748524666,0.03609325736761093,0.03297177702188492,-0.1031593382358551,0.010478392243385315,0.10369013994932175,False
train,0.7516149282455444,0.0,0.002792077837511897,0.03607791289687157,0.032852012664079666,-0.07187362760305405,0.011050514876842499,0.07271817326545715,False
test,0.752031683921814,0.00024793873308226466,0.002840173663571477,0.03607320412993431,0.03274490684270859,-0.052076492458581924,0.006883971393108368,0.05252951383590698,False
train,0.7524484395980835,0.0034501305781304836,0.00288548250682652,0.03607441484928131,0.03265002742409706,-0.04222484305500984,-0.0023597553372383118,0.04229072853922844,False
train,0.752865195274353,0.003185382578521967,0.002925884909927845,0.03607812896370888,0.032567087560892105,-0.03987929970026016,-0.01642555743455887,0.04312954470515251,False
train,0.7532818913459778,0.001655726577155292,0.0029595454689115286,0.036081671714782715,0.03249569237232208,-0.042630281299352646,-0.03456703573465347,0.05488370358943939,False
train,0.7536987066268921,0.004769668914377689,0.002984963357448578,0.036083269864320755,0.032435428351163864,-0.048854339867830276,-0.055884912610054016,0.07422850281000137,False
test,0.7541154026985168,0.004139316268265247,0.0030009604524821043,0.03608160465955734,0.03238590806722641,-0.058099836111068726,-0.07963241636753082,0.09857440739870071,False
train,0.7545322179794312,0.0032778342720121145,0.0030066382605582476,0.03607535362243652,0.03234671801328659,-0.07067788392305374,-0.10526323318481445,0.12679003179073334,False
train,0.7549489140510559,0.0032358106691390276,0.003001399105414748,0.03606325015425682,0.0323173813521862,-0.08611704409122467,-0.13157007098197937,0.1572476625442505,False
train,0.7553656697273254,0.00322740594856441,0.0029856169130653143,0.036044638603925705,0.03229745849967003,-0.10073358565568924,-0.15506798028945923,0.18491439521312714,False
train,0.7557824850082397,0.004286398645490408,0.0029617403633892536,0.03602151572704315,0.032286472618579865,-0.10607731342315674,-0.16869781911373138,0.19927707314491272,False
test,0.7561991810798645,0.005055428948253393,0.0029357634484767914,0.0359998419880867,0.03228400647640228,-0.0921386256814003,-0.1638989895582199,0.18802236020565033,False
train,0.7566159963607788,0.0037863189354538918,0.002916376804932952,0.03598857298493385,0.03228949010372162,-0.05740293860435486,-0.13720405101776123,0.14872810244560242,False
train,0.7570326924324036,0.004962977487593889,0.00291154021397233,0.035993680357933044,0.032302409410476685,-0.017544083297252655,-0.09622842073440552,0.09781464189291,False
train,0.7574494481086731,0.012636471539735794,0.002924106316640973,0.03601211681962013,0.032322339713573456,0.002825699746608734,-0.056539490818977356,0.05661005899310112,False
train,0.7578662037849426,0.017406141385436058,0.0029507006984204054,0.03603259474039078,0.032348621636629105,-0.007429968565702438,-0.030059047043323517,0.030963700264692307,False
test,0.7582829594612122,0.0057782335206866264,0.0029854008462280035,0.03604434058070183,0.03238082677125931,-0.03524145856499672,-0.016482464969158173,0.03890542685985565,False
train,0.7586997151374817,0.0067910002544522285,0.0030247035901993513,0.03604518622159958,0.03241830691695213,-0.05641860142350197,-0.006349608302116394,0.05677478387951851,False
train,0.7591164708137512,0.01298106461763382,0.0030690596904605627,0.03604159131646156,0.03246060758829117,-0.05521848052740097,0.008722923696041107,0.05590321868658066,False
train,0.7595332264900208,0.008139954879879951,0.0031208968721330166,0.03604314103722572,0.03250711038708687,-0.033561136573553085,0.02878282219171524,0.044213127344846725,False
train,0.7599499821662903,0.011695144698023796,0.0031807913910597563,0.03605542704463005,0.03255730867385864,-0.006681244820356369,0.04571507126092911,0.046200722455978394,False
test,0.7603667378425598,0.0029206343460828066,0.0032452710438519716,0.03607698529958725,0.03261052072048187,0.008378759026527405,0.04891414940357208,0.049626581370830536,False
train,0.7607834935188293,0.003916591871529818,0.003306884318590164,0.036100633442401886,0.032666295766830444,0.002590347081422806,0.03160761296749115,0.0317135788500309,False
train,0.7612002491950989,0.0028912178240716457,0.0033569594379514456,0.036117684096097946,0.03272396698594093,-0.022629551589488983,-0.005862593650817871,0.023376625031232834,False
train,0.7616169452667236,0.002244055736809969,0.0033883177675306797,0.03612152114510536,0.03278309479355812,-0.05935072526335716,-0.05677527189254761,0.08213367313146591,False
train,0.7620337605476379,0.0037232835311442614,0.003397342748939991,0.03610926866531372,0.032842978835105896,-0.09842075407505035,-0.11124828457832336,0.1485356092453003,False
test,0.7624505162239075,0.0030929308850318193,0.0033846276346594095,0.036081552505493164,0.032903172075748444,-0.13282090425491333,-0.15968069434165955,0.20770005881786346,False
train,0.762867271900177,0.003912389278411865,0.0033542101737111807,0.03604121878743172,0.03296303376555443,-0.15872769057750702,-0.19524021446704865,0.25162118673324585,False
train,0.7632840275764465,0.004404064733535051,0.0033121653832495213,0.03599204123020172,0.033022139221429825,-0.17514735460281372,-0.21481502056121826,0.2771679759025574,False
train,0.7637007236480713,0.005412628874182701,0.0032652916852384806,0.03593790531158447,0.033079855144023895,-0.18303273618221283,-0.21863660216331482,0.28513672947883606,False
train,0.7641175389289856,0.0033660836052149534,0.003219603095203638,0.03588195890188217,0.03313574194908142,-0.1844204217195511,-0.20934739708900452,0.27899324893951416,False
test,0.7645342350006104,0.0046309917233884335,0.0031797876581549644,0.03582638129591942,0.0331893190741539,-0.1814941167831421,-0.19056683778762817,0.26316502690315247,False
train,0.7649510502815247,0.004231768194586039,0.003149219788610935,0.03577269986271858,0.03324009105563164,-0.17547810077667236,-0.16542407870292664,0.24115905165672302,False
train,0.7653677463531494,0.005433640442788601,0.0031300347764045,0.03572223335504532,0.03328755497932434,-0.1657271832227707,-0.13583943247795105,0.2142845094203949,False
train,0.765784502029419,0.004786478355526924,0.003123804461210966,0.035677049309015274,0.03333136811852455,-0.1500268131494522,-0.10332159698009491,0.18216310441493988,False
train,0.7662013173103333,0.0047486573457717896,0.003130946774035692,0.035639770328998566,0.03337106481194496,-0.12793967127799988,-0.07243295013904572,0.14702071249485016,False
test,0.766618013381958,0.00509745255112648,0.0031488342210650444,0.035612158477306366,0.03340635821223259,-0.1053406149148941,-0.05412618815898895,0.11843264102935791,False
train,0.7670348286628723,0.0037737118545919657,0.003169095376506448,0.035592079162597656,0.03343680128455162,-0.09399469196796417,-0.06290069222450256,0.11309950798749924,False
train,0.7674515247344971,0.005803447682410479,0.0031787659972906113,0.035572800785303116,0.03346217796206474,-0.10224493592977524,-0.10443270951509476,0.1461513489484787,False
train,0.7678682804107666,0.014666207134723663,0.0031662117689847946,0.03554626181721687,0.03348211571574211,-0.1267561912536621,-0.16575735807418823,0.20866872370243073,False
train,0.7682850360870361,0.00472764577716589,0.0031281725969165564,0.03550826758146286,0.03349646180868149,-0.1556815207004547,-0.2225349247455597,0.27158522605895996,False
test,0.7687017917633057,0.005635353736579418,0.00307077681645751,0.0354592427611351,0.033504925668239594,-0.17807352542877197,-0.2564588785171509,0.3122200071811676,False
train,0.7691185474395752,0.003899782430380583,0.003004895057529211,0.035403188318014145,0.03350740671157837,-0.18905679881572723,-0.26368841528892517,0.32445964217185974,False
train,0.7695353031158447,0.004206554032862186,0.0029404934030026197,0.035344891250133514,0.033503755927085876,-0.18877336382865906,-0.25045740604400635,0.3136308193206787,False
train,0.7699520587921143,0.0,0.0028842503670603037,0.03528877720236778,0.03349387273192406,-0.1796005368232727,-0.22575171291828156,0.2884790897369385,False
train,0.7703688144683838,0.0,0.0028392986860126257,0.03523777425289154,0.03347764164209366,-0.16431516408920288,-0.1968633234500885,0.2564266622066498,False
test,0.7707855701446533,0.0,0.0028063517529517412,0.03519386425614357,0.03345517814159393,-0.14575541019439697,-0.16849088668823242,0.22278648614883423,False
train,0.7712023258209229,0.0,0.002784614684060216,0.03515788912773132,0.033426400274038315,-0.12688341736793518,-0.1431058645248413,0.19125555455684662,False
train,0.7716190814971924,0.0,0.0027726073749363422,0.03512924537062645,0.03339144587516785,-0.111005499958992,-0.12194425612688065,0.16490185260772705,False
train,0.7720358371734619,0.0,0.0027683197986334562,0.035105954855680466,0.033350326120853424,-0.10184970498085022,-0.10604311525821686,0.14703232049942017,False
train,0.7724525928497314,0.0,0.0027692492585629225,0.03508433327078819,0.033303290605545044,-0.10370475053787231,-0.09707628935575485,0.14205098152160645,False
test,0.772869348526001,0.0,0.0027719882782548666,0.035058725625276566,0.033250413835048676,-0.12119290232658386,-0.09784581512212753,0.15576110780239105,False
train,0.7732861042022705,0.0,0.002771731000393629,0.035021908581256866,0.0331919863820076,-0.15853434801101685,-0.11192288249731064,0.1940615177154541,False
train,0.77370285987854,0.0,0.0027623167261481285,0.03496498614549637,0.033128220587968826,-0.21702125668525696,-0.14140638709068298,0.25902506709098816,False
train,0.7741196155548096,0.0,0.0027377514634281397,0.03488003462553024,0.033059440553188324,-0.2911222577095032,-0.18305133283138275,0.3438894748687744,False
train,0.7745363712310791,0.0,0.0026950673200190067,0.03476351872086525,0.03298591449856758,-0.36499738693237305,-0.22527560591697693,0.42891979217529297,False
test,0.7749530673027039,0.0,0.002637465251609683,0.0346202477812767,0.03290804103016853,-0.4147796034812927,-0.2512000501155853,0.4849160611629486,False
train,0.7753698825836182,0.0,0.002574541373178363,0.034465011209249496,0.03282611444592476,-0.41983461380004883,-0.24861498177051544,0.4879246950149536,False
train,0.7757865786552429,0.0,0.0025186268612742424,0.03431796655058861,0.032740626484155655,-0.3766528069972992,-0.2183576226234436,0.43537041544914246,False
train,0.7762033939361572,0.0,0.0024789366871118546,0.0341961644589901,0.03265191614627838,-0.3016585111618042,-0.17221708595752716,0.34735655784606934,False
train,0.7766201496124268,0.0,0.0024592578411102295,0.034108053892850876,0.032560478895902634,-0.21914832293987274,-0.12369141727685928,0.25164568424224854,False
test,0.7770368456840515,0.0,0.002458650153130293,0.03405250608921051,0.032466839998960495,-0.14700362086296082,-0.08118218183517456,0.16793037950992584,False
train,0.7774536609649658,0.0,0.002473910106346011,0.034023456275463104,0.03237133100628853,-0.09218822419643402,-0.047429412603378296,0.10367361456155777,False
train,0.7778703570365906,0.0,0.002501401584595442,0.03401360660791397,0.032274600118398666,-0.05429145321249962,-0.022084273397922516,0.05861123651266098,False
train,0.7782871127128601,0.0,0.0025378854479640722,0.034016452729701996,0.03217701613903046,-0.030478859320282936,-0.004105016589164734,0.030754057690501213,False
train,0.7787038683891296,0.0,0.0025804429315030575,0.03402673080563545,0.03207923844456673,-0.01831553690135479,0.0071105509996414185,0.01964736171066761,False
test,0.7791206240653992,0.0,0.0026263021863996983,0.03403982147574425,0.03198171406984329,-0.0159379243850708,0.011766806244850159,0.019810985773801804,False
train,0.7795373797416687,0.0,0.0026727791409939528,0.03405231237411499,0.03188499063253403,-0.021253615617752075,0.010167472064495087,0.023560427129268646,False
train,0.7799541354179382,0.0,0.0027174248825758696,0.03406136482954025,0.0317896343767643,-0.031368233263492584,0.0031260251998901367,0.03152361139655113,False
train,0.7803708910942078,0.0,0.002758248709142208,0.034065745770931244,0.03169618546962738,-0.042996879667043686,-0.00794365257024765,0.04372451454401016,False
train,0.7807876467704773,0.0,0.00279388134367764,0.034065473824739456,0.03160514310002327,-0.05314803868532181,-0.021484442055225372,0.057326216250658035,False
test,0.7812044024467468,0.0,0.0028235772624611855,0.03406166285276413,0.03151708468794823,-0.05956654995679855,-0.03616926819086075,0.06968780606985092,False
train,0.7816211581230164,0.0,0.0028470440302044153,0.034056052565574646,0.03143256902694702,-0.06125709414482117,-0.05121992900967598,0.07984931021928787,False
train,0.7820379137992859,0.0,0.0028642131946980953,0.03405066579580307,0.03135211765766144,-0.059051696211099625,-0.06648173183202744,0.08892088383436203,False
train,0.7824546694755554,0.0,0.0028748882468789816,0.0340464785695076,0.03127622231841087,-0.05574245750904083,-0.08238975703716278,0.09947509318590164,False
train,0.782871425151825,0.0,0.0028786470647901297,0.034043170511722565,0.031205428764224052,-0.05537864565849304,-0.09963712841272354,0.11399277299642563,False
test,0.7832881808280945,0.0,0.002874875906854868,0.03403867036104202,0.031140265986323357,-0.06178421154618263,-0.11872563511133194,0.1338396966457367,False
train,0.783704936504364,0.0,0.0028627351857721806,0.03402966260910034,0.03108123317360878,-0.07717139273881912,-0.1395893692970276,0.15950115025043488,False
train,0.7841216921806335,0.0,0.002841661684215069,0.034012340009212494,0.031028814613819122,-0.10134226083755493,-0.16138413548469543,0.19056519865989685,False
train,0.7845384478569031,0.0,0.002811511978507042,0.033983517438173294,0.03098350390791893,-0.13162705302238464,-0.18273413181304932,0.22520533204078674,False
train,0.7849552035331726,0.0,0.0027727962005883455,0.03394150361418724,0.03094574622809887,-0.163424551486969,-0.20216652750968933,0.2599593997001648,False
test,0.7853719592094421,0.0,0.002726522507146001,0.033886902034282684,0.030916031450033188,-0.19108286499977112,-0.21849940717220306,0.2902665138244629,False
train,0.7857887148857117,0.0,0.0026741602923721075,0.03382258862257004,0.03089478798210621,-0.2091810554265976,-0.23117195069789886,0.3117646276950836,False
train,0.7862054109573364,0.0,0.0026172304060310125,0.03375346213579178,0.030882496386766434,-0.213796928524971,-0.24017901718616486,0.32155105471611023,False
train,0.786622166633606,0.0,0.002557153580710292,0.03368549793958664,0.030879508703947067,-0.20336689054965973,-0.24583783745765686,0.31905224919319153,False
train,0.7870389819145203,0.0,0.002495262073352933,0.03362475335597992,0.03088620863854885,-0.17902778089046478,-0.24855715036392212,0.3063194453716278,False
test,0.787455677986145,0.0,0.002432809676975012,0.0335766077041626,0.030903058126568794,-0.14423605799674988,-0.24858969449996948,0.2874036729335785,False
train,0.7878724336624146,0.0,0.0023708126973360777,0.033544234931468964,0.03093041479587555,-0.10380574315786362,-0.2459595650434494,0.26696768403053284,False
train,0.7882892489433289,0.0,0.002310472773388028,0.033529043197631836,0.030968615785241127,-0.06284373998641968,-0.24054914712905884,0.24862265586853027,False
train,0.7887060046195984,0.0,0.0022530178539454937,0.033530350774526596,0.03101801499724388,-0.025576725602149963,-0.23219764232635498,0.23360204696655273,False
train,0.7891227006912231,0.0,0.0021996810100972652,0.033545881509780884,0.031078940257430077,0.005410239100456238,-0.22087174654006958,0.22093799710273743,False
test,0.7895394563674927,0.0,0.002151701133698225,0.033572807908058167,0.031151684001088142,0.02916957437992096,-0.2067796289920807,0.2088269144296646,False
train,0.789956271648407,0.0,0.0021101143211126328,0.03360830992460251,0.031236527487635612,0.04583916813135147,-0.19049891829490662,0.195936381816864,False
train,0.7903729677200317,0.0,0.002075684256851673,0.03364932909607887,0.03133378550410271,0.05562087893486023,-0.17302128672599792,0.18174169957637787,False
train,0.7907897233963013,0.0,0.002048589987680316,0.03369292616844177,0.031443722546100616,0.058035142719745636,-0.15566052496433258,0.1661272943019867,False
train,0.7912065386772156,0.0,0.002028529765084386,0.03373585268855095,0.03156657889485359,0.05146495997905731,-0.13994228839874268,0.14910562336444855,False
test,0.7916232347488403,0.0,0.002014468889683485,0.033773768693208694,0.03170251101255417,0.033630937337875366,-0.12725983560085297,0.13162866234779358,False
train,0.7920399904251099,0.0,0.0020049531012773514,0.03380163386464119,0.03185177966952324,0.002720758318901062,-0.11846764385700226,0.11849887669086456,False
train,0.7924566864967346,0.0,0.0019983176607638597,0.033813972026109695,0.03201449289917946,-0.04110284894704819,-0.11344821006059647,0.120664581656456,False
train,0.7928735613822937,0.0,0.001993174199014902,0.033805955201387405,0.03219097480177879,-0.09462198615074158,-0.11090214550495148,0.1457827389240265,False
train,0.7932902574539185,0.0,0.0019889725372195244,0.033774711191654205,0.032381217926740646,-0.15151986479759216,-0.10858495533466339,0.18641074001789093,False
test,0.793707013130188,0.0,0.0019860584288835526,0.03372042998671532,0.03258538618683815,-0.20399092137813568,-0.10396453738212585,0.2289561629295349,False
train,0.7941238284111023,0.0,0.001985836075618863,0.03364671394228935,0.03280356153845787,-0.24480167031288147,-0.0950823575258255,0.2626185715198517,False
train,0.794540524482727,0.0,0.0019902605563402176,0.033559203147888184,0.0330357700586319,-0.2692028880119324,-0.0811222493648529,0.2811601161956787,False
train,0.7949572801589966,0.0,0.002001390792429447,0.03346545621752739,0.0332820862531662,-0.2756234407424927,-0.06241553649306297,0.2826021611690521,False
train,0.7953739762306213,0.0,0.002021003980189562,0.03337273746728897,0.03354257345199585,-0.2651539444923401,-0.04010993614792824,0.2681705057621002,False
test,0.7957907915115356,0.0,0.0020503199193626642,0.03328748792409897,0.03381718322634697,-0.24048474431037903,-0.015595555305480957,0.24098989367485046,False
train,0.7962075471878052,0.0,0.0020899649243801832,0.033214982599020004,0.03410585969686508,-0.20496244728565216,0.009808897972106934,0.2051970213651657,False
train,0.7966242432594299,0.0,0.0021400966215878725,0.033159125596284866,0.03440845012664795,-0.1620790660381317,0.0350547656416893,0.16582660377025604,False
train,0.7970410585403442,0.0,0.0022005047649145126,0.03312211111187935,0.034725017845630646,-0.1153285801410675,0.059306949377059937,0.1296842247247696,False
train,0.7974578142166138,0.0,0.002270614495500922,0.03310495242476463,0.03505523502826691,-0.06827601045370102,0.08174651861190796,0.10650871694087982,False
test,0.7978745698928833,0.0,0.0023495315108448267,0.03310693800449371,0.035399001091718674,-0.024360261857509613,0.10146907716989517,0.10435226559638977,False
train,0.7982912659645081,0.0,0.0024358693044632673,0.03312625735998154,0.03575599566102028,0.013317964971065521,0.1173645555973053,0.11811777204275131,False
train,0.7987080812454224,0.0,0.0025278867688030005,0.03315969184041023,0.03612612932920456,0.04234062135219574,0.12817448377609253,0.1349867582321167,False
train,0.7991248369216919,0.0,0.002623100997880101,0.03320324420928955,0.036508917808532715,0.06109803915023804,0.13259285688400269,0.14599259197711945,False
train,0.7995415329933167,0.0,0.0027186907827854156,0.0332525335252285,0.03690402954816818,0.06881459057331085,0.12951058149337769,0.1466575562953949,False
test,0.7999582886695862,0.0,0.0028113259468227625,0.03330281376838684,0.037311144173145294,0.06544744968414307,0.11825667321681976,0.1351591944694519,False
train,0.8003751039505005,0.0,0.002897626021876931,0.03334977105259895,0.03772983327507973,0.05163660645484924,0.09891204535961151,0.11157926172018051,False
train,0.8007918000221252,0.0,0.0029743569903075695,0.03338916227221489,0.03815939649939537,0.028791427612304688,0.07242382317781448,0.07793687283992767,False
train,0.8012085556983948,0.0,0.0030388468876481056,0.03341766074299812,0.038599468767642975,-0.0007243603467941284,0.04060429334640503,0.04061075299978256,False
train,0.8016253709793091,0.0,0.0030894388910382986,0.03343334421515465,0.03904944658279419,-0.03342502936720848,0.005971208214759827,0.0339542031288147,False
test,0.8020420670509338,0.0,0.0031255227513611317,0.0334356389939785,0.03950852155685425,-0.06490582227706909,-0.02865269035100937,0.07094887644052505,False
train,0.8024588227272034,0.0,0.003147626295685768,0.03342612460255623,0.039976123720407486,-0.0904458612203598,-0.06065826490521431,0.10890307277441025,False
train,0.8028755784034729,0.0,0.0031572210136801004,0.033408090472221375,0.040451422333717346,-0.10594945400953293,-0.08806794881820679,0.13777245581150055,False
train,0.8032923936843872,0.0,0.00315651623532176,0.03338633105158806,0.04093369469046593,-0.10892792046070099,-0.10997554659843445,0.15478989481925964,False
train,0.803709089756012,0.0,0.003147830255329609,0.03336627036333084,0.04142192006111145,-0.09909147024154663,-0.1265571415424347,0.16073527932167053,False
test,0.8041258454322815,0.0,0.003133117686957121,0.03335286304354668,0.04191534221172333,-0.07827089726924896,-0.13895060122013092,0.15947915613651276,False
train,0.8045426607131958,0.0,0.0031138500198721886,0.03335006535053253,0.04241298511624336,-0.04986298829317093,-0.14884299039840698,0.15697310864925385,False
train,0.8049593567848206,0.0,0.003090646816417575,0.03336023539304733,0.042913589626550674,-0.017765343189239502,-0.15798209607601166,0.15897782146930695,False
train,0.8053761124610901,0.0,0.003063573269173503,0.033384084701538086,0.0434163361787796,0.014607243239879608,-0.1676941215991974,0.168329119682312,False
train,0.8057928085327148,0.0,0.003032279433682561,0.03342138230800629,0.043919969350099564,0.04496200382709503,-0.17857761681079865,0.18415087461471558,False
test,0.8062096238136292,0.0,0.002996276132762432,0.03347093239426613,0.04442354291677475,0.07232185453176498,-0.1903935968875885,0.2036668211221695,False
train,0.8066263794898987,0.0,0.0029554094653576612,0.03353135287761688,0.04492560774087906,0.09671781957149506,-0.2021096646785736,0.22405949234962463,False
train,0.8070430755615234,0.0,0.0029100654646754265,0.033601727336645126,0.04542500153183937,0.11877381801605225,-0.21213451027870178,0.2431219220161438,False
train,0.807459831237793,0.0,0.0028612592723220587,0.03368114307522774,0.04592059552669525,0.13923098146915436,-0.21866098046302795,0.2592255473136902,False
train,0.8078766465187073,0.0,0.0028109296690672636,0.03376910090446472,0.04641103744506836,0.15862496197223663,-0.2200482189655304,0.2712620496749878,False
test,0.8082934021949768,0.0,0.0027613802812993526,0.03386521711945534,0.04689490795135498,0.1773044764995575,-0.21508994698524475,0.27874821424484253,False
train,0.8087100982666016,0.0,0.002715514274314046,0.033969104290008545,0.047370899468660355,0.19542644917964935,-0.2032817304134369,0.28198397159576416,False
train,0.8091269135475159,0.0,0.002676087897270918,0.03408076614141464,0.04783790931105614,0.21301177144050598,-0.1847897171974182,0.28199511766433716,False
train,0.8095436692237854,0.0,0.002645776839926839,0.034199804067611694,0.04829433932900429,0.22982662916183472,-0.16046524047851562,0.2803022861480713,False
train,0.8099603652954102,0.0,0.0026267662178725004,0.034325726330280304,0.048738908022642136,0.24518324434757233,-0.13170301914215088,0.27831727266311646,False
test,0.8103771209716797,0.0,0.002620505169034004,0.03445781022310257,0.04917038977146149,0.2578001022338867,-0.10028275102376938,0.27661800384521484,False
train,0.810793936252594,0.0,0.0026277094148099422,0.03459445759654045,0.049587421119213104,0.26583999395370483,-0.06833059340715408,0.27448126673698425,False
train,0.8112106323242188,0.0,0.0026480797678232193,0.034733306616544724,0.04998866841197014,0.26734277606010437,-0.03820428252220154,0.2700587511062622,False
train,0.8116273880004883,0.0,0.002680406207218766,0.034871362149715424,0.050372954457998276,0.26088443398475647,-0.012175634503364563,0.26116839051246643,False
train,0.8120442032814026,0.0,0.002722560428082943,0.03500523418188095,0.05073913559317589,0.24618586897850037,0.007978461682796478,0.2463151216506958,False
test,0.8124609589576721,0.0,0.0027719156350940466,0.035131461918354034,0.05108591169118881,0.22435706853866577,0.02162061631679535,0.22539640963077545,False
train,0.8128776550292969,0.0,0.002825886709615588,0.03524772450327873,0.051412150263786316,0.19751480221748352,0.02986200898885727,0.19975945353507996,False
train,0.8132944107055664,0.0,0.0028827714268118143,0.03535233065485954,0.05171689763665199,0.16800834238529205,0.03562277555465698,0.17174337804317474,False
train,0.8137112259864807,0.0,0.0029423420783132315,0.03544461727142334,0.05199922248721123,0.13784974813461304,0.042956650257110596,0.14438776671886444,False
train,0.8141279220581055,0.0,0.0030060801655054092,0.035524509847164154,0.05225801467895508,0.10864841938018799,0.055635757744312286,0.12206480652093887,False
test,0.814544677734375,0.0,0.0030766453128308058,0.035592857748270035,0.052492670714855194,0.0817965418100357,0.07546734064817429,0.11129238456487656,False
train,0.8149614930152893,0.0,0.0031568543054163456,0.035650793462991714,0.0527024082839489,0.05843212455511093,0.10099079459905624,0.1166767105460167,False
train,0.8153781890869141,0.0,0.003248061053454876,0.035699885338544846,0.05288640409708023,0.0388769656419754,0.1269557774066925,0.1327749639749527,False
train,0.8157949447631836,0.0,0.0033488639164716005,0.03574162721633911,0.05304430425167084,0.022555723786354065,0.14531046152114868,0.1470506340265274,False
train,0.8162116408348083,0.0,0.0034541625063866377,0.035777173936367035,0.05317550525069237,0.008616618812084198,0.14731600880622864,0.14756779372692108,False
test,0.8166284561157227,0.0,0.003555762581527233,0.035807255655527115,0.053279809653759,-0.003405824303627014,0.12646004557609558,0.12650589644908905,False
train,0.8170452117919922,0.0,0.003643461037427187,0.035832829773426056,0.05335679277777672,-0.013543974608182907,0.08062281459569931,0.08175253868103027,False
train,0.8174619674682617,0.0,0.003707276890054345,0.03585461527109146,0.05340643227100372,-0.021935448050498962,0.01272536814212799,0.025359394028782845,False
train,0.817878782749176,0.0,0.0037393856327980757,0.035873230546712875,0.05342863127589226,-0.029185697436332703,-0.07028220593929291,0.07610120624303818,False
train,0.8182954788208008,0.0,0.003735269419848919,0.035888828337192535,0.053423505276441574,-0.03618226572871208,-0.15941086411476135,0.16346552968025208,False
test,0.8187122344970703,0.0,0.0036943480372428894,0.03590148687362671,0.053391147404909134,-0.04357590526342392,-0.24593743681907654,0.24976804852485657,False
train,0.8191289305686951,0.0,0.0036191768012940884,0.03591088578104973,0.0533318892121315,-0.05140220373868942,-0.32293030619621277,0.3269956707954407,False
train,0.8195457458496094,0.0,0.0035147005692124367,0.03591708838939667,0.053246062248945236,-0.05900222063064575,-0.38600730895996094,0.3904905915260315,False
train,0.8199625015258789,0.0,0.003387303091585636,0.03592025488615036,0.053134143352508545,-0.06518681347370148,-0.4331296980381012,0.4380075931549072,False
train,0.8203791975975037,0.0,0.0032437231857329607,0.035921379923820496,0.05299684405326843,-0.06832301616668701,-0.46381717920303345,0.4688223898410797,False
test,0.8207959532737732,0.0,0.003090786514803767,0.03592219576239586,0.05283462628722191,-0.06625985354185104,-0.4781007170677185,0.4826703667640686,False
train,0.8212127685546875,0.0,0.0029353720601648092,0.03592531010508537,0.052648335695266724,-0.056249506771564484,-0.4758225679397583,0.47913581132888794,False
train,0.8216294646263123,0.0,0.002784476615488529,0.03593467175960541,0.05243879556655884,-0.03567451983690262,-0.45683032274246216,0.4582211375236511,False
train,0.8220462203025818,0.0,0.002644857158884406,0.035954799503088,0.05220687389373779,-0.003987498581409454,-0.42213645577430725,0.4221552908420563,False
train,0.8224630355834961,0.0,0.0025224906858056784,0.03598983958363533,0.05195349454879761,0.03487956523895264,-0.375174880027771,0.3767927587032318,False
test,0.8228797912597656,0.0,0.0024213450960814953,0.036040887236595154,0.051679786294698715,0.07187282294034958,-0.32187095284461975,0.3297978341579437,False
train,0.8232964873313904,0.0,0.002342615043744445,0.0361049510538578,0.05138692259788513,0.09582877159118652,-0.2692498564720154,0.285794734954834,False
train,0.8237132430076599,0.0,0.0022847128566354513,0.03617469221353531,0.051075879484415054,0.0990014374256134,-0.22303494811058044,0.2440202236175537,False
train,0.8241300582885742,0.0,0.0022443209309130907,0.03624111786484718,0.05074772238731384,0.0806296169757843,-0.18575617671012878,0.2025005966424942,False
train,0.824546754360199,0.0,0.0022178245708346367,0.03629607707262039,0.05040393024682999,0.04602440446615219,-0.15633122622966766,0.162965327501297,False
test,0.8249635100364685,0.0,0.00220263353548944,0.03633427619934082,0.05004558339715004,0.002568252384662628,-0.13125649094581604,0.13128161430358887,False
train,0.8253803253173828,0.0,0.002197667257860303,0.03635362535715103,0.04967400059103966,-0.0434316024184227,-0.10687774419784546,0.11536531895399094,False
train,0.8257970213890076,0.0,0.002203095005825162,0.03635387495160103,0.049290429800748825,-0.08768191933631897,-0.08124609291553497,0.11953680217266083,False
train,0.8262137770652771,0.0,0.002219423418864608,0.03633640706539154,0.04889620095491409,-0.12735286355018616,-0.054766587913036346,0.1386294662952423,False
train,0.8266304731369019,0.0,0.0022465914953500032,0.0363035686314106,0.04849246144294739,-0.15995998680591583,-0.029567599296569824,0.16266973316669464,False
test,0.8270473480224609,0.0,0.0022834890987724066,0.03625892475247383,0.0480804480612278,-0.18288052082061768,-0.00824853777885437,0.1830664426088333,False
train,0.8274640440940857,0.0,0.002327977679669857,0.036206990480422974,0.047661684453487396,-0.19362379610538483,0.007070161402225494,0.19375282526016235,False
train,0.8278807997703552,0.0,0.002377308439463377,0.03615320101380348,0.04723723605275154,-0.1909177601337433,0.015263520181179047,0.19152693450450897,False
train,0.82829749584198,0.0,0.0024284743703901768,0.03610314428806305,0.046808380633592606,-0.17568019032478333,0.016229726374149323,0.17642827332019806,False
train,0.8287143111228943,0.0,0.0024785802233964205,0.036061111837625504,0.046376097947359085,-0.1512758880853653,0.010731488466262817,0.15165606141090393,False
test,0.8291310667991638,0.0,0.0025252443738281727,0.03603019565343857,0.04594182223081589,-0.12283523380756378,0.00018915534019470215,0.12283537536859512,False
train,0.8295477628707886,0.0,0.0025667014997452497,0.03601079806685448,0.04550663381814957,-0.09600727260112762,-0.013698026537895203,0.0969795510172844,False
train,0.8299645781517029,0.0,0.0026019462384283543,0.036001209169626236,0.04507146775722504,-0.07582499086856842,-0.02917344868183136,0.08124358206987381,False
train,0.8303813338279724,0.0,0.0026306691579520702,0.03599763289093971,0.0446375347673893,-0.06622292846441269,-0.04478761926293373,0.07994627207517624,False
train,0.8307980298995972,0.0,0.002653028815984726,0.03599535673856735,0.04420588165521622,-0.06984104216098785,-0.05946842581033707,0.0917292982339859,False
test,0.8312147855758667,0.0,0.0026696017012000084,0.035988327115774155,0.04377732053399086,-0.08771074563264847,-0.07240685075521469,0.11373621970415115,False
train,0.831631600856781,0.0,0.0026812972500920296,0.03597089275717735,0.043352723121643066,-0.11837579309940338,-0.08265019953250885,0.14437411725521088,False
train,0.8320483565330505,0.0,0.002689495449885726,0.03593871369957924,0.042933180928230286,-0.15661481022834778,-0.08855774998664856,0.17991851270198822,False
train,0.8324650526046753,0.0,0.0026965425349771976,0.03589038923382759,0.04251947999000549,-0.19266155362129211,-0.08741846680641174,0.21156668663024902,False
train,0.8328818678855896,0.0,0.002706096274778247,0.035829659551382065,0.04211217537522316,-0.21308881044387817,-0.07564093917608261,0.226115882396698,False
test,0.8332986235618591,0.0,0.00272325798869133,0.03576589375734329,0.04171222820878029,-0.2044534981250763,-0.05001090094447136,0.2104811668395996,False
train,0.8337153196334839,0.0,0.002754081506282091,0.03571302816271782,0.04132020100951195,-0.15968382358551025,-0.009954623878002167,0.15999379754066467,False
train,0.8341320753097534,0.0,0.0028038928285241127,0.035685524344444275,0.04093678295612335,-0.0839529037475586,0.04000868648290634,0.09299883991479874,False
train,0.8345488905906677,0.0,0.002874875906854868,0.03569290041923523,0.040562406182289124,0.005174219608306885,0.08974365144968033,0.08989269286394119,False
train,0.8349655866622925,0.0,0.0029643571469932795,0.03573634475469589,0.040197767317295074,0.08645261824131012,0.1270560920238495,0.1536792367696762,False
test,0.835382342338562,0.0,0.0030654058791697025,0.03580942004919052,0.03984330594539642,0.14701995253562927,0.144450843334198,0.20610898733139038,False
train,0.8357991576194763,0.0,0.003169821109622717,0.03590310364961624,0.03949937969446182,0.18675993382930756,0.1435280293226242,0.23554101586341858,False
train,0.8362159132957458,0.0,0.0032715124543756247,0.036010149866342545,0.03916648030281067,0.21289590001106262,0.13274222612380981,0.25088873505592346,False
train,0.8366326093673706,0.0,0.0033682172652333975,0.03612624108791351,0.038844995200634,0.231663778424263,0.12055259943008423,0.26115328073501587,False
train,0.8370493650436401,0.0,0.003460572799667716,0.0362488217651844,0.03853514790534973,0.24432167410850525,0.1106487438082695,0.2682092785835266,False
test,0.8374661803245544,0.0,0.0035491816233843565,0.036374837160110474,0.03823718801140785,0.24815350770950317,0.10181058943271637,0.268226683139801,False
train,0.8378828763961792,0.00157167948782444,0.0036339994985610247,0.036499980837106705,0.0379515215754509,0.2403092086315155,0.09166451543569565,0.25719815492630005,False
train,0.8382996320724487,0.0041435188613832,0.0037142920773476362,0.03661932051181793,0.03767811879515648,0.22067728638648987,0.0795321986079216,0.23457160592079163,False
train,0.838716447353363,0.0033955001272261143,0.003789398120716214,0.03672831505537033,0.037417296320199966,0.19220668077468872,0.0663856565952301,0.20334814488887787,False
train,0.8391331434249878,0.003538380144163966,0.0038592680357396603,0.03682440146803856,0.0371692068874836,0.15958324074745178,0.05327271670103073,0.1682402789592743,False
test,0.8395498991012573,0.002197830006480217,0.003923472017049789,0.03690660744905472,0.03693384304642677,0.12677693367004395,0.03898884356021881,0.13263680040836334,False
train,0.8399665951728821,0.002689504995942116,0.003980799578130245,0.03697528690099716,0.036711372435092926,0.09531474858522415,0.01929689198732376,0.09724850207567215,False
train,0.8403834104537964,0.003815735224634409,0.004027896095067263,0.0370309092104435,0.036501724272966385,0.06349845230579376,-0.012753166258335114,0.06476648151874542,False
train,0.8408001661300659,0.006169052328914404,0.004057640675455332,0.03707236051559448,0.03630497306585312,0.026950590312480927,-0.06511831283569336,0.0704750195145607,False
train,0.8412169218063354,0.014859515242278576,0.004060198087245226,0.037096522748470306,0.036121174693107605,-0.020204540342092514,-0.14370512962341309,0.14511851966381073,False
test,0.8416336178779602,0.004765466786921024,0.00402441481128335,0.037097714841365814,0.0359501987695694,-0.0837269127368927,-0.2487800270318985,0.2624913454055786,False
train,0.8420504331588745,0.005954732187092304,0.003940618596971035,0.03706827759742737,0.035792022943496704,-0.16743329167366028,-0.3713970184326172,0.4073937237262726,False
train,0.842467188835144,0.011917869560420513,0.0038053495809435844,0.036999575793743134,0.03564652428030968,-0.27076029777526855,-0.4922393560409546,0.5617924332618713,False
train,0.8428838849067688,0.008081122301518917,0.0036244227085262537,0.03688491880893707,0.03551369905471802,-0.38615500926971436,-0.5854259729385376,0.7013125419616699,False
train,0.8433007001876831,0.012623864226043224,0.003414473496377468,0.03672219067811966,0.03539329022169113,-0.4972289204597473,-0.627745509147644,0.8008127212524414,False
test,0.8437174558639526,0.0044334810227155685,0.0031994751188904047,0.03651810437440872,0.03528522700071335,-0.5805051922798157,-0.6088116765022278,0.8412121534347534,False
train,0.8441341519355774,0.0026937073562294245,0.003004035446792841,0.03628900647163391,0.035189397633075714,-0.613085150718689,-0.5350376963615417,0.8137190937995911,False
train,0.8445509076118469,0.0031643707770854235,0.002847392112016678,0.03605927899479866,0.03510552644729614,-0.5832024812698364,-0.42500174045562744,0.7216312289237976,False
train,0.8449677228927612,0.003487951820716262,0.0027401933912187815,0.035854220390319824,0.035033442080020905,-0.4959872364997864,-0.2998168170452118,0.5795631408691406,False
train,0.845384418964386,0.003529975423589349,0.002685161307454109,0.03569440171122551,0.03497302904725075,-0.3698940575122833,-0.17591997981071472,0.40959668159484863,False
test,0.8458011746406555,0.01257343590259552,0.0026795933954417706,0.03559134155511856,0.03492390736937523,-0.22702139616012573,-0.06252682209014893,0.23547466099262238,False
train,0.8462179899215698,0.0024037451948970556,0.0027183345519006252,0.03554791957139969,0.0348859503865242,-0.08551247417926788,0.03679770231246948,0.09309379011392593,False
train,0.8466347455978394,0.007370924577116966,0.002795394044369459,0.03556103631854057,0.03485887125134468,0.04271889477968216,0.12157516181468964,0.12886203825473785,False
train,0.8470514416694641,0.012758339755237103,0.002904807683080435,0.03562358021736145,0.03484240919351578,0.15076753497123718,0.1920732855796814,0.24417820572853088,False
train,0.8474681973457336,0.007513804826885462,0.003040709299966693,0.035726238042116165,0.03483627736568451,0.23462893068790436,0.24796272814273834,0.3413740396499634,False
test,0.847885012626648,0.012838183902204037,0.0031966750975698233,0.03585844859480858,0.03484014794230461,0.29183343052864075,0.28757965564727783,0.40971794724464417,False
train,0.8483017086982727,0.004357838537544012,0.0033654235303401947,0.03600862994790077,0.03485378250479698,0.32123273611068726,0.3083012104034424,0.44524163007736206,False
train,0.8487184643745422,0.0,0.003538567805662751,0.03616534173488617,0.03487677127122879,0.32332319021224976,0.30748844146728516,0.4461916983127594,False
train,0.849135160446167,0.0,0.0037067404482513666,0.03631770238280296,0.03490886837244034,0.3003588914871216,0.28369566798210144,0.41315698623657227,False
train,0.8495519757270813,0.0,0.003860484343022108,0.03645595908164978,0.03494973108172417,0.2561245560646057,0.23765185475349426,0.3493969142436981,False
test,0.8499687314033508,0.0,0.003990970551967621,0.03657218813896179,0.034998971968889236,0.19538992643356323,0.17258256673812866,0.2606951594352722,False
train,0.8503854274749756,0.0,0.0040914397686719894,0.03666054829955101,0.035056229680776596,0.12320679426193237,0.09372398257255554,0.15480342507362366,False
train,0.8508023023605347,0.0,0.004157299641519785,0.036717500537633896,0.03512125834822655,0.04445947706699371,0.007199473679065704,0.0450386218726635,False
train,0.8512189984321594,0.0,0.004186605103313923,0.03674092888832092,0.03519344702363014,-0.036048781126737595,-0.08062494546175003,0.08831702172756195,False
train,0.851635754108429,0.0,0.004180022049695253,0.036731377243995667,0.03527263551950455,-0.11372365057468414,-0.16426502168178558,0.19979004561901093,False
test,0.8520524501800537,0.0,0.004140244796872139,0.03669087216258049,0.03535829484462738,-0.18385832011699677,-0.23924314975738525,0.30173027515411377,False
train,0.852469265460968,0.0,0.004071506671607494,0.0366235114634037,0.03545016050338745,-0.24189934134483337,-0.30251768231391907,0.3873399496078491,False
train,0.8528860211372375,0.0,0.00397911760956049,0.03653523325920105,0.03554769605398178,-0.2838135063648224,-0.3523218035697937,0.4524165689945221,False
train,0.8533027172088623,0.0,0.0038687719497829676,0.0364333875477314,0.035650547593832016,-0.3067667782306671,-0.3881933093070984,0.4947725832462311,False
train,0.8537195324897766,0.0,0.0037461798638105392,0.03632620349526405,0.035758331418037415,-0.30978578329086304,-0.410685271024704,0.5144216418266296,False
test,0.8541362881660461,0.0,0.0036167108919471502,0.036221712827682495,0.03587060794234276,-0.29391300678253174,-0.42106521129608154,0.5134985446929932,False
train,0.8545529842376709,0.0,0.0034850002266466618,0.03612741455435753,0.03598695248365402,-0.2620803117752075,-0.42108333110809326,0.4959810972213745,False
train,0.8549697399139404,0.0,0.0033550856169313192,0.03604896366596222,0.03610697388648987,-0.21847665309906006,-0.41278842091560364,0.46703997254371643,False
train,0.8553865551948547,0.0,0.0032298718579113483,0.035990387201309204,0.03623025864362717,-0.16796380281448364,-0.3983066976070404,0.43227311968803406,False
train,0.8558033108711243,0.0,0.003111613681539893,0.035953447222709656,0.0363563671708107,-0.11546604335308075,-0.37957966327667236,0.3967532217502594,False
test,0.856220006942749,0.0,0.003001836594194174,0.03593803569674492,0.03648485615849495,-0.06548094004392624,-0.35800889134407043,0.36394795775413513,False
train,0.8566368222236633,0.0,0.002901510801166296,0.035942383110523224,0.03661533072590828,-0.021638307720422745,-0.3340734839439392,0.3347735106945038,False
train,0.8570535778999329,0.0,0.0028117515612393618,0.03596329689025879,0.03674743324518204,0.013426750898361206,-0.307430624961853,0.30772367119789124,False
train,0.8574702739715576,0.0,0.002733868081122637,0.035996731370687485,0.036880724132061005,0.038136884570121765,-0.2773641049861908,0.27997368574142456,False
train,0.8578870296478271,0.0,0.0026693386025726795,0.036038219928741455,0.03701479732990265,0.051569536328315735,-0.24362599849700928,0.2490241825580597,False
test,0.8583038449287415,0.0,0.0026195570826530457,0.036082930862903595,0.03714930638670921,0.05315394699573517,-0.20710711181163788,0.21381931006908417,False
train,0.8587205410003662,0.0,0.002585324924439192,0.03612591698765755,0.03728377819061279,0.04291866719722748,-0.16972637176513672,0.1750687211751938,False
train,0.8591372966766357,0.0,0.0025665119756013155,0.03616238012909889,0.03741789981722832,0.02217993512749672,-0.1336999237537384,0.13552719354629517,False
train,0.85955411195755,0.0,0.0025621645618230104,0.036188602447509766,0.037551362067461014,-0.0058781057596206665,-0.1008002981543541,0.10097154229879379,False
train,0.8599708080291748,0.0,0.0025707115419209003,0.036202482879161835,0.03768369182944298,-0.03643716871738434,-0.07192506641149521,0.08062805235385895,False
test,0.8603875637054443,0.0,0.0025904616340994835,0.03620407357811928,0.03781463950872421,-0.06431463360786438,-0.047121450304985046,0.07972955703735352,False
train,0.8608043193817139,0.0,0.0026197279803454876,0.036195434629917145,0.037943851202726364,-0.0854141116142273,-0.026033803820610046,0.08929350227117538,False
train,0.8612211346626282,0.0,0.0026570481713861227,0.03617975115776062,0.038071054965257645,-0.09795605391263962,-0.008479543030261993,0.09832238405942917,False
train,0.8616378307342529,0.0,0.002700850134715438,0.036160629242658615,0.038195885717868805,-0.10267148911952972,0.005164444446563721,0.10280129313468933,False
train,0.8620545864105225,0.0,0.0027493226807564497,0.03614077344536781,0.03831811249256134,-0.10213547945022583,0.013835400342941284,0.10306829959154129,False
test,0.8624712824821472,0.0,0.0028000781312584877,0.03612175211310387,0.03843746334314346,-0.09969569742679596,0.016084879636764526,0.10098492354154587,False
train,0.8628880977630615,0.0,0.002850146032869816,0.03610362485051155,0.038553737103939056,-0.09831394255161285,0.010649822652339935,0.09888908267021179,False
train,0.863304853439331,0.0,0.0028962823562324047,0.03608556091785431,0.038666628301143646,-0.09977074712514877,-0.0027567893266677856,0.09980882704257965,False
train,0.8637215495109558,0.0,0.0029352731071412563,0.036066215485334396,0.0387759767472744,-0.10432938486337662,-0.022890619933605194,0.1068110540509224,False
train,0.8641383647918701,0.0,0.002964974148198962,0.0360446460545063,0.038881633430719376,-0.11086232215166092,-0.04680042713880539,0.12033592164516449,False
test,0.8645551204681396,0.0,0.002984572434797883,0.03602023422718048,0.038983311504125595,-0.11729186773300171,-0.07031071186065674,0.13675153255462646,False
train,0.8649718165397644,0.0,0.002995159476995468,0.03599371016025543,0.039080992341041565,-0.12119166553020477,-0.08909932523965836,0.15041977167129517,False
train,0.8653885722160339,0.0,0.002999521791934967,0.03596648946404457,0.039174437522888184,-0.12044494599103928,-0.09977645426988602,0.15640437602996826,False
train,0.8658053874969482,0.0,0.003001357661560178,0.03594077751040459,0.039263684302568436,-0.11391332745552063,-0.10094964504241943,0.15220734477043152,False
train,0.8662221431732178,0.0,0.003004577476531267,0.035919032990932465,0.03934851288795471,-0.10176123678684235,-0.09335847944021225,0.13809834420681,False
test,0.8666388392448425,0.0,0.0030123023316264153,0.03590330109000206,0.03942891210317612,-0.08540982753038406,-0.07956024259328842,0.11672476679086685,False
train,0.8670556545257568,0.0,0.0030264523811638355,0.035894975066185,0.03950482979416847,-0.0669776201248169,-0.06317956745624542,0.0920742079615593,False
train,0.8674724102020264,0.0,0.003047332866117358,0.03589440509676933,0.039576206356287,-0.04857965558767319,-0.04812299460172653,0.06837986409664154,False
train,0.8678891062736511,0.0,0.003073532599955797,0.035901229828596115,0.03964301571249962,-0.03173423558473587,-0.03785296529531479,0.04939543083310127,False
train,0.8683058619499207,0.0,0.0031025707721710205,0.035914525389671326,0.0397053025662899,-0.01719672605395317,-0.0348387137055397,0.03885181248188019,False
test,0.868722677230835,0.0,0.003131134668365121,0.03593358397483826,0.03976308926939964,-0.0051712095737457275,-0.04034101963043213,0.04067111015319824,False
train,0.8691393733024597,0.0,0.0031556538306176662,0.035957131534814835,0.03981637954711914,0.004368863999843597,-0.05432762950658798,0.05450301244854927,False
train,0.8695561289787292,0.0,0.00317276525311172,0.03598404303193092,0.039865221828222275,0.011450324207544327,-0.07570909708738327,0.07657007873058319,False
train,0.869972825050354,0.0,0.0031797681003808975,0.036013465374708176,0.03990968316793442,0.015992194414138794,-0.10264579206705093,0.10388411581516266,False
train,0.8703896999359131,0.0,0.0031748004257678986,0.036044251173734665,0.039949893951416016,0.017832178622484207,-0.1329563707113266,0.13414686918258667,False
test,0.8708063960075378,0.0025634344201534986,0.0031569460406899452,0.03607523441314697,0.039985887706279755,0.01696990430355072,-0.16425831615924835,0.16513259708881378,False
train,0.8712231516838074,0.0052193207666277885,0.0031263025011867285,0.036105360835790634,0.040017738938331604,0.01385270431637764,-0.19423174858093262,0.19472511112689972,False
train,0.8716399669647217,0.0052193207666277885,0.003083866322413087,0.03613404557108879,0.04004566743969917,0.009586073458194733,-0.22058966755867004,0.2207978516817093,False
train,0.8720566630363464,0.005215118173509836,0.0030316095799207687,0.036160893738269806,0.040069688111543655,0.005867321044206619,-0.24138686060905457,0.24145816266536713,False
train,0.872473418712616,0.005236130207777023,0.0029721513856202364,0.03618672117590904,0.0400899201631546,0.004602216184139252,-0.25520533323287964,0.2552468478679657,False
test,0.8728901147842407,0.005215118173509836,0.002908558351919055,0.03621280565857887,0.040106579661369324,0.007291629910469055,-0.261380672454834,0.2614823579788208,False
train,0.873306930065155,0.0052193207666277885,0.0028439939487725496,0.036240916699171066,0.04011975973844528,0.014411166310310364,-0.2601735293865204,0.2605723440647125,False
train,0.8737236857414246,0.0052193207666277885,0.0027813599444925785,0.036272816359996796,0.040129564702510834,0.025167889893054962,-0.2526181936264038,0.25386881828308105,False
train,0.8741403818130493,0.0052193207666277885,0.002723005134612322,0.03630968928337097,0.04013622924685478,0.037629712373018265,-0.24025695025920868,0.24318593740463257,False
train,0.8745572566986084,0.0052193207666277885,0.0026705502532422543,0.03635166212916374,0.040139831602573395,0.0492866225540638,-0.22477349638938904,0.2301136553287506,False
test,0.8749739527702332,0.0052193207666277885,0.002624996704980731,0.036397840827703476,0.040140535682439804,0.0576038733124733,-0.20777627825737,0.21561351418495178,False
train,0.8753907084465027,0.005236130207777023,0.002586689544841647,0.03644643723964691,0.040138423442840576,0.06051786243915558,-0.19057440757751465,0.19995252788066864,False
train,0.8758074045181274,0.0052193207666277885,0.002555461134761572,0.03649500012397766,0.04013371467590332,0.056644074618816376,-0.17414280772209167,0.1831236481666565,False
train,0.8762242197990417,0.005215118173509836,0.002530882600694895,0.03654024749994278,0.04012658819556236,0.045228611677885056,-0.1591421365737915,0.16544438898563385,False
train,0.8766409754753113,0.005215118173509836,0.002512236824259162,0.03657917678356171,0.04011711850762367,0.026113450527191162,-0.14593762159347534,0.14825552701950073,False
test,0.877057671546936,0.0052193207666277885,0.0024987487122416496,0.03660855442285538,0.04010540992021561,-0.00040399283170700073,-0.1346089243888855,0.13460953533649445,False
train,0.8774744868278503,0.0052193207666277885,0.002489655977115035,0.03662554547190666,0.040091607719659805,-0.03353390842676163,-0.12495745718479156,0.12937885522842407,False
train,0.8778912425041199,0.005210916046053171,0.0024843248538672924,0.03662753850221634,0.040075842291116714,-0.07185368984937668,-0.1165335476398468,0.13690514862537384,False
train,0.8783079385757446,0.0052193207666277885,0.0024823674466460943,0.0366128608584404,0.040058255195617676,-0.11308710277080536,-0.10856301337480545,0.15676294267177582,False
train,0.8787246942520142,0.005252939648926258,0.002483793767169118,0.036580927670001984,0.040038954466581345,-0.15397758781909943,-0.09998966008424759,0.1835947483778,False
test,0.8791415095329285,0.005210916046053171,0.0024890927597880363,0.036532726138830185,0.040017999708652496,-0.1904253512620926,-0.08948573470115662,0.2104032188653946,False
train,0.8795582056045532,0.005210916046053171,0.002499343827366829,0.03647100180387497,0.03999543562531471,-0.21804854273796082,-0.0756402239203453,0.23079560697078705,False
train,0.8799749612808228,0.0052193207666277885,0.002516221720725298,0.0364002101123333,0.03997140750288963,-0.23321852087974548,-0.05716794729232788,0.240122988820076,False
train,0.8803917765617371,0.0052193207666277885,0.0025417825672775507,0.03632602095603943,0.03994598612189293,-0.23410564661026,-0.033318892121315,0.23646479845046997,False
train,0.8808085322380066,0.005215118173509836,0.0025783118326216936,0.03625432029366493,0.039919234812259674,-0.22164691984653473,-0.004244029521942139,0.22168754041194916,False
test,0.8812252283096313,0.005215118173509836,0.0026277333963662386,0.0361899733543396,0.03989112749695778,-0.19965606927871704,0.028757743537425995,0.20171651244163513,False
train,0.8816419839859009,0.005244534928351641,0.00269123911857605,0.036135733127593994,0.03986175358295441,-0.17407235503196716,0.06315141916275024,0.1851736605167389,False
train,0.8820587992668152,0.0052193207666277885,0.0027686890680342913,0.03609173744916916,0.039831142872571945,-0.15130910277366638,0.09533844143152237,0.17884032428264618,False
train,0.8824754953384399,0.005215118173509836,0.0028582881204783916,0.0360557995736599,0.039799269288778305,-0.13616497814655304,0.12124359607696533,0.18232089281082153,False
train,0.8828922510147095,0.005215118173509836,0.002956627169623971,0.036024127155542374,0.03976622223854065,-0.1304692029953003,0.13708192110061646,0.18924498558044434,False
test,0.8833089470863342,0.005210916046053171,0.00305892969481647,0.035993099212646484,0.03973192721605301,-0.13263638317584991,0.14022913575172424,0.19301974773406982,False
train,0.8837257623672485,0.0052193207666277885,0.0031597125343978405,0.035960130393505096,0.039696354418992996,-0.13851746916770935,0.1299247443675995,0.1899145394563675,False
train,0.8841425180435181,0.0052193207666277885,0.0032535113859921694,0.03592486307024956,0.03965948149561882,-0.1429377794265747,0.10752027481794357,0.1788625717163086,False
train,0.8845592141151428,0.0052193207666277885,0.003335845423862338,0.035888880491256714,0.039621349424123764,-0.14131763577461243,0.07609241455793381,0.16050149500370026,False
train,0.8849760890007019,0.005257141776382923,0.003403882496058941,0.03585529327392578,0.0395817756652832,-0.13078074157238007,0.03968898952007294,0.13667048513889313,False
test,0.8853927850723267,0.005215118173509836,0.0034563911613076925,0.035828154534101486,0.03954089805483818,-0.11068618297576904,0.0024490952491760254,0.11071327328681946,False
train,0.8858095407485962,0.010825257748365402,0.003493756987154484,0.03581106662750244,0.039498429745435715,-0.08256297558546066,-0.032388053834438324,0.08868839591741562,False
train,0.886226236820221,0.02196989394724369,0.0035174351651221514,0.03580678626894951,0.039454471319913864,-0.04962395876646042,-0.06271393597126007,0.07997233420610428,False
train,0.8866430521011353,0.021385766565799713,0.003529596608132124,0.035816680639982224,0.03940882533788681,-0.015904035419225693,-0.08770237118005753,0.08913273364305496,False
train,0.8870598077774048,0.006353955715894699,0.0035324706695973873,0.035839926451444626,0.039361514151096344,0.014599546790122986,-0.10744020342826843,0.10842759907245636,False
test,0.8874765038490295,0.005202511325478554,0.003528136759996414,0.0358746275305748,0.039312366396188736,0.038748905062675476,-0.12258316576480865,0.12856170535087585,False
train,0.8878933191299438,0.005252939648926258,0.0035184016451239586,0.035917796194553375,0.0392613522708416,0.05477474257349968,-0.1338643878698349,0.1446373015642166,False
train,0.8883100748062134,0.0052193207666277885,0.003504697000607848,0.03596579283475876,0.03920827805995941,0.062493547797203064,-0.14167103171348572,0.15484225749969482,False
train,0.8887267708778381,0.0052193207666277885,0.003488610265776515,0.036015599966049194,0.03915314003825188,0.06340960413217545,-0.14564821124076843,0.1588526964187622,False
train,0.8891435265541077,0.0052193207666277885,0.003471896518021822,0.03606478497385979,0.03909569978713989,0.06043972074985504,-0.1446058750152588,0.15672849118709564,False
test,0.889560341835022,0.0052193207666277885,0.0034570840653032064,0.03611252084374428,0.03903605043888092,0.057323358952999115,-0.13655473291873932,0.14809848368167877,False
train,0.8899770975112915,0.005215118173509836,0.0034475296270102262,0.036159589886665344,0.038973890244960785,0.05750397965312004,-0.11928984522819519,0.13242648541927338,False
train,0.8903937935829163,0.005198309198021889,0.003447486786171794,0.036207739263772964,0.03890925273299217,0.06278198957443237,-0.09111244231462479,0.11064834147691727,False
train,0.8908105492591858,0.0052193207666277885,0.003461563028395176,0.03625897690653801,0.03884190693497658,0.07205009460449219,-0.051716096699237823,0.0886891782283783,False
train,0.8912273645401001,0.005244534928351641,0.0034942440688610077,0.0363142192363739,0.03877188637852669,0.08099184930324554,-0.002741992473602295,0.08103825151920319,False
test,0.8916440606117249,0.0052193207666277885,0.003548777662217617,0.03637196868658066,0.038698989897966385,0.08318975567817688,0.05223553627729416,0.09822976589202881,False
train,0.8920608162879944,0.0052193207666277885,0.0036267454270273447,0.03642818331718445,0.038623157888650894,0.0727405920624733,0.10869350284337997,0.1307878941297531,False
train,0.8924776315689087,0.0052193207666277885,0.0037278973031789064,0.036476802080869675,0.03854434937238693,0.04709428921341896,0.1625433713197708,0.16922830045223236,False
train,0.8928943276405334,0.005210916046053171,0.0038504619151353836,0.0365118533372879,0.038462430238723755,0.008649781346321106,0.21156930923461914,0.21174605190753937,False
train,0.893311083316803,0.005210916046053171,0.003992520738393068,0.036529310047626495,0.038377318531274796,-0.036050550639629364,0.2561739981174469,0.2586981952190399,False
test,0.8937277793884277,0.005210916046053171,0.004152641631662846,0.03652837872505188,0.03828902915120125,-0.07852944731712341,0.2989157736301422,0.3090590834617615,False
train,0.8941446542739868,0.005236130207777023,0.004330807365477085,0.0365113839507103,0.03819740563631058,-0.11114189028739929,0.34329065680503845,0.3608337640762329,False
train,0.8945613503456116,0.0052193207666277885,0.004528175573796034,0.03648373484611511,0.03810242563486099,-0.12889918684959412,0.3921290636062622,0.4127713739871979,False
train,0.8949781060218811,0.005215118173509836,0.004747018218040466,0.03645210713148117,0.03800413757562637,-0.1304561197757721,0.4465961158275604,0.46526002883911133,False
train,0.8953949213027954,0.005206713452935219,0.004989484790712595,0.03642278537154198,0.03790247067809105,-0.11786583065986633,0.5054664611816406,0.5190266966819763,False
test,0.8958116173744202,0.0052193207666277885,0.0052565960213541985,0.03640095889568329,0.03779734671115875,-0.0957719087600708,0.564891517162323,0.5729526281356812,False
train,0.8962283730506897,0.005202511325478554,0.005547474138438702,0.036389127373695374,0.03768886625766754,-0.07019251585006714,0.6183767914772034,0.6223478317260742,False
train,0.8966450691223145,0.0052193207666277885,0.005857759155333042,0.036387600004673004,0.03757704421877861,-0.047272223979234695,0.6569098234176636,0.6586084961891174,False
train,0.8970618844032288,0.0052193207666277885,0.0061791688203811646,0.036394067108631134,0.03746185451745987,-0.03232186287641525,0.6697314381599426,0.6705109477043152,False
train,0.8974786400794983,0.0052613443695008755,0.0064985500648617744,0.036404430866241455,0.03734338656067848,-0.029140980914235115,0.6465041637420654,0.6471605896949768,False
test,0.897895336151123,0.010913507081568241,0.006799396593123674,0.03641309589147568,0.03722166270017624,-0.03980869799852371,0.5803906321525574,0.5817542672157288,False
train,0.8983121514320374,0.021999310702085495,0.007063527125865221,0.03641439229249954,0.03709682077169418,-0.06463190913200378,0.4708343744277954,0.475249707698822,False
train,0.8987289071083069,0.021675730124115944,0.0072740716859698296,0.03640258312225342,0.03696887195110321,-0.10220174491405487,0.3252262771129608,0.34090662002563477,False
train,0.8991456627845764,0.021965691819787025,0.007418517488986254,0.036372821778059006,0.03683803975582123,-0.1494472175836563,0.1574399769306183,0.21707560122013092,False
train,0.8995623588562012,0.021633706986904144,0.007491441909223795,0.03632209077477455,0.03670428693294525,-0.20183920860290527,-0.015384413301944733,0.20242466032505035,False
test,0.8999791741371155,0.022007714956998825,0.007494108285754919,0.036249320954084396,0.03656788170337677,-0.2537803649902344,-0.1769775003194809,0.3093954026699066,False
train,0.900395929813385,0.021860633045434952,0.0074338363483548164,0.036156006157398224,0.036428939551115036,-0.29915374517440796,-0.3145955502986908,0.4341236352920532,False
train,0.9008126258850098,0.021881645545363426,0.007322633173316717,0.036046113818883896,0.03628764674067497,-0.33195966482162476,-0.4206104874610901,0.5358268022537231,False
train,0.9012294411659241,0.021873239427804947,0.007174213416874409,0.035926029086112976,0.03614409640431404,-0.3467545807361603,-0.4922664761543274,0.6021337509155273,False
train,0.9016461968421936,0.021574873477220535,0.007002828177064657,0.035804323852062225,0.03599858283996582,-0.3390547037124634,-0.5310900807380676,0.6300910711288452,False
test,0.9020628929138184,0.010035215876996517,0.006821038201451302,0.03569095581769943,0.035851217806339264,-0.3063090741634369,-0.5430229902267456,0.6234574913978577,False
train,0.9024796485900879,0.0,0.006637929938733578,0.035596102476119995,0.03570232167840004,-0.24971908330917358,-0.5393307209014893,0.5943377017974854,False
train,0.9028964638710022,0.0,0.006456724833697081,0.03552871569991112,0.035551995038986206,-0.17621949315071106,-0.5365581512451172,0.5647547841072083,False
train,0.903313159942627,0.0,0.006273394916206598,0.03549332544207573,0.03540066257119179,-0.09840147197246552,-0.5520544648170471,0.560755729675293,False
train,0.9037299156188965,0.0,0.006077902391552925,0.035488616675138474,0.03524836152791977,-0.030756831169128418,-0.5957404971122742,0.5965339541435242,False
test,0.904146671295166,0.0,0.005858748219907284,0.03550788015127182,0.03509548678994179,0.015281211584806442,-0.6641589403152466,0.6643347144126892,False
train,0.9045634865760803,0.0,0.005608230363577604,0.035540588200092316,0.03494224697351456,0.03376668691635132,-0.7438900470733643,0.7446560263633728,False
train,0.9049801826477051,0.0,0.005324941594153643,0.03557495400309563,0.034788984805345535,0.023268651217222214,-0.8198906183242798,0.8202207684516907,False
train,0.9053969383239746,0.0,0.005012939218431711,0.03559897840023041,0.03463589772582054,-0.014857396483421326,-0.8804965615272522,0.8806219100952148,False
train,0.9058137536048889,0.0,0.004680609796196222,0.035601988434791565,0.03448328375816345,-0.07684683799743652,-0.9162755012512207,0.9194923639297485,False
test,0.9062304496765137,0.0,0.004340146202594042,0.035575199872255325,0.03433148190379143,-0.15549278259277344,-0.9189758896827698,0.9320379495620728,False
train,0.9066472053527832,0.0,0.004006346222013235,0.035514023154973984,0.03418077155947685,-0.23994913697242737,-0.8840909004211426,0.9160743951797485,False
train,0.907063901424408,0.0,0.003694555489346385,0.03541852533817291,0.03403135761618614,-0.3172898590564728,-0.8148691654205322,0.8744624853134155,False
train,0.9074807167053223,0.0,0.003416686085984111,0.03529420122504234,0.03388362005352974,-0.37630096077919006,-0.7227001786231995,0.8147993087768555,False
train,0.9078974723815918,0.0,0.0031793001107871532,0.03515034541487694,0.03373783081769943,-0.41053611040115356,-0.6226747632026672,0.7458308935165405,False
test,0.9083141684532166,0.0,0.0029828534461557865,0.03499748557806015,0.0335942767560482,-0.4189869463443756,-0.5276725888252258,0.6737866401672363,False
train,0.9087310433387756,0.0,0.0028233283665031195,0.034845974296331406,0.03345322981476784,-0.4041205644607544,-0.44525375962257385,0.6013022065162659,False
train,0.9091477394104004,0.0,0.0026949315797537565,0.03470481187105179,0.03331504762172699,-0.3698000907897949,-0.3779487907886505,0.5287697315216064,False
train,0.9095644950866699,0.0,0.002591394353657961,0.034581203013658524,0.033179908990859985,-0.3199753165245056,-0.3247024714946747,0.45586830377578735,False
train,0.9099811911582947,0.0,0.0025075143203139305,0.034480929374694824,0.033048201352357864,-0.25812047719955444,-0.28255495429039,0.3827054798603058,False
test,0.910398006439209,0.0,0.002439513336867094,0.03440840169787407,0.03292006626725197,-0.18637889623641968,-0.24725428223609924,0.30963167548179626,False
train,0.9108147621154785,0.0,0.0023855892941355705,0.03436771780252457,0.03279583528637886,-0.10555321723222733,-0.21400077641010284,0.2386164516210556,False
train,0.9112314581871033,0.0,0.0023457601200789213,0.034362271428108215,0.032675888389348984,-0.017361164093017578,-0.17895722389221191,0.17979738116264343,False
train,0.9116482138633728,0.0,0.002321080304682255,0.03439381346106529,0.032560236752033234,0.07001502811908722,-0.14198967814445496,0.15831352770328522,False
train,0.9120650291442871,0.0,0.002311453688889742,0.034458599984645844,0.03244924172759056,0.13875895738601685,-0.1081281304359436,0.17591401934623718,False
test,0.9124817252159119,0.0,0.002314085140824318,0.03454464673995972,0.03234315291047096,0.16876289248466492,-0.08480628579854965,0.1888730227947235,False
train,0.9128984808921814,0.0,0.002323545515537262,0.03463321551680565,0.03224213421344757,0.15250621736049652,-0.0759522020816803,0.17037276923656464,False
train,0.9133152961730957,0.0,0.0023341539781540632,0.0347072072327137,0.032146405428647995,0.10177281498908997,-0.0788346529006958,0.12873463332653046,False
train,0.9137320518493652,0.0,0.0023423770908266306,0.03475673496723175,0.03205620497465134,0.039256203919649124,-0.0864316001534462,0.09492876380681992,False
train,0.91414874792099,0.0,0.0023476837668567896,0.03478134050965309,0.03197166323661804,-0.015451669692993164,-0.09234151244163513,0.09362536668777466,False
test,0.9145655035972595,0.0,0.0023514770437031984,0.03478643670678139,0.031892936676740646,-0.053651005029678345,-0.09353194385766983,0.10782697051763535,False
train,0.9149823188781738,0.0,0.002355808624997735,0.034778937697410583,0.031820185482501984,-0.07629214972257614,-0.08983200043439865,0.11785703152418137,False
train,0.9153990149497986,0.0,0.002362541388720274,0.034764356911182404,0.03175358846783638,-0.08835086226463318,-0.08211308717727661,0.12061689049005508,False
train,0.9158157706260681,0.0,0.0023731659166514874,0.0347461923956871,0.031693264842033386,-0.09395487606525421,-0.07098887115716934,0.11775796860456467,False
train,0.9162325859069824,0.0,0.002389082219451666,0.03472675010561943,0.03163923695683479,-0.09456299245357513,-0.05666031315922737,0.11023861169815063,False
test,0.9166492819786072,0.0,0.0024115813430398703,0.034708064049482346,0.03159168362617493,-0.08971937000751495,-0.03945217281579971,0.09801040589809418,False
train,0.9170660376548767,0.0,0.0024416381493210793,0.03469274565577507,0.03155060485005379,-0.07880255579948425,-0.02053794264793396,0.0814349427819252,False
train,0.9174827337265015,0.0,0.002479522256180644,0.03468303009867668,0.03151611611247063,-0.062122657895088196,-0.0020395293831825256,0.062156129628419876,False
train,0.9178995490074158,0.0,0.002524570096284151,0.0346812978386879,0.03148829564452171,-0.041140347719192505,0.013265371322631836,0.043226130306720734,False
train,0.9183163046836853,0.0,0.0025748538319021463,0.034688860177993774,0.031467046588659286,-0.017921339720487595,0.02266443520784378,0.028893789276480675,False
test,0.9187330603599548,0.0,0.0026274716947227716,0.034706179052591324,0.03145240992307663,0.005732204765081406,0.024478167295455933,0.02514038234949112,False
train,0.9191498756408691,0.0,0.0026792564895004034,0.034733355045318604,0.03144438564777374,0.028778381645679474,0.018657460808753967,0.03429717198014259,False
train,0.9195665717124939,0.0,0.0027273225132375956,0.034769877791404724,0.03144297003746033,0.05096214637160301,0.0069841742515563965,0.05143849924206734,False
train,0.9199833273887634,0.0,0.002769875805824995,0.03481549397110939,0.03144808113574982,0.07228849828243256,-0.0075469836592674255,0.07268138229846954,False
train,0.9204000234603882,0.0,0.0028063757345080376,0.03486967086791992,0.031459610909223557,0.09205178916454315,-0.0217011496424675,0.09457521885633469,False
test,0.9208168387413025,0.0,0.00283749308437109,0.0349314883351326,0.03147749602794647,0.10789959877729416,-0.033274367451667786,0.11291371285915375,False
train,0.921233594417572,0.0,0.00286459899507463,0.03499826788902283,0.03150162100791931,0.11533920466899872,-0.041724756360054016,0.12265434116125107,False
train,0.9216502904891968,0.0,0.0028886785730719566,0.03506544977426529,0.03153179585933685,0.10842949897050858,-0.048313841223716736,0.11870629340410233,False
train,0.9220671057701111,0.0,0.002910133684054017,0.035125844180583954,0.03156786039471626,0.08165726065635681,-0.05521310865879059,0.09857177734375,False
train,0.9224838614463806,0.0,0.0029283587355166674,0.03517043590545654,0.03160979971289635,0.032829273492097855,-0.06406544148921967,0.0719870999455452,False
test,0.9229005575180054,0.0,0.0029425439424812794,0.03519069403409958,0.0316571444272995,-0.03457481041550636,-0.07465550303459167,0.08227309584617615,False
train,0.9233173131942749,0.0,0.0029523083940148354,0.03518051654100418,0.03170982375741005,-0.11085820198059082,-0.08465880155563354,0.1394871026277542,False
train,0.9237341284751892,0.0,0.002958618337288499,0.0351390577852726,0.03176755830645561,-0.18212994933128357,-0.09077373892068863,0.20349739491939545,False
train,0.9241508841514587,0.0,0.002963496372103691,0.035071440041065216,0.0318300686776638,-0.23474733531475067,-0.09084247797727585,0.2517114579677582,False
train,0.9245675802230835,0.0,0.0029694950208067894,0.03498748689889908,0.03189702332019806,-0.2600262761116028,-0.0853109136223793,0.27366331219673157,False
test,0.924984335899353,0.0,0.002978397300466895,0.0348990224301815,0.03196820989251137,-0.25643080472946167,-0.07670527696609497,0.2676573693752289,False
train,0.9254011511802673,0.0,0.002990983659401536,0.034817423671483994,0.03204317018389702,-0.2279857099056244,-0.06771472841501236,0.2378292828798294,False
train,0.9258178472518921,0.0,0.003007033374160528,0.034751832485198975,0.03212156519293785,-0.181104838848114,-0.0595674142241478,0.19064950942993164,False
train,0.9262346029281616,0.0,0.003026242135092616,0.03470847010612488,0.03220304474234581,-0.12224544584751129,-0.051964469254016876,0.13283167779445648,False
train,0.9266514182090759,0.0,0.0030486213508993387,0.034691158682107925,0.03228721022605896,-0.05741795524954796,-0.0441209077835083,0.07241185009479523,False
test,0.9270681142807007,0.0,0.0030744108371436596,0.03470105305314064,0.03237356245517731,0.0074653662741184235,-0.03573598712682724,0.03650743141770363,False
train,0.9274848699569702,0.0,0.003103686263784766,0.03473706543445587,0.03246181458234787,0.06656374782323837,-0.02735205739736557,0.07196435332298279,False
train,0.927901566028595,0.0,0.0031363654416054487,0.03479558974504471,0.032551299780607224,0.11425647139549255,-0.020039357244968414,0.11600050330162048,False
train,0.928318440914154,0.0,0.0031717864330857992,0.034870848059654236,0.032641638070344925,0.14591193199157715,-0.014871582388877869,0.14666783809661865,False
train,0.9287351369857788,0.0,0.003208806039765477,0.034955382347106934,0.03273233026266098,0.1585656851530075,-0.01250060647726059,0.15905766189098358,False
test,0.9291518926620483,0.0,0.0032463434617966413,0.035041145980358124,0.032822784036397934,0.151574045419693,-0.013032525777816772,0.1521332859992981,False
train,0.9295687079429626,0.0,0.003283174941316247,0.03512023761868477,0.032912611961364746,0.12690788507461548,-0.016251884400844574,0.12794426083564758,False
train,0.9299854040145874,0.0,0.003318233648315072,0.03518616780638695,0.03300115838646889,0.08896663039922714,-0.021917909383773804,0.09162671864032745,False
train,0.9304021596908569,0.0,0.0033504648599773645,0.03523458540439606,0.033087924122810364,0.043849386274814606,-0.030049122869968414,0.05315748602151871,False
train,0.9308188557624817,0.0,0.0033788627479225397,0.03526398167014122,0.03317231684923172,-0.0016056261956691742,-0.04087066277861595,0.040902189910411835,False
test,0.931235671043396,0.0,0.0034020941238850355,0.035275526344776154,0.03325380012392998,-0.04087435454130173,-0.05456773564219475,0.06817881017923355,False
train,0.9316524267196655,0.0,0.003419129876419902,0.0352729968726635,0.033331774175167084,-0.06864026933908463,-0.07067647576332092,0.09852233529090881,False
train,0.9320691227912903,0.0,0.0034291346091777086,0.03526190668344498,0.03340572491288185,-0.0816727876663208,-0.08787284046411514,0.11996699124574661,False
train,0.9324858784675598,0.0,0.0034321050625294447,0.03524864837527275,0.03347504511475563,-0.07941463589668274,-0.10406209528446198,0.13090303540229797,False
train,0.9329026937484741,0.0,0.003428875235840678,0.03523921221494675,0.03353918343782425,-0.06393023580312729,-0.11691585928201675,0.13325311243534088,False
test,0.9333194494247437,0.0,0.003421375062316656,0.03523828834295273,0.03359753638505936,-0.039162300527095795,-0.12440435588359833,0.13042289018630981,False
train,0.9337361454963684,0.0,0.0034121221397072077,0.035248950123786926,0.033649642020463943,-0.009735874831676483,-0.12532658874988556,0.12570418417453766,False
train,0.9341529607772827,0.0,0.0034039360471069813,0.03527206927537918,0.03369494155049324,0.019978556782007217,-0.11939236521720886,0.12105238437652588,False
train,0.9345697164535522,0.0,0.0033995897974818945,0.035306915640830994,0.03373286500573158,0.04618367552757263,-0.10724877566099167,0.11676999181509018,False
train,0.934986412525177,0.0,0.003401446621865034,0.03535142168402672,0.033763010054826736,0.06583547592163086,-0.09013348817825317,0.11161700636148453,False
test,0.9354031682014465,0.0,0.003411233890801668,0.03540249541401863,0.03378482535481453,0.07664557546377182,-0.06955397129058838,0.10350023955106735,False
train,0.9358199834823608,0.0,0.0034301874693483114,0.035455986857414246,0.03379791975021362,0.07743299007415771,-0.046959277242422104,0.09055960178375244,False
train,0.9362366795539856,0.0,0.0034587380941957235,0.03550757095217705,0.0338018424808979,0.06847362220287323,-0.023639075458049774,0.07243923842906952,False
train,0.9366534352302551,0.0,0.0034970513079315424,0.03555385395884514,0.033796247094869614,0.05182807147502899,-0.0007230192422866821,0.05183311551809311,False
train,0.9370702505111694,0.0,0.0035446365363895893,0.035592224448919296,0.03378076106309891,0.03117026761174202,0.020475275814533234,0.03729373216629028,False
test,0.937487006187439,0.0,0.00360050518065691,0.03562197834253311,0.03375507891178131,0.01140657439827919,0.038444288074970245,0.040100786834955215,False
train,0.9379037022590637,0.0,0.003662919858470559,0.035644590854644775,0.03371895104646683,-0.002332739531993866,0.051304467022418976,0.05135747417807579,False
train,0.9383204579353333,0.0,0.0037292265333235264,0.035663507878780365,0.03367210552096367,-0.00568389892578125,0.05720915645360947,0.057490818202495575,False
train,0.9387372732162476,0.0,0.0037963446229696274,0.03568359464406967,0.03361443802714348,0.0039396099746227264,0.05500256270170212,0.05514347180724144,False
train,0.9391539692878723,0.0,0.003860846161842346,0.035710424184799194,0.03354574367403984,0.026358328759670258,0.04470416158437729,0.05189627781510353,False
test,0.9395707249641418,0.0,0.0039196740835905075,0.035748835653066635,0.033465996384620667,0.05823313444852829,0.02767745405435562,0.064475879073143,False
train,0.9399875402450562,0.0,0.003970341291278601,0.035801224410533905,0.033375125378370285,0.09320656955242157,0.006024152040481567,0.09340104460716248,False
train,0.9404042363166809,0.0,0.0040113958530128,0.03586745262145996,0.03327317535877228,0.12289223074913025,-0.018678873777389526,0.1243036612868309,False
train,0.9408209919929504,0.0,0.004041680600494146,0.03594338148832321,0.03316018357872963,0.13884393870830536,-0.046345558017492294,0.1463746875524521,False
train,0.9412376880645752,0.0,0.004059660714119673,0.036021988838911057,0.033036328852176666,0.13488072156906128,-0.07847906649112701,0.15605054795742035,False
test,0.9416545033454895,0.0,0.004063014406710863,0.03609425202012062,0.03290168195962906,0.10919658839702606,-0.11708037555217743,0.160099059343338,False
train,0.942071259021759,0.0,0.004048842936754227,0.03615187853574753,0.032756607979536057,0.06524817645549774,-0.163030743598938,0.17560282349586487,False
train,0.9424880146980286,0.0,0.004014248494058847,0.03618861734867096,0.032601237297058105,0.010778509080410004,-0.21497005224227905,0.21524009108543396,False
train,0.9429048299789429,0.0,0.00395748158916831,0.03620210662484169,0.03243595361709595,-0.044212862849235535,-0.2690493166446686,0.2726578712463379,False
train,0.9433215260505676,0.0,0.0038785741198807955,0.03619404137134552,0.03226114809513092,-0.08997926861047745,-0.3198361396789551,0.33225205540657043,False
test,0.9437382817268372,0.0,0.003780227852985263,0.03617033362388611,0.032077256590127945,-0.11913485825061798,-0.3621333837509155,0.3812265694141388,False
train,0.9441549777984619,0.0,0.003666600212454796,0.03613852337002754,0.03188469260931015,-0.1277051717042923,-0.3924000859260559,0.412657767534256,False
train,0.9445717930793762,0.0,0.0035431336145848036,0.03610745072364807,0.031683895736932755,-0.11532575637102127,-0.4094419479370117,0.4253736436367035,False
train,0.9449885487556458,0.0,0.0034151202999055386,0.03608531877398491,0.03147553279995918,-0.08484642207622528,-0.41436293721199036,0.42296046018600464,False
train,0.9454052448272705,0.0,0.003287231782451272,0.03607881814241409,0.03126015514135361,-0.041373830288648605,-0.4097379744052887,0.411821573972702,False
test,0.94582200050354,0.0,0.003162726992741227,0.03609195351600647,0.031038323417305946,0.009239044040441513,-0.3982622027397156,0.39836934208869934,False
train,0.9462388157844543,0.0,0.0030441859271377325,0.03612660616636276,0.03081064671278,0.0617184042930603,-0.3819338381290436,0.38688838481903076,False
train,0.9466555118560791,0.0,0.0029334034770727158,0.03618282824754715,0.03057793527841568,0.1124580055475235,-0.3614386022090912,0.3785296380519867,False
train,0.9470722675323486,0.0,0.0028321584686636925,0.03625939041376114,0.030340757220983505,0.1594873070716858,-0.33649712800979614,0.37237951159477234,False
train,0.9474890828132629,0.0,0.0027424253057688475,0.036354389041662216,0.03009977750480175,0.20099587738513947,-0.30668312311172485,0.36667951941490173,False
test,0.9479058384895325,0.0,0.002666227053850889,0.036464873701334,0.029855849221348763,0.23290231823921204,-0.2725825905799866,0.3585313856601715,False
train,0.9483225345611572,0.0,0.0026049152947962284,0.03658508509397507,0.02960970252752304,0.24715650081634521,-0.23680946230888367,0.3422938287258148,False
train,0.9487392902374268,0.0,0.0025582448579370975,0.036705825477838516,0.02936197631061077,0.23366716504096985,-0.20377172529697418,0.3100375235080719,False
train,0.9491561055183411,0.0,0.0025240806862711906,0.0368138886988163,0.029113521799445152,0.18640699982643127,-0.17821283638477325,0.2578902542591095,False
train,0.9495728015899658,0.0,0.0024985906202346087,0.03689561039209366,0.028865043073892593,0.10971228033304214,-0.16302068531513214,0.1965007185935974,False
test,0.9499895572662354,0.0,0.0024773492477834225,0.03694163262844086,0.028617361560463905,0.018591448664665222,-0.15782921016216278,0.15892042219638824,False
train,0.9504063725471497,0.0,0.0024567856453359127,0.03694995492696762,0.028371082618832588,-0.0674951821565628,-0.15924237668514252,0.17295587062835693,False
train,0.9508230686187744,0.0,0.0024350874591618776,0.036926403641700745,0.02812713198363781,-0.1324463188648224,-0.1624768078327179,0.20962046086788177,False
train,0.951239824295044,0.0,0.0024124071933329105,0.0368814542889595,0.02788614109158516,-0.16796356439590454,-0.1630883812904358,0.23411445319652557,False
train,0.9516565203666687,0.0,0.0023905106354504824,0.03682803735136986,0.02764892391860485,-0.17354203760623932,-0.15816858410835266,0.2348065972328186,False
test,0.9520733952522278,0.0,0.0023719463497400284,0.0367775484919548,0.027416009455919266,-0.15461616218090057,-0.14674265682697296,0.21316558122634888,False
train,0.9524900913238525,0.0,0.0023593041114509106,0.03673830255866051,0.027188388630747795,-0.12083545327186584,-0.12986506521701813,0.17738698422908783,False
train,0.9529068470001221,0.0,0.0023543471470475197,0.03671412914991379,0.026966532692313194,-0.08463241904973984,-0.11031138896942139,0.1390368640422821,False
train,0.9533235430717468,0.0,0.00235739559866488,0.03670297563076019,0.026751214638352394,-0.05945715308189392,-0.09206493198871613,0.10959518700838089,False
train,0.9537403583526611,0.0,0.0023670003283768892,0.036697909235954285,0.026543064042925835,-0.056820280849933624,-0.0793701633810997,0.09761233627796173,False
test,0.9541571140289307,0.0,0.002380161080509424,0.03668802231550217,0.026342716068029404,-0.08256550133228302,-0.07538540661334991,0.11180349439382553,False
train,0.9545738101005554,0.0,0.002392921131104231,0.03666161000728607,0.026150835677981377,-0.13450391590595245,-0.08111061155796051,0.15706761181354523,False
train,0.9549906253814697,0.0,0.002401447156444192,0.03660959750413895,0.025967968627810478,-0.20294609665870667,-0.09505270421504974,0.2241029590368271,False
train,0.9554073810577393,0.0,0.0024029104970395565,0.036528024822473526,0.025794729590415955,-0.27382373809814453,-0.11392930895090103,0.29657939076423645,False
train,0.955824077129364,0.0,0.002396028721705079,0.03641875833272934,0.025631703436374664,-0.3330328166484833,-0.13398827612400055,0.35897591710090637,False
test,0.9562408328056335,0.0,0.0023809242993593216,0.03628896549344063,0.025479422882199287,-0.3699924647808075,-0.15224292874336243,0.40009039640426636,False
train,0.9566576480865479,0.0,0.0023587343748658895,0.03614947199821472,0.02533840388059616,-0.37946611642837524,-0.16701127588748932,0.4145929515361786,False
train,0.9570744037628174,0.0,0.002331068739295006,0.03601164370775223,0.025209220126271248,-0.3616686761379242,-0.1777225136756897,0.40297582745552063,False
train,0.9574910998344421,0.0,0.002299634739756584,0.03588620573282242,0.025092344731092453,-0.3211776614189148,-0.18429464101791382,0.3702966570854187,False
train,0.9579079151153564,0.0,0.0022662461269646883,0.035781048238277435,0.024988239631056786,-0.2651865482330322,-0.18645226955413818,0.32417333126068115,False
test,0.958324670791626,0.0,0.0022328789345920086,0.03570094332098961,0.024897409602999687,-0.20177708566188812,-0.18327146768569946,0.2725847065448761,False
train,0.9587413668632507,0.0,0.0022022086195647717,0.03564752638339996,0.02482028864324093,-0.1381983757019043,-0.1729620397090912,0.22139254212379456,False
train,0.9591581225395203,0.0,0.0021777404472231865,0.03561968356370926,0.02475738152861595,-0.07900916785001755,-0.15264299511909485,0.17187882959842682,False
train,0.9595749378204346,0.0,0.0021645373199135065,0.035615481436252594,0.024709101766347885,-0.02426685392856598,-0.11799495667219162,0.12046447396278381,False
train,0.9599916338920593,0.0,0.002169770887121558,0.0356341153383255,0.024675846099853516,0.031852610409259796,-0.06306618452072144,0.07065360993146896,False
test,0.9604083895683289,0.0,0.0022032943088561296,0.03567801043391228,0.024658095091581345,0.09846514463424683,0.018431954085826874,0.10017545521259308,False
train,0.9608252048492432,0.0,0.0022766180336475372,0.03575221821665764,0.02465621940791607,0.1751508116722107,0.12637323141098022,0.21598148345947266,False
train,0.9612419009208679,0.0,0.002397255739197135,0.03585570678114891,0.024670686572790146,0.23116928339004517,0.23857654631137848,0.33220174908638,False
train,0.9616586565971375,0.0,0.0025559943169355392,0.035968273878097534,0.024701859802007675,0.20846624672412872,0.2961212694644928,0.36214083433151245,False
train,0.962075412273407,0.0,0.0027146015781909227,0.036048565059900284,0.024750137701630592,0.07724384218454361,0.2289583683013916,0.2416372150182724,False
test,0.9624922275543213,0.0,0.0028175467159599066,0.03605835139751434,0.024815937504172325,-0.11672145873308182,0.03896908462047577,0.12305481731891632,False
train,0.962908923625946,0.0,0.0028329098131507635,0.03598925098776817,0.02489965595304966,-0.28771042823791504,-0.16894030570983887,0.33364370465278625,False
train,0.9633256793022156,0.0,0.002777418587356806,0.035865068435668945,0.02500167116522789,-0.37569475173950195,-0.28993260860443115,0.4745602607727051,False
train,0.9637424945831299,0.0,0.002693766262382269,0.03572360426187515,0.025122392922639847,-0.3736589848995209,-0.30766376852989197,0.48402273654937744,False
train,0.9641591906547546,0.0,0.0026169188786298037,0.03559650480747223,0.02526218257844448,-0.31423741579055786,-0.2650439143180847,0.41108810901641846,False
test,0.9645759463310242,0.0,0.0025624586269259453,0.03549910709261894,0.025421449914574623,-0.23690280318260193,-0.20494729280471802,0.31325122714042664,False
train,0.9649926424026489,0.0,0.0025324185844510794,0.035433027893304825,0.025600504130125046,-0.1663442701101303,-0.14976805448532104,0.22383226454257965,False
train,0.9654094576835632,0.0,0.002522895811125636,0.035393454134464264,0.02579987794160843,-0.11042386293411255,-0.10656332224607468,0.1534573882818222,False
train,0.9658262133598328,0.0,0.0025286574382334948,0.0353744700551033,0.02601979859173298,-0.06778203696012497,-0.07613904029130936,0.10193899273872375,False
train,0.9662429094314575,0.0,0.002544528106227517,0.03537122905254364,0.026260679587721825,-0.034050051122903824,-0.057935431599617004,0.06720060110092163,False
test,0.966659665107727,0.0,0.0025654600467532873,0.035381026566028595,0.026522887870669365,-0.004971716552972794,-0.05163291096687317,0.05187172070145607,False
train,0.9670764803886414,0.0,0.0025866967625916004,0.035402797162532806,0.02680683694779873,0.023092634975910187,-0.05656316131353378,0.06109550595283508,False
train,0.9674932360649109,0.0,0.002603898523375392,0.035436756908893585,0.027112744748592377,0.05348765105009079,-0.0705396756529808,0.08852556347846985,False
train,0.9679099321365356,0.0,0.0026141712442040443,0.035484593361616135,0.02744092047214508,0.08951327204704285,-0.08886654675006866,0.12613441050052643,False
train,0.96832674741745,0.0,0.0026171505451202393,0.03554920479655266,0.027791814878582954,0.1334403157234192,-0.10493534058332443,0.1697579026222229,False
test,0.9687435030937195,0.0,0.0026150401681661606,0.03563370183110237,0.028165549039840698,0.1836428940296173,-0.11286276578903198,0.21555212140083313,False
train,0.9691601991653442,0.0,0.002611867617815733,0.0357392281293869,0.028562333434820175,0.23156005144119263,-0.11101801693439484,0.2567977011203766,False
train,0.9695769548416138,0.0,0.0026109537575393915,0.035862017422914505,0.028982551768422127,0.2623823285102844,-0.10366858541965485,0.2821199297904968,False
train,0.9699937701225281,0.0,0.0026130557525902987,0.03599175065755844,0.029426416382193565,0.26184502243995667,-0.0987951010465622,0.2798629701137543,False
train,0.9704104661941528,0.00047066339175216854,0.002615573350340128,0.0361136756837368,0.02989378571510315,0.22500485181808472,-0.10317502170801163,0.24753235280513763,False
test,0.9708272218704224,0.0007228044560179114,0.002614047843962908,0.03621409088373184,0.030385015532374382,0.15867388248443604,-0.11886291205883026,0.19825688004493713,False
train,0.9712440371513367,0.0011598489945754409,0.002604168839752674,0.03628319501876831,0.030900126323103905,0.07680553197860718,-0.14265987277030945,0.16202138364315033,False
train,0.9716607928276062,0.001714559504762292,0.0025838958099484444,0.03631800040602684,0.031439006328582764,-0.005039360374212265,-0.16798241436481476,0.16805799305438995,False
train,0.972077488899231,0.001756582991220057,0.0025540839415043592,0.03632136434316635,0.03200149163603783,-0.07235021144151688,-0.18729621171951294,0.20078451931476593,False
train,0.9724942445755005,0.0017397735500708222,0.00251867831684649,0.03630238026380539,0.03258756920695305,-0.11151584982872009,-0.19388723373413086,0.22366948425769806,False
test,0.9729110598564148,0.0017397735500708222,0.0024839993566274643,0.036275316029787064,0.0331970639526844,-0.11016762256622314,-0.18309810757637024,0.2136862725019455,False
train,0.9733277559280396,0.001756582991220057,0.002457767492160201,0.036259062588214874,0.03382938355207443,-0.060159604996442795,-0.1532556414604187,0.1646404266357422,False
train,0.9737445116043091,0.0027903614100068808,0.0024476798716932535,0.03627411648631096,0.03448433429002762,0.037355631589889526,-0.10625962913036346,0.11263459920883179,False
train,0.9741612076759338,0.0034795471001416445,0.0024599479511380196,0.03633786737918854,0.03516120836138725,0.16866594552993774,-0.047268345952034,0.17516420781612396,False
train,0.9745780229568481,0.004219160880893469,0.0024982120376080275,0.03645956888794899,0.035859689116477966,0.31037452816963196,0.016712255775928497,0.3108241558074951,False
test,0.9749947786331177,0.0046309917233884335,0.0025631701573729515,0.03663856163620949,0.03657874837517738,0.4380602240562439,0.07906975597143173,0.4451390504837036,False
train,0.9754114747047424,0.004664610140025616,0.002653268864378333,0.03686515614390373,0.03731734678149223,0.5356037020683289,0.13619139790534973,0.5526476502418518,False
train,0.9758283495903015,0.010648759081959724,0.002766555408015847,0.037125635892152786,0.03807516768574715,0.5991655588150024,0.18937990069389343,0.62838214635849,False
train,0.9762450456619263,0.023486943915486336,0.002902525244280696,0.03740681707859039,0.03885024040937424,0.6347837448120117,0.2453192174434662,0.6805379986763,False
train,0.9766618013381958,0.010728604160249233,0.003064686432480812,0.03769925236701965,0.039641644805669785,0.653408944606781,0.31587299704551697,0.7257540822029114,False
test,0.9770784974098206,0.01297686155885458,0.0032624127343297005,0.03799818456172943,0.040447916835546494,0.6659554243087769,0.4175608456134796,0.7860366702079773,False
train,0.9774953126907349,0.005992553662508726,0.0035129913594573736,0.038302913308143616,0.04126763716340065,0.6792701482772827,0.5720248818397522,0.8880429863929749,False
train,0.9779120683670044,0.005799245089292526,0.0038440097123384476,0.03861365467309952,0.042098794132471085,0.6923873424530029,0.8072003126144409,1.0634719133377075,False
train,0.9783287644386292,0.005841268692165613,0.004295999649912119,0.03892829269170761,0.04293959587812424,0.6933098435401917,1.1580843925476074,1.349754810333252,False
train,0.9787455797195435,0.005799245089292526,0.004925548564642668,0.03923747316002846,0.04378809034824371,0.6590986251831055,1.6632850170135498,1.7891137599945068,False
test,0.979162335395813,0.0057824356481432915,0.005802531726658344,0.039520811289548874,0.04464197903871536,0.5643071532249451,2.3457164764404297,2.4126391410827637,False
train,0.9795790314674377,0.008278632536530495,0.006995661184191704,0.039750389754772186,0.04549884796142578,0.4003702402114868,3.1644039154052734,3.189631462097168,False
train,0.9799957871437073,0.02057471312582493,0.008529349230229855,0.039901912212371826,0.04635624960064888,0.19543977081775665,3.9324729442596436,3.937326431274414,False
train,0.9804126024246216,0.018565990030765533,0.01030823215842247,0.03997006267309189,0.047211773693561554,0.01048821210861206,4.261094093322754,4.261106967926025,False
train,0.9808293581008911,0.02426437847316265,0.012047851458191872,0.03997626528143883,0.048062365502119064,-0.0972258448600769,3.679372787475586,3.680657148361206,False
test,0.9812460541725159,0.023970214650034904,0.013313714414834976,0.03995754197239876,0.04890526831150055,-0.11255748569965363,2.007094621658325,2.0102481842041016,False
train,0.9816628694534302,0.02442406862974167,0.013721849769353867,0.03994715213775635,0.04973772540688515,-0.0662296712398529,-0.3081071376800537,0.31514501571655273,False
train,0.9820796251296997,0.023970214650034904,0.013186085037887096,0.039960648864507675,0.05055629834532738,-0.00862935557961464,-2.3715286254882812,2.371544361114502,False
train,0.9824963212013245,0.02426437847316265,0.011971772648394108,0.03999365493655205,0.051358114928007126,0.02248518168926239,-3.50203013420105,3.5021023750305176,False
train,0.982913076877594,0.023978618904948235,0.010499655269086361,0.040032923221588135,0.052140042185783386,0.021724842488765717,-3.648571729660034,3.6486363410949707,False
test,0.9833298921585083,0.024213949218392372,0.009107455611228943,0.040069084614515305,0.052898798137903214,0.01054432988166809,-3.1986966133117676,3.198714017868042,False
train,0.9837465882301331,0.02389036864042282,0.007953612133860588,0.0401029959321022,0.05363112688064575,0.011554054915904999,-2.5629544258117676,2.5629804134368896,False
train,0.9841633439064026,0.02368445321917534,0.007059896364808083,0.040141478180885315,0.05433390662074089,0.030931971967220306,-1.975018858909607,1.9752610921859741,False
train,0.9845801591873169,0.02423916384577751,0.006386429537087679,0.040191102772951126,0.055004045367240906,0.06153576076030731,-1.5103256702423096,1.5115786790847778,False
train,0.9849968552589417,0.016027769073843956,0.005881141871213913,0.04025436192750931,0.05563830956816673,0.0941128134727478,-1.165432333946228,1.1692261695861816,False
test,0.9854136109352112,0.005215118173509836,0.005499680992215872,0.040330927819013596,0.056233782321214676,0.12384019792079926,-0.9120426177978516,0.9204119443893433,False
train,0.9858303070068359,0.0052193207666277885,0.005209797993302345,0.04041941463947296,0.056787654757499695,0.150641530752182,-0.7228376269340515,0.7383678555488586,False
train,0.986247181892395,0.0052193207666277885,0.004988969303667545,0.04051917418837547,0.057297393679618835,0.17696967720985413,-0.578587532043457,0.6050469279289246,False
train,0.9866638779640198,0.0052193207666277885,0.0048211985267698765,0.0406305305659771,0.057759884744882584,0.20550508797168732,-0.4679795503616333,0.511113703250885,False
train,0.9870806336402893,0.005210916046053171,0.004693809896707535,0.040754761546850204,0.05817333981394768,0.2380945086479187,-0.3852839171886444,0.452915757894516,False
test,0.9874973297119141,0.005210916046053171,0.004595742095261812,0.0408937893807888,0.05853526294231415,0.27537235617637634,-0.3279520869255066,0.4282318353652954,False
train,0.9879141449928284,0.005252939648926258,0.004516587592661381,0.04104936867952347,0.05884402617812157,0.31695556640625,-0.29498565196990967,0.4329865574836731,False
train,0.9883309006690979,0.005210916046053171,0.004446478560566902,0.04122317582368851,0.0590977668762207,0.3614131808280945,-0.2858142852783203,0.46077030897140503,False
train,0.9887475967407227,0.005210916046053171,0.00437559187412262,0.04141565039753914,0.059295255690813065,0.40601587295532227,-0.2994160056114197,0.5044787526130676,False
train,0.989164412021637,0.0052193207666277885,0.00429497379809618,0.04162624478340149,0.05943531543016434,0.44632774591445923,-0.33373385667800903,0.5573031306266785,False
test,0.9895811676979065,0.0052193207666277885,0.004196531604975462,0.0418517142534256,0.05951723828911781,0.4761584997177124,-0.38532811403274536,0.612539529800415,False
train,0.9899978637695312,0.0052193207666277885,0.004074173979461193,0.04208622872829437,0.05954055115580559,0.48847758769989014,-0.4492453932762146,0.6636503338813782,False
train,0.9904146194458008,0.005210916046053171,0.003923994489014149,0.042321208864450455,0.059505145996809006,0.47705158591270447,-0.5190451741218567,0.7049724459648132,False
train,0.9908314347267151,0.00527815381065011,0.0037450639065355062,0.0425458587706089,0.05941106379032135,0.4383530616760254,-0.5874649286270142,0.7329859733581543,False
train,0.9912481904029846,0.005210916046053171,0.0035395631566643715,0.04274857044219971,0.059258878231048584,0.3729739487171173,-0.6472116708755493,0.7469889521598816,False
test,0.9916648864746094,0.004063674248754978,0.003312403568997979,0.042919378727674484,0.05904947966337204,0.2861698865890503,-0.6918731927871704,0.7487200498580933,False
train,0.9920817017555237,0.00509745255112648,0.0030707872938364744,0.04305111989378929,0.05878380686044693,0.1878075748682022,-0.7164641618728638,0.740670382976532,False
train,0.9924984574317932,0.005210916046053171,0.0028240021783858538,0.04314171522855759,0.058463308960199356,0.0922679454088211,-0.7179507613182068,0.7238554358482361,False
train,0.992915153503418,0.0052193207666277885,0.002581633860245347,0.0431959442794323,0.05808977782726288,0.0169890895485878,-0.6960691213607788,0.6962764263153076,False
train,0.9933319091796875,0.005194106604903936,0.002352858427911997,0.04322578385472298,0.05766503885388374,-0.02159934863448143,-0.6542547941207886,0.6546112298965454,False
test,0.9937487244606018,0.0052193207666277885,0.002144508296623826,0.04324875399470329,0.057191152125597,-0.015006452798843384,-0.5993523001670837,0.599540114402771,False
train,0.9941654205322266,0.005252939648926258,0.0019604992121458054,0.04328307881951332,0.056670840829610825,0.03194761276245117,-0.5396391749382019,0.5405840277671814,False
train,0.9945821762084961,0.0052193207666277885,0.0018012482905760407,0.04334263876080513,0.056106485426425934,0.10446197539567947,-0.4814838767051697,0.4926855266094208,False
train,0.9949988722801208,0.0052193207666277885,0.0016654862556606531,0.04343473166227341,0.05550102889537811,0.18707498908042908,-0.42788171768188477,0.4669901430606842,False
train,0.9954157471656799,0.005210916046053171,0.0015511636156588793,0.0435614250600338,0.0548570491373539,0.27037715911865234,-0.37916216254234314,0.46569061279296875,False
test,0.9958324432373047,0.0052193207666277885,0.001456431346014142,0.04372178018093109,0.05417809262871742,0.34955549240112305,-0.33499476313591003,0.4841596186161041,False
train,0.9962491989135742,0.0052193207666277885,0.0013793949037790298,0.04391336441040039,0.05346702039241791,0.42019349336624146,-0.29539600014686584,0.5136354565620422,False
train,0.9966660141944885,0.0052193207666277885,0.0013180996757000685,0.04413127526640892,0.05272708833217621,0.47604647278785706,-0.26079055666923523,0.5428001284599304,False
train,0.9970827102661133,0.005236130207777023,0.0012704177061095834,0.04436781629920006,0.05196179822087288,0.5100881457328796,-0.23161092400550842,0.5602084994316101,False
train,0.9974994659423828,0.0052193207666277885,0.0012340415269136429,0.04461272805929184,0.05117405578494072,0.5167816281318665,-0.2079661786556244,0.5570576190948486,False
test,0.9979161620140076,0.0052193207666277885,0.0012067159404978156,0.04485391825437546,0.050367653369903564,0.4933755099773407,-0.18962599337100983,0.5285616517066956,False
train,0.9983329772949219,0.0052193207666277885,0.0011863203253597021,0.04507884383201599,0.04954518750309944,0.4404871165752411,-0.17602653801441193,0.47435665130615234,False
train,0.9987497329711914,0.005215118173509836,0.001171002397313714,0.045275792479515076,0.04871039092540741,0.3617636263370514,-0.16638854146003723,0.39819350838661194,False
train,0.9991664290428162,0.005215118173509836,0.0011592612136155367,0.045435357838869095,0.04786643013358116,0.26325613260269165,-0.1597825437784195,0.3079517185688019,False
train,0.9995832443237305,0.005210916046053171,0.0011499834945425391,0.04555054381489754,0.04701593890786171,0.152372807264328,-0.15524032711982727,0.21752478182315826,False
test,1.0,0.005244534928351641,0.001142443623393774,0.04561825469136238,0.04616229236125946,0.03721725195646286,-0.15184740722179413,0.1563418060541153,False
